page_number,is_bold,is_italic,is_underline,is_all_caps,word_count,norm_font_size,font,font_size,x0,y0,x1,y1,space_above,space_below,space_left,space_right,text
1,0,0,1,0,21,10,FormataOTF-Reg,6.973999977111816,36.17,64.39,403.14,71.37,64.39,711.56,36.17,172.86,"Received 22 April 2024, accepted 9 May 2024, date of publication 13 May 2024, date of current version 21 May 2024."
1,0,1,1,0,4,12,GiovanniStd-BookItalic,5.978000164031982,36.17,78.02,175.57,84.0,78.02,698.93,36.17,400.43,Digital Object Identifier 10.1109/ACCESS.2024.3400530
1,0,0,1,0,11,1,FormataOTFCond-Md,21.917999267578125,36.17,140.81,451.21,188.04,140.81,594.89,36.17,124.79,A Scheme for Distributed Vehicle Authentication and Revocation in Decentralized VANETs
1,0,0,1,1,2,3,FormataOTFMd,9.86299991607666,36.17,204.72,112.43,214.58,204.72,568.35,36.17,463.57,SUJASH NASKAR
1,0,0,1,0,6,14,FormataOTFMd,8.679499864578247,120.53,202.91,289.21,214.58,202.91,568.35,120.53,286.79,"1 , (Member, IEEE), CARLO BRUNETTA"
1,0,0,1,1,2,3,FormataOTFMd,9.86299991607666,36.17,217.77,123.9,227.64,217.77,555.29,36.17,452.1,GERHARD HANCKE
1,0,0,1,0,8,14,FormataOTFMd,8.679499864578247,132.0,215.97,298.12,227.64,215.97,555.29,132.0,277.88,"3 , (Fellow, IEEE), TINGTING ZHANG 1 ,"
1,0,0,1,1,3,3,FormataOTFMd,9.86299991607666,36.17,230.83,142.64,240.69,230.83,542.24,36.17,433.36,AND MIKAEL GIDLUND
1,0,0,1,0,5,14,FormataOTFMd,8.679499864578247,150.74,229.02,263.68,240.69,229.02,542.24,150.74,312.32,"1 , (Senior Member, IEEE)"
1,0,0,1,0,32,14,TimesLTStd-Roman,5.78600001335144,36.17,240.01,315.34,263.72,240.01,519.21,36.17,260.66,"1 Department of Computer and Electrical Engineering, Mid Sweden University, 852 30 Sundsvall, Sweden 2 Independent Researcher, 34143 Trieste, Italy 3 Department of Computer Science, City University of Hong Kong, Hong Kong"
1,0,0,1,0,25,6,TimesLTStd-Roman,7.671000003814697,36.17,268.36,462.6,290.9,268.36,492.03,36.17,113.4,Corresponding author: Sujash Naskar (sujash.naskar@miun.se) This work was funded by the research profile Next Generation Industrial IoT (NIIT) funded by the Swedish Knowledge Foundation (KKS).
1,1,0,1,1,1,2,FormataOTF-Bold,9.963000297546387,43.42,320.84,93.05,330.87,320.84,452.06,43.42,482.95,ABSTRACT
1,0,0,1,0,290,2,TimesLTStd-Roman,9.963000297546387,43.42,320.82,469.88,569.89,320.82,213.04,43.42,106.12,"Vehicular Ad-Hoc Networks (VANETs) offer enhanced road safety, efficient traffic management, and improved vehicle connectivity while dealing with privacy and security challenges in public communication. In these networks, authentication mechanisms are mandatory to establish trust among communicating entities, such as vehicle-to-vehicle (V2V) and vehicle-to-infrastructure (V2I), without losing identity and location-based privacy. The prevailing conventional authentication mechanisms frequently depend on a centralized trust authority (CA) to ensure the mutual verifiability of transmitted messages. Nevertheless, in scenarios where the density of vehicles within the network is notably high, an overwhelming influx of authentication requests may result in a communication bottleneck at the CA, leading to a single point of failure. This paper proposes a novel distributed authentication scheme in a decentralized VANET with multiple independent CAs connected to multiple local inspectors to eliminate a single point of failure. Furthermore, prior solutions lack the capability to immediately revoke a disputed vehicle that is transmitting malicious messages in the network. In this regard, the proposed scheme also facilitates an immediate revocation of a disputed sender to prevent other vehicles from further receiving malicious messages. As vehicles share time-sensitive data for driving assistance, our scheme minimizes the computation and communication costs for V2I key sharing and direct V2V authenticated message sharing significantly compared to previously proposed schemes. Using comparatively lightweight elliptic curve cryptography and eliminating the direct involvement of CAs in the authentication process, we have reduced the overall delays and achieved a maximum of 3 . 9 times faster V2I authenticated key sharing, and a maximum of 7 . 5 times faster V2V message sharing compared to state-of-the-art bilinear pairing-based protocols. A comprehensive efficiency analysis validates our scheme’s ability to outperform time-sensitive responses, such as sending and receiving an alert within nearly 4 milliseconds."
1,1,0,1,1,2,2,FormataOTF-Bold,9.963000297546387,43.42,590.08,111.17,600.11,590.08,182.82,43.42,464.83,INDEX TERMS
1,0,0,1,0,20,2,TimesLTStd-Roman,9.963000297546387,43.42,590.06,469.88,611.97,590.06,170.96,43.42,106.12,"Vehicular Ad-Hoc Networks (VANETs), single point of failure, privacy-preserving authentication, revocation, security attacks on VANET, Elliptic Curve Digital Signatures (ECDSA)."
1,1,0,1,1,2,4,FormataOTF-Bold,8.965999603271484,37.17,639.06,112.62,648.09,639.06,134.84,37.17,463.38,I. INTRODUCTION
1,0,0,1,0,29,2,TimesLTStd-Roman,9.963000297546387,36.17,650.24,277.38,696.07,650.24,86.86,36.17,298.62,"Vehicular Ad Hoc Networks (VANETs) represent a piv- otal technology at the intersection of transportation and communication systems, designed to enhance road safety, traffic management, and overall vehicular connectivity."
1,0,0,1,0,18,5,TimesLTStd-Roman,7.96999979019165,36.17,711.89,277.37,732.5,711.89,50.43,36.17,298.63,The associate editor coordinating the review of this manuscript and approving it for publication was Giovanni Pau .
1,0,0,1,0,58,2,TimesLTStd-Roman,9.963000297546387,297.08,638.29,538.29,732.11,638.29,50.82,297.08,37.71,"These networks enable vehicles to seamlessly communicate with each other (V2V) and with infrastructure elements (V2I) [1] by sharing critical information about real-time traffic conditions, road hazards, and emergency alerts. VANETs introduce many innovative applications, including enhanced navigation, entertainment services, and transport efficiency optimizations. However, both V2V and V2I communication uses a public channel [2] ; therefore, the"
1,0,0,1,0,22,12,FormataOTF-Reg,5.978000164031982,120.44,744.52,538.29,757.88,744.52,25.05,120.44,37.71,"2024 The Authors. This work is licensed under a Creative Commons Attribution-NonCommercial-NoDerivatives 4.0 License. For more information, see https://creativecommons.org/licenses/by-nc-nd/4.0/ VOLUME 12, 2024"
2,0,0,1,0,11,10,FormataOTF-Reg,6.973999977111816,36.17,26.0,278.67,32.98,26.0,749.95,36.17,297.33,S. Naskar et al.: Scheme for Distributed Vehicle Authentication and Revocation
2,1,0,1,0,6,10,FormataOTF-Bold,6.973999977111816,129.54,230.01,295.01,237.04,230.01,545.89,129.54,280.99,FIGURE 1. General centralized VANET architecture.
2,0,0,1,0,317,2,TimesLTStd-Roman,9.963000297546387,36.17,264.6,277.38,729.72,264.6,53.21,36.17,298.62,"shared sensitive information must be protected from potential privacy and security attacks in the communication channel. VANETs apply authentication mechanisms, that are pivotal in establishing trust among vehicles and infrastructure components [3] . These mechanisms verify the legitimacy of communicating participants, promising the information exchanged is reliable and untampered. Ensuring the confi- dentiality of sensitive data, prompt responses to time-critical events, and safeguarding against a spectrum of threats, including insider and outsider attacks on public channels [4] , present formidable hurdles in vehicular communication. The effectiveness of VANETs in enhancing road safety and traffic management hinges on the designed robust authentication protocols that can withstand these unique challenges posed by adversaries in public channels. In this context, the traditional centralized VANET archi- tecture [5] , as shown in Figure 1 , comprises three key entities: a central trusted Certification Authority (CA), Roadside Units (RSUs) operating in conjunction with cloud and fog nodes [6] , and vehicles equipped with tamper- protected On-Board Units (OBUs). These entities engage in wireless communication, typically governed by the CA, which assumes the role of a trusted entity responsible for all authentication verification and providing trust. Despite its merits, the conventional centralized authentica- tion models in VANETs suffer from a glaring vulnerability of potential communication bottleneck at the CA. With a high density of vehicles, a centralized authentication model in VANET with a single CA can get overloaded with authentication requests, which might lead to a single point of failure [6] , [7] . In the event of a CA failure, the entire VANET communication ecosystem can collapse, with the CA struggling to manage an overwhelming workload and consequential response delays [8] . The involvement of RSUs further exacerbates delays in Vehicle-to-Vehicle (V2V) or Vehicle-to-Infrastructure (V2I) communication [5] . To address this critical single-point failure issue, recent years have seen distributed solutions emerge, particularly those based on public key infrastructure (PKI) and blockchain"
2,0,0,1,0,297,2,TimesLTStd-Roman,9.963000297546387,297.08,264.6,538.29,729.37,264.6,53.56,297.08,37.71,"technologies [9] . These solutions distribute trust manage- ment across multiple entities within the communication hierarchy, moving away from sole dependence on a central authority. PKI-based approaches [10] incorporate semi- trusted multi-layer fog nodes or cloud computing devices, which collaborate with the CA to distribute session keys following vehicle identity verification [11] , [12] . However, these protocols often compromise vehicle location and identity-based privacy and incur significant delays. Devices rely on the root CA for real-time database updates, rendering them vulnerable to communication bottlenecks. Blockchain- based distributed VANET systems [13] , [14] maintain vehicle trustworthiness through mutual voting mechanisms and a comprehensive record-keeping system [15] that determines message acceptance or rejection in V2V communication. While effective, these schemes are highly time-consuming and demand substantial computational and storage resources. Moreover, they struggle to meet the stringent requirements of time-sensitive responses, particularly in emergency situa- tions. Furthermore, using the existing solutions, immediate revocation of malicious vehicles becomes very complex or simply not possible. Consequently, there is a pressing need to devise a truly decentralized VANET network that balances distributed robust authentication and revocation with low communication and computation costs. This gap in the existing literature emphasizes the necessity for innovation and improvement. Motivated by the imperative and challenging privacy and security needs, we present a novel solution for a decentralized VANET authentication ecosystem incorporating multiple CAs and local inspectors within the communication hierar- chy in this paper. The proposed distributed authentication scheme eliminates the communication bottleneck at CA and performs authenticated key sharing locally from any available inspector. Unlike centralized models, authentication requests from vehicles do not Apart from distributed authentication, the beauty of the proposed scheme relies on two key facts: first, the vehicle’s ability to respond quickly in time- critical situations, and second, an immediate revocation"
2,0,0,1,1,3,12,FormataOTF-Reg,5.978000164031982,36.17,746.92,85.23,752.89,746.92,30.03,36.17,490.77,"VOLUME 12, 2024"
3,0,0,1,0,11,10,FormataOTF-Reg,6.973999977111816,295.79,26.0,538.29,32.98,26.0,749.95,295.79,37.71,S. Naskar et al.: Scheme for Distributed Vehicle Authentication and Revocation
3,0,0,1,0,85,2,TimesLTStd-Roman,9.963000297546387,36.17,65.49,277.38,207.13,65.49,575.8,36.17,298.62,"technique allowing vehicles to report and identify malicious vehicles in a privacy-preserving manner. Our proposed scheme is built upon Public Key Infrastructure, allowing precise management of session-specific keys for all V2I communication and enabling direct message sharing between vehicles (V2V). Our design enhances user autonomy by offering the flexibility of selecting an initial CA (parent CA) during vehicle registration. Leveraging lightweight Elliptic Curve Cryptography (ECC) [16] and one-way hash functions, our scheme ensures direct privacy-preserving V2I and V2V verifiability with minimal communication and computation overhead."
3,0,0,1,1,2,4,FormataOTFMdIt,8.965999603271484,37.17,221.3,120.12,230.27,221.3,552.66,37.17,455.88,A. CONTRIBUTIONS
3,0,0,1,0,22,2,TimesLTStd-Roman,9.963000297546387,36.17,233.44,277.38,267.32,233.44,515.61,36.17,298.62,The proposed solution is an important step towards achieving these objectives in the context of VANET security with the following contributions :
3,1,0,1,0,13,2,TimesLTStd-Roman,9.963000297546387,46.13,268.58,277.38,290.64,268.58,492.29,46.13,298.62,1) Eliminating single point failure with decentralized CAs: Our approach introduces multiple independent
3,0,0,1,0,116,2,TimesLTStd-Roman,9.963000297546387,60.41,292.63,277.38,469.97,292.63,312.96,60.41,298.62,"CAs sharing sensitive but non-private data. This allows flexible registration and seamless movement of vehi- cles without compromising identity privacy. Compared to existing distributed VANETs, our scheme does not suffer from root-CA failure issues or real-time database updates for each verification. This decentralization makes our scheme truly distributed. In comparison with centralized VANETs, our scheme can achieve high scalability and reliability by eliminating a single point of failure when the number of vehicles is significantly high in the system. This is because each authentication request gets verified in a region-specific manner, and therefore, even if the number of vehicles significantly increases, the scheme distributes the requests to local inspectors and avoids network congestion at any CA."
3,1,0,1,0,8,2,TimesLTStd-Roman,9.963000297546387,46.13,471.82,277.38,481.92,471.82,301.0,46.13,298.62,2) Efficient V2I Authenticated Key Sharing: In our
3,0,0,1,0,83,2,TimesLTStd-Roman,9.963000297546387,60.41,483.92,277.38,601.48,483.92,181.45,60.41,298.62,"system, each CA is equipped with multiple Local Inspectors (LIs) that can directly verify vehicles (V2I) during an epoch similar to a session and share an epoch key locally with a computation cost of 3 . 45 ms only. Unlike existing PKI-based V2I key sharing, the proposed scheme operates key-sharing without the help of CA or any cloud or fog nodes, reducing overall third- party communication. LIs only contact the CA when there are updates to the system, disputes, or vehicle change regions."
3,1,0,1,0,12,2,TimesLTStd-Roman,9.963000297546387,46.13,603.33,277.39,625.39,603.33,157.54,46.13,298.61,3) Time-sensitive confidential and non-confidential V2V broadcasts: Our scheme provides both V2V
3,0,0,1,0,37,2,TimesLTStd-Roman,9.963000297546387,60.41,627.38,277.38,697.12,627.38,85.81,60.41,298.62,"non-confidential and confidential broadcasts, while the existing protocols only allow non-confidential V2V broadcasts. Confidential V2V broadcasts allow a vehicle to send messages that are only readable by the specified intended receiver vehicle with an execution cost of"
3,0,1,1,0,37,2,TimesLTStd-Roman,9.963000297546387,60.41,686.73,277.38,732.98,686.73,49.95,60.41,298.62,"4 . 69 ms . The proposed scheme enables vehicles to exchange non-confidential verifiable mes- sages directly with each other with an execution time of 3 . 08 ms , bypassing LIs, CAs, or any trust parties."
3,0,0,1,0,41,2,TimesLTStd-Roman,9.963000297546387,321.32,65.49,538.3,123.27,65.49,659.66,321.32,37.7,"In comparative studies, we have shown that state- of-the-art pairing-based PKI schemes have at most 7 . 5 times longer delay than our proposed scheme, making the proposed scheme at most 7 . 5 times faster in V2V authenticated message sharing."
3,0,0,1,0,186,2,TimesLTStd-Roman,9.963000297546387,297.08,125.26,538.29,410.11,125.26,372.82,297.08,37.71,"We design a swift, privacy-preserving revocation process for malicious vehicles based on dispute reports from legitimate ones. A local inspector conducts the first revocation immediately to stop vehicles from accepting messages from a malicious sender. Then, only the CA can reveal the malicious sender’s original identity if necessary. This is unique in our scheme as, so far, a fully functional revocation process to protect vehicles from receiving malicious messages immediately was missing in the literature. The remainder of this paper is structured as follows: Section II presents an in-depth literature review of state- of-the-art schemes with their advantages and limitations. Section III presents the system model, assumptions, and requirements to lay the groundwork for the proposed scheme presented in Section IV . A comprehensive analysis of privacy and security is presented in Section V by following the requirements specified in Section III . The scheme’s perfor- mance is evaluated in Section VI in terms of communication overhead and computation costs. We conduct a comparative study with state-of-the-art schemes and the proposed scheme in Section VII . Finally, Section VIII concludes the paper with discussions and insights."
3,1,0,1,1,3,4,FormataOTF-Bold,8.965999603271484,298.07,424.74,379.14,433.77,424.74,349.16,298.07,196.86,II. RELATED WORK
3,0,0,1,0,222,2,TimesLTStd-Roman,9.963000297546387,297.08,435.92,538.29,732.98,435.92,49.95,297.08,37.71,"Waheed et al. [19] analyzed a distributed task coordination system by using regional RSUs together with boundary relay vehicles, which voluntarily execute the task of other vehicles in its communication range to improve resource utilization and minimize the number of RSUs. A similar approach by Ali et al. [20] based on fog computing for geographically distributed VANET has shown how reducing excessive third-party use both in V2I and V2V communication can reduce overall authentication delays. A multi-fog-based authentication architecture proposed by Gu et al. [5] reduces the overall delay by adapting vehicle to fog verifiability. However, the protocol is centralized and suffers from a communication bottleneck at the CA, and the location-based privacy of the vehicles is not preserved. A decentralized two-phase authentication architecture [8] for VANET is proposed by Yang et al. based on authentication delegation to encounter the single-point failure issue. The first phase is a mutually verifiable token sharing between edge nodes and the vehicle. The second phase uses the token to verify the vehicle at any edge node. However, to share V2I authentication tokens, the protocol uses all the connected edge nodes to communicate; also, it uses bilinear pairing operations, which are computationally heavy. Wei et al. in [7] has addressed the delay-sensitive applications in VANET and the single point failure issues for a centralized authenticator and proposed"
3,0,0,1,1,3,12,FormataOTF-Reg,5.978000164031982,489.23,746.92,538.29,752.89,746.92,30.03,489.23,37.71,"VOLUME 12, 2024"
4,0,0,1,0,11,10,FormataOTF-Reg,6.973999977111816,36.17,26.0,278.67,32.98,26.0,749.95,36.17,297.33,S. Naskar et al.: Scheme for Distributed Vehicle Authentication and Revocation
4,1,0,1,0,15,10,FormataOTF-Bold,6.973999977111816,36.17,66.06,431.44,73.08,66.06,709.85,36.17,144.56,TABLE 1. Comparative studies presenting the scheme properties for state-of-the-art schemes and our proposed scheme.
4,0,0,1,0,389,2,TimesLTStd-Roman,9.963000297546387,36.17,180.66,277.39,728.95,180.66,53.98,36.17,298.61,"a multi-CA model for a fog-based VANET to solve it. They have also shown the inefficiency of using bi-linear cryptography for delay-sensitive applications and proposed an authenticated key agreement protocol using lightweight ECC solutions. However, the root CA is centralized in their solution, and all the system components must be registered to the central root CA, limiting the system’s distributive nature. A previously proposed bi-linear based solution by Zhang et al. in [10] with the concept of sub-TAs connected to a central root CA faces similar challenges. Also, each authenticated key agreement process involves the RSU, fog node, and a sub-CA twice (sending and receiving), significantly increasing the delay and reducing the system’s performance. The scheme proposed by Sikarwar and Himani [18] only allows direct authentication using pseudonym pooling. However, pairing-based cryptography makes the schemes heavy regarding computation delays. A PKI-based scheme by Cui et al. [17] also uses pseudonym pooling to achieve V2I key sharing with RSUS and direct V2V message sharing. But pseudonym pooling requires a huge storage, and revocation becomes very inefficient. A hybrid scheme using ECC-based crypto combined with blockchain is proposed by Li et al. [13] for distributed verifiable message transfer. However, using this scheme, every vehicle in the system must undergo a complex, repetitive registration process each time they change an RSU region. Also, after each message verification, the vehicle performs a time-consuming feedback procedure to evaluate blockchain-based trustworthiness. Inedjaren et al. [14] and Ghaleb et al. [21] proposed trust-based V2V message delivery system in a distributive manner. This trustworthiness is evalu- ated with a reputation mechanism achieved by maintaining a blockchain-based trust table in each vehicle [14] and intrusion detection system (IDS) [21] . Another trust evaluating decen- tralized authentication and session key distribution scheme proposed by Ma et al. [22] uses a blockchain-based list. These protocols are distributed by not using any trusted authority and allowing only vehicles to determine the trustworthiness. However, blockchain and IDS-based schemes are extremely time-consuming and require huge computational and storage requirements, making all these schemes inefficient for delay- sensitive V2V responses. Also, the message complexity for these protocols to manage a voting mechanism is very high O ( n 2 ). Table 1 shows a comprehensive review of related schemes; each scheme is evaluated based on its merits and shortcomings, considering specific attributes as properties."
4,0,0,1,0,35,2,TimesLTStd-Roman,9.963000297546387,297.08,180.66,538.29,238.44,180.66,544.49,297.08,37.71,"To maintain a fair comparison, we’ve limited our focus to protocols that employ distributed or partially distributed authentication methods using ECC or pairing-based cryp- tography. Consequently, we have excluded blockchain-based protocols from our efficiency analysis."
4,1,0,1,1,5,4,FormataOTF-Bold,8.965999603271484,298.07,253.19,474.4,262.22,253.19,520.71,298.07,101.6,III. SYSTEM MODEL AND PRELIMINARIES
4,0,0,1,0,68,2,TimesLTStd-Roman,9.963000297546387,297.08,264.37,538.29,358.02,264.37,424.91,297.08,37.71,"The proposed system architecture has three layers consisting of several entities with different communication roles. As shown in Figure 2 , each layer is connected with the entities at the level below. In this layered communication hierarchy, the entities at a lower level communicate with the immediate upper level following a designed subprotocol. Below, we first discuss the VANET components, their roles, and then the subprotocols they follow."
4,1,0,1,0,10,2,TimesLTStd-Bold,9.963000297546387,310.83,359.89,538.29,370.0,359.89,412.93,310.83,37.71,The Scheme Authority or the SA is a global stan-
4,0,0,1,0,23,2,TimesLTStd-Roman,9.963000297546387,316.8,372.16,538.29,406.04,372.16,376.89,316.8,37.71,dardization authority like the ICAO [23] responsible for publishing the public parameters used by the CA and the other components in the system.
4,1,0,1,0,8,2,TimesLTStd-Bold,9.963000297546387,310.83,407.89,538.3,417.99,407.89,364.94,310.83,37.7,"Certification Authorities , in our scheme, many inde-"
4,0,0,1,0,47,2,TimesLTStd-Roman,9.963000297546387,316.8,419.98,538.29,489.72,419.98,293.21,316.8,37.71,pendent CAs are associated with separate public key pairs. Each CA is responsible for initially registering vehicles and providing a temporary pseudoID. CAs are considered to be fully trusted authorities located region or country-specific. CAs can communicate with each other by only sharing sensitive but non-private data.
4,1,0,1,0,9,2,TimesLTStd-Bold,9.963000297546387,310.83,491.57,538.29,501.68,491.57,281.25,310.83,37.71,Local Inspectors or LIs are locally placed units respon-
4,0,0,1,0,44,2,TimesLTStd-Roman,9.963000297546387,316.8,503.67,538.29,573.41,503.67,209.52,316.8,37.71,"sible for V2I authenticated key sharing and providing traffic data to local vehicles. Each CA can have multiple independent LIs connected to it. LIs are considered semi-trusted entities as they are curious about specific privacy thefts. Also, LIs receive dispute reports and perform revocations."
4,1,0,1,0,6,2,TimesLTStd-Bold,9.963000297546387,310.83,575.26,538.29,585.36,575.26,197.57,310.83,37.71,Vehicles are equipped with tamper-protected hardware
4,0,0,1,0,37,2,TimesLTStd-Roman,9.963000297546387,316.8,587.36,538.29,645.14,587.36,137.79,316.8,37.71,"chips known as the onboard unit or OBU responsible for all security-related computations and communications. Vehicles communicate with each other and with infras- tructure by sharing authenticated messages. Vehicles are not trusted, and therefore, authentication is mandatory."
4,1,0,1,0,7,2,TimesLTStd-Bold,9.963000297546387,310.83,646.99,538.29,657.09,646.99,125.84,310.83,37.71,Communication Channel A V2V and V2I communi-
4,0,0,1,0,53,2,TimesLTStd-Roman,9.963000297546387,316.8,659.09,538.29,729.0,659.09,53.93,316.8,37.71,"cation follows the dedicated short-range communication or DSRC standards such as the IEEE 802.11p, IEEE 802.11px or C-V2X [24] , [25] , [26] , [27] etc. Note that we assume that each LI is connected to its corresponding CA and that the CAs are connected via an already established, authenticated, secure channel. This"
4,0,0,1,1,3,12,FormataOTF-Reg,5.978000164031982,36.17,746.92,85.23,752.89,746.92,30.03,36.17,490.77,"VOLUME 12, 2024"
5,0,0,1,0,11,10,FormataOTF-Reg,6.973999977111816,295.79,26.0,538.29,32.98,26.0,749.95,295.79,37.71,S. Naskar et al.: Scheme for Distributed Vehicle Authentication and Revocation
5,1,0,1,0,6,10,FormataOTF-Bold,6.973999977111816,67.54,290.32,237.96,297.35,290.32,485.58,67.54,338.04,FIGURE 2. Proposed distributed VANET architecture.
5,0,0,1,0,114,2,TimesLTStd-Roman,9.963000297546387,36.17,306.97,277.38,463.2,306.97,319.73,36.17,298.62,"assumption is practical considering that CAs and LIs are trusted or semi-trusted and must communicate via a long-range communication channel such as a satellite or a long-distance 5G/4G network. As presented in Figure 2 , each LI has a public wireless coverage area where every vehicle can communicate with the LI. The handover region is where a vehicle switches communication from one LI to another. Each LI belongs to only one CA, and LIs do not communicate with each other directly. Vehicles use the public wireless channel to communicate with local LI and each other for traffic assistance. The communication between any LI and its CA takes place using the assumed pre-established secure channel."
5,0,0,1,1,3,4,FormataOTFMdIt,8.965999603271484,37.17,480.76,115.64,489.73,480.76,293.2,37.17,460.36,A. THREAT MODEL
5,0,0,1,0,33,2,TimesLTStd-Roman,9.963000297546387,36.17,492.9,277.39,526.94,492.9,255.98,36.17,298.61,"The proposed system follows a similar security threat model as mentioned in [4] and [28] . At first, all the entities in our system are separated into one of the following two categories."
5,1,0,1,0,9,2,TimesLTStd-Bold,9.963000297546387,49.92,531.6,277.38,541.7,531.6,241.23,49.92,298.62,Trusted Entities: All the CAs and the scheme authority
5,0,0,1,0,26,2,TimesLTStd-Roman,9.963000297546387,55.9,543.69,277.38,577.57,543.69,205.36,55.9,298.62,"are assumed to be trusted entities. They do not pose any threat to the system and are secured against all possible attacks [7] , [10] ."
5,1,0,1,0,9,2,TimesLTStd-Bold,9.963000297546387,49.92,579.42,277.39,589.52,579.42,193.41,49.92,298.61,Semi-Trusted Entities: An LI in the system is assumed
5,0,0,1,0,106,2,TimesLTStd-Roman,9.963000297546387,55.9,591.51,277.39,732.98,591.51,49.95,55.9,298.61,"to be honest by not sharing secret information with any unauthorized entity or adversary. However, LIs might be curious to know the original identity of vehicles and their traffic paths, therefore threatening the privacy of vehicles. LIs in our system can also be called semi-trusted entities like RSUs, as mentioned in [12] . The OBU chip containing security-related secret information in a vehicle is assumed to keep data private. It is placed in a tamper-protected area of a vehicle to protect against physical attacks [23] . Even though a vehicle does not share its own secret information with others, it might be curious about traceability and"
5,0,0,1,0,72,2,TimesLTStd-Roman,9.963000297546387,297.08,306.97,538.29,399.78,306.97,383.15,297.08,37.71,"identity-based privacy theft of other vehicles. It might also send false traffic information to create traffic hazards; therefore, vehicles are semi-trusted entities. Moreover, any other entity that is not registered and external to the system is referred to as an unauthorized entity. Based on curious, semi-trusted, and unauthorized entities to the system, we now categorize the potential threat into internal and external adversaries as also mentioned in [4] by Zhang et al."
5,1,0,1,0,8,2,TimesLTStd-Bold,9.963000297546387,310.83,400.78,538.3,410.89,400.78,372.04,310.83,37.7,Internal Adversaries: These entities are part of the
5,0,0,1,0,55,2,TimesLTStd-Roman,9.963000297546387,316.81,412.88,538.29,494.57,412.88,288.35,316.81,37.71,"designed VANET model; any dishonest vehicle and curious LI is an internal adversary to our system. They might be curious about privacy thefts such as the original identities, owner details, traffic routes, etc. Also, a malicious, dishonest vehicle can perform several security attacks, such as replay attacks, nonrepudiation, framing and sybil attacks in public communication."
5,1,0,1,0,6,2,TimesLTStd-Bold,9.963000297546387,310.83,496.42,538.29,506.53,496.42,276.4,310.83,37.71,External Adversaries: Any unauthorized entity can
5,0,0,1,0,122,2,TimesLTStd-Roman,9.963000297546387,297.08,508.52,538.29,685.01,508.52,97.92,297.08,37.71,"threaten user privacy and try to perform both passive and active security attacks. These unauthorized entities are external adversaries to our system. In passive attacks, an external adversary monitors the public channel for any valuable information. In contrast, in active attacks, the adversary fabricates the messages and tries to enforce itself as a legal entity in the system. We consider both internal and external adversaries to act as Dolev-Yao adversaries [29] with complete knowledge of the network structure, subprotocols, and huge computation capabilities. The adversaries can intercept and read all messages exchanged among vehicles and between vehicles to LIs. Following the Dolev-Yao model, an adversary can try to modify or inject messages into communication and impersonate a legitimate vehicle or an LI."
5,0,0,1,1,5,4,FormataOTFMdIt,8.965999603271484,298.08,698.93,482.67,707.89,698.93,75.04,298.08,93.33,B. PRIVACY AND SECURITY REQUIREMENTS
5,0,0,1,0,21,2,TimesLTStd-Roman,9.963000297546387,297.08,711.07,538.29,732.98,711.07,49.95,297.08,37.71,"Our scheme’s privacy and security requirements follow similar requirements as specified in [12] , [14] , [17] , and [28] ."
5,0,0,1,1,3,12,FormataOTF-Reg,5.978000164031982,489.23,746.92,538.29,752.89,746.92,30.03,489.23,37.71,"VOLUME 12, 2024"
6,0,0,1,0,11,10,FormataOTF-Reg,6.973999977111816,36.17,26.0,278.67,32.98,26.0,749.95,36.17,297.33,S. Naskar et al.: Scheme for Distributed Vehicle Authentication and Revocation
6,0,0,1,0,15,2,TimesLTStd-Roman,9.963000297546387,36.17,65.49,277.38,87.4,65.49,695.53,36.17,298.62,These requirements are generally adapted in almost every VANET communication as the basic security requirements.
6,1,0,1,0,8,2,TimesLTStd-Bold,9.963000297546387,49.92,88.86,277.39,98.97,88.86,683.96,49.92,298.61,"No privacy leakage: Ensuring that the original identity,"
6,0,0,1,0,20,2,TimesLTStd-Roman,9.963000297546387,55.9,100.96,277.38,134.84,100.96,648.09,55.9,298.62,"traffic routes, and active and inactive timings of a vehicle are always private and secret from any adversary in communication."
6,1,0,1,0,5,2,TimesLTStd-Bold,9.963000297546387,49.92,136.69,277.39,146.79,136.69,636.14,49.92,298.61,Unlinkability: Unlinkability of V2I authentication
6,0,0,1,0,55,2,TimesLTStd-Roman,9.963000297546387,55.9,148.78,277.38,230.48,148.78,552.45,55.9,298.62,"messages from any particular vehicle in two different instances protects the vehicle route from being traced in the network. However, during V2V broadcasts, messages by the exact vehicle should be linked by the receiver vehicles only for a short period, also known as an epoch, which is allowed for driving assistance and other traffic purposes."
6,1,0,1,0,5,2,TimesLTStd-Bold,9.963000297546387,49.92,232.33,277.38,242.43,232.33,540.5,49.92,298.62,Message Confidentiality and integrity: Confidential
6,0,0,1,0,30,2,TimesLTStd-Roman,9.963000297546387,55.9,244.42,277.38,290.25,244.42,492.68,55.9,298.62,"messages containing sensitive data must not be known by anyone except the intended participants. Also, whenever a message is received, its integrity must be checked before the receiver accepts it."
6,1,0,1,0,6,2,TimesLTStd-Bold,9.963000297546387,49.92,292.1,277.38,302.21,292.1,480.72,49.92,298.62,"Mutual verifiability: Any two communicating entities,"
6,0,0,1,0,55,2,TimesLTStd-Roman,9.963000297546387,55.9,304.2,277.38,373.94,304.2,408.99,55.9,298.62,"such as vehicles and local inspectors, must check each other’s legal validity. Only a registered vehicle can be verified by the local inspector or by another vehicle during V2I or V2V data sharing. A malicious vehicle should never be able to pass a verification or forge itself as a verified vehicle to send messages successfully."
6,1,0,1,0,9,2,TimesLTStd-Bold,9.963000297546387,49.92,375.79,277.38,385.89,375.79,397.04,49.92,298.62,"Accountability: If a dispute is reported, the LI can"
6,0,0,1,0,17,2,TimesLTStd-Roman,9.963000297546387,55.9,387.89,277.38,409.8,387.89,373.12,55.9,298.62,revoke the misbehaving vehicle from the system by immediately putting it into the list of malicious vehicles.
6,1,0,1,0,5,2,TimesLTStd-Bold,9.963000297546387,49.92,411.65,277.39,421.76,411.65,361.17,49.92,298.61,Resistance against MITM: The Man-in-the-middle
6,0,0,1,0,19,2,TimesLTStd-Roman,9.963000297546387,55.9,423.75,277.38,457.62,423.75,325.3,55.9,298.62,attack (MITM) by an adversary listening to the com- munication should not succeed in acquiring secret or confidential data.
6,1,0,1,0,7,2,TimesLTStd-Bold,9.963000297546387,49.92,459.47,277.38,469.58,459.47,313.35,49.92,298.62,No replay attack: Authentication credentials from one
6,0,0,1,0,17,2,TimesLTStd-Roman,9.963000297546387,55.9,471.57,277.38,493.49,471.57,289.44,55.9,298.62,vehicle can not be replayed by itself or any adversary to get verified at any other time.
6,1,0,1,0,6,2,TimesLTStd-Bold,9.963000297546387,49.92,495.34,277.39,505.45,495.34,277.48,49.92,298.61,Impersonation/Framing free: An adversary should not
6,0,0,1,0,30,2,TimesLTStd-Roman,9.963000297546387,55.9,507.44,277.38,541.31,507.44,241.62,55.9,298.62,"be able to impersonate a legal entity such as a registered vehicle or LI. Also, a sender’s signature or identity can not be framed to send messages to a receiver."
6,1,0,1,0,8,2,TimesLTStd-Bold,9.963000297546387,49.92,543.16,277.39,553.27,543.16,229.66,49.92,298.61,Nonrepudiation: The sender and receiver of a message
6,0,0,1,0,16,2,TimesLTStd-Roman,9.963000297546387,55.9,555.26,277.38,577.18,555.26,205.75,55.9,298.62,in V2V direct communication can not deny sending and receiving messages in case of a dispute.
6,1,0,1,0,9,2,TimesLTStd-Bold,9.963000297546387,49.92,579.03,277.39,589.13,579.03,193.8,49.92,298.61,Sybil free: Making sure that each vehicle is registered
6,0,0,1,0,13,2,TimesLTStd-Roman,9.963000297546387,55.9,591.12,277.38,613.04,591.12,169.89,55.9,298.62,only once and they can not present multiple instances to confuse the system.
6,1,0,1,0,9,2,TimesLTStd-Bold,9.963000297546387,49.92,614.89,277.38,625.0,614.89,157.93,49.92,298.62,Reducing Denial of Service (DoS) attack: If the net-
6,0,0,1,0,27,2,TimesLTStd-Roman,9.963000297546387,55.9,626.99,277.38,672.82,626.99,110.11,55.9,298.62,"work is flooded with malicious authentication requests, the designed protocol should be able to detect malicious requests quickly to become available to legitimate vehicles at all times."
6,0,0,1,1,3,4,FormataOTFMdIt,8.965999603271484,37.17,686.8,133.18,695.77,686.8,87.16,37.17,442.82,C. SCHEME OVERVIEW
6,0,0,1,0,20,2,TimesLTStd-Roman,9.963000297546387,36.17,698.94,277.38,732.81,698.94,50.12,36.17,298.62,"Considering the CAs as the top level in the hierarchy, the proposed three-layered VANET system performs the following subprotocols :"
6,1,0,1,0,9,2,TimesLTStd-Roman,9.963000297546387,307.04,65.34,538.3,75.45,65.34,707.48,307.04,37.7,1) Initialization: Once SA has fixed the public secu-
6,0,0,1,0,15,2,TimesLTStd-Roman,9.963000297546387,321.32,77.44,538.29,99.36,77.44,683.57,321.32,37.71,"rity parameters, the CAs perform the initialization subprotocol to generate and publish their public keys."
6,1,0,1,0,9,2,TimesLTStd-Roman,9.963000297546387,307.04,101.21,538.29,111.31,101.21,671.61,307.04,37.71,2) Registration: Each vehicle’s OBU needs to be regis-
6,0,0,1,0,68,2,TimesLTStd-Roman,9.963000297546387,321.32,113.31,538.29,206.96,113.31,575.97,321.32,37.71,"tered by the CA before becoming a legitimate vehicle in the network. The driver’s personal information and vehicle data are shared secretly with the CA using a secure channel in offline mode during this phase. The CA then generates a unique license for the vehicle and injects it with a temporary pseudoID into the vehicle OBU securely. Also, the local inspectors are initially registered with a corresponding CA."
6,1,0,1,0,9,2,TimesLTStd-Roman,9.963000297546387,307.04,208.81,538.29,218.91,208.81,564.02,307.04,37.71,"3) V2I authenticated key sharing: In this phase, each"
6,0,0,1,0,33,2,TimesLTStd-Roman,9.963000297546387,321.32,220.9,538.29,266.73,220.9,516.2,321.32,37.71,vehicle in a particular region is verified by the LI and receives a secret symmetric key. This subprotocol is periodically performed to provide real-time traffic data and other information to legitimate active vehicles.
6,1,0,1,0,7,2,TimesLTStd-Roman,9.963000297546387,307.04,268.58,538.29,278.69,268.58,504.24,307.04,37.71,4) V2V direct communication: This subprotocol allows
6,0,0,1,0,33,2,TimesLTStd-Roman,9.963000297546387,321.32,280.68,538.29,338.46,280.68,444.47,321.32,37.71,"verified vehicles to broadcast authenticated messages directly to their surrounding vehicles. A receiver vehicle can then verify the message’s authenticity locally. This communication typically includes sending emergency alerts, proximity alerts, or driving guidance."
6,1,0,1,0,8,2,TimesLTStd-Roman,9.963000297546387,307.04,340.31,538.29,350.42,340.31,432.51,307.04,37.71,5) Revocation: This subprotocol is designed to handle
6,0,0,1,0,39,2,TimesLTStd-Roman,9.963000297546387,321.32,352.41,538.29,410.19,352.41,372.74,321.32,37.71,"dispute reports. A vehicle can send a report about a misbehaving vehicle to the LI, which then can identify and revoke the misbehaving vehicle from the system. Only the CA can reveal the misbehaving vehicle’s original identity if necessary."
6,1,0,1,0,10,2,TimesLTStd-Roman,9.963000297546387,307.04,412.04,538.29,422.15,412.04,360.78,307.04,37.71,6) Handover: When a vehicle changes from one LI to
6,0,0,1,0,34,2,TimesLTStd-Roman,9.963000297546387,321.32,424.14,538.29,469.97,424.14,312.96,321.32,37.71,"another, a handover protocol is performed between the vehicle and the new LI in a privacy-preserving manner that allows the vehicle to change to the new LI without being traced by the previous LI(s)."
6,0,0,1,1,5,4,FormataOTFMdIt,8.965999603271484,298.08,483.73,414.64,492.7,483.73,290.23,298.08,161.36,D. EPOCH AND EPOCH KEY
6,0,0,1,0,72,2,TimesLTStd-Roman,9.963000297546387,297.08,495.87,538.29,577.57,495.87,205.36,297.08,37.71,"An epoch, , is a time frame similar to a session with a specified starting and ending time decided by the LIs. At the beginning of any epoch or during an epoch, vehicles in the network perform an authenticated V2I key sharing with the local verifier and receive a unique key valid only for that epoch. The local verifier decides the period of every epoch; however, the actual threshold is beyond our"
6,0,0,1,0,20,14,TimesLTStd-Roman,9.166000207265219,297.08,579.56,538.29,602.97,579.56,179.96,297.08,37.71,"consideration in this paper. Once an epoch 1 ends, a new epoch 2 starts with new authentication and pseudonyms for"
6,0,0,1,0,104,2,TimesLTStd-Roman,9.963000297546387,297.08,603.47,538.29,732.98,603.47,49.95,297.08,37.71,"every active vehicle in the system. With V2I authentication, each verified vehicle in the region of an LI gets a unique secret symmetric key called the epoch key ( ek ). The epoch key is used to perform AES (Advanced Encryption Standards) encryption and decryption on broadcast messages by the inspector or the vehicles. Once an epoch ends and a new one starts, the local inspector distributes a new epoch key with a V2I verification process to its region. Each epoch key is unique and unlikable for every session to guarantee both forward and backward security. An AES encryption is presented with the notation"
6,0,0,1,1,3,12,FormataOTF-Reg,5.978000164031982,36.17,746.92,85.23,752.9,746.92,30.03,36.17,490.77,"VOLUME 12, 2024"
7,0,0,1,0,11,10,FormataOTF-Reg,6.973999977111816,295.79,26.0,538.29,32.98,26.0,749.95,295.79,37.71,S. Naskar et al.: Scheme for Distributed Vehicle Authentication and Revocation
7,0,1,1,0,15,2,NimbusSanL-Regu,9.963000297546387,36.17,64.25,257.94,75.45,64.25,707.48,36.17,318.06,"ct = Enc ( k , m ) , and decryption is presented as m"
7,0,0,1,0,20,2,MTSYN,9.963000297546387,36.17,64.25,277.38,99.36,64.25,683.57,36.17,298.62,"= Dec ( k , ct ) where k , m , ct are a key, plaintext and cyphertext respectively."
7,0,0,1,1,7,4,FormataOTFMdIt,8.965999603271484,36.17,113.83,255.79,134.75,113.83,648.18,36.17,320.21,E. ELLIPTIC CURVE DIGITAL SIGNATURE ALGORITHM (ECDSA)
7,0,1,1,0,373,14,TimesLTStd-Roman,9.564500252405802,36.17,135.5,277.39,494.17,135.5,288.76,36.17,298.61,"For a prime field F p , where p is a large prime, an elliptic curve E is defined by the equation E p ( a , b ) : y 2 = x 3 + ax + b mod p with a , b F p . For a given point P E , and any integer x , a scalar multiplication in ECC is given by x P = P + P + . . . + P ( x -times). Any point P with the smallest order q in ECC is called a base point if it can generate all the points in the curve, i.e., for q is the smallest positive integer for which qP = O , where O is the order of the elliptic curve. The security of ECC comes from the following properties : Elliptic curve discrete logarithm problem or ECDLP which states that for a given P and Q = x . P , it is computationally infeasible to find x F p in polynomial time [16] . Elliptic curve computational Defile-Hellman problem or ECCDHP states that given P , Q = x . P , R = yP , it is infeasible to compute xyP in a polynomial time. Using the elliptic curve cryptographic principles, the ECDSA uses a public key pair ( sk , pk = sk . P ) to sign and verify signatures on messages [30] . A sender uses the secret key sk to sign the hashed value of a message m to generate the signature , an elliptic curve point. Then, the signature can be verified using the public key pk at the receiver side. The signature and verification process used in our protocol to sign and verify messages follows the below notations: ECDSA signature Process: Sign ( sk , h ( m ) ) , i.e. sign the hashed message h ( m ) with secret key sk to generate signature . ECDSA verification Process: Ver ( pk , h ( m ) , σ) ( T / F ), i.e. verify if the signature on hashed message h ( m ) is valid ( T ) or invalid ( F ) using the public key pk ."
7,1,0,1,1,3,4,FormataOTF-Bold,8.965999603271484,37.17,508.6,138.39,517.63,508.6,265.3,37.17,437.61,IV. PROPOSED SCHEME
7,0,0,1,0,158,2,TimesLTStd-Roman,9.963000297546387,36.17,519.78,277.38,732.98,519.78,49.95,36.17,298.62,"The proposed scheme is designed to achieve a mutual epoch- based V2I verification with key sharing, and V2V direct authenticated message sharing, suitable for the developed system and threat models mentioned above. The local inspector can authenticate a verification tuple sent by a vehicle during an epoch, and vehicles can use their public key to prove and communicate with other vehicles directly. A misbehaving vehicle can be reported to the inspector, who can then revoke it from the system without revealing its original identity. When a vehicle moves from one inspector region to another, a simple privacy-preserved handover protocol is performed for a smooth flow of the vehicle. The communication flow in all the protocol phases involving communicating parties and message transfer is denoted in Figure 3 . All the notations used in the proposed scheme are presented with descriptions in Table 2 . The detailed descriptions of the sub-protocols that construct our proposed model are presented below."
7,1,0,1,0,10,10,FormataOTF-Bold,6.973999977111816,297.08,436.45,513.97,443.47,436.45,339.46,297.08,62.03,FIGURE 3. Protocols phases denoting the parties involved and the
7,0,0,1,1,2,4,FormataOTFMdIt,8.965999603271484,298.08,481.29,374.89,490.26,481.29,292.67,298.08,201.11,A. INITIALIZATION
7,0,0,1,0,143,2,TimesLTStd-Roman,9.963000297546387,297.08,493.43,538.29,637.04,493.43,145.89,297.08,37.71,"At the very beginning, the scheme authority has to set all global security parameters and the elliptic curve E p ( a , b ) over the finite field F p with a base point P of order q in E p . Also, the SA decides three collision-free hash functions as below : 1) An elliptic curve point to string hash function H : E p ( a , b ) →{ 0 , 1 } l where l is the fixed size length of the hashed value. 2) A hash function to generate k bit fixed-length strings from random length message string as H 1 : { 0 , 1 } { 0 , 1 } k . 3) Finally, a hash function to generate field element from random length strings as H 2 : { 0 , 1 } Z"
7,0,0,1,0,20,2,TimesLTStd-Roman,9.963000297546387,297.08,639.33,538.29,662.25,639.33,120.68,297.08,37.71,"Then, each CA is individually initialized with a public key pair by randomly selecting a secret value sk C Z"
7,0,0,1,0,64,2,TimesLTStd-Roman,9.963000297546387,297.08,663.24,538.29,732.98,663.24,49.95,297.08,37.71,"which serves as its private key and generates a public key as pk C = sk C P . Then, each CA publishes its own public key. The CAs use their public key pair to perform ECDSA on messages to generate verifiable signatures. Each CA is also initialized with a randomly generated secret string ( rk C ) used as the vehicle registration key."
7,0,0,1,1,3,12,FormataOTF-Reg,5.978000164031982,489.23,746.92,538.29,752.89,746.92,30.03,489.23,37.71,"VOLUME 12, 2024"
8,0,0,1,0,11,10,FormataOTF-Reg,6.973999977111816,36.17,26.0,278.67,32.98,26.0,749.95,36.17,297.33,S. Naskar et al.: Scheme for Distributed Vehicle Authentication and Revocation
8,1,0,1,0,8,10,FormataOTF-Bold,6.973999977111816,36.17,66.06,207.31,73.08,66.06,709.85,36.17,368.69,TABLE 2. Notation descriptions used in the scheme.
8,0,0,1,1,2,4,FormataOTFMdIt,8.965999603271484,37.17,317.18,111.16,326.15,317.18,456.78,37.17,464.84,B. REGISTRATION
8,0,0,1,0,76,2,TimesLTStd-Roman,9.963000297546387,36.17,329.32,277.38,434.65,329.32,348.28,36.17,298.62,"Once the initialization is completed, components such as local inspectors and vehicles can be added to the network by registering them to a corresponding CA using a secure channel. The registration process for a local inspector is as follows : The installation location of the LI, the network informa- tion that it is connected to, and a unique identity for each LI is decided and securely injected by a corresponding CA responsible for that specific region."
8,0,0,1,0,10,14,TimesLTStd-Roman,9.298666795094809,49.92,436.52,267.85,447.61,436.52,335.32,49.92,308.15,The local inspector then chooses a random secret sk L
8,0,1,1,0,25,14,TimesLTStd-Italic,9.165875136852264,49.92,447.36,277.38,472.97,447.36,309.96,49.92,298.62,"q and computes its public key as pk L = sk L P Then the LI shares pk L with the CA, who signs the"
8,0,0,1,0,10,2,TimesLTStd-Roman,9.963000297546387,55.9,472.51,277.38,494.43,472.51,288.5,55.9,298.62,public key using ECDSA to generate the signature as Sign
8,0,0,1,0,4,14,NimbusSanL-Regu,9.464750170707703,79.84,484.04,107.37,495.43,484.04,287.5,79.84,468.63,"sk C , H"
8,0,0,1,0,4,2,TimesLTStd-Roman,9.963000297546387,49.92,484.46,164.0,506.38,484.46,276.55,49.92,412.0,. Now CA shares
8,0,0,1,0,4,14,NimbusSanL-Regu,9.298666795094809,122.75,495.99,149.88,508.06,495.99,274.87,122.75,426.12,"pk L , σ"
8,0,0,1,0,163,2,TimesLTStd-Roman,9.963000297546387,36.17,496.42,277.39,732.98,496.42,49.95,36.17,298.61,"to the corresponding inspector, who then can share it with vehicles within its region upon receiving a request. A vehicle can initially register to a chosen CA, and the corresponding CA becomes a parent CA for that particular vehicle. The registration process for a vehicle with a corresponding CA is as follows : The vehicle shares vehicle information ( VI ), which may consist of vehicle serial number, manufacture information, and engine information, together with the owner’s original identity ( UI ) to a regional CA using a secure channel. After receiving the information, the CA first computes H 1 ( VI || UI ) and sends it to other connected CAs using a secure channel to check if the user is already registered to another CA. Other CAs can compute the same hash for their registered user and check if the received hash already exists. If it exists, the corresponding CA reports it to the requesting CA. Otherwise, it discards the message."
8,0,0,1,0,35,2,TimesLTStd-Roman,9.963000297546387,310.83,65.36,538.29,99.36,65.36,683.57,310.83,37.71,Then the CA generates a unique license number LIC for the vehicle by computing LIC = H 2 ( VI || UI || rk C ) P . CA then generates a long term pseudoID
8,0,0,1,0,7,14,TimesLTStd-Roman,9.621428830283028,330.17,100.12,388.23,112.38,100.12,670.55,330.17,187.77,H 2 (β || t ) LIC
8,0,0,1,0,87,2,TimesLTStd-Roman,9.963000297546387,310.83,101.35,538.3,230.87,101.35,552.06,310.83,37.7,"where is a random string that serves as an ephemeral token, and t is the current timestamp. CA stores the LIC permanently and stores corresponding temporarily with an expiry time. Also, it injects the values { LIC , α, β } and the expiry time in the OBU unit of the vehicle securely. The CA is now the parent CA for that particular vehicle, and it also shares { α, β } with the region-specific local inspector where the vehicle is issued using the pre- established channel."
8,0,0,1,1,4,4,FormataOTFMdIt,8.965999603271484,298.07,250.01,419.9,258.99,250.01,523.94,298.07,156.1,C. AUTHENTICATION FOR V2I
8,0,0,1,0,56,2,TimesLTStd-Roman,9.963000297546387,297.08,262.15,538.29,331.89,262.15,451.04,297.08,37.71,"To be able to use the VANET system resources and receive local traffic data, each vehicle must prove its authenticity to the local inspector. A vehicle first requests and receives the public key ( pk L ) of the local inspector and then checks the validity of pk L using the ECDSA verification process as Ver"
8,0,0,1,0,4,14,NimbusSanL-Regu,9.464750170707703,316.58,321.5,344.66,333.56,321.5,449.37,316.58,231.34,"pk C , H"
8,0,1,1,0,80,14,MTSYN,9.741555796729195,297.08,320.69,538.3,418.76,320.69,364.16,297.08,37.7,"→{ T , F } , where pk C is the public key of the corresponding CA under which the LI is registered. This verification takes place only once, and the vehicle accepts and stores the LI’s public key for future use if the result is T . Following are the steps a vehicle performs that act as a prover during authentication with the local inspector as the verifier : the vehicle first selects a random value sk V Z"
8,0,1,1,0,13,14,TimesLTStd-Roman,9.464750170707703,316.8,418.52,529.98,431.4,418.52,351.53,316.8,46.02,"computes its temporary public key as pk V = sk V P ,"
8,0,1,1,0,7,14,TimesLTStd-Roman,8.767500162124634,310.83,431.71,518.28,442.55,431.71,340.38,310.83,57.72,"then, it computes a randomized certificate v"
8,0,0,1,1,2,14,TimesLTStd-Roman,8.767500162124634,316.8,443.67,327.78,454.54,443.67,328.38,316.8,248.22,H 1
8,0,0,1,0,5,2,MTSYN,9.963000297546387,340.04,442.43,373.42,453.63,442.43,329.3,340.04,202.58,|| t || || H
8,0,0,1,0,5,2,TimesLTStd-Roman,9.963000297546387,407.02,443.54,507.2,453.63,443.54,329.3,407.02,68.8,"with current timestamp t ,"
8,0,0,1,0,8,14,TimesLTStd-Roman,9.166000207265219,310.83,455.5,520.64,466.5,455.5,316.43,310.83,55.36,the vehicle computes an intermediate value ct 1
8,0,0,1,0,10,14,TimesLTStd-Roman,9.520111295912,337.97,466.34,412.48,479.22,466.34,303.71,337.97,163.52,"H( sk V pk L ) , β || r"
8,0,0,1,0,52,2,TimesLTStd-Roman,9.963000297546387,310.83,467.45,538.29,549.27,467.45,233.66,310.83,37.71,"with auxiliary information r , such as priority-based data or special requests that a vehicle might want to send. Priority data can be added by ambulance, police vehicle, or any other emergency response service vehicle that might need priority in the verification queue at LI. It then sends the authentication message tuple"
8,0,1,1,0,18,14,MTSYN,9.398416876792908,316.8,550.03,538.3,562.9,550.03,220.03,316.8,37.7,"{ v , ct 1 , pk V , t } to the local inspector using the public"
8,0,0,1,0,79,2,TimesLTStd-Roman,9.963000297546387,297.08,563.22,538.3,673.21,563.22,109.72,297.08,37.7,"channel. In its current epoch, the local inspector generates and holds a unique epoch key ek , which will be shared with authenticated vehicles. Once a verification request is received at time t , the LI checks if ( t t ) 1 t , where 1 t is a predefined threshold for the maximum allowed time between sending and receiving. If satisfied, the LI moves on to the following checks. Get back ( || r ) = Dec"
8,0,0,1,0,9,14,TimesLTStd-Roman,9.254444599151611,423.93,662.82,494.64,674.88,662.82,108.05,423.93,81.36,"H( pk V sk L ) , ct 1"
8,0,0,1,0,47,2,TimesLTStd-Roman,9.963000297546387,310.83,663.24,538.29,732.98,663.24,49.95,310.83,37.71,"and find a match with in the local database of the LI to get corresponding . If no match is found, LI discards the authentication request. If r is priority info and belongs to a priority vehicle, put the authentication request at the top of the queue."
8,0,0,1,1,3,12,FormataOTF-Reg,5.978000164031982,36.17,746.92,85.23,752.9,746.92,30.03,36.17,490.77,"VOLUME 12, 2024"
9,0,0,1,0,11,10,FormataOTF-Reg,6.973999977111816,295.79,26.0,538.29,32.98,26.0,749.95,295.79,37.71,S. Naskar et al.: Scheme for Distributed Vehicle Authentication and Revocation
9,1,0,1,0,7,2,TimesLTStd-Bold,9.963000297546387,41.15,66.06,243.7,76.16,66.06,706.77,41.15,332.3,Algorithm 1 V2I Authentication Verification at LI
9,1,1,1,0,30,14,TimesLTStd-Bold,9.441846370697021,46.13,78.99,258.72,103.06,78.99,679.87,46.13,317.28,"Input: Verification tuple { v , ct 1 , pk V , t } Output: Verified with response tuple [ ack , ct 2 , t , σ 1 ]"
9,1,1,1,0,9,14,TimesLTStd-Bold,9.630889150831434,37.67,115.67,127.57,126.05,115.67,656.87,37.67,448.43,1 if ( t t ) 1 t then
9,0,0,1,0,6,2,TimesLTStd-Roman,9.963000297546387,61.47,126.91,112.79,138.11,126.91,644.82,61.47,463.21,( || r ) = Dec
9,0,0,1,0,9,14,TimesLTStd-Roman,9.254444599151611,118.46,127.72,189.18,139.78,127.72,643.15,118.46,386.82,"H( pk V sk L ) , ct 1"
9,0,0,1,0,4,2,TimesLTStd-Roman,9.963000297546387,193.69,128.02,242.74,138.11,128.02,644.82,193.69,333.26,", extract , r"
9,1,0,1,0,3,14,TimesLTStd-Bold,9.166000207265219,61.48,140.06,81.03,151.08,140.06,631.85,61.48,494.97,if H 1
9,0,0,1,0,5,2,MTSYN,9.963000297546387,93.29,138.97,126.67,150.16,138.97,632.77,93.29,449.33,|| t || || H
9,1,1,1,0,3,14,MTSYN,9.166000207265219,159.44,138.97,196.67,151.52,138.97,631.41,159.44,379.33,= v then
9,0,0,1,0,4,14,NimbusSanL-Regu,9.36525022983551,81.8,174.93,122.63,187.04,174.93,595.89,81.8,453.37,ct 2 = Enc
9,0,0,1,0,14,14,TimesLTStd-Roman,9.678285939352852,128.31,174.93,236.27,187.8,174.93,595.13,128.31,339.73,"H( pk V sk L ) , ( || ek || || r )"
9,0,0,1,0,3,2,TimesLTStd-Roman,9.963000297546387,81.8,176.17,260.49,198.08,176.17,584.85,81.8,315.51,with new value
9,0,0,1,0,5,2,TimesLTStd-Roman,9.963000297546387,76.82,200.08,156.55,222.09,200.08,560.84,76.82,419.45,Sign the public key: Sign
9,0,0,1,0,4,14,NimbusSanL-Regu,9.464750170707703,105.75,211.7,134.18,223.09,211.7,559.84,105.75,441.82,"sk L , H"
9,0,0,1,0,19,14,TimesLTStd-Roman,9.541059073279886,76.82,222.85,249.6,246.0,222.85,536.92,76.82,326.4,Compute ack = H 1 ( ct 2 || t || || H (σ 1 )) with current t
9,0,0,1,0,14,14,TimesLTStd-Roman,9.484800243377686,76.82,247.57,222.99,258.87,247.57,524.06,76.82,353.01,"Send response tuple: [ ack , ct 2 , t , σ 1 ]"
9,0,0,1,0,3,2,TimesLTStd-Roman,9.963000297546387,76.82,271.91,216.55,281.87,271.91,501.06,76.82,359.45,"Authentication unsuccessful, reject"
9,0,1,1,0,4,14,TimesLTStd-Italic,8.767500162124634,99.28,334.22,127.78,347.48,334.22,435.44,99.28,448.22,v = H 1
9,0,0,1,0,5,2,MTSYN,9.963000297546387,140.04,334.22,173.42,345.42,334.22,437.51,140.04,402.58,|| t || || H
9,0,0,1,0,3,2,TimesLTStd-Roman,9.963000297546387,207.1,335.46,255.95,345.42,335.46,437.51,207.1,320.05,and check if
9,0,0,1,0,13,14,TimesLTStd-Roman,8.767500162124634,60.18,331.56,277.39,358.25,331.56,424.68,60.18,298.61,"? = v . If yes, then the certificate is valid and authenticated."
9,0,0,1,0,18,2,TimesLTStd-Roman,9.963000297546387,49.92,359.37,277.38,393.24,359.37,389.69,49.92,298.62,"Otherwise, the certificate is invalid and rejected. Generate a new string and compute intermediate ct 2 = Enc"
9,0,0,1,0,14,14,TimesLTStd-Roman,9.678285939352852,77.06,382.04,185.03,394.92,382.04,388.01,77.06,390.97,"H( pk V sk L ) , ( || ek || || r )"
9,0,0,1,0,36,2,TimesLTStd-Roman,9.963000297546387,49.92,383.15,277.38,441.06,383.15,341.87,49.92,298.62,"and r is an auxiliary value. Note r can also be a special response for priority vehicles, such as a group key or confidential message. Using ECDSA, sign the public key of the vehicle as Sign"
9,0,0,1,0,4,14,NimbusSanL-Regu,9.464750170707703,79.84,430.67,108.28,442.06,430.67,340.87,79.84,467.72,"sk L , H"
9,0,0,1,0,71,2,TimesLTStd-Roman,9.963000297546387,49.92,443.05,277.39,536.7,443.05,246.23,49.92,298.61,"Generate an acknowledgment as: ack = H 1 ( ct 2 || t || || H (σ 1 )) , where t is the current timestamp. Send the authentication response tuple to the vehicle as [ ack , ct 2 , t , σ 1 ]. Remove the old value and replace it with the new one for the corresponding pseudoID . This process is also presented in Algorithm 1 ."
9,1,0,1,0,5,2,TimesLTStd-Bold,9.963000297546387,41.15,561.84,252.48,571.95,561.84,210.98,41.15,323.52,Algorithm 2 V2I Authentication Acknowledgement
9,1,0,1,0,34,14,TimesLTStd-Bold,9.52827297557484,37.67,585.61,221.12,619.91,585.61,163.02,37.67,354.88,"Input: Response tuple [ ack , ct 2 , t , σ 1 ] Output: Accept and store ( β, ek , ϵ )/ Reject 1 if ( t t ) 1 t then"
9,1,0,1,0,17,14,TimesLTStd-Bold,9.541059073279886,61.47,620.67,203.53,632.93,620.67,150.0,61.47,372.47,if H 1 ( ct 2 || t || || H (σ 1 )) = ack then
9,0,0,1,0,9,2,TimesLTStd-Roman,9.963000297546387,76.82,632.72,154.95,643.92,632.72,139.01,76.82,421.05,( || ek || || r ) = Dec
9,0,0,1,0,9,14,TimesLTStd-Roman,9.254444599151611,160.62,633.53,231.34,645.59,633.53,137.34,160.62,344.66,"H( sk V pk L ) , ct 2"
9,0,0,1,0,13,14,TimesLTStd-Roman,9.564500252405802,76.82,645.48,247.55,667.83,645.48,115.1,76.82,328.45,"Extract and store β, ek , ϵ, σ 1 for the epoch period"
9,0,0,1,0,3,2,TimesLTStd-Roman,9.963000297546387,76.82,681.77,140.45,691.74,681.77,91.19,76.82,435.55,Reject and retry
9,0,0,1,0,3,2,TimesLTStd-Roman,9.963000297546387,61.47,709.67,125.11,719.63,709.67,63.3,61.47,450.89,Reject and retry
9,0,0,1,0,59,2,TimesLTStd-Roman,9.963000297546387,297.08,65.36,538.29,135.22,65.36,647.7,297.08,37.71,"Once received by the vehicle at time t , it checks if ( t t ) 1 t . If yes, then the vehicle performs the following computations to ensure that the confirmation came from the original local inspector and that the integrity of the message is preserved. This stepwise acknowledgment process is also presented in Algorithm 2 ."
9,0,0,1,0,21,14,TimesLTStd-Roman,9.431666904025608,310.83,136.63,538.29,151.56,136.63,631.37,310.83,37.71,Compute and check if ack = H 1 ( ct 2 || t || || H (σ 1 )) ? =
9,0,0,1,0,14,2,NimbusSanL-Regu,9.963000297546387,310.83,152.36,457.38,174.4,152.36,608.52,310.83,118.62,"ack . If yes, then ( || ek || || r ) = Dec"
9,0,0,1,0,9,14,TimesLTStd-Roman,9.254444599151611,463.06,164.02,533.77,176.08,164.02,606.85,463.06,42.23,"H( sk V pk L ) , ct 2"
9,0,0,1,0,18,2,TimesLTStd-Roman,9.963000297546387,316.8,176.27,538.29,198.32,176.27,584.61,316.8,37.71,"Extract and save , the epoch key ek , and the epoch information in its OBU memory temporarily."
9,0,0,1,0,8,14,TimesLTStd-Roman,9.166000207265219,310.83,200.31,492.44,211.76,200.31,571.16,310.83,83.56,Stores the signature 1 until the epoch ends.
9,0,0,1,0,66,2,TimesLTStd-Roman,9.963000297546387,297.08,213.43,538.3,295.12,213.43,487.81,297.08,37.7,"Once authenticated by the local inspector, vehicles actively join the network and receive traffic-related broadcasts from the local inspector (V2I) using the shared epoch key ek . Symmetric encryption can be done on the messages using the epoch key ek and then signed by the LI as proof of authenticity. Below is a detailed description of how vehicles communicate with each other following a similar process."
9,0,0,1,1,4,4,FormataOTFMdIt,8.965999603271484,298.07,311.04,439.33,320.01,311.04,462.92,298.07,136.67,D. DIRECT V2V COMMUNICATION
9,0,0,1,0,36,2,TimesLTStd-Roman,9.963000297546387,297.08,323.18,538.29,380.97,323.18,401.96,297.08,37.71,"Throughout an epoch, vehicles directly communicate with their surrounding vehicle(s) through short-range V2V communication and share important traffic messages. This message sharing must be mutually verifiable and privacy-preserving for both the sender and receiver sides. Let"
9,0,1,1,0,66,14,TimesLTStd-Roman,9.36525022983551,297.08,382.59,538.3,442.24,382.59,340.69,297.08,37.7,"us consider an example where a sender vehicle V S wants to send a message to the receiver vehicle V R . To do so, the sender vehicle V S has to convince its legitimacy to the receiver V R . Also, V R has to ensure that the received message is not from a sender V S who has been blacklisted in the current epoch"
9,0,0,1,0,9,2,TimesLTStd-Roman,9.963000297546387,297.08,442.73,538.29,452.7,442.73,330.23,297.08,37.71,"time by the corresponding LI. For ease of understanding,"
9,0,1,1,0,14,14,TimesLTStd-Roman,9.279857363019671,297.08,454.32,538.29,466.15,454.32,316.78,297.08,37.71,the public and private key pairs for V S and V R are represented
9,0,1,1,0,23,14,TimesLTStd-Roman,8.55641191145953,297.08,466.22,538.29,479.24,466.22,303.69,297.08,37.71,"by ( pk V S , sk V S ) and ( pk V R , sk V R ) respectively. The following"
9,0,0,1,0,70,2,TimesLTStd-Roman,9.963000297546387,297.08,477.37,538.29,561.46,477.37,221.47,297.08,37.71,"are the steps of the direct V2V communication sub-protocol : The sender vehicle V S generates the message m with timestamp t and computes an epoch specific value = H 1 ( ek || || t ) . Depending on the type of the message m , there are two cases; case 1: m is a broadcast message (not confidential to receiver vehicles), and case 2: m is a confidential"
9,0,1,1,0,19,14,TimesLTStd-Roman,9.36525022983551,310.83,563.08,538.29,586.86,563.08,196.07,310.83,37.71,"message to receiver V R ). For case 1, the sender V S encrypts m using the epoch key"
9,0,1,1,0,19,2,TimesLTStd-Roman,9.963000297546387,316.81,586.13,538.29,609.28,586.13,173.65,316.81,37.71,"as = Enc ( ek , m ) and for case 2, the sender encrypts m as = Enc"
9,0,1,1,0,11,14,TimesLTStd-Italic,8.876091090115635,377.33,598.89,450.49,611.91,598.89,171.02,377.33,125.51,"H ( sk V s pk V R ) , m"
9,0,1,1,0,9,14,TimesLTStd-Roman,9.166000207265219,310.83,610.9,487.18,622.73,610.9,160.2,310.83,88.82,Then V S computes a message digest m h
9,0,1,1,0,13,14,MTSYN,9.564500252405802,316.81,610.04,538.29,633.19,610.04,149.74,316.81,37.71,= H 1 ( m ) and using its secret key it signs
9,0,1,1,0,4,14,RMTMI,9.166000207265219,488.31,622.8,520.53,634.07,622.8,148.86,488.31,55.47,"ζ, ρ, m h"
9,0,1,1,0,12,14,NimbusSanL-Regu,9.066333532333374,340.75,633.95,420.36,647.1,633.95,135.83,340.75,155.64,"sk V S , H 1 (ζ || || m h )"
9,0,0,1,0,53,14,TimesLTStd-Roman,9.166000207265219,310.83,635.18,538.29,696.59,635.18,86.33,310.83,37.71,"( 2 ). For a non-confidential broadcast (case 1), V S sends the tuple [ ζ, m h , σ 1 , σ 2 , pk V S , t ]. For a confidential message (case 2), the vehicle V S includes the public key of the intended receiver pk V R in"
9,0,0,1,0,6,2,TimesLTStd-Roman,9.963000297546387,316.81,694.96,423.07,704.92,694.96,78.01,316.81,152.93,the tuple and then sends it.
9,0,1,1,0,10,14,TimesLTStd-Roman,9.36525022983551,297.08,707.71,538.29,719.53,707.71,63.4,297.08,37.71,"Once received, the receiver vehicle V R checks the timestamp"
9,0,1,1,0,10,2,TimesLTStd-Roman,9.963000297546387,297.08,719.98,538.29,729.99,719.98,52.93,297.08,37.71,and verifies the following to accept the message m from
9,0,0,1,1,3,12,FormataOTF-Reg,5.978000164031982,489.23,746.92,538.29,752.89,746.92,30.03,489.23,37.71,"VOLUME 12, 2024"
10,0,0,1,0,11,10,FormataOTF-Reg,6.973999977111816,36.17,26.0,278.67,32.98,26.0,749.95,36.17,297.33,S. Naskar et al.: Scheme for Distributed Vehicle Authentication and Revocation
10,1,0,1,0,7,2,TimesLTStd-Bold,9.963000297546387,41.15,66.06,238.86,76.16,66.06,706.77,41.15,337.14,Algorithm 3 V2V Direct Verification at Receiver
10,1,1,1,0,22,14,TimesLTStd-Bold,9.23238910569085,46.13,79.8,245.21,92.82,79.8,690.11,46.13,330.79,"Input: Sender’s tuple [ ζ, m h , σ 1 , σ 2 , pk V S , t ] , and"
10,1,1,1,0,18,2,TimesLTStd-Bold,9.963000297546387,37.66,92.04,215.95,115.17,92.04,667.76,37.66,360.05,Output: Receiver accept/reject m 1 Compute = H 1 ( ek || || t ) with received t
10,1,1,1,0,8,14,TimesLTStd-Bold,8.842125177383423,37.66,115.95,136.08,128.69,115.95,654.24,37.66,439.92,2 if pk V S B list then
10,0,0,1,0,4,14,NimbusSanL-Regu,9.464750170707703,89.56,151.75,118.55,163.81,151.75,619.11,89.56,457.45,"pk L , H"
10,0,1,1,0,3,14,NimbusSanL-Regu,7.970333417256673,124.72,152.05,143.46,164.77,152.05,618.16,124.72,432.54,pk V S
10,0,0,1,0,4,14,MTSYN,9.166000207265219,150.56,150.94,174.95,163.05,150.94,619.88,150.56,401.05,"|| ϵ, σ 1"
10,1,1,1,0,4,2,MTSYN,9.963000297546387,182.23,150.94,231.56,162.09,150.94,620.84,182.23,344.44,→{ T } then
10,0,1,1,0,10,14,TimesLTStd-Roman,9.166000207265219,76.82,162.67,236.85,177.46,162.67,605.47,76.82,339.15,Public key pk S V is valid in current epoch
10,0,1,1,0,15,14,NimbusSanL-Regu,8.951384801131029,107.39,176.0,203.28,189.83,176.0,593.1,107.39,372.72,"pk V S , H 1 (ζ || || m h ) , σ 2"
10,1,1,1,0,4,2,MTSYN,9.963000297546387,210.56,176.0,259.89,187.14,176.0,595.78,210.56,316.11,→{ T } then
10,0,1,1,0,5,14,TimesLTStd-Roman,9.36525022983551,92.16,188.93,190.8,200.76,188.93,582.17,92.16,385.2,Sender V S indeed signed
10,1,1,1,0,6,2,TimesLTStd-Bold,9.963000297546387,92.16,200.03,249.64,223.04,200.03,559.89,92.16,326.36,if receive = non-confidential broadcast then
10,0,1,1,0,7,2,TimesLTStd-Italic,9.963000297546387,107.5,223.94,174.19,235.13,223.94,547.8,107.5,401.81,"m = Dec ( ek , ζ)"
10,1,1,1,0,5,2,TimesLTStd-Bold,9.963000297546387,107.5,248.94,225.73,259.0,248.94,523.93,107.5,350.27,if receive = confidential then
10,0,1,1,0,3,2,TimesLTStd-Italic,9.963000297546387,122.85,259.9,159.38,271.1,259.9,511.83,122.85,416.62,m = Dec
10,0,1,1,0,10,14,TimesLTStd-Roman,8.634555710686577,165.06,260.71,235.33,273.73,260.71,509.2,165.06,340.67,"H( sk V R pk V S ) , ζ"
10,1,1,1,0,10,14,TimesLTStd-Bold,9.484800243377686,92.16,279.95,174.59,292.5,279.95,490.43,92.16,401.41,if H 1 ( m ) = m h then
10,0,1,1,0,5,2,TimesLTStd-Roman,9.963000297546387,92.16,344.89,209.93,354.9,344.89,428.02,92.16,366.07,Invalid signature and reject m
10,0,1,1,0,6,2,TimesLTStd-Roman,9.963000297546387,76.82,372.79,200.16,382.8,372.79,400.13,76.82,375.84,Invalid Public key and reject m
10,0,1,1,0,12,14,CMSY10,9.166000207265219,36.17,415.55,277.39,426.76,415.55,356.16,36.17,298.61,V S . This verification process at the receiver vehicle is also
10,0,0,1,0,14,2,TimesLTStd-Roman,9.963000297546387,36.17,427.88,277.38,452.06,427.88,330.87,36.17,298.62,presented in Algorithm 3 . Receive only if LI has not blacklisted the sender
10,0,1,1,0,11,14,TimesLTStd-Roman,8.468500137329102,55.9,453.93,264.14,466.65,453.93,316.28,55.9,311.86,"vehicle’s public key, i.e., reject the message if pk V S"
10,0,0,1,0,22,2,TimesLTStd-Roman,9.963000297546387,49.92,466.01,277.38,499.88,466.01,283.05,49.92,298.62,"[B-list]; otherwise, accept and continue. Compute epoch-specific value = H 1 ( ek || || t ) using the received t ."
10,0,1,1,0,13,14,TimesLTStd-Roman,8.767400169372559,49.92,501.75,277.38,515.47,501.75,267.46,49.92,298.62,Check if the received public key of the sender pk V S is
10,0,0,1,0,13,2,TimesLTStd-Roman,9.963000297546387,55.9,513.83,277.38,535.75,513.83,247.18,55.9,298.62,signed by the local inspector in the current epoch using ECDSA as: Ver
10,0,0,1,0,4,14,NimbusSanL-Regu,9.464750170707703,129.72,525.36,158.71,537.42,525.36,245.51,129.72,417.29,"pk L , H"
10,0,1,1,0,3,14,NimbusSanL-Regu,7.970333417256673,164.88,525.66,183.62,538.38,525.66,244.55,164.88,392.38,pk V S
10,0,0,1,0,4,14,MTSYN,9.166000207265219,190.72,524.55,215.11,536.66,524.55,246.27,190.72,360.89,"|| ϵ, σ 1"
10,0,1,1,1,32,2,MTSYN,9.963000297546387,49.92,524.55,277.38,571.61,524.55,211.32,49.92,298.62,"{ T , F } . If the signature is valid, then it confirms that the received public key is valid or otherwise malicious. Check that the received encrypted message and mes-"
10,0,1,1,0,20,14,TimesLTStd-Roman,9.166000207265219,55.9,573.23,276.35,599.15,573.23,183.78,55.9,299.65,sage digest m h is indeed signed by the corresponding V S by using pk V S such that Ver
10,0,1,1,0,15,14,NimbusSanL-Regu,8.951384801131029,176.98,584.32,272.87,598.16,584.32,184.77,176.98,303.13,"pk V S , H 1 (ζ || || m h ) , σ 2"
10,0,1,1,0,62,2,MTSYN,9.963000297546387,49.92,596.28,277.39,679.21,596.28,103.72,49.92,298.61,"→{ T , F } . The receiver accepts the encrypted message if the signature is valid. Otherwise, it rejects the message. If is received as a broadcast from V S , then decrypt it using the epoch key as m = Dec ( ek , ζ) . Otherwise, if is a unicast, receiver V R decrypts it as m = Dec"
10,0,1,1,0,10,14,TimesLTStd-Roman,8.634555710686577,98.11,668.82,168.38,681.84,668.82,101.09,98.11,407.62,"H( sk V R pk V S ) , ζ"
10,0,1,1,0,9,14,TimesLTStd-Roman,9.166000207265219,49.92,684.53,159.09,695.92,684.53,87.01,49.92,416.91,"Finally, check if H 1 ( m h )"
10,0,1,1,0,9,14,TimesLTStd-Roman,9.006600189208985,165.02,680.99,277.38,695.73,680.99,87.2,165.02,298.62,? = m h . Accept only if they
10,0,0,1,0,16,2,TimesLTStd-Roman,9.963000297546387,36.17,696.85,277.38,722.52,696.85,60.41,36.17,298.62,"match or reject. If all the above checks are passed, V R accepts the message m"
10,0,1,1,0,4,14,TimesLTStd-Roman,9.36525022983551,36.17,722.65,71.44,733.86,722.65,49.07,36.17,504.56,from V S .
10,0,0,1,1,29,4,FormataOTFMdIt,8.965999603271484,297.08,66.3,538.29,101.85,66.3,681.08,297.08,37.71,"E. REVOCATION Suppose a vehicle V R wants to send a dispute report com- mitted by another vehicle V S to the LI. In that case, first V R"
10,0,1,1,0,18,2,TimesLTStd-Roman,9.963000297546387,297.08,102.3,538.29,125.14,102.3,657.79,297.08,37.71,creates a message m that includes a dispute summary. Then it encrypts it as ct m = Enc
10,0,1,1,0,12,14,TimesLTStd-Roman,9.298750201861063,398.68,113.07,476.97,126.22,113.07,656.71,398.68,99.03,"H( sk V R . pk L ) , m || m"
10,0,0,1,0,4,2,TimesLTStd-Roman,9.963000297546387,480.99,114.3,538.29,124.27,114.3,658.66,480.99,37.71,". Then, it signs"
10,0,1,1,0,8,14,NimbusSanL-Regu,9.166000207265219,297.08,126.13,438.51,137.72,126.13,645.21,297.08,137.49,ct m using its secret key as: Sign
10,0,1,1,0,61,14,NimbusSanL-Regu,8.984818371859463,297.08,125.02,538.3,174.72,125.02,608.21,297.08,37.7,"sk V R , H 1 ( ct m || ρ) 3 ; where is same as generated when receiving the message from V S . Finally, a dispute report tuple containing [ 2 , σ 3 , ζ, m h , ct m , pk V S , pk V R , t ] is sent to the local inspec-"
10,0,0,1,0,13,2,TimesLTStd-Roman,9.963000297546387,297.08,173.95,538.29,184.04,173.95,598.89,297.08,37.71,tor. Note that the timestamp t in this tuple is the same as
10,0,1,1,0,11,14,TimesLTStd-Roman,9.36525022983551,297.08,185.66,538.29,196.87,185.66,586.05,297.08,37.71,"received from V S . Now, the local inspector performs the"
10,0,0,1,0,3,2,TimesLTStd-Roman,9.963000297546387,297.08,196.75,360.73,207.95,196.75,574.98,297.08,215.27,following steps :
10,1,0,1,0,5,2,TimesLTStd-Bold,9.963000297546387,302.06,222.75,425.58,232.85,222.75,550.08,302.06,150.42,Algorithm 4 Revocation by LI
10,1,1,1,0,37,14,TimesLTStd-Bold,8.984818371859463,307.04,236.61,505.9,262.58,236.61,520.35,307.04,70.1,"Input: Report [ 2 , σ 3 , ζ, m h , t , ct m , pk V S , pk V R ] Output: Revoke pk V S / Account pk V R / Malicious"
10,1,0,1,0,14,14,TimesLTStd-Bold,9.549154098217304,298.57,259.83,480.73,272.09,259.83,510.83,298.57,95.27,1 Compute = H 1 ( ek || || t ) using received t
10,1,0,1,0,3,14,TimesLTStd-Bold,8.96666685740153,298.57,272.98,329.45,283.08,272.98,499.85,298.57,246.55,2 if Ver
10,0,1,1,0,15,14,NimbusSanL-Regu,8.951384801131029,335.12,271.88,431.01,285.71,271.88,497.21,335.12,144.99,"pk V S , H 1 (ζ || || m h ) , σ 2"
10,0,1,1,1,5,2,MTSYN,9.963000297546387,312.02,271.88,479.6,295.26,271.88,487.67,312.02,96.4,→{ T } & Ver
10,0,1,1,0,14,14,NimbusSanL-Regu,8.867083509763082,331.53,284.06,418.62,297.89,284.06,485.04,331.53,157.38,"pk V R , H 1 ( ct m || ρ) , σ 3"
10,1,1,1,0,4,2,MTSYN,9.963000297546387,425.9,284.06,475.23,295.21,284.06,487.72,425.9,100.77,→{ T } then
10,0,1,1,0,11,14,TimesLTStd-Roman,9.021000168540262,344.1,296.96,415.53,309.99,296.96,472.94,344.1,160.47,"H( sk L . pk V R ) , ct m"
10,0,1,1,0,4,2,MTSYN,9.963000297546387,422.81,296.16,453.43,307.31,296.16,475.62,422.81,122.57,= m || m
10,1,1,1,0,10,14,TimesLTStd-Bold,9.484800243377686,322.38,308.16,404.82,320.42,308.16,462.51,322.38,171.18,if m h = H 1 ( m ) then
10,0,1,1,0,9,2,TimesLTStd-Roman,9.963000297546387,337.73,320.92,515.19,331.31,320.92,451.62,337.73,60.81,"Contect analysis of m , m (beyond our scope)"
10,0,1,1,0,8,14,TimesLTStd-Roman,8.767428738730294,337.73,332.93,457.44,346.89,332.93,436.04,337.73,118.56,Blacklist pk V S and Revoke V S
10,0,1,1,0,7,14,TimesLTStd-Roman,9.166000207265219,337.73,345.0,445.29,356.22,345.0,426.71,337.73,130.71,Notify the parent CA of V S
10,0,1,1,0,8,14,TimesLTStd-Roman,9.564500252405802,337.73,368.91,496.42,380.74,368.91,402.19,337.73,79.58,"Message m is altered, V R is accountable"
10,0,1,1,0,15,14,NimbusSanL-Regu,8.951384801131029,350.46,396.05,446.36,409.88,396.05,373.05,350.46,129.64,"pk V S , H 1 (ζ || || m h ) , σ 2"
10,0,1,1,1,5,2,MTSYN,9.963000297546387,327.37,396.05,495.06,419.42,396.05,363.51,327.37,80.94,→{ F } & Ver
10,0,1,1,0,14,14,NimbusSanL-Regu,8.867083509763082,346.87,408.22,433.96,422.05,408.22,360.88,346.87,142.04,"pk V R , H 1 ( ct m || ρ) , σ 3"
10,1,1,1,0,4,2,MTSYN,9.963000297546387,441.24,408.22,490.57,419.37,408.22,363.56,441.24,85.43,→{ T } then
10,0,1,1,0,7,14,TimesLTStd-Roman,9.36525022983551,337.73,421.08,493.81,432.91,421.08,350.02,337.73,82.19,Receiver V R is accountable for framing
10,0,0,1,0,22,14,TimesLTStd-Roman,9.779077199789194,310.83,468.58,538.29,491.73,468.58,291.2,310.83,37.71,Compute = H 1 ( ek || || t ) with received t . Verify was indeed signed by the disputed sender
10,0,1,1,0,4,14,CMSY10,9.166000207265219,316.8,493.35,359.6,505.18,493.35,277.75,316.8,216.4,V S as Ver
10,0,1,1,0,15,14,NimbusSanL-Regu,8.951384801131029,365.27,492.49,461.16,506.32,492.49,276.61,365.27,114.84,"pk V S , H 1 (ζ || || m h ) , σ 2"
10,0,1,1,0,6,2,MTSYN,9.963000297546387,492.72,492.49,538.29,503.68,492.49,279.25,492.72,37.71,"{ T , F } and"
10,0,1,1,0,10,14,TimesLTStd-Roman,9.36525022983551,316.81,505.3,538.29,517.13,505.3,265.8,316.81,37.71,the incident report message is signed by V R as
10,0,1,1,0,14,14,NimbusSanL-Regu,8.867083509763082,336.31,516.4,423.4,530.23,516.4,252.7,336.31,152.6,"pk V R , H 1 ( ct m || ρ) , σ 3"
10,0,1,1,1,6,2,MTSYN,9.963000297546387,430.68,516.4,473.2,527.59,516.4,255.33,430.68,102.8,"→{ T , F } ."
10,0,1,1,0,45,14,TimesLTStd-Roman,9.279857363019671,310.83,529.22,538.29,576.91,529.22,206.02,310.83,37.71,"If is not signed by V S , and incident report message ct m is signed by the receiver V R , the LI confirms that V R is trying to send a false report by framing V S and therefore V R is accountable."
10,0,1,1,0,27,2,TimesLTStd-Roman,9.963000297546387,310.83,577.36,538.29,611.28,577.36,171.65,310.83,37.71,"If both signatures are valid ( T ), the LI can now decrypt ct m and get the disputed message m and the dispute summary m ."
10,0,1,1,0,7,14,TimesLTStd-Roman,9.166000207265219,310.83,615.38,432.62,626.26,615.38,156.67,310.83,143.38,Then it checks if received m h
10,0,1,1,0,36,14,TimesLTStd-Roman,9.36525022983551,316.8,611.52,538.29,650.79,611.52,132.14,316.8,37.71,"? = H 1 ( m ) , to confirm that the disputed message m has not been altered by V R . If m is altered, V R is accountable. If not altered, LI performs"
10,0,1,1,0,11,2,TimesLTStd-Roman,9.963000297546387,316.81,651.24,538.29,661.25,651.24,121.68,316.81,37.71,a message content check of m and m (beyond our scope)
10,0,1,1,0,14,14,TimesLTStd-Roman,9.36525022983551,316.8,662.87,538.29,674.7,662.87,108.23,316.8,37.71,to decide whether or not to put the public key of V S in
10,0,1,1,0,12,14,TimesLTStd-Roman,9.36525022983551,310.83,686.78,538.29,697.99,686.78,84.93,310.83,37.71,"If LI blacklists a disputed vehicle V S , it broadcasts the"
10,0,0,1,0,20,2,TimesLTStd-Roman,9.963000297546387,316.8,699.11,538.29,721.03,699.11,61.9,316.8,37.71,"most recent B-list to its region using the epoch key and a signature (same as V2V). Then, it informs the"
10,0,1,1,0,10,14,TimesLTStd-Roman,9.36525022983551,316.8,722.65,538.29,734.48,722.65,48.45,316.8,37.71,parent CA of the corresponding vehicle V S about being
10,0,0,1,1,3,12,FormataOTF-Reg,5.978000164031982,36.17,746.92,85.23,752.89,746.92,30.03,36.17,490.77,"VOLUME 12, 2024"
11,0,0,1,0,11,10,FormataOTF-Reg,6.973999977111816,295.79,26.0,538.29,32.98,26.0,749.95,295.79,37.71,S. Naskar et al.: Scheme for Distributed Vehicle Authentication and Revocation
11,0,0,1,0,151,2,TimesLTStd-Roman,9.963000297546387,36.17,65.49,277.38,267.93,65.49,515.0,36.17,298.62,"revoked. LI can reject V2I authenticated key sharing for the disputed vehicle for the next epoch. For any other case, the LI considers the report malicious and rejects it. Algorithm 4 presents the stepwise revocation performed by the LI after receiving a report. Note that if a dispute is reported, the original identity of the malicious vehicle is only revealed to the corresponding CA and not to the LI, which can only block the vehicle by blacklisting and rejecting further authentication. This preserves the original identity-based privacy of the vehicle at LI. This is unique as it allows multi- level dispute management from a very minor to a major dispute. A legitimate vehicle can then update the most recent B-list received from the LI and cease receiving messages from the identified malicious senders listed in B-list. This ensures that vehicles do not accept messages from malicious senders, thereby enhancing their safety."
11,0,0,1,1,2,4,FormataOTFMdIt,8.965999603271484,37.17,283.89,96.2,292.85,283.89,490.08,37.17,479.8,F. HANDOVER
11,0,0,1,0,66,2,TimesLTStd-Roman,9.963000297546387,36.17,295.65,277.39,389.67,295.65,393.25,36.17,298.61,"When a vehicle V moves from one inspector’s region to another, a handover sub-protocol is performed to facilitate a smooth and easy vehicle transition in the system. While switching from one LI region to another, the vehicle’s traffic route-based privacy must be preserved. Algorithm 5 presents the handover protocol performed by an LI to which a vehicle has requested a handover; the detailed description is below."
11,1,0,1,0,5,2,TimesLTStd-Bold,9.963000297546387,41.15,407.18,160.39,417.29,407.18,365.64,41.15,415.61,Algorithm 5 Handover at CA
11,1,1,1,0,14,14,TimesLTStd-Bold,9.347091111269863,46.13,421.54,213.02,433.6,421.54,349.33,46.13,362.98,"Input: Handover tuple [A f , pk , pk C , σ 3 ]"
11,1,0,1,0,9,2,TimesLTStd-Bold,9.963000297546387,46.13,433.49,224.42,443.88,433.49,339.05,46.13,351.58,"Output: Share ( α, β ) with requesting LI/CA"
11,1,0,1,0,3,14,TimesLTStd-Bold,8.96666685740153,37.66,445.73,68.54,455.84,445.73,327.09,37.66,507.46,1 if Ver
11,0,1,1,0,4,14,TimesLTStd-Italic,9.36525022983551,74.21,445.45,104.79,456.75,445.45,326.18,74.21,471.21,"pk , H 1"
11,0,1,1,0,4,14,TimesLTStd-Roman,9.36525022983551,110.96,444.64,135.23,456.71,444.64,326.21,110.96,440.77,A f || H
11,0,0,1,1,2,2,MTSYN,9.963000297546387,162.04,444.64,174.94,455.84,444.64,327.09,162.04,401.06,|| H
11,0,0,1,0,3,14,RMTMI,8.767500162124634,206.73,445.45,220.79,456.75,445.45,326.18,206.73,355.21,", σ 3"
11,0,1,1,1,2,2,TimesLTStd-Italic,9.963000297546387,251.58,444.64,262.2,455.79,444.64,327.14,251.58,313.8,T }
11,0,0,1,0,3,2,TimesLTStd-Roman,9.963000297546387,61.47,469.88,129.41,479.85,469.88,303.08,61.47,446.59,Compute Dec H
11,0,0,1,0,4,14,NimbusSanL-Regu,8.966500043869019,135.58,469.76,174.14,481.52,469.76,301.41,135.58,401.86,pk V sk C
11,0,1,1,0,3,14,RMTMI,9.166000207265219,179.07,469.46,193.33,480.72,469.46,302.2,179.07,382.67,", A f"
11,0,0,1,0,8,14,TimesLTStd-Roman,9.564500252405802,61.47,481.41,146.77,492.72,481.41,290.21,61.47,429.23,"Extract α, α 1 , β and t"
11,1,1,1,0,6,2,TimesLTStd-Bold,9.963000297546387,61.47,493.65,205.43,503.76,493.65,279.17,61.47,370.57,if record & B list then
11,0,0,1,1,3,14,TimesLTStd-Roman,9.166000207265219,121.53,504.62,146.87,518.52,504.62,264.41,121.53,429.13,1 = H
11,0,0,1,0,7,14,NimbusSanL-Regu,9.621428830283028,153.04,504.62,211.1,516.88,504.62,266.05,153.04,364.9,LIC H 2 (β || t )
11,1,0,1,0,4,14,TimesLTStd-Roman,8.767500162124634,91.08,516.57,140.51,530.48,516.57,252.45,91.08,435.49,1 = 1 then
11,0,0,1,0,9,14,TimesLTStd-Roman,9.36525022983551,92.16,529.33,227.96,540.64,529.33,242.29,92.16,348.04,"Share ( 1 , β ) to requesting LI/CA"
11,0,0,1,0,3,2,TimesLTStd-Roman,9.963000297546387,92.16,553.67,173.51,563.63,553.67,219.3,92.16,402.49,Malicious and reject
11,0,0,1,0,4,2,TimesLTStd-Roman,9.963000297546387,76.82,581.57,192.75,591.53,581.57,191.4,76.82,383.25,Malicious request and reject!
11,0,0,1,0,5,2,TimesLTStd-Roman,9.963000297546387,61.47,609.46,208.13,619.42,609.46,163.51,61.47,367.87,"Integrity check failed, reject request!"
11,0,0,1,0,75,2,TimesLTStd-Roman,9.963000297546387,36.17,636.29,277.38,733.57,636.29,49.36,36.17,298.62,"There are two following cases of handover sub-protocol : 1) the vehicle is moving from one LI to another within the same CA, 2) the vehicle is moving from one LI to another belonging to two different CAs. For both cases, let us assume that a vehicle is moving to a new LI region from the current LI, which may or may not be within the same CA. Then, the handover is as follows :"
11,0,0,1,0,23,2,TimesLTStd-Roman,9.963000297546387,310.83,65.49,538.29,88.9,65.49,694.03,310.83,37.71,"The vehicle generates a new ephemeral token string 1 with a new public key pair as ( sk , pk ) and computes"
11,0,0,1,0,6,14,TimesLTStd-Roman,9.36525022983551,316.8,88.16,414.26,100.27,88.16,682.66,316.8,161.74,a new pseudoID 1 = H
11,0,0,1,0,8,14,NimbusSanL-Regu,9.36525022983551,420.43,88.16,482.07,100.43,88.16,682.5,420.43,93.93,LIC H 2 (β 1 || t )
11,0,1,1,0,9,14,TimesLTStd-Roman,8.767500162124634,310.83,101.35,520.85,112.19,101.35,670.74,310.83,55.15,It then generates a pseudoID acquire request A f
11,0,0,1,0,3,2,MTSYN,9.963000297546387,316.8,100.12,538.29,123.27,100.12,659.66,316.8,37.71,= Enc H
11,0,0,1,0,3,14,NimbusSanL-Regu,9.298666795094809,351.34,113.18,387.95,124.95,113.18,657.98,351.34,188.05,sk pk C
11,0,0,1,0,9,14,RMTMI,9.431666904025608,392.89,112.07,450.31,124.18,112.07,658.75,392.89,125.69,", ( 1 || 1 || || t )"
11,0,0,1,0,16,2,TimesLTStd-Roman,9.963000297546387,310.83,113.31,538.29,159.14,113.31,623.79,310.83,37.71,". For the integrity of the request, a signature is generated by the vehicle as Sign"
11,0,0,1,0,4,14,NimbusSanL-Regu,9.36525022983551,340.75,148.75,371.1,160.05,148.75,622.88,340.75,204.9,"sk , H 1"
11,0,1,1,0,4,14,TimesLTStd-Roman,9.36525022983551,377.27,147.94,401.54,160.01,147.94,622.92,377.27,174.46,A f || H
11,0,0,1,1,2,2,MTSYN,9.963000297546387,428.35,147.94,441.24,159.14,147.94,623.79,428.35,134.76,|| H
11,0,1,1,0,92,14,TimesLTStd-Roman,9.484800243377686,310.83,161.0,538.3,290.64,161.0,492.29,310.83,37.7,"The vehicle then sends the handover tuple [A f , pk , pk C , 3 ] to the new LI. The tuple consists of the public key pk C of the parent CA, where the vehicle is initially registered. The LI forwards the tuple to the connected CA. The CA can now check if it is the parent CA for the vehicle; oth- erwise, simply forward the request to the corresponding parent CA. Once received, the parent CA first checks the integrity of the request by verifying the signature as Ver"
11,0,1,1,0,4,14,TimesLTStd-Italic,9.36525022983551,336.31,280.25,366.88,291.56,280.25,491.37,336.31,209.12,"pk , H 1"
11,0,1,1,0,4,14,TimesLTStd-Roman,9.36525022983551,373.06,279.45,397.33,291.52,279.45,491.41,373.06,178.67,A f || H
11,0,0,1,1,2,2,MTSYN,9.963000297546387,424.14,279.45,437.03,290.64,279.45,492.29,424.14,138.97,|| H
11,0,0,1,0,3,14,RMTMI,8.767500162124634,468.82,280.25,482.89,291.56,280.25,491.37,468.82,93.11,", σ 3"
11,0,1,1,1,13,2,TimesLTStd-Italic,9.963000297546387,310.83,279.45,537.96,302.6,279.45,480.33,310.83,38.04,"T / F } . If valid, the parent CA computes Dec H"
11,0,0,1,0,3,14,NimbusSanL-Regu,9.298666795094809,479.75,292.51,516.36,303.6,292.51,479.33,479.75,59.64,pk sk C
11,0,1,1,0,16,14,RMTMI,9.166000207265219,316.81,292.21,535.55,316.05,292.21,466.88,316.81,40.45,", A f and extracts the values α, α 1 , β 1 and t ."
11,0,0,1,0,68,2,TimesLTStd-Roman,9.963000297546387,310.83,316.54,538.29,410.19,316.54,372.73,310.83,37.71,"If a match with received is found in the CA’s record, it proceeds to the next steps or discards the request. Check if the vehicle has been reported by any of its connected LIs previously and currently needs to be revoked. If yes, then discard the request or proceed to the next step. If not revoked, the CA selects the corresponding LIC value from its record and computes"
11,0,0,1,0,8,14,NimbusSanL-Regu,9.36525022983551,330.17,410.95,391.81,423.22,410.95,359.71,330.17,184.19,LIC H 2 (β 1 || t )
11,0,0,1,0,9,14,TimesLTStd-Roman,9.484800243377686,400.35,411.76,538.3,423.06,411.76,359.87,400.35,37.7,"with received 1 , t , and verify if"
11,0,0,1,0,18,14,TimesLTStd-Roman,8.767500162124634,310.83,423.72,538.29,451.03,423.72,331.9,310.83,37.71,"? = 1 . If matched, the parent CA shares the pair 1 , β 1 with the"
11,0,0,1,0,17,2,TimesLTStd-Roman,9.963000297546387,316.8,451.52,538.29,473.44,451.52,309.49,316.8,37.71,requesting CA or LI. The vehicle can now perform the -authentication process with the new LI. If
11,0,0,1,0,5,14,TimesLTStd-Roman,8.767500162124634,498.37,462.25,538.29,476.15,462.25,306.77,498.37,37.71,"1 ̸= 1 , the"
11,0,0,1,0,46,2,TimesLTStd-Roman,9.963000297546387,310.83,475.43,538.29,545.17,475.43,237.76,310.83,37.71,parent CA rejects the request as malicious. It is notable that every pseudoID has an expiry time shared with the requesting LI. Once it expires the LI removes all the that are no longer valid and the corresponding vehicle performs a handover to update its pseudoID.
11,1,0,1,1,5,4,FormataOTF-Bold,8.965999603271484,298.07,568.38,460.23,577.41,568.38,205.52,298.07,115.77,V. PRIVACY AND SECURITY ANALYSIS
11,0,0,1,0,123,2,TimesLTStd-Roman,9.963000297546387,297.08,579.56,538.3,732.98,579.56,49.95,297.08,37.7,"The well-established elliptic curve cryptography is the security backbone of the proposed scheme and its privacy guarantees. To evaluate the privacy and security capabilities of our proposed scheme, we follow a methodology similar to that of Cui et al. [17] , Feng et al. [12] , and Inedjaren et al. [14] . We adapt the specific security requirements outlined in section III -B as our security test cases. These requirements are then scrutinized against the designed threat model presented in section III -A, which corresponds with analogous models discussed by Mejri et al. [28] and Zhang et al. [4] . Using this approach, each subprotocol within our proposed scheme undergoes analysis to assess its adherence to the security requirements. We examine secret security"
11,0,0,1,1,3,12,FormataOTF-Reg,5.978000164031982,489.23,746.92,538.29,752.9,746.92,30.03,489.23,37.71,"VOLUME 12, 2024"
12,0,0,1,0,11,10,FormataOTF-Reg,6.973999977111816,36.17,26.0,278.67,32.98,26.0,749.95,36.17,297.33,S. Naskar et al.: Scheme for Distributed Vehicle Authentication and Revocation
12,0,0,1,0,44,2,TimesLTStd-Roman,9.963000297546387,36.17,65.49,277.38,135.22,65.49,647.7,36.17,298.62,"parameters, keys, and cryptographic operations against potential adversaries to demonstrate the scheme’s security robustness. Furthermore, we conduct a comparative security analysis to clearly illustrate the level of safety assurance offered by our proposed scheme compared to other schemes, as detailed in Table 3 ."
12,0,0,1,1,3,4,FormataOTFMdIt,8.965999603271484,37.17,148.99,128.35,157.95,148.99,624.97,37.17,447.65,A. PRIVACY ANALYSIS
12,0,0,1,0,35,2,TimesLTStd-Roman,9.963000297546387,36.17,161.13,277.38,218.91,161.13,564.02,36.17,298.62,"The utmost importance of preserving vehicles’ privacy from internal and external adversaries is challenging. Vehicle privacy includes identity-based data, traffic routes, location traceability, and active and idle status. Several privacy challenges are therefore discussed below."
12,0,0,1,1,3,4,FormataOTF-Reg,8.965999603271484,36.17,232.69,112.76,241.66,232.69,541.27,36.17,463.24,1) IDENTITY THEFT
12,0,0,1,0,19,2,TimesLTStd-Roman,9.963000297546387,36.17,244.81,277.38,266.73,244.81,516.2,36.17,298.62,Our scheme achieves resistance against vehicle identity theft by not using original identities or license numbers in V2V or
12,0,1,1,0,8,14,TimesLTStd-Roman,9.166000207265219,36.17,268.72,277.38,280.18,268.72,502.75,36.17,298.62,V2I communication. A randomized certificate v is generated
12,0,0,1,0,66,2,TimesLTStd-Roman,9.963000297546387,36.17,280.68,277.38,362.37,280.68,420.56,36.17,298.62,using the pseudoID ( ) during the V2I authenticated key sharing. The authentication message tuple only allows a semi- trusted LI to relate the tuple to a specific pseudoID to perform authentication. But the pseudoID is a pseudorandom bitstring providing no information about the vehicle’s original identity or user. The original information is only available to a parent CA to which the vehicle is initially registered.
12,0,0,1,0,13,14,TimesLTStd-Roman,8.995143004826136,36.17,363.94,276.22,376.0,363.94,406.93,36.17,299.78,"Similarly, the signatures 1 , σ 2 with a public key pk V"
12,0,0,1,0,36,2,TimesLTStd-Roman,9.963000297546387,36.17,376.32,277.38,422.15,376.32,360.78,36.17,298.62,"shared during the V2V broadcast do not leak identity-based information. During a handover request, a message tuple from a vehicle V consists of the pseudoID , is always encrypted using the randomized symmetric secret key H"
12,0,0,1,0,4,14,NimbusSanL-Regu,8.966500043869019,233.88,412.06,272.44,423.82,412.06,359.11,233.88,303.56,sk V pk C
12,0,0,1,0,40,2,TimesLTStd-Roman,9.963000297546387,36.17,424.14,277.38,481.92,424.14,301.0,36.17,298.62,"known only by the parent CA and unknown to any external or internal adversary. Therefore, an internal adversary, such as a curious legitimate vehicle or an external adversary, cannot extract identity-based information from a message tuple sent by a vehicle."
12,0,0,1,1,5,4,FormataOTF-Reg,8.965999603271484,36.17,495.7,233.23,504.67,495.7,278.26,36.17,342.77,2) LOCATION TRACEABILITY AND UNLINKABILITY
12,0,0,1,0,43,2,TimesLTStd-Roman,9.963000297546387,36.17,507.46,277.38,565.61,507.46,217.32,36.17,298.62,"Location-based traceability of a vehicle V is blocked from an external adversary using unlinkable authentication param- eters sent by V in each epoch. In our scheme, unlinkability is achieved using pseudorandom values to generate an authentication message tuple in each epoch. Without relating"
12,0,0,1,0,12,14,TimesLTStd-Roman,9.006600189208985,36.17,567.6,277.38,579.06,567.6,203.87,36.17,298.62,"two V2I authentication tuples in any two epochs, 1 and 2 ,"
12,0,0,1,0,130,2,TimesLTStd-Roman,9.963000297546387,36.17,579.56,277.39,732.98,579.56,49.95,36.17,298.61,"other legitimate vehicles in the system cannot trace vehicle V ’s traffic route from one epoch to another based on its communication. When vehicle V moves from one LI region to another, it performs the handover subprotocol with a new public key pair by generating and sharing a new pseudoID such that, even if the two LIs communicate, they can not relate if two pseudoIDs and 1 or public keys pk V , pk belong to the exact vehicle V . However, in VANET, vehicles must share critical traffic information with other vehicles throughout an epoch period, allowing them to be traceable only for the epoch duration. As an epoch is short, possibly from a few seconds to a few minutes, the scope of traceability within an epoch is minimal."
12,0,0,1,1,5,4,FormataOTF-Reg,8.965999603271484,297.08,66.31,431.39,75.28,66.31,707.65,297.08,144.61,3) ACTIVE AND INACTIVE STATUS
12,0,0,1,0,86,2,TimesLTStd-Roman,9.963000297546387,297.08,78.07,538.3,184.04,78.07,598.89,297.08,37.7,"At which time a vehicle V is active in the network and which vehicles are inactive/inoperative is private information safe from other vehicles in the system and external adversaries. Only the corresponding LI can detect the pseudoID of V when active as it authenticates the vehicle. When a vehicle does not communicate with the LI, it assumes that either the vehicle has moved to another LI or has become inoperative. LI is a semi-trusted entity, so we presume this status information is safe with the LIs."
12,0,0,1,1,3,4,FormataOTFMdIt,8.965999603271484,298.07,201.41,394.85,210.38,201.41,572.55,298.07,181.15,B. SECURITY ANALYSIS
12,0,0,1,0,18,2,TimesLTStd-Roman,9.963000297546387,297.08,213.55,538.29,247.42,213.55,535.51,297.08,37.71,"Following the security requirements mentioned in Section III , we have analyzed the proposed scheme’s security guarantees below."
12,0,0,1,1,5,4,FormataOTF-Reg,8.965999603271484,297.08,264.81,487.81,273.77,264.81,509.15,297.08,88.19,1) MESSAGE CONFIDENTIALITY AND INTIGRETY
12,0,0,1,0,44,2,TimesLTStd-Roman,9.963000297546387,297.08,276.93,538.29,334.71,276.93,448.21,297.08,37.71,"The content of any message sent during a subprotocol in the scheme is encrypted using the current epoch key ( ek ) or the one-to-one symmetric key generated for AES encryption. For a V2V broadcast, if the message ( m ) is encrypted as"
12,0,1,1,0,77,2,MTSYN,9.963000297546387,297.08,323.52,538.3,418.4,323.52,364.53,297.08,37.7,"= Enc ( ek , m ) it is only decryptable by the vehicles having the current epoch information and the key ek . This means a non-confidential broadcast is only decryptable by authenticated vehicles in the same LI region at the current epoch and hidden from any external adversary listening to the communication. Similarly, an external or internal adversary curious to know the content of a shared confidential V2V message will fail to generate the symmetric"
12,0,1,1,0,16,14,TimesLTStd-Roman,8.96666685740153,297.08,419.16,538.29,432.99,419.16,349.94,297.08,37.71,key H ( sk V s pk V R ) used to generate cyphertext as =
12,0,1,1,0,11,14,TimesLTStd-Italic,8.876091090115635,318.25,432.06,391.41,445.09,432.06,337.84,318.25,184.59,"H ( sk V s pk V R ) , m"
12,0,0,1,0,21,2,TimesLTStd-Roman,9.963000297546387,297.08,432.49,538.29,466.36,432.49,316.56,297.08,37.71,"; therefore, the confidentiality of the message is always preserved. Whenever a message is received by a vehicle or an LI,"
12,0,0,1,0,13,14,TimesLTStd-Roman,9.36525022983551,297.08,468.0,538.29,479.39,468.0,303.54,297.08,37.71,the integrity is verified using the hash function H 1 () . For
12,0,0,1,0,8,2,TimesLTStd-Roman,9.963000297546387,297.08,480.31,538.29,490.27,480.31,292.65,297.08,37.71,"example, when an LI receives an authentication request,"
12,0,0,1,0,7,14,TimesLTStd-Roman,8.767500162124634,297.08,492.27,418.63,503.14,492.27,279.79,297.08,157.37,the integrity is checked as H 1
12,0,0,1,0,5,2,MTSYN,9.963000297546387,430.89,491.03,464.27,502.23,491.03,280.7,430.89,111.73,|| t || || H
12,0,1,1,0,4,14,MTSYN,9.166000207265219,497.04,491.03,538.28,503.11,491.03,279.82,497.04,37.72,= v . Sim-
12,0,0,1,0,44,2,TimesLTStd-Roman,9.963000297546387,297.08,504.22,538.29,550.05,504.22,232.88,297.08,37.71,"ilarly, an LI acknowledgment is verified by a vehicle as H 1 ( ct 2 || t || || H (σ 1 )) = ack . Using simple hash functions to preserve message integrity, our scheme is secure against message content modification in communication."
12,0,0,1,1,3,4,FormataOTF-Reg,8.965999603271484,297.08,567.44,401.32,576.4,567.44,206.53,297.08,174.68,2) MUTUAL VERIFIABILITY
12,0,0,1,0,48,2,TimesLTStd-Roman,9.963000297546387,297.08,579.56,538.29,651.75,579.56,131.18,297.08,37.71,"Any two communicating entities in both V2I and V2V communication must mutually verify their identities before accepting messages. Before sending an authentica- tion/handover tuple to an LI, a vehicle checks the validity of the LI’s public key by verifying the corresponding CA’s signature on pk L as Ver"
12,0,0,1,0,4,14,NimbusSanL-Regu,9.464750170707703,442.31,638.91,470.39,650.97,638.91,131.96,442.31,105.61,"pk C , H"
12,0,0,1,0,68,2,RMTMI,9.963000297546387,297.08,638.91,538.3,732.98,638.91,49.95,297.08,37.7,", σ { T , F } . Similarly, after receiving a request, LI verifies the vehicle’s authenticity before it shares the epoch key and information with the vehicle. Thus, the verifiability is mutual between vehicles and LIs. During V2V direct message sharing, only authenticated vehicles at the current epoch can mutually verify each other’s public key signed by the corresponding LI. A receiver vehicle can check the"
12,0,0,1,1,3,12,FormataOTF-Reg,5.978000164031982,36.17,746.92,85.23,752.89,746.92,30.03,36.17,490.77,"VOLUME 12, 2024"
13,0,0,1,0,11,10,FormataOTF-Reg,6.973999977111816,295.79,26.0,538.29,32.98,26.0,749.95,295.79,37.71,S. Naskar et al.: Scheme for Distributed Vehicle Authentication and Revocation
13,0,0,1,0,10,14,TimesLTStd-Roman,9.166000207265219,36.17,65.49,277.39,76.94,65.49,705.99,36.17,298.61,signature 1 on the sender vehicle’s public key by checking
13,0,0,1,0,4,14,NimbusSanL-Regu,9.464750170707703,55.67,77.01,84.67,89.08,77.01,693.85,55.67,491.33,"pk L , H"
13,0,1,1,0,3,14,NimbusSanL-Regu,7.970333417256673,90.84,77.32,109.58,90.04,77.32,692.89,90.84,466.42,pk V S
13,0,0,1,0,4,14,MTSYN,9.166000207265219,116.67,76.21,141.07,88.32,76.21,694.61,116.67,434.93,"|| ϵ, σ 1"
13,0,1,1,0,24,2,MTSYN,9.963000297546387,36.17,76.21,277.38,111.31,76.21,671.61,36.17,298.62,"{ T , F } and vice versa. Therefore, the proposed scheme allows only valid entities to verify each other, providing mutual verifiability successfully."
13,0,0,1,1,2,4,FormataOTF-Reg,8.965999603271484,36.17,125.09,119.29,134.06,125.09,648.87,36.17,456.71,3) ACCOUNTABILITY
13,0,0,1,0,29,2,TimesLTStd-Roman,9.963000297546387,36.17,137.22,277.38,171.09,137.22,611.84,36.17,298.62,"An authenticated but malicious vehicle in the system can send false messages, making it an internal adversary in the system. In our scheme, whenever a dispute is reported by"
13,0,1,1,0,10,14,CMSY10,9.166000207265219,36.17,172.71,277.38,183.92,172.71,599.01,36.17,298.62,"V R , the LI immediately enforces the revocation subprotocol"
13,0,0,1,0,19,2,TimesLTStd-Roman,9.963000297546387,36.17,185.04,277.38,206.96,185.04,575.97,36.17,298.62,"to identify the malicious vehicle and put it on the B-list, which will prevent other vehicles from accepting messages"
13,0,1,1,0,23,14,TimesLTStd-Roman,9.36525022983551,36.17,208.58,277.39,232.36,208.58,550.57,36.17,298.61,"from the malicious V S . During V2V direct message sharing, the receiver V R is only allowed to accept a message if"
13,0,1,1,0,23,14,TimesLTStd-Roman,8.767428738730294,36.17,232.73,277.38,256.27,232.73,526.66,36.17,298.62,the signature 1 on the sender’s public key pk V S and the signature 2 on the message is verified within the current
13,0,0,1,0,8,2,TimesLTStd-Roman,9.963000297546387,36.17,256.77,277.38,266.73,256.77,516.2,36.17,298.62,"epoch. Therefore, whenever a dispute report is received,"
13,0,1,1,0,22,14,TimesLTStd-Roman,9.36525022983551,36.17,268.35,277.39,291.52,268.35,491.41,36.17,298.61,the LI confirms that the reporting vehicle V R has already verified the disputed V S ’s authenticity. To avoid false dispute
13,0,0,1,0,9,2,TimesLTStd-Roman,9.963000297546387,36.17,292.63,277.38,302.6,292.63,480.33,36.17,298.62,"reports against any vehicle, the LI verifies the signatures"
13,0,0,1,0,13,14,TimesLTStd-Roman,8.767500162124634,41.49,304.16,277.38,316.05,304.16,466.88,41.49,298.62,"2 , σ 3 on the disputed message to confirm if the disputed"
13,0,1,1,0,12,14,TimesLTStd-Roman,9.36525022983551,36.17,316.17,277.38,328.0,316.17,454.93,36.17,298.62,"sender V S indeed sent it. However, in our assumption, LI is"
13,0,0,1,0,10,2,TimesLTStd-Roman,9.963000297546387,36.17,328.5,277.38,338.46,328.5,444.47,36.17,298.62,"a semi-trusted entity and, therefore, is not allowed to know"
13,0,1,1,0,40,14,TimesLTStd-Roman,9.36525022983551,36.17,340.08,277.39,375.21,340.08,407.72,36.17,298.61,"the real identity of V S . If a report is valid, then LI first B-lists V S as a malicious vehicle and then reports the incident to V S ’s parent CA, who can disclose the real identity of"
13,0,0,1,0,33,2,TimesLTStd-Roman,9.963000297546387,36.17,376.32,277.38,422.15,376.32,360.78,36.17,298.62,"the malicious vehicle if necessary. If the dispute report is invalid, the LI can hold the reporting vehicle accountable for false reporting. Thus, our proposed scheme achieves privacy-preserving direct accountability in handling disputes."
13,0,0,1,1,3,4,FormataOTF-Reg,8.965999603271484,36.17,435.93,167.65,444.89,435.93,338.03,36.17,408.35,4) MAN-IN-THE-MIDDLE ATTACK
13,0,0,1,0,52,2,TimesLTStd-Roman,9.963000297546387,36.17,447.68,277.39,517.79,447.68,265.14,36.17,298.61,"An adversary A listening to the network can try to intercept messages and perform cryptanalysis to acquire secret and confidential data. This attack is possible each time a vehicle sends any message tuple, such as the V2I authentication and response tuple, the V2V communication tuple, the report tuple, and the handover tuple."
13,0,1,1,0,27,14,TimesLTStd-Roman,9.347091111269863,36.17,519.36,277.39,543.19,519.36,239.73,36.17,298.61,"The authentication tuple [ v , ct 1 , pk V , t ] consists of a certificate v which is a randomized hash value containing the"
13,0,0,1,0,11,2,TimesLTStd-Roman,9.963000297546387,36.17,543.27,277.38,553.66,543.27,229.27,36.17,298.62,"secret parameters α, β . But as hash functions are irreversible,"
13,0,1,1,0,68,14,TimesLTStd-Roman,9.166000207265219,36.17,555.65,277.39,614.34,555.65,168.58,36.17,298.61,"generating the secret parameters back from v is not possible by A . The ct 1 is an encrypted message with the secret key H( sk V pk L ), only decryptable by the corresponding LI. The response tuple, [ ack , ct 2 , t , σ 1 ] also consists of an irreversible hash value ( ack ) and encrypted ciphertext ct 2 . The timestamp"
13,0,0,1,0,19,2,NimbusSanL-Regu,9.963000297546387,36.17,615.3,277.39,637.34,615.3,145.59,36.17,298.61,"t in these tuples is masked into the hashed values; therefore, changing them will be detected by the receiver."
13,0,1,1,0,19,14,TimesLTStd-Roman,9.066333532333374,46.13,638.91,277.38,651.93,638.91,131.0,46.13,298.62,"From the V2V communication tuple [ ζ, σ 1 , σ 2 , pk V S , t ],"
13,0,0,1,0,21,2,TimesLTStd-Roman,9.963000297546387,36.17,651.29,277.38,673.21,651.29,109.72,36.17,298.62,the adversary can get a public key and its corresponding signature. But the ciphertext is not decryptable by A as it
13,0,1,1,0,17,14,TimesLTStd-Roman,8.767400169372559,36.17,675.08,277.38,687.8,675.08,95.13,36.17,298.62,"does not have the encryption key ek or H( sk V S pk V R ). Also,"
13,0,0,1,0,35,2,CMSY10,9.963000297546387,36.17,686.78,277.38,721.03,686.78,61.9,36.17,298.62,"A can not check the validity of a public key or a message in transmission as it does not know the epoch information that is used to sign the public key. Similarly, the report tuple"
13,0,1,1,0,26,14,TimesLTStd-Roman,9.006550192832947,36.17,722.59,277.38,735.62,722.59,47.31,36.17,298.62,"[ 2 , σ 3 , ζ, t , ct m , pk V S , pk V R ] only allows A to look into"
13,0,0,1,0,28,2,TimesLTStd-Roman,9.963000297546387,297.08,65.49,538.29,99.36,65.49,683.57,297.08,37.71,"the public keys and signatures, which leak no confidential information. The encrypted messages do not provide any information to an external adversary as it does not have the"
13,0,1,1,0,18,14,TimesLTStd-Roman,9.165900182723998,297.08,100.93,538.29,113.27,100.93,669.66,297.08,37.71,epoch key ( ek ) or the encryption key H( sk V R . pk L ). Even
13,0,0,1,0,21,2,TimesLTStd-Roman,9.963000297546387,297.08,113.31,538.29,135.22,113.31,647.7,297.08,37.71,"though the adversary can guess which public key might be reported, it does not pose any direct or indirect security threat"
13,0,1,1,0,15,14,TimesLTStd-Roman,9.232333501180014,297.08,136.79,538.29,148.86,136.79,634.07,297.08,37.71,"to the system. The handover tuple [A f , pk V ] and update tuple"
13,0,0,1,0,10,2,TimesLTStd-Roman,9.963000297546387,297.08,149.17,538.29,171.09,149.17,611.84,297.08,37.71,similarly provides no information to the external or internal adversary.
13,0,0,1,1,3,4,FormataOTF-Reg,8.965999603271484,297.08,184.87,373.85,193.84,184.87,589.09,297.08,202.15,5) REPLAY ATTACK
13,0,0,1,0,65,2,TimesLTStd-Roman,9.963000297546387,297.08,196.62,538.29,278.69,196.62,504.24,297.08,37.71,"To perform replay attacks, A first intercepts a message and then sends it again with/without modification to get unautho- rized access. The use of timestamps t in the communication tuples protects them from being replayed. As the timestamps are masked with secret parameters into the hashed values or integrated into encrypted values, changing them in the tuple will be easily detectable. For example, the timestamp"
13,0,1,1,0,13,14,TimesLTStd-Roman,9.166000207265219,297.08,279.44,538.29,303.51,279.44,479.42,297.08,37.71,in the authentication tuple is included in the certificate v = H 2
13,0,0,1,0,5,2,MTSYN,9.963000297546387,320.32,291.4,353.69,302.6,291.4,480.33,320.32,222.31,|| t || || H
13,0,0,1,0,18,2,TimesLTStd-Roman,9.963000297546387,297.08,292.63,538.3,314.55,292.63,468.38,297.08,37.7,"; therefore changing them in the tuple is detectable. Also, as α, β are secret parameters, an adversary"
13,0,1,1,0,5,14,TimesLTStd-Roman,9.166000207265219,297.08,316.54,375.49,327.38,316.54,455.54,297.08,200.51,can not generate v .
13,0,0,1,0,54,2,TimesLTStd-Roman,9.963000297546387,297.08,328.5,538.29,398.24,328.5,384.69,297.08,37.71,"A malicious, legitimate vehicle becomes an internal adver- sary when it tries to reuse a signed public key from one ses- sion to send authenticated V2V messages in another session within the same LI. To avoid this, during V2I key sharing, the LI signs the vehicle’s public key with the current epoch information Sign"
13,0,0,1,0,4,14,NimbusSanL-Regu,9.464750170707703,372.58,387.85,401.02,399.24,387.85,383.69,372.58,174.98,"sk L , H"
13,0,0,1,0,4,14,TimesLTStd-Roman,8.767500162124634,475.17,388.28,538.28,399.15,388.28,383.78,475.17,37.72,"1 . Also, during"
13,0,0,1,0,14,2,TimesLTStd-Roman,9.963000297546387,297.08,400.23,538.29,422.15,400.23,360.78,297.08,37.71,"V2V, a receiver vehicle checks the receiver’s signature with the current epoch information Ver"
13,0,0,1,0,4,14,NimbusSanL-Regu,9.464750170707703,434.66,411.76,463.66,423.82,411.76,359.11,434.66,112.34,"pk L , H"
13,0,1,1,0,3,14,NimbusSanL-Regu,7.970333417256673,469.83,412.06,488.57,424.78,412.06,358.15,469.83,87.43,pk V S
13,0,0,1,0,4,14,MTSYN,9.166000207265219,495.66,410.95,520.06,423.06,410.95,359.87,495.66,55.94,"|| ϵ, σ 1"
13,0,1,1,0,38,2,MTSYN,9.963000297546387,297.08,422.91,538.3,458.01,422.91,324.91,297.08,37.7,"{ T , F } . Therefore, a signature on the public key is only valid for the epoch in which it was generated and signed. Using it in a different epoch will not pass the verification process."
13,0,0,1,1,3,4,FormataOTF-Reg,8.965999603271484,297.08,471.79,454.53,480.76,471.79,302.17,297.08,121.47,6) IMPERSONATION ATTACK/FRAMING
13,0,0,1,0,61,2,TimesLTStd-Roman,9.963000297546387,297.08,483.55,538.3,553.66,483.55,229.27,297.08,37.7,"The adversary A can try to impersonate or frame a legitimate vehicle or even an LI to acquire illegal access to the system. To protect the legitimacy of the entities, our scheme imposes an authenticity check solely provided by trusted CAs. Each LI in the system is registered to a particular CA who also signs the LI’s public key as Sign"
13,0,0,1,0,4,14,NimbusSanL-Regu,9.464750170707703,444.72,543.27,472.24,554.65,543.27,228.27,444.72,103.76,"sk C , H"
13,0,0,1,0,19,2,TimesLTStd-Roman,9.963000297546387,297.08,543.69,538.3,577.57,543.69,205.36,297.08,37.7,". To impersonate a valid LI, A must acquire this signature to pass the public key validity check Ver"
13,0,0,1,0,4,14,NimbusSanL-Regu,9.464750170707703,452.21,567.18,480.29,579.24,567.18,203.69,452.21,95.71,"pk C , H"
13,0,0,1,0,77,2,RMTMI,9.963000297546387,297.08,567.18,538.3,673.21,567.18,109.72,297.08,37.7,", σ { T , F } by the vehicles. As the CAs decide and verify each LI before installation, impersonating them becomes impossible for A . Similarly, vehicles are initially registered to a parent CA to acquire a secret license number with long-term pseudoID. Therefore, impersonating a vehicle will require A to access the secret parameters of the vehicle, which are assumed to be safe in the tamper-protected area on the OBU unit of the vehicle."
13,0,0,1,1,2,4,FormataOTF-Reg,8.965999603271484,297.08,686.99,366.19,695.95,686.99,86.98,297.08,209.81,7) REPUDIATION
13,0,0,1,0,27,2,TimesLTStd-Roman,9.963000297546387,297.08,699.11,538.29,732.98,699.11,49.95,297.08,37.71,"Repudiation takes place when a sender or receiver denies acknowledging a send or receive of a message. In our scheme, the V2V communication and revocation subprotocol could"
13,0,0,1,1,3,12,FormataOTF-Reg,5.978000164031982,489.23,746.92,538.29,752.89,746.92,30.03,489.23,37.71,"VOLUME 12, 2024"
14,0,0,1,0,11,10,FormataOTF-Reg,6.973999977111816,36.17,26.0,278.67,32.98,26.0,749.95,36.17,297.33,S. Naskar et al.: Scheme for Distributed Vehicle Authentication and Revocation
14,1,0,1,0,18,10,FormataOTF-Bold,6.973999977111816,36.17,66.06,422.9,73.08,66.06,709.85,36.17,153.1,TABLE 3. Comparative study on security guarantees provided by proposed scheme vs similar state of the art schemes.
14,0,0,1,0,41,2,TimesLTStd-Roman,9.963000297546387,36.17,224.72,277.38,282.51,224.72,500.42,36.17,298.62,"be a potential target for an internal adversary, such as a malicious vehicle, to perform repudiation. To bring non- repudiation in our scheme, a sender vehicle needs to sign a message with its secret key and an epoch-specific value as Sign"
14,0,1,1,0,9,14,NimbusSanL-Regu,9.033111307356092,60.12,271.31,122.55,284.46,271.31,498.46,60.12,453.45,"sk V S , H 1 (ζ || ρ)"
14,0,0,1,0,8,14,TimesLTStd-Roman,9.006600189208985,150.09,272.54,277.38,284.0,272.54,498.93,150.09,298.62,( 2 ). The signature 2 and the
14,0,0,1,0,62,14,TimesLTStd-Roman,9.745636636560613,36.17,283.26,277.39,354.24,283.26,428.69,36.17,298.61,epoch-specific value = H 1 ( ek || || t ) guarantee the receiver that the sender has signed the message at a specific time t and belongs to the same epoch. A receiver only accepts messages if the sender’s public key is valid in the current epoch and if the message is signed with the corresponding secret key by verifying Ver
14,0,1,1,0,12,14,NimbusSanL-Regu,8.887000179290771,148.87,343.04,227.58,356.87,343.04,426.06,148.87,348.42,"pk V S , H 1 (ζ || ρ) , σ 2"
14,0,1,1,1,94,2,MTSYN,9.963000297546387,36.17,343.04,277.38,461.83,343.04,321.09,36.17,298.62,"→{ T , F } . When a vehicle is reported to the LI, it also checks the signatures on the messages in the same way, to confirm the signature legitimacy of the sender and the receiver at the current epoch. Since the secret key sk V of a sender vehicle is kept confidential and used to sign messages, while the corresponding public key pk V is the sole key for successful signature verification, this means that a sender cannot deny having signed a message, and a receiver cannot deny receiving a valid signature."
14,0,0,1,1,3,4,FormataOTF-Reg,8.965999603271484,36.17,479.68,104.91,488.65,479.68,294.28,36.17,471.09,8) SYBIL ATTACK
14,0,0,1,0,108,2,TimesLTStd-Roman,9.963000297546387,36.17,491.8,277.38,621.32,491.8,161.61,36.17,298.62,"In our scheme, a particular vehicle has only one parent CA to which it is registered. A malicious vehicle trying to register in multiple CAs will be detected in the registration process. Also, a malicious vehicle might try to have multiple instances at any LI by continuously generating and sending handover requests to acquire new pseudoIDs. The CA can easily handle this by analyzing the vehicle’s activity, as handover has to be confirmed by the parent CA. If the parent CA detects that the vehicle is requesting different pseudoIDs at the same LI, it can simply reject the request and send a negative acknowledgment to the requesting vehicle."
14,0,0,1,1,6,4,FormataOTF-Reg,8.965999603271484,36.17,639.17,189.72,648.13,639.17,134.8,36.17,386.28,9) DENIAL OF SERVICE (DOS) ATTACK
14,0,0,1,0,67,2,TimesLTStd-Roman,9.963000297546387,36.17,651.29,277.38,732.98,651.29,49.95,36.17,298.62,"A DoS attack aims to make the system resources unavailable to its user. In our case, an external adversary can try to flood the network with fake authentication messages and make the LI busy. However, the step-wise V2I verification process first checks the existence of the ephemeral token in its database before further processing. This check can be done extremely fast, allowing LI to reject malicious authentication"
14,0,0,1,0,62,2,TimesLTStd-Roman,9.963000297546387,297.08,224.72,538.29,318.37,224.72,464.56,297.08,37.71,"messages in the first step of execution. Similarly, if an already authenticated malicious vehicle as an internal adversary continuously sends multiple authentication requests, the LI can detect its activity while authenticating and reject the malicious requests. Therefore, the step-wise fast verification allows our scheme to deal with flooded malicious requests to be rejected extremely fast, reducing the possibility of DoS attacks significantly."
14,0,0,1,1,6,4,FormataOTFMdIt,8.965999603271484,298.07,340.27,517.63,349.24,340.27,433.69,298.07,58.37,C. COMPARATIVE SECURITY AND PRIVACY ANALYSIS
14,0,0,1,0,291,2,TimesLTStd-Roman,9.963000297546387,297.08,352.41,538.29,732.98,352.41,49.95,297.08,37.71,"Table 3 presents a comparative analysis of security and privacy strength provided by state-of-the-art schemes and the proposed scheme. The scheme by Wang et al. [11] is secure against traceability and original identity-based privacy thefts and has also achieved resistance against common security attacks such as confidentiality, integrity, MiMA, and framing. However, this scheme is vulnerable to replay attacks as a pseudonym, and its corresponding certificate can be stolen from a V2I authentication request. It can be used by another vehicle or adversary with a new timestamp and location information and can be successfully verified by the RSUs. Also, the scheme is vulnerable to repudiation and sybil attacks, as in V2V message sharing, the receiver vehicle cannot uniquely identify the sender of a message. Therefore, if a malicious sender randomly chooses a framing- free key, the receiver vehicle or CA cannot uniquely identify the sender. Revoking a malicious vehicle will require all the pseudonyms and corresponding certificates of a vehicle to be revoked from all RSUs, making it very inefficient. In the scheme by Cui et al. [17] , a vehicle’s original identity is also shared with cloud service providers, which can not be fully trusted. Also, the cloud service providers can communicate with each other and trace a vehicle’s path easily. It is also vulnerable to repudiation and sybil attacks, and revocation of malicious vehicles is not possible. The authentication request sent by a vehicle to a leader edge node in the scheme proposed by Yang et al. [8] includes the original vehicle identity. The request is sent using a public channel; therefore, identity-based privacy confidentiality is not preserved, allowing an adversary to perform MiMA. Even though trust authorities can identify a malicious vehicle, they can not achieve direct accountability"
14,0,0,1,1,3,12,FormataOTF-Reg,5.978000164031982,36.17,746.92,85.23,752.89,746.92,30.03,36.17,490.77,"VOLUME 12, 2024"
15,0,0,1,0,11,10,FormataOTF-Reg,6.973999977111816,295.79,26.0,538.29,32.98,26.0,749.95,295.79,37.71,S. Naskar et al.: Scheme for Distributed Vehicle Authentication and Revocation
15,0,0,1,0,115,2,TimesLTStd-Roman,9.963000297546387,36.17,65.49,277.38,207.87,65.49,575.06,36.17,298.62,"by immediately revoking a vehicle for sending malicious messages. In [12] , Feng et al. preserves user privacy in communication and protects from most of the common security attacks. However, mutual verifiability is not achieved as a sender always broadcasts non-confidential messages without knowing the receiver. Similar to [8] , this scheme is limited to only identifying a malicious vehicle but can not immediately prevent it from sending malicious messages. The scheme by Sikarwar and Himani [18] uses pseudonyms similar to the scheme [11] , but fails to protect location-based traceability as the public key of a vehicle remains the same and linkable. Also, using the personal ID ( Per _ ID 2 ) generated"
15,0,1,1,0,26,14,TimesLTStd-Roman,9.36525022983551,36.17,208.9,277.38,231.78,208.9,551.15,36.17,298.62,"by a vehicle and the public key ( Pubkey 2 ), an adversary can generate the private key ( Prikey 2 ). Therefore, integrity is lost,"
15,0,0,1,0,43,2,TimesLTStd-Roman,9.963000297546387,36.17,232.86,277.38,302.6,232.86,480.33,36.17,298.62,allowing adversaries to perform MiMA and replay attacks. Revocation of malicious vehicles is not possible. Heavy computation requirements in the authentication process make all these comparative schemes vulnerable to DoS attacks. The proposed scheme overcomes these issues and guarantees strong security and privacy.
15,1,0,1,1,3,4,FormataOTF-Bold,8.965999603271484,37.17,316.82,163.82,325.85,316.82,457.08,37.17,412.18,VI. PERFORMANCE ANALYSIS
15,0,0,1,0,86,2,TimesLTStd-Roman,9.963000297546387,36.17,328.0,277.38,457.52,328.0,325.41,36.17,298.62,"Scheme efficiency depends on minimizing several parame- ters, such as computation costs, communication overhead, and overall delay. Computation cost represents the execution delay in performing the cryptographic operations associated with different subprotocols, expressed in milliseconds or ms. Communication overhead is the total size of the message bytes sent during any subprotocol. The overall delay represents the sum of execution delay and transmission latency from the sender to the receiver. Table 5 lists the computation cost for each scheme operation with the number of cryptographic operations performed."
15,0,0,1,1,3,4,FormataOTFMdIt,8.965999603271484,37.17,471.78,132.47,480.74,471.78,302.18,37.17,443.53,A. SIMULATION SETUP
15,0,0,1,0,178,2,TimesLTStd-Roman,9.963000297546387,36.17,483.92,277.38,732.98,483.92,49.95,36.17,298.62,"The simulation of cryptographic operations to assess compu- tation delays in the proposed scheme follows a methodology similar to that used in various VANET schemes introduced by Yang et al. [8] , Wei et al. [7] , Feng et al. [12] , Sikarwar and Himani [18] and others. Notably, this simulation strategy focuses solely on the cryptographic functions utilized in the proposed scheme to determine their average execution times. Each cryptographic operation is individually implemented and then executed multiple times to gauge the average computation delay. Importantly, this implementation remains unaffected by parameters such as vehicle speed or status, as these factors do not impact the execution time of crypto- graphic operations. Rather, the execution time is contingent solely upon the simulation platform and available resources, such as computation power and memory, as previously mentioned. To extract the execution times of the cryptographic functions used in the protocol, we have used an Intel i7-6500U @ 2.50GHz CPU with two cores and four logical processors having 16GB of physical memory(RAM). We have used a Linux virtual environment and implemented"
15,0,0,1,0,95,2,TimesLTStd-Roman,9.963000297546387,297.08,65.49,538.29,171.44,65.49,611.49,297.08,37.71,"the cryptographic functions in C programming language using the OpenSSL cryptographic library [31] . The security parameter is set to 128 bits security; therefore, the AES symmetric key is set to 128 bits . Similarly, for the ECDSA, we have used the standard cryptographic curve “ secp 256 k 1”, which provides a security level of 128 bits (also used in bitcoin technology [32] ). The “ secp 256 k 1”curve is defined on a prime field of size 256 bits , and the order of the base point P is also 256 bits ."
15,0,0,1,1,3,4,FormataOTFMdIt,8.965999603271484,298.07,189.01,402.91,197.98,189.01,584.95,298.07,173.09,B. COMPUTATION COSTS
15,0,0,1,0,96,2,TimesLTStd-Roman,9.963000297546387,297.08,201.15,538.29,318.71,201.15,464.22,297.08,37.71,"To analyze the computation cost, the average execution time of each cryptographic operation is computed in the scheme and presented in Table 4 . During simulation, we assume equal computational capabilities for OBUs, LIs, and CAs, but CAs and LIs typically have greater resources in reality. From Table 5 , a vehicle takes 1 . 6196 ms to generate an authentication tuple and 1 . 8317 ms to get authenticated by an LI. Thus, the total computation cost from sending to acknowledge verification tuple is (1 . 6196 + 1 . 8317 + 0 . 0054)"
15,0,0,1,0,94,2,MTSYN,9.963000297546387,297.08,307.51,538.3,402.4,307.51,380.53,297.08,37.7,"= 3 . 4567 ms . For V2V direct messages, from generation to authentication, the scheme requires (1 . 0172 + 2 . 0648) = 3 . 082 ms for non-confidential and (1 . 8252 + 2 . 8728) = 4 . 698 ms for confidential broadcasts. Generating a report by a vehicle takes 1 . 015 ms , and LI verification takes 2 . 8728 ms . Handover request completion requires (1 . 8274 + 1 . 8453) = 3 . 6727 ms . A comparative analysis is done in Section VI ."
15,0,0,1,1,3,4,FormataOTFMdIt,8.965999603271484,298.07,419.97,436.53,428.94,419.97,353.99,298.07,139.47,C. COMMUNICATION OVERHEAD
15,0,1,1,0,188,2,TimesLTStd-Roman,9.963000297546387,297.08,432.06,538.29,669.39,432.06,113.53,297.08,37.71,"With a 128 bit security level, the hash function outputs H , H 1 , and H 2 are 16 , 32 , and 32 bytes respectively. This makes the secret license LIC , pseudoID , and ephemeral token each 16 bytes in size. Utilizing the secp 256 k 1”curve, a private key amounts to 32 bytes , and a public key occupies 64 bytes . For AES encryption in GCM (Galois/Counter Mode) [33] , the encrypted ciphertext size equals plaintext size plus an additional 16 bytes for the authentication tag. In V2I authentication, auxiliary information r is fixed at 16 bytes . Table 6 displays the total message sizes for each subpro- tocol in our scheme, facilitating computation cost analysis. Notably, in V2V message sharing, we’ve excluded the size of the message tuple, focusing solely on security and authenticity. This omission includes the size of , which represents the encrypted traffic information that vehicles share. Since traffic data varies, we exclude the size of from consideration. Similarly, when determining the report tuple size, we exclude the incident messages and ct m as they fall outside our scope."
15,0,0,1,1,3,4,FormataOTFMdIt,8.965999603271484,298.08,686.97,378.79,695.94,686.97,86.99,298.08,197.21,D. OVERALL DELAY
15,0,0,1,0,10,2,TimesLTStd-Roman,9.963000297546387,297.08,699.11,538.29,709.07,699.11,73.86,297.08,37.71,Let us consider the average transmission latency of a message
15,0,0,1,0,13,14,TimesLTStd-Roman,9.36525022983551,297.08,710.69,538.29,722.16,710.69,60.77,297.08,37.71,"from a sender point to a receiver is L ch . Notably, the"
15,0,0,1,0,8,2,TimesLTStd-Roman,9.963000297546387,297.08,723.02,538.29,732.98,723.02,49.95,297.08,37.71,"transmission latency depends on several parameters, such as"
15,0,0,1,1,3,12,FormataOTF-Reg,5.978000164031982,489.23,746.92,538.29,752.89,746.92,30.03,489.23,37.71,"VOLUME 12, 2024"
16,0,0,1,0,11,10,FormataOTF-Reg,6.973999977111816,36.17,26.0,278.67,32.98,26.0,749.95,36.17,297.33,S. Naskar et al.: Scheme for Distributed Vehicle Authentication and Revocation
16,1,0,1,0,11,10,FormataOTF-Bold,6.973999977111816,36.17,66.06,294.19,73.08,66.06,709.85,36.17,281.81,TABLE 4. Execution times of different cryptographic operations in our scheme.
16,1,0,1,0,12,10,FormataOTF-Bold,6.973999977111816,36.17,175.88,295.06,182.9,175.88,600.03,36.17,280.94,TABLE 5. Computation cost of all scheme operations in the proposed protocol.
16,1,0,1,0,13,10,FormataOTF-Bold,6.973999977111816,36.17,336.71,328.18,343.73,336.71,439.19,36.17,247.82,TABLE 6. Communication overhead or message sizes of each subprotocol in our scheme.
16,0,0,1,0,33,2,TimesLTStd-Roman,9.963000297546387,36.17,445.16,277.38,490.99,445.16,291.94,36.17,298.62,"the type of communication channel, the topology, vehicle speed, etc. However, for simplicity in the simulated case study and consistency in comparative studies, we have considered a generalized representation of these factors by"
16,0,0,1,0,11,14,CMSY10,9.166000207265219,36.17,492.61,277.39,504.08,492.61,278.85,36.17,298.61,"L ch . To analyze the overall delay, we combine computa-"
16,0,0,1,0,10,2,TimesLTStd-Roman,9.963000297546387,36.17,504.94,277.38,526.86,504.94,256.07,36.17,298.62,tion costs as execution delays and then add transmission latency.
16,0,1,1,0,5,2,TimesLTStd-Italic,9.963000297546387,66.32,539.52,247.23,565.61,539.52,217.32,66.32,328.77,OverallDelay = TotalExecutionDelay + TotalTransmissionLatency
16,0,0,1,0,163,2,TimesLTStd-Roman,9.963000297546387,36.17,579.56,277.38,732.98,579.56,49.95,36.17,298.62,"In the proposed scheme, a vehicle’s total execution delay for V2I authenticated key sharing is 3 . 4567 ms , requiring two transmissions (vehicle to LI, LI to vehicle). Thus, the overall latency for V2I communication is (3 . 4567 + 2 L ch ) ms . V2V non-confidential execution delay is 3 . 082 ms , with a single transmission directly from vehicle to vehicle, resulting in an overall V2V delay of (3 . 082 + L ch ) ms . A confidential direct V2V broadcast requires (4 . 6980 + L ch ) ms . A report takes an overall delay of (1 . 015 + 2 . 8728 + L ch ) ms = (3 . 8878 + L ch ) ms , while a handover from vehicle to CA entails an overall delay of (3 . 6727 + 2 L ch ) ms . For efficiency comparison, see Table 7 , which represents delay reduction with similar state-of-the-art schemes."
16,1,0,1,1,3,4,FormataOTF-Bold,8.965999603271484,298.08,445.94,418.18,454.97,445.94,327.96,298.08,157.82,VII. COMPARATIVE STUDIES
16,0,0,1,0,28,2,TimesLTStd-Roman,9.963000297546387,297.08,457.12,538.29,502.95,457.12,279.98,297.08,37.71,"In this section, we have analyzed and discussed the efficiency gains and advantages of our proposed distributed authentica- tion scheme in decentralized VANETs compared to similar state-of-the-art schemes."
16,0,0,1,1,4,4,FormataOTFMdIt,8.965999603271484,298.08,519.6,465.3,528.57,519.6,254.36,298.08,110.7,A. COMPARATIVE EFFICIENCY ANALYSIS
16,0,0,1,0,145,2,TimesLTStd-Roman,9.963000297546387,297.08,531.74,538.29,732.98,531.74,49.95,297.08,37.71,"To evaluate the efficiency of our protocol in reducing com- putation cost, communication overhead, and overall delay, we conducted a comparative analysis by benchmarking it against state-of-the-art protocols from existing literature. For a fair comparison, we have chosen only those schemes that have also proposed distributed authentication techniques for VANETs using ECC-based, bi-linear-based, and PKI-based protocols. From Table 1 , we specifically selected two ECC-based schemes by Cui et al. [17] and Wei et al. [7] , which provide an authenticated V2I key-sharing method. We also considered two bilinear-pairing-based schemes by Feng et al. [12] and by Sikarwar and Himani [18] , chosen for their exclusive authenticated direct V2V message-sharing capabilities. In addition, we included two more schemes by Wang et al. [11] and Yang et al. [8] , which, like our own protocol, offer both V2I authenticated key/token sharing and direct V2V message sharing."
16,0,0,1,1,3,12,FormataOTF-Reg,5.978000164031982,36.17,746.92,85.23,752.89,746.92,30.03,36.17,490.77,"VOLUME 12, 2024"
17,0,0,1,0,11,10,FormataOTF-Reg,6.973999977111816,295.79,26.0,538.29,32.98,26.0,749.95,295.79,37.71,S. Naskar et al.: Scheme for Distributed Vehicle Authentication and Revocation
17,0,0,1,0,231,2,TimesLTStd-Roman,9.963000297546387,36.17,65.49,277.39,362.55,65.49,420.38,36.17,298.61,"For this comparative analysis, we implemented these selected protocols under the same simulation conditions and measured the execution time for the cryptographic operations they entail. The simulation revealed that a bilinear pairing operation takes approximately T bp 2 . 0132 ms , while an exponentiation operation with two 128-bit values requires T exp 0 . 0253 ms . The execution time for the Lagrange interpolation operation is approximately T lag 0 . 1725 ms . Table 7 presents a comparative efficiency analysis to perform an authenticated V2I key sharing of our protocol and the selected protocols, all achieving a security level of 128 bits . We considered the total execution and communi- cation requirements for a vehicle to perform authentication in each protocol. The total latencies are considered by the number of communications needed by different entities in the system. For example, 6 L ch for scheme [17] means that the protocol requires six message transfers between various entities in the system to complete a V2I authentication and key sharing. For all the schemes assuming that the underlying channel has an ultra-low latency of L ch 1 ms as mentioned in [34] and [35] , we evaluated the overall delay by computing the sum of total execution delay and total transmission latency. To evaluate the efficiency gain in delay reduction, we incorporate a multiplicative coefficient by using the following formula :"
17,1,0,1,0,10,2,TimesLTStd-Bold,9.963000297546387,49.69,369.37,262.66,393.39,369.37,389.54,49.69,313.34,Multiplicative Efficiency Coefficient = Delay of B Delay of A
17,0,0,1,0,228,2,TimesLTStd-Roman,9.963000297546387,36.17,400.23,277.38,685.16,400.23,97.77,36.17,298.62,"where the multiplicative efficiency coefficient represents if the comparative scheme (B) is faster ( < 1) or slower ( > 1) than our scheme (A). In other words, the multiplicative efficiency coefficient shows if our proposed scheme is relatively fast or slow compared to other schemes. If the value of the multiplicative co-efficient is < 1, it means that the comparative scheme has a lower delay and is faster than our scheme. In contrast, if it is > 1, our scheme has a lower delay and is faster than the comparative scheme. The exact computed value of the multiplicative efficiency coefficient measures how much our proposed scheme is faster or slower than other schemes in terms of delay. Analysis of Table 7 reveals that compared to our proposed scheme, other ECC-based approaches incur a longer delay that makes them, at most, around 2.3 times slower when executing V2I authenticated key sharing. Moreover, pairing-based protocols exhibit a much longer delay that can be as high as 3 . 9 times our proposed scheme’s delay, making them 3 . 9 times slower in V2I authenticated key sharing. Similarly, Table 8 presents a comparative efficiency to perform directly authenticated V2V message sharing of our protocol and the selected protocols. The V2V execution delay represents the total execution time required from generating a message by the sender to verifying it at the"
17,0,0,1,0,11,14,TimesLTStd-Roman,9.36525022983551,36.17,686.78,277.38,698.92,686.78,84.01,36.17,298.62,receiver. The required channel latency is L ch for all the
17,0,0,1,0,27,2,TimesLTStd-Roman,9.963000297546387,36.17,699.11,277.38,732.98,699.11,49.95,36.17,298.62,schemes as we have only selected protocols that achieve direct V2V message sharing. The comparative efficiency gain From Table 8 shows that in comparison with our proposed
17,0,0,1,0,194,2,TimesLTStd-Roman,9.963000297546387,297.08,65.49,538.29,362.37,65.49,420.56,297.08,37.71,"scheme, the comparative state-of-the-art schemes have a maximum of 7 . 5 times longer delay, making them 7 . 5 times slower in performing V2V authenticated message sharing. Note that we have considered the computation time for non-confidential broadcast in V2V message sharing for comparative fairness as none of the other selected comparative schemes provides a V2V confidential message sharing. An alert within V2V communication signifies a message containing time-sensitive information necessitating imme- diate transmission and verification. As mentioned earlier, transmitting emergency alerts with proximity considerations aimed at collision avoidance is critical for V2V commu- nication. Particularly for vehicles operating at high speeds, it becomes imperative to generate and send alert messages swiftly, ensuring prompt delivery of the message to the receiver(s). In scenarios where protocols involve substantial computation durations for transmitting and receiving alert messages, there’s a risk that by the time the receiving vehicle(s) get the alert, they may have already traveled far enough that avoiding a collision becomes impossible. Therefore, reducing V2V execution time in generating and verifying messages directly facilitates vehicles in executing and transmitting emergency messages quickly, even when traveling at high speeds and in close proximity to other"
17,0,0,1,0,4,14,TimesLTStd-Roman,9.166000207265219,297.08,363.99,407.44,375.46,363.99,407.47,297.08,168.56,vehicles. Considering L ch
17,0,1,1,0,87,2,TimesLTStd-Roman,9.963000297546387,297.08,364.32,538.29,469.97,364.32,312.96,297.08,37.71,"1 ms [34] , our scheme requires (3 . 3753 + 1) = 4 . 3753 ms to successfully send and receive an alert using the same hardware simulation setup. This is significantly lower than the time required to execute and send a V2V message in other comparative schemes pre- sented in Table 8 . With the use of lightweight cryptographic operations and keeping the number of operations low in sending and receiving direct V2V authenticated messages, we have achieved a high-efficiency gain in V2V alert sharing."
17,0,0,1,1,2,4,FormataOTFMdIt,8.965999603271484,298.08,484.23,368.12,493.2,484.23,289.73,298.08,207.88,B. DISCUSSIONS
17,0,0,1,0,134,2,TimesLTStd-Roman,9.963000297546387,297.08,496.37,538.29,732.98,496.37,49.95,297.08,37.71,"Below, we summarize the insights of the comparative studies. 1) The proposed distributed VANET architecture offers significant advantages over traditional centralized VANETs, particularly in terms of scalability, fault tolerance, and overall reliability. By distributing tasks among multiple CAs, the architecture eliminates bot- tlenecks and enables efficient task distribution as the network scales. Additionally, the architecture ensures fault tolerance by tolerating failures of both CAs and LIs, with adaptive control mechanisms to manage network disruptions. Moreover, the distributed nature of the architecture enhances security and privacy through collaborative security defenses and improves resource availability by eliminating single points of failure. These features collectively contribute to a more robust and reliable VANET communication system, capable of meeting the demands of diverse and dynamic environments. 2) The proposed distributed LI-based authentication scheme effectively addresses scalability limitations and"
17,0,0,1,1,3,12,FormataOTF-Reg,5.978000164031982,489.23,746.92,538.29,752.89,746.92,30.03,489.23,37.71,"VOLUME 12, 2024"
18,0,0,1,0,11,10,FormataOTF-Reg,6.973999977111816,36.17,26.0,278.67,32.98,26.0,749.95,36.17,297.33,S. Naskar et al.: Scheme for Distributed Vehicle Authentication and Revocation
18,1,0,1,0,21,10,FormataOTF-Bold,6.973999977111816,36.17,66.06,513.09,73.08,66.06,709.85,36.17,62.91,TABLE 7. In above we present a comparative efficiency analysis of V2I authenticated key sharing with state-of-the-art schemes and our proposed
18,0,0,1,0,74,10,FormataOTFMd,6.973999977111816,36.17,74.47,535.76,106.55,74.47,676.38,36.17,40.24,"scheme. The execution delay reports the amount of delays obtained from the cryptographic operations. The transmission latency amounts the total channel communication delays. The overall delay provides an estimated delay in ms by summing up the execution delays, with the total transmission latency assuming L ch 1 ms . The delay comparison provides a multiplicative coefficient representing if the comparative scheme is slower( > 1) or faster ( < 1) than our proposed scheme."
18,1,0,1,0,21,10,FormataOTF-Bold,6.973999977111816,36.17,258.39,537.78,265.41,258.39,517.51,36.17,38.22,TABLE 8. In above we present comparative efficiency analysis of V2V authenticated key sharing with state-of-the-art schemes and our proposed scheme.
18,0,0,1,0,73,10,FormataOTFMd,6.973999977111816,36.17,266.8,528.9,298.88,266.8,484.05,36.17,47.1,"The execution delay reports the amount of delays obtained from the cryptographic operations. The transmission latency amounts the total channel communication delays. The overall delay provides an estimated delay in ms by summing up the execution delays, with the total transmission latency assuming L ch 1 ms . The delay comparison provides a multiplicative coefficient representing if the comparative scheme is slower( > 1) or faster ( < 1) than our proposed scheme."
18,0,0,1,0,156,2,TimesLTStd-Roman,9.963000297546387,46.13,458.52,277.38,731.5,458.52,51.43,46.13,298.62,"reliability issues inherent in centralized authentication mechanisms in high-density VANETs. By decentral- izing authentication and assigning Local Inspectors (LIs) to verify requests locally, the system mitigates concerns such as CA overloading, network congestion, and reliance on a single point of failure. With LIs handling authentication regionally, the impact of hardware or communication failures in specific areas on overall system functionality is minimized, ensuring high reliability. Furthermore, by bypassing the need for authentication requests to reach centralized authorities, our scheme eliminates additional delays associated with CA operations, promoting faster response times and enhancing reliability, particularly in time-sensitive communication scenarios within dense VANET envi- ronments. 3) The immediate revocation feature in the VANET environment significantly enhances security by swiftly blacklisting the public key of disputed senders upon verification of a valid report. This proactive measure, as detailed in the protocol, enables Local Inspectors (LIs) to broadcast the blacklist to their respective regions promptly, ensuring that all valid vehicles"
18,0,0,1,0,168,2,TimesLTStd-Roman,9.963000297546387,307.04,458.52,538.29,731.5,458.52,51.43,307.04,37.71,"cease receiving malicious messages from the identified malicious senders. By preventing the propagation of these harmful messages, the immediate revocation feature effectively mitigates the risks associated with compromised communication channels, thereby bol- stering safety for drivers and passengers within the VANET ecosystem. 4) The detailed privacy and security analysis in Section V , and the comparative analysis in Table 3 make it clear that our scheme is secure and can protect against various security attacks to which similar schemes are vulnerable. Therefore, our proposed scheme provides better passenger safety in VANET communications. 5) The performance analysis in Section VI and the comparative efficiency analysis from Table 7 and Table 8 show that our scheme requires comparatively less computation cost and overall delay in both V2V key sharing and V2V message sharing. The efficiency of the proposed V2I key sharing and V2V message sharing in VANETs heavily relies on employing lightweight cryptographic techniques such as symmet- ric key encryption/decryption and simple hash func- tions. By minimizing ECC-based operations, limiting"
18,0,0,1,1,3,12,FormataOTF-Reg,5.978000164031982,36.17,746.92,85.23,752.89,746.92,30.03,36.17,490.77,"VOLUME 12, 2024"
19,0,0,1,0,11,10,FormataOTF-Reg,6.973999977111816,295.79,26.0,538.29,32.98,26.0,749.95,295.79,37.71,S. Naskar et al.: Scheme for Distributed Vehicle Authentication and Revocation
19,0,0,1,0,107,2,TimesLTStd-Roman,9.963000297546387,46.13,65.49,277.38,266.73,65.49,516.2,46.13,298.62,"protocol-specific variables, utilizing non-interactive communication, and reducing third-party involvement, the scheme significantly decreases computation and communication costs while maintaining a high level of security. Additionally, the shorter travel path of authentication requests in distributed authentication further enhances efficiency by eliminating delays associated with centralized VANET architectures. 6) Even though the simulation results are platform- dependent, meaning that the execution times for cryptographic operations highly depend on the selected cryptographic library, simulation software, and hard- ware capabilities, our scheme will consistently outper- form the selected state-of-the-art comparative schemes regarding computation, communication, and overall delay due to the selection of lightweight cryptographic operations and reduction in trust party involvements."
19,1,0,1,1,2,4,FormataOTF-Bold,8.965999603271484,37.17,282.07,115.04,291.1,282.07,491.83,37.17,460.96,VIII. CONCLUSION
19,0,0,1,0,155,2,TimesLTStd-Roman,9.963000297546387,36.17,293.25,277.38,542.32,293.25,240.61,36.17,298.62,"This research addresses critical privacy and security chal- lenges in Vehicular Ad Hoc Networks (VANETs) by intro- ducing a novel hierarchical decentralized VANET authen- tication system. The proposed system eliminates single- point failures, enhances user autonomy during registration, and enables efficient and privacy-preserving Vehicle-to- Infrastructure (V2I) and Vehicle-to-Vehicle (V2V) com- munication. It offers swift and privacy-preserving vehicle revocation and supports close proximity alerts, allowing quick emergency responses. These contributions represent a significant step towards mitigating VANET security concerns, reducing latency, and prioritizing the privacy and security of vehicles in V2V and V2I communication. By eliminating the communication bottlenecks and effi- ciently offering immediate revocation of malicious vehicles, the proposed solution offers a promising advancement in the field of VANET connectivity and security. This research paves the way for a more resilient and responsive VANET ecosystem that can significantly enhance road safety and traffic management while safeguarding sensitive data and ensuring prompt communication in critical situations."
19,1,0,1,1,1,4,FormataOTF-Bold,8.965999603271484,37.17,557.35,90.76,566.38,557.35,216.55,37.17,485.24,REFERENCES
19,0,0,1,0,199,7,TimesLTStd-Roman,7.581999778747559,39.96,570.31,277.39,732.41,570.31,50.52,39.96,298.61,"[1] M. S. Sheikh and J. Liang, ‘‘A comprehensive survey on VANET security services in traffic management system,’’ Wireless Commun. Mobile Comput. , vol. 2019, pp. 1–23, Sep. 2019. [2] F. Azam, S. K. Yadav, N. Priyadarshi, S. Padmanaban, and R. C. Bansal, ‘‘A comprehensive review of authentication schemes in vehicular ad-hoc network,’’ IEEE Access , vol. 9, pp. 31309–31321, 2021. [3] R. Hussain, J. Lee, and S. Zeadally, ‘‘Trust in VANET: A survey of current solutions and future research opportunities,’’ IEEE Trans. Intell. Transp. Syst. , vol. 22, no. 5, pp. 2553–2571, May 2021. [4] J. Zhang, Q. Zhang, X. Lu, and Y. Gan, ‘‘A novel privacy-preserving authentication protocol using bilinear pairings for the VANET environ- ment,’’ Wireless Commun. Mobile Comput. , vol. 2021, pp. 1–13, Jun. 2021. [5] K. Gu, K. Wang, X. Li, and W. Jia, ‘‘Multi-fogs-based traceable privacy- preserving scheme for vehicular identity in Internet of Vehicles,’’ IEEE Trans. Intell. Transp. Syst. , vol. 23, no. 8, pp. 12544–12561, Aug. 2022. [6] C. Yang, P. Jiang, and L. Zhu, ‘‘Accelerating decentralized and partial- privacy data access for VANET via online/offline functional encryption,’’ IEEE Trans. Veh. Technol. , vol. 71, no. 8, pp. 8944–8954, Aug. 2022."
19,0,0,1,0,713,7,TimesLTStd-Roman,7.581999778747559,297.08,67.29,538.3,732.4,67.29,50.52,297.08,37.7,"[7] L. Wei, J. Cui, H. Zhong, I. Bolodurina, and L. Liu, ‘‘A lightweight and conditional privacy-preserving authenticated key agreement scheme with multi-TA model for fog-based VANETs,’’ IEEE Trans. Dependable Secur. Comput. , vol. 20, no. 1, pp. 422–436, Jan. 2023. [8] A. Yang, J. Weng, K. Yang, C. Huang, and X. Shen, ‘‘Delegating authentication to edge: A decentralized authentication architecture for vehicular networks,’’ IEEE Trans. Intell. Transp. Syst. , vol. 23, no. 2, pp. 1284–1298, Feb. 2022. [9] T. Chatterjee, R. Karmakar, G. Kaddoum, S. Chattopadhyay, and S. Chakraborty, ‘‘A survey of VANET/V2X routing from the perspective of non-learning- and learning-based approaches,’’ IEEE Access , vol. 10, pp. 23022–23050, 2022. [10] L. Zhang, Q. Wu, J. Domingo-Ferrer, B. Qin, and C. Hu, ‘‘Distributed aggregate privacy-preserving authentication in VANETs,’’ IEEE Trans. Intell. Transp. Syst. , vol. 18, no. 3, pp. 516–526, Mar. 2017. [11] P. Wang and Y. Liu, ‘‘SEMA: Secure and efficient message authentication protocol for VANETs,’’ IEEE Syst. J. , vol. 15, no. 1, pp. 846–855, Mar. 2021. [12] X. Feng, Q. Shi, Q. Xie, and L. Wang, ‘‘P2BA: A privacy-preserving proto- col with batch authentication against semi-trusted RSUs in vehicular ad hoc networks,’’ IEEE Trans. Inf. Forensics Security , vol. 16, pp. 3888–3899, 2021. [13] X. Li, T. Jing, R. Li, H. Li, X. Wang, and D. Shen, ‘‘BDRA: Blockchain and decentralized identifiers assisted secure registration and authentication for VANETs,’’ IEEE Internet Things J. , vol. 10, no. 14, pp. 12140–12155, Jul. 2022. [14] Y. Inedjaren, M. Maachaoui, B. Zeddini, and J.-P. Barbot, ‘‘Blockchain- based distributed management system for trust in VANET,’’ Veh. Commun. , vol. 30, Aug. 2021, Art. no. 100350. [15] M. Saad, M. B. Ahmad, M. Asif, M. K. Khan, T. Mahmood, and M. T. Mahmood, ‘‘Blockchain-enabled VANET for smart solid waste management,’’ IEEE Access , vol. 11, pp. 5679–5700, 2023. [16] M. Amara and A. Siad, ‘‘Elliptic curve cryptography and its applications,’’ in Proc. Int. Workshop Syst., Signal Process. Appl., WOSSPA , May 2011, pp. 247–250. [17] J. Cui, X. Zhang, H. Zhong, J. Zhang, and L. Liu, ‘‘Extensible conditional privacy protection authentication scheme for secure vehicular networks in a multi-cloud environment,’’ IEEE Trans. Inf. Forensics Security , vol. 15, pp. 1654–1667, 2020. [18] H. Sikarwar and D. Das, ‘‘Towards lightweight authentication and batch verification scheme in IoV,’’ IEEE Trans. Dependable Secur. Comput. , vol. 19, no. 5, pp. 3244–3256, Sep. 2022. [19] A. Waheed, M. A. Shah, A. Khan, C. Maple, and I. Ullah, ‘‘Hybrid task coordination using multi-hop communication in volunteer computing- based VANETs,’’ Sensors , vol. 21, no. 8, p. 2718, Apr. 2021. [20] Z. H. Ali, M. M. Badawy, and H. A. Ali, ‘‘A novel geographically distributed architecture based on fog technology for improving vehicular ad hoc network (VANET) performance,’’ Peer-to-Peer Netw. Appl. , vol. 13, no. 5, pp. 1539–1566, Sep. 2020. [21] F. A. Ghaleb, F. Saeed, M. Al-Sarem, B. Ali Saleh Al-rimy, W. Boulila, A. E. M. Eljialy, K. Aloufi, and M. Alazab, ‘‘Misbehavior-aware on-demand collaborative intrusion detection system using distributed ensemble learning for VANET,’’ Electronics , vol. 9, no. 9, p. 1411, Sep. 2020. [22] Z. Ma, J. Zhang, Y. Guo, Y. Liu, X. Liu, and W. He, ‘‘An efficient decentralized key management mechanism for VANET with blockchain,’’ IEEE Trans. Veh. Technol. , vol. 69, no. 6, pp. 5836–5849, Jun. 2020. [23] M. Arif, G. Wang, M. Zakirul Alam Bhuiyan, T. Wang, and J. Chen, ‘‘A survey on security attacks in VANETs: Communication, applications and challenges,’’ Veh. Commun. , vol. 19, Oct. 2019, Art. no. 100179. [24] G. Nardini, D. Sabella, G. Stea, P. Thakkar, and A. Virdis, ‘‘Simu5G– An OMNeT++ library for end-to-end performance evaluation of 5G networks,’’ IEEE Access , vol. 8, pp. 181176–181191, 2020. [25] X. Wang, S. Mao, and M. X. Gong, ‘‘An overview of 3GPP cellular vehicle- to-everything standards,’’ GetMobile: Mobile Comput. Commun. , vol. 21, no. 3, pp. 19–25, Nov. 2017. [26] V. Jindal and P. Bedi, ‘‘Vehicular ad-hoc networks: Introduction, standards, routing protocols and challenges,’’ Int. J. Comput. Sci. Issues (IJCSI) , vol. 13, no. 2, p. 44, 2016. [27] C. R. Storck and F. Duarte-Figueiredo, ‘‘A survey of 5G technology evolution, standards, and infrastructure associated with vehicle-to- everything communications by Internet of Vehicles,’’ IEEE Access , vol. 8, pp. 117593–117614, 2020."
19,0,0,1,1,3,12,FormataOTF-Reg,5.978000164031982,489.23,746.92,538.29,752.89,746.92,30.03,489.23,37.71,"VOLUME 12, 2024"
20,0,0,1,0,11,10,FormataOTF-Reg,6.973999977111816,36.17,26.0,278.67,32.98,26.0,749.95,36.17,297.33,S. Naskar et al.: Scheme for Distributed Vehicle Authentication and Revocation
20,0,0,1,0,237,7,TimesLTStd-Roman,7.581999778747559,36.17,67.29,277.39,273.97,67.29,508.96,36.17,298.61,"[28] M. N. Mejri, J. Ben-Othman, and M. Hamdi, ‘‘Survey on VANET security challenges and possible cryptographic solutions,’’ Veh. Commun. , vol. 1, no. 2, pp. 53–66, Apr. 2014. [29] D. Dolev and A. C. Yao, ‘‘On the security of public key protocols,’’ IEEE Trans. Inf. Theory , vols. IT-29, no. 2, pp. 198–208, Mar. 1983. [30] D. R. L. Brown, ‘‘Generic groups, collision resistance, and ECDSA,’’ Designs, Codes Cryptography , vol. 35, no. 1, pp. 119–152, Apr. 2005. [31] E. Käsper, ‘‘Fast elliptic curve cryptography in OpenSSL,’’ in Proc. Financial Cryptography Data Security, Workshops , 2011, pp. 27–39. [32] J. W. Bos, J. A. Halderman, N. Heninger, J. Moore, M. Naehrig, and E. Wustrow, ‘‘Elliptic curve cryptography in practice,’’ in Proc. Int. Conf. Financial Cryptogr. Data Secur. (FC) . Christ Church, Barbados: Springer, Mar. 2014, pp. 157–175. [33] M. Mozaffari-Kermani and A. Reyhani-Masoleh, ‘‘Efficient and high- performance parallel hardware architectures for the AES-GCM,’’ IEEE Trans. Comput. , vol. 61, no. 8, pp. 1165–1178, Aug. 2012. [34] R. Hussain, F. Hussain, and S. Zeadally, ‘‘Integration of VANET and 5G security: A review of design and implementation issues,’’ Future Gener. Comput. Syst. , vol. 101, pp. 843–864, Dec. 2019. [35] M. A. Ferrag, L. Maglaras, A. Argyriou, D. Kosmanos, and H. Janicke, ‘‘Security for 4G and 5G cellular networks: A survey of existing authentication and privacy-preserving schemes,’’ J. Netw. Comput. Appl. , vol. 101, pp. 55–82, Jan. 2018."
20,0,0,1,0,103,5,FormataOTFMd,7.96999979019165,36.17,315.91,277.38,457.78,315.91,325.15,36.17,298.62,"SUJASH NASKAR (Member, IEEE) received the B.Sc. and M.Sc. degrees in computer science from the University of Calcutta, Kolkata, India, in 2017 and 2019, respectively. He is currently pursuing the Ph.D. degree in IoT security and privacy with the STC Research Group, Mid Sweden University, Sundsvall, Sweden. From November 2022 to July 2023, he was a Guest Research Fellow with Simula UiB, Bergen, Norway. His research interests include privacy and security management for vehicular ad hoc networks (VANET), espe- cially developing lightweight privacy-preserving authentication schemes for VANET. Mr. Naskar’s awards and honors include receiving the prestigious Ericsson Grant for a long-term research visit."
20,0,0,1,0,78,5,FormataOTFMd,7.96999979019165,36.17,497.63,277.38,601.24,497.63,181.69,36.17,298.62,"CARLO BRUNETTA received the B.Sc. and M.Sc. degrees in mathematics from the University of Trento, Trento, Italy, in 2014 and 2016 respec- tively, and the Ph.D. degree in cryptology and privacy-preserving protocols from the Chalmers University of Technology, Gothenburg, Sweden, in 2021. From 2021 to 2023, he was a Researcher in theoretical cryptography and side-channel attacks in cryptography-oriented applications at Simula UiB, Bergen, Norway. He is currently an Independent Researcher in several aspects of cryptology, applied and not."
20,0,0,1,0,103,5,FormataOTFMd,7.96999979019165,297.08,66.99,538.29,199.3,66.99,583.63,297.08,37.71,"GERHARD HANCKE (Fellow, IEEE) received the B.Eng. and M.Eng. degrees in computer engi- neering from the University of Pretoria, Pretoria, South Africa, in 2002 and 2003, respectively, and the Ph.D. degree in computer science from the University of Cambridge, Cambridge, U.K., in 2009. He is currently a Professor with the Department of Computer Science, City University of Hong Kong. Previously, he was a Researcher with the Smart Card and IoT Security Centre and a Teaching Fellow with the Department of Information Security, Royal Holloway, University of London. His research interests include security, reliable communication, and distributed sensing for the Industrial Internet of Things."
20,0,0,1,0,72,5,FormataOTFMd,7.96999979019165,297.08,249.11,538.29,352.72,249.11,430.21,297.08,37.71,"TINGTING ZHANG received the B.Sc. and M.Sc. degrees in computer science and engineering from Fudan University, Shanghai, China, in 1982 and 1984, respectively, and the Ph.D. degree in com- puter science and engineering from Linköping University, Linköping, Sweden, in 1993. She is currently a Professor of computer engineering with the Department of Information and Communica- tion Systems, Mid Sweden University, Sundsvall, Sweden. Her current research interests include wireless sensor networks and security."
20,0,0,1,0,154,5,FormataOTFMd,7.96999979019165,297.08,402.54,538.29,573.1,402.54,209.83,297.08,37.71,"MIKAEL GIDLUND (Senior Member, IEEE) received the Licentiate of Engineering degree in radio communication systems from the KTH Royal Institute of Technology, Stockholm, Sweden, in 2004, and the Ph.D. degree in elec- trical engineering from Mid Sweden University, Sundsvall, Sweden, in 2005. From 2006 to 2007, he was a Research Engineer and a Project Manager with Acreo AB, Hudiksvall, Sweden. From 2007 to 2008, he was a Project Manager and a Senior Specialist with Nera Networks AS, Bergen, Norway. From 2008 to 2015, he was a Senior Principal Scientist and a Global Research Area Coordinator of wireless technologies with ABB Corporate Research, Västerås, Sweden. Since 2015, he has been a Professor in computer engineering with Mid Sweden University. He holds more than 20 patents (granted and pending) in the area of wireless communication. His current research interests include wireless communication and networks, wireless sensor networks, access protocols, and security. He is an Associate Editor"
20,0,0,1,0,27,14,TimesLTStd-Roman,6.724999904632568,297.08,574.69,538.29,592.23,574.69,190.7,297.08,37.71,of IEEE T RANSACTIONS ON I NDUSTRIAL I NFORMATICS and IEEE J OURNAL OF E MERGING AND S ELECTED T OPICS IN I NDUSTRIAL E LECTRONICS .
20,0,0,1,1,3,12,FormataOTF-Reg,5.978000164031982,36.17,746.92,85.23,752.89,746.92,30.03,36.17,490.77,"VOLUME 12, 2024"
