page_number,is_bold,is_italic,is_underline,is_all_caps,word_count,norm_font_size,font,font_size,x0,y0,x1,y1,space_above,space_below,space_left,space_right,text
1,1,0,1,0,8,2,URWPalladioL-Bold,17.93280029296875,35.3,115.89,501.16,152.65,115.89,689.24,35.3,94.12,Blockchain-Based Authentication in Internet of Vehicles: A Survey
1,1,0,1,0,3,99,URWPalladioL-Bold,8.767099857330322,36.0,169.24,103.43,181.08,169.24,660.81,36.0,491.85,Sohail Abbas 1
1,1,0,1,0,9,99,URWPalladioL-Bold,8.767099857330322,113.0,169.24,270.78,181.08,169.24,660.81,113.0,324.49,", Manar Abu Talib 1 , Afaf Ahmed 2"
1,1,0,1,0,13,99,URWPalladioL-Bold,8.937885556902204,282.84,169.24,542.16,181.08,169.24,660.81,282.84,53.12,", Faheem Khan 3 , Shabir Ahmad 4 and Do-Hyeun Kim 5, *"
1,1,0,1,0,5,98,URWPalladioL-Bold,6.973800182342529,36.0,439.57,135.75,446.61,439.57,395.28,36.0,459.52,"Citation: Abbas, S.; Talib, M.A.;"
1,0,0,1,0,14,98,URWPalladioL-Roma,6.973800182342529,35.73,451.56,152.64,482.38,451.56,359.51,35.73,442.63,"Ahmed, A.; Khan, F.; Ahmad, S.; Kim, D.-H. Blockchain-Based Authentication in Internet of Vehicles:"
1,1,0,1,0,8,98,URWPalladioL-Roma,6.973800182342529,35.73,487.21,134.84,494.31,487.21,347.58,35.73,460.44,"A Survey. Sensors 2021 , 21 , 7927."
1,0,0,1,0,4,98,URWPalladioL-Roma,6.973800182342529,35.73,523.14,131.83,530.11,523.14,311.78,35.73,463.44,Academic Editor: Rongxing Lu
1,0,0,1,0,12,98,URWPalladioL-Roma,6.973800182342529,35.73,547.02,128.26,577.84,547.02,264.05,35.73,467.02,Received: 28 October 2021 Accepted: 22 November 2021 Published: 27 November 2021
1,1,0,1,0,5,98,URWPalladioL-Bold,6.973800182342529,36.0,596.18,153.09,603.22,596.18,238.67,36.0,442.19,Publisher’s Note: MDPI stays neutral
1,0,0,1,0,12,98,URWPalladioL-Roma,6.973800182342529,35.71,608.17,154.25,638.99,608.17,202.9,35.71,441.03,with regard to jurisdictional claims in published maps and institutional afﬁl- iations.
1,1,0,1,0,6,98,URWPalladioL-Bold,6.973800182342529,36.0,684.79,154.31,691.83,684.79,150.06,36.0,440.97,Copyright: © 2021 by the authors.
1,0,0,1,0,28,98,URWPalladioL-Roma,6.973800182342529,35.73,696.79,154.36,775.31,696.79,66.58,35.73,440.92,"Licensee MDPI, Basel, Switzerland. This article is an open access article distributed under the terms and conditions of the Creative Commons Attribution (CC BY) license (https:// creativecommons.org/licenses/by/ 4.0/)."
1,0,0,1,0,21,87,URWPalladioL-Roma,7.970099925994873,180.71,202.33,519.46,221.06,202.33,620.83,180.71,75.81,"Department of Computer Science, College of Computing and Informatics, University of Sharjah, Sharjah 27272, United Arab Emirates; sabbas@sharjah.ac.ae (S.A.); mtalib@sharjah.ac.ae (M.A.T.)"
1,0,0,1,0,13,87,URWPalladioL-Roma,7.970099925994873,180.71,223.85,540.13,231.82,223.85,610.07,180.71,55.14,"College of Engineering, Al Ain University, Al Ain 64141, United Arab Emirates; afaf.ahmed@aau.ac.ae"
1,0,0,1,0,10,92,URWPalladioL-Roma,7.942155361175537,180.7,234.63,559.44,242.57,234.63,599.32,180.7,35.84,"Department of Computer Engineering, Gachon University, Seongnam-si 13120, Korea; faheem@gachon.ac.kr"
1,0,0,1,0,11,87,URWPalladioL-Roma,7.970099925994873,180.71,245.36,503.09,264.09,245.36,577.8,180.71,92.19,"Department of IT Convergence Engineering, Gachon University, Seongnam-si 13120, Korea; shabir@gachon.ac.kr"
1,0,0,1,0,10,87,URWPalladioL-Roma,7.970099925994873,180.71,266.88,467.95,274.85,266.88,567.04,180.71,127.33,"Department of Computer Engineering, Jeju National University, Jeju 63243, Korea"
1,1,0,1,0,14,99,URWPalladioL-Bold,9.002123355865479,166.92,302.57,559.46,311.64,302.57,530.25,166.92,35.82,Abstract: Internet of Vehicles (IoV) has emerged as an advancement over the traditional Vehicular
1,0,0,1,0,187,47,URWPalladioL-Roma,9.055620193481445,166.91,315.56,560.85,480.22,315.56,361.67,166.91,34.43,"Ad-hoc Networks (VANETs) towards achieving a more efﬁcient intelligent transportation system that is capable of providing various intelligent services and supporting different applications for the drivers and passengers on roads. In order for the IoV and VANETs environments to be able to offer such beneﬁcial road services, huge amounts of data are generated and exchanged among the different communicated entities in these vehicular networks wirelessly via open channels, which could attract the adversaries and threaten the network with several possible types of security attacks. In this survey, we target the authentication part of the security system while highlighting the efﬁciency of blockchains in the IoV and VANETs environments. First, a detailed background on IoV and blockchain is provided, followed by a wide range of security requirements, challenges, and possible attacks in vehicular networks. Then, a more focused review is provided on the recent blockchain- based authentication schemes in IoV and VANETs with a detailed comparative study in terms of techniques used, network models, evaluation tools, and attacks counteracted. Lastly, some future challenges for IoV security are discussed that are necessary to be addressed in the upcoming research."
1,1,0,1,0,9,67,URWPalladioL-Bold,8.966400146484375,167.26,496.12,514.81,505.17,496.12,336.72,167.26,80.47,Keywords: authentication; blockchain; Internet of Vehicles; Vehicular Ad-hoc Networks
1,0,0,1,0,229,35,URWPalladioL-Roma,9.9126615524292,166.99,560.94,560.93,771.73,560.94,70.16,166.99,34.35,"With the huge increase in the number of vehicles on roads nowadays, more accidents and trafﬁc congestion issues are encountered. This raises the need for serious arrangements to ensure roads’ safety and trafﬁc efﬁciency. Different technologies have been introduced towards maintaining safer and time-efﬁcient driving on roads, such as, Vehicular Ad-hoc Networks (VANETs) in which the vehicles exchange data about their speed, location, etc., and other road-related information to raise their awareness about surrounding road conditions and help them making better and effective decisions. However, with the rapid advancement in today’s technologies such as ubiquitous connectivity, wireless technologies, sensor devices, smart vehicles, and cloud computing platforms, the need for more powerful vehicular networks has increased. Hence, the IoV has appeared that can exploit and incorporate all these advanced technologies in order to provide more satisfying real-time services for vehicles’ drivers and passengers. IoV has emerged with great potential to support various services and offer several ben- eﬁts to the transportation system such as cost effectiveness, time efﬁciency, road safety [ 1 ], trafﬁc management [ 2 4 ], evolution of smart cities [ 5 , 6 ], autonomous driving [ 7 10 ] alarms and dynamic warning systems [ 11 13 ] as well as recording fatal occurrences [ 14 ]. However, in order for the IoV system to be able to secure such services, enormous amounts of data"
1,1,0,1,0,7,87,URWPalladioL-Ital,7.970099925994873,35.78,814.78,240.66,822.88,814.78,19.01,35.78,354.62,"Sensors 2021 , 21 , 7927. https://doi.org/10.3390/s21237927"
2,1,0,1,0,6,87,URWPalladioL-Ital,7.970099925994873,35.78,53.77,110.39,61.88,53.77,780.01,35.78,484.88,"Sensors 2021 , 21 , 7927"
2,0,0,1,0,3,87,URWPalladioL-Roma,7.970099925994873,536.33,53.91,559.28,61.88,53.91,780.01,536.33,36.0,2 of 42
2,0,0,1,0,378,11,URWPalladioL-Roma,10.02714729309082,166.91,96.48,560.93,445.42,96.48,396.47,166.91,34.34,"need to be generated and exchanged among the different IoV entities including vehicles, pedestrians, and roadside infrastructure. Since this information exchange takes place through an open-channel wireless network, the exchanged messages are vulnerable to various security attacks that could undermine the privacy of the communicating entities and the conﬁdentiality of their data via eavesdropping or even affect the integrity of the transmitted messages by tampering them before reaching their target destination. Other types of security attacks that could be encountered in IoV environments are the attacks that target the authenticity of users. Here, a malicious entity masquerades a legitimate user and may commit malicious activities in the network. Therefore, efﬁcient authentication is necessary to prevent such attacks in IoV. On the other hand, blockchain technology has recently drawn the attention of both industry and academia due to its efﬁcient characteristics represented in decentralization, immutability, consensus, fault tolerance, and enhanced security. Blockchain was ﬁrst known as the enabling technology behind Bitcoin or cryptocurrency. Yet, it has recently attracted various emerging domains such as smart cities [ 15 17 ], smart grids [ 18 20 ], Internet of Things (IoT) [ 21 , 22 ], Cyber Physical Systems (CPS) [ 23 25 ], robotics [ 26 , 27 ], machine learning [ 28 , 29 ], and health systems [ 30 32 ]. IoV platforms have also started to adopt blockchain for various services which include data management [ 33 , 34 ], resource trading [ 35 , 36 ], resource sharing [ 37 , 38 ], vehicle management [ 39 , 40 ], ride sharing [ 41 , 42 ], trafﬁc control [ 43 , 44 ], and forensics applications [ 45 , 46 ]. In this paper, we highlight the use of blockchain in IoV and VANETs for authentication by surveying a number of recent blockchain-based authentication schemes. Numerous surveys have recently been published discussing the authentication ap- proaches and protocols in the vehicular networks of VANETs and IoV which are sum- marized in Table 1 . Some of the surveys have focused on authentication in IoV and/or VANETs as part of the Intelligent Transportation Systems (ITS) whereas others have exhib- ited wider perspective by discussing IoV authentication as a subsection of the Internet of Things (IoT) technology."
2,1,0,1,0,13,67,URWPalladioL-Bold,8.966400146484375,124.23,459.82,470.75,468.87,459.82,373.02,124.23,124.53,Table 1. Comparison of recent surveys on authentication in IoV and VANETs networks.
2,1,0,1,0,4,67,URWPalladioL-Bold,8.966400146484375,54.23,491.86,181.63,500.83,491.86,341.06,54.23,413.65,Ref. Year Target Area
2,1,0,1,0,4,67,URWPalladioL-Bold,8.966400146484375,197.37,480.9,239.21,511.79,480.9,330.1,197.37,356.07,VANETs to IoV Transition
2,1,0,1,0,4,67,URWPalladioL-Bold,8.966400146484375,256.06,480.9,315.74,511.79,480.9,330.1,256.06,279.53,Security Attacks and/or Requirements
2,1,0,1,0,3,67,URWPalladioL-Bold,8.966400146484375,329.7,480.9,391.45,511.79,480.9,330.1,329.7,203.83,Blockchain- Based Authentication
2,0,0,1,0,7,67,URWPalladioL-Roma,8.966400146484375,55.11,572.47,363.74,581.43,572.47,260.46,55.11,231.54,[ 47 ] 2017 IoT X X
2,0,0,1,0,37,67,URWPalladioL-Roma,8.966400146484375,424.59,517.67,553.28,636.23,517.67,205.66,424.59,41.99,"Discusses symmetric and asymmetric cryptographic-based authentication protocols. Covers authentication protocols in a wide range of IoT environments, namely, IoV, IoS, IoE, and M2M. Presents threat models, countermeasures and formal security veriﬁcation techniques used by the surveyed papers."
2,0,0,1,0,7,67,URWPalladioL-Roma,8.966400146484375,55.11,684.86,363.74,693.83,684.86,148.06,55.11,231.54,[ 48 ] 2017 VANETs X X
2,0,0,1,0,27,67,URWPalladioL-Roma,8.966400146484375,424.33,641.03,549.51,737.66,641.03,104.23,424.33,45.76,"Surveys a range of authentication schemes that are based on cryptography, digital signature, and message veriﬁcation. Provides a performance comparison in terms of communication and computation overheads."
3,1,0,1,0,6,87,URWPalladioL-Ital,7.970099925994873,35.78,53.77,110.39,61.88,53.77,780.01,35.78,484.88,"Sensors 2021 , 21 , 7927"
3,0,0,1,0,3,87,URWPalladioL-Roma,7.970099925994873,536.33,53.91,559.28,61.88,53.91,780.01,536.33,36.0,3 of 42
3,1,0,1,0,3,67,URWPalladioL-Bold,8.966400146484375,270.32,97.88,324.66,106.91,97.88,734.98,270.32,270.62,Table 1. Cont.
3,1,0,1,0,4,67,URWPalladioL-Bold,8.966400146484375,54.23,129.99,181.63,138.95,129.99,702.94,54.23,413.65,Ref. Year Target Area
3,1,0,1,0,4,67,URWPalladioL-Bold,8.966400146484375,197.37,119.03,239.21,149.91,119.03,691.98,197.37,356.07,VANETs to IoV Transition
3,1,0,1,0,4,67,URWPalladioL-Bold,8.966400146484375,256.06,119.03,315.74,149.91,119.03,691.98,256.06,279.53,Security Attacks and/or Requirements
3,1,0,1,0,3,67,URWPalladioL-Bold,8.966400146484375,329.7,119.03,391.45,149.91,119.03,691.98,329.7,203.83,Blockchain- Based Authentication
3,0,0,1,0,7,67,URWPalladioL-Roma,8.966400146484375,55.11,205.11,363.74,214.08,205.11,627.81,55.11,231.54,[ 49 ] 2019 IoT X X
3,0,0,1,0,36,67,URWPalladioL-Roma,8.966400146484375,424.32,155.79,553.65,263.39,155.79,578.5,424.32,41.63,"Provides a multi-criteria classiﬁcation for the surveyed authentication schemes which includes authentication factor, procedure, and architecture, IoT layer, use of tokens and use of hardware. Presents different security requirements and issues faced by each IoT layer."
3,0,0,1,0,7,67,URWPalladioL-Roma,8.966400146484375,55.11,333.95,363.74,342.91,333.95,498.98,55.11,231.54,[ 50 ] 2019 VANETs X X
3,0,0,1,0,46,67,URWPalladioL-Roma,8.966400146484375,424.21,268.19,549.12,408.67,268.19,433.22,424.21,46.16,Discusses authentication and privacy schemes in VANETs while providing a good taxonomy based on the privacy preserving technique used. Presents the security of each scheme in terms of security requirements and their corresponding attacks. Shows performance efﬁciency w.r.t computational cost and communicational cost for each scheme.
3,0,0,1,0,8,67,URWPalladioL-Roma,8.966400146484375,55.11,446.34,363.74,455.31,446.34,386.58,55.11,231.54,[ 51 ] 2020 VANETs X X X
3,0,0,1,0,22,67,URWPalladioL-Roma,8.966400146484375,424.32,413.47,543.48,488.19,413.47,353.7,424.32,51.8,"Addresses authentication, privacy, and secure message dissemination in VANETs. Proposes multi-categorization based on the tools and techniques used in the surveyed papers."
3,0,0,1,0,6,67,URWPalladioL-Roma,8.966400146484375,55.11,542.3,363.74,551.27,542.3,290.62,55.11,231.54,[ 52 ] 2020 IoV X
3,0,0,1,0,34,67,URWPalladioL-Roma,8.966400146484375,424.33,492.99,554.72,600.59,492.99,241.3,424.33,40.55,Provides a good taxonomy of various security protocols in IoV. Surveys authentication protocols in IoV. Discusses security aspects: threats and attacks in IoV. Provides a performance comparison in terms of communication and computation overheads.
3,0,0,1,0,6,67,URWPalladioL-Roma,8.966400146484375,55.11,660.18,288.98,669.15,660.18,172.74,55.11,306.29,[ 53 ] 2020 IoV X
3,0,0,1,0,35,67,URWPalladioL-Roma,8.966400146484375,424.33,605.39,553.3,723.94,605.39,117.95,424.33,41.98,Provides a comprehensive comparison of the blockchain-based applications in vehicular networks. Analyzes the requirements of the blockchain-based applications in vehicular networks. Discusses a range of challenges related to the integration of blockchain within vehicular networks.
4,1,0,1,0,6,87,URWPalladioL-Ital,7.970099925994873,35.78,53.77,110.39,61.88,53.77,780.01,35.78,484.88,"Sensors 2021 , 21 , 7927"
4,0,0,1,0,3,87,URWPalladioL-Roma,7.970099925994873,536.33,53.91,559.28,61.88,53.91,780.01,536.33,36.0,4 of 42
4,1,0,1,0,3,67,URWPalladioL-Bold,8.966400146484375,270.32,97.88,324.66,106.91,97.88,734.98,270.32,270.62,Table 1. Cont.
4,1,0,1,0,4,67,URWPalladioL-Bold,8.966400146484375,54.23,129.99,181.63,138.95,129.99,702.94,54.23,413.65,Ref. Year Target Area
4,1,0,1,0,4,67,URWPalladioL-Bold,8.966400146484375,197.37,119.03,239.21,149.91,119.03,691.98,197.37,356.07,VANETs to IoV Transition
4,1,0,1,0,4,67,URWPalladioL-Bold,8.966400146484375,256.06,119.03,315.74,149.91,119.03,691.98,256.06,279.53,Security Attacks and/or Requirements
4,1,0,1,0,3,67,URWPalladioL-Bold,8.966400146484375,329.7,119.03,391.45,149.91,119.03,691.98,329.7,203.83,Blockchain- Based Authentication
4,0,0,1,0,7,67,URWPalladioL-Roma,8.966400146484375,55.11,194.15,363.73,203.12,194.15,638.77,55.11,231.54,[ 54 ] 2021 IoV X X
4,0,0,1,0,31,67,URWPalladioL-Roma,8.966400146484375,424.59,155.79,551.61,241.47,155.79,600.42,424.59,43.66,Provides seven different aspects for combining the blockchain technology with IoV while brieﬂy surveying some schemes for each of these aspects. Overviews some research directions in the ﬁeld of blockchain-enabled IoV.
4,0,0,1,0,6,67,URWPalladioL-Roma,8.966400146484375,55.11,312.03,221.43,320.99,312.03,520.9,55.11,373.85,[ 55 ] 2021 IoV X
4,0,0,1,0,49,67,URWPalladioL-Roma,8.966400146484375,424.32,246.27,553.3,386.75,246.27,455.14,424.32,41.97,"Provides a detailed review on various existing blockchain techniques for IoV security. Provides a good categorization for the existing blockchain-based IoV security methods. Presents a clear analysis for the surveyed blockchain-based IoV security schemes in terms of techniques, tools, and performance metrics. Discusses a couple of future research aspects."
4,0,0,1,0,3,67,URWPalladioL-Roma,8.966400146484375,141.15,528.54,175.02,548.46,528.54,293.43,141.15,420.25,VANETs and IoV
4,0,0,1,0,103,67,URWPalladioL-Roma,8.966400146484375,424.26,391.55,553.29,685.45,391.55,156.44,424.26,41.99,"Covers the speciﬁc area of VANETs and IoV, which provides a more focused reference for researchers in the ﬁeld of IoV, meanwhile a more comprehensive reference in vehicular technology and ITS. Highlights the efﬁciency of blockchain in IoV by discussing blockchain-based authentication schemes. Provides a clear taxonomy in terms of the type of blockchain used for authentication. Presents a detailed comparison between the surveyed papers in terms of techniques used, attacks counteracted, network models, and evaluation tools. Discusses whether each authentication scheme supports privacy preservation of user identity or not. Focuses on the attacks on authentication, their targeted OSI layers, and possible remedies."
4,0,0,1,0,86,4,URWPalladioL-Roma,10.061732292175293,167.26,705.01,561.02,777.8,705.01,64.09,167.26,34.26,"In order to highlight the contribution of this paper, a number of recent state-of-art surveys are summarized and compared in Table 1 . In [ 47 ], the cryptographic-based au- thentication protocols have been discussed in a wide range of IoT environments, namely, IoV, Internet of Sensors (IoS), Internet of Energy (IoE), and Machine to Machine Communi- cation (M2M). In [ 48 ], a range of authentication schemes that are based on cryptography, digital signature, and message veriﬁcation in the context of VANETs have been presented."
5,1,0,1,0,6,87,URWPalladioL-Ital,7.970099925994873,35.78,53.77,110.39,61.88,53.77,780.01,35.78,484.88,"Sensors 2021 , 21 , 7927"
5,0,0,1,0,3,87,URWPalladioL-Roma,7.970099925994873,536.33,53.91,559.28,61.88,53.91,780.01,536.33,36.0,5 of 42
5,0,0,1,0,432,99,URWPalladioL-Roma,10.028688112894693,166.85,98.23,560.93,541.05,98.23,300.84,166.85,34.34,"IoV authentication has been implicitly reviewed in [ 49 ] by introducing a multi-criteria classiﬁcation for the authentication schemes in the IoT environment in general. A broad range of crypto-based authentication schemes in VANETs environments [ 50 , 51 ] and IoV networks [ 52 ] have also been reviewed. However, despite discussing the authentication protocols from different points of view and introducing diverse categorization criteria, all the above surveys have the common factor of reviewing the cryptographic-based authen- tication schemes in IoV or VANETs and none of them has reviewed the authentication schemes that are based on blockchains. On the other hand, blockchain-based applications in IoV have been addressed by many surveys recently. For instance, the authors in [ 53 ] have surveyed a number of blockchain- based applications that aim to improve the security, privacy, trust and cooperation in IoV networks. Seven different aspects where blockchain technology can be incorporated with IoV have been discussed in [ 54 ] such as IoV security, trust management, and data management. Moreover, different blockchain-based IoV security methods have been categorized and reviewed in [ 55 ]. Although these surveys might have mentioned a few blockchain-based authentication schemes in IoV, they have brieﬂy mentioned them on the run as a small part of the broad ﬁeld of IoV security and none of them has provided a detailed survey that is only dedicated to the blockchain-based authentication schemes in IoV. Thus, the main contributions of this survey are: Highlighting the signiﬁcance of the blockchain technology in IoV and VANETs by presenting a wide range of the blockchain-based authentication schemes that are proposed in the recent literature. Providing the ﬁrst detailed survey focusing on the application of blockchain tech- nology to a speciﬁc aspect of IoV security; that is, the authentication. Considering both IoV and VANETs technologies when surveying the different blockchain-based authentication schemes instead of restricting them to only one vehicular technology, which can provide a comprehensive source for researchers interested in the ﬁeld of blockchain-based authentication. The organization of the paper is as follows: Section 2 presents some preliminary information related to IoV and blockchain. Then, the security requirements and challenges along with some common security attacks and threats that can be encountered in IoV and VANETs paradigms are discussed in Section 3 . After that, the main part of the paper is represented by Sections 4 and 5 where a wide range of blockchain-based authentication schemes in IoV and VANETs are reviewed and compared. Section 6 then suggests some future research challenges after which the paper is ﬁnally concluded in Section 7 ."
5,0,0,1,0,190,24,URWPalladioL-Ital,9.962599754333496,166.99,566.78,560.93,780.75,566.78,61.14,166.99,34.34,"2.1. Internet of Vehicles IoV is an emerging ﬁeld that mainly incorporates ITS and IoT technologies, while covering a wide range of other technologies and applications such as vehicular informa- tion services, advanced wireless communication technologies, cloud computing, edge computing, and automotive electronics to provide intelligent transportation services and enhance the quality of roads. It integrates the intelligent in-vehicle sensor devices with the intra-vehicle and inter-vehicle wireless communication technologies along with Internet technology to collect and exchange vehicle-related and trafﬁc-related data that can be later used for making better road-related actions and decisions. IoV consists of three basic components: (1) the intra-vehicular network, (2) inter-vehicular network, and (3) vehicu- lar mobile Internet [ 56 ]. This includes the communication between vehicles in the same vehicular network, the communication between different vehicular networks, and the connection between vehicles and mobiles, respectively. The functionality of IoV imposes equipping vehicles with several smart units and devices including electronic control units, On Board Units (OBUs), sensors, event data records, cameras, GPS modules as well as a diverse number of wired (Controller Area Network and Local Interconnect Network buses) and wireless (i.e., Bluetooth) communication technologies."
6,1,0,1,0,6,87,URWPalladioL-Ital,7.970099925994873,35.78,53.77,110.39,61.88,53.77,780.01,35.78,484.88,"Sensors 2021 , 21 , 7927"
6,0,0,1,0,3,87,URWPalladioL-Roma,7.970099925994873,536.33,53.91,559.28,61.88,53.91,780.01,536.33,36.0,6 of 42
6,0,0,1,0,90,4,URWPalladioL-Roma,10.061732292175293,166.77,98.23,560.93,211.68,98.23,630.21,166.77,34.35,"The former technology to IoV is the VANETS which was basically introduced to improve the trafﬁc efﬁciency and road safety by establishing connectivity and exchanging information between the moving vehicles with and without the aid of any pre-established roadside infrastructure via different communication modes namely, Wireless Access in Vehicular Environments (WAVE) based Wi-Fi, ad-hoc, and hybrid. Despite its efﬁciency in addressing road safety and trafﬁc management issues with low operational cost, VANETs exhibit some commercialization problems which include but are not limited to the follow- ing [ 57 ]: 1."
6,0,0,1,0,140,4,URWPalladioL-Roma,10.061732292175293,167.26,201.65,560.93,374.87,201.65,467.02,167.26,34.35,"VANETs’ framework could not fully support the global and sustainable services targeted by ITS applications. This is caused by the pure ad-hoc communication archi- tecture, in which an on-road vehicle can lose its granted services once it disconnects from an ad-hoc network. This is due to the inability of collaborating with other alternative reachable networks. 2. Internet connectivity in VANETS could not be ensured, which affects the availability of commercial applications for vehicles’ drivers and passengers since those applications rely on reliable Internet connectivity. 3. Despite the rapid technological advancement of personal mobile devices, they could not communicate with VANETs due to the incompatible network architecture. 4. Intelligent decision making, and big data analytics applications were not possible in certain VANETs architectures. This could be related to the computing and storage constraints and the lack of cloud computing services. 5."
6,0,0,1,0,280,4,URWPalladioL-Roma,10.061732292175293,166.88,364.84,560.93,666.58,364.84,175.31,166.88,34.34,"The application services could not guarantee high level of accuracy, since VANETs localize the computation and processing of trafﬁc data information. The above limitations of VANETs have drawn the attention of researchers and in- dustrial developers to extend the capabilities of the existing vehicular networks to move further steps towards providing more efﬁcient vehicular services and achieving the global objectives of ITS. Consequently, IoV has emerged as an advanced vehicular technology that attempts to overcome the shortcomings of conventional VANETs through supporting a high range of mobility, strong connectivity among vehicles and with roadside infrastructure, reliable Internet connection, and high interactivity with personal devices. IoV can also provide an immediate management of risk situations through maintaining low delay and delivering high reliability and robustness. Cloud and edge computing capabilities, process- ing, and analysis of collected data to transform them into useful information through big data analytics tools to provide services to consumers and businesses are as well positive points for the IoV. In addition, IoV has brought the ability to support diverse types of interaction models including Vehicle-to-Vehicle (V2V), Vehicle-to-Roadside-unit (V2R), Vehicle-to- Infrastructure (V2I), Vehicle-to-Pedestrian (V2P), Vehicle-to-Sensor (V2S), and many others as indicated in Figure 1 . V2V and V2R indicate the interaction among the vehicles and the interaction between the vehicles and the RSUs, respectively, via wireless protocols such as WAVE. V2I is the communication between vehicles and infrastructure possibly via Wi-Fi, Long Term Evolution (LTE), or 5G. While V2S represents the onboard sensor communication via Ethernet and Wi-Fi, V2P refers to the communication among vehicles and personal devices such as smartphones via Apple’s CarPlay, Open Automotive Alliance Android system, or Near Field Communication [ 58 , 59 ]."
7,1,0,1,0,6,87,URWPalladioL-Ital,7.970099925994873,35.78,53.77,110.39,61.88,53.77,780.01,35.78,484.88,"Sensors 2021 , 21 , 7927"
7,0,0,1,0,3,87,URWPalladioL-Roma,7.970099925994873,536.33,53.91,559.28,61.88,53.91,780.01,536.33,36.0,7 of 42
7,1,0,1,0,6,67,URWPalladioL-Bold,8.966400146484375,167.26,335.63,328.87,344.68,335.63,497.21,167.26,266.4,Figure 1. Communication models in IoV.
7,0,0,1,0,324,17,URWPalladioL-Roma,9.997407913208008,166.85,357.36,560.92,668.62,357.36,173.27,166.85,34.35,"Different layered architectures for IoV frameworks have been proposed in the litera- ture, which differ in the number and/or names of layers proposed. These architectures compete to optimize the number of layers and to enhance the distinguishability between the different layers [ 57 , 58 , 60 63 ]. The most common IoV architecture can be seen in Figure 2 which deﬁnes six layers, namely, physical, communication, processing, services, business, and security. The main responsibility of the physical layer is to gather information about vehicles and their surrounding environment such as vehicle’s speed, position, travelling direction, on-road vehicular density, weather conditions, and others through the sensing devices, actuators, GPS modules, and access points installed on the vehicles. RSUs and other personal devices may also be used. The collected data are then transferred in a secure way to the processing layer through the communication layer, which employs diverse wireless communication standards and network modules to guarantee interoperability between the different heterogeneous network entities such as WAVE, WiFi, RFID, Bluetooth, 4G/LTE, UW, and satellites. The processing layer represents the storage, processing, and transformation of the data received from the lower layers into useful information to be used for decision making. This includes the adoption of various big data analytics tools and cloud computing platforms. The services layer then takes the information processed and the decisions made by the processing layer and employs them to provide intelligent IoV services and applications to the end users which can contribute to road safety and trafﬁc efﬁciency. The business layer’s responsibilities can include decisions related to economics investment, budget estimation and regulation, pricing, and operations man- agement. Finally, the security layer concerns about secure and reliable data collection and communication among the different nodes to prevent against diverse number of security attacks and threats that can be encountered in IoV environments. Since security is the main theme of this paper, we will discuss more on this in the coming sections."
8,1,0,1,0,6,87,URWPalladioL-Ital,7.970099925994873,35.78,53.77,110.39,61.88,53.77,780.01,35.78,484.88,"Sensors 2021 , 21 , 7927"
8,0,0,1,0,3,87,URWPalladioL-Roma,7.970099925994873,536.33,53.91,559.28,61.88,53.91,780.01,536.33,36.0,8 of 42
8,1,0,1,0,8,67,URWPalladioL-Bold,8.966400146484375,167.26,415.49,377.13,424.54,415.49,417.35,167.26,218.14,Figure 2. The proposed six-layers architecture of IoV.
8,0,0,1,0,366,24,URWPalladioL-Ital,9.962599754333496,166.97,433.32,560.93,785.38,433.32,56.51,166.97,34.34,"2.2. Blockchain A blockchain, also called a Distributed Ledger Technology (DLT), can be deﬁned as a group of connected blocks used to store transactions’ records or events and is maintained by all the participating users distributed over the network. Blockchain technology removes the reliance on a central authority, since it allows all users to generate and validate transactions directly in a peer-to-peer network which helps signiﬁcantly in reducing the ﬁnancial and time related costs associated with the intermediate party. Building the blocks of a blockchain relies on two key technologies, namely, cryptography [ 64 66 ] and consensus mechanisms [ 67 69 ]. Cryptography is adopted in blockchain to ensure the security and privacy of the data and the anonymity of the participants thereby using cryptographic hash functions and digital signatures [ 70 ]. The adoption of cryptographic hash function is quite popular in blockchains, where each block is linked to the previous block (its parent block) by keeping the hash value of the previous block in its own header, except the genesis block, i.e., the ﬁrst block in the chain. The ﬁrst block has no parent block and thus the hash value of the previous block is set to zero. This hash-based linking structure makes the blockchain immutable due to the uniqueness of the hash values used. The digital signature, on the other hand, is a type of asymmetric cryptography where each user owns a pair of public and private keys. The typical digital signature algorithm used in most blockchain applications is the Elliptic Curve Digital Signature Algorithm (ECDSA). Consensus mechanisms are used in the blockchain to establish trust in an untrustwor- thy environment and to verify the correctness and integrity of the transactions data being added to the public ledger. Blockchain consensus can be deﬁned as “the agreement of a common value among a group of nodes in blockchain systems” [ 71 ]. Several consensus mechanisms have been proposed in different blockchain scenarios which differ in their fault tolerance, scalability, power consumption, and application-dependent scenarios. However, they all agree to provide consistency and transparency to the data blocks. Two broad cate- gories of blockchain consensus protocols are suggested in [ 67 ], namely, probabilistic-ﬁnality"
9,1,0,1,0,6,87,URWPalladioL-Ital,7.970099925994873,35.78,53.77,110.39,61.88,53.77,780.01,35.78,484.88,"Sensors 2021 , 21 , 7927"
9,0,0,1,0,3,87,URWPalladioL-Roma,7.970099925994873,536.33,53.91,559.28,61.88,53.91,780.01,536.33,36.0,9 of 42
9,0,0,1,0,392,4,URWPalladioL-Roma,10.061732292175293,166.85,98.23,561.02,472.3,98.23,369.59,166.85,34.26,"consensus and absolute-ﬁnality consensus protocols. The former can only guarantee an eventual consistency whereas the latter ensures a strong consistency. Some of the most common consensus protocols are Proof of Stack (PoS), Proof of Work (PoW), and Practical Byzantine Fault Tolerance (PBFT). However, other less common consensus mechanisms also exist in blockchain applications such as Leased Proof of Stack [ 72 ], Proof of Elapsed Time [ 73 ], Proof of Activity [ 74 ], Proof of Importance [ 75 ], Proof of Capacity [ 76 ], Proof of Burn [ 77 ], and Proof of Vote [ 78 ]. Three types of blockchains are commonly deﬁned and agreed upon by most of the literature, namely, public blockchain, private blockchain, and consortium blockchain. The different types are distinguished from each other by their consensus making, read permission, immutability, and degree of centralization [ 68 ]. Public blockchain is a non- restrictive, permissionless distributed ledger in which everyone can access and validate the transactions and participate in running the consensus mechanism. Public blockchains are completely decentralized and are suitable for fully opened systems where untrusted entities may join the network. Typical examples of public blockchains include Bitcoin, Ethereum, and Litecoin [ 69 , 79 81 ]. On the other hand, Private blockchain is a restrictive, permissioned blockchain in which only a sub-group of predeﬁned nodes can maintain and validate the ledger. A private blockchain is fully controlled by a single organization, thus it can be regarded as a centralized network. Private blockchains are suitable for closed systems where all nodes fully trust each other. Consortium blockchain is a partially decentralized ledger managed by several organizations in which only a small group of nodes is pre- selected to perform the consensus. It is suitable for semi-closed systems consisting of few enterprises and thus is normally found in the banking sector and other governmental organizations. Consortium blockchains are regarded as a combination of both public and private blockchains. Typical examples are Stellar [ 71 ], R3CEV [ 79 ], Hyperledger [ 82 ], and Ripple [ 83 ]. However, other blockchain classiﬁcations have been suggested in the relevant liter- ature. For instance, the authors in [ 69 ] have divided blockchains into four types: public, private, consortium, as well as hybrid. Similarly, two blockchain categories, permissioned and permissionless blockchains, are proposed in [ 84 ]."
9,0,0,1,0,257,24,URWPalladioL-Ital,9.962599754333496,166.97,484.59,560.93,773.87,484.59,68.02,166.97,34.34,"2.3. Motivations to Use Blockchain in IoV IoV is a large-scale and heterogenous network that combines a large number of con- nected vehicles, roadside infrastructure, mobile personal devices, central and distributed storage, and computation servers in case of incorporating cloud and edge computing platforms. This along with the open-channel wireless communication model and the public Internet connectivity that dominate most of the communication makes the IoV network vulnerable to a variety of security attacks that could threaten the applications of IoV such as navigation, accident detection and notiﬁcation, dynamic alternative routing, route opti- mization, and congestion management which consequently constitutes a threat and danger on drivers and passengers on the road. Furthermore, since IoV scenarios include high mobility and exchange of huge amount of data as well as requiring real-time services and decision making, more efﬁcient, powerful, and reliable technologies must be adopted in IoV frameworks in place of the conventional techniques. On the other hand, blockchain technology has emerged recently as a decentralized storage mechanism in various industry applications due to its strong capabilities not only in distributed storage aspect, but also in terms of security, privacy, performance, automation, and reduced computational cost. Recently, blockchain has also been brought to the IoV paradigm to serve different purposes such as data protection and management, resource trading, resource sharing, ride sharing, trafﬁc control and management, and forensic applications. The various features a blockchain can provide have motivated researchers and the industry to incorporate blockchain technology into the IoV. These properties include the following [ 85 , 86 ]:"
10,1,0,1,0,6,87,URWPalladioL-Ital,7.970099925994873,35.78,53.77,110.39,61.88,53.77,780.01,35.78,484.88,"Sensors 2021 , 21 , 7927"
10,0,0,1,0,3,87,URWPalladioL-Roma,7.970099925994873,532.34,53.91,559.28,61.88,53.91,780.01,532.34,36.0,10 of 42
10,0,0,1,0,113,13,URWPalladioL-Roma,10.017244338989258,167.26,98.27,559.66,233.8,98.27,608.09,167.26,35.61,"Decentralization: Unlike the centralized-storage platforms where both data storage and management are handled by a trusted centralized node, blockchain technology exhibits a decentralized nature in which data records are kept and managed by all participating entities. This reduces the resource bottlenecks issue and maintenance cost associated with the centralized sever arrangements and avoids the single point of failure issue which all can be beneﬁcial for IoV environments. 2. Immutability: Since the creation and validation of new blocks of transactions should be agreed upon by all or most of the peers via the different consensus mechanisms before being added to the blockchain, the blockchain is almost impossible to be tampered with or modiﬁed. 3."
10,0,0,1,0,36,4,URWPalladioL-Roma,10.061732292175293,167.26,223.76,560.93,271.46,223.76,570.43,167.26,34.35,Security and privacy: The cryptographic nature of blockchain where both crypto- graphic hash functions and digital signatures are adopted can ensure the security of transactions data and the privacy of the participating users in IoV. 4.
10,0,0,1,0,128,4,URWPalladioL-Roma,10.061732292175293,167.26,261.42,560.52,409.54,261.42,432.35,167.26,34.76,"Transparency: Since all participants keep a replica of the public ledger, they can access all the timestamped blockchain transactions. This enables the peers to manage, look up and verify transactions at any time in a transparent manner without an intermediary. This self-auditability and transparency not only promote the relief of the peers by managing their own transactions, but also mitigates the time and ﬁnancial costs associated with the intermediate party. 5. Automation: Blockchain technology supports the adoption of smart contracts which are software scripts that can be executed automatically by a triggering event or upon meeting some pre-deﬁned set of rules. This automation property of blockchain can enhance the efﬁciency of many IoV applications and help provide various services autonomously without a need for a trusted entity. 6."
10,0,0,1,0,46,4,URWPalladioL-Roma,10.061732292175293,190.33,399.51,559.58,447.2,399.51,394.69,190.33,35.7,Traceability: Each transaction record is kept in the blockchain with a timestamp indicating its time of occurrence and joining the public ledger. This timestamped recording nature helps identifying the events in a chronological order which enhances the traceability and can support the non-repudiation requirement in IoV.
10,1,0,1,0,7,24,URWPalladioL-Bold,9.962599754333496,167.26,459.56,338.41,469.52,459.56,372.37,167.26,256.86,3. Security Issues in IoV and VANETs
10,0,0,1,0,132,4,URWPalladioL-Roma,10.061732292175293,166.96,475.12,561.02,598.13,475.12,243.76,166.96,34.25,"IoV and VANETs have various features that are advantageous to vehicles’ drivers and passengers, pedestrians as well as the whole industrial business. However, like any new-emerging technology, IoV and VANETs come with several risks and security threats. The continuous mobility of vehicles, the existence of a third party acting as an authority to certify the nodes, and the wireless mode of communication among the different nodes make these vehicular networks vulnerable to wide range of security threats and attacks. Identifying the different security requirements and exploring the possible attacks that threaten these vehicular frameworks is the ﬁrst step towards resisting them. Accordingly, in this section we ﬁrst present the different security requirements and challenges for vehicular networks in Section 3.1 followed by a wide range of security attacks in Section 3.2 ."
10,0,0,1,0,155,24,URWPalladioL-Ital,9.962599754333496,166.94,610.42,560.93,774.2,610.42,67.69,166.94,34.35,"3.1. Security Requirements and Challenges in Vehicular Networks The IoV networks are an amalgamation of diverse technologies with different stan- dards and regulations (such as Internet connections, different wireless technologies, sensors, cloud services); which make IoV vulnerable to various types of security attacks. Depending upon the attacker objective(s), the attack launched might be passive or active, generated internally or from an external source. However, regardless of the attack’s source or activity type, these security threats are commonly classiﬁed into different categories based on the security aspect(s) of the network being compromised. For example, an attack could affect the authenticity of the users, the integrity of IoV data, or the availability of the provided services. Guided by the various security threats an IoV system can suffer from, different security aspects have been deﬁned in the literature. These security aspects can be classiﬁed into: (1) Security requirements that an efﬁcient IoV system should maintain and (2) Security"
11,1,0,1,0,6,87,URWPalladioL-Ital,7.970099925994873,35.78,53.77,110.39,61.88,53.77,780.01,35.78,484.88,"Sensors 2021 , 21 , 7927"
11,0,0,1,0,3,87,URWPalladioL-Roma,7.970099925994873,532.34,53.91,559.28,61.88,53.91,780.01,532.34,36.0,11 of 42
11,0,0,1,0,348,45,URWPalladioL-Roma,9.862470626831055,166.77,98.38,561.27,487.85,98.38,354.04,166.77,34.01,"challenges that face any security subsystem of an IoV environment. Figure 3 illustrates these security requirements and challenges. Following are the different security requirements of an IoV system [ 87 91 ]: 1. Authentication: It means ensuring that the received data is generated by a legitimate sender, or in other words, making sure that the entity that sent the data must be the true actual entity it claims to be. It guarantees that the entities involved in the communication are authentic, not masqueraded by some attacker who forwards the messages on their behalf. Sybil attack, masquerading attack, impersonation attack, spooﬁng attack, replay attack, and wormhole attacks are examples of attacks that target the authenticity of IoV users. 2. Availability: It is a basic requirement in IoV environment especially for the real-time critical applications where even a minor delay cannot be tolerated and made the information useless. Therefore, the IoV system should be available all the time to provide real-time information and services to all legitimate users and be able to tolerate partial system faults and failure issues through backups and replications. Moreover, a mature IoV system must have the ability to function under intense network load with the increasing number of participants. The common attacks that target the availability service are the denial-of-service and distributed denial-of- service attacks. 3. Conﬁdentiality: Some IoV applications include sensitive information that are accessed only by certain legitimate users. Therefore, conﬁdentiality of this information must be insured through encryption to prevent it from being revealed and interpreted by any illegal entity even upon eavesdropping. 4. Data integrity: It means there is no distortion—whether intentionally or accidentally— in the received data. In other words, the sent data and the received data are identical. Typical attacks on integrity can be data manipulation attack and malware attack. 5. Non-repudiation: It guarantees that any involved user in the IoV environment cannot deny any of its past activities, i.e., sending or receiving any piece of information. This ensures that an attacker can be identiﬁed, and all its communicated messages can be retrieved if needed for subsequent actions. 6."
11,0,0,1,0,39,4,URWPalladioL-Roma,10.061732292175293,167.26,477.81,561.02,525.5,477.81,316.39,167.26,34.25,Access control: Each participating entity in the IoV network is assigned different rights and privileges to access the network resources. This security requirement guarantees that each node performs its functions based on the services it is entitled to. 7.
11,0,0,1,0,51,4,URWPalladioL-Roma,10.061732292175293,167.26,515.47,560.52,588.27,515.47,253.62,167.26,34.75,"Privacy and anonymity: The users’ real identities may need to be made hidden using anonymous identities or pseudonyms to protect their privacy. Additionally, some location information such as the driving traces and tracks followed by the vehicles are sometimes preferred to be anonymous in order to prevent unauthorized location tracking. 8."
11,0,0,1,0,171,4,URWPalladioL-Roma,10.061732292175293,166.77,578.24,561.01,763.98,578.24,77.91,166.77,34.26,"Data veriﬁcation: Since malicious entities can modify the information sent by the sender, a regular data veriﬁcation process is usually performed to identify the ma- nipulated or tampered messages and thus reject or drop them (if found) to prevent misleading the receiving entities into taking improper decisions. 9. Real-time guarantee and efﬁcient routing: The majority of IoV and VANETs applica- tions are real-time, such as accidents detection and warnings dissemination, which must be carried out within certain time constraints, otherwise the safety of drivers and passengers could be threatened, and the delayed information will become worthless. To be able to meet these time constraints, efﬁcient secure routing protocols should be adopted to guarantee delivering the packets in their entirety and on time. 10. Traceability and revocability: Despite the need for preserving the privacy of IoV users in general by hiding their real identities, the legal authorities should have the ability to retrieve the vehicles’ real identities in case of misbehaving to revoke them as well as in case of disputes. 11."
11,0,0,1,0,25,4,URWPalladioL-Roma,10.061732292175293,190.05,753.98,559.28,776.55,753.98,65.34,190.05,36.0,"Scalability: With the increasing number of vehicles on the roads nowadays, more vehicles and entities are joining the network. Thus, a good vehicular network should"
12,1,0,1,0,6,87,URWPalladioL-Ital,7.970099925994873,35.78,53.77,110.39,61.88,53.77,780.01,35.78,484.88,"Sensors 2021 , 21 , 7927"
12,0,0,1,0,3,87,URWPalladioL-Roma,7.970099925994873,532.34,53.91,559.28,61.88,53.91,780.01,532.34,36.0,12 of 42
12,0,0,1,0,34,4,URWPalladioL-Roma,10.061732292175293,190.33,98.23,560.52,133.37,98.23,708.52,190.33,34.75,"be able to scale-up accordingly. However, this nodes extension may expose the network to higher security issues if not controlled and monitored properly. Therefore, monitored scalability is another security requirement of the IoV system."
12,1,0,1,0,12,67,URWPalladioL-Bold,8.966400146484375,134.56,475.59,460.72,484.64,475.59,357.25,134.56,134.56,Figure 3. The security requirements and challenges in IoV and VANETs platforms.
12,0,0,1,0,21,4,URWPalladioL-Roma,10.061732292175293,166.77,497.27,559.63,535.39,497.27,306.5,166.77,35.64,"The following are different security challenges that might be faced by any IoV paradigm [ 89 , 92 97 ]: 1."
12,0,0,1,0,166,4,URWPalladioL-Roma,10.061732292175293,167.26,525.36,559.67,723.69,525.36,118.2,167.26,35.61,"High mobility: Data packets must be preserved and kept unmodiﬁed during the entire uncertain routing process from the sender to the receiver and should also be delivered on time to satisfy the real-time security requirement. However, the high mobility of nodes in IoV and VANETs networks, and the continuously varying network topology have led to the transient nature of V2V and V2I interactions, which makes the real-time guarantee and non-repudiation security requirements much more difﬁcult. 2. Low errors tolerance: Any minor delay in receiving information or delivering packets in IoV may result in unacceptable situations or even road disasters, thus the time constraints are of high importance in such environments. However, the limited bandwidth and the unstable network quality in IoV caused by the huge number of vehicles being served, their mobility, and the unpredictable changes in wireless networks hinder the real-time security requirement. Therefore, some preventive security measures must be applied so that the drivers can be proactive in case of any emergency situations. 3."
12,0,0,1,0,57,4,URWPalladioL-Roma,10.061732292175293,190.03,713.65,561.02,773.92,713.65,67.97,190.03,34.26,"Key management: Several authorities and stakeholders are considered important participants in IoV such as governmental institutions and vehicle manufacturers. Hence, it has always been a security challenge to delegate a certain authority among these stakeholders to serve as a fully Trusted Authority (TA) that is responsible for key distribution, management, and revocation, since choosing the wrong authority"
13,1,0,1,0,6,87,URWPalladioL-Ital,7.970099925994873,35.78,53.77,110.39,61.88,53.77,780.01,35.78,484.88,"Sensors 2021 , 21 , 7927"
13,0,0,1,0,3,87,URWPalladioL-Roma,7.970099925994873,532.34,53.91,559.28,61.88,53.91,780.01,532.34,36.0,13 of 42
13,0,0,1,0,151,29,URWPalladioL-Roma,9.942654609680176,167.26,98.32,560.93,271.46,98.32,570.43,167.26,34.35,"without considering its hidden intents and beneﬁts could severely affect the security of the IoV system. Moreover, due to the scale of IoV and VANETs networks, the Certiﬁcates Revocation Lists (CRLs) that are responsible for the revocation of misbe- having and malicious vehicles become too long and thus not feasible which raises the overhead of the certiﬁcate revocation process. Thus, maintaining a balance between efﬁcient key distribution/revocation process and low overhead is another challenge on IoV security. 4. Tradeoff between security and privacy: In general, the more secure the system is, the less privacy it can provide for users. Many drivers and passengers may not be willing to sacriﬁce their privacy by sharing their private sensitive data such as their location and destination while caring for security at the same time. Thus, maintaining a good balance between high security and reasonable user privacy is another major security challenge in IoV. 5."
13,0,0,1,0,34,4,URWPalladioL-Roma,10.061732292175293,190.05,261.42,559.28,296.56,261.42,545.33,190.05,36.0,"Compatibility and cooperation: Due to the divergent interests and targets of the various IoV participating parties such as vehicle manufacturers, consumers, and governmental organizations, it is a big challenge to align their interests properly."
13,0,0,1,0,465,24,URWPalladioL-Ital,9.962599754333496,166.91,308.85,561.02,779.84,308.85,62.05,166.91,34.25,"3.2. Security Threats and Attacks in Vehicular Networks As stated previously, different types of security attacks can be launched against IoV or VANETs, whether passive or active, insider or outsider. However, the common factor of all of them is that they constitute a serious threat to the security of the users, the integrity of the ﬂown data, and consequently the safety of the vehicles’ drivers and passengers. Various security attacks and threats in vehicular networks (i.e., IoV and VANETs) have been deﬁned in the literature [ 89 , 95 , 98 , 99 ]. Following is some of the most common ones: Channel Interference Attack: This is also known as jamming attack, which is the act of interfering with the wireless communication links to hinder and disrupt the quality of communication between connected IoV devices. Denial of Service (DoS) Attack: In this attack the attacker ﬂoods the IoV network with fake unnecessary requests so that the service provider is no longer able to handle the legitimate requests issued by the genuine users. Distributed Denial of Service (DDoS) Attack: It is an advanced type of DoS attack, in which the fake requests are launched from several distributed nodes forming botnets. Man-in-the-Middle Attack: In this attack, an attacker places itself in the middle of two communicating legitimate entities to receive the data from the sender and then forward it to the receiver. When the message passes through the attacker, he/she could modify it before forwarding it to the receiver or just reveal its content. Message Tampering Attack: This attack aims to corrupt the messages and spread false information in the network by manipulating and fabricating the contents of the communicated messages. This can badly affect the road safety and the services provided by IoV thereby harming passengers and drivers. Eavesdropping Attack: It is also referred to as trafﬁc analysis attack, in which the attacker monitors the network to track vehicle routes for some malicious purposes. The attacker eavesdrops on the communication channels to examine the messages ﬂowing in the network. Malware Attack: In this attack, the attacker injects malicious software or viruses in the system ﬁles to contaminate the network, which can be leveraged to disrupt the network services and/or to manipulate users’ data. Message Holding Attack: Here, the attacker drops some sensitive messages that hold important data about road conditions that could greatly affect the decision of the drivers on road and thus the road safety is compromised. It also enables the drivers to keep these messages for future use (replaying) in the network. The above-deﬁned attacks are examples of common security threats that can affect the conﬁdentiality and integrity of IoV data, as well as the availability of the entire IoV system. Table 2 depicts a mapping between the various presented security attacks and the"
14,1,0,1,0,6,87,URWPalladioL-Ital,7.970099925994873,35.78,53.77,110.39,61.88,53.77,780.01,35.78,484.88,"Sensors 2021 , 21 , 7927"
14,0,0,1,0,3,87,URWPalladioL-Roma,7.970099925994873,532.34,53.91,559.28,61.88,53.91,780.01,532.34,36.0,14 of 42
14,0,0,1,0,435,9,URWPalladioL-Roma,10.037040710449219,166.96,98.25,561.02,525.5,98.25,316.39,166.96,34.26,"security requirements affected by each of them. However, since our target in this survey paper is to review and discuss the authentication-related issues in IoV, we dedicate more focus to the attacks and threats that target the authentication domain speciﬁcally. Therefore, Table 3 illustrates the authentication attacks with their targeted OSI layer along with some proposed solutions, and following are their deﬁnitions: Sybil Attack: An adversary creates multiple ﬁctitious vehicles on the road from a single node/vehicle by allocating it different identities to appear as it represents separate entities. In other words, an attacker creates (and then controls) more than one identity on a single physical node. This implies that other entities in the network will not be able to judge if the data originate from a single vehicle or multiple vehicles. This attack can be used to affect the route selection of a target vehicle by creating a fake trafﬁc jam on the road which forces the targeted victim vehicle to choose an alternative path. GPS Deception/Spooﬁng Attack: It refers to the interception and manipulation of the GPS signals while being sent between two legitimate IoV nodes, to mislead the receiving entity by providing wrong location information about the sending vehicles. This can directly harm the drivers and the passengers by affecting their path decisions. Additionally, when a GPS receiver of a vehicle is attacked, it could provide the vehicle with false information about its location, speed, and other GPS information, which can greatly affect some IoV applications that depend on this GPS information such as navigation devices. Masquerading/Impersonation Attack: A node pretends to be another node by stealing its identity. Here, both the legitimate vehicle and the adversary vehicle can use the same identity simultaneously which can create a chaos in the network since other vehicles may receive contradictory information from the same identity. The malicious node can also enjoy the access privileges of the spoofed identity. Worm Hole Attack: Also known as tunneling attack, refers to the attack where at least two malicious vehicles create a private tunnel known as a worm hole which is used to forward the intercepted data between the two of them [ 89 ]. In this attack, the true distance information is faked where other entities are forced to route through the created tunnel thus controlling all the trafﬁc ﬂowing in the network. Replay Attack: In this attack, an adversary keeps iterating the old messages in the network to deceive the other nodes by dropping the messages with high priority from the queue. This can greatly affect the system’s efﬁciency and increase the cost of the bandwidth."
14,1,0,1,0,13,67,URWPalladioL-Bold,8.966400146484375,116.69,540.31,478.29,549.36,540.31,292.53,116.69,116.98,Table 2. Possible security attacks in IoV and VANETs categorized by security requirements.
14,1,0,1,0,6,87,URWPalladioL-Bold,7.970099925994873,48.4,561.06,542.75,569.03,561.06,272.86,48.4,52.52,Attack Targets Description Examples Attack Type
14,0,0,1,0,29,87,URWPalladioL-Roma,7.970099925994873,118.8,575.27,309.97,611.63,575.27,230.26,118.8,285.3,Attacks that affect the IoV system’s availability normally use techniques that can make the bandwidth and transmission power of the IoV system unusable by occupying its maximum resource capacity.
14,0,0,1,0,3,87,URWPalladioL-Roma,7.970099925994873,322.55,577.9,381.37,585.87,577.9,256.02,322.55,213.91,- DoS attack
14,0,0,1,0,4,87,URWPalladioL-Roma,7.970099925994873,322.55,575.4,532.35,600.13,575.4,241.76,322.55,62.92,Active - DDoS attack
14,0,0,1,0,5,87,URWPalladioL-Roma,7.970099925994873,322.55,589.67,532.35,614.4,589.67,227.49,322.55,62.92,Active - Channel interference attack
14,0,0,1,0,25,94,URWPalladioL-Roma,7.889996528625488,118.49,635.73,309.66,662.57,635.73,179.32,118.49,285.62,"Attacks that fake the identity of the original sender and act on its behalf, which could be used to spread harmful information in the network."
14,0,0,1,0,3,87,URWPalladioL-Roma,7.970099925994873,322.55,620.69,384.32,628.66,620.69,213.23,322.55,210.95,- Sybil attack
14,0,0,1,0,4,87,URWPalladioL-Roma,7.970099925994873,322.55,618.2,532.35,642.93,618.2,198.96,322.55,62.92,Active - Masquerading/Impersonation attack
14,0,0,1,0,4,87,URWPalladioL-Roma,7.970099925994873,322.55,632.47,532.35,657.2,632.47,184.69,322.55,62.92,Active - Wormhole/tunnelling attack
14,0,0,1,0,5,87,URWPalladioL-Roma,7.970099925994873,322.55,646.73,547.87,671.46,646.73,170.43,322.55,47.41,Passive/Active - GPS spooﬁng attack
14,0,0,1,0,4,87,URWPalladioL-Roma,7.970099925994873,322.55,661.0,532.35,685.73,661.0,156.16,322.55,62.92,Active - Replay attack
14,0,0,1,0,23,87,URWPalladioL-Roma,7.970099925994873,118.74,690.82,309.41,717.72,690.82,124.17,118.74,285.86,Attacks that tamper with the original message content to badly affect the decisions of the receiving entity which could threaten the overall system.
14,0,0,1,0,4,87,URWPalladioL-Roma,7.970099925994873,322.55,692.02,446.79,699.99,692.02,141.9,322.55,148.48,- Message manipulation attack
14,0,0,1,0,3,87,URWPalladioL-Roma,7.970099925994873,322.55,709.12,397.96,717.09,709.12,124.8,322.55,197.31,- Malware attack
15,1,0,1,0,6,87,URWPalladioL-Ital,7.970099925994873,35.78,53.77,110.39,61.88,53.77,780.01,35.78,484.88,"Sensors 2021 , 21 , 7927"
15,0,0,1,0,3,87,URWPalladioL-Roma,7.970099925994873,532.34,53.91,559.28,61.88,53.91,780.01,532.34,36.0,15 of 42
15,1,0,1,0,3,67,URWPalladioL-Bold,8.966400146484375,270.32,97.88,324.66,106.91,97.88,734.98,270.32,270.62,Table 2. Cont.
15,1,0,1,0,6,87,URWPalladioL-Bold,7.970099925994873,48.4,118.71,542.75,126.68,118.71,715.21,48.4,52.52,Attack Targets Description Examples Attack Type
15,0,0,1,0,28,87,URWPalladioL-Roma,7.970099925994873,120.67,132.91,307.48,169.28,132.91,672.61,120.67,287.8,Attacks that compromise the privacy of data through receiving unauthorized copies of the messages being transmitted between the legitimate sending and receiving entities by an illegal third party.
15,0,0,1,0,3,87,URWPalladioL-Roma,7.970099925994873,322.55,135.54,434.03,143.51,135.54,698.38,322.55,161.24,- Man-in-the-middle attack
15,0,0,1,0,4,87,URWPalladioL-Roma,7.970099925994873,322.55,133.05,547.87,157.77,133.05,684.12,322.55,47.41,Passive/Active - Eavesdropping attack
15,0,0,1,0,5,87,URWPalladioL-Roma,7.970099925994873,322.55,147.31,533.96,172.04,147.31,669.85,322.55,61.31,Passive - Message holding attack
15,0,0,1,0,33,87,URWPalladioL-Roma,7.970099925994873,118.8,180.44,309.68,216.81,180.44,625.08,118.8,285.6,Attacks that manipulate the original route of a packet by injecting some malicious recipients in the middle to eavesdrop or even sometimes alter the message before further forwarding it towards its targeted destination.
15,0,0,1,0,3,87,URWPalladioL-Roma,7.970099925994873,322.55,178.34,420.41,186.31,178.34,655.58,322.55,174.86,- Eavesdropping attack
15,0,0,1,0,6,87,URWPalladioL-Roma,7.970099925994873,322.55,175.84,533.96,200.57,175.84,641.32,322.55,61.31,Passive - Denial of service attack
15,0,0,1,0,4,87,URWPalladioL-Roma,7.970099925994873,322.55,190.11,532.35,214.84,190.11,627.05,322.55,62.92,Active - Masquerading attack
15,0,0,1,0,5,87,URWPalladioL-Roma,7.970099925994873,322.55,204.38,532.35,229.1,204.38,612.79,322.55,62.92,Active - Route modiﬁcation attack
15,1,0,1,0,12,67,URWPalladioL-Bold,8.966400146484375,132.78,244.13,462.2,253.18,244.13,588.71,132.78,133.07,"Table 3. Possible attacks on authentication, their targeted OSI layers, and remedies."
15,1,0,1,0,7,67,URWPalladioL-Bold,8.966400146484375,95.16,265.21,537.88,274.17,265.21,567.72,95.16,57.4,Attack Targeted OSI Layer Possible Solutions References
15,0,0,1,0,4,67,URWPalladioL-Roma,8.966400146484375,85.67,292.01,282.69,300.98,292.01,540.91,85.67,312.58,Sybil attack Network layer
15,0,0,1,0,10,67,URWPalladioL-Roma,8.966400146484375,339.99,281.05,458.46,311.93,281.05,529.96,339.99,136.82,"Group signatures, session key certiﬁcates, event based reputation system, footprint"
15,0,0,1,0,4,67,URWPalladioL-Roma,8.966400146484375,496.79,292.01,534.14,300.98,292.01,540.91,496.79,61.13,[ 100 103 ]
15,0,0,1,0,5,67,URWPalladioL-Roma,8.966400146484375,66.46,324.21,281.46,333.17,324.21,508.72,66.46,313.82,GPS deception attack Physical layer
15,0,0,1,0,4,67,URWPalladioL-Roma,8.966400146484375,333.75,318.73,464.35,338.65,318.73,503.24,333.75,130.93,"Dead reckoning, signature-based mechanisms"
15,0,0,1,0,5,67,URWPalladioL-Roma,8.966400146484375,497.91,324.21,533.02,333.17,324.21,508.72,497.91,62.25,"[ 104 , 105 ]"
15,0,0,1,0,9,67,URWPalladioL-Roma,8.966400146484375,191.15,345.45,317.63,376.33,345.45,465.56,191.15,277.65,"Multi-layer (Physical, Data link, Network, Transport, and Application layers)"
15,0,0,1,0,4,67,URWPalladioL-Roma,8.966400146484375,332.45,350.93,465.64,370.85,350.93,471.04,332.45,129.64,"Digital certiﬁcates, identity-based cryptography"
15,0,0,1,0,5,67,URWPalladioL-Roma,8.966400146484375,497.91,356.41,533.02,365.37,356.41,476.52,497.91,62.25,"[ 106 , 107 ]"
15,0,0,1,0,19,67,URWPalladioL-Roma,8.966400146484375,74.84,383.13,533.03,407.85,383.13,434.04,74.84,62.25,"Wormhole attack Network layer Geographical leashes [ 108 , 109 ] Replay attack Network layer Timestamps [ 110 ]"
15,1,0,1,0,7,24,URWPalladioL-Bold,9.962599754333496,167.26,426.29,478.02,436.26,426.29,405.63,167.26,117.26,4. Blockchain-Based Authentication Schemes in Vehicular Networks
15,0,0,1,0,60,20,URWPalladioL-Roma,9.982504844665527,167.26,441.92,560.93,502.1,441.92,339.79,167.26,34.35,"The focus of this survey as mentioned previously is on blockchain-based authentica- tion mechanisms in vehicular networks. We surveyed a wide range of the existing schemes in the literature and categorized them based on the type of the blockchain used for authen- tication into three categories: (a) private, (b) public, and (c) consortium blockchain-based authentication. These categories are discussed below."
15,0,0,1,0,261,24,URWPalladioL-Ital,9.962599754333496,166.85,514.39,561.22,766.04,514.39,75.85,166.85,34.05,"4.1. Private Blockchain-Based Authentication Protocols A private blockchain is a limited access blockchain in which only a particular group of trusted entities (which is decided by a network administrator) is granted access permissions to the blockchain transactions for performing speciﬁc tasks. The nature of private blockchains enables establishing a high level of trust during authentication since only a small group of trusted nodes are allowed to access the vehicles’ authentication parameters stored in the blockchain. Additionally, being controlled by a single organization allows easier, more efﬁcient management and supervision over the authentication data kept at the ledger. Consequently, private blockchains are implemented by many researchers to serve authentication purpose in IoV platforms. The authors in [ 111 ] incorporated a private blockchain technology with intelligent contract to address the issue of new nodes joining the IoV network. The intelligent contract is designed initially for the veriﬁed cloud servers, roadside units and vehicle manufacturers which form a contract node group that use Rayleigh consensus mechanism to authorize or reject the new joining requests. When a new node sends a registration application to join the contract group, each node in the contract node group evaluates the received application and grants its digital signature if it agrees to trust the node, otherwise no digital signature is granted. Then, if 51% of the contract nodes grant their signatures, the node is accepted to the contract node group and a new block is added to the chain. Otherwise, the node’s information is added to the list of suspicious nodes and broadcasted to the rest of the"
16,1,0,1,0,6,87,URWPalladioL-Ital,7.970099925994873,35.78,53.77,110.39,61.88,53.77,780.01,35.78,484.88,"Sensors 2021 , 21 , 7927"
16,0,0,1,0,3,87,URWPalladioL-Roma,7.970099925994873,532.34,53.91,559.28,61.88,53.91,780.01,532.34,36.0,16 of 42
16,0,0,1,0,738,4,URWPalladioL-Roma,10.061732292175293,166.85,98.23,560.93,773.6,98.23,68.29,166.85,34.35,"network to block its future joining attempts. This results in suppressing the joining of malicious nodes from the root. The authors also addressed the authentication of registered vehicles by adopting a Public Key Infrastructure (PKI) technology based on cryptographic accumulator to enhance the authentication efﬁciency. The authentication process is performed in two phases; the ﬁrst phase is to verify the vehicle’s identity to the roadside unit, and the subsequent phase is the mutual veriﬁcation between the RSU and the cloud server. In the ﬁrst phase, the vehicle sends its ID and public key to the RSU which veriﬁes the vehicle identity and adds its own public key to the vehicle information and sends them to the corresponding cloud service provider authority (CA) after encryption with the public key of this CA. Upon receiving the message from the RSU, the CA starts the second phase by ﬁrst decrypting the message with its own private key, and then searches the vehicle ID and the public key of the RSU in the blockchain to check whether the provided information is correct. If successfully found, a new session key is generated by the CA and sent to the RSU along with the corresponding vehicle ID after encryption with the RSU public key. The RSU decrypts the packet with its private key, stores the session key for securing further communication with the CA, and sends the issued digital certiﬁcate to the vehicle encrypted with its public key, upon which the authentication process is culminated. The proposed solution is evaluated using Veins open-source framework through a small-scale network of 13 nodes in terms of the time overhead and communication cost needed for the encryption process related to the blockchain technology and for the whole authentication process. Their scheme proves to provide high authentication efﬁciency in preventing malicious attacks with low time and communication costs. However, large packet loss is encountered during the registration of the vehicles and the key distribu- tion process. The authors in [ 112 ] discussed the issue of computing and communication bottlenecks faced by the centralized authentication protocols and single Trusted Authority (TA) schemes that could fail to authenticate the large number of simultaneous vehicle requests within a limited time during high mobility. Thus, they suggested a blockchain-based RSU-assisted authentication and key agreement protocol for a multi-TA network model by ofﬂoading part of the authentication process to the RSUs to achieve more decentralization. The aim of ofﬂoading is to reduce the resource bottlenecks of the TAs, which results in improving the authentication efﬁciency. The blockchain technology is used to address the cross-TA authentication issue which is caused by the high mobility of the vehicles in a multi-TA environment. Instead of restarting the whole authentication process when a vehicle exits the coverage area of one TA to the coverage area of another TA, the blockchain adoption allows the new TA to continue the authentication process that was started by the old TA since they manage the same ledger that keeps all vehicle-related information. The network model consists of four types of nodes: vehicle nodes (VNs) and RSUs which are both considered as untrusted nodes in their threat model, TAs which are assumed to be semi-trusted nodes, and a data center (DC) which is assumed as a fully trusted network entity that stores all vehicle-related information. A smart contract is used to automate part of the authentication process and the delegated proof-of-stack [ 113 ] is adopted as a consensus mechanism for more efﬁcient resource utilization and power consumption. The whole scheme is composed of three phases, namely the initialization phase, the registration phase, and the authentication phase. In the initialization phase, the system administrator generates a master key and sends it to all RSUs and TAs. Each VN must be registered with the nearest TA during the registration phase in which a unique ID is granted to it and kept as a record with a unique pointer P in the ledger as well as in the vehicle’s memory. The pointer P is then broadcasted to all TAs which jointly pack it into a new block and link it to the previous block in the chain. The authentication phase has ﬁve steps. In the ﬁrst step, the VN enters the RSU communication range and issues an authentication request to the RSU. Then, the RSU forwards a part of the request message to the TA in the second step asking for the VN-"
17,1,0,1,0,6,87,URWPalladioL-Ital,7.970099925994873,35.78,53.77,110.39,61.88,53.77,780.01,35.78,484.88,"Sensors 2021 , 21 , 7927"
17,0,0,1,0,3,87,URWPalladioL-Roma,7.970099925994873,532.34,53.91,559.28,61.88,53.91,780.01,532.34,36.0,17 of 42
17,0,0,1,0,710,4,URWPalladioL-Roma,10.061732292175293,166.85,98.23,561.02,773.58,98.23,68.31,166.85,34.25,"related authentication parameters. In the third step, the TA executes the smart contract in the blockchain. It checks ﬁrst whether P exists in the blockchain, then retrieves the VN-related authentication parameters from the DC according to P, and then sends these parameters to the RSU. Once the RSU successfully authenticates the TA and the VN, it sends the updated parameters to the VN and the TA in the fourth step. In the ﬁnal step, after the TA successfully authenticates the RSU, it sends the updated parameters to the DC via the secure channel. Once the DC has updated the parameters, the TA sends acknowledgment message to the RSU. After the VN successfully authenticates the TA, it updates the authentication parameters in its memory. After the VN and the TA negotiate a session key, it remains valid as long as the VN lies within the communication range of the RSU. Once the VN leaves the communication range of the RSU, the session key will be revoked. A detailed security analysis is performed on the proposed scheme using ProVerif tool [ 114 ] to check its robustness against different security attacks. The results prove that the scheme can resist eavesdropping attack, replay attack, VN impersonation and VN capture attacks, TA and RSU spooﬁng attacks, and jamming attack. It also guarantees backward/forward secrecy and VN anonymity. The authors in [ 115 ] proposed a protocol termed as “BlockAPP” which serves for both authentication and privacy preservation of vehicles identities. The system architecture contains a registration server and multiple service providers. The registration server is responsible for validating and managing vehicles identities whereas the service providers perform the authentication process. The registration server can only write to the blockchain whereas the service providers have both read and write permissions on the blockchain. Further, two types of blocks are deﬁned within their blockchain, i.e., one is created by the registration server to keep a log of the registered vehicles and the other is added by the service providers to keep track of the access history. The proposed scheme has three phases: the registration phase where the vehicles interact with the registration server, the authentication phase and the authorization phase which are handled by the different service providers. The registration phase starts when the vehicle sends a registration request message containing its original id (i.e., driver’s license or vehicle registration number) to the registration center and then a key exchange process takes place using the Elliptic Curve Difﬁe Hellman (ECDH) key exchange protocol [ 116 ] to exchange their public keys. After which the registration server generates a pseudo id by encrypting the vehicle’s original id with its session public key and sends it to the vehicle. Upon receiving an acknowledgement from the vehicle, the registration server adds a transaction with the vehicle-related information to the blockchain after validation. A vehicle then sends a message containing its pseudo id and the session parameters obtained from the previous phase to a service provider which authenticates the vehicle’s identity by comparing the received data against the vehicle’s information kept in the blockchain. If matched, the vehicle is successfully authenticated, and an access log transaction is added to the blockchain by the service provider. The vehicles can then apply for various services during the authorization phase by sending a service request message with the digital signature of the service. The use of pseudo ids for authentication instead of original ids while restricting their validity to only one session, not only protects the privacy of vehicles but also prevents the system from identity spooﬁng attacks. The authors in [ 117 ] suggested a secure mutual authentication scheme with reduced dependency on certiﬁcation authority (CA) by introducing a private blockchain framework. In addition to vehicles, the physical entities involved in their model are the CA and the revocation authority (RA) which both have complete control over the blockchain. The RSUs, on the other hand, have only read permission over the blockchain. The scheme is composed of three phases, namely, system initialization, registration of the vehicles, and mutual identity authentication and revocation. In the ﬁrst phase, the CA initializes the system parameters including the elliptic curve parameters and hashing functions. Moreover, the public key pairs are generated and transferred to the blockchain"
18,1,0,1,0,6,87,URWPalladioL-Ital,7.970099925994873,35.78,53.77,110.39,61.88,53.77,780.01,35.78,484.88,"Sensors 2021 , 21 , 7927"
18,0,0,1,0,3,87,URWPalladioL-Roma,7.970099925994873,532.34,53.91,559.28,61.88,53.91,780.01,532.34,36.0,18 of 42
18,0,0,1,0,744,4,URWPalladioL-Roma,10.061732292175293,166.85,98.23,561.02,773.55,98.23,68.34,166.85,34.25,"network entities, i.e., CA, RA, and RSUs. When a vehicle ﬁrst registers with the CA, it submits its original vehicle id obtained from the motor vehicle’s division. The CA veriﬁes the vehicle’s original id and assigns for it a Pseudo Id (PID) along with the Elliptic Curve Cryptography (ECC) public–private key pair. The PID is then signed digitally by the CA using the Elliptic Curve Digital Signature Algorithm (ECDSA) [ 118 ], forming a new transaction which is added to the blockchain under the proof-of-authority consensus mechanism among the multiple CAs. When the vehicle’s registration information, i.e., PID and the digital certiﬁcate, is added successfully to the blockchain, a pointer referring to its storage location in the blockchain along with a unique transaction id are sent back to the CA. At this point, the CA transfers the pointer, the PID, the certiﬁcate along with the ECC key pair to the vehicle’s OBU. The CA also stores a record mapping the real identity of the vehicle to the Pseudo identity in the hash table in its local database which helps facilitate the lookup in the case of traceability and revocation of malicious vehicles. When the vehicle becomes active on the road, it initiates an authentication request containing its PID, hash pointer, and transaction id to the nearest RSU. The RSU then uses the received PID as an index to query the blockchain for the vehicle’s respective transaction, if veriﬁed, the RSU sends a challenge message to the vehicle encrypted with its public key and waits for the reply. If the vehicle successfully decrypts the challenge message and sends the correct response, it is authenticated successfully by the RSU. Extensive simulation using Vein’s framework and OMNeT++ network simulator proves the efﬁciency of this scheme in terms of authentication delay, transaction throughput, and packet-delivery ratio. The authors in [ 119 ] proposed a distributed message authentication scheme using a private blockchain, where vehicles can authenticate the messages broadcasted in the network in a distributed manner. The system model is composed of a single Root Trusted Authority (RTA), multiple Local Trusted Authorities (LTAs), RSUs, and vehicles. The RTA is a fully trusted authority that is responsible for managing the entire system and performing the registration process whereas the individual LTAs are responsible for authenticating the vehicles in their local areas. The authors deﬁne two types of nodes based on the task they perform on the blockchain, namely, block generation nodes and block veriﬁcation nodes. The generation of blocks is performed through the proof-of-work consensus mechanism and is assigned to the infrastructure nodes, i.e., LTAs due to their high computing capability, while the veriﬁcation of the blocks is the responsibility of the vehicles. Since the vehicles are highly mobile and have a relatively low computing power, the consensus during block veriﬁcation must be completed quickly, and thus the use of the Practical Byzantine Fault Tolerance (PBFT) consensus mechanism. The proposed message authentication scheme includes six phases: initiation, registra- tion, message signing, message veriﬁcation, block generation, and block conﬁrmation. In the initiation phase, the RTA generates its public–private key pair, the genesis block of the blockchain and the list of LTAs. During the registration phase, a vehicle’s owner sends the vehicle’s information and its biometric information to the RTA which in turn generates a pair of asymmetric keys and transfers it along with the system key to the vehicle’s local memory. The registration of LTAs also takes place in this phase by the RTA in the same approach as the vehicles’ registration. When a vehicle needs to broadcast a message into the network, it computes the message’s hash value h(m) and concatenates it with the hash values of the previous blocks in the blockchain and encrypts them together with its private key. This arrangement is then attached as a header to the actual message content along with a timestamp and encrypted with the system key before being broadcasted to other vehicles. This process of message signing guarantees the legitimacy of the sending vehicle and thus the authenticity of the broadcasted information since the unauthorized vehicles cannot have the system key used for message signing as it is distributed only to the registered vehicles during the registration phase. As the V2V messages are broadcasted among the vehicles, the corresponding LTA keeps collecting those messages until it forms a block after a certain number of messages. The block is then veriﬁed through the PBFT consensus by the vehicles and their LTA. Once"
19,1,0,1,0,6,87,URWPalladioL-Ital,7.970099925994873,35.78,53.77,110.39,61.88,53.77,780.01,35.78,484.88,"Sensors 2021 , 21 , 7927"
19,0,0,1,0,3,87,URWPalladioL-Roma,7.970099925994873,532.34,53.91,559.28,61.88,53.91,780.01,532.34,36.0,19 of 42
19,0,0,1,0,87,45,URWPalladioL-Roma,9.862470626831055,167.26,98.38,559.28,196.14,98.38,645.75,167.26,36.0,"the block is veriﬁed, the LTA transfers it to the other LTAs for block conﬁrmation process. If conﬁrmed by all LTAs, they send the conﬁrmed block to the RTA which then concatenates the block ofﬁcially into the blockchain. The simulation results reveal that the proposed scheme can prevent impersonation attacks and single point of failure issue while providing a highly efﬁcient blockchain-based authentication in terms of the total consensus delay and throughput. The above-mentioned private blockchain-based authentication schemes can be found in Table 4 for easy reference."
19,1,0,1,0,15,67,URWPalladioL-Bold,8.966400146484375,86.59,210.55,508.38,219.6,210.55,622.29,86.59,86.89,Table 4. A comparative study of the private blockchain-based authentication schemes in IoV and VANETs.
19,1,0,1,0,7,97,URWPalladioL-Bold,7.4720001220703125,219.76,230.44,260.43,267.8,230.44,574.09,219.76,334.85,Network Model and Entities (Other than Blockchain)
19,1,0,1,0,3,97,URWPalladioL-Bold,7.4720001220703125,435.87,241.65,479.25,256.59,241.65,585.3,435.87,116.03,Features and Limitations
19,1,0,1,0,5,97,URWPalladioL-Bold,7.4720001220703125,508.79,234.09,551.55,263.98,234.09,577.91,508.79,43.73,Privacy Preservation of Vehicle’s Identity?
19,0,0,1,0,3,97,URWPalladioL-Roma,7.4720001220703125,41.98,332.56,58.16,340.03,332.56,501.86,41.98,537.11,[ 111 ]
19,0,0,1,0,13,97,URWPalladioL-Roma,7.4720001220703125,68.17,307.04,122.93,369.03,307.04,472.86,68.17,472.35,- Rayleigh consensus mechanism - Intelligent contract - PKI based on password accumulator
19,0,0,1,0,3,97,URWPalladioL-Roma,7.4720001220703125,140.78,336.95,195.73,344.43,336.95,497.46,140.78,399.55,- Not speciﬁed
19,0,0,1,0,12,97,URWPalladioL-Roma,7.4720001220703125,220.59,303.15,262.69,365.27,303.15,476.62,220.59,332.58,- V2I - vehicles - RSUs - Trusted centre (cloud service provider)
19,0,0,1,0,9,97,URWPalladioL-Roma,7.4720001220703125,279.52,314.95,324.61,360.95,314.95,480.94,279.52,270.67,- Veins sim- ulation tool (OM- NeT++ and SUMO)
19,0,0,1,0,10,97,URWPalladioL-Roma,7.4720001220703125,340.61,321.92,405.26,354.15,321.92,487.74,340.61,190.02,- Computational cost (16.5 ms) - Communication cost (50 KB)
19,0,0,1,0,34,97,URWPalladioL-Roma,7.4720001220703125,424.02,271.85,494.17,400.24,271.85,441.65,424.02,101.1,- Provides an efﬁcient key distribution mechanism based on crypto- accumulator - Provides mutual authentication and key exchange - Large packet loss in the vehicle registration and key distribution process - No security analysis
19,0,0,1,0,3,97,URWPalladioL-Roma,7.4720001220703125,41.98,502.15,58.16,509.62,502.15,332.27,41.98,537.11,[ 112 ]
19,0,0,1,0,10,97,URWPalladioL-Roma,7.4720001220703125,68.17,480.89,121.84,534.37,480.89,307.52,68.17,473.44,- -Delegated Proof-of- Stack (DPoS) consensus mechanism - Smart contract
19,0,0,1,0,24,97,URWPalladioL-Roma,7.4720001220703125,140.78,458.83,204.61,556.43,458.83,285.46,140.78,390.67,- Eavesdropping - Replay - VN capture and VN impersonation - RSU and TA spooﬁng - Jamming - Session ﬁxation - Wrong password login/update
19,0,0,1,0,14,97,URWPalladioL-Roma,7.4720001220703125,220.59,471.58,258.27,543.51,471.58,298.38,220.59,337.01,- V2I - Vehicle nodes - RSUs - Trusted authori- ties - Data centre
19,0,0,1,0,3,97,URWPalladioL-Roma,7.4720001220703125,279.52,499.57,317.65,515.69,499.57,326.2,279.52,277.63,- ProVerif tool
19,0,0,1,0,10,97,URWPalladioL-Roma,7.4720001220703125,340.61,491.52,405.26,523.75,491.52,318.14,340.61,190.02,- Computational cost (0.434 ms) - Communication cost (4416 bits)
19,0,0,1,0,63,97,URWPalladioL-Roma,7.4720001220703125,424.02,403.55,495.09,607.56,403.55,234.33,424.02,100.19,"- Supports an efﬁcient cross-TA authentication - Improves the authentication efﬁciency through ofﬂoading part of the computational load to the RSUs to reduce the TAs’ resource bottleneck - Lightweight in computation - Does not consider the design of the communication protocol between the TAs and the DC and relies on assuming a secure channel between them, which is so idealized and lacks rationality"
19,0,0,1,0,3,97,URWPalladioL-Roma,7.4720001220703125,41.98,647.74,58.16,655.21,647.74,186.68,41.98,537.11,[ 115 ]
19,0,0,1,0,7,97,URWPalladioL-Roma,7.4720001220703125,68.17,629.61,124.4,669.18,629.61,172.71,68.17,470.88,- Smart contract - Asymmetric key cryptography
19,0,0,1,0,3,97,URWPalladioL-Roma,7.4720001220703125,140.78,645.16,180.58,661.28,645.16,180.61,140.78,414.69,- Identity spooﬁng
19,0,0,1,0,16,97,URWPalladioL-Roma,7.4720001220703125,220.59,610.86,263.37,687.93,610.86,153.96,220.59,331.9,- V2I - Vehicles - RSUs - A single registra- tion server - Multiple service providers
19,0,0,1,0,10,97,URWPalladioL-Roma,7.4720001220703125,279.52,621.71,324.22,684.73,621.71,157.16,279.52,271.06,- Software imple- mentation using Solidity language on Remix platform
19,0,0,1,0,3,97,URWPalladioL-Roma,7.4720001220703125,340.61,652.13,395.55,659.61,652.13,182.28,340.61,199.72,- Not speciﬁed
19,0,0,1,0,15,97,URWPalladioL-Roma,7.4720001220703125,424.02,610.98,489.25,691.29,610.98,150.6,424.02,106.02,- Supports an optional traceability feature. - Supports conﬂict-free access-log maintenance. - No performance evaluation
20,1,0,1,0,6,87,URWPalladioL-Ital,7.970099925994873,35.78,53.77,110.39,61.88,53.77,780.01,35.78,484.88,"Sensors 2021 , 21 , 7927"
20,0,0,1,0,3,87,URWPalladioL-Roma,7.970099925994873,532.34,53.91,559.28,61.88,53.91,780.01,532.34,36.0,20 of 42
20,1,0,1,0,3,67,URWPalladioL-Bold,8.966400146484375,270.32,97.88,324.66,106.91,97.88,734.98,270.32,270.62,Table 4. Cont.
20,1,0,1,0,7,97,URWPalladioL-Bold,7.4720001220703125,219.76,117.84,260.43,155.2,117.84,686.69,219.76,334.85,Network Model and Entities (Other than Blockchain)
20,1,0,1,0,3,97,URWPalladioL-Bold,7.4720001220703125,435.87,129.05,479.25,143.99,129.05,697.9,435.87,116.03,Features and Limitations
20,1,0,1,0,5,97,URWPalladioL-Bold,7.4720001220703125,508.79,121.49,551.55,151.38,121.49,690.51,508.79,43.73,Privacy Preservation of Vehicle’s Identity?
20,0,0,1,0,3,97,URWPalladioL-Roma,7.4720001220703125,41.98,259.46,58.16,266.93,259.46,574.96,41.98,537.11,[ 117 ]
20,0,0,1,0,18,97,URWPalladioL-Roma,7.4720001220703125,68.17,214.74,124.19,311.16,214.74,530.73,68.17,471.09,- Proof-of- Authority consensus mechanism - Elliptic curve discrete logarithm problem - Elliptic Curve Digital - Signature Algorithm
20,0,0,1,0,12,97,URWPalladioL-Roma,7.4720001220703125,220.59,226.91,268.51,295.33,226.91,546.56,220.59,326.76,- V2I - OBUs - RSUs - Certiﬁcate authority - Revocation authority
20,0,0,1,0,14,97,URWPalladioL-Roma,7.4720001220703125,279.52,229.54,324.61,300.17,229.54,541.72,279.52,270.67,- OMNeT++ (Objective Modular Network Testbed in - C++) - Veins sim- ulation tool
20,0,0,1,0,38,97,URWPalladioL-Roma,7.4720001220703125,340.61,211.41,406.57,318.29,211.41,523.6,340.61,188.71,"- Communication delay (45 ms for up to 5 vehicles) - -Throughput (45 bits/s for up to 5 vehicles) - Packet delivery ratio (90% up to 35 vehicles, then drops with increasing trafﬁc from 35 to 50 vehicles)"
20,0,0,1,0,56,97,URWPalladioL-Roma,7.4720001220703125,424.02,159.25,494.57,366.64,159.25,475.25,424.02,100.71,"- Provides mutual authentication with reduced dependency on the CA thus reducing the overall communication overhead - Ensures data conﬁdentiality, integrity, and non-repudiation - Supports fast revocation of vehicles without extra overhead - No single point of failure - Does not fully explore the characteristics of the blockchain technology such as the use of smart contracts"
20,0,0,1,0,3,97,URWPalladioL-Roma,7.4720001220703125,41.98,424.89,58.16,432.36,424.89,409.53,41.98,537.11,[ 119 ]
20,0,0,1,0,22,97,URWPalladioL-Roma,7.4720001220703125,68.17,370.13,124.4,486.62,370.13,355.27,68.17,470.88,- Proof of Work (PoW) consensus mechanism - Practical Byzantine fault tolerance (PBFT) consensus mechanism - Elliptic curve cryptography (ECC) - AES-256
20,0,0,1,0,3,97,URWPalladioL-Roma,7.4720001220703125,140.78,422.9,199.9,437.84,422.9,404.05,140.78,395.37,- Internal impersonation
20,0,0,1,0,16,97,URWPalladioL-Roma,7.4720001220703125,220.59,386.91,262.37,466.18,386.91,375.71,220.59,332.9,- V2I - Vehicles - RSUs - A root trusted authority - Local trusted authori- ties
20,0,0,1,0,7,97,URWPalladioL-Roma,7.4720001220703125,279.52,406.85,324.15,453.89,406.85,388.0,279.52,271.13,- Simulation model imple- mented with Python
20,0,0,1,0,36,97,URWPalladioL-Roma,7.4720001220703125,340.61,375.34,405.83,485.4,375.34,356.49,340.61,189.45,- Total consensus delay (increases linearly from 2 s at 25 vehicles to 10 s at 150 vehicles) - Transactions per second (decreases exponentially from 50 TPS at 25 vehicles to 10 TPS at 150 vehicles)
20,0,0,1,0,21,97,URWPalladioL-Roma,7.4720001220703125,424.02,388.2,493.24,468.38,388.2,373.51,424.02,102.04,- Guarantees message integrity - Ensures non-repudiation and traceability - Prevents single point of failure - Large delay in consensus making
20,0,0,1,0,287,24,URWPalladioL-Ital,9.962599754333496,166.85,503.87,560.92,780.58,503.87,61.31,166.85,34.35,"4.2. Public Blockchain-Based Authentication Protocols A public blockchain is an open access blockchain in which everyone can access, send, receive, and verify the different transactions of the blocks. Since it is a fully opened blockchain, even the vehicles can participate in the authentication process by looking up the ledger for the targeted authentication parameters. This provides a better utilization of the available computing resources in the IoV environment compared to restricting the authentication process to a few trusted nodes, thus a more decentralized, time efﬁcient authentication process is achieved. These characteristics of a public blockchain have attracted many researchers to adopt it for IoV authentication. The authors in [ 120 ] contributed to address the authentication delay issues and time complexity in IoV network. The proposed work provides real-time authentication and adversary detection through the adoption of a public blockchain. The authors used the wireless channel characteristics, such as the received power and the Link Fingerprint (LF) along with the hash technology of blockchain to detect any intrusion in V2V communication in real-time. The main concept is that the wireless link between any two communicating vehicles has a unique ﬁngerprint which is generated from the channel’s power characteris- tics. As a result, the variation in the received power of the communicating vehicles must highly correlate, otherwise the communication path is intercepted, and an adversary is detected. Each vehicle uses the LF, a pseudo-random freshness parameter N, (that changes every time to prevent the system from replay attacks), and the hash of the previous block used to generate the hash value. The hash is then stored in its local memory and sent to the cloud to be stored in the publicly accessible ledger. A sending vehicle encapsulates the"
21,1,0,1,0,6,87,URWPalladioL-Ital,7.970099925994873,35.78,53.77,110.39,61.88,53.77,780.01,35.78,484.88,"Sensors 2021 , 21 , 7927"
21,0,0,1,0,3,87,URWPalladioL-Roma,7.970099925994873,532.34,53.91,559.28,61.88,53.91,780.01,532.34,36.0,21 of 42
21,0,0,1,0,721,8,URWPalladioL-Roma,10.041984558105469,166.77,98.25,561.02,773.6,98.25,68.29,166.77,34.26,"packet with a header containing its hash value before being sent to the receiving vehicle. When the receiving vehicle gets the packet, it removes the packet header and looks up the hash value in the ledger to check the authenticity of the sender vehicle, if it exists, it accepts the package data; otherwise, an adversary is detected, and the packet is discarded. MICAz mote—a hardware wireless sensor module—is installed on two vehicles to serve as a wireless communication interface in the V2V arrangement. Measurements are recorded indoor and outdoor in real-time and reported with the aid of MATLAB R2020a. The Pearson Correlation Coefﬁcient [ 121 ] is computed to detect an adversary in the network when its value is less than or equal to 0.9. The scheme is also evaluated in terms of time complexity which is found to be as low as O(1) due to the simple and lightweight hash function used in their blockchain. The authors in [ 122 ] proposed a scalable blockchain-based protocol that deploys a dynamic proof-of-work consensus mechanism and Physical Unclonable Functions (PUFs) for authentication and trust establishment. Their approach depends on the assumption that the smart vehicles are equipped with PUF components that generate hardware ﬁngerprints which serve as unique identities replacing passwords and secret keys. The authentication process passes through two phases, namely the setup phase and data transfer phase. The vehicle’s registration process is performed during the setup phase, where each vehicle is given a pair of public and private keys and allocated an account address in the blockchain. A smart contract named “enforcer” is utilized to initiate the communication between the vehicles and the blockchain whereas the RSUs serve as the blockchain miners and the certiﬁcate authority as well. When a vehicle generates data trafﬁc, the enforcer ﬁrst checks its existence in the list of registered vehicles stored in the RSUs. If it is registered, a PUF challenge is then sent to the vehicle. If the vehicle succeeds in this challenge, the authentica- tion is completed successfully, and a communication link is established between the vehicle and the local blockchain. A digital certiﬁcate is then issued by the RSU to the vehicle to serve anonymity and privacy preserving purposes for future authentication process. After registration and successful authentication, a vehicle can communicate with other entities in IoV environment and exchange data in the data transfer phase. The deployed dPoW consensus mechanism allows the protocol to scale based on the incoming trafﬁc generated by the vehicles and their use of PUFs makes the vehicles immune to physical and impersonation attacks. A detailed analysis is conducted through software implementation and NS3 simulation tool to evaluate their scheme in terms of the four-way tradeoffs of distributed systems which are scalability, decentralization, security, and latency. Two types of delay were measured: (1) the authentication delay at the RSU, which is time needed to authenticate a vehicle by the RSU and (2) the time to ﬁnality, which is the time needed to form a block, mine it, and reach a consensus on the mined block. The results show that their authentication scheme efﬁciently satisﬁes all the above-mentioned four properties without sacriﬁcing any of them. The authors in [ 123 ] designed a novel blockchain-assisted authentication scheme for Artiﬁcial Intelligence (AI)-envisioned IoV-enabled smart cities called “BBAS-IoV” by which authentication is performed both individually and in batches. The network model is composed of several smart cities; each is managed by a separate Trusted Authority (TA) and divided into multiple clusters. Each TA is responsible for initializing the system parameters during the initial setup phase, registering RSUs and vehicles within its service area during the registration phase and distributing certiﬁcates and private/public key pairs later to them. The model contains a fog server connected to each group of geographically related RSUs and a group of cloud servers forming the publicly accessible blockchain center. Beside the setup and registration phases, the protocol has other six phases, namely, message signing, authentication, group key management, blockchain formation, AI-based secure big data analytics using blockchain and dynamic nodes addition. During the authentication phase two types of authentications exist, i.e., V2V and batch authentication. The V2V authentication enables each vehicle to authenticate its neighbors in its cluster in the smart city. The batch authentication is then used by the RSU to authenticate all its"
22,1,0,1,0,6,87,URWPalladioL-Ital,7.970099925994873,35.78,53.77,110.39,61.88,53.77,780.01,35.78,484.88,"Sensors 2021 , 21 , 7927"
22,0,0,1,0,3,87,URWPalladioL-Roma,7.970099925994873,532.34,53.91,559.28,61.88,53.91,780.01,532.34,36.0,22 of 42
22,0,0,1,0,629,40,URWPalladioL-Roma,9.887598037719727,166.85,98.36,561.02,723.36,98.36,118.53,166.85,34.26,"clusters’ vehicles simultaneously which saves time and reduces the computation overhead of the whole scheme. After that, a group key is agreed upon and granted to each cluster to be used for securing communication among intra- and inter-cluster vehicles and their managing RSU. The blockchain formation phase is handled by fog and cloud servers in two steps; ﬁrst, each fog server receives the list of transactions and their compact signatures from the associated RSUs and veriﬁes them, if the signatures are valid, it transmits the partial blocks to a cloud server in the blockchain center. Then, the cloud servers convert the received partial blocks into complete blocks which are then mined and voted for through the PBFT consensus mechanism to decide on their eligibility to be added to the blockchain. The signature veriﬁcation and block veriﬁcation applied in this scheme ensures that data poisoning attacks which inject malicious transactions in the blockchain are avoided in the proposed BBAS-IoV protocol. This results in fully trusted blockchain transactions that can be a great asset for deriving highly accurate ML models and thus correct predictions and decision making can be achieved. Detailed formal security analysis using the Automated Validation of Internet Security Protocols and Applications (AVISPA) tool as well as informal security analysis is pro- vided to evaluate the security features of the proposed BBAS-IoV scheme. The results obtained show that various security attacks namely, replay attacks, man-in-the-middle attack, vehicle and RSU impersonation attacks, privileged-insider attack, and ephemeral secret leakage attack are prevented. Extensive performance evaluation through simulation with the aid of Multi-precision Integer and Rational Arithmetic Cryptographic Library (MIRACL) reﬂects high efﬁciency of the scheme in terms of computation, communication, and storage overheads. The authors in [ 124 ] designed a blockchain-based authentication scheme for vehicular accident detection and notiﬁcation in IoV-enabled intelligent transportation systems, called BCAS-VADN. The scheme deploys a cloud/edge computing framework that consists of cloud servers, edge servers, RSUs, and vehicles. The system architecture is divided into multiple clusters with a Cluster Head (CH) for each, which acts as an intermediate entity to arrange the communication between the cluster members and the RSUs. Each RSU is associated with an edge server and all edge servers are linked to cloud servers in the blockchain center through a public channel. The proposed scheme consists of ﬁve phases, namely, system initialization, enrollment, authentication, blockchain veriﬁcation and addition, and dynamic node addition phases. The proposed scheme assumes the existence of a trusted registration authority that is completely responsible for initializing the system parameters including elliptic curve, one- way hash function and its own private–public key pair as well as enrolling all the entities in the network, i.e., cloud servers, edge servers, RSUs, and vehicles. The authentication phase then takes place in two steps: V2CH authentication in which a vehicle and its associated CH mutually authenticate, then CH2RSU authentication where the CH and its associated RSU authenticate each other. Upon a successful authentication process, each vehicle can securely report accident-related transactions to its associated CH if it detects an accident on the road. The cluster head then securely transfers the received transactions to its associated RSU which in turn sends them secretly to the corresponding edge server. The edge server prepares a partial block containing the accident-related transactions, the Merkle tree root, and a digital signature. This incomplete block is forwarded to its associated cloud server in the blockchain center forming a complete block from the received partial block. At this point, all the cloud servers in the blockchain center participate in the block veriﬁcation process through the PBFT consensus and if veriﬁed, the complete block containing the vehicle accident-related information is added to the blockchain center and made available for use by other vehicles for optimal route selection and better road-related decisions."
23,1,0,1,0,6,87,URWPalladioL-Ital,7.970099925994873,35.78,53.77,110.39,61.88,53.77,780.01,35.78,484.88,"Sensors 2021 , 21 , 7927"
23,0,0,1,0,3,87,URWPalladioL-Roma,7.970099925994873,532.34,53.91,559.28,61.88,53.91,780.01,532.34,36.0,23 of 42
23,0,0,1,0,710,4,URWPalladioL-Roma,10.061732292175293,166.85,98.23,561.02,773.6,98.23,68.29,166.85,34.26,"Using the Automated Validation of Internet Security Protocols and Applications (AVISPA) simulation tool, the proposed BCAS-VADN proves to be secure against multiple attacks including replay, man-in-the-middle attacks, impersonation and privileged-insider attacks, physical vehicle capture attack, and ephemeral secret leakage attack. The authors in [ 125 ] introduced a scheme for securely authenticating the vehicles and the messages exchanged in the network using a public blockchain, called BCPPA. The scheme employs the Elliptic Curve Digital Signature Algorithm (ECDSA) but supports replacing it by an improved signature scheme to enable batch authentication. The BCPPA protocol consists of three phases: system initialization, message signing, and message veriﬁcation. For improved security, the system initialization is performed by both the vehicles and the certiﬁcate authorities via the private-type derivation and the public-type derivation processes. The private-type derivation is performed by the vehicles to generate a root private key which is kept at the vehicle’s OBU to be used later to derive a fresh private key for each future communication. A corresponding public key is also generated by the vehicle and sent to the certiﬁcate authority which uses it to generate the new public key and certiﬁcate in the public-type derivation process. The public blockchain is used in this scheme to store the public certiﬁcates which are embedded into the transactions so that the vehicles can obtain the certiﬁcates from the blockchain instead of preloading all of them in the OBUs, which helps mitigate the storage burden of the vehicles. In the message signing phase, a vehicle that needs to broadcast a message to other vehicles in the network must sign the message by ﬁrst executing the private-type derivation to obtain the current private key and then triggering the smart contract to obtain the transaction id that keeps the public certiﬁcate corresponding to the generated private key. The receiver then veriﬁes whether the received message/signature pair is valid or not, if valid, the received trafﬁc is accepted, and decisions can be made based on it. Extensive simulation using Vanet-MobiSim and NS2 demonstrates that the proposed BCPPA can resist several attacks such as replay attack, impersonation attack, DDoS attack, man-in-the-middle attack, stolen veriﬁer attack, side-channel attack, message modiﬁcation attack, birthday collision attack, and hijacking attack. The authors claim good efﬁciency in terms of communication cost, time cost, average packet delay, and packet loss ratio. The authors in [ 126 ] proposed a lightweight Decentralized Key Management Mecha- nism with Blockchain (DB-KMM) and bivariate polynomial. The network model involves three types of entities: Vehicle Service Provider (VSP), Blockchain Network (BN), and the vehicles. The VSP is responsible for deploying the BN and the smart contract, issuing the transaction data, registering, updating, and invalidating the vehicles’ public keys. The BN is constructed by the RSUs which are responsible for creating and mining the new blocks through the PoW consensus mechanism while providing public keys and services to the vehicles. The proposed DB-KMM is composed of six phases, namely, system setup, registration, authentication, key agreement, public key update, and public key revocation. In the system setup phase, the VSP derives the system parameters such as the ECDSA and the Elliptic Curve Integrated Encryption Scheme (ECIES) parameters, the bivariate function parameters as well as initializing the smart contract. Each vehicle that aims to join the VANETS network must register itself through the VSP which generates for it a pair of public and private keys while registering the public key in the smart contract. When a vehicle needs to communicate with other VANETS entities, it ﬁrst mutually authenticates with the nearest RSU. Once the mutual authentication succeeds, a key exchange mechanism takes place between the vehicle and its corresponding RSU in order to agree on a shared session key for securing the subsequent communication. The DB-KMM provides an automatic public key management including update and revocation via the smart contract. For the update process, when a vehicle sends a key update request containing its ID, old public key, and validity period to the VSP, the VSP triggers the smart contract to generate a new public/private key and a new validity period for the requesting vehicle. The VSP then forms a new transaction containing the vehicle ID, new public key, and validity period and sends it to the BN. The RSUs forming the"
24,1,0,1,0,6,87,URWPalladioL-Ital,7.970099925994873,35.78,53.77,110.39,61.88,53.77,780.01,35.78,484.88,"Sensors 2021 , 21 , 7927"
24,0,0,1,0,3,87,URWPalladioL-Roma,7.970099925994873,532.34,53.91,559.28,61.88,53.91,780.01,532.34,36.0,24 of 42
24,0,0,1,0,591,17,URWPalladioL-Roma,9.997407913208008,166.85,98.28,560.93,673.15,98.28,168.74,166.85,34.34,"blockchain network perform the consensus on the received transaction and if the mining succeeds, the updated transaction is added to the blockchain, and the new public key is transferred to the requesting vehicle. Lastly, when a malicious behavior is noticed on some vehicle, the VSP initiates a revocation transaction to the BN and triggers the smart contract to remove the vehicle’s identity and public key from the blockchain. The performance of the proposed DB-KMM is tested in terms of the end-to-end packet latency and the packet loss ratio using OMNeT++ and Veins simulators and the results prove that it greatly improves the cost of public key management compared to the traditional PKI management. Further, security analysis shows that the scheme can resist DoS attack, public key tampering attack, internal attacks, as well as collusion attacks. The authors in [ 127 ] extended the conventional blockchain by introducing two novel data structures called the Merkle Patricia Tree (MPT) and the Chronological Merkle Tree (CMT) and then proposed a Blockchain-based Privacy Preserving Authentication scheme (BPPA) based on this extended blockchain. The system model includes the following entities: certiﬁcate, certiﬁcate authority, Law Enforcement Authority (LEA), RSUs, and vehicles. The certiﬁcate includes the public key, the expiry date, the timestamp, and the encrypted mapping between the vehicle’s real identity and its certiﬁcates. The certiﬁcate authority issues two types of transactions: the issuance transaction which includes the issued certiﬁcate, the timestamp and the signatures of the trusted authorities, and the revocation transaction which contains the revoked certiﬁcate. The LEA is responsible for the registration of vehicles and monitoring their behavior. Additionally, it concatenates and organizes the transactions received from the certiﬁcate authority to generate a block and transfers the block to all the RSUs for veriﬁcation. When a certiﬁcate issuance transaction or a certiﬁcate revocation transaction is broadcasted by the certiﬁcate authority, a leaf node is inserted into or removed from the MPT, respectively, and the root of the MPT is updated. The transaction and the corresponding root of MPT are recorded chronologically in the CMT. The root of CMT is considered as the transaction root whereas the root of MPT is taken as the certiﬁcate root. The transaction root and the certiﬁcate root are then written immutably in the blockchain. The signiﬁcance of this extended blockchain being developed is represented by two aspects. First, it provides a simpliﬁed authentication technique whether a certain certiﬁcate is in the MPT or not. Given the certiﬁcate root and a record containing the nodes along the path, the authenticator can compute a hash using the given record. If the hash value is equal to the certiﬁcate root in the blockchain, it is proven that the certiﬁcate exists in the MPT. Second, it provides transparency within the activities of the authorities by using transactions roots; since, if the transaction root is given, it can be veriﬁed when a certain certiﬁcate is issued or revoked. Conditional privacy preserving is provided by allowing each vehicle to utilize several certiﬁcates, while the mapping between the certiﬁcates and the real identities is encrypted by the LEA’s secret key and stored in the blockchain and can only be revealed by the LEA in case of malicious behavior. Security investigation proves that BPPA is resistant to forgery attack, man-in-the- middle attack, replay attack, identity revealing attack, and authority abuse attack. Further, experimental results demonstrate the efﬁciency of the scheme in terms of communication and computation costs, low latency, and high throughput. The above-mentioned public blockchain-based authentication schemes can be found in Table 5 for easy reference."
25,1,0,1,0,6,87,URWPalladioL-Ital,7.970099925994873,35.78,53.77,110.39,61.88,53.77,780.01,35.78,484.88,"Sensors 2021 , 21 , 7927"
25,0,0,1,0,3,87,URWPalladioL-Roma,7.970099925994873,532.34,53.91,559.28,61.88,53.91,780.01,532.34,36.0,25 of 42
25,1,0,1,0,15,67,URWPalladioL-Bold,8.966400146484375,88.27,97.95,506.71,107.0,97.95,734.89,88.27,88.57,Table 5. A comparative study of the public blockchain-based authentication schemes in IoV and VANETs.
25,1,0,1,0,7,97,URWPalladioL-Bold,7.4720001220703125,219.76,117.84,260.43,155.2,117.84,686.69,219.76,334.85,Network Model and Entities (Other than Blockchain)
25,1,0,1,0,3,97,URWPalladioL-Bold,7.4720001220703125,435.87,129.05,479.25,143.99,129.05,697.9,435.87,116.03,Features and Limitations
25,1,0,1,0,5,97,URWPalladioL-Bold,7.4720001220703125,508.79,121.49,551.55,151.38,121.49,690.51,508.79,43.73,Privacy Preservation of Vehicle’s Identity?
25,0,0,1,0,3,97,URWPalladioL-Roma,7.4720001220703125,41.98,197.95,58.16,205.42,197.95,636.47,41.98,537.11,[ 120 ]
25,0,0,1,0,17,97,URWPalladioL-Roma,7.4720001220703125,220.59,159.08,263.58,243.61,159.08,598.28,220.59,331.7,- V2V - 2 vehicles - (With MICAz mote mounted on each) - Fusion centre (Cloud server)
25,0,0,1,0,12,97,URWPalladioL-Roma,7.4720001220703125,279.52,163.49,324.22,239.38,163.49,602.51,279.52,271.06,- Hardware imple- mentation using MICAz motes - Simulation using MATLAB R2020a
25,0,0,1,0,8,97,URWPalladioL-Roma,7.4720001220703125,340.61,181.49,401.66,221.2,181.49,620.69,340.61,193.62,- Pearson Correlation Coefﬁcient - Computational time (s)
25,0,0,1,0,14,97,URWPalladioL-Roma,7.4720001220703125,424.02,169.34,487.34,233.53,169.34,608.36,424.02,107.94,- Provides real-time adversary detection. - Lightweight in computation - Lack of security evaluation
25,0,0,1,0,3,97,URWPalladioL-Roma,7.4720001220703125,41.98,309.14,58.16,316.61,309.14,525.28,41.98,537.11,[ 122 ]
25,0,0,1,0,16,97,URWPalladioL-Roma,7.4720001220703125,68.17,269.68,124.2,355.39,269.68,486.5,68.17,471.07,- Dynamic Proof-of- Work (dPoW) consensus mechanism - Smart contract - PKI - Physical unclonable functions
25,0,0,1,0,7,97,URWPalladioL-Roma,7.4720001220703125,140.78,297.68,203.77,320.09,297.68,521.8,140.78,391.51,- Cloning - Impersonation - Data tampering
25,0,0,1,0,13,97,URWPalladioL-Roma,7.4720001220703125,220.59,285.21,258.45,339.86,285.21,502.03,220.59,336.82,- V2I - Vehicles - RSUs - Miners - Cloud storage - PUFs
25,0,0,1,0,19,97,URWPalladioL-Roma,7.4720001220703125,279.52,254.44,324.22,370.8,254.44,471.09,279.52,271.06,- Software imple- mentation (using Solidity for smart contract and Python for dPoW) - Simulation using SUMO and NS3
25,0,0,1,0,28,97,URWPalladioL-Roma,7.4720001220703125,340.61,255.23,406.81,369.84,255.23,472.05,340.61,188.47,- Communication overhead (bytes) - Latency (s) expressed in 2 measures: - 1— Authentication delay at RSU - 2—Time-to- Finality - MAC and physical layers bytes overhead (%)
25,0,0,1,0,29,97,URWPalladioL-Roma,7.4720001220703125,424.02,246.92,493.53,378.15,246.92,463.74,424.02,101.75,"- Supports scalability according to the incoming trafﬁc - Satisﬁes all the four-way trade-off properties (scalability, decentralization, low latency, and security guarantee) - Provides physical protection through the PUFs"
25,0,0,1,0,3,97,URWPalladioL-Roma,7.4720001220703125,41.98,471.06,58.16,478.53,471.06,363.36,41.98,537.11,[ 123 ]
25,0,0,1,0,21,97,URWPalladioL-Roma,7.4720001220703125,68.17,411.43,119.92,537.48,411.43,304.41,68.17,475.36,- PBFT consensus mechanism - Symmetric key: Advanced encryption standard - Asymmetric key: Elliptic curve discrete logarithm problem - Bilinear pairing
25,0,0,1,0,23,97,URWPalladioL-Roma,7.4720001220703125,140.78,426.26,202.32,522.82,426.26,319.07,140.78,392.96,- Replay - Stolen veriﬁer - Data poisoning - Man-in-the- middle - Privileged- insider - Vehicle and RSU impersonation - Ephemeral secret leakage
25,0,0,1,0,16,97,URWPalladioL-Roma,7.4720001220703125,220.59,435.34,258.45,513.57,435.34,328.32,220.59,336.82,- V2I - Vehicles - RSUs - Trusted authori- ties - Fog servers - Cloud servers
25,0,0,1,0,34,97,URWPalladioL-Roma,7.4720001220703125,278.53,381.63,325.63,559.98,381.63,281.91,278.53,269.64,"- Automated Validation of Internet Security Protocols and Appli- cations, simula- tion tool for formal security analysis - MIRACL: library for measur- ing the execution time of the different used cryp- tographic tech- niques"
25,0,0,1,0,28,97,URWPalladioL-Roma,7.4720001220703125,340.61,409.19,405.26,539.73,409.19,302.16,340.61,190.02,- Storage overhead (2720 bits) - Communication cost - (Single and batch veriﬁcation) - group key management - Computation cost - (V2V single authentication and V2RSU batch authentication)
25,0,0,1,0,50,97,URWPalladioL-Roma,7.4720001220703125,424.02,384.89,494.5,564.2,384.89,277.69,424.02,100.78,"- The genuineness and authenticity of blockchain data supports the use of big data analytics to machine learning and AI applications - Supports batch authentication which saves time and reduces the computational overhead - Does not provide practical implementation on the claimed support for big data analytics, AI, and ML"
25,0,0,1,0,3,97,URWPalladioL-Roma,7.4720001220703125,41.98,626.28,58.16,633.76,626.28,208.13,41.98,537.11,[ 124 ]
25,0,0,1,0,17,97,URWPalladioL-Roma,7.4720001220703125,68.17,586.38,124.3,672.99,586.38,168.9,68.17,470.98,- PBFT consensus mechanism - Elliptic curve discrete logarithm problem (ECDLP) - One-way hash function - ECDSA
25,0,0,1,0,18,97,URWPalladioL-Roma,7.4720001220703125,140.78,584.64,200.25,674.9,584.64,166.99,140.78,395.03,- Replay - Man-in-the- middle - Impersonation - Privileged- Insider - Physical vehicles capture - Ephemeral secret leakage
25,0,0,1,0,15,97,URWPalladioL-Roma,7.4720001220703125,220.59,590.7,271.78,668.67,590.7,173.22,220.59,323.5,- V2I - Vehicles - RSUs - Registration authority - Edge servers - Cloud servers
25,0,0,1,0,19,97,URWPalladioL-Roma,7.4720001220703125,278.53,572.11,325.63,679.96,572.11,161.93,278.53,269.64,- Automated Validation of Internet Security Protocols and Appli- cations (AVISPA) simula- tion tool for formal security veriﬁca- tion
25,0,0,1,0,10,97,URWPalladioL-Roma,7.4720001220703125,340.61,613.57,405.26,645.8,613.57,196.09,340.61,190.02,- Communication cost (2400 bits) - -Computation cost (227.6 ms)
25,0,0,1,0,32,97,URWPalladioL-Roma,7.4720001220703125,424.02,570.94,494.84,688.61,570.94,153.28,424.02,100.44,"- Enables vehicle accident detection and notiﬁcation - Supports mutual authentication and key agreement - Does not discuss the blockchain- related evaluation measures, i.e., the throughput (TPS) and the blockchain’s storage overhead"
26,1,0,1,0,6,87,URWPalladioL-Ital,7.970099925994873,35.78,53.77,110.39,61.88,53.77,780.01,35.78,484.88,"Sensors 2021 , 21 , 7927"
26,0,0,1,0,3,87,URWPalladioL-Roma,7.970099925994873,532.34,53.91,559.28,61.88,53.91,780.01,532.34,36.0,26 of 42
26,1,0,1,0,3,67,URWPalladioL-Bold,8.966400146484375,270.32,97.88,324.66,106.91,97.88,734.98,270.32,270.62,Table 5. Cont.
26,1,0,1,0,7,97,URWPalladioL-Bold,7.4720001220703125,219.76,117.84,260.43,155.2,117.84,686.69,219.76,334.85,Network Model and Entities (Other than Blockchain)
26,1,0,1,0,3,97,URWPalladioL-Bold,7.4720001220703125,435.87,129.05,479.25,143.99,129.05,697.9,435.87,116.03,Features and Limitations
26,1,0,1,0,5,97,URWPalladioL-Bold,7.4720001220703125,508.79,121.49,551.55,151.38,121.49,690.51,508.79,43.73,Privacy Preservation of Vehicle’s Identity?
26,0,0,1,0,3,97,URWPalladioL-Roma,7.4720001220703125,41.98,199.79,58.16,207.26,199.79,634.63,41.98,537.11,[ 125 ]
26,0,0,1,0,9,97,URWPalladioL-Roma,7.4720001220703125,68.17,180.77,117.0,225.61,180.77,616.28,68.17,478.28,- PoW consensus mechanism - Smart contract - ECDSA
26,0,0,1,0,20,97,URWPalladioL-Roma,7.4720001220703125,140.78,159.25,200.25,247.3,159.25,594.59,140.78,395.03,- Hijacking - Impersonation - Message modiﬁcation - DDoS - Replay - Man-in-the- Middle - Stolen veriﬁer table - Side-channel
26,0,0,1,0,10,97,URWPalladioL-Roma,7.4720001220703125,220.59,172.13,265.58,226.78,172.13,615.11,220.59,329.7,- V2V - Vehicles - RSUs - Certiﬁcate authori- ties
26,0,0,1,0,11,97,URWPalladioL-Roma,7.4720001220703125,279.52,172.13,325.15,226.78,172.13,615.11,279.52,270.13,- Vanet- MobiSim simula- tion tool - NS2 simu- lation tool
26,0,0,1,0,24,97,URWPalladioL-Roma,7.4720001220703125,340.61,169.92,406.16,236.46,169.92,605.43,340.61,189.12,- Time cost (0.017974 s). - Communication cost (264 byte) - Average packet delay (APD in s) - Packet loss ratio (PLR in %)
26,0,0,1,0,16,97,URWPalladioL-Roma,7.4720001220703125,424.02,174.92,494.37,231.64,174.92,610.25,424.02,100.91,- Supports batch veriﬁcation - Does not consider the real-world factors in security and performance evaluation
26,0,0,1,0,3,97,URWPalladioL-Roma,7.4720001220703125,41.98,302.96,58.16,310.44,302.96,531.45,41.98,537.11,[ 126 ]
26,0,0,1,0,14,97,URWPalladioL-Roma,7.4720001220703125,68.17,272.15,117.0,340.57,272.15,501.32,68.17,478.28,- PoW consensus mechanism - Smart contract - Bivariate polynomial - ECDSA - ECIES
26,0,0,1,0,10,97,URWPalladioL-Roma,7.4720001220703125,140.78,286.6,186.31,326.3,286.6,515.59,140.78,408.97,- Internal - Public key tampering - DoS - Collusion
26,0,0,1,0,15,97,URWPalladioL-Roma,7.4720001220703125,220.59,264.09,267.77,348.63,264.09,493.26,220.59,327.51,- V2I - Vehicles - Blockchain network: consists of the RSUs - Vehicle service provider
26,0,0,1,0,10,97,URWPalladioL-Roma,7.4720001220703125,279.52,275.89,325.27,329.36,275.89,512.53,279.52,270.0,- OMNeT++ event simulator - Veins network simulator - OMNeT++
26,0,0,1,0,25,97,URWPalladioL-Roma,7.4720001220703125,340.61,250.61,405.26,362.11,250.61,479.78,340.61,190.02,- Computation overhead (ms) - Communication overhead (657 bytes) - Storage overhead (114.4 MB) - Average end-to-end packet latency (ms) - Average packet loss ratio
26,0,0,1,0,17,97,URWPalladioL-Roma,7.4720001220703125,424.02,266.36,492.31,346.54,266.36,495.35,424.02,102.97,- Supports mutual authentication - The authentication process is lightweight - Does not support anonymity during authentication
26,0,0,1,0,3,97,URWPalladioL-Roma,7.4720001220703125,41.98,429.37,58.16,436.84,429.37,405.05,41.98,537.11,[ 127 ]
26,0,0,1,0,14,97,URWPalladioL-Roma,7.4720001220703125,68.17,396.5,124.4,469.21,396.5,372.68,68.17,470.88,- Elliptic curve cryptography - ECDSA - Secure hashing algorithm - Advanced encryption standard
26,0,0,1,0,13,97,URWPalladioL-Roma,7.4720001220703125,140.78,399.43,191.24,466.1,399.43,375.79,140.78,404.03,- Forgery - Man-in-the- middle - Replay - Identity revealing - Authority abuse
26,0,0,1,0,16,97,URWPalladioL-Roma,7.4720001220703125,219.6,393.06,262.32,472.47,393.06,369.42,219.6,332.95,- V2I - Vehicles - RSUs - Certificate authority - Semi-TAs - Law enforce- ment authority
26,0,0,1,0,22,97,URWPalladioL-Roma,7.4720001220703125,279.52,374.67,324.22,491.04,374.67,350.85,279.52,271.06,- Testbed (2 laptops as RSUs and 6 laptops as vehicles connected through 1 Gb/s switch) + Software imple- mentation using Python
26,0,0,1,0,16,97,URWPalladioL-Roma,7.4720001220703125,340.61,392.61,405.26,472.92,392.61,368.97,340.61,190.02,- Transaction throughput (transactions/s) - Transaction latency (ms) - Time consumption (ms) - Communication overhead (KB)
26,0,0,1,0,37,97,URWPalladioL-Roma,7.4720001220703125,424.02,365.42,491.92,500.11,365.42,341.78,424.02,103.35,- Supports a conditional privacy - Ensures integrity and non-repudiation - The scheme is evaluated on a small-scale IoV platform (only 2 RSUs and 6 vehicles) which is not enough to prove its efﬁciency in real-world scenarios
26,0,0,1,0,263,24,URWPalladioL-Ital,9.962599754333496,166.94,517.35,561.02,781.56,517.35,60.33,166.94,34.26,"4.3. Consortium Blockchain-Based Authentication Protocols A consortium blockchain, also known as hybrid blockchain, is a combination of both private and public blockchain in which the read access can be open or restricted, and only a small group of nodes belonging to different organizations is responsible for making the consensus. Since consortium blockchains incorporate the best of public and private blockchains, that is, a mixture of decentralization with good level of trust at the same time, it has been the most popular blockchain type being implemented by researchers for IoV authentication. In such way, the authentication can be performed with a high degree of trust since only a group of trusted entities perform the consensus of the authentication data blocks, while guaranteeing an efﬁcient performance in terms of resource utilization and authentication time delay due to the semi-decentralized nature of consortium blockchains. The authors in [ 128 ] optimized the Byzantine consensus algorithm by adopting time sequence and gossip protocol [ 129 ] to validate IoV information for correctness before adding them to the consortium blockchain. The use of gossip protocol, speciﬁcally the push– pull mode, enables faster data exchange among IoV nodes, as each two neighboring nodes can have the same information in one cycle. Two types of nodes are deﬁned in the proposed scheme, i.e., Vehicle Communication Nodes (VCNs) and Roadside Communication Nodes (RCNs) in addition to the blockchain cloud platform used as storage for all IoV data. Due to their high computing and storage capabilities, RCNs are used as consensus-makers in the proposed Byzantine Consensus Algorithm with Time-sequence and Gossip protocol"
27,1,0,1,0,6,87,URWPalladioL-Ital,7.970099925994873,35.78,53.77,110.39,61.88,53.77,780.01,35.78,484.88,"Sensors 2021 , 21 , 7927"
27,0,0,1,0,3,87,URWPalladioL-Roma,7.970099925994873,532.34,53.91,559.28,61.88,53.91,780.01,532.34,36.0,27 of 42
27,0,0,1,0,105,27,URWPalladioL-Roma,9.952631950378418,166.94,98.31,559.56,183.57,98.31,658.32,166.94,35.72,"(BCA-TG). To ensure data integrity and authenticate the data sources, any data generated by a VCN or RCN must be agreed upon by more than half of the RCNs for the new block to be granted and linked to the blockchain. In the BCA-TG protocol, each RCN has an Update Information (UI) vector containing the Local Information (LI) of all RCNs in the consensus network as elements. Initially, the UI of each RCN will have only its own LI while all the other LI elements corresponding to the other RCNs are set to null. For example, if 5 RCNs are used for consensus making, the"
27,0,0,1,0,21,99,URWPalladioL-Roma,9.205248165130616,167.26,183.91,559.27,196.14,183.91,645.75,167.26,36.0,"UI of RCN 1 is initially: UI 1 = { LI 1 ,0,0,0,0}. After which each RCN starts to communicate its"
27,0,0,1,0,593,4,URWPalladioL-Roma,10.061732292175293,166.85,198.66,561.02,773.6,198.66,68.29,166.85,34.26,"UI vector with the neighbors in its view through the push–pull mode of gossip protocol until all RCNs have UIs with no null values. At this point, the element which forms more than half of the elements in the updated UI vector is considered the true information or the Consensus Information (CI) that will then be added to a new block and linked to the blockchain. The proposed scheme proves to have high fault tolerance since it can determine the CI even if the faulty or Byzantine nodes form 49% of the network. Moreover, their use of time sequence provides high scalability through its control over the entry and exit of nodes to/from the network and better convergence speed is achieved compared to the ordinary Byzantine consensus algorithm. The authors in [ 130 ] handled the cross-datacenter authentication issue in Vehicular Fog Computing (VFC) environment by proposing BLA—a Blockchain-based Lightweight Anonymous authentication scheme. The system model consists of multiple regions; each region is managed by a Service Manager (SM) which is responsible for authenticating all OBUs and managing all Vehicular Fog Datacenters (VFDs) represented by the RSUs in its region. A Witness Peer (WP) exists in each region to write the authentication logs to the ledger maintained by the corresponding SM. The ledger is only accessible by the members of the consortium blockchain, such as the SMs, the WPs and the audit department which is assumed to be a fully trusted authority responsible for registering all the network entities underneath. The RSUs within a region serve as access points to the vehicles in the IoV paradigm and also as fog computing units for providing real-time services to authorized OBUs. The proposed BLA protocol includes ﬁve phases: initialization, registration, authentication, consensus, and service-delivery phases. The initialization phase takes place only once via the initial setup of system parameters by the audit department. Then, the registration of SMs and OBUs is conducted by the audit department during the registration phase in which each registered entity is allocated a pair of private and public keys using Elliptic Curve Cryptography (ECC) and Difﬁe–Hellman (DH) cryptography mechanisms. During the authentication phase, each SM authenticates the OBUs within its region, and the authentication results are then passed to the subsequent phase where they are written to the ledger by the consensus makers, i.e., WPs, through PBFT consensus protocol. The way they addressed the cross-datacenter authentication is by allowing a ﬂexible option to vehicles to choose whether to be reauthenticated or not upon entering a new VFD during the service-delivery phase. The noninteractivity property that BLA has, in which a vehicle sends only one message to its SM for authentication or service requesting without the need for exchanging any acknowledgement messages between them, makes it lightweight in both communication and computation cost. In addition, the utilization of pseudonym preserves the privacy of vehicles and ensures anonymity. Security analysis proves that the proposed BLA protocol ensures most of the security aspects in IoV network, such as conﬁdentiality, integrity, traceability, and non-repudiation. Moreover, extensive simulations are performed to measure the performance in terms of response time. The results obtained show that low time overhead is achieved which reﬂects the suitability of BLA algorithm for real-time VFS. The authors in [ 131 ] improved the reliability of the authentication scheme proposed in [ 130 ] through the adoption of mutual authentication and key exchange mechanism. During the authentication phase, instead of just allowing one-way authentication in which only the SMs can check the authenticity of vehicles [ 130 ], a two-way authentication is"
28,1,0,1,0,6,87,URWPalladioL-Ital,7.970099925994873,35.78,53.77,110.39,61.88,53.77,780.01,35.78,484.88,"Sensors 2021 , 21 , 7927"
28,0,0,1,0,3,87,URWPalladioL-Roma,7.970099925994873,532.34,53.91,559.28,61.88,53.91,780.01,532.34,36.0,28 of 42
28,0,0,1,0,686,99,URWPalladioL-Roma,10.028688112894693,166.94,98.23,560.93,761.02,98.23,80.87,166.94,34.34,"enabled in [ 131 ] where a SM ﬁrst authenticates the identity of a vehicle using the ECC then the vehicle authenticates the communicating SM in the same way. Upon successful mutual authentication, a session key is established and exchanged between the two parties for securing their future communication; which is a prerequisite for secure authentication protocol, unlike the work done in [ 130 ]. Moreover, the scheme guarantees the forward secrecy. The timestamps used for generating the authentication parameters prevent replay attacks. An extensive performance evaluation and comparison is conducted which reveals that the proposed solution outperforms the work in [ 130 ] in terms of communication and computational overheads. The authors in [ 132 ] proposed a Blockchain-based Privacy preserving Authentication System (BPAS) for VANETs which supports password and biometric login-based authen- tication. BPAS relieves the overhead of having an online registration center during the authentication phase by providing a TA-independent authentication scheme in which vehi- cle’s authentication is handled by RSUs or other vehicles in the network. However, the TA is responsible for other system phases namely, system initialization, smart contract deploy- ment, vehicle registration, and vehicle revocation phases. The scheme deploys a technique based on fuzzy extractor for biometrics extraction and an Attribute-Based Encryption (ABE) scheme to protect the privacy of users by encrypting their blinding identities to ensure that no other entity can decrypt them except for the blockchain managers. During the system initialization phase, the TA initiates the system parameters includ- ing the ECC, the ABE, and the blockchain parameters. A smart contract is then deployed by the TA into the blockchain to automate the authentication process. Each vehicle then needs to be registered with the TA to obtain its secret authentication parameters during the registration phase. First, the owner of a vehicle must choose a physical identity, a password along with his/her biometrics which will be sent to the TA. The TA then calculates a corresponding blinding identity (AID) and a Vehicle Public Key (VPK) from the received parameters and uploads them as a unique tuple {AID, VPK} to the Vehicle Public Key Table (VPKT) in the smart contract. The AID is also sent to the vehicle’s OBU which is assumed to be tamper-proof. When a vehicle wishes to send data to nearby vehicles or RSUs, the vehicle’s owner provides the login information (i.e., password and biometrics) which are veriﬁed by the OBU. If correct, the OBU encrypts the vehicle’s AID using the ABE and sends it along with the message and a timestamp to the receiver (i.e., a vehicle or RSU), otherwise, the OBU rejects the message. The receiving entity then validates the freshness of the message through the timestamp. If valid, it initiates a transaction to the blockchain managers requesting for the associated vehicle public key. The blockchain managers then lookup the VPKT using the AID to obtain the corresponding VPK which is then transmitted to the transaction issuer to be veriﬁed. Upon successful validation, the authentication is completed, and the message is accepted. BPAS also supports conditional traceability and vehicle’s revocation in case of detect- ing any malicious behavior by simply allowing the TA to delete the corresponding tuple in the VPKT. The proposed scheme is evaluated in terms of time cost and security features and is found to be resistant to replay attacks, impersonation attacks, DDoS, and password guessing attacks. The authors in [ 133 ] proposed an Efﬁcient Authentication Scheme over Blockchain for Fog computing-enabled IoV (EASBF). The authors consider three types of communication in their fog-enabled model, i.e., V2V, V2I, and V2R. Each fog area can provide different services to users and vehicles within its coverage range, and it includes one or more RSUs, one or more CAs, a single Blockchain Manager (BM), and a single Authentication Manager (AM). The CAs are trusted entities responsible for updating and managing the certiﬁcates issued for vehicles in their fog areas. The BMs are deployed to manage the blockchain and authenticate the OBUs whereas the AMs write the results of authentication into the blockchain (which together form the consortium blockchain). The PBFT is used for consensus."
29,1,0,1,0,6,87,URWPalladioL-Ital,7.970099925994873,35.78,53.77,110.39,61.88,53.77,780.01,35.78,484.88,"Sensors 2021 , 21 , 7927"
29,0,0,1,0,3,87,URWPalladioL-Roma,7.970099925994873,532.34,53.91,559.28,61.88,53.91,780.01,532.34,36.0,29 of 42
29,0,0,1,0,693,39,URWPalladioL-Roma,9.89261531829834,166.85,98.36,561.26,773.6,98.36,68.29,166.85,34.01,"The proposed scheme contains ﬁve phases: initialization, registration, mutual authen- tication and key exchange, consensus, and certiﬁcate update. A central secured entity, named TA, is responsible for initializing the system and the public parameters used for the cryptographic functions, as well as registering the OBUs and RSUs during the ﬁrst two phases of EASBF. Then, mutual authentication and key exchange takes place between OBUs and BMs, and a session key is shared among them for subsequent interactions. Upon successful authentication and key exchange, the BM shares the results of authentication with all AMs, which store them into a new block and add it to the large public register under the PBFT consensus. During the consensus phase, one of the AMs acts as a “Speaker” which is responsible for initiating the consensus process while the rest serve as the congress members who participate in the voting scenario initiated by the Speaker. Finally, the certiﬁ- cate update phase which supports two scenarios: the ability to move from one fog area to another transparently without the need of re-authentication and certiﬁcate update upon a vehicle’s request. The Random Oracle Model (ROM) [ 134 ] and AVISPA tool [ 135 ] are de- ployed for formal security veriﬁcation which proves the resistance of the proposed scheme against DDoS, replay, man-in-the-middle, identity theft, trafﬁc analysis, masquerading, and session key disclosure attacks. Additionally, an extensive performance evaluation shows its efﬁciency in terms of computation, communication, and storage overheads. The authors in [ 136 ] proposed an approach to address both anonymous authentication and efﬁcient revocation of vehicles in VANETs through the use of pseudo-ids, blockchain, and revocation tags. The scheme deﬁnes three types of nodes, namely, a supervisory node which is the Trafﬁc Department (TD), accounting and revocation nodes represented by the multiple TAs, and veriﬁcation nodes which are the road-side units. The proposed scheme is composed of four phases: initialization, registration, mutual authentication, and expeditious revocation. The privacy of vehicles during authentication is preserved by using the pseudo-ids granted to them by the RSUs. When an RSU generates a pseudo- id for a vehicle during the registration phase, the RSU stores it into a Trusted Cloud Server (TCS) and transfers a pointer referring to the storage location of the pseudo-id to the corresponding TA. The TA then forms a transaction with the vehicle’s registration information including its public key certiﬁcate, the pointer to its pseudo-id stored in the TCS, and a unique Transaction id (TID) and uploads it to the blockchain. Using this TID, the identity of a vehicle can be later authenticated by viewing the corresponding records in the blockchain. This arrangement in which the blockchain keeps only pointers to the pseudo-ids while the pseudo-ids themselves are kept in the unlimitedly huge TCS improves the scalability of the system. In addition, an illegal vehicle can be determined by checking whether its pseudo-id has a revocation tab instead of looking up the whole certiﬁcate revocation list which greatly reduces the computational overhead. Further, detailed security analysis proves that the proposed scheme can resist replay attacks and prevent single point of failure problem. The authors in [ 137 ] addressed the interference issue caused by the continuous key up- dating in large-scale VANETS environments by proposing a blockchain-based framework for secure authentication and efﬁcient group key updating in edge computing-enabled VANETs. They proposed a mutual V2R authentication scheme that employs certiﬁcateless cryptographic mechanisms in order to avoid the key escrow issue. The system model consists of a cloud layer which serves as a trusted authority, an edge layer represented by the distributed RSU clusters, and a user layer of OBUs. The scheme is composed of two phases: ofﬂine registration phase and authentication phase in which each RSU authenticates a group of vehicles simultaneously as a batch which helps signiﬁcantly in reducing the computation cost. Elliptic curve cryptography, one-way hash function, and bilinear pairing are utilized for generating secret key pairs and session keys during the ofﬂine registration phase and for securing communication during the authentication process. In the authentication phase, the shared session key of a vehicle is constructed independently which helps mitigate the interference in the regular V2R"
30,1,0,1,0,6,87,URWPalladioL-Ital,7.970099925994873,35.78,53.77,110.39,61.88,53.77,780.01,35.78,484.88,"Sensors 2021 , 21 , 7927"
30,0,0,1,0,3,87,URWPalladioL-Roma,7.970099925994873,532.34,53.91,559.28,61.88,53.91,780.01,532.34,36.0,30 of 42
30,0,0,1,0,442,22,URWPalladioL-Roma,9.972557067871094,166.96,98.3,561.02,509.95,98.3,331.94,166.96,34.26,"data exchange. In addition, an efﬁcient group key management mechanism that employs the Chinese Remainder Theorem (CRT) [ 138 ] is suggested by the authors for reliable and secure V2V communication. A consortium blockchain is deployed during the dynamic group key updating process to record the identity of the participating vehicles in order to provide traceability of vehicle’s historical data when needed. Formal security analysis proves the resiliency of the proposed scheme to chosen message attacks and replay attacks. Low storage, communication, and computation overheads are also recorded through deep performance evaluation. The authors in [ 139 ] designed a novel data structure based on the idea of the Unspent Transaction Output (UTXO) adopted in Bitcoin in combination with a group of online operations, namely, issue, transfer, query, and revocation. The system framework consists of two layers: the entity layer which is mainly the vehicles and RSUs that need authentication service and the trust layer represented by the TAs and the consortium blockchain. Each TA is responsible for managing a dedicated group of entities which all together form an organization. When creating a new block, a sufﬁcient number of organizations must sign it to be accepted to the consortium blockchain. However, the authors developed the use of tokens in the UTXO to serve as a one-time guarantee for the authenticity of an entity instead of using incentives as in Bitcoin. Once an entity receives a token from another entity in the public ledger, this not only means an authentication request being issued, but also proves or guarantees the authenticity of the dedicated sender. The UTXO data structure is formed by three key items, namely, basic, in, and out items. The basic item includes the transaction id, the operation name, the timestamp, and the signature of the requester to prove its ownership. The in item represents the information of the sending entity while the out item includes information related to the receiving entity. The authors deﬁne several operations that are as follows. The Issue operation is used by trusted authorities to generate new tokens for the entities, which can take place only upon two circumstances: the initial enrollment of a vehicle and periodically generated for well-behaved entities. Similarly, the Query operation can be used to retrieve the UTXO of a transaction on the blockchain through transaction id in order to check the trustworthiness of a sending entity. The Revoke operation is the key operation introduced by the authors for revocation management instead of the conventional certiﬁcate revocation list that implies extra storage and computation overheads. However, the main operation used for authentication purposes is the Transfer operation and the procedure is as follows:"
30,0,0,1,0,20,99,URWPalladioL-Roma,9.205248165130616,166.85,512.38,559.27,524.45,512.38,317.44,166.85,36.0,"when an entity E i sends an authentication request to Entity E j , Entity E j extracts the unique"
30,0,0,1,0,58,12,URWPalladioL-Roma,10.022196769714355,167.26,525.06,559.28,572.76,525.06,269.13,167.26,36.0,"transaction id from the request message and uses it to query and retrieve the transaction UTXO from the blockchain. Then, the identities of the sending and receiving entities in the retrieved UTXO are compared against the ones received in the authentication request to check their legitimacy. If conﬁrmed, the existence of the UTXO should be veriﬁed in the"
30,0,0,1,0,19,99,URWPalladioL-Roma,9.337376832962036,167.26,575.15,560.52,586.44,575.15,255.45,167.26,34.76,"receiving entity’s ( E j ‘s) local database to check for token reuse. If the UTXO does not exist,"
30,0,0,1,0,66,11,URWPalladioL-Roma,10.02714729309082,167.26,587.82,559.28,660.6,587.82,181.29,167.26,36.0,"the authentication is successful and it is recorded immediately in the database for future authentication references, otherwise, the authentication is rejected. In addition to resisting replay attacks (due to the use of timestamps and one-time tokens), the scheme prevents man-in-the-middle attack, identity revealing attack, as well as authority abuse attack. The above-mentioned consortium blockchain-based authentication schemes can be found in Table 6 for the ready reference."
31,1,0,1,0,6,87,URWPalladioL-Ital,7.970099925994873,35.78,53.77,110.39,61.88,53.77,780.01,35.78,484.88,"Sensors 2021 , 21 , 7927"
31,0,0,1,0,3,87,URWPalladioL-Roma,7.970099925994873,532.34,53.91,559.28,61.88,53.91,780.01,532.34,36.0,31 of 42
31,1,0,1,0,15,67,URWPalladioL-Bold,8.966400146484375,78.15,97.95,516.82,107.0,97.95,734.89,78.15,78.45,Table 6. A comparative study of the consortium blockchain-based authentication schemes in IoV and VANETs.
31,1,0,1,0,7,97,URWPalladioL-Bold,7.4720001220703125,221.2,117.84,261.87,155.2,117.84,686.69,221.2,333.41,Network Model and Entities (Other than Blockchain)
31,1,0,1,0,3,97,URWPalladioL-Bold,7.4720001220703125,438.75,129.05,482.13,143.99,129.05,697.9,438.75,113.15,Features and Limitations
31,1,0,1,0,5,97,URWPalladioL-Bold,7.4720001220703125,510.23,121.49,552.99,151.38,121.49,690.51,510.23,42.29,Privacy Preservation of Vehicle’s Identity?
31,0,0,1,0,3,97,URWPalladioL-Roma,7.4720001220703125,41.98,209.18,58.16,216.65,209.18,625.24,41.98,537.11,[ 128 ]
31,0,0,1,0,10,97,URWPalladioL-Roma,7.4720001220703125,68.17,185.84,120.9,239.32,185.84,602.57,68.17,474.38,- Byzantine consensus mechanism - Gossip protocol and time sequence
31,0,0,1,0,3,97,URWPalladioL-Roma,7.4720001220703125,142.32,204.93,199.42,220.91,204.93,620.98,142.32,395.86,Byzantine/faulty nodes attack
31,0,0,1,0,13,97,URWPalladioL-Roma,7.4720001220703125,220.59,181.07,261.92,244.09,181.07,597.8,220.59,333.35,- V2I - Several VCNs - 5 RCNs - Data storage (multiple servers)
31,0,0,1,0,3,97,URWPalladioL-Roma,7.4720001220703125,354.18,205.45,396.29,220.39,205.45,621.5,354.18,198.99,Simple data comparisons
31,0,0,1,0,29,97,URWPalladioL-Roma,7.4720001220703125,426.9,159.08,498.1,266.09,159.08,575.8,426.9,97.17,- Fast convergence speed. - Good Byzantine fault tolerance. - Good control over the entry/exit of multiple nodes to/from the network. - Lack of security analysis and performance evaluation.
31,0,0,1,0,3,97,URWPalladioL-Roma,7.4720001220703125,41.98,339.28,58.16,346.76,339.28,495.13,41.98,537.11,[ 130 ]
31,0,0,1,0,14,97,URWPalladioL-Roma,7.4720001220703125,68.17,306.85,123.08,378.52,306.85,463.37,68.17,472.2,- PBFT consensus mechanism - Asymmetric key crypto - Elliptic curve discrete logarithm problem
31,0,0,1,0,16,97,URWPalladioL-Roma,7.4720001220703125,220.59,304.8,263.82,373.09,304.8,468.8,220.59,331.45,- V2I - OBUs - RSUs - Service managers - Witness peers - Audit de- partment
31,0,0,1,0,21,97,URWPalladioL-Roma,7.4720001220703125,282.4,293.1,327.05,392.44,293.1,449.45,282.4,268.22,"- Simulation - Hardware compo- nents: OBU, RSU and SM repre- sented by 3 PCs to measure the trans- mission delay"
31,0,0,1,0,3,97,URWPalladioL-Roma,7.4720001220703125,342.27,339.28,408.19,346.76,339.28,495.13,342.27,187.08,Time overhead (ms)
31,0,0,1,0,33,97,URWPalladioL-Roma,7.4720001220703125,426.9,269.39,495.19,415.97,269.39,425.92,426.9,100.09,- Ensures Conﬁdentiality and integrity of data. - Ensures traceability and non-repudiation of misbehaving vehicles. - Provides ﬂexible cross-datacenter authentication. - Does not support mutual authentication. - Does not provide formal security analysis.
31,0,0,1,0,3,97,URWPalladioL-Roma,7.4720001220703125,41.98,508.37,58.16,515.84,508.37,326.05,41.98,537.11,[ 131 ]
31,0,0,1,0,12,97,URWPalladioL-Roma,7.4720001220703125,68.17,475.93,124.4,540.13,475.93,301.76,68.17,470.88,- PBFT consensus mechanism - Asymmetric key cryptography - Elliptic curve cryptography
31,0,0,1,0,4,97,URWPalladioL-Roma,7.4720001220703125,140.78,503.71,200.25,519.82,503.71,322.07,140.78,395.03,- Impersonation - Replay
31,0,0,1,0,16,97,URWPalladioL-Roma,7.4720001220703125,220.59,473.89,263.82,542.17,473.89,299.72,220.59,331.45,- V2I - OBUs - RSUs - Service managers - Witness peers - Audit de- partment
31,0,0,1,0,19,97,URWPalladioL-Roma,7.4720001220703125,281.41,454.19,328.51,562.05,454.19,279.84,281.41,266.76,- Automated Validation of Internet Security Protocols and Appli- cations (AVISPA) simula- tion tool for formal security veriﬁca- tion
31,0,0,1,0,7,97,URWPalladioL-Roma,7.4720001220703125,343.49,495.74,408.14,527.97,495.74,313.92,343.49,187.14,- Computational overhead (ms) - Communication overhead
31,0,0,1,0,45,97,URWPalladioL-Roma,7.4720001220703125,426.9,419.28,496.64,604.25,419.28,237.64,426.9,98.64,"- Ensures conﬁdentiality and integrity of data. - Ensures non-repudiation. - Supports non-interactivity, thus lightweight. - Supports forward secrecy. - Supports mutual authentication and key exchange. - Supports cross-datacenter authentication. - Does not discuss the details of the security analysis, i.e., threat model, assumptions, etc."
31,0,0,1,0,3,97,URWPalladioL-Roma,7.4720001220703125,41.98,678.93,58.16,686.4,678.93,155.49,41.98,537.11,[ 132 ]
31,0,0,1,0,18,97,URWPalladioL-Roma,7.4720001220703125,68.17,635.81,124.4,728.85,635.81,113.04,68.17,470.88,- PBFT consensus mechanism - Smart contract - Attribute- based Encryption - Elliptic curve cryptography - Fuzzy extractor
31,0,0,1,0,11,97,URWPalladioL-Roma,7.4720001220703125,140.78,654.58,199.91,710.26,654.58,131.63,140.78,395.37,- Replay - Vehicle impersonation - Ofﬂine password guessing - DDoS
31,0,0,1,0,16,97,URWPalladioL-Roma,7.4720001220703125,220.59,637.92,265.94,726.74,637.92,115.15,220.59,329.34,- V2I - The upper layer: Trusted authority (TA) - The bottom layer: RSUs and vehicles
31,0,0,1,0,28,97,URWPalladioL-Roma,7.4720001220703125,282.4,607.74,327.55,757.1,607.74,84.79,282.4,267.73,- Software imple- mentation using relic library for the time cost of the crypto- graphic opera- tions - JavaScript on Hyper- ledger Fabric platform for the smart contract
31,0,0,1,0,4,97,URWPalladioL-Roma,7.4720001220703125,350.57,675.2,399.89,690.14,675.2,151.75,350.57,195.39,Time overhead (5.693 s)
31,0,0,1,0,23,97,URWPalladioL-Roma,7.4720001220703125,426.9,631.04,497.03,726.15,631.04,115.74,426.9,98.24,- Supports traceability and dynamic revocation of mis-behaving vehicles. - Does not evaluate the scheme in terms of communication overhead and storage overhead.
32,1,0,1,0,6,87,URWPalladioL-Ital,7.970099925994873,35.78,53.77,110.39,61.88,53.77,780.01,35.78,484.88,"Sensors 2021 , 21 , 7927"
32,0,0,1,0,3,87,URWPalladioL-Roma,7.970099925994873,532.34,53.91,559.28,61.88,53.91,780.01,532.34,36.0,32 of 42
32,1,0,1,0,3,67,URWPalladioL-Bold,8.966400146484375,270.32,97.88,324.66,106.91,97.88,734.98,270.32,270.62,Table 6. Cont.
32,1,0,1,0,7,97,URWPalladioL-Bold,7.4720001220703125,221.2,117.84,261.87,155.2,117.84,686.69,221.2,333.41,Network Model and Entities (Other than Blockchain)
32,1,0,1,0,3,97,URWPalladioL-Bold,7.4720001220703125,438.75,129.05,482.13,143.99,129.05,697.9,438.75,113.15,Features and Limitations
32,1,0,1,0,5,97,URWPalladioL-Bold,7.4720001220703125,510.23,121.49,552.99,151.38,121.49,690.51,510.23,42.29,Privacy Preservation of Vehicle’s Identity?
32,0,0,1,0,3,97,URWPalladioL-Roma,7.4720001220703125,41.98,251.37,58.16,258.85,251.37,583.04,41.98,537.11,[ 133 ]
32,0,0,1,0,12,97,URWPalladioL-Roma,7.4720001220703125,68.17,223.71,124.4,278.36,223.71,563.53,68.17,470.88,- PBFT consensus mechanism - Elliptic curve cryptography - One-way hash function
32,0,0,1,0,19,97,URWPalladioL-Roma,7.4720001220703125,140.78,217.05,201.05,292.5,217.05,549.39,140.78,394.22,- DDoS - Replay - Man-in-the- middle - Identity theft - Trafﬁc analysis - Masquerading - Session key disclosure
32,0,0,1,1,25,97,URWPalladioL-Roma,7.4720001220703125,217.6,197.98,265.75,311.56,197.98,530.33,217.6,329.53,"- V2V, V2I and V2R - Vehicles (OBUs) - RSUs - Trusted authority - Certification authority - Authentication manager - -Blockchain manager - Fog area"
32,0,0,1,0,30,97,URWPalladioL-Roma,7.4720001220703125,281.41,159.25,328.51,350.47,159.25,491.42,281.41,266.76,- Automated Validation of Internet Security Protocols and Appli- cations (AVISPA) simula- tion tool and Random Oracle Model (ROM) - C++ software implemen- tation under Visual Studio using Crypto++ library
32,0,0,1,0,15,97,URWPalladioL-Roma,7.4720001220703125,343.49,219.39,408.14,290.15,219.39,551.74,343.49,187.14,- Computation overhead (91.04 ms) - Communication overhead (24 tokens) - Storage overhead (186 bytes)
32,0,0,1,0,29,97,URWPalladioL-Roma,7.4720001220703125,426.9,193.88,498.92,308.37,193.88,533.52,426.9,96.36,- Guarantees the conﬁdentiality and the integrity of data. - Guarantees traceability and non-repudiation. - Ensures perfect forward secrecy. - Supports non-interactivity. - Provides mutual authentication and key exchange.
32,0,0,1,0,3,97,URWPalladioL-Roma,7.4720001220703125,41.98,410.99,58.16,418.46,410.99,423.43,41.98,537.11,[ 136 ]
32,0,0,1,0,3,97,URWPalladioL-Roma,7.4720001220703125,71.88,406.74,117.15,422.72,406.74,419.17,71.88,478.13,Elliptic curve cryptography
32,0,0,1,0,16,97,URWPalladioL-Roma,7.4720001220703125,220.59,375.86,264.83,445.45,375.86,396.44,220.59,330.44,- V2I - OBUs - RSUs - TAs - Trusted cloud server - Trafﬁc de- partment
32,0,0,1,0,7,97,URWPalladioL-Roma,7.4720001220703125,343.49,398.93,408.54,429.85,398.93,412.04,343.49,186.74,- Time consumption (ms) - Storage capacity
32,0,0,1,0,28,97,URWPalladioL-Roma,7.4720001220703125,426.9,353.95,497.44,475.0,353.95,366.89,426.9,97.83,- Ensures the conﬁdentiality of data. - No single point of failure. - Reduces the computational overhead associated with vehicles’ revocation. - Supports system scalability. - Insufﬁcient evaluation.
32,0,0,1,0,3,97,URWPalladioL-Roma,7.4720001220703125,41.98,539.71,58.16,547.18,539.71,294.71,41.98,537.11,[ 137 ]
32,0,0,1,0,10,97,URWPalladioL-Roma,7.4720001220703125,68.17,519.68,123.08,566.72,519.68,275.17,68.17,472.2,- Elliptic curve crypto - Bilinear pairing - One-way hash
32,0,0,1,0,7,97,URWPalladioL-Roma,7.4720001220703125,140.78,526.56,201.41,559.83,526.56,282.06,140.78,393.87,- Replay - Chosen message attack (CMA)
32,0,0,1,0,11,97,URWPalladioL-Roma,7.4720001220703125,220.59,520.78,260.59,565.61,520.78,276.28,220.59,334.69,- V2V and V2R - Cloud server - RSUs - OBUs
32,0,0,1,0,6,97,URWPalladioL-Roma,7.4720001220703125,282.4,523.93,326.34,554.99,523.93,286.9,282.4,268.94,- Their cus- tomized simula- tion
32,0,0,1,0,12,97,URWPalladioL-Roma,7.4720001220703125,343.49,518.94,408.14,567.28,518.94,274.61,343.49,187.14,- Computation cost (ms) - Storage overhead (bits) - Communication cost (rounds)
32,0,0,1,0,31,97,URWPalladioL-Roma,7.4720001220703125,426.9,478.49,496.85,607.91,478.49,233.98,426.9,98.43,- Provides efﬁcient key updating that avoids the interference in V2R data exchange. - Provides efﬁcient group key distribution scheme. - Conditional anonymity - Unforgeability - Formal security analysis is required.
32,0,0,1,0,3,97,URWPalladioL-Roma,7.4720001220703125,41.98,673.63,58.16,681.1,673.63,160.79,41.98,537.11,[ 139 ]
32,0,0,1,0,9,97,URWPalladioL-Roma,7.4720001220703125,68.17,649.77,124.4,696.81,649.77,145.08,68.17,470.88,- Smart contract - Public– private key pair cryptography
32,0,0,1,0,11,97,URWPalladioL-Roma,7.4720001220703125,140.78,648.1,191.24,706.13,648.1,135.76,140.78,404.03,- Replay - Man-in-the- middle - Identity revealing - Authority abuse
32,0,0,1,0,10,97,URWPalladioL-Roma,7.4720001220703125,220.59,649.12,258.45,697.47,649.12,144.42,220.59,336.82,- V2I - Vehicles - RSUs - Trusted authori- ties
32,0,0,1,0,18,97,URWPalladioL-Roma,7.4720001220703125,282.4,631.7,327.1,722.53,631.7,119.36,282.4,268.18,- Testbed + Software imple- mentation (a LAN of 4 nodes with a smart contract deployed over them)
32,0,0,1,0,9,97,URWPalladioL-Roma,7.4720001220703125,343.49,660.48,409.48,693.75,660.48,148.14,343.49,185.8,- Time cost (ms) - Throughput (transactions per second)
32,0,0,1,0,34,97,URWPalladioL-Roma,7.4720001220703125,426.9,611.39,497.39,735.36,611.39,106.53,426.9,97.89,- Reduced storage and computation overheads associated with the revocation process due to the discard of certiﬁcate revocation lists (CRLs). - Does not evaluate the scheme in terms of communication overhead and storage overhead.
33,1,0,1,0,6,87,URWPalladioL-Ital,7.970099925994873,35.78,53.77,110.39,61.88,53.77,780.01,35.78,484.88,"Sensors 2021 , 21 , 7927"
33,0,0,1,0,3,87,URWPalladioL-Roma,7.970099925994873,532.34,53.91,559.28,61.88,53.91,780.01,532.34,36.0,33 of 42
33,0,0,1,0,84,19,URWPalladioL-Roma,9.987475395202637,166.77,113.83,560.52,214.67,113.83,627.22,166.77,34.75,"In Tables 4 6 , we provide a summary of the blockchain-based authentication papers surveyed in Section 5 . The table highlights the main properties of each scheme which are represented in the blockchain and cryptographic techniques used, the network model designed, the tools used for security veriﬁcation and performance evaluation, the features, and limitations (if any), and whether each scheme supports a privacy preservation option for user’s identity during the authentication process or not. From the table, we can conclude the following: 1."
33,0,0,1,0,394,4,URWPalladioL-Roma,10.061732292175293,167.26,204.64,560.93,578.71,204.64,263.18,167.26,34.34,"The choice of the consensus mechanism used by the blockchain depends on many factors such as the amount of power consumption the system can afford, the percent- age of faulty nodes the network can tolerate, and others. However, the size of the IoV network is also an important factor to be considered. For example, although the PBFT consensus is lightweight in power consumption and has a good fault-tolerance of approximately 33%, it does not support high network scalability; thus, it is chosen only by the small-scale IoV platforms such as in [ 128 ], or by fog-based IoV networks where the whole network can be large but the consensus is performed in fog-area- basis such as in [ 123 , 130 , 131 , 133 ]. On the other hand, PoW has been chosen by the large-scale IoV environments [ 119 , 122 , 125 , 126 ] due to its high scalability and high fault tolerance, despite its large power consumption. In general, we can say that these two consensus mechanisms are the most commonly used by the blockchains when applied for IoV and VANETs authentication. 2. Some of the papers only considered a V2V model to investigate their authentication schemes such as [ 120 ], while most of them have considered an integrated network model (V2V and V2I). Due to the ad-hoc and mobile nature of V2V communication, the authentication is more challenging in it. 3. Most of the papers support anonymous authentication schemes, while some of them provide pure authentication without supporting such privacy preservation option as in [ 111 , 120 , 126 , 128 ]. 4. In terms of performance analysis, the use of blockchain for authentication in IoV and VANETS networks introduces the need to include additional evaluation measures that reﬂect the efﬁciency of the blockchain itself such as the throughput which refers here to the number of transactions that can be veriﬁed and added to the blockchain per second [ 117 , 119 , 127 , 139 ], the transactions latency [ 119 , 122 , 127 ], and the blockchain storage overhead [ 123 , 126 , 133 , 136 , 137 ], beside other measures that are used com- monly to evaluate the conventional cryptographic-based authentication schemes including the average packet delay, the average packet loss ratio, the communication cost, and the computational cost. 5."
33,0,0,1,0,183,4,URWPalladioL-Roma,10.061732292175293,166.96,568.67,561.02,769.99,568.67,71.9,166.96,34.25,"Regarding the security analysis, the different authentication schemes have shown uneven levels of resistance against the various security attacks introduced in the previous sections. To conclude, a comprehensive view of the recent blockchain-assisted authentication schemes in IoV and VANETs was provided in this survey while highlighting the main differences between them in terms of security performance and operational performance. This helps in identifying the research gaps and creates a map that guides the future researchers in this area of IoV blockchain-based authentication. Although the adoption of blockchain for IoV authentication has brought many beneﬁts such as the increased time- efﬁciency due to the decentralization of the authentication scheme among the distributed blockchain servers, and the more secure authentication reﬂected by the high resistance against different security attacks, a lot of work still must be done. This area needs more research and development to design new IoV-speciﬁc consensus mechanisms that can provide a more efﬁcient balance between scalability and power consumption by consuming less power, supporting highly scalable IoV networks while maintaining the same good level of security represented by the high fault tolerance."
34,1,0,1,0,6,87,URWPalladioL-Ital,7.970099925994873,35.78,53.77,110.39,61.88,53.77,780.01,35.78,484.88,"Sensors 2021 , 21 , 7927"
34,0,0,1,0,3,87,URWPalladioL-Roma,7.970099925994873,532.34,53.91,559.28,61.88,53.91,780.01,532.34,36.0,34 of 42
34,1,0,1,0,7,24,URWPalladioL-Bold,9.962599754333496,167.26,98.21,402.21,108.17,98.21,733.72,167.26,193.06,6. Future Research Directions and Open Challenges
34,0,0,1,0,29,4,URWPalladioL-Roma,10.061732292175293,167.26,113.78,560.93,136.36,113.78,705.53,167.26,34.35,"In this section, a number of research challenges in IoV security that need to be ad- dressed as well as some potential research directions to be explored are suggested."
34,0,0,1,0,615,24,URWPalladioL-Ital,9.962599754333496,166.94,148.65,561.22,781.87,148.65,60.02,166.94,34.05,"6.1. Efﬁcient Design of Blockchain-Assisted IoV Authentication Despite the many advantages that blockchain technology has brought to the ﬁeld of IoV authentication represented by a decentralized, autonomous, fault-tolerant, and more secured authentication protocols which are all properties that are required by any efﬁcient authentication process, many challenges also arise with blockchains when being employed for authentication in environments with high performance expectations and critical security requirements such as the IoV. Most of these challenges are associated with the consensus mechanisms used by the blockchain, as different consensus protocols show uneven levels of support for the various IoV requirements such as scalability, fault tolerance, power consumption, as well as real-time response. (1) Scalability: The scalability of a consensus mechanism depends on its way of reaching the consensus, whether it is Proof-based or Vote-based approach. Since Proof-based consensus protocols such as PoW and PoS do not require all the network entities to submit their individual decisions on the information to be veriﬁed, their scalability is not affected with more nodes being added to the network as at the end of the day they allocate the role of announcing the conclusions of all the participating nodes about the information to a single node. Thus, they can be suitable for large-scale networks such as the IoV environment. However, the huge amount of power consumed by these Proof-based consensus approaches undermines their efﬁciency and their suitability for all IoV environments especially the resource constrained ones. On the other hand, the Vote-based blockchain consensus making approaches such as the PBFT consensus mechanism exhibit negligible power consumption, yet their scalability is restricted to small-scale networks with limited number of nodes since all the nodes in the network are engaged in transaction veriﬁcation and should submit their individual votes in order to reach consensus. For such a trade-off that is faced by the existing consensus mechanisms when employing blockchain for IoV, the challenge is represented in how to tune and improve these mechanisms in the future to be able to support efﬁcient authentication in the highly scalable resource constrained IoV environments. (2) Fault tolerance: the different blockchain consensus mechanisms have uneven capa- bilities in terms of how many faulty nodes each can tolerate while still being able to ensure the integrity of the participants and data in the network. In such wide and publicly opened environments as IoV where a variety of attacks can be encountered in which attackers impersonate the authentic nodes, high fault-tolerant consensus protocols should be adopted to ensure that the integrity of the communicated data can still be guaranteed even if the authenticity of a considerable percentage of participants is compromised. Some existing consensus protocols such as PoW can offer the high fault tolerance required for IoV environments; however, as discussed before it exhibits a large power consumption which can be an issue when used for authentication in some resource constrained IoV platforms. Thus, the need appears for developing new consensus making approaches that can guarantee high fault tolerance for the vulnerable IoV arrangements while maintaining an acceptable level of power con- sumption. Alternatively, mitigating the power consumption effect of the already existing blockchain consensus protocols by ﬁnding other solutions such as the charge- as-go solution represented by providing mobile charging units to charge the vehicles’ batteries as they move to be able to tolerate the high power consumed during the authentication is a challenging proposal to be explored in the future. (3) Communication mode: Due to the two types of communication used by the different consensus mechanisms which are synchronous and asynchronous communication modes, different time responses are expected. In the asynchronous mode, the sending entity does not wait for acknowledgement from the receiving node on a previous"
35,1,0,1,0,6,87,URWPalladioL-Ital,7.970099925994873,35.78,53.77,110.39,61.88,53.77,780.01,35.78,484.88,"Sensors 2021 , 21 , 7927"
35,0,0,1,0,3,87,URWPalladioL-Roma,7.970099925994873,532.34,53.91,559.28,61.88,53.91,780.01,532.34,36.0,35 of 42
35,0,0,1,0,450,4,URWPalladioL-Roma,10.061732292175293,166.85,98.23,561.02,565.16,98.23,276.73,166.85,34.26,"request, instead, it directly proceeds with the following communication steps. The consensus protocols that use this mode of communication such as Proof of Work (PoW) and Proof of Time (PoT) could be thought of as perfectly suitable to be used for authentication in the different IoV applications which are mostly time-critical applications in which even a small delay of milli seconds is not forgivable. However, when considering some availability issues scenarios where the receiving entity can be temporarily out of network, waiting for an acknowledgement from the receiving entity before proceeding on with further interaction would save a lot of time and bandwidth that were used for such useless communication. Therefore, developing novel consensus making protocols that combine synchronous and asynchronous modes into one hybrid mode that incorporates the advantages of both communication modes, for example, by setting some thresholds for the number of acknowledgments to be received before proceeding the rest of communication asynchronously, or by using timeouts. However, such proposed solution is in turn full of challenges, since this hybrid mode of operation needs to be repeated periodically and regulated with other thresholds, that is, the synchronous mode should be injected once after every consecutive asynchronous interaction to check periodically that the receiving entity can be reached. This arrangement imposes an extra overhead associated with design- ing the optimal thresholds, monitoring, and managing the different time windows and timeouts. Thus, the feasibility of developing such complicated hybrid consen- sus protocols to be used for IoV authentication while maintaining a relatively low operational cost is another future challenge to be investigated. Thus, to design an efﬁcient authentication protocol for IoV based on blockchain that maintains a good performance balance while highly considering all the above-mentioned factors is a great challenge that should be addressed by future researchers. In the way to achieve this, serious efforts should be dedicated to developing all-in-one IoV-speciﬁc consensus mechanisms that can meet all the requirements of IoV applications including high scalability, high fault tolerance, real-time response with low energy consumption. Beside these factors, another important challenge in this area to consider is how to achieve the optimal assignment of the various blockchain-related tasks such as blocks creation, validation, and consensus making to the different IoV nodes based on their computing capabilities and the energy consumption requirements of the adopted consensus protocols in order to achieve an efﬁcient authentication process. In [ 119 ] for instance, blocks creation is assigned to the infrastructure units through PoW due to their high computing power, whereas blocks veriﬁcation is assigned to the vehicles through PBFT consensus due to their relatively low computing capabilities. However, more technical details and conditions need to be fully explored in upcoming research studies."
35,0,0,1,0,64,24,URWPalladioL-Ital,9.962599754333496,166.85,577.44,560.93,658.28,577.44,183.61,166.85,34.35,"6.2. Employing Blockchain for other IoV Security Requirements In this survey paper, we targeted the adoption of blockchain in IoV for the authentica- tion security requirement. However, we believe that blockchain can be of great beneﬁts for other IoV security requirements such as data integrity, secure routing, and availability which can all be explored and discussed as part of the future research directions. (1)"
35,0,0,1,0,138,4,URWPalladioL-Roma,10.061732292175293,189.91,648.27,561.02,771.29,648.27,70.6,189.91,34.25,"Data Integrity: Blockchain can be adopted by IoV environments to ensure that the data sent and received between two communicating IoV entities are identical. In other words, to make sure that no unauthorized modiﬁcations on the data take place during transmission. For instance, when a sender aims to send some data to another IoV node, it can send a copy of the data to the publicly accessible blockchain as well. At the other end, when the receiving entity receives the data, it can compare it with the copy stored in the immutable blockchain, if matched that means no manipulation was performed and data integrity is guaranteed. Otherwise, the received data cannot be trusted. The use of blockchains for ensuring data integrity in IoV may become even more important to explore when considering using them for big data analytics"
36,1,0,1,0,6,87,URWPalladioL-Ital,7.970099925994873,35.78,53.77,110.39,61.88,53.77,780.01,35.78,484.88,"Sensors 2021 , 21 , 7927"
36,0,0,1,0,3,87,URWPalladioL-Roma,7.970099925994873,532.34,53.91,559.28,61.88,53.91,780.01,532.34,36.0,36 of 42
36,0,0,1,0,156,4,URWPalladioL-Roma,10.061732292175293,166.94,98.23,559.28,258.87,98.23,583.02,166.94,36.0,"and data mining which require the data to have high level of accuracy to result in developing accurate and efﬁcient decision making and AI-based applications. (2) Secure Routing: Blockchain technology can be used for guaranteeing a secure routing in IoV environments via different arrangements. An example could be maintaining a list of all possible legal next-hop nodes in the public ledger which can be accessed by all IoV entities. This list should be ﬁrstly developed by gradually adding the ids of the nodes that were successfully registered and authorized by the network. This means that any malicious unauthorized node will not be valid in this routing list. In this way, when an entity receives a packet that was routed through at least one illegal forwarder that does not exist in the routing list kept in the blockchain, this means the routing processes have been compromised and some illegal entity had access to the transmitted packet. (3)"
36,0,0,1,0,226,4,URWPalladioL-Roma,10.061732292175293,167.26,248.87,561.02,477.29,248.87,364.6,167.26,34.26,"Availability: A feasible suggestion that could be investigated is the integration of blockchain with some physical identiﬁcation modules in an attempt to prevent some availability attacks and threats. That is, obligating each single service request to include the physical identity of the request originator, e.g., MAC address of the NIC of the user’s mobile device or the vehicle’s hardware id assigned by the vehicle manufacturer. Then, upon receiving the request by an infrastructure node, i.e., a RSU, it should extract the physical identity of the requester and store it as a record in the blockchain while keeping track of a counter that counts the number of successive requests and a timer to monitor the time intervals between these successive requests. In such arrangement, availability attacks speciﬁcally the denial of service (DoS) attack that originates from a single physical entity with different logical identities, i.e., IP addresses, can be efﬁciently detected and thus blocked by any IoV entity through monitoring the public ledger records and noticing any extraordinary behavior of rapid successive requests originated from the same physical id. The above-mentioned examples are a few humble suggestions for using blockchain in the context of the different IoV security requirements. However, there is a strong belief that blockchain capabilities can cover more aspects and offer a variety of solutions regarding these IoV security concerns, yet to be explored."
36,0,0,1,0,265,24,URWPalladioL-Ital,9.962599754333496,167.26,489.57,561.02,778.86,489.57,63.03,167.26,34.26,"6.3. Cloud Scalability, Security, and Privacy Since IoV paradigm is based on big data and high-performance computing, cloud computing infrastructures constitute the most important building blocks for providing data storage. Even in blockchain-assisted IoV platforms, the cloud servers (CS) cluster constitutes the blockchain network. Thus, developing the cloud technologies is a critical aspect to guarantee the security and the privacy of the blockchain-based authentication system in vehicular networks. Cloud-related security and privacy issues might be encountered during the process of transmitting vehicles’ data to/from the cloud or while being stored in the different cloud servers. This imposes different security challenges in both processes which should be addressed in the future to guarantee a high level of efﬁciency for the blockchain-based cloud-assisted IoV authentication systems. Data transmission challenges: Transmitting data back and forth between the cloud servers, the vehicles, and the other IoV entities via an open wireless network may impose high risks on the security of the blockchain-based authentication system and the privacy of the users. Some schemes attempt to mitigate the security risk by adopting wired communication wherever possible, i.e., between the cloud servers and the intermediate nodes. However, this arrangement is not practical nor feasible for all IoV-based scenarios. Moreover, this can only mitigate the risk at the stationary end of the system while the mobile part, i.e., the V2I communication is still exposed to different security threats due to its wireless nature. Thus, the existing wireless communication protocols should be well investigated and developed to insure private and secure exchange of users’ authentication data between the different parts of the IoV-based system."
37,1,0,1,0,6,87,URWPalladioL-Ital,7.970099925994873,35.78,53.77,110.39,61.88,53.77,780.01,35.78,484.88,"Sensors 2021 , 21 , 7927"
37,0,0,1,0,3,87,URWPalladioL-Roma,7.970099925994873,532.34,53.91,559.28,61.88,53.91,780.01,532.34,36.0,37 of 42
37,0,0,1,0,108,4,URWPalladioL-Roma,10.061732292175293,166.97,98.23,561.02,196.11,98.23,645.78,166.97,34.26,"Data storage challenges: Having users’ sensitive data such as the authentication data including users’ real identities, public keys and certiﬁcates stored in a common- access platform such as the cloud is another threat to consider. The privacy of users is threatened to be violated if no proper encoding schemes exist within the cloud. Thus, the need for developing efﬁcient encryption algorithms that can be adopted in both data storage and transmission to protect the privacy and security of the whole IoV cloud-based paradigm while ensuring full compatibility with the rapidly evolving and heterogenous cloud technologies is another important challenge which we hope to be tackled in the future."
37,0,0,1,0,174,4,URWPalladioL-Roma,10.061732292175293,166.85,224.06,560.93,397.29,224.06,444.6,166.85,34.34,"In this survey, security aspects of the emerging vehicular technology, IoV, and the preceding VANETS which have made an evolution in the intelligent transportation systems were discussed. The power of the emerged blockchain technology in general and speciﬁ- cally in IoV was also highlighted. Moreover, different security requirements, challenges, and potential security attacks and threats in vehicular networks were presented. After that, more focus was dedicated to discussing a wide range of recent blockchain-based authentication techniques in IoV and VANETs environments and a comprehensive com- parison between them was then provided. At last, some possible security challenges and research directions in IoV and VANETs that need to be addressed in the future were high- lighted. In this paper, we focused only on the conceptual comparison between the surveyed blockchain-based IoV authentication schemes, i.e., in terms of the different techniques, net- work architectures, and evaluation tools used, as well as features and limitations. However, we believe that including more quantitative measures in comparisons is a direction that can be considered and improved in future surveys."
37,1,0,1,0,10,99,URWPalladioL-Bold,9.01101016998291,166.91,411.62,560.39,420.7,411.62,421.19,166.91,34.88,"Author Contributions: Conceptualization, S.A.(Sohail Abbas), M.A.T. and A.A.; Data curation,"
37,0,0,1,0,79,47,URWPalladioL-Roma,9.055620193481445,166.82,423.36,560.4,502.69,423.36,339.2,166.82,34.88,"S.A.(Sohail Abbas), M.A.T. and A.A.; Validation, S.A.(Sohail Abbas), M.A.T. and A.A.; Funding acquisition, F.K., S.A.(SHABIR AHMAD) and D.-H.K.; Investigation, F.K., S.A.(Sohail Abbas) and D.-H.K.; Methodology, S.A.(Sohail Abbas), M.A.T. and A.A.; Project administration, S.A.(Sohail Abbas) and M.A.T.; Resources, S.A.(Sohail Abbas), M.A.T., A.A., F.K., S.A.(Sohail Abbas) and D.-H.K.; Writing—original draft preparation, S.A.(Sohail Abbas), M.A.T. and A.A.; writing—review and editing, S.A.(Sohail Abbas), M.A.T., A.A., F.K., S.A.(Shabir Ahmad) and D.-H.K. All authors have read and agreed to the published version of the manuscript."
37,1,0,1,0,14,99,URWPalladioL-Bold,9.01101016998291,167.26,511.33,560.76,520.41,511.33,321.48,167.26,34.51,Funding: This research was supported by Energy Cloud R&D Program through the National Re-
37,0,0,1,0,62,47,URWPalladioL-Roma,9.055620193481445,167.26,523.07,560.76,578.96,523.07,262.93,167.26,34.51,"search Foundation of Korea (NRF) funded by the Ministry of Science, ICT (2019M3F2A1073387), and this work was supported by Institute of Information & communications Technology Planning & Evaluation (IITP) grant funded by the Korea government (MSIT) (2021-0-00188, Open source devel- opment and standardization for AI enabled IoT platforms and interworking). Any correspondence related to this paper should be addressed to DoHyeun Kim."
37,1,0,1,0,26,67,URWPalladioL-Bold,8.966400146484375,167.26,587.6,418.96,649.74,587.6,192.15,167.26,176.32,Institutional Review Board Statement: Not Applicable. Informed Consent Statement: Not Applicable. Data Availability Statement: Not Applicable. Conﬂicts of Interest: The authors declare no conﬂict of interest.
37,0,0,1,0,19,67,URWPalladioL-Roma,8.966400146484375,36.0,677.68,559.27,686.63,677.68,155.26,36.0,36.0,"1. Chang, W.-J.; Chen, L.-B.; Su, K.-Y. DeepCrash: A deep learning-based Internet of vehicles system for head-on and single-vehicle"
37,1,0,1,0,15,67,URWPalladioL-Roma,8.966400146484375,57.51,689.04,432.15,698.15,689.04,143.74,57.51,163.12,"accident detection with emergency notiﬁcation. IEEE Access 2019 , 7 , 148163–148175. [ CrossRef ]"
37,0,0,1,0,83,67,URWPalladioL-Roma,8.966400146484375,36.0,700.7,560.4,767.21,700.7,74.68,36.0,34.88,"2. Dandala, T.T.; Krishnamurthy, V.; Alwan, R. Internet of Vehicles (IoV) for trafﬁc management. In Proceedings of the 2017 International Conference on Computer, Communication and Signal Processing (ICCCSP), Chennai, India, 10–11 January 2017; pp. 1–4. 3. Vijayaraghavan, V.; Leevinson, J.R. Intelligent trafﬁc management systems for next generation IoV in smart city scenario. In Connected Vehicles in the Internet of Things ; Springer: Berlin/Heidelberg, Germany, 2020; pp. 123–141. 4. Khan, Z.; Koubaa, A.; Farman, H. Smart route: Internet-of-vehicles (iov)-based congestion detection and avoidance (iov-based"
37,1,0,1,0,14,67,URWPalladioL-Roma,8.966400146484375,57.51,769.58,320.43,778.7,769.58,63.19,57.51,274.84,"cda) using rerouting planning. Appl. Sci. 2020 , 10 , 4541. [ CrossRef ]"
38,1,0,1,0,6,87,URWPalladioL-Ital,7.970099925994873,35.78,53.77,110.39,61.88,53.77,780.01,35.78,484.88,"Sensors 2021 , 21 , 7927"
38,0,0,1,0,3,87,URWPalladioL-Roma,7.970099925994873,532.34,53.91,559.28,61.88,53.91,780.01,532.34,36.0,38 of 42
38,0,0,1,0,18,67,URWPalladioL-Roma,8.966400146484375,36.0,99.02,559.28,108.01,99.02,733.88,36.0,36.0,"5. Ang, L.-M.; Seng, K.P.; Ijemaru, G.K.; Zungeru, A.M. Deployment of IoV for smart cities: Applications, architecture, and"
38,1,0,1,0,11,67,URWPalladioL-Roma,8.966400146484375,57.51,110.37,270.4,119.49,110.37,722.4,57.51,324.87,"challenges. IEEE Access 2018 , 7 , 6473–6492. [ CrossRef ]"
38,0,0,1,0,55,67,URWPalladioL-Roma,8.966400146484375,36.0,122.03,560.4,165.55,122.03,676.34,36.0,34.88,"6. Hamid, U.Z.A.; Zamzuri, H.; Limbu, D.K. Internet of vehicle (IoV) applications in expediting the implementation of smart highway of autonomous vehicle: A survey. In Performability in Internet of Things ; Springer: Berlin/Heidelberg, Germany, 2019; pp. 137–157. 7. Sodhro, A.H.; Rodrigues, J.J.P.C.; Pirbhulal, S.; Zahid, N.; de Macedo, A.R.L.; de Albuquerque, V.H.C. Link optimization in"
38,1,0,1,0,20,99,URWPalladioL-Roma,8.954623341560364,57.51,167.92,559.25,177.02,167.92,664.87,57.51,36.03,"software deﬁned IoV driven autonomous transportation system. IEEE Trans. Intell. Transp. Syst. 2020 , 22 , 3511–3520. [ CrossRef ]"
38,0,0,1,0,22,67,URWPalladioL-Roma,8.966400146484375,36.0,179.57,559.28,188.56,179.57,653.33,36.0,36.0,"8. Yu, C.; Lin, B.; Guo, P.; Zhang, W.; Li, S.; He, R. Deployment and dimensioning of fog computing-based internet of vehicle"
38,1,0,1,0,16,67,URWPalladioL-Roma,8.966400146484375,57.51,190.92,412.14,200.04,190.92,641.85,57.51,183.13,"infrastructure for autonomous driving. IEEE Internet Things J. 2018 , 6 , 149–160. [ CrossRef ]"
38,0,0,1,0,45,67,URWPalladioL-Roma,8.966400146484375,36.0,202.58,560.4,234.57,202.58,607.32,36.0,34.88,"9. Gupta, N.; Prakash, A.; Tripathi, R. Internet of Vehicles and Its Applications in Autonomous Driving ; Springer: Berlin/Heidelberg, Germany, 2021; ISBN 3030463354. 10. Du, H.; Leng, S.; Wu, F.; Chen, X.; Mao, S. A new vehicular fog computing architecture for cooperative sensing of autonomous"
38,1,0,1,0,11,67,URWPalladioL-Roma,8.966400146484375,57.51,236.95,267.38,246.07,236.95,595.82,57.51,327.89,"driving. IEEE Access 2020 , 8 , 10997–11006. [ CrossRef ]"
38,0,0,1,0,60,67,URWPalladioL-Roma,8.966400146484375,36.0,248.61,559.28,292.07,248.61,549.82,36.0,36.0,"11. Raja, G.; Dhanasekaran, P.; Anbalagan, S.; Ganapathisubramaniyan, A.; Bashir, A.K. SDN-enabled trafﬁc alert system for IoV in smart cities. In Proceedings of the IEEE INFOCOM 2020-IEEE Conference on Computer Communications Workshops (INFOCOM WKSHPS), Toronto, ON, Canada, 6–9 July 2020; pp. 1093–1098. 12. Nouh, R.; Singh, M.; Singh, D. SafeDrive: Hybrid recommendation system architecture for early safety predication using Internet"
38,1,0,1,0,14,67,URWPalladioL-Roma,8.966400146484375,57.51,294.48,277.64,303.6,294.48,538.29,57.51,317.64,"of Vehicles. Sensors 2021 , 21 , 3893. [ CrossRef ] [ PubMed ]"
38,0,0,1,0,19,67,URWPalladioL-Roma,8.966400146484375,36.0,306.14,559.27,315.12,306.14,526.77,36.0,36.0,"13. Chen, L.-W.; Chen, H.-M. Driver behavior monitoring and warning with dangerous driving detection based on the internet of"
38,1,0,1,0,14,67,URWPalladioL-Roma,8.966400146484375,57.26,317.5,339.33,326.62,317.5,515.27,57.26,255.95,"vehicles. IEEE Trans. Intell. Transp. Syst. 2020 , 22 , 7232–7241. [ CrossRef ]"
38,0,0,1,0,20,67,URWPalladioL-Roma,8.966400146484375,36.0,329.16,559.27,338.12,329.16,503.77,36.0,36.0,"14. Hussain, R.; Kim, D.; Son, J.; Lee, J.; Kerrache, C.A.; Benslimane, A.; Oh, H. Secure and privacy-aware incentives-based witness"
38,1,0,1,0,19,67,URWPalladioL-Roma,8.966400146484375,57.51,340.51,438.21,349.63,340.51,492.26,57.51,157.07,"service in social Internet of Vehicles clouds. IEEE Internet Things J. 2018 , 5 , 2441–2448. [ CrossRef ]"
38,0,0,1,0,25,67,URWPalladioL-Roma,8.966400146484375,36.0,352.17,559.28,361.15,352.17,480.74,36.0,36.0,"15. Xie, J.; Tang, H.; Huang, T.; Yu, F.R.; Xie, R.; Liu, J.; Liu, Y. A survey of blockchain technology applied to smart cities: Research"
38,1,0,1,0,15,67,URWPalladioL-Roma,8.966400146484375,57.51,363.53,377.44,372.64,363.53,469.25,57.51,217.83,"issues and challenges. IEEE Commun. Surv. Tutor. 2019 , 21 , 2794–2830. [ CrossRef ]"
38,0,0,1,0,100,67,URWPalladioL-Roma,8.966400146484375,36.0,375.19,559.63,453.17,375.19,388.72,36.0,35.65,"16. Biswas, K.; Muthukkumarasamy, V. Securing smart cities using blockchain technology. In Proceedings of the IEEE 18th International Conference on High Performance Computing and Communications; IEEE 14th International Conference on Smart City; IEEE 2nd International Conference on Data Science and Systems (HPCC/SmartCity/DSS), Sydney, NSW, Australia, 12–14 December 2016; pp. 1392–1393. 17. Ibba, S.; Pinna, A.; Seu, M.; Pani, F.E. CitySense: Blockchain-oriented smart cities. In Proceedings of the XP2017 Scientiﬁc Workshops, Cologne, Germany, 22–26 May 2017; pp. 1–5. 18. Mollah, M.B.; Zhao, J.; Niyato, D.; Lam, K.-Y.; Zhang, X.; Ghias, A.M.Y.M.; Koh, L.H.; Yang, L. Blockchain for future smart grid: A"
38,1,0,1,0,14,67,URWPalladioL-Roma,8.966400146484375,57.51,455.58,339.95,464.7,455.58,377.19,57.51,255.32,"comprehensive survey. IEEE Internet Things J. 2020 , 8 , 18–43. [ CrossRef ]"
38,0,0,1,0,19,67,URWPalladioL-Roma,8.966400146484375,36.0,467.24,560.77,476.23,467.24,365.66,36.0,34.51,"19. Wang, S.; Taha, A.F.; Wang, J.; Kvaternik, K.; Hahn, A. Energy crowdsourcing and peer-to-peer energy trading in blockchain-"
38,1,0,1,0,17,67,URWPalladioL-Roma,8.966400146484375,57.51,478.59,404.46,487.71,478.59,354.18,57.51,190.82,"enabled smart grids. IEEE Trans. Syst. Man Cybern. Syst. 2019 , 49 , 1612–1623. [ CrossRef ]"
38,0,0,1,0,18,67,URWPalladioL-Roma,8.966400146484375,36.0,490.25,560.85,499.21,490.25,342.68,36.0,34.43,"20. Ferrag, M.A.; Maglaras, L. DeepCoin: A novel deep learning and blockchain-based energy exchange framework for smart grids."
38,1,0,1,0,12,67,URWPalladioL-Ital,8.966400146484375,57.51,501.61,278.22,510.73,501.61,331.16,57.51,317.05,"IEEE Trans. Eng. Manag. 2019 , 67 , 1285–1297. [ CrossRef ]"
38,1,0,1,0,22,99,URWPalladioL-Roma,9.0407501856486,57.51,513.05,560.4,522.26,513.05,319.63,57.51,34.88,"Koshy, P.; Babu, S.; Manoj, B.S. Sliding window blockchain architecture for internet of things. IEEE Internet Things J. 2020 , 7 ,"
38,0,0,1,0,21,67,URWPalladioL-Roma,8.966400146484375,36.0,524.77,560.39,545.27,524.77,296.62,36.0,34.88,"3338–3348. [ CrossRef ] 22. Hassan, M.U.; Rehmani, M.H.; Chen, J. Privacy preservation in blockchain based IoT systems: Integration issues, prospects,"
38,1,0,1,0,17,67,URWPalladioL-Roma,8.966400146484375,57.51,547.64,448.03,556.75,547.64,285.14,57.51,147.24,"challenges, and future research directions. Futur. Gener. Comput. Syst. 2019 , 97 , 512–529. [ CrossRef ]"
38,1,0,1,0,22,99,URWPalladioL-Roma,8.915236592292786,57.51,559.19,559.28,568.25,559.19,273.64,57.51,36.0,"Rathore, H.; Mohamed, A.; Guizani, M. A survey of blockchain enabled cyber-physical systems. Sensors 2020 , 20 , 282. [ CrossRef ]"
38,0,0,1,0,18,67,URWPalladioL-Roma,8.966400146484375,36.0,570.8,560.85,579.76,570.8,262.13,36.0,34.43,"24. Lee, J.; Azamfar, M.; Singh, J. A blockchain enabled Cyber-Physical System architecture for Industry 4.0 manufacturing systems."
38,1,0,1,0,10,67,URWPalladioL-Ital,8.966400146484375,57.51,582.16,211.69,591.28,582.16,250.61,57.51,383.58,"Manuf. Lett. 2019 , 20 , 34–39. [ CrossRef ]"
38,0,0,1,0,18,67,URWPalladioL-Roma,8.966400146484375,36.0,593.82,559.28,602.81,593.82,239.08,36.0,36.0,"25. Xu, Q.; Su, Z.; Yang, Q. Blockchain-based trustworthy edge caching scheme for mobile cyber-physical system. IEEE Internet"
38,1,0,1,0,10,67,URWPalladioL-Ital,8.966400146484375,56.97,605.17,210.32,614.29,605.17,227.6,56.97,384.96,"Things J. 2019 , 7 , 1098–1110. [ CrossRef ]"
38,1,0,1,0,23,67,URWPalladioL-Roma,8.966400146484375,57.52,616.68,553.64,625.8,616.68,216.09,57.52,41.64,"Du, Y.; Cao, J.; Yin, J.; Song, S. An overview of blockchain-based swarm robotics system. Artif. Intell. China 2020 , 572 , 353–360."
38,0,0,1,0,48,67,URWPalladioL-Roma,8.966400146484375,36.0,628.34,560.4,660.34,628.34,181.55,36.0,34.88,"27. Ferrer, E.C. The blockchain: A new framework for robotic swarm systems. In Proceedings of the Future Technologies Conference, Vancouver, BC, Canada, 13–14 November 2018; pp. 1037–1058. 28. Singh, S.; Sharma, P.K.; Yoon, B.; Shojafar, M.; Cho, G.H.; Ra, I.-H. Convergence of blockchain and artiﬁcial intelligence in IoT"
38,1,0,1,0,17,67,URWPalladioL-Roma,8.966400146484375,57.51,662.7,394.69,671.82,662.7,170.07,57.51,200.58,"network for the sustainable smart city. Sustain. Cities Soc. 2020 , 63 , 102364. [ CrossRef ]"
38,0,0,1,0,63,67,URWPalladioL-Roma,8.966400146484375,36.0,674.36,560.39,717.88,674.36,124.01,36.0,34.88,"29. Chen, X.; Ji, J.; Luo, C.; Liao, W.; Li, P. When machine learning meets blockchain: A decentralized, privacy-preserving and secure design. In Proceedings of the 2018 IEEE International Conference on Big Data (Big Data), Seattle, WA, USA, 10–13 December 2018; pp. 1178–1187. 30. Wang, R.; Liu, H.; Wang, H.; Yang, Q.; Wu, D. Distributed security architecture based on blockchain for connected health:"
38,1,0,1,0,15,67,URWPalladioL-Roma,8.966400146484375,57.17,720.24,415.21,729.36,720.24,112.53,57.17,180.07,"Architecture, challenges, and approaches. IEEE Wirel. Commun. 2019 , 26 , 30–36. [ CrossRef ]"
38,0,0,1,0,41,67,URWPalladioL-Roma,8.966400146484375,36.0,731.9,560.39,763.88,731.9,78.01,36.0,34.88,"31. Ramani, V.; Kumar, T.; Bracken, A.; Liyanage, M.; Ylianttila, M. Secure and efﬁcient data accessibility in blockchain based healthcare systems. In Proceedings of the 2018 IEEE Global Communications Conference (GLOBECOM), Abu Dhabi, United Arab Emirates, 9–13 December 2018; pp. 206–212."
39,1,0,1,0,6,87,URWPalladioL-Ital,7.970099925994873,35.78,53.77,110.39,61.88,53.77,780.01,35.78,484.88,"Sensors 2021 , 21 , 7927"
39,0,0,1,0,3,87,URWPalladioL-Roma,7.970099925994873,532.34,53.91,559.28,61.88,53.91,780.01,532.34,36.0,39 of 42
39,0,0,1,0,21,67,URWPalladioL-Roma,8.966400146484375,36.0,99.02,559.27,107.98,99.02,733.91,36.0,36.0,"32. Wang, S.; Wang, J.; Wang, X.; Qiu, T.; Yuan, Y.; Ouyang, L.; Guo, Y.; Wang, F.-Y. Blockchain-powered parallel healthcare systems"
39,1,0,1,0,18,67,URWPalladioL-Roma,8.966400146484375,57.51,110.37,402.42,119.49,110.37,722.4,57.51,192.85,"based on the ACP approach. IEEE Trans. Comput. Soc. Syst. 2018 , 5 , 942–950. [ CrossRef ]"
39,0,0,1,0,24,67,URWPalladioL-Roma,8.966400146484375,36.0,122.03,559.45,131.0,122.03,710.89,36.0,35.82,"33. Kang, J.; Yu, R.; Huang, X.; Wu, M.; Maharjan, S.; Xie, S.; Zhang, Y. Blockchain for secure and efﬁcient data sharing in vehicular"
39,1,0,1,0,16,67,URWPalladioL-Roma,8.966400146484375,57.51,133.39,390.6,142.51,133.39,699.38,57.51,204.67,"edge computing and networks. IEEE Internet Things J. 2018 , 6 , 4660–4670. [ CrossRef ]"
39,0,0,1,0,20,67,URWPalladioL-Roma,8.966400146484375,36.0,145.05,559.62,154.04,145.05,687.85,36.0,35.65,"34. Shi, K.; Zhu, L.; Zhang, C.; Xu, L.; Gao, F. Blockchain-based multimedia sharing in vehicular social networks with privacy"
39,1,0,1,0,12,67,URWPalladioL-Roma,8.966400146484375,57.25,156.4,310.5,165.52,156.4,676.37,57.25,284.78,"protection. Multimed. Tools Appl. 2020 , 79 , 8085–8105. [ CrossRef ]"
39,1,0,1,0,22,67,URWPalladioL-Roma,8.966400146484375,57.52,167.91,560.4,177.03,167.91,664.86,57.52,34.88,"Li, Z.; Yang, Z.; Xie, S. Computing resource trading for edge-cloud-assisted Internet of Things. IEEE Trans. Ind. Inform. 2019 , 15 ,"
39,0,0,1,0,63,67,URWPalladioL-Roma,8.966400146484375,36.0,179.57,560.85,234.57,179.57,607.32,36.0,34.43,"3661–3669. [ CrossRef ] 36. Qiao, G.; Leng, S.; Chai, H.; Asadi, A.; Zhang, Y. Blockchain empowered resource trading in mobile edge computing and networks. In Proceedings of the ICC 2019—2019 IEEE International Conference on Communications (ICC), Shanghai, China, 20–24 May 2019; pp. 1–6. 37. Chai, H.; Leng, S.; Zhang, K.; Mao, S. Proof-of-reputation based-consortium blockchain for trust resource sharing in internet of"
39,1,0,1,0,11,67,URWPalladioL-Roma,8.966400146484375,57.26,236.95,278.46,246.07,236.95,595.82,57.26,316.81,"vehicles. IEEE Access 2019 , 7 , 175744–175757. [ CrossRef ]"
39,0,0,1,0,21,67,URWPalladioL-Roma,8.966400146484375,36.0,248.61,559.46,257.56,248.61,584.33,36.0,35.82,"38. Wang, S.; Huang, X.; Yu, R.; Zhang, Y.; Hossain, E. Permissioned blockchain for efﬁcient and secure resource sharing in vehicular"
39,1,0,1,0,6,67,URWPalladioL-Roma,8.966400146484375,57.51,259.96,241.49,269.08,259.96,572.81,57.51,353.79,"edge computing. arXiv 2019 , arXiv:1906.06319."
39,0,0,1,0,66,67,URWPalladioL-Roma,8.966400146484375,36.0,271.62,560.39,315.13,271.62,526.76,36.0,34.88,"39. Al Amiri, W.; Baza, M.; Banawan, K.; Mahmoud, M.; Alasmary, W.; Akkaya, K. Privacy-preserving smart parking system using blockchain and private information retrieval. In Proceedings of the 2019 International Conference on Smart Applications, Communications and Networking (SmartNets), Sharm El Sheikh, Egypt, 17–19 December 2019; pp. 1–6. 40. Chen, C.; Xiao, T.; Qiu, T.; Lv, N.; Pei, Q. Smart-contract-based economical platooning in blockchain-enabled urban internet of"
39,1,0,1,0,13,67,URWPalladioL-Roma,8.966400146484375,57.26,317.5,311.39,326.62,317.5,515.27,57.26,283.89,"vehicles. IEEE Trans. Ind. Inform. 2019 , 16 , 4122–4133. [ CrossRef ]"
39,0,0,1,0,17,67,URWPalladioL-Roma,8.966400146484375,36.0,329.16,559.28,338.15,329.16,503.74,36.0,36.0,"41. Li, M.; Zhu, L.; Lin, X. Efﬁcient and privacy-preserving carpooling using blockchain-assisted vehicular fog computing. IEEE"
39,1,0,1,0,11,67,URWPalladioL-Ital,8.966400146484375,57.51,340.51,242.5,349.63,340.51,492.26,57.51,352.78,"Internet Things J. 2018 , 6 , 4573–4584. [ CrossRef ]"
39,0,0,1,0,61,67,URWPalladioL-Roma,8.966400146484375,36.0,352.17,560.4,395.63,352.17,446.26,36.0,34.88,"42. Li, M.; Zhu, L.; Lin, X. CoRide: A privacy-preserving collaborative-ride hailing service using blockchain-assisted vehicular fog computing. In Proceedings of the International Conference on Security and Privacy in Communication Systems, Orlando, VA, USA, 23–25 October 2019; pp. 408–422. 43. Ren, Q.; Man, K.L.; Li, M.; Gao, B.; Ma, J. Intelligent design and implementation of blockchain and Internet of things–based trafﬁc"
39,1,0,1,0,14,67,URWPalladioL-Roma,8.966400146484375,57.51,398.05,345.32,407.17,398.05,434.72,57.51,249.96,"system. Int. J. Distrib. Sens. Netw. 2019 , 15 , 1550147719870653. [ CrossRef ]"
39,0,0,1,0,24,67,URWPalladioL-Roma,8.966400146484375,36.0,409.71,559.28,418.65,409.71,423.24,36.0,36.0,"44. Cheng, L.; Liu, J.; Xu, G.; Zhang, Z.; Wang, H.; Dai, H.-N.; Wu, Y.; Wang, W. SCTSC: A semicentralized trafﬁc signal control mode"
39,1,0,1,0,18,67,URWPalladioL-Roma,8.966400146484375,57.14,421.06,456.73,430.18,421.06,411.71,57.14,138.55,"with attribute-based blockchain in IoVs. IEEE Trans. Comput. Soc. Syst. 2019 , 6 , 1373–1385. [ CrossRef ]"
39,0,0,1,0,17,67,URWPalladioL-Roma,8.966400146484375,36.0,432.72,559.27,441.68,432.72,400.21,36.0,36.0,"45. Pourvahab, M.; Ekbatanifard, G. Digital forensics architecture for evidence collection and provenance preservation in iaas cloud"
39,1,0,1,0,16,67,URWPalladioL-Roma,8.966400146484375,57.51,444.07,446.73,453.19,444.07,388.7,57.51,148.54,"environment using sdn and blockchain technology. IEEE Access 2019 , 7 , 153349–153364. [ CrossRef ]"
39,0,0,1,0,18,67,URWPalladioL-Roma,8.966400146484375,36.0,455.73,559.45,464.72,455.73,377.17,36.0,35.83,"46. Cebe, M.; Erdin, E.; Akkaya, K.; Aksu, H.; Uluagac, S. Block4forensic: An integrated lightweight blockchain framework for"
39,1,0,1,0,16,67,URWPalladioL-Roma,8.966400146484375,57.51,467.09,422.2,476.21,467.09,365.68,57.51,173.07,"forensics applications of connected vehicles. IEEE Commun. Mag. 2018 , 56 , 50–57. [ CrossRef ]"
39,0,0,1,0,19,67,URWPalladioL-Roma,8.966400146484375,36.0,478.75,559.28,487.74,478.75,354.15,36.0,36.0,"47. Ferrag, M.A.; Maglaras, L.A.; Janicke, H.; Jiang, J.; Shu, L. Authentication protocols for internet of things: A comprehensive"
39,1,0,1,0,12,67,URWPalladioL-Roma,8.966400146484375,57.51,490.1,286.21,499.22,490.1,342.67,57.51,309.07,"survey. Secur. Commun. Netw. 2017 , 2017 , 1–41. [ CrossRef ]"
39,1,0,1,0,20,99,URWPalladioL-Roma,9.0407501856486,57.51,501.54,560.4,510.75,501.54,331.14,57.51,34.88,"Manvi, S.S.; Tangade, S. A survey on authentication schemes in VANETs for secured communication. Veh. Commun. 2017 , 9 ,"
39,0,0,1,0,23,67,URWPalladioL-Roma,8.966400146484375,36.0,513.27,559.28,533.77,513.27,308.12,36.0,36.0,"19–30. [ CrossRef ] 49. El-Hajj, M.; Fadlallah, A.; Chamoun, M.; Serhrouchni, A. A survey of internet of things (IoT) authentication schemes. Sensors"
39,1,0,1,0,11,67,URWPalladioL-Bold,8.966400146484375,57.51,536.13,200.06,545.25,536.13,296.64,57.51,395.21,"2019 , 19 , 1141. [ CrossRef ] [ PubMed ]"
39,0,0,1,0,21,67,URWPalladioL-Roma,8.966400146484375,36.0,547.79,560.4,556.75,547.79,285.14,36.0,34.88,"50. Ali, I.; Hassan, A.; Li, F. Authentication and privacy schemes for vehicular ad hoc networks (VANETs): A survey. Veh. Commun."
39,1,0,1,0,8,67,URWPalladioL-Bold,8.966400146484375,57.51,559.14,162.3,568.26,559.14,273.63,57.51,432.98,"2019 , 16 , 45–61. [ CrossRef ]"
39,0,0,1,0,16,67,URWPalladioL-Roma,8.966400146484375,36.0,570.8,559.27,579.74,570.8,262.15,36.0,36.0,"51. Manivannan, D.; Moni, S.S.; Zeadally, S. Secure authentication and privacy-preserving techniques in Vehicular Ad-hoc NETworks"
39,1,0,1,0,11,67,URWPalladioL-Roma,8.966400146484375,57.22,582.16,268.9,591.28,582.16,250.61,57.22,326.38,"(VANETs). Veh. Commun. 2020 , 25 , 100247. [ CrossRef ]"
39,0,0,1,0,19,67,URWPalladioL-Roma,8.966400146484375,36.0,593.82,560.4,602.78,593.82,239.11,36.0,34.88,"52. Bagga, P.; Das, A.K.; Wazid, M.; Rodrigues, J.J.P.C.; Park, Y. Authentication protocols in internet of vehicles: Taxonomy, analysis,"
39,1,0,1,0,12,67,URWPalladioL-Roma,8.966400146484375,57.51,605.17,296.79,614.29,605.17,227.6,57.51,298.48,"and challenges. IEEE Access 2020 , 8 , 54314–54344. [ CrossRef ]"
39,0,0,1,0,21,67,URWPalladioL-Roma,8.966400146484375,36.0,616.83,559.28,625.82,616.83,216.07,36.0,36.0,"53. Kumar, S.; Velliangiri, S.; Karthikeyan, P.; Kumari, S.; Kumar, S.; Khan, M.K. A survey on the blockchain techniques for the"
39,1,0,1,0,14,67,URWPalladioL-Roma,8.966400146484375,57.51,628.18,399.88,637.3,628.18,204.59,57.51,195.39,"Internet of Vehicles security. Trans. Emerg. Telecommun. Technol. 2021 , e4317. [ CrossRef ]"
39,0,0,1,0,24,67,URWPalladioL-Roma,8.966400146484375,36.0,639.84,560.39,648.83,639.84,193.06,36.0,34.88,"54. Wang, C.; Cheng, X.; Li, J.; He, Y.; Xiao, K. A survey: Applications of blockchain in the Internet of Vehicles. Eurasip J. Wirel."
39,1,0,1,0,10,67,URWPalladioL-Ital,8.966400146484375,57.22,651.2,229.84,660.32,651.2,181.57,57.22,365.44,"Commun. Netw. 2021 , 2021 , 1–16. [ CrossRef ]"
39,0,0,1,0,18,67,URWPalladioL-Roma,8.966400146484375,36.0,662.86,560.39,671.85,662.86,170.04,36.0,34.88,"55. Mendiboure, L.; Chalouf, M.A.; Krief, F. Survey on blockchain-based applications in internet of vehicles. Comput. Electr. Eng."
39,1,0,1,0,8,67,URWPalladioL-Bold,8.966400146484375,57.51,674.21,166.78,683.33,674.21,158.56,57.51,428.5,"2020 , 84 , 106646. [ CrossRef ]"
39,0,0,1,0,16,67,URWPalladioL-Roma,8.966400146484375,36.0,685.87,559.27,694.84,685.87,147.05,36.0,36.0,"56. Contreras-Castillo, J.; Zeadally, S.; Guerrero-Ibañez, J.A. Internet of vehicles: Architecture, protocols, and security. IEEE Internet"
39,1,0,1,0,10,67,URWPalladioL-Ital,8.966400146484375,56.97,697.23,210.32,706.34,697.23,135.55,56.97,384.96,"Things J. 2017 , 5 , 3701–3709. [ CrossRef ]"
39,0,0,1,0,20,67,URWPalladioL-Roma,8.966400146484375,36.0,708.89,559.28,717.88,708.89,124.01,36.0,36.0,"57. Kaiwartya, O.; Abdullah, A.H.; Cao, Y.; Altameem, A.; Prasad, M.; Lin, C.-T.; Liu, X. Internet of vehicles: Motivation, layered"
39,1,0,1,0,17,67,URWPalladioL-Roma,8.966400146484375,57.51,720.24,464.24,729.36,720.24,112.53,57.51,131.04,"architecture, network model, challenges, and future aspects. IEEE Access 2016 , 4 , 5356–5373. [ CrossRef ]"
39,0,0,1,0,24,67,URWPalladioL-Roma,8.966400146484375,36.0,731.9,559.28,740.89,731.9,101.0,36.0,36.0,"58. Ji, B.; Zhang, X.; Mumtaz, S.; Han, C.; Li, C.; Wen, H.; Wang, D. Survey on the internet of vehicles: Network architectures and"
39,1,0,1,0,13,67,URWPalladioL-Roma,8.966400146484375,57.51,743.25,320.18,752.37,743.25,89.52,57.51,275.09,"applications. IEEE Commun. Stand. Mag. 2020 , 4 , 34–41. [ CrossRef ]"
39,0,0,1,0,20,67,URWPalladioL-Roma,8.966400146484375,36.0,754.91,559.28,763.9,754.91,77.99,36.0,36.0,"59. Xu, C.; Liu, H.; Zhang, Y.; Wang, P. Mutual authentication for vehicular network in complex and uncertain driving. Neural"
39,1,0,1,0,10,67,URWPalladioL-Ital,8.966400146484375,57.22,766.27,225.51,775.39,766.27,66.5,57.22,369.77,"Comput. Applic. 2020 , 32 , 61–72. [ CrossRef ]"
40,1,0,1,0,6,87,URWPalladioL-Ital,7.970099925994873,35.78,53.77,110.39,61.88,53.77,780.01,35.78,484.88,"Sensors 2021 , 21 , 7927"
40,0,0,1,0,3,87,URWPalladioL-Roma,7.970099925994873,532.34,53.91,559.28,61.88,53.91,780.01,532.34,36.0,40 of 42
40,1,0,1,0,26,99,URWPalladioL-Roma,8.902616024017334,57.51,98.92,560.4,107.96,98.92,733.93,57.51,34.88,"Yang, F.; Li, J.; Lei, T.; Wang, S. Architecture and key technologies for Internet of Vehicles: A survey. J. Commun. Inf. Netw. 2017 , 2 ,"
40,0,0,1,0,63,67,URWPalladioL-Roma,8.966400146484375,36.0,110.53,560.4,165.55,110.53,676.34,36.0,34.88,"1–17. [ CrossRef ] 61. Alouache, L.; Nguyen, N.; Aliouat, M.; Chelouah, R. Toward a hybrid SDN architecture for V2V communication in IoV environment. In Proceedings of the 2018 Fifth International Conference on Software Deﬁned Systems (SDS), Barcelona, Spain, 23–26 April 2018; pp. 93–99. 62. Contreras-Castillo, J.; Zeadally, S.; Guerrero Ib ñez, J.A. A seven-layered model architecture for Internet of Vehicles. J. Inf."
40,1,0,1,0,9,67,URWPalladioL-Ital,8.966400146484375,56.97,167.91,203.31,177.03,167.91,664.86,56.97,391.97,"Telecommun. 2017 , 1 , 4–22. [ CrossRef ]"
40,0,0,1,0,18,67,URWPalladioL-Roma,8.966400146484375,36.0,179.57,560.39,188.56,179.57,653.33,36.0,34.88,"63. Darwish, T.S.J.; Bakar, K.A. Fog based intelligent transportation big data analytics in the internet of vehicles environment:"
40,1,0,1,0,16,67,URWPalladioL-Roma,8.966400146484375,57.51,190.92,457.72,200.04,190.92,641.85,57.51,137.56,"Motivations, architecture, challenges, and critical issues. IEEE Access 2018 , 6 , 15679–15701. [ CrossRef ]"
40,0,0,1,0,18,67,URWPalladioL-Roma,8.966400146484375,36.0,202.58,560.4,211.52,202.58,630.37,36.0,34.88,"64. Aggarwal, S.; Chaudhary, R.; Aujla, G.S.; Kumar, N.; Choo, K.-K.R.; Zomaya, A.Y. Blockchain for smart communities: Applications,"
40,1,0,1,0,15,67,URWPalladioL-Roma,8.966400146484375,57.51,213.94,376.14,223.06,213.94,618.83,57.51,219.13,"challenges and opportunities. J. Netw. Comput. Appl. 2019 , 144 , 13–48. [ CrossRef ]"
40,1,0,1,0,22,99,URWPalladioL-Roma,8.887548208236694,57.51,225.51,559.28,234.54,225.51,607.35,57.51,36.0,"Raikwar, M.; Gligoroski, D.; Kralevska, K. SoK of used cryptography in blockchain. IEEE Access 2019 , 7 , 148550–148575. [ CrossRef ]"
40,1,0,1,0,25,99,URWPalladioL-Roma,8.986544609069824,57.51,236.93,560.4,246.08,236.93,595.81,57.51,34.88,"Zhai, S.; Yang, Y.; Li, J.; Qiu, C.; Zhao, J. Research on the application of cryptography on the blockchain. J. Phys. Conf. Ser. 2019 ,"
40,0,0,1,0,7,67,URWPalladioL-Ital,8.966400146484375,36.0,248.46,148.4,269.08,248.46,572.81,36.0,446.88,"1168 , 32077. [ CrossRef ] 67."
40,1,0,1,0,22,67,URWPalladioL-Roma,8.966400146484375,57.52,259.96,506.25,269.08,259.96,572.81,57.52,89.02,"Zhang, S.; Lee, J.H. Analysis of the main consensus protocols of blockchain. ICT Express 2020 , 6 , 93–97. [ CrossRef ]"
40,0,0,1,0,64,67,URWPalladioL-Roma,8.966400146484375,36.0,271.62,560.85,315.14,271.62,526.75,36.0,34.43,"68. Zheng, Z.; Xie, S.; Dai, H.; Chen, X.; Wang, H. An overview of blockchain technology: Architecture, consensus, and future trends. In Proceedings of the 2017 IEEE 6th International Congress on Big Data, BigData Congress 2017, Honolulu, HI, USA, 25–30 June 2017; pp. 557–564. 69. Wazid, M.; Das, A.K.; Shetty, S.; Jo, M. A tutorial and future research for building a blockchain-based secure communication"
40,1,0,1,0,16,67,URWPalladioL-Roma,8.966400146484375,57.51,317.5,393.97,326.62,317.5,515.27,57.51,201.31,"scheme for internet of intelligent things. IEEE Access 2020 , 8 , 88700–88716. [ CrossRef ]"
40,0,0,1,0,23,67,URWPalladioL-Roma,8.966400146484375,36.0,329.16,559.28,338.15,329.16,503.74,36.0,36.0,"70. Mollah, M.B.; Zhao, J.; Niyato, D.; Guan, Y.L.; Yuen, C.; Sun, S.; Lam, K.Y.; Koh, L.H. Blockchain for the internet of vehicles"
40,1,0,1,0,18,67,URWPalladioL-Roma,8.966400146484375,57.51,340.51,477.35,349.63,340.51,492.26,57.51,117.92,"towards intelligent transportation systems: A survey. IEEE Internet Things J. 2021 , 8 , 4157–4185. [ CrossRef ]"
40,1,0,1,0,18,99,URWPalladioL-Roma,8.939447164535522,57.51,352.04,560.4,361.13,352.04,480.76,57.51,34.88,"Viriyasitavat, W.; Hoonsopon, D. Blockchain characteristics and consensus in modern business processes. J. Ind. Inf. Integr. 2019 ,"
40,0,0,1,0,7,67,URWPalladioL-Ital,8.966400146484375,36.0,363.53,139.43,384.15,363.53,457.74,36.0,455.84,"13 , 32–39. [ CrossRef ] 72."
40,1,0,1,0,16,67,URWPalladioL-Roma,8.966400146484375,57.52,375.03,368.29,384.15,375.03,457.74,57.52,226.99,"Begicheva, A.; Kofman, A. Fair proof of stake. Tech. Rep. 2018 , 1–13. [ CrossRef ]"
40,0,0,1,0,61,67,URWPalladioL-Roma,8.966400146484375,36.0,386.69,560.4,430.17,386.69,411.72,36.0,34.88,"73. Kumar, M.A.; Radhesyam, V.; Srinivasarao, B. Front-End IoT application for the bitcoin based on proof of elapsed time (PoET). In Proceedings of the 3rd International Conference on Inventive Systems and Control, ICISC 2019, Coimbatore, India, 10–11 January 2019; pp. 646–649. 74. Liu, Z.; Tang, S.; Chow, S.S.M.; Liu, Z.; Long, Y. Fork-free hybrid consensus with ﬂexible Proof-of-Activity. Futur. Gener. Comput."
40,1,0,1,0,9,67,URWPalladioL-Ital,8.966400146484375,57.26,432.57,191.98,441.69,432.57,400.2,57.26,403.3,"Syst. 2019 , 96 , 515–524. [ CrossRef ]"
40,0,0,1,0,35,67,URWPalladioL-Roma,8.966400146484375,36.0,444.23,560.4,476.21,444.23,365.68,36.0,34.88,"75. NEM, T. Nem Technical Reference. 2018. Available online: https//nem.io/wpcontent/themes/nem/ﬁles/NEM_techRef.pdf (accessed on 18 June 2021). 76. Jiang, S.; Wu, J. A game-theoretic approach to storage ofﬂoading in PoC-based mobile blockchain mining. Proc. Int. Symp. Mob."
40,1,0,1,0,12,67,URWPalladioL-Ital,8.966400146484375,57.19,478.59,255.37,487.71,478.59,354.18,57.19,339.91,"Ad Hoc Netw. Comput. 2020 , 1 , 171–180. [ CrossRef ]"
40,0,0,1,0,89,67,URWPalladioL-Roma,8.966400146484375,36.0,490.25,560.4,568.26,490.25,273.63,36.0,34.88,"77. Karantias, K.; Kiayias, A.; Zindros, D. Proof-of-Burn BT—Financial Cryptography and Data Security ; Springer: Berlin/Heidelberg, Germany, 2020; pp. 523–540. 78. Li, K.; Li, H.; Hou, H.; Li, K.; Chen, Y. Proof of vote: A high-performance consensus protocol based on vote mechanism & consortium blockchain. In Proceedings of the IEEE 19th Intl Conference on High Performance Computing and Communications, HPCC 2017, IEEE 15th Intl Conference on Smart City, SmartCity 2017 and IEEE 3rd Intl Conference on Data Science and Systems, DSS, Bangkok, Thailand, 18–20 December 2017; pp. 466–473. 79."
40,1,0,1,0,18,99,URWPalladioL-Roma,8.908994436264038,57.51,559.2,560.4,568.24,559.2,273.65,57.51,34.88,"Niranjanamurthy, M.; Nithya, B.N.; Jagannatha, S. Analysis of blockchain technology: Pros, cons and SWOT. Clust. Comput. 2019 ,"
40,0,0,1,0,155,67,URWPalladioL-Ital,8.966400146484375,36.0,570.65,560.4,683.34,570.65,158.55,36.0,34.88,"22 , 14743–14757. [ CrossRef ] 80. Vujiˇci´c, D.; Jagodi´c, D.; Ran ¯di´c, S. Blockchain technology, bitcoin, and Ethereum: A brief overview. In Proceedings of the 2018 17th International Symposium Infoteh-Jahorina (Infoteh), East Sarajevo, Bosnia and Herzegovina, 21–23 March 2018; pp. 1–6. 81. Lee, X.T.; Khan, A.; Sen Gupta, S.; Ong, Y.H.; Liu, X. Measurements, analyses, and insights on the entire ethereum blockchain network. In Proceedings of the Web Conference 2020, New York, NY, USA, 20–24 April 2020; pp. 155–166. 82. Cachin, C. Architecture of the hyperledger blockchain fabric. In Proceedings of the Workshop on Distributed Cryptocurrencies and Consensus Ledgers, Chicago, IL, USA, 25 July 2016; Volume 310. 83. Benji, M.; Sindhu, M. A study on the Corda and Ripple blockchain platforms. In Advances in Big Data and Cloud Computing ; Springer: Berlin/Heidelberg, Germany, 2019; pp. 179–187. 84. Liu, M.; Wu, K.; Xu, J.J. How will blockchain technology impact auditing and accounting: Permissionless versus permissioned"
40,1,0,1,0,12,67,URWPalladioL-Roma,8.966400146484375,57.51,685.72,297.11,694.84,685.72,147.05,57.51,298.16,"blockchain. Curr. Issues Audit. 2019 , 13 , A19–A29. [ CrossRef ]"
40,0,0,1,0,60,67,URWPalladioL-Roma,8.966400146484375,36.0,697.38,560.4,740.85,697.38,101.04,36.0,34.87,"85. Tripathi, G.; Ahad, M.A.; Sathiyanarayanan, M. The Role of Blockchain in Internet of Vehicles (IoV): Issues, challenges and opportunities. In Proceedings of the 2019 International Conference on contemporary Computing and Informatics (IC3I), Singapore, 12–14 December 2019; pp. 26–31. 86. Ali, M.S.; Vecchio, M.; Pincheira, M.; Dolui, K.; Antonelli, F.; Rehmani, M.H. Applications of blockchains in the internet of things:"
40,1,0,1,0,15,67,URWPalladioL-Roma,8.966400146484375,57.17,743.25,390.14,752.37,743.25,89.52,57.17,205.14,"A comprehensive survey. IEEE Commun. Surv. Tutor. 2019 , 21 , 1676–1717. [ CrossRef ]"
40,1,0,1,0,22,99,URWPalladioL-Roma,8.891303062438965,57.51,754.83,560.84,763.85,754.83,78.04,57.51,34.43,"Hasrouny, H.; Samhat, A.E.; Bassil, C.; Laouiti, A. VANet security challenges and solutions: A survey. Veh. Commun. 2017 , 7 , 7–20."
40,0,0,1,0,3,67,URWPalladioL-Roma,8.966400146484375,57.51,766.42,98.99,775.39,766.42,66.5,57.51,496.28,[ CrossRef ]
41,1,0,1,0,6,87,URWPalladioL-Ital,7.970099925994873,35.78,53.77,110.39,61.88,53.77,780.01,35.78,484.88,"Sensors 2021 , 21 , 7927"
41,0,0,1,0,3,87,URWPalladioL-Roma,7.970099925994873,532.34,53.91,559.28,61.88,53.91,780.01,532.34,36.0,41 of 42
41,0,0,1,0,20,67,URWPalladioL-Roma,8.966400146484375,36.0,99.02,559.27,107.98,99.02,733.91,36.0,36.0,"88. Qureshi, K.N.; Din, S.; Jeon, G.; Piccialli, F. Internet of vehicles: Key technologies, network model, solutions and challenges with"
41,1,0,1,0,15,67,URWPalladioL-Roma,8.966400146484375,57.51,110.37,363.02,119.49,110.37,722.4,57.51,232.26,"future aspects. IEEE Trans. Intell. Transp. Syst. 2021 , 22 , 1777–1786. [ CrossRef ]"
41,1,0,1,0,22,99,URWPalladioL-Roma,8.891303062438965,57.51,121.95,560.84,130.98,121.95,710.91,57.51,34.43,"Sharma, S.; Kaushik, B. A survey on internet of vehicles: Applications, security issues & solutions. Veh. Commun. 2019 , 20 , 100182."
41,0,0,1,0,27,67,URWPalladioL-Roma,8.966400146484375,36.0,133.54,560.4,154.0,133.54,687.89,36.0,34.88,"[ CrossRef ] 90. Garg, T.; Kagalwalla, N.; Churi, P.; Pawar, A.; Deshmukh, S. A survey on security and privacy issues in IoV. Int. J. Electr. Comput."
41,1,0,1,0,9,67,URWPalladioL-Ital,8.966400146484375,57.24,156.4,199.92,165.52,156.4,676.37,57.24,395.36,"Eng. 2020 , 10 , 5409–5419. [ CrossRef ]"
41,0,0,1,0,17,67,URWPalladioL-Roma,8.966400146484375,36.0,168.06,560.85,177.02,168.06,664.87,36.0,34.43,"91. Abu Talib, M.; Abbas, S.; Nasir, Q.; Mowakeh, M.F. Systematic literature review on Internet-of-Vehicles communication security."
41,1,0,1,0,12,67,URWPalladioL-Ital,8.966400146484375,57.51,179.42,236.36,188.53,179.42,653.36,57.51,358.92,"Int. J. Distrib. Sens. Netw. 2018 , 14 . [ CrossRef ]"
41,0,0,1,0,64,67,URWPalladioL-Roma,8.966400146484375,36.0,191.08,559.28,234.59,191.08,607.3,36.0,36.0,"92. Abdus, S.; Shadab, A.; Mohammed, S.; Bokhari, M.U. Internet of Vehicles (IoV) requirements, attacks and countermeasures. In Proceedings of the 5 International Conference on ""Computing for Sustainable Global Development"", New Delhi, India, 14–16 March 2018; pp. 4037–4040. 93. Sun, Y.; Wu, L.; Wu, S.; Li, S.; Zhang, T.; Zhang, L.; Xu, J.; Xiong, Y.; Cui, X. Attacks and countermeasures in the internet of"
41,1,0,1,0,11,67,URWPalladioL-Roma,8.966400146484375,57.26,236.95,279.9,246.07,236.95,595.82,57.26,315.38,"vehicles. Ann. Telecommun. 2017 , 72 , 283–295. [ CrossRef ]"
41,0,0,1,0,51,67,URWPalladioL-Roma,8.966400146484375,36.0,248.61,560.39,292.1,248.61,549.79,36.0,34.88,"94. Sun, Y.; Wu, L.; Wu, S.; Li, S.; Zhang, T.; Zhang, L.; Xu, J.; Xiong, Y. Security and privacy in the internet of vehicles. In Proceedings of the 2015 International Conference on Identiﬁcation, Information, and Knowledge in the Internet of Things (IIKI), Beijing, China, 22–23 October 2015; pp. 116–121. 95."
41,1,0,1,0,25,99,URWPalladioL-Roma,8.891303062438965,57.51,283.04,560.85,292.07,283.04,549.82,57.51,34.43,"Qu, F.; Wu, Z.; Wang, F.-Y.; Cho, W. A security and privacy review of VANETs. IEEE Trans. Intell. Transp. Syst. 2015 , 16 , 2985–2996."
41,0,0,1,0,20,67,URWPalladioL-Roma,8.966400146484375,36.0,294.64,559.46,315.09,294.64,526.8,36.0,35.82,"[ CrossRef ] 96. Aouzellag, H.; Ghedamsi, K.; Aouzellag, D. Energy management and fault tolerant control strategies for fuel cell/ultra-capacitor"
41,1,0,1,0,23,99,URWPalladioL-Roma,9.0407501856486,57.51,317.43,560.4,326.64,317.43,515.25,57.51,34.88,"hybrid electric vehicles to enhance autonomy, efﬁciency and life time of the fuel cell system. Int. J. Hydrogen Energy 2015 , 40 ,"
41,0,0,1,0,46,67,URWPalladioL-Roma,8.966400146484375,36.0,329.16,560.4,372.67,329.16,469.22,36.0,34.88,"7204–7213. [ CrossRef ] 97. Wu, W.; Yang, Z.; Li, K. Internet of Vehicles and applications. In Internet of Things ; Elsevier: Amsterdam, The Netherlands, 2016; pp. 299–317. 98. Al-Jarrah, O.Y.; Maple, C.; Dianati, M.; Oxtoby, D.; Mouzakitis, A. Intrusion detection systems for intra-vehicle networks: A"
41,1,0,1,0,11,67,URWPalladioL-Roma,8.966400146484375,57.51,375.03,264.17,384.15,375.03,457.74,57.51,331.1,"review. IEEE Access 2019 , 7 , 21266–21289. [ CrossRef ]"
41,0,0,1,0,21,67,URWPalladioL-Roma,8.966400146484375,36.0,386.69,559.27,395.66,386.69,446.23,36.0,36.0,"99. Sakiz, F.; Sen, S. A survey of attacks and detection mechanisms on intelligent transportation systems: VANETs and IoV. Ad Hoc"
41,1,0,1,0,9,67,URWPalladioL-Ital,8.966400146484375,57.51,398.05,186.75,407.17,398.05,434.72,57.51,408.53,"Netw. 2017 , 61 , 33–50. [ CrossRef ]"
41,0,0,1,0,59,99,URWPalladioL-Roma,8.97535753250122,36.0,409.69,560.4,453.19,409.69,388.7,36.0,34.88,"100. Hao, Y.; Tang, J.; Cheng, Y. Cooperative Sybil attack detection for position based applications in privacy preserved VANETs. In Proceedings of the 2011 IEEE Global Telecommunications Conference-GLOBECOM 2011, Houston, TX, USA, 5–9 December 2011; pp. 1–5. 101. Lee, B.; Jeong, E.; Jung, I. A DTSA (detection technique against a sybil attack) protocol using SKC (session key based certiﬁcate)"
41,1,0,1,0,12,67,URWPalladioL-Roma,8.966400146484375,57.51,455.58,239.18,464.7,455.58,377.19,57.51,356.09,"on VANET. Int. J. Secur. Its Appl. 2013 , 7 , 1–10."
41,0,0,1,0,22,99,URWPalladioL-Roma,8.975359598795572,36.0,467.08,560.4,476.21,467.08,365.68,36.0,34.88,"102. Feng, X.; Li, C.; Chen, D.; Tang, J. A method for defensing against multi-source Sybil attacks in VANET. Peer-to-Peer Netw. Appl."
41,1,0,1,0,8,67,URWPalladioL-Bold,8.966400146484375,57.51,478.59,171.26,487.71,478.59,354.18,57.51,424.01,"2017 , 10 , 305–314. [ CrossRef ]"
41,0,0,1,0,22,99,URWPalladioL-Roma,8.97834332784017,36.0,490.09,559.27,499.23,490.09,342.66,36.0,36.0,"103. Chang, S.; Qi, Y.; Zhu, H.; Zhao, J.; Shen, X. Footprint: Detecting Sybil attacks in urban vehicular networks. IEEE Trans. Parallel"
41,1,0,1,0,10,67,URWPalladioL-Ital,8.966400146484375,57.17,501.61,231.94,510.73,501.61,331.16,57.17,363.34,"Distrib. Syst. 2012 , 23 , 1103–1114. [ CrossRef ]"
41,0,0,1,0,135,99,URWPalladioL-Roma,8.943927764892578,36.0,513.27,560.84,614.31,513.27,227.58,36.0,34.43,"104. Studer, A.; Luk, M.; Perrig, A. Efﬁcient mechanisms to provide convoy member and vehicle sequence authentication in VANETs. In Proceedings of the 2007 Third International Conference on Security and Privacy in Communications Networks and the Workshops-SecureComm 2007, Nice, France, 17–21 September 2007; pp. 422–432. 105. He, L.; Zhu, W.T. Mitigating DoS attacks against signature-based authentication in VANETs. In Proceedings of the 2012 IEEE International Conference on Computer Science and Automation Engineering (CSAE), Zhangjiajie, China, 25–27 May 2012; Volume 3, pp. 261–265. 106. Al-Kahtani, M.S. Survey on security attacks in vehicular ad hoc networks (VANETs). In Proceedings of the 2012 6th International Conference on Signal Processing and Communication Systems, Gold Coast, Australia, 12–14 December 2012; pp. 1–9. 107. Xie, Y.; Wu, L.; Shen, J.; Alelaiwi, A. EIAS-CP: New efﬁcient identity-based authentication scheme with conditional privacy-"
41,1,0,1,0,13,67,URWPalladioL-Roma,8.966400146484375,57.25,616.68,339.86,625.8,616.68,216.09,57.25,255.41,"preserving for VANETs. Telecommun. Syst. 2017 , 65 , 229–240. [ CrossRef ]"
41,0,0,1,0,55,99,URWPalladioL-Roma,8.957424640655518,36.0,628.34,560.4,671.85,628.34,170.04,36.0,34.88,"108. Saﬁ, S.M.; Movaghar, A.; Mohammadizadeh, M. A novel approach for avoiding wormhole attacks in VANET. In Proceedings of the 2009 Second International Workshop on Computer Science and Engineering, Qingdao, China, 28–30 October 2009; Volume 2, pp. 160–165. 109. Biswas, S.; Miši´c, J. A cross-layer approach to privacy-preserving authentication in WAVE-enabled VANETs. IEEE Trans. Veh."
41,1,0,1,0,9,67,URWPalladioL-Ital,8.966400146484375,56.97,674.21,212.27,683.33,674.21,158.56,56.97,383.01,"Technol. 2013 , 62 , 2182–2192. [ CrossRef ]"
41,0,0,1,0,52,99,URWPalladioL-Roma,8.973119735717773,36.0,685.86,559.28,717.88,685.86,124.01,36.0,36.0,"110. Adjih, C.; Raffo, D.; Muhlethaler, P. Attacks against OLSR: Distributed key management for security. In Proceedings of the 2nd OLSR Interop/Workshop, Palaiseau, France, 28 August 2005; Volume 14, pp. 1–5. 111. Wang, X.; Zeng, P.; Patterson, N.; Jiang, F.; Doss, R. An improved authentication scheme for internet of vehicles based on"
41,1,0,1,0,12,67,URWPalladioL-Roma,8.966400146484375,57.51,720.24,326.07,729.36,720.24,112.53,57.51,269.21,"blockchain technology. IEEE Access 2019 , 7 , 45061–45072. [ CrossRef ]"
41,0,0,1,0,20,99,URWPalladioL-Roma,8.964158058166504,36.0,731.9,559.27,740.86,731.9,101.03,36.0,36.0,"112. Xu, Z.; Liang, W.; Li, K.C.; Xu, J.; Jin, H. A blockchain-based Roadside Unit-assisted authentication and key agreement protocol"
41,1,0,1,0,16,67,URWPalladioL-Roma,8.966400146484375,57.51,743.25,364.67,752.37,743.25,89.52,57.51,230.61,"for Internet of Vehicles. J. Parallel Distrib. Comput. 2021 , 149 , 29–39. [ CrossRef ]"
41,0,0,1,0,23,99,URWPalladioL-Roma,9.008790493011475,36.0,754.85,559.28,763.9,754.85,77.99,36.0,36.0,"113. Yang, F.; Zhou, W.; Wu, Q.; Long, R.; Xiong, N.N.; Zhou, M. Delegated proof of stake with downgrade: A secure and efﬁcient"
41,1,0,1,0,16,67,URWPalladioL-Roma,8.966400146484375,57.51,766.27,490.11,775.39,766.27,66.5,57.51,105.16,"blockchain consensus algorithm with downgrade mechanism. IEEE Access 2019 , 7 , 118541–118555. [ CrossRef ]"
42,1,0,1,0,6,87,URWPalladioL-Ital,7.970099925994873,35.78,53.77,110.39,61.88,53.77,780.01,35.78,484.88,"Sensors 2021 , 21 , 7927"
42,0,0,1,0,3,87,URWPalladioL-Roma,7.970099925994873,532.34,53.91,559.28,61.88,53.91,780.01,532.34,36.0,42 of 42
42,0,0,1,0,77,99,URWPalladioL-Roma,8.898812770843506,36.0,98.93,559.27,154.02,98.93,687.87,36.0,36.0,"114. Blanchet, B. Proverif Automatic Cryptographic Protocol Veriﬁer User Manual ; CNRS: Paris, France; Departement dInformatique, Ecole Normale Superieure: Paris, France, 2005. 115. Sharma, R.; Chakraborty, S. BlockAPP: Using blockchain for authentication and privacy preservation in IoV. In Proceedings of the IEEE Globecom Workshops (GC Wkshps), Abu Dhabi, United Arab Emirates, 9–13 December 2018; pp. 1–6. [ CrossRef ] 116. Ahirwal, R.R.; Ahke, M. Elliptic curve difﬁe-hellman key exchange algorithm for securing hypertext information on wide area"
42,1,0,1,0,12,67,URWPalladioL-Roma,8.966400146484375,57.51,156.4,282.96,165.52,156.4,676.37,57.51,312.32,"network. Int. J. Comput. Sci. Inf. Technol. 2013 , 4 , 363–368."
42,0,0,1,0,65,99,URWPalladioL-Roma,9.01101016998291,36.0,168.0,560.77,211.55,168.0,630.34,36.0,34.51,"117. Malik, N.; Nanda, P.; Arora, A.; He, X.; Puthal, D. Blockchain based secured identity authentication and expeditious revo- cation framework for vehicular networks. In Proceedings of the 17th IEEE International Conference on Trust, Security and Privacy in Computing and Communications and 12th IEEE International Conference on Big Data Science and Engineering, Trustcom/BigDataSE, New York, NY, USA, 1–3 August 2018; pp. 674–679. [ CrossRef ]"
42,1,0,1,0,23,99,URWPalladioL-Roma,8.94073063986642,36.0,213.96,560.84,223.06,213.96,618.83,36.0,34.43,"118. Khalique, A.; Singh, K.; Sood, S. Implementation of elliptic curve digital signature algorithm. Int. J. Comput. Appl. 2010 , 2 , 21–27."
42,0,0,1,0,3,67,URWPalladioL-Roma,8.966400146484375,57.51,225.6,98.99,234.56,225.6,607.33,57.51,496.28,[ CrossRef ]
42,1,0,1,0,18,99,URWPalladioL-Roma,9.003928184509277,36.0,236.9,560.4,246.09,236.9,595.8,36.0,34.88,"119. Noh, J.; Jeon, S.; Cho, S. Distributed blockchain-based message authentication scheme for connected vehicles. Electronics 2020 ,"
42,0,0,1,0,24,67,URWPalladioL-Ital,8.966400146484375,36.0,248.46,560.84,269.09,248.46,572.8,36.0,34.43,"9 , 74. [ CrossRef ] 120. Kamal, M.; Srivastava, G.; Tariq, M. Blockchain-based lightweight and secured V2V communication in the internet of vehicles."
42,1,0,1,0,13,67,URWPalladioL-Ital,8.966400146484375,57.51,271.47,302.68,280.59,271.47,561.3,57.51,292.59,"IEEE Trans. Intell. Transp. Syst. 2020 , 22 , 3997–4004. [ CrossRef ]"
42,0,0,1,0,46,99,URWPalladioL-Roma,9.033315181732178,36.0,282.91,560.4,315.11,282.91,526.78,36.0,34.88,"121. Benesty, J.; Chen, J.; Huang, Y.; Cohen, I. Pearson correlation coefﬁcient. In Noise Reduction in Speech Processing ; Springer: Berlin/Heidelberg, Germany, 2009; pp. 1–4. 122. Javaid, U.; Aman, M.N.; Sikdar, B. A scalable protocol for driving trust management in internet of vehicles with blockchain. IEEE"
42,1,0,1,0,11,67,URWPalladioL-Ital,8.966400146484375,57.51,317.5,251.47,326.62,317.5,515.27,57.51,343.81,"Internet Things J. 2020 , 7 , 11815–11829. [ CrossRef ]"
42,0,0,1,0,19,99,URWPalladioL-Roma,8.912357330322266,36.0,329.06,560.4,338.12,329.06,503.77,36.0,34.88,"123. Bagga, P.; Sutrala, A.K.; Das, A.K.; Vijayakumar, P. Blockchain-based batch authentication protocol for Internet of Vehicles. J. Syst."
42,1,0,1,0,9,67,URWPalladioL-Ital,8.966400146484375,57.19,340.51,199.37,349.63,340.51,492.26,57.19,395.9,"Archit. 2021 , 113 , 101877. [ CrossRef ]"
42,0,0,1,0,18,99,URWPalladioL-Roma,8.988759994506836,36.0,352.14,559.28,361.15,352.14,480.74,36.0,36.0,"124. Vangala, A.; Bera, B.; Saha, S.; Das, A.K.; Kumar, N.; Park, Y.H. Blockchain-enabled certiﬁcate-based authentication for vehicle"
42,1,0,1,0,19,67,URWPalladioL-Roma,8.966400146484375,57.51,363.53,536.41,372.64,363.53,469.25,57.51,58.86,"accident detection and notiﬁcation in intelligent transportation systems. IEEE Sens. J. 2020 , 1748 , 15824–15838. [ CrossRef ]"
42,0,0,1,0,17,99,URWPalladioL-Roma,8.955177783966064,36.0,375.19,559.27,384.15,375.19,457.74,36.0,36.0,"125. Lin, C.; He, D.; Huang, X.; Kumar, N.; Choo, K.-K.R. BCPPA: A blockchain-based conditional privacy-preserving authentication"
42,1,0,1,0,17,67,URWPalladioL-Roma,8.966400146484375,57.25,386.54,425.57,395.66,386.54,446.23,57.25,169.7,"protocol for vehicular ad hoc networks. IEEE Trans. Intell. Transp. Syst. 2020 , 1–13. [ CrossRef ]"
42,0,0,1,0,22,99,URWPalladioL-Roma,9.01101016998291,36.0,398.14,559.28,407.19,398.14,434.7,36.0,36.0,"126. Ma, Z.; Zhang, J.; Guo, Y.; Liu, Y.; Liu, X.; He, W. An efﬁcient decentralized key management mechanism for VANET with"
42,1,0,1,0,13,67,URWPalladioL-Roma,8.966400146484375,57.51,409.55,326.52,418.67,409.55,423.22,57.51,268.75,"blockchain. IEEE Trans. Veh. Technol. 2020 , 69 , 5836–5849. [ CrossRef ]"
42,0,0,1,0,19,99,URWPalladioL-Roma,9.016995747884115,36.0,421.0,559.28,430.2,421.0,411.69,36.0,36.0,"127. Lu, Z.; Wang, Q.; Qu, G.; Zhang, H.; Liu, Z. A blockchain-based privacy-preserving authentication scheme for VANETs. IEEE"
42,1,0,1,0,14,67,URWPalladioL-Ital,8.966400146484375,56.97,432.57,315.56,441.69,432.57,400.2,56.97,279.72,"Trans. Very Large Scale Integr. Syst. 2019 , 27 , 2792–2801. [ CrossRef ]"
42,0,0,1,0,20,99,URWPalladioL-Roma,8.955177783966064,36.0,444.23,559.27,453.19,444.23,388.7,36.0,36.0,"128. Hu, W.; Hu, Y.; Yao, W.; Li, H. A blockchain-based byzantine consensus algorithm for information authentication of the internet"
42,1,0,1,0,35,67,URWPalladioL-Roma,8.966400146484375,36.0,455.58,560.84,476.23,455.58,365.66,36.0,34.43,"of vehicles. IEEE Access 2019 , 7 , 139703–139711. [ CrossRef ] 129. Cooper, M.C.; Herzig, A.; Maffre, F.; Maris, F.; R gnier, P. The epistemic gossip problem. Discrete Math. 2019 , 342 , 654–663."
42,0,0,1,0,21,67,URWPalladioL-Roma,8.966400146484375,36.0,478.75,559.27,499.24,478.75,342.65,36.0,36.0,"[ CrossRef ] 130. Yao, Y.; Chang, X.; Misic, J.; Misic, V.B.; Li, L. BLA: Blockchain-assisted lightweight anonymous authentication for distributed"
42,1,0,1,0,15,67,URWPalladioL-Roma,8.966400146484375,57.26,501.61,354.88,510.73,501.61,331.16,57.26,240.39,"vehicular fog services. IEEE Internet Things J. 2019 , 6 , 3775–3784. [ CrossRef ]"
42,0,0,1,0,17,99,URWPalladioL-Roma,8.9326491355896,36.0,513.27,559.46,522.23,513.27,319.66,36.0,35.82,"131. Kaur, K.; Garg, S.; Kaddoum, G.; Gagnon, F.; Ahmed, S.H. Blockchain-based lightweight authentication mechanism for vehicular"
42,1,0,1,0,9,67,URWPalladioL-Roma,8.966400146484375,57.51,524.62,314.23,533.74,524.62,308.15,57.51,281.05,"fog infrastructure. arXiv 2019 , arXiv:1904.01168v1, 2019, 1–6, 1–6."
42,0,0,1,0,18,99,URWPalladioL-Roma,8.934906959533691,36.0,536.28,559.28,545.25,536.28,296.64,36.0,36.0,"132. Feng, Q.; He, D.; Zeadally, S.; Liang, K. BPAS: Blockchain-assisted privacy-preserving authentication system for vehicular ad hoc"
42,1,0,1,0,13,67,URWPalladioL-Roma,8.966400146484375,57.51,547.64,316.9,556.75,547.64,285.14,57.51,278.37,"networks. IEEE Trans. Ind. Inform. 2020 , 16 , 4146–4155. [ CrossRef ]"
42,0,0,1,0,19,99,URWPalladioL-Roma,9.01101016998291,36.0,559.23,560.77,568.29,559.23,273.6,36.0,34.51,"133. Salah, M.; Amine, M.; Friha, O.; Maglaras, L. EASBF: An efﬁcient authentication scheme over blockchain for fog computing-"
42,1,0,1,0,33,67,URWPalladioL-Roma,8.966400146484375,36.0,570.65,560.85,591.3,570.65,250.59,36.0,34.43,"enabled internet of vehicles. J. Inf. Secur. Appl. 2021 , 59 , 102802. 134. Koblitz, N.; Menezes, A.J. The random oracle model: A twenty-year retrospective. Des. Codes Cryptogr. 2015 , 77 , 587–610."
42,0,0,1,0,78,67,URWPalladioL-Roma,8.966400146484375,36.0,593.82,560.4,660.33,593.82,181.56,36.0,34.88,"[ CrossRef ] 135. Armando, A.; Basin, D.; Boichut, Y.; Chevalier, Y.; Compagna, L.; Cu llar, J.; Drielsma, P.H.; H am, P.-C.; Kouchnarenko, O.; Mantovani, J. The AVISPA tool for the automated validation of internet security protocols and applications. In Proceedings of the International Conference on Computer Aided Veriﬁcation, Edinburgh, UK, 6–10 July 2005; Springer: Berlin/Heidelberg, Germany, 2005; pp. 281–285. 136. Wang, L.; Zheng, D.; Guo, R.; Hu, C.; Jing, C. A blockchain-based privacy-preserving authentication scheme with anonymous"
42,1,0,1,0,37,67,URWPalladioL-Roma,8.966400146484375,36.0,662.7,560.85,683.36,662.7,158.53,36.0,34.43,"identity in vehicular networks. Int. J. Netw. Secur. 2020 , 22 , 981–990. [ CrossRef ] 137. Tan, H.; Chung, I. Secure authentication and key management with blockchain in VANETs. IEEE Access 2020 , 8 , 2482–2498."
42,0,0,1,0,67,67,URWPalladioL-Roma,8.966400146484375,36.0,685.87,560.39,752.37,685.87,89.52,36.0,34.88,"[ CrossRef ] 138. Pei, D.; Salomaa, A.; Ding, C. Chinese Remainder Theorem: Applications in Computing, Coding, Cryptography ; World Scientiﬁc: Singapore, 1996; ISBN 981449836X. 139. Zhang, Y.; Tong, F.; Xu, Y.; Tao, J.; Cheng, G. A privacy-preserving authentication scheme for VANETs based on consortium blockchain. In Proceedings of the 2020 IEEE 92nd Vehicular Technology Conference (VTC2020-Fall), Victoria, BC, Canada, 18 November–16 December 2020. [ CrossRef ]"
