page_number,is_bold,is_italic,is_underline,is_all_caps,word_count,norm_font_size,font,font_size,x0,y0,x1,y1,space_above,space_below,space_left,space_right,text
1,0,0,1,0,3,3,ArialMT,10.0,42.52,57.94,149.78,71.23,57.94,770.66,42.52,445.5,IET Information Security
1,1,0,1,0,6,1,Arial-BoldMT,18.0,42.52,114.99,434.65,160.06,114.99,681.83,42.52,160.62,Secure hierarchical authentication protocol in VANET
1,0,0,1,1,24,6,ArialMT,7.0,439.37,117.59,547.54,180.89,117.59,661.0,439.37,47.74,ISSN 1751-8709 Received on 16th May 2019 Revised 25th August 2019 Accepted on 26th September 2019 E-First on 12th November 2019 doi: 10.1049/iet-ifs.2019.0249 www.ietdl.org
1,0,1,1,0,7,4,Arial-ItalicMT,9.0,42.52,187.81,152.97,202.34,187.81,639.55,42.52,442.31,"Xuelian Li 1,2 , Yue Han 1"
1,0,1,1,0,8,4,Arial-ItalicMT,9.0,161.31,187.81,271.81,202.34,187.81,639.55,161.31,323.46,", Juntao Gao 3 , Jie Niu 1"
1,0,1,1,0,42,6,Arial-ItalicMT,7.0,42.52,202.35,438.95,235.28,202.35,606.61,42.52,156.33,"1 School of Mathematics and Statistics, Xidian University, Xi'an, Shaanxi, People's Republic of China 2 Guangxi Key Laboratory of Cryptography and Information Security, Guilin, Guangxi, People's Republic of China 3 School of Telecommunications Engineering, Xidian University, Xi'an, Shaanxi, People's Republic of China"
1,1,1,1,0,18,4,Arial-BoldMT,9.0,42.52,254.57,552.73,267.11,254.57,574.78,42.52,42.55,"Abstract: The 5G technology will promote the development of vehicle ad hoc networks (VANET). However, almost all the"
1,0,0,1,0,108,4,ArialMT,9.0,42.51,264.68,552.76,336.64,264.68,505.25,42.51,42.52,"existing authentication protocols rely on a completely trusted authority (TA), which undoubtedly raises a heavy burden on the TA. On the other hand, these protocols can rarely resist some special attacks, such as registration authority leaks registration information attack and ephemeral secret leakage attack. To address these problems, based on the self-certified public keys and Schnorr signatures, the authors propose a hierarchical revocable authentication protocol in VANET. The proposed protocol is provably secure in the random oracle model under the Diffie-Hellman assumption. Performance analysis illustrates that the protocol greatly saves computation resources and satisfies the well-known security requirements. Therefore, the proposed protocol is suitable for the VANET environment."
1,0,1,1,0,11,11,TimesNewRomanPSMT,7.5,74.31,376.63,229.46,388.44,376.63,453.45,74.31,365.82,admissible bilinear map from G 1 G 1 to G 2
1,0,1,1,0,5,11,TimesNewRomanPSMT,7.666666666666667,74.31,387.19,152.17,398.99,387.19,442.9,74.31,443.11,generator of group G 1
1,0,0,1,0,10,11,TimesNewRomanPSMT,7.666666666666667,42.52,397.74,229.76,420.6,397.74,421.29,42.52,365.52,system private key of central authority TA 1 P pub
1,0,1,1,0,11,11,TimesNewRomanPSMT,8.564999977747599,42.52,408.29,223.5,431.35,408.29,410.54,42.52,371.77,system public key defined by P pub = s P U
1,0,1,1,0,16,4,TimesNewRomanPSMT,9.0,74.31,419.39,286.33,441.65,419.39,400.24,74.31,308.94,"participant U ∈{ C , S } , where C and S denote vehicle and RSUs"
1,0,1,1,1,2,11,STIX-Regular,7.694999933242798,42.52,442.03,56.63,451.99,442.03,389.9,42.52,538.65,ID U
1,0,1,1,0,5,4,TimesNewRomanPSMT,9.0,74.31,439.69,176.77,451.65,439.69,390.24,74.31,418.51,real identity of participant U
1,0,1,1,1,2,11,STIX-Regular,7.694999933242798,42.52,453.28,61.64,463.24,453.28,378.65,42.52,533.63,PID U
1,0,1,1,0,5,4,TimesNewRomanPSMT,9.0,74.31,450.94,204.78,462.9,450.94,378.99,74.31,390.49,anonymous identity of participant U
1,0,1,1,0,5,4,TimesNewRomanPSMT,9.0,74.3,462.19,173.77,474.15,462.19,367.74,74.3,421.5,private key of participant U
1,0,1,1,0,5,4,TimesNewRomanPSMT,9.0,74.31,473.43,164.78,485.4,473.43,356.49,74.31,430.49,time key of participant U
1,0,1,1,1,2,6,STIX-Italic,7.0,42.63,487.0,51.74,496.43,487.0,345.46,42.63,543.54,H 1
1,0,0,1,0,3,4,TimesNewRomanPSMT,9.0,74.31,484.84,172.31,496.64,484.84,345.25,74.31,422.96,map-to-point hash function
1,0,0,1,0,4,4,TimesNewRomanPSMT,9.0,74.31,495.39,185.04,507.2,495.39,334.69,74.31,410.24,general one-way hash function
1,0,0,1,1,2,6,STIX-Regular,7.0,42.52,508.82,57.52,518.24,508.82,323.65,42.52,537.75,CA 1
1,0,0,1,0,4,4,TimesNewRomanPSMT,9.0,74.31,506.64,192.06,518.45,506.64,323.44,74.31,403.22,single top-layer central authority
1,0,0,1,1,2,6,STIX-Regular,7.0,42.52,519.38,57.52,528.79,519.38,313.1,42.52,537.75,RA 2
1,0,0,1,0,4,4,TimesNewRomanPSMT,9.0,74.31,517.19,236.07,529.0,517.19,312.89,74.31,359.21,multiple second-layer registration authorities
1,0,0,1,1,3,11,STIX-Regular,6.796666622161865,42.52,529.93,64.26,540.94,529.93,300.95,42.52,531.01,RA ID 2
1,0,0,1,0,5,4,TimesNewRomanPSMT,9.0,74.31,527.74,237.82,539.55,527.74,302.34,74.31,357.46,identity of second-layer registration authority
1,0,1,1,1,3,11,STIX-Italic,6.796666622161865,42.52,542.06,64.31,554.34,542.06,287.55,42.52,530.96,P RA ID2
1,0,0,1,0,6,4,TimesNewRomanPSMT,9.0,74.31,539.89,248.05,551.7,539.89,290.19,74.31,347.22,public key of second-layer registration authority
1,0,1,1,0,72,4,TimesNewRomanPSMT,9.0,42.52,581.14,286.4,673.1,581.14,168.79,42.52,308.87,"With the continuous exploration of 5G technology, the vehicle ad hoc network (VANET) has been further developed. 5G, short for the 5th generation mobile networks, is the latest development in cellular technology to increase the speed of wireless networks. The international organisations are deeply involved in the 5G standardisation work now. The 3rd Generation Partnership Project defined three 5G application scenarios, including eMBB (enhanced Mobile Broadband), URLLC (Ultra Reliable Low Latency Communications)"
1,0,0,1,0,21,4,TimesNewRomanPSMT,9.0,42.52,661.3,286.36,703.1,661.3,138.79,42.52,308.92,"Type Communications). In short, 5G will bring users higher bandwidth rates, lower and more reliable delays and meet requirements of ‘Internet"
1,0,0,1,1,1,4,TimesNewRomanPSMT,9.0,202.7,691.3,215.95,703.1,691.3,138.79,202.7,379.33,5G
1,0,0,1,0,31,4,TimesNewRomanPSMT,9.0,42.52,691.3,286.38,753.1,691.3,88.79,42.52,308.9,"the communication latency problem in VANET and achieve instant message services. VANET [1, 2], a vital component of intelligent transportation systems [3], can share information to ease traffic congestion and improve"
1,0,0,1,0,28,4,TimesNewRomanPSMT,9.0,42.52,741.3,286.37,783.1,741.3,58.79,42.52,308.91,"vehicle-to-vehicle communication, vehicle-to-infrastructure communication and so on. Fig. 1 depicts a basic structure of VANET system, which contains a trusted authority (TA), on board units (OBUs) and road"
1,0,0,1,0,47,4,TimesNewRomanPSMT,9.0,308.97,360.63,552.83,422.44,360.63,419.45,308.97,42.44,"side units (RSUs). The TA is not only responsible for vehicle and RSU registration, but also for subsequent revocation. RSUs are fixed roadside infrastructures and combine the functions of sensing, analysis and communication. During the Mobile World Congress Shanghai 2018 conference [4], the world's first RSU commercial"
1,0,0,1,0,315,4,TimesNewRomanPSMT,9.0,308.97,410.63,552.86,772.44,410.63,69.45,308.97,42.42,"the commercialisation of Internet of vehicles technologies. OBUs are equipped on vehicles to do limited computation, storage and other processing. At the same time, information sharing can be achieved between vehicles and RSUs using dedicated short range communications (DSRC) [5] protocol. As a new trend in future, although VANET will enhance travel safety and comfort for people's life, security issues should also be fully considered. In 2015, two network security engineers remotely intruded a Cherokee (free light) [5] on the road and performed deceleration, engine shutdown and out of control operations. In 2017, Tencent Keen Security Lab successfully cracked Tesla's autopilot system [6] twice, these researchers could open/close doors and control lighting system. Therefore, it is significant to establish a secure and effective authentication mechanism to avoid malicious intrusions. In the existing related researches [7–9], a central authority in two-layer structure is completely trusted, we call it as trusted authority (TA). However, this authority may be compromised in real-world scenarios and leak sensitive information to third party without being legally authenticated. Especially, the TA may disclose registered users’ private keys. This attack is denoted as registration authority leaks registration information (RALRI) attack. Generally, the leakage of private key will cause seriously traffic security problem due to the false messages (i.e. wrong predictions) generated by illegal user. Secondly, participants usually local calculate and cache sensitive data in advance to improve communication efficiency, where the random numbers can be used to establish session keys in mutual authentication phase. While these random numbers can be obtained by attacker through a new type of attack called ephemeral-secret-leakage (ESL) attack [9]. Email is the most common way to implement such attacks. Thirdly, the validity period of private keys for RSU and OBU must be equal in update phase, which means the synchronous update must be performed between different entities. Obviously, this strong correlation will degrade the flexibility of VANET system."
1,0,1,1,0,19,5,Arial-ItalicMT,8.0,42.52,790.85,232.95,812.49,790.85,29.4,42.52,362.32,"IET Inf. Secur. , 2020, Vol. 14 Iss. 1, pp. 99-110 © The Institution of Engineering and Technology 2019"
2,0,0,1,0,62,4,TimesNewRomanPSMT,9.0,42.52,294.36,286.38,366.17,294.36,475.72,42.52,308.89,"Based on self-certified public keys (SCPK) and Schnorr signatures, this paper proposes an efficient provably secure authentication protocol in VANET. The protocol can resist the above attacks and update private keys independently between RSU and OBU. It is shown that the proposed protocol is very suitable for practical VANET applications as it provides additional security requirements along with the reduced computation cost."
2,0,1,1,0,207,4,Arial-ItalicMT,9.0,42.51,376.48,286.4,667.17,376.48,174.72,42.51,308.87,"1.1 Our contributions The contributions of this paper are summarised as follows: • We analyse the security flaws of Tseng et al. ’s scheme and propose a hierarchical revocable authentication protocol in VANET using bilinear pairing. It enables multiple subordinate authorities to work independently and eases the computation burden of the original single authority. • We enhance the flexibility of private key update through embedding different validity periods in time keys. The validity period depends on the computation and storage capacity of specific devices. • Our protocol is provably secure under the computational Diffie- Hellman (CDH) assumption in the modified BR model. It is resistant to the well-known security attacks such as RALRI attack, ESL attack and so on. • Performance analysis shows that the protocol is significantly superior to most of the authentication schemes. It demonstrates that our protocol is suitable for the practical VANET environment. The rest of this paper is organised as follows. Section 2 introduces some background, including preliminary knowledge, security model, system model and design goals. Section 3 gives the detailed process of our proposed protocol. The modified adversary model and security proof are presented in Section 4. The performance analysis is presented in Sections 5. Conclusion is given in Section 6."
2,0,1,1,0,68,4,Arial-ItalicMT,9.0,42.52,677.48,286.39,775.17,677.48,66.72,42.52,308.89,"1.2 Related work In VANET, authentication is a significant cryptographic process of trust establishment between vehicles and infrastructure. Well- designed authentication schemes can easily identify non-legitimate nodes and fake message and thereby provide security for VANET. So far, many authentication schemes have been proposed to provide secure communication. Depending on the research in literatures [10–12], cryptography authentication schemes are divide into three categories: (i) asymmetric cryptography (public key"
2,0,0,1,0,422,4,TimesNewRomanPSMT,9.0,308.97,294.36,552.86,776.17,294.36,65.72,308.97,42.41,"infrastructure, PKI), (ii) symmetric cryptography (hash function) and (iii) identity-based cryptography (IBC) schemes. Asymmetric cryptography (also called the public key infrastructure) is the most popular method to provide data security for communication networks. A pair of public/private keys can be used to encrypt a message or generate a digital signature. More specifically, PKI schemes depend on a trusted third party to authenticate vehicles and infrastructure. Wasef and Shen [13] proposed an expedite message authentication protocol scheme which adopts PKI. It is known that CRLs are used to perform revocation checking process and is very time consuming. This scheme overcomes this problem by replacing the CRL checking process with hash message authentication code. The second authentication technique is the symmetric cryptography. It means that the same private key and simple algorithm are used to encrypt and decrypt message, and thereby the symmetric cryptography is more faster than asymmetric cryptography. Symmetric cryptography also has its limitations, such as it does not provide non-repudiation, and the leakage of private key could endanger all safety messages. Hash function based authentication scheme is one type of symmetric cryptography, and mainly used for checking the message integrity. In Chim et al. ’s scheme [14], they used one-way hash function and secret key between vehicle and RSU to solve the problem of communication overhead. Vighnesh et al. ’s scheme [15] utilised hash chain and authentication code to authenticate vehicles which send message. This authentication code is attached to each safety message, and encrypted by the receiving vehicle. IBC-based authentication scheme is similar to asymmetric cryptography except that public key of a user in IBC scheme is easily derived from its personal information such as an email address. Compared with asymmetric cryptography, IBC system does not use certificates for message authentication and thus improves efficiency in VANET communication. In [16], Huang et al. proposed a batch authenticated scheme which significantly reduced computation cost. In [17], Sun et al. ’s scheme used identity-based encryption for encryption, authentication and non- repudiation. Privacy protection of vehicle user should also be taken into account. This is because that user's personal data may be intercepted by malicious party during the information exchange. In [18], Lin et al. proposed a conditional privacy-preserving protocol for VANETs. Their protocol uses short group signature to sign messages sent by vehicle and ensures the anonymity of signer. However, the verification of group signature is usually time consuming and not suitable to the high-mobility feature of VANET. Pseudonym-based authentication scheme can achieve conditional privacy preserving by frequently changing pseudonyms for vehicle"
2,1,1,1,0,6,5,Arial-BoldMT,8.0,42.52,274.95,152.91,286.14,274.95,555.75,42.52,442.36,Fig. 1 Basic structure of VANETs
2,0,1,1,0,19,5,Arial-ItalicMT,8.0,362.28,790.86,552.76,812.49,790.86,29.4,362.28,42.52,"IET Inf. Secur. , 2020, Vol. 14 Iss. 1, pp. 99-110 © The Institution of Engineering and Technology 2019"
2,0,0,1,0,35,9,Times-Roman,5.730000019073486,577.93,16.84,585.57,824.36,16.84,17.53,577.93,9.7,"17518717, 2020, 1, Downloaded from https://ietresearch.onlinelibrary.wiley.com/doi/10.1049/iet-ifs.2019.0249, Wiley Online Library on [01/07/2024]. See the Terms and Conditions (https://onlinelibrary.wiley.com/terms-and-conditions) on Wiley Online Library for rules of use; OA articles are governed by the applicable Creative Commons License"
3,0,0,1,0,17,4,TimesNewRomanPSMT,9.0,42.52,47.3,286.34,69.11,47.3,772.78,42.52,308.93,"users. Literatures in [19, 20] used this approach to provide conditional privacy and traceability for malicious users."
3,0,0,1,0,26,4,TimesNewRomanPSMT,9.0,42.52,95.3,286.38,137.11,95.3,704.78,42.52,308.9,"In this section, we compendiously introduce preliminary knowledge, security model, system model and design goals in this paper. Some necessary notations are listed in Nomenclature section."
3,0,1,1,0,3,4,Arial-ItalicMT,9.0,42.52,147.42,148.04,159.31,147.42,682.58,42.52,447.24,2.1 Preliminary knowledge
3,0,1,1,0,12,5,Arial-ItalicMT,8.0,42.52,163.34,286.33,175.31,163.34,666.58,42.52,308.95,2.1.1 Bilinear pairings: Let G 1 and G 2 be additive and
3,0,1,1,0,11,4,TimesNewRomanPSMT,9.0,42.52,173.74,286.32,185.7,173.74,656.19,42.52,308.96,"multiplicative cyclic groups of large prime order q , respectively. A"
3,0,1,1,0,18,11,TimesNewRomanPSMT,7.545454545454546,42.52,184.01,286.37,195.82,184.01,646.07,42.52,308.91,map e ^ : G 1 G 1 G 2 is called an admissible bilinear map if it
3,0,0,1,0,6,4,TimesNewRomanPSMT,9.0,42.52,194.57,184.53,226.37,194.57,615.52,42.52,410.75,satisfies the following three conditions: i.
3,0,1,1,0,15,11,TimesNewRomanPS-ItalicMT,8.491538451268124,57.52,215.36,239.78,227.66,215.36,614.23,57.52,355.49,"bilinearity : for all P , Q G 1 and a , b Z q"
3,0,0,1,0,3,4,TimesNewRomanPSMT,9.0,239.78,215.51,286.3,227.32,215.51,614.57,239.78,308.98,", we have"
3,0,1,1,0,17,11,STIX-Italic,8.33687499165535,57.52,228.66,138.06,240.48,228.66,601.41,57.52,457.21,"e ^ ( aP , bQ ) = e ^ ( P , Q ) ab ;"
3,0,1,1,0,45,11,TimesNewRomanPS-ItalicMT,8.5,42.52,239.95,286.32,294.44,239.95,547.45,42.52,308.95,"non-degeneracy : for some P , Q G 1 , e ^ ( P , Q ) ≠1 holds; iii. computability : given P , Q G 1 , there is an efficient algorithm to compute e ^ ( P , Q ) . Note"
3,0,0,1,0,64,4,TimesNewRomanPSMT,9.0,42.52,282.63,286.34,314.86,282.63,527.03,42.52,308.94,"that: e ^ ( P + Q , R ) = e ^ ( P , R ) ⋅ e ^ ( Q , R ) , and e ^ ( P , Q + R ) = e ^ ( P , Q ) ⋅ e ^ ( P , R ) , for all P , Q , R G 1 ."
3,0,1,1,0,13,5,Arial-ItalicMT,8.0,42.52,325.65,286.33,337.62,325.65,504.27,42.52,308.95,2.1.2 Security assumptions: Let G 1 and G 2 be defined as above.
3,0,0,1,0,31,4,TimesNewRomanPSMT,9.0,42.52,336.2,286.31,379.3,336.2,462.59,42.52,308.97,"In this part, we define security assumptions on which our scheme is based. • CDH problem: Given P , aP , bP G 1 for unknown a , b Z q"
3,0,1,1,0,28,11,TimesNewRomanPSMT,8.333333333333334,42.52,378.24,284.05,403.04,378.24,438.85,42.52,311.23,"CDH problem in G 1 is to compute abP . • CDH assumption: Given P , aP , bP G 1 for unknown a , b Z q"
3,0,0,1,0,28,4,TimesNewRomanPSMT,9.0,42.52,390.9,286.3,445.25,390.9,396.64,42.52,308.97,", no probabilistic polynomial time (PPT) adversary A can compute abP with a non-negligible probability . • Adversary advantage: The successful probability of adversary A is presented below:"
3,0,1,1,0,24,11,STIX-Regular,8.538999986648559,78.41,456.56,261.14,467.38,456.56,374.51,78.41,334.14,"Adv A = Pr [ A ( P , aP , bP ) = abP P G 1 , a , b Z q"
3,0,0,1,0,11,4,TimesNewRomanPSMT,9.0,52.52,454.55,286.33,487.45,454.55,354.44,52.52,308.94,(1) where the probability is measured over the random choices of
3,0,1,1,0,5,11,STIX-Italic,8.47799997329712,52.52,488.75,84.8,498.74,488.75,343.15,52.52,510.47,"a , b Z q"
3,0,1,1,0,4,4,TimesNewRomanPSMT,9.0,84.8,486.44,143.29,498.4,486.44,343.49,84.8,451.99,by adversary A .
3,0,1,1,0,4,4,Arial-ItalicMT,9.0,42.52,509.96,107.05,537.65,509.96,304.24,42.52,488.23,2.2 BR93 model The
3,0,0,1,0,90,4,TimesNewRomanPSMT,9.0,42.52,525.84,286.38,637.65,525.84,204.24,42.52,308.89,"deductive reasoning method. Although the method is proposed in 1980s, it became prevalent by Bellare and Rogaway (1993) [21] for key establishment protocols. In their literature, the first formal definition for adversary capability model was provided for two- party entity authentication protocols. The adversary is powerful to learn some sensitive information from interacting communication. Therefore, proving the indistinguishability between session key and same random key distribution for the adversary is important. Informally, adversary can fully control communication network by interacting with a series of oracles . Each oracle represents a"
3,0,1,1,0,10,11,TimesNewRomanPSMT,8.347499966621399,42.52,638.0,283.76,650.95,638.0,190.94,42.52,311.51,"principal, who has an identity identifier U and oracle U"
3,0,1,1,0,7,4,TimesNewRomanPSMT,9.0,42.52,649.89,286.34,661.85,649.89,180.04,42.52,308.94,"Specifically, adversary A intercepts all messages transmitted"
3,0,1,1,0,11,11,TimesNewRomanPSMT,6.355999946594238,42.52,662.37,272.21,675.56,662.37,166.33,42.52,323.07,"between two parties by interacting with oracles U 1, U 2"
3,0,1,1,0,25,5,TimesNewRomanPSMT,8.0,42.52,674.52,286.32,696.88,674.52,145.01,42.52,308.95,"represents the ith instance that principal U 1 wants to establish a session key with principal U 2 . In the BR93 model, adversary can"
3,0,0,1,0,8,4,TimesNewRomanPSMT,9.0,42.52,695.62,216.76,727.43,695.62,114.46,42.52,378.51,adaptively perform the following oracle queries: • Send
3,0,1,1,0,12,11,STIX-Regular,8.333333333333334,80.68,715.62,129.77,727.43,715.62,114.46,80.68,465.51,"( U 1 , U 2 , i , m ) :"
3,0,1,1,0,10,11,TimesNewRomanPSMT,8.333333333333334,52.52,726.02,286.32,737.98,726.02,103.91,52.52,308.95,impersonates principal U 1 for sending message m to principal
3,0,1,1,0,11,11,STIX-Italic,7.666666666666667,52.52,736.73,286.36,748.54,736.73,93.35,52.52,308.91,"U 2 , while the corresponding content is returned according to"
3,0,1,1,0,11,11,TimesNewRomanPSMT,6.355999946594238,52.52,749.6,274.68,762.8,749.6,79.09,52.52,320.59,"protocol specification. This query utilises the oracle U 1, U 2"
3,0,0,1,0,14,4,TimesNewRomanPSMT,9.0,52.52,749.6,286.34,773.56,749.6,68.33,52.52,308.94,". If the received message m is not of the expected format, the oracle"
3,0,1,1,1,4,11,STIX-Italic,5.694999933242798,327.98,55.38,344.35,62.82,55.38,779.07,327.98,250.92,"U 1, U 2"
3,0,0,1,0,19,4,TimesNewRomanPSMT,9.0,318.98,49.62,552.79,73.58,49.62,768.31,318.98,42.49,simply halt. Note that this query can also initiate a new protocol by sending an empty message m .
3,0,1,1,0,20,11,TimesNewRomanPS-ItalicMT,7.6737499833106995,312.13,72.62,524.4,88.29,72.62,753.6,312.13,70.87,"Reveal ( U 1 , U 2 , i ) : This query means that oracle U 1, U 2"
3,0,0,1,0,66,4,TimesNewRomanPSMT,9.0,318.97,75.09,552.83,159.05,75.09,682.84,318.97,42.45,"returns previously established session key, while returning a null value if it did not accept any session keys. It models the ability of adversary finding session keys, in the sense that a compromised session key should not endanger other session keys, i.e. the known-session key security. Note that oracle can only accept a session key once (while principal can accept many session keys in different oracles)."
3,0,1,1,0,26,11,TimesNewRomanPS-ItalicMT,8.33899998664856,312.12,158.09,552.85,181.3,158.09,660.59,312.12,42.43,"Corrupt ( U 1 , K E ) : This query allows adversary to corrupt principal U 1 and learn its completely internal state at will."
3,0,0,1,0,9,4,TimesNewRomanPSMT,9.0,318.98,180.04,552.84,191.85,180.04,650.04,318.98,42.44,"Especially, this adversary can replace the long-term secret key"
3,0,1,1,0,30,11,TimesNewRomanPSMT,8.0557142666408,312.13,190.04,552.81,214.1,190.04,627.79,312.13,42.47,"(i.e. private key K E ) of U 1 with its choice. Test ( U 1 , U 2 , i ) : This query means that adversary attempts to"
3,0,1,1,0,13,11,TimesNewRomanPSMT,7.021249949932098,318.98,215.16,525.5,228.36,215.16,613.53,318.98,69.77,"distinguish an accepted session key K s by oracle U 1, U 2"
3,0,0,1,0,49,4,TimesNewRomanPSMT,9.0,318.97,215.16,552.8,270.37,215.16,571.52,318.97,42.47,"from a random key with same distribution. This is the basis of determining security for protocol. Specifically, adversary chooses a randomly bit b . If b = 0 , then K s is returned while if b = 1 , a random string is returned from the same distribution."
3,0,1,1,0,11,11,Arial-ItalicMT,7.1114285332815985,308.98,283.19,519.24,296.38,283.19,545.51,308.98,76.04,"2.2.1 Definition of security: We define SID(∏ U 1, U 2"
3,0,0,1,0,3,4,STIX-Regular,9.0,520.24,283.19,552.77,294.99,283.19,546.9,520.24,42.51,) as the
3,0,1,1,0,11,11,TimesNewRomanPSMT,6.355999946594238,308.98,297.66,507.91,310.85,297.66,531.04,308.98,87.36,"concatenation of all messages related to oracle U 1, U 2"
3,0,0,1,0,3,4,TimesNewRomanPSMT,9.0,507.91,297.66,552.77,309.47,297.66,532.42,507.91,42.5,", and denote"
3,0,1,1,1,5,11,STIX-Regular,6.355999946594238,308.98,314.32,352.36,325.33,314.32,516.56,308.98,242.92,"PID(∏ U 1, U 2"
3,0,1,1,0,12,7,STIX-Italic,6.389999866485596,335.98,311.71,505.91,325.33,311.71,516.56,335.98,89.37,"i ) as the perceived partner of oracle U 1, U 2"
3,0,0,1,0,33,4,TimesNewRomanPSMT,9.0,308.97,312.13,552.78,366.09,312.13,475.8,308.97,42.5,". The security of BR93 model and its variants depend on the concept of partnership oracle, which is defined by different models. The BR93 model defines partnership using the notion of matching conversations."
3,0,1,1,0,10,11,TimesNewRomanPS-ItalicMT,7.347499966621399,320.98,376.54,504.65,389.89,376.54,452.0,320.98,90.62,"Definition 1: ( Partnership): Two oracles, U 1, U 2"
3,0,1,1,0,6,7,STIX-Italic,6.389999866485596,488.28,376.27,550.51,389.98,376.27,451.91,488.28,44.77,"i and U 2, U 1"
3,0,0,1,0,22,4,TimesNewRomanPSMT,9.0,308.98,376.69,552.84,420.74,376.69,421.15,308.98,42.43,", are partners, if both of the following requirements are satisfied: (i) each one believes that the other is its partner (i.e."
3,0,1,1,1,5,11,STIX-Regular,6.355999946594238,308.98,423.54,352.36,434.55,423.54,407.34,308.98,242.92,"PID(∏ U 1, U 2"
3,0,1,1,0,10,11,STIX-Regular,7.086666636996799,353.35,421.35,437.44,434.64,421.35,407.25,353.35,157.84,") = U 2 and PID(∏ U 2, U 1"
3,0,1,1,1,5,5,STIX-Regular,8.0,438.43,421.35,466.89,433.16,421.35,408.73,438.43,128.39,") = U 1 ),"
3,0,1,1,1,5,11,STIX-Regular,6.355999946594238,308.98,449.19,352.35,460.2,449.19,381.69,308.98,242.93,"SID(∏ U 1, U 2"
3,0,1,1,0,8,7,STIX-Italic,6.389999866485596,335.97,446.59,410.88,460.3,446.59,381.59,335.97,184.4,"i ) = SID(∏ U 2, U 1"
3,0,1,1,0,8,11,TimesNewRomanPS-ItalicMT,6.796666622161865,320.98,481.42,472.0,494.77,481.42,347.12,320.98,123.28,"Definition 2: (Freshness): Oracle U 1, U 2"
3,0,0,1,0,12,4,TimesNewRomanPSMT,9.0,308.98,481.57,552.78,505.53,481.57,336.36,308.98,42.5,"is fresh at the end of its execution, if and only if:"
3,0,1,1,0,7,11,TimesNewRomanPSMT,6.355999946594238,308.98,516.13,392.68,529.33,516.13,312.56,308.98,202.6,"(i) Both oracles U 1, U 2"
3,0,1,1,0,6,7,STIX-Italic,6.389999866485596,376.31,515.71,435.61,529.42,515.71,312.47,376.31,159.66,"i and U 2, U 1"
3,0,1,1,0,7,4,TimesNewRomanPSMT,9.0,308.98,515.98,552.77,540.19,515.98,301.7,308.98,42.51,"have not been asked any Reveal queries,"
3,0,1,1,0,14,5,TimesNewRomanPSMT,8.0,308.98,539.23,552.76,551.19,539.23,290.7,308.98,42.52,(ii) both principals U 1 and U 2 have not been asked any Corrupt
3,0,0,1,0,178,4,TimesNewRomanPSMT,9.0,308.97,549.93,552.85,776.64,549.93,65.25,308.97,42.43,"queries. Security for protocol in BR93 model is defined by the following game G played between adversary and a series of oracles. Stage 1: Firstly, adversary A sends any oracle queries, including Send , Reveal and Corrupt query. Stage 2: Secondly, at some point in the game G , adversary A chooses a fresh session and sends a Test query to the associated oracle. In terms of the randomly chosen bit b , the adversary is given either actual session key or random key drawn from same distribution. Stage 3: Next, adversary continues querying oracles excepting for Corrupt and Reveal query that will eventually expose the tested session key. Stage 4: Finally, adversary terminates this game G and outputs a guess value b of b . In this game G , success for adversary is measured by its advantage in distinguishing the tested session key from a random key, i.e. the probability in outputting b ′ = b , then the advantage function for adversary A is presented as Adv A ( k ) = 2Pr[success] −1 ."
3,0,1,1,0,19,5,Arial-ItalicMT,8.0,42.52,790.85,232.95,812.49,790.85,29.4,42.52,362.32,"IET Inf. Secur. , 2020, Vol. 14 Iss. 1, pp. 99-110 © The Institution of Engineering and Technology 2019"
3,0,0,1,0,35,9,Times-Roman,5.730000019073486,577.93,16.84,585.57,824.36,16.84,17.53,577.93,9.7,"17518717, 2020, 1, Downloaded from https://ietresearch.onlinelibrary.wiley.com/doi/10.1049/iet-ifs.2019.0249, Wiley Online Library on [01/07/2024]. See the Terms and Conditions (https://onlinelibrary.wiley.com/terms-and-conditions) on Wiley Online Library for rules of use; OA articles are governed by the applicable Creative Commons License"
4,0,1,1,0,15,4,TimesNewRomanPS-ItalicMT,9.0,42.52,341.41,286.32,363.37,341.41,478.52,42.52,308.95,Definition 3: (BR93 Security): Secure protocol based on BR93 model should satisfy the following requirements:
4,0,1,1,0,11,11,TimesNewRomanPSMT,6.355999946594238,42.52,373.97,217.72,387.17,373.97,454.72,42.52,377.55,"(i) if protocol runs between two oracles U 1, U 2"
4,0,1,1,0,6,7,STIX-Italic,6.389999866485596,201.35,373.55,262.2,387.26,373.55,454.63,201.35,333.08,"i and U 2, U 1"
4,0,1,1,0,10,11,TimesNewRomanPSMT,6.355999946594238,42.52,388.63,225.96,401.83,388.63,440.06,42.52,369.31,"absence of malicious adversary, then both U 1, U 2"
4,0,1,1,0,6,7,STIX-Italic,6.389999866485596,209.59,388.21,270.65,401.92,388.21,439.97,209.59,324.62,"i and U 2, U 1"
4,0,0,1,0,21,4,TimesNewRomanPSMT,9.0,42.52,388.63,286.31,424.98,388.63,416.91,42.52,308.97,"can accept same session key, (ii) for any PPT adversary A , the advantage Adv A ( k ) is negligible."
4,0,1,1,0,35,4,Arial-ItalicMT,9.0,42.52,435.59,286.41,493.28,435.59,348.61,42.52,308.87,"2.3 System model The system model of our protocol is given in Fig. 2. It consists of four entities: single central authority (CA), multiple registration authorities, RSUs and OBUs. The specific descriptions are as follows:"
4,0,1,1,0,14,11,TimesNewRomanPS-ItalicMT,8.2,45.67,501.32,286.34,513.28,501.32,328.61,45.67,308.93,Central authority ( CA 1 ): The single authority at the top layer of
4,0,0,1,0,9,4,TimesNewRomanPSMT,9.0,52.52,512.03,286.4,523.83,512.03,318.06,52.52,308.87,"system model. As the primary traffic administration bureau, the"
4,0,0,1,0,10,11,STIX-Regular,7.666666666666667,52.52,522.03,286.37,533.83,522.03,308.06,52.52,308.91,CA 1 is responsible for initialising the system parameters and
4,0,0,1,0,9,4,TimesNewRomanPSMT,9.0,52.52,532.58,286.38,554.39,532.58,287.5,52.52,308.9,assigning private keys for all the subordinate registration authorities.
4,0,1,1,0,21,11,TimesNewRomanPS-ItalicMT,8.2,45.67,553.43,286.33,575.94,553.43,265.95,45.67,308.95,Subordinate registration authority ( RA 2 ): The second-layer authority subject to central authority CA 1 . As the regional traffic
4,0,0,1,0,73,4,TimesNewRomanPSMT,9.0,45.67,574.69,286.39,668.49,574.69,173.4,45.67,308.89,"management apartments, the authority generates private keys and time keys for all the registered vehicle users and RSUs. It also revokes malicious users once detecting illegal behaviours. RSUs: Fixed infrastructures located aside roads. RSUs collect and share messages in networks with vehicles using DSRC. OBUs: Installed on vehicles to compute and store necessary values exchanging with RSUs. Note that these devices have limited computation and storage resources, so they cannot perform complex operations."
4,0,1,1,0,48,4,Arial-ItalicMT,9.0,42.52,678.81,286.39,776.49,678.81,65.4,42.52,308.89,"2.4 Design goals In order to achieve secure communication in VANET network, we hope that our protocol could satisfy the following security requirements: Mutual authentication: Mutual authentication must be satisfied between vehicle users and RSUs to identify legitimate participants, and prevent malicious parties from participating in communication process."
4,0,1,1,0,166,4,TimesNewRomanPS-ItalicMT,9.0,312.12,331.41,552.85,558.37,331.41,283.52,312.12,42.43,"Session key agreement: To guarantee information security, our protocol should establish secure session key to encrypt the exchanged message. User anonymity: The real identity of vehicle users must be associated with personal information, such as ID card, home address, financial status and so on. Therefore, we need to provide user anonymity to avoid the leakage of sensitive data. Conditional privacy: Malicious users may accidently cause severe traffic accidents and criminal behaviours. Therefore, the system should recover the real identity to take necessary punishments for malicious users. Flexibility of private key update: The private key should be updated flexibly for RSU and OBU according to their respective computing and storage capabilities, thus saving computation resources. Perfect forward secrecy: Our protocol should provide perfect forward secrecy. That is, even though the private key are comprised in some way, the established session key is still secure. Resistance of various attacks: Our protocol should resist the well-known attacks, including that replay attack, man-in-the- middle attack, ESL attack and so on."
4,1,0,1,0,3,3,Arial-BoldMT,10.0,308.97,568.77,385.11,582.7,568.77,259.19,308.97,210.17,3 ௑Our protocol
4,0,0,1,0,39,4,TimesNewRomanPSMT,9.0,308.97,584.56,552.84,636.37,584.56,205.52,308.97,42.44,"In this section, we present a new hierarchical revocable authentication protocol in VANET using bilinear pairing. Our protocol includes system initialisation, registration, time key update and revocation, and mutual authentication and key agreement. The detailed description is as follows."
4,0,1,1,0,20,4,Arial-ItalicMT,9.0,308.98,646.68,552.82,684.37,646.68,157.52,308.98,42.46,"3.1 System initialisation phase In this phase, the single central authority and all the registration authorities execute the system initialisation."
4,0,1,1,0,11,11,Arial-ItalicMT,8.2,308.98,694.6,552.8,706.57,694.6,135.32,308.98,42.47,3.1.1 Central authority ( CA 1 ) initialisation: The central authority
4,0,0,1,0,11,11,STIX-Regular,7.666666666666667,308.98,705.15,552.76,716.96,705.15,124.93,308.98,42.51,"CA 1 selects same parameters as Section 2.1.1, and performs the"
4,0,1,1,0,8,11,TimesNewRomanPSMT,8.347499966621399,308.98,736.65,441.39,748.8,736.65,93.09,308.98,153.89,(i) Choose a random number s Z q
4,0,0,1,0,32,4,TimesNewRomanPSMT,9.0,308.98,736.65,552.8,781.96,736.65,59.93,308.98,42.47,as the system master key and compute P pub = s P as the system public key; (ii) Choose a map-to-point hash function and eight general one- way hash functions as follows:
4,1,1,1,0,4,5,Arial-BoldMT,8.0,42.52,312.15,111.85,323.34,312.15,518.55,42.52,483.43,Fig. 2 System model
4,0,1,1,0,19,5,Arial-ItalicMT,8.0,362.29,790.86,552.75,812.49,790.86,29.4,362.29,42.52,"IET Inf. Secur. , 2020, Vol. 14 Iss. 1, pp. 99-110 © The Institution of Engineering and Technology 2019"
4,0,0,1,0,35,9,Times-Roman,5.730000019073486,577.93,16.84,585.57,824.36,16.84,17.53,577.93,9.7,"17518717, 2020, 1, Downloaded from https://ietresearch.onlinelibrary.wiley.com/doi/10.1049/iet-ifs.2019.0249, Wiley Online Library on [01/07/2024]. See the Terms and Conditions (https://onlinelibrary.wiley.com/terms-and-conditions) on Wiley Online Library for rules of use; OA articles are governed by the applicable Creative Commons License"
5,0,1,1,1,13,11,STIX-Italic,7.666666666666667,57.81,50.41,187.83,60.39,50.41,781.5,57.81,407.45,"H 1 :{0, 1} G 1 , H i :{0, 1} Z q"
5,0,0,1,0,13,4,STIX-Regular,9.0,42.52,50.43,256.49,72.3,50.43,769.59,42.52,338.78,", ( i = 2, 3, …, 9); (iii) Publish the system parameters"
5,0,1,1,0,31,11,STIX-Regular,8.151199989318847,61.36,82.33,252.83,93.28,82.33,748.61,61.36,342.45,"params = G 1 , G 2 , e ^ , q , P , P pub , H 1 , H i ( i = 2, 3, …, 9) ."
5,0,1,1,0,32,11,Arial-ItalicMT,8.2,42.52,104.26,286.33,137.17,104.26,704.72,42.52,308.94,3.1.2 Registration authority ( RA 2 ) initialisation: The central authorities CA 1 assigns a pair of private/public key for each registration authority RA 2 . The detailed procedures are depicted as
5,0,0,1,0,13,11,TimesNewRomanPSMT,7.484285695212228,42.52,155.92,286.3,169.11,155.92,672.78,42.52,308.98,(i) The registration authority RA 2 sends its unique identifier RA ID 2
5,0,0,1,0,35,5,TimesNewRomanPSMT,8.0,42.51,168.07,286.33,203.37,168.07,638.52,42.51,308.94,"to the central authority CA 1 ; (ii) After receiving it, the CA 1 generates the following private/ public key pair for RA 2 and transfers private key d RA 2 to the RA 2"
5,0,0,1,0,3,4,TimesNewRomanPSMT,9.0,42.51,202.33,126.0,214.13,202.33,627.76,42.51,469.28,through secure channel
5,0,1,1,0,24,11,STIX-Italic,7.434545430270108,119.74,224.18,194.45,251.6,224.18,590.29,119.74,400.83,d RA 2 = s H 1 (RA ID 2 ) P RA 2 = H 2 ( d RA 2 ) ⋅ P
5,0,0,1,1,2,6,STIX-Regular,7.0,133.93,252.71,148.93,262.12,252.71,579.77,133.93,446.34,RA 2
5,0,1,1,0,57,11,STIX-Italic,7.73499998179349,42.52,261.19,286.31,298.69,261.19,543.2,42.52,308.97,"e ^ ( d RA 2 , P ) = e ^ ( P pub , H 1 (RA ID 2 )) holds or not. If holds, then the authority generates the ultimate private key d URA 2 = H 2 ( d RA 2 ) . Otherwise, it rejects the private key d RA 2 ."
5,0,1,1,0,14,4,Arial-ItalicMT,9.0,42.52,309.77,286.37,337.45,309.77,504.44,42.52,308.9,"3.2 Registration phase In this phase, vehicle user (OBU) and RSU register to authority"
5,0,0,1,0,13,11,STIX-Regular,7.666666666666667,42.52,335.65,286.33,347.45,335.65,494.44,42.52,308.95,"RA 2 to get their private keys. Without loss of generality, we assume"
5,0,1,1,0,14,11,TimesNewRomanPSMT,8.25428567613874,42.52,346.2,286.31,358.35,346.2,483.54,42.52,308.96,that RSU with identity ID sj and vehicle user with ID ui register to
5,0,1,1,0,14,11,TimesNewRomanPSMT,7.531111081441243,42.52,357.45,286.36,369.6,357.45,472.29,42.52,308.91,"authority RA 2 k and RA 2 e , respectively. The simplified process is"
5,0,0,1,0,4,4,TimesNewRomanPSMT,9.0,42.52,368.7,110.02,380.5,368.7,461.39,42.52,485.25,depicted in Fig. 3.
5,0,1,1,0,6,4,Arial-ItalicMT,9.0,308.98,47.42,483.03,59.31,47.42,782.58,308.98,112.24,3.2.1 Registration phase for common RSU:
5,0,1,1,0,11,11,TimesNewRomanPSMT,7.955999946594238,308.98,68.25,509.97,80.39,68.25,761.5,308.98,85.3,(i) The RSU selects an ephemeral secret s sj Z q
5,0,1,1,0,33,11,STIX-Italic,7.997058784260469,308.98,79.89,550.5,105.24,79.89,736.65,308.98,44.77,"S sj = s sj P and transfers ID sj , S sj to authority RA 2 k ; (ii) The authority RA 2 k chooses an ephemeral secret y sj Z q"
5,0,1,1,0,14,11,TimesNewRomanPSMT,8.347499966621399,308.98,104.34,552.79,117.32,104.34,724.57,308.98,42.49,computes Y sj = y sj P and generates private key with the format
5,0,1,1,0,48,11,STIX-Italic,7.776071395192828,308.98,115.43,552.6,142.79,115.43,699.1,308.98,42.68,"d sj = ( y sj + H 3 (ID sj , Y sj + S sj ) ⋅ d URA 2 k ) mod q . Then, the RA 2 k returns d sj , Y sj , RA ID 2 k to RSU via secure channel;"
5,0,0,1,0,9,4,TimesNewRomanPSMT,9.0,308.98,141.28,552.82,153.09,141.28,688.8,308.98,42.46,"(iii) After receiving it, RSU checks whether the equation"
5,0,1,1,0,29,11,STIX-Italic,7.7973912695179814,308.98,151.28,552.74,164.48,151.28,677.41,308.98,42.53,"d sj P = Y sj + H 3 (ID sj , Y sj + S sj ) ⋅ P RA 2 k holds or not. If holds, RSU"
5,0,1,1,0,12,11,TimesNewRomanPSMT,8.347499966621399,308.97,163.44,552.78,175.58,163.44,666.31,308.97,42.5,"accepts the private key d sj . Otherwise, RSU rejects the message"
5,0,1,1,0,16,4,Arial-ItalicMT,9.0,308.98,196.72,552.79,218.53,196.72,623.36,308.98,42.48,3.2.2 Registration phase for anonymous vehicle: Vehicle user exploits pseudonym identity PID to protect its personal
5,0,1,1,0,11,11,TimesNewRomanPSMT,7.677999973297119,308.98,216.72,552.78,228.87,216.72,613.02,308.98,42.49,"information. Then, the authority TA 2 e verifies the legitimacy of"
5,0,0,1,0,8,4,TimesNewRomanPSMT,9.0,308.97,227.97,468.45,239.78,227.97,602.11,308.97,126.83,vehicle user and generates private key for it.
5,0,1,1,0,10,11,TimesNewRomanPSMT,8.347499966621399,308.97,248.92,484.99,261.07,248.92,580.82,308.97,110.29,(i) The vehicle selects a random number a Z q
5,0,0,1,0,4,4,TimesNewRomanPSMT,9.0,308.98,248.92,552.78,272.92,248.92,568.97,308.98,42.5,and an ephemeral secret
5,0,1,1,0,4,11,STIX-Italic,7.694999933242798,378.43,263.28,406.07,273.26,263.28,568.63,378.43,189.21,s ui Z q
5,0,1,1,0,58,11,STIX-Italic,8.003636331269234,308.98,274.52,535.13,296.19,274.52,545.7,308.98,60.15,"S ui = s ui P , F ui = H 4 (ID ui ) ⋅ P + P RA 2 e , A ui = ( a + s ui ) ⋅ P , PID ui = ID ui H 5 ( A ui ), B ui = ( a + s ui ) ⋅ F ui"
5,0,1,1,0,23,11,TimesNewRomanPSMT,7.892105228022525,308.97,295.36,549.32,308.77,295.36,533.12,308.97,45.95,"Then, vehicle sends PID ui , H 4 (ID ui ), B ui , S ui to the authority RA 2 e ;"
5,0,1,1,0,3,11,STIX-Regular,6.796666622161865,489.39,309.8,507.23,319.76,309.8,522.13,489.39,88.05,RA 2 e
5,0,1,1,0,14,11,STIX-Italic,7.474615353804368,309.43,321.97,398.58,334.04,321.97,507.85,309.43,196.69,A ui = ( d URA 2 e + H 4 (ID ui ))
5,0,1,1,0,10,11,STIX-Regular,7.347499966621399,398.58,319.8,552.81,331.95,319.8,509.94,398.58,42.46,−1 B ui . The real identity of vehicle user
5,0,1,1,0,34,11,TimesNewRomanPSMT,8.014166633288065,308.98,331.95,552.77,368.71,331.95,473.18,308.98,42.5,"could be obtained by ID ui = PID ui H 5 ( A ui ) ; (iii) For legal vehicle user, the authority RA 2 e selects an ephemeral secret y ui Z q"
5,0,1,1,0,42,11,TimesNewRomanPSMT,8.347499966621399,308.97,356.4,552.79,381.01,356.4,460.88,308.97,42.49,"and computes Y ui = y ui P , then returns private key d ui = ( y ui + H 3 (PID ui , Y ui + S ui ) ⋅ d URA 2 e ) mod q to vehicle via"
5,1,1,1,0,4,5,Arial-BoldMT,8.0,42.52,754.18,128.31,765.37,754.18,76.52,42.52,466.97,Fig. 3 Registration phase
5,1,0,1,0,12,6,TimesNewRomanPS-BoldItal,7.0,42.52,765.14,287.1,774.5,765.14,67.39,42.52,308.17,"(a) Registration phase for common RSU, (b) Registration phase for anonymous vehicle"
5,0,1,1,0,19,5,Arial-ItalicMT,8.0,42.52,790.85,232.95,812.49,790.85,29.4,42.52,362.32,"IET Inf. Secur. , 2020, Vol. 14 Iss. 1, pp. 99-110 © The Institution of Engineering and Technology 2019"
5,0,0,1,0,35,9,Times-Roman,5.730000019073486,577.93,16.84,585.57,824.36,16.84,17.53,577.93,9.7,"17518717, 2020, 1, Downloaded from https://ietresearch.onlinelibrary.wiley.com/doi/10.1049/iet-ifs.2019.0249, Wiley Online Library on [01/07/2024]. See the Terms and Conditions (https://onlinelibrary.wiley.com/terms-and-conditions) on Wiley Online Library for rules of use; OA articles are governed by the applicable Creative Commons License"
6,0,1,1,0,46,11,TimesNewRomanPSMT,7.560909054496071,42.52,573.46,286.34,598.81,573.46,243.08,42.52,308.93,"(iv) Upon receiving d ui , Y ui , RA ID 2 e , vehicle checks whether the equation d ui P = Y ui + H 3 (PID ui , Y ui + S ui ) ⋅ P RA 2 e holds or not. If"
6,0,1,1,0,12,11,TimesNewRomanPSMT,8.347499966621399,42.52,597.76,286.3,609.91,597.76,231.98,42.52,308.98,"holds, the vehicle accepts the private key d ui . Otherwise, the"
6,0,0,1,0,5,4,TimesNewRomanPSMT,9.0,42.52,609.01,159.75,620.82,609.01,221.07,42.52,435.53,vehicle user rejects the message.
6,0,1,1,0,46,4,Arial-ItalicMT,9.0,42.52,631.13,286.43,688.82,631.13,153.07,42.52,308.85,"3.3 Time key update and revocation phase In order to assign different validity periods for private keys, we embed different time in time keys to ensure flexible update. The time is selected based on actual computation and storage capability. This process is presented in Fig. 4:"
6,0,1,1,0,25,11,TimesNewRomanPSMT,7.6737499833106995,42.52,697.01,245.59,722.36,697.01,119.53,42.52,349.69,(i) The authority RA 2 k selects validity period t 1 for RSU; (ii) The RA 2 k selects ephemeral secret v sj Z q
6,0,1,1,0,7,11,STIX-Italic,8.25428567613874,42.52,721.46,90.0,734.44,721.46,107.45,42.52,505.27,V sj = v sj P .
6,0,1,1,0,3,11,STIX-Regular,6.796666622161865,137.11,723.64,154.95,733.6,723.64,108.29,137.11,440.33,RA 2 k
6,0,1,1,0,28,11,STIX-Italic,7.837999973297119,42.52,732.7,208.57,745.9,732.7,95.99,42.52,386.7,"d tsj = ( v sj + H 6 (ID sj , V sj , t 1 ) ⋅ d URA 2 k )( mod q ) ,"
6,0,1,1,0,15,11,STIX-Italic,7.474615353804368,46.12,745.25,143.9,759.91,745.25,81.98,46.12,451.37,"d tsj , V sj , t 1 , RA ID 2 k to RSU;"
6,0,0,1,0,12,4,TimesNewRomanPSMT,9.0,42.52,758.4,286.42,770.21,758.4,71.68,42.52,308.86,"(iii) After receiving it, RSU verifies the time key by the equation"
6,0,1,1,0,4,11,STIX-Italic,8.347499966621399,42.52,771.79,74.73,781.78,771.79,60.11,42.52,520.54,d tsj P =
6,0,1,1,0,21,11,STIX-Regular,7.477999973297119,70.54,766.9,179.26,782.83,766.9,59.06,70.54,416.02,"? V sj + H 6 (ID sj , V sj , t 1 ) ⋅ P RA 2 k ."
6,0,0,1,0,15,4,TimesNewRomanPSMT,9.0,308.97,232.92,552.79,254.73,232.92,587.16,308.97,42.49,The generation of time key for vehicle is similar to the above process for RSU:
6,0,1,1,0,25,11,TimesNewRomanPSMT,7.6737499833106995,308.97,262.92,520.38,288.27,262.92,553.62,308.97,74.89,(i) The authority RA 2 e selects validity period t 2 for vehicle; (ii) The RA 2 e selects ephemeral secret v ui Z q
6,0,1,1,0,7,11,STIX-Italic,8.25428567613874,308.98,287.36,356.17,300.35,287.36,541.54,308.98,239.1,V ui = v ui P .
6,0,1,1,0,3,11,STIX-Regular,6.796666622161865,413.58,289.55,431.41,299.51,289.55,542.38,413.58,163.86,RA 2 e
6,0,1,1,0,47,11,STIX-Italic,7.837999973297119,308.98,298.61,552.76,325.78,298.61,516.11,308.98,42.52,"d tui = ( v ui + H 6 (PID ui , V ui , t 2 ) ⋅ d URA 2 e )( mod q ) , and sends the tuple d tui , V ui , t 2 , RA ID 2 e to vehicle;"
6,0,0,1,0,12,4,TimesNewRomanPSMT,9.0,308.98,324.27,552.86,336.08,324.27,505.81,308.98,42.41,"(iii) After receiving it, vehicle verifies the time key by the equation"
6,0,1,1,0,4,11,STIX-Italic,8.347499966621399,308.98,337.66,341.04,347.65,337.66,494.24,308.98,254.24,d tui P =
6,0,1,1,0,21,11,STIX-Regular,7.477999973297119,336.85,332.77,453.01,348.7,332.77,493.19,336.85,142.26,"? V ui + H 6 (PID ui , V ui , t 2 )) ⋅ P RA 2 e ."
6,0,0,1,0,17,4,TimesNewRomanPSMT,9.0,308.98,357.65,552.84,379.46,357.65,462.43,308.98,42.44,"Note that, if the equation does not hold, then the authority needs to update corresponding private key."
6,0,1,1,0,48,4,Arial-ItalicMT,9.0,308.98,389.77,552.86,457.46,389.77,384.43,308.98,42.41,"3.4 Mutual authentication and key agreement phase In this section, the mutual authentication and key agreement is performed between vehicle and RSU without involvement of any authority. This phase includes three handshakes and specific procedure is given in Fig. 5. Firstly, vehicle user sends request information with its"
6,0,1,1,0,5,11,TimesNewRomanPSMT,8.347499966621399,308.97,455.65,404.46,467.8,455.65,374.09,308.97,190.82,anonymous identity PID ui :
6,0,1,1,0,4,11,STIX-Italic,7.694999933242798,459.45,480.01,487.32,489.99,480.01,351.9,459.45,107.96,r ui Z q
6,0,1,1,0,13,11,STIX-Italic,8.288181781768799,309.15,489.09,380.01,502.08,489.09,339.81,309.15,215.26,M ui = ( r ui + s ui ) ⋅ P ;
6,0,1,1,0,28,11,STIX-Italic,7.738749961058299,355.41,501.7,552.76,516.36,501.7,325.53,355.41,42.52,"M ui , d tui , V ui , t 2 , PID ui , S ui , Y ui , RA ID 2 e as the request"
6,0,0,1,0,9,4,TimesNewRomanPSMT,9.0,308.98,513.85,493.38,545.66,513.85,296.23,308.98,101.9,"message to RSU. Secondly, RSU performs the following procedures:"
6,0,1,1,0,16,11,TimesNewRomanPSMT,7.277999973297119,308.98,553.85,552.76,567.05,553.85,274.84,308.98,42.52,(i) Check the public key P RA 2 e of authority RA 2 e whose vehicle
6,0,1,1,0,31,11,STIX-Italic,7.733599967956543,308.98,576.0,552.76,589.2,576.0,252.69,308.98,42.52,"d tui P = V ui + H 6 (PID ui , V ui , t 2 ) ⋅ P RA 2 e . If holds, the time key d tui"
6,0,1,1,0,17,11,TimesNewRomanPSMT,7.231666644414266,308.97,588.15,552.76,601.35,588.15,240.54,308.97,42.52,for vehicle is valid. If the public key P RA 2 e does not found or the
6,0,0,1,0,10,4,TimesNewRomanPSMT,9.0,308.97,600.3,552.79,612.11,600.3,229.78,308.97,42.49,"equation does not hold, RSU terminates this session. That is"
6,0,1,1,0,11,11,TimesNewRomanPSMT,7.677999973297119,308.98,610.3,510.76,622.45,610.3,219.44,308.98,84.51,because the authority RA 2 e or vehicle has been revoked;
6,0,1,1,0,4,11,STIX-Italic,7.694999933242798,478.58,625.66,506.59,635.65,625.66,206.24,478.58,88.69,r sj Z q
6,0,1,1,0,26,11,STIX-Italic,8.169545412063599,309.15,636.91,456.51,647.73,636.91,194.16,309.15,138.77,"M sj = ( r sj + s sj ) ⋅ P , R sj = ( d sj + s sj ) ⋅ M ui"
6,0,1,1,0,35,11,STIX-Regular,7.682121175708192,308.98,646.0,509.62,659.19,646.0,182.7,308.98,85.66,"Auth sj = H 7 ( P pub , P RA 2 k , P RA 2 e , ID sj , PID ui , M sj , M ui , R sj ) ;"
6,0,1,1,0,30,11,STIX-Italic,7.73538457430326,365.11,659.55,552.77,672.95,659.55,168.94,365.11,42.5,"M sj , d tsj , V sj , t 1 , ID sj , S sj , Y sj , RA ID 2 k , Auth sj to the"
6,0,0,1,0,11,4,TimesNewRomanPSMT,9.0,308.98,671.7,527.46,703.5,671.7,138.39,308.98,67.82,"vehicle. Next, vehicle user verifies RSU and computes a session key:"
6,0,1,1,0,16,11,TimesNewRomanPSMT,7.277999973297119,308.98,711.7,552.74,724.89,711.7,117.0,308.98,42.53,(i) Check the public key P RA 2 k of authority RA 2 k whose RSU
6,0,1,1,0,31,11,STIX-Italic,7.733599967956543,308.97,733.85,552.71,747.04,733.85,94.85,308.97,42.56,"d tsj P = V sj + H 6 (ID sj , V sj , t 1 ) ⋅ P URA 2 k . If holds, the time key d tsj"
6,0,1,1,0,17,11,TimesNewRomanPSMT,7.231666644414266,308.97,746.0,552.75,759.19,746.0,82.7,308.97,42.53,for RSU is valid. If the public key P RA 2 k does not found or the
6,0,0,1,0,10,4,TimesNewRomanPSMT,9.0,308.97,758.15,552.77,769.96,758.15,71.93,308.97,42.5,"equation does not hold, vehicle terminates this session. That is"
6,0,1,1,0,11,11,TimesNewRomanPSMT,7.677999973297119,308.98,768.15,502.43,780.3,768.15,61.59,308.98,92.85,because the authority RA 2 k or RSU has been revoked;
6,1,1,1,0,7,5,Arial-BoldMT,8.0,42.52,213.51,170.0,224.7,213.51,617.19,42.52,425.27,Fig. 4 Time key update and revocation
6,1,1,1,0,8,5,Arial-BoldMT,8.0,42.52,553.69,222.22,564.88,553.69,277.01,42.52,373.05,Fig. 5 Mutual authentication and key agreement phase
6,0,1,1,0,19,5,Arial-ItalicMT,8.0,362.29,790.86,552.75,812.49,790.86,29.4,362.29,42.52,"IET Inf. Secur. , 2020, Vol. 14 Iss. 1, pp. 99-110 © The Institution of Engineering and Technology 2019"
6,0,0,1,0,35,9,Times-Roman,5.730000019073486,577.93,16.84,585.57,824.36,16.84,17.53,577.93,9.7,"17518717, 2020, 1, Downloaded from https://ietresearch.onlinelibrary.wiley.com/doi/10.1049/iet-ifs.2019.0249, Wiley Online Library on [01/07/2024]. See the Terms and Conditions (https://onlinelibrary.wiley.com/terms-and-conditions) on Wiley Online Library for rules of use; OA articles are governed by the applicable Creative Commons License"
7,0,1,1,0,36,11,TimesNewRomanPSMT,7.890937462449074,42.52,47.3,286.3,60.5,47.3,781.39,42.52,308.97,"(ii) Compute R sj ′ = ( r ui + s ui )( S sj + Y sj + H 3 (ID sj , Y sj + S sj ) ⋅ P RA 2 k )"
7,0,1,1,0,3,11,STIX-Regular,8.1299999554952,42.52,74.11,76.95,84.91,74.11,756.98,42.52,518.33,Auth′ sj =
7,0,1,1,0,34,11,STIX-Regular,7.552258030060799,72.76,69.2,245.77,85.12,69.2,756.77,72.76,349.51,"? H 7 ( P pub , P RA 2 k , P RA 2 e , ID sj , PID ui , M sj , M ui , R sj ′ ) ;"
7,0,1,1,0,28,11,STIX-Italic,8.072083294391632,42.52,95.08,199.62,108.06,95.08,733.83,42.52,395.66,"K 12 = ( r ui + s ui ) ⋅ M sj , R ui = ( d ui + s ui ) ⋅ M sj ,"
7,0,1,1,0,39,11,STIX-Regular,7.71944440735711,42.52,106.32,259.19,119.52,106.32,722.37,42.52,336.09,"Auth ui = H 8 ( P pub , P RA 2 k , P RA 2 e , ID sj , PID ui , M sj , M ui , R sj , R sj ′ ) ,"
7,0,1,1,0,42,11,STIX-Regular,7.679743558932573,42.52,128.47,265.44,141.67,128.47,700.22,42.52,329.84,"SK 12 = H 9 ( P pub , P RA 2 k , P RA 2 e , ID sj , PID ui , M sj , M ui , R ui , R sj ′ , K 12 ) ;"
7,0,1,1,0,9,11,TimesNewRomanPSMT,8.347499966621399,42.52,141.63,215.71,155.03,141.63,686.86,42.52,379.57,(iv) Return its certification Auth ui to the RSU.
7,0,0,1,0,13,4,TimesNewRomanPSMT,9.0,42.52,162.87,286.31,184.68,162.87,657.21,42.52,308.96,"Finally, RSU agrees on a session key with vehicle by the following steps:"
7,0,1,1,0,37,11,TimesNewRomanPSMT,7.9245454181324355,42.52,192.87,279.62,206.07,192.87,635.82,42.52,315.66,"(i) Compute R ui ′ = ( r sj + s sj )( S ui + Y ui + H 3 (ID ui , Y ui + S ui ) ⋅ P RA 2 e ) ;"
7,0,1,1,0,3,11,STIX-Regular,8.1299999554952,42.52,219.44,76.8,230.23,219.44,611.66,42.52,518.47,Auth′ ui =
7,0,1,1,0,36,11,STIX-Regular,7.560909054496071,72.61,214.52,257.15,230.45,214.52,611.44,72.61,338.13,"? H 8 ( P pub , P RA 2 k , P RA 2 e , ID sj , PID ui , M sj , M ui , R sj , R ui ′ )"
7,0,0,1,0,15,4,TimesNewRomanPSMT,9.0,42.52,217.25,286.3,251.21,217.25,590.68,42.52,308.98,"holds or not. If bolds, it turns to next step; otherwise, this session is terminated;"
7,0,1,1,0,63,11,TimesNewRomanPSMT,8.089999969188984,42.52,250.4,286.3,274.85,250.4,567.04,42.52,308.97,"(iii) Compute K 21 = ( r sj + s sj ) ⋅ M ui and agree on the session key SK 21 = H 9 ( P pub , P RA 2 k , P RA 2 e , ID sj , PID ui , M sj , M ui , R sj , R ui ′ , K 21 ) ."
7,0,0,1,0,9,4,TimesNewRomanPSMT,9.0,42.52,283.8,286.41,295.61,283.8,546.28,42.52,308.87,"During the mutual authentication and key agreement phase, legal"
7,0,1,1,0,19,11,TimesNewRomanPSMT,8.196923035841722,42.52,293.72,286.31,306.78,293.72,535.11,42.52,308.96,entity needs to ensure that R sj = R sj and R ui = R ui . The specific
7,0,0,1,0,5,4,TimesNewRomanPSMT,9.0,42.52,305.13,164.01,316.94,305.13,524.95,42.52,431.27,correctness analysis is as follows:
7,0,1,1,0,117,11,STIX-Italic,8.050909042358398,58.92,326.99,267.45,411.84,326.99,430.05,58.92,327.83,"R sj = ( d sj + s sj ) ⋅ M ui = ( d sj + s sj ) ⋅( r ui + s ui ) ⋅ P = ( r ui + s ui ) ⋅( d sj + s sj ) ⋅ P = ( r ui + s ui ) ⋅( y sj + H 3 (ID sj , Y sj + S sj ) ⋅ d URA 2 k + s sj ) ⋅ P = ( r ui + s ui ) ⋅( Y sj + S sj + H 3 (ID sj , Y sj + S sj ) ⋅ P TA 2 k ) = R sj ."
7,0,1,1,0,117,11,STIX-Italic,8.050909042358398,59.27,421.97,267.09,506.82,421.97,335.07,59.27,328.18,"R ui = ( d ui + s ui ) ⋅ M sj = ( d ui + s ui ) ⋅( r sj + s sj ) ⋅ P = ( r sj + s sj ) ⋅( d ui + s ui ) ⋅ P = ( r sj + s sj ) ⋅( y ui + H 3 (ID ui , Y ui + S ui ) ⋅ d URA 2 e + s ui ) ⋅ P = ( r sj + s sj ) ⋅( Y ui + S ui + H 3 (ID ui , Y ui + S ui ) ⋅ P TA 2 e ) = R ui ."
7,1,0,1,0,3,3,Arial-BoldMT,10.0,42.52,517.29,139.79,531.22,517.29,310.67,42.52,455.48,4 ௑Security analysis
7,0,1,1,0,106,4,Arial-ItalicMT,9.0,42.52,533.2,286.38,652.14,533.2,189.75,42.52,308.9,"4.1 Modified BR93 model In this section, we improve the BR93 model by adding a series of new oracle queries. These oracles allow adversary to arbitrarily access the information he needs and thereby enhance its attack capacity. Except for the Send , Reveal , Corrupt and Test query same as the BR93 model, we define new oracle queries as follows: Hash i ( M ) query: This oracle maintains an initial empty list for each hash function. It responds to adversary with specific message according to the received M . Upon receiving this query, the same response is given if the query has been asked before."
7,0,1,1,0,11,11,TimesNewRomanPSMT,7.955999946594238,52.52,651.28,268.07,663.43,651.28,178.46,52.52,327.21,"Otherwise, the oracle randomly selects a value r i Z q"
7,0,0,1,0,98,4,TimesNewRomanPSMT,9.0,45.67,651.28,286.36,758.83,651.28,83.06,45.67,308.91,"and records ( M , r i ) in the list L i , while returning r i to adversary A . Extract(U) query: Upon receiving this query, the same response is given if the query has been asked before. Otherwise, the oracle computes private key d U of U and returns to adversary. The difference between Extract and Corrupt query is that Extract query is sent before a session is established, while Corrupt query is sent after the session key agreement is completed. Update ( U , t ) query: This query allows adversary to obtain time"
7,0,1,1,0,12,11,TimesNewRomanPSMT,8.1299999554952,52.52,757.33,286.01,769.47,757.33,72.42,52.52,309.27,"key. Upon receiving this query, the oracle generates time key d tU"
7,0,1,1,0,11,4,TimesNewRomanPSMT,9.0,52.52,768.57,215.03,780.38,768.57,61.51,52.52,380.25,"associated with ( U , t ) and sends to adversary."
7,0,1,1,0,166,4,STIX-Regular,9.0,308.97,47.3,552.87,319.41,47.3,522.48,308.97,42.4,"ESL( U ) query: Upon receiving this query, the oracle returns random numbers used by instance U to adversary. This query models the ephemeral secret leakage (ESL) attacks. For convenience, client and server represent the vehicle user and RSU, respectively, to illustrate the mutual authentication process. Next, we describe some definitions [22] related to security properties. Definition 4: (Client-to-server authentication): Client-to-server authentication indicates that an adversary without the private key of a legitimate client cannot impersonate the client to communicate with server. Definition 5: (Server-to-client authentication): Server-to-client authentication means that an adversary without the private key of a legitimate server cannot impersonate the server to communicate with client. Definition 6: (Implicit key confirmation): Implicit key confirmation means that protocol assures that only the server/client can compute a session key that no others can produce. Definition 7: (Full forward secrecy): If an adversary cannot recover previous established session keys after corrupting both private keys of client and server, we say that the protocol offers full forward secrecy."
7,0,1,1,0,57,4,Arial-ItalicMT,9.0,308.97,329.72,552.85,399.25,329.72,442.64,308.97,42.43,"4.2 Provable security In this section, we will show that our protocol is provably secure in the modified BR93 model under the CDH assumption. Therefore, we need to construct an algorithm (simulation) B to solve CDH problem. Namely, given a random instance P , aP , bP in G 1 with unknown a , b Z q"
7,0,1,1,0,34,4,TimesNewRomanPSMT,9.0,308.97,386.95,552.76,421.41,386.95,420.48,308.97,42.51,", the algorithm B attempts to derive abP by interacting with adversary. We instantiate a CDH problem { P , Q 1 = x P , Q 2 = y P } . Let"
7,0,1,1,0,74,11,STIX-Italic,8.1299999554952,308.97,419.33,552.79,468.63,419.33,373.26,308.97,42.49,"q c , q s , q ns and q i denote the number of clients, servers, sessions and hash query H i , respectively. Simulation B randomly picks S ′ ∈{ q 1 , q 2 …, q s }, C ′ ∈{ q 1 , q 2 …, q c } , and x , y ∈{ q 1 , q 2 …, q ns } . We use the notations C"
7,0,1,1,0,3,11,STIX-Italic,7.259999910990397,383.0,451.26,418.64,468.63,451.26,373.26,383.0,176.63,i and S
7,0,1,1,0,8,11,STIX-Italic,7.694999933242798,416.26,455.42,552.83,467.65,455.42,374.24,416.26,42.44,j to indicate the ith instance of client
7,0,0,1,0,10,4,TimesNewRomanPSMT,9.0,308.98,467.73,552.82,479.54,467.73,362.35,308.98,42.46,"(vehicle user) and the jth instance of server (RSU), respectively."
7,0,1,1,0,7,11,TimesNewRomanPSMT,7.694999933242798,308.97,480.05,479.16,492.84,480.05,349.05,308.97,116.11,"Meanwhile, we assume that client instance C"
7,0,1,1,0,4,11,STIX-Italic,7.694999933242798,475.1,475.47,552.52,491.86,475.47,350.03,475.1,42.75,x and server instance
7,0,1,1,0,3,11,STIX-Italic,7.694999933242798,318.13,489.68,369.83,506.07,489.68,335.82,318.13,225.45,y are partners.
7,0,1,1,0,10,4,TimesNewRomanPSMT,9.0,308.97,505.99,552.77,527.95,505.99,313.94,308.97,42.51,The simulation B initialises the system parameters as follows: simulation
7,0,1,1,0,31,11,STIX-Regular,8.183846143575815,308.98,526.62,501.2,538.93,526.62,302.96,308.98,94.08,"params = G 1 , G 2 , e ^ , q , P , P pub , H 1 , H i ( i = 2, 3, …, 9) ,"
7,0,1,1,0,16,11,STIX-Italic,8.399090896953236,308.98,537.72,552.75,550.85,537.72,291.04,308.98,42.53,P pub = z P as system public key for CA 1 and z is the
7,0,1,1,0,25,11,STIX-Regular,7.235714253925142,312.58,559.48,552.51,573.71,559.48,268.18,312.58,42.77,"RA 2 k , RA ID 2 k , P RA 2 k = z k P for registration authority RA 2 k , where"
7,0,1,1,0,10,11,TimesNewRomanPS-ItalicMT,8.25428567613874,308.98,572.42,432.04,584.72,572.42,257.17,308.98,163.24,z and z k are random values in Z q
7,0,1,1,0,6,4,TimesNewRomanPSMT,9.0,432.04,572.42,552.76,584.38,572.42,257.51,432.04,42.52,". Finally, simulation B sends the"
7,0,1,1,0,12,11,TimesNewRomanPSMT,7.677999973297119,308.98,583.82,552.76,595.97,583.82,245.92,308.98,42.52,public parameters ‘params’ and public key of authority RA 2 k to
7,0,1,1,0,12,4,TimesNewRomanPSMT,9.0,308.98,594.92,552.78,606.88,594.92,235.01,308.98,42.5,adversary A . Note that simulation B picks nine random oracles as
7,0,1,1,0,19,11,TimesNewRomanPSMT,8.47799997329712,308.97,605.07,552.75,617.22,605.07,224.67,308.97,42.52,"hash functions H i , i = 1, …, 9 , and maintains nine lists L i , for"
7,0,1,1,0,12,4,STIX-Italic,9.0,308.98,616.32,451.41,638.43,616.32,203.46,308.98,143.86,"i = 1, …, 9 , which are initial empty list. Next,"
7,0,0,1,0,74,4,TimesNewRomanPSMT,9.0,308.98,626.62,552.83,710.66,626.62,131.23,308.98,42.45,"instance { P , Q 1 = x P , Q 2 = y P } of CDH problem inside the specific queries. The adversary can send eight kinds of queries, including Hash , Extract , Update , Corrupt , ESL , Send , Reveal and Test query. The response way of simulation B is as follows: H i ( M ) query: The response to Hash query is the same as Section 4.1."
7,0,1,1,0,13,11,TimesNewRomanPS-ItalicMT,8.47799997329712,312.12,709.69,552.76,722.0,709.69,119.89,312.12,42.52,Extract (ID U ) query: Simulation B maintains a list L e about
7,0,1,1,0,21,11,STIX-Regular,7.747499966621399,318.98,721.1,422.14,734.29,721.1,107.6,318.98,173.14,"(ID sj , Y sj , S sj , r 3 , d sj , RA ID 2 k ) ."
7,0,1,1,0,7,11,STIX-Regular,8.25428567613874,516.78,721.1,552.76,733.25,721.1,108.64,516.78,42.52,"(ID sj , S sj ) ,"
7,0,1,1,0,26,4,TimesNewRomanPSMT,9.0,318.98,733.09,552.77,766.34,733.09,75.55,318.98,42.5,"simulation B returns the same response to adversary if this query has been asked before. Specifically, B firstly chooses random numbers a , b Z q"
7,0,1,1,0,17,11,TimesNewRomanPSMT,8.0557142666408,384.73,754.04,552.76,767.39,754.04,74.5,384.73,42.52,", and computes Y sj = a P + b P RA 2 k . Then, B"
7,0,1,1,0,19,11,TimesNewRomanPSMT,8.559333324432373,318.98,766.19,552.76,779.33,766.19,62.56,318.98,42.51,"computes d sj = a mod q , r 3 = ( − b ) mod q and records"
7,0,1,1,0,19,5,Arial-ItalicMT,8.0,42.52,790.85,232.95,812.49,790.85,29.4,42.52,362.32,"IET Inf. Secur. , 2020, Vol. 14 Iss. 1, pp. 99-110 © The Institution of Engineering and Technology 2019"
7,0,0,1,0,35,9,Times-Roman,5.730000019073486,577.93,16.84,585.57,824.36,16.84,17.53,577.93,9.7,"17518717, 2020, 1, Downloaded from https://ietresearch.onlinelibrary.wiley.com/doi/10.1049/iet-ifs.2019.0249, Wiley Online Library on [01/07/2024]. See the Terms and Conditions (https://onlinelibrary.wiley.com/terms-and-conditions) on Wiley Online Library for rules of use; OA articles are governed by the applicable Creative Commons License"
8,0,1,1,0,60,11,STIX-Regular,7.884871764060779,52.52,47.3,286.3,72.65,47.3,769.24,52.52,308.98,"(ID sj , Y sj , S sj , r 3 ) and (ID sj , Y sj , S sj , r 3 , d sj , RA ID 2 k ) in L 3 and L e , respectively. Finally, simulation B returns ( Y sj , d sj , RA ID 2 k ) to A ."
8,0,1,1,0,13,11,TimesNewRomanPS-ItalicMT,8.73899998664856,45.67,72.45,286.3,84.75,72.45,757.14,45.67,308.98,"Update (ID, t ) query: Simulation B maintains a list L t about"
8,0,1,1,0,35,11,STIX-Regular,7.591612877384309,52.52,83.85,286.3,97.05,83.85,744.84,52.52,308.98,"(ID sj , V sj , t 1 , r 6 , d tsj , RA ID 2 k ) . Upon receiving (ID sj , t 1 , RA ID 2 k ) ,"
8,0,1,1,0,26,4,TimesNewRomanPSMT,9.0,52.52,95.85,286.36,129.1,95.85,712.79,52.52,308.92,"simulation B returns the same response to adversary if the query has been asked before. Generally, B firstly chooses random numbers a , b Z q"
8,0,1,1,0,16,11,TimesNewRomanPSMT,8.0557142666408,118.56,116.79,286.3,130.14,116.79,711.75,118.56,308.97,"and computes V sj = a P + b P RA 2 k . Then, B"
8,0,1,1,0,7,11,STIX-Italic,8.627142838069371,97.44,129.1,154.59,142.08,129.1,699.81,97.44,440.69,"d tsj = a mod q ,"
8,0,1,1,0,9,11,STIX-Italic,8.333333333333334,162.77,131.26,225.97,141.73,131.26,700.16,162.77,369.31,r 6 = ( − b ) mod q
8,0,1,1,0,40,11,STIX-Regular,7.81358971962562,52.52,140.35,286.3,153.54,140.35,688.35,52.52,308.98,"(ID sj , V sj , t 1 , r 6 ) and (ID sj , V sj , t 1 , r 6 , d tsj , RA ID 2 k ) in L 6 and L t ,"
8,0,1,1,0,9,4,TimesNewRomanPSMT,9.0,52.52,152.34,284.48,164.3,152.34,677.59,52.52,310.8,"respectively. Finally, simulation B returns the latter to adversary."
8,0,1,1,0,3,11,TimesNewRomanPS-ItalicMT,8.1299999554952,45.67,163.34,102.17,178.6,163.34,663.29,45.67,493.11,Corrupt (∏ U
8,0,1,1,0,9,11,STIX-Italic,8.347499966621399,97.55,163.42,286.3,177.62,163.42,664.27,97.55,308.98,"k ) query: Upon receiving this query, simulation B"
8,0,1,1,0,12,4,TimesNewRomanPSMT,9.0,52.52,177.55,285.36,189.51,177.55,652.38,52.52,309.91,returns both private key and time key of instance U to adversary.
8,0,1,1,1,2,11,STIX-Regular,7.694999933242798,45.67,190.89,85.63,203.81,190.89,638.08,45.67,509.65,ESL(∏ U
8,0,1,1,0,13,11,STIX-Italic,8.1299999554952,81.02,188.63,286.34,202.83,188.63,639.06,81.02,308.94,k ) : The response to ESL query is the same as Section
8,0,1,1,0,13,11,STIX-Italic,8.47799997329712,83.01,213.84,286.34,228.04,213.84,613.85,83.01,308.94,"k , M ) : There are three cases according to the received"
8,0,1,1,0,9,4,TimesNewRomanPSMT,9.0,42.52,227.97,119.21,259.93,227.97,581.96,42.52,476.07,message M . Case 1: M =′ begin .
8,0,1,1,0,3,11,TimesNewRomanPSMT,7.694999933242798,42.52,270.74,76.24,283.53,270.74,558.36,42.52,519.03,(i) If C
8,0,1,1,0,11,11,STIX-Italic,8.021249949932098,98.28,266.16,232.84,282.89,266.16,559.0,98.28,362.43,"x , B selects a random value r ui Z q"
8,0,1,1,0,13,11,STIX-Italic,8.288181781768799,42.69,282.63,115.55,295.61,282.63,546.28,42.69,479.72,"M ui = ( r ui + s ui ) ⋅ P ,"
8,0,1,1,0,31,11,STIX-Italic,7.835769194823045,42.52,294.08,197.91,322.5,294.08,519.39,42.52,397.37,"M ui , d tui , V ui , t 2 , PID ui , S ui , Y ui , RA ID 2 e to A . (ii) If C"
8,0,1,1,0,4,11,STIX-Italic,7.259999910990397,74.75,307.31,105.1,322.5,307.31,519.39,74.75,490.17,i = ∏ C
8,0,1,1,0,10,11,STIX-Italic,8.25428567613874,101.04,305.13,232.57,321.86,305.13,520.03,101.04,362.7,"x , B selects a random value a Z q"
8,0,1,1,0,9,11,STIX-Italic,8.265555540720621,42.69,321.6,106.25,334.58,321.6,507.31,42.69,489.02,"M ui = a P + Q 1 ,"
8,0,1,1,0,64,11,STIX-Italic,7.91892853804997,42.52,333.05,243.39,392.97,333.05,448.92,42.52,351.88,"M ui , d tui , V ui , t 2 , PID ui , S ui , Y ui , RA ID 2 e , a to adversary A . Case 2: M = M ui , d tui , V ui , t 2 , PID ui , S ui , Y ui , RA ID 2 e . (i) If C"
8,0,1,1,0,3,11,STIX-Italic,7.259999910990397,105.09,375.6,149.13,392.97,375.6,448.92,105.09,446.15,x and S
8,0,1,1,0,6,11,STIX-Italic,8.347499966621399,171.03,375.6,286.3,391.99,375.6,449.9,171.03,308.98,"y , simulation B responds to"
8,0,0,1,0,6,4,TimesNewRomanPSMT,9.0,42.52,392.07,220.51,403.88,392.07,438.01,42.52,374.77,adversary according to the protocol specification.
8,0,1,1,0,3,11,TimesNewRomanPSMT,7.694999933242798,42.52,405.39,85.81,418.18,405.39,423.71,42.52,509.47,(ii) If C
8,0,1,1,0,3,11,STIX-Italic,7.259999910990397,107.84,400.81,152.14,418.18,400.81,423.71,107.84,443.14,x and S
8,0,1,1,0,4,11,STIX-Italic,7.259999910990397,149.76,403.0,177.08,418.18,403.0,423.71,149.76,418.2,j = ∏ S
8,0,1,1,0,23,11,STIX-Italic,8.347499966621399,42.52,400.81,286.3,429.59,400.81,412.3,42.52,308.97,"y , simulation B checks the authority RA 2 e and time key d tui . When both of them are valid, B"
8,0,1,1,0,3,11,STIX-Italic,8.1299999554952,181.19,431.64,204.71,441.62,431.64,400.27,181.19,390.57,c Z q
8,0,1,1,0,40,11,STIX-Italic,7.855526284167641,42.69,442.89,284.03,453.92,442.89,387.97,42.69,311.24,"M sj = cP + Q 2 , R sj = ( r ui + s ui )( Q 2 + Y sj + H 3 (ID sj , Y sj + S sj ) ⋅ P RA 2 k"
8,0,1,1,0,37,11,TimesNewRomanPSMT,7.720882317599128,42.52,463.72,286.3,476.92,463.72,364.97,42.52,308.97,"and Auth sj = H 7 ( P pub , P RA 2 k , P RA 2 e , ID sj , PID ui , M sj , M ui , R sj ) . Then,"
8,0,1,1,0,30,11,STIX-Italic,7.782222182662399,103.11,478.43,262.53,489.47,478.43,352.42,103.11,332.75,"M sj , d tsj , V sj , t 1 , ID sj , S sj , Y sj , RA ID 2 k , Auth sj , c"
8,0,0,1,0,15,4,TimesNewRomanPSMT,9.0,42.52,476.27,286.3,510.23,476.27,331.66,42.52,308.97,"to adversary. If the authority or time key is invalid, simulation B terminates this session."
8,0,1,1,0,3,11,TimesNewRomanPSMT,7.694999933242798,42.52,511.74,80.14,524.53,511.74,317.36,42.52,515.14,(iii) If C
8,0,1,1,0,4,11,STIX-Italic,7.259999910990397,75.87,509.35,106.23,524.53,509.35,317.36,75.87,489.05,i = ∏ C
8,0,1,1,0,3,11,STIX-Italic,7.259999910990397,102.17,507.16,138.29,524.53,507.16,317.36,102.17,456.98,x and S
8,0,1,1,0,10,11,STIX-Italic,7.847499966621399,160.2,507.16,286.31,523.89,507.16,318.0,160.2,308.97,"y , B checks the authority RA 2 e and"
8,0,1,1,0,20,11,TimesNewRomanPSMT,8.564999977747599,42.52,523.48,286.3,546.68,523.48,295.21,42.52,308.98,"time key d tui . When both of them are valid, simulation B responds to adversary according to the protocol."
8,0,1,1,0,3,11,TimesNewRomanPSMT,7.694999933242798,42.52,548.2,79.8,560.98,548.2,280.91,42.52,515.47,(iv) If C
8,0,1,1,0,4,11,STIX-Italic,7.259999910990397,75.54,545.8,105.9,560.98,545.8,280.91,75.54,489.38,i = ∏ C
8,0,1,1,0,3,11,STIX-Italic,7.259999910990397,101.84,543.62,138.13,560.98,543.62,280.91,101.84,457.14,x and S
8,0,1,1,0,4,11,STIX-Italic,7.259999910990397,135.76,545.8,163.07,560.98,545.8,280.91,135.76,432.2,j = ∏ S
8,0,1,1,0,34,11,STIX-Italic,8.347499966621399,42.52,543.62,286.34,584.43,543.62,257.46,42.52,308.94,"y , simulation B checks the validity of registration authority RA 2 e and time key d tui . When both of them are valid, B selects random numbers c , d Z q"
8,0,1,1,0,8,11,STIX-Italic,8.1737499833107,42.69,583.53,99.32,596.51,583.53,245.38,42.69,495.96,"M sj = cP + Q 2 ,"
8,0,1,1,0,6,11,STIX-Italic,7.898333311080933,134.71,583.53,168.38,596.51,583.53,245.38,134.71,426.89,"S sj = Q 2 ,"
8,0,1,1,0,4,11,STIX-Italic,8.347499966621399,203.95,585.69,235.66,596.51,585.69,245.38,203.95,359.62,R sj = dP
8,0,1,1,0,100,11,STIX-Regular,7.720882317599128,42.52,594.62,286.3,643.24,594.62,198.65,42.52,308.97,"Auth sj = H 7 ( P pub , P RA 2 k , P RA 2 e , ID sj , PID ui , M sj , M ui , R sj ) . Then, B returns M ui , d tui , V ui , t 2 , PID ui , S ui , Y ui , TA ID 2 e , c to adversary. Case 3: M = M sj , d tsj , V sj , t 1 , ID sj , S sj , Y sj , RA ID 2 k , Auth sj ."
8,0,1,1,0,3,11,TimesNewRomanPSMT,7.694999933242798,42.52,654.31,83.05,667.09,654.31,174.8,42.52,512.22,(i) If C
8,0,1,1,0,3,11,STIX-Italic,7.259999910990397,105.09,649.73,149.13,667.09,649.73,174.8,105.09,446.15,x and S
8,0,1,1,0,6,11,STIX-Italic,8.347499966621399,171.03,649.73,286.3,666.12,649.73,175.77,171.03,308.98,"y , simulation B responds to"
8,0,0,1,0,5,4,TimesNewRomanPSMT,9.0,42.52,666.19,172.26,678.0,666.19,163.89,42.52,423.02,adversary according to the protocol.
8,0,1,1,0,3,11,TimesNewRomanPSMT,7.694999933242798,42.52,679.51,85.81,692.3,679.51,149.59,42.52,509.47,(ii) If C
8,0,1,1,0,3,11,STIX-Italic,7.259999910990397,107.84,674.93,152.14,692.3,674.93,149.59,107.84,443.14,x and S
8,0,1,1,0,4,11,STIX-Italic,7.259999910990397,149.76,677.12,177.08,692.3,677.12,149.59,149.76,418.2,j = ∏ S
8,0,1,1,0,23,11,STIX-Italic,8.347499966621399,42.52,674.93,286.3,703.55,674.93,138.34,42.52,308.97,"y , simulation B checks the authority RA 2 k and time key d tsj . If both of them are valid, B"
8,0,1,1,0,35,11,STIX-Italic,7.804062470793724,96.36,702.65,286.3,715.85,702.65,126.04,96.36,308.97,"R sj ′ = ( r ui + s ui )( Q 2 + Y sj + H 3 (ID sj , Y sj + Q 2 ) ⋅ P RA 2 k ) ."
8,0,1,1,0,3,11,STIX-Regular,8.1299999554952,42.52,728.21,76.95,739.01,728.21,102.88,42.52,518.33,Auth′ sj =
8,0,1,1,0,35,11,STIX-Regular,7.552258030060799,72.76,723.3,286.31,739.22,723.3,102.67,72.76,308.97,"? H 7 ( P pub , P RA 2 k , P RA 2 e , ID sj , PID ui , M sj , M ui , R sj ′ ) holds or"
8,0,1,1,0,20,11,TimesNewRomanPSMT,8.211333306630452,42.52,738.03,286.3,751.16,738.03,90.73,42.52,308.97,"not. If holds, B computes K 12 = ( r ui + s ui ) ⋅ M sj . Otherwise,"
8,0,1,1,0,5,4,TimesNewRomanPSMT,9.0,42.53,749.27,173.78,761.23,749.27,80.66,42.53,421.49,simulation B terminates this session.
8,0,1,1,0,3,11,TimesNewRomanPSMT,7.694999933242798,308.98,49.62,353.26,62.41,49.62,779.48,308.98,242.01,(iii) If C
8,0,1,1,0,4,11,STIX-Italic,7.259999910990397,349.0,47.23,379.36,62.41,47.23,779.48,349.0,215.92,i = ∏ C
8,0,1,1,0,3,11,STIX-Italic,7.259999910990397,375.3,45.04,418.09,62.41,45.04,779.48,375.3,177.19,x and S
8,0,1,1,0,6,11,STIX-Italic,8.347499966621399,439.99,45.04,552.76,61.43,45.04,780.46,439.99,42.51,"y , simulation B responds to"
8,0,0,1,0,5,4,TimesNewRomanPSMT,9.0,308.97,61.51,438.71,73.32,61.51,768.57,308.97,156.57,adversary according to the protocol.
8,0,1,1,0,3,11,TimesNewRomanPSMT,7.694999933242798,308.97,74.83,353.76,87.61,74.83,754.28,308.97,241.51,(iv) If C
8,0,1,1,0,4,11,STIX-Italic,7.259999910990397,349.5,72.43,379.86,87.61,72.43,754.28,349.5,215.42,i = ∏ C
8,0,1,1,0,3,11,STIX-Italic,7.259999910990397,375.8,70.25,419.6,87.61,70.25,754.28,375.8,175.68,x and S
8,0,1,1,0,4,11,STIX-Italic,7.259999910990397,417.22,72.43,444.54,87.61,72.43,754.28,417.22,150.74,j = ∏ S
8,0,1,1,0,23,11,STIX-Italic,8.347499966621399,308.98,70.25,552.76,98.86,70.25,743.03,308.98,42.52,"y , simulation B checks the authority RA 2 k and time key d tsj . If both of them are valid, B"
8,0,1,1,0,9,11,STIX-Italic,8.347499966621399,357.6,100.09,417.46,110.95,100.09,730.94,357.6,177.81,R sj ′ = R sj = d P
8,0,1,1,0,3,11,STIX-Regular,8.1299999554952,308.98,112.69,343.41,123.48,112.69,718.41,308.98,251.87,Auth′ sj =
8,0,1,1,0,35,11,STIX-Regular,7.552258030060799,339.22,107.77,552.76,123.69,107.77,718.2,339.22,42.51,"? H 7 ( P pub , P RA 2 k , P RA 2 e , ID sj , PID ui , M sj , M ui , R sj ′ ) holds or"
8,0,1,1,0,12,11,TimesNewRomanPSMT,8.6737499833107,308.98,123.44,496.7,135.74,123.44,706.15,308.98,98.57,"not. If holds, B chooses random values b , e Z q"
8,0,1,1,0,50,11,STIX-Italic,8.161818157542836,308.98,134.84,525.5,159.29,134.84,682.6,308.98,69.78,"R ui = bP , K 12 = eM sj , Auth ui = H 8 ( P pub , P RA 2 k , P RA 2 e , ID sj , PID ui , M sj , M ui , R ui , R sj ′ ) ,"
8,0,1,1,0,42,11,STIX-Regular,7.679743558932573,308.98,168.24,531.64,181.44,168.24,660.45,308.98,63.63,"SK 12 = H 9 ( P pub , P RA 2 k , P RA 2 e , ID sj , PID ui , M sj , M ui , R ui , R sj ′ , K 12 ) ."
8,0,1,1,0,7,11,TimesNewRomanPSMT,8.564999977747599,308.98,180.24,451.76,193.8,180.24,648.09,308.98,143.52,"Finally, B returns Auth ui to adversary."
8,0,1,1,0,13,11,STIX-Italic,7.694999933242798,356.46,201.57,544.91,216.75,201.57,625.14,356.46,50.37,k ) : There are four cases in terms of the instance U
8,0,1,1,0,5,11,STIX-Italic,7.694999933242798,308.97,199.38,547.45,231.96,199.38,609.93,308.97,47.83,k . (i) If C
8,0,1,1,0,3,11,STIX-Italic,7.259999910990397,364.57,214.59,401.64,231.96,214.59,609.93,364.57,193.63,x and S
8,0,1,1,0,7,11,STIX-Italic,8.347499966621399,423.55,214.59,552.78,230.98,214.59,610.91,423.55,42.49,"y , B returns the established session"
8,0,1,1,0,6,11,TimesNewRomanPSMT,7.694999933242798,308.98,233.38,426.78,246.17,233.38,595.72,308.98,168.49,key SK once the instance U
8,0,1,1,0,6,11,STIX-Italic,8.1299999554952,422.17,228.8,552.76,245.19,228.8,596.7,422.17,42.52,"k accepts a session. Otherwise, B"
8,0,0,1,0,5,4,TimesNewRomanPSMT,9.0,308.97,245.26,380.47,270.39,245.26,571.5,308.97,214.8,returns a null value. (ii)
8,0,1,1,0,4,11,STIX-Italic,7.259999910990397,457.23,256.19,484.55,271.37,256.19,570.52,457.23,110.73,j = ∏ S
8,0,1,1,0,42,11,STIX-Regular,7.679743558932573,308.98,270.47,552.76,283.67,270.47,558.22,308.98,42.52,"SK 12 = H 9 ( P pub , P RA 2 k , P RA 2 e , ID sj , PID ui , M sj , M ui , R ui , R sj ′ , K 12 ) once"
8,0,1,1,0,63,11,STIX-Italic,7.804062470793724,309.15,296.83,499.09,321.96,296.83,519.93,309.15,96.18,"R sj ′ = ( r ui + s ui )( Q 2 + Y sj + H 3 (ID sj , Y sj + Q 2 ) ⋅ P RA 2 k ) , R ui = ( d ui + s ui ) ⋅ M sj , K 12 = ( r ui + s ui ) ⋅ M sj ."
8,0,1,1,0,4,11,STIX-Italic,7.259999910990397,370.51,321.16,400.87,336.34,321.16,505.55,370.51,194.41,i = ∏ C
8,0,1,1,0,42,11,STIX-Regular,7.679743558932573,308.98,335.44,531.64,348.63,335.44,493.26,308.98,63.63,"SK 21 = H 9 ( P pub , P RA 2 k , P RA 2 e , ID sj , PID ui , M sj , M ui , R sj , R ui ′ , K 12 ) ,"
8,0,1,1,0,66,11,STIX-Italic,7.804062470793724,308.98,347.59,552.75,387.1,347.59,454.79,308.98,42.52,"R ui ′ = ( r sj + s sj )( Q 1 + Y ui + H 3 (ID ui , Y ui + Q 1 ) ⋅ P RA 2 e ) , R sj = ( d sj + s sj ) ⋅ M ui , K 12 = ( r sj + s sj ) ⋅ M ui . (iv) If C"
8,0,1,1,0,4,11,STIX-Italic,7.259999910990397,346.44,371.91,376.8,387.1,371.91,454.79,346.44,218.48,i = ∏ C
8,0,1,1,0,3,11,STIX-Italic,7.259999910990397,372.74,369.73,413.47,387.1,369.73,454.79,372.74,181.8,x and S
8,0,1,1,0,4,11,STIX-Italic,7.259999910990397,411.1,371.91,438.41,387.1,371.91,454.79,411.1,156.86,j = ∏ S
8,0,1,1,0,7,11,STIX-Italic,8.347499966621399,435.38,369.73,552.75,386.12,369.73,455.77,435.38,42.52,"y , simulation B returns a null"
8,0,0,1,0,38,4,TimesNewRomanPSMT,9.0,308.97,386.19,552.85,458.0,386.19,383.89,308.97,42.42,"value. In the following content, we prove the security properties of the protocol with five theorems. The security properties includes: (i) server-to-client authentication, (ii) client-to-server authentication, (iii) key agreement, (iv) implicit key confirmation and (v) full forward secrecy."
8,0,1,1,0,10,11,Arial-ItalicMT,7.463333288828532,308.97,469.68,552.59,481.65,469.68,360.24,308.97,42.69,4.2.1 Server-to-client authentication: Let the symbol Event S 2 C
8,0,0,1,0,8,4,TimesNewRomanPSMT,9.0,308.97,479.98,552.84,491.79,479.98,350.1,308.97,42.44,denote the event violating the server-to-client authentication when
8,0,1,1,0,9,11,STIX-Italic,7.694999933242798,353.73,487.72,552.73,504.11,487.72,337.78,353.73,42.54,i accepts an adversary who does not possess a
8,0,0,1,0,67,4,TimesNewRomanPSMT,9.0,308.97,504.19,552.89,596.3,504.19,245.59,308.97,42.39,"legitimate private key of server. We denote the event probability as Pr [ S 2 C ] . Theorem 1: In the modified BR93 model, suppose that a PPT adversary can violate the server-to-client authentication with non- negligible advantage, then we can construct an algorithm to solve the CDH problem with non-negligible advantage. Proof: We discuss the event probability Pr [ S 2 C ] of server-to-"
8,0,1,1,0,7,11,TimesNewRomanPSMT,7.694999933242798,308.98,597.12,506.55,609.9,597.12,231.99,308.98,88.72,client authentication. The probability of event C
8,0,1,1,0,4,11,STIX-Italic,7.259999910990397,502.29,594.72,532.65,609.9,594.72,231.99,502.29,62.63,i = ∏ C
8,0,1,1,0,4,11,STIX-Italic,7.259999910990397,318.79,608.93,346.11,624.11,608.93,217.78,318.79,249.17,j = ∏ S
8,0,1,1,0,17,11,STIX-Italic,8.021249949932098,308.98,606.74,552.75,638.32,606.74,203.57,308.98,42.52,y happen simultaneously is 1/ q n q m . If adversary do not send ESL(∏ U
8,0,1,1,0,5,11,STIX-Italic,7.955999946594238,359.26,623.14,433.85,638.32,623.14,203.57,359.26,161.43,k ) and Reveal(∏ U
8,0,1,1,0,7,11,STIX-Italic,8.47799997329712,429.23,623.14,552.76,637.34,623.14,204.55,429.23,42.52,"k ) query, algorithm B will not"
8,0,0,1,0,9,4,TimesNewRomanPSMT,9.0,308.97,637.42,552.83,649.23,637.42,192.66,308.97,42.45,"terminate this game. Meanwhile, the probability of achieving a"
8,0,1,1,0,6,11,TimesNewRomanPSMT,8.347499966621399,308.97,648.36,400.55,660.74,648.36,181.15,308.97,194.73,successful session is 1/ q s
8,0,1,1,0,31,11,STIX-Regular,7.821111096276177,308.97,648.21,552.77,672.2,648.21,169.69,308.97,42.51,"2 . As H 3 is a random oracle, B can find R sj in the list L 3 in the probability of 1/ q i . Therefore, we can compute"
8,0,1,1,0,5,4,TimesNewRomanPS-ItalicMT,9.0,308.97,671.15,417.98,683.11,671.15,158.78,308.97,177.3,xyP in the following equation:
8,0,1,1,0,12,11,STIX-Regular,7.680833299954732,390.86,693.16,491.31,703.15,693.16,138.74,390.86,103.96,= R sj d sj Q 1 aQ 2 ad sj P
8,0,1,1,0,9,11,TimesNewRomanPSMT,8.1299999554952,308.97,714.57,460.13,727.36,714.57,114.53,308.97,135.15,where d sj can be obtained by Corrupt(∏ U
8,0,1,1,0,3,11,STIX-Italic,8.1299999554952,455.51,712.18,488.82,726.38,712.18,115.51,455.51,106.46,k ) query.
8,0,0,1,0,27,4,TimesNewRomanPSMT,9.0,308.98,726.46,552.78,768.57,726.46,73.32,308.98,42.5,"Therefore, if an adversary can impersonate server to authenticate with client in a non-negligible advantage , then simulation B can solve CDH problem in a non-negligible advantage"
8,0,1,1,0,19,5,Arial-ItalicMT,8.0,362.29,790.85,552.75,812.49,790.85,29.4,362.29,42.52,"IET Inf. Secur. , 2020, Vol. 14 Iss. 1, pp. 99-110 © The Institution of Engineering and Technology 2019"
8,0,0,1,0,35,9,Times-Roman,5.730000019073486,577.93,16.84,585.57,824.36,16.84,17.53,577.93,9.7,"17518717, 2020, 1, Downloaded from https://ietresearch.onlinelibrary.wiley.com/doi/10.1049/iet-ifs.2019.0249, Wiley Online Library on [01/07/2024]. See the Terms and Conditions (https://onlinelibrary.wiley.com/terms-and-conditions) on Wiley Online Library for rules of use; OA articles are governed by the applicable Creative Commons License"
9,0,1,1,0,7,4,STIX-Regular,9.0,116.6,54.41,157.18,63.63,54.41,778.26,116.6,438.1,Pr [ S 2 C ] =
9,0,1,1,0,6,11,STIX-Italic,7.694999933242798,160.67,60.91,183.39,71.16,60.91,770.73,160.67,411.88,q n q m q s
9,0,1,1,0,3,11,STIX-Regular,6.796666622161865,181.26,59.73,189.68,71.11,59.73,770.78,181.26,405.59,2 q i
9,0,0,1,0,3,4,STIX-Regular,9.0,193.18,54.43,286.3,65.59,54.43,776.3,193.18,308.98,< . (5)
9,0,0,1,0,10,4,TimesNewRomanPSMT,9.0,42.52,80.26,286.34,102.07,80.26,739.82,42.52,308.93,"In summary, our protocol can achieve the server-to-client authentication. □"
9,0,1,1,0,10,11,Arial-ItalicMT,7.463333288828532,42.52,113.74,286.22,125.71,113.74,716.18,42.52,309.05,4.2.2 Client-to-server authentication: Let the symbol Event C 2 S
9,0,0,1,0,8,4,TimesNewRomanPSMT,9.0,42.52,124.04,286.37,135.85,124.04,706.04,42.52,308.91,denote the event violating the client-to-server authentication when
9,0,1,1,0,9,11,STIX-Italic,7.694999933242798,88.22,135.94,286.33,148.17,135.94,693.72,88.22,308.95,j accepts an adversary who does not possess a
9,0,0,1,0,86,4,TimesNewRomanPSMT,9.0,42.52,148.25,286.38,260.67,148.25,581.22,42.52,308.9,"legitimate private key of client. We denote the event probability as Pr [ C 2 S ] . Theorem 2: In the modified BR93 model, suppose that a PPT adversary can violate the client-to-server authentication with non- negligible advantage, then we can construct an algorithm B to solve the CDH problem with non-negligible advantage. Proof: We discuss the event probability Pr [ C 2 S ] of client-to- server authentication. The proof process is similar to server-to- client authentication in Theorem 1. The probability of event"
9,0,1,1,0,4,11,STIX-Italic,7.259999910990397,51.52,258.78,81.88,273.97,258.78,567.92,51.52,513.4,i = ∏ C
9,0,1,1,0,3,11,STIX-Italic,7.259999910990397,77.82,256.6,121.51,273.97,256.6,567.92,77.82,473.76,x and S
9,0,1,1,0,4,11,STIX-Italic,7.259999910990397,119.14,258.78,146.45,273.97,258.78,567.92,119.14,448.82,j = ∏ S
9,0,1,1,0,10,11,STIX-Italic,8.021249949932098,143.42,256.6,286.3,273.59,256.6,568.3,143.42,308.97,y happen simultaneously is 1/ q n q m .
9,0,0,1,0,9,4,TimesNewRomanPSMT,9.0,42.52,273.07,286.32,284.87,273.07,557.02,42.52,308.95,"Meanwhile, the probability of achieving a successful session is"
9,0,1,1,0,3,11,STIX-Regular,8.1299999554952,42.52,286.18,57.37,296.39,286.18,545.5,42.52,537.9,1/ q s
9,0,1,1,0,23,11,STIX-Regular,7.9237499833106995,55.25,283.86,286.3,296.22,283.86,545.67,55.25,308.97,"2 . As H 3 is a random oracle, B can find R sj or R ui in the list L 3 in"
9,0,1,1,0,16,11,TimesNewRomanPSMT,8.627142838069371,42.52,295.33,286.32,318.76,295.33,523.13,42.52,308.96,"the probability of 1/ q i . Therefore, we can compute xyP in the following equation:"
9,0,1,1,0,13,11,STIX-Italic,7.7823076614966755,103.39,328.81,223.09,338.8,328.81,503.09,103.39,372.19,xyP = R sj d sj Q 1 aQ 2 ad sj P
9,0,1,1,0,14,11,STIX-Italic,7.869285685675485,103.66,355.76,222.83,365.74,355.76,476.15,103.66,372.45,xyP = R sj cQ 1 d ui Q 2 cd ui P .
9,0,1,1,0,12,11,TimesNewRomanPSMT,8.1299999554952,42.52,377.16,209.81,389.95,377.16,451.94,42.52,385.47,"where, d sj , d ui can be obtained by Corrupt(∏ U"
9,0,1,1,0,3,11,STIX-Italic,8.1299999554952,205.2,374.77,238.51,388.97,374.77,452.92,205.2,356.77,k ) query.
9,0,0,1,0,27,4,TimesNewRomanPSMT,9.0,42.52,389.05,286.31,421.16,389.05,420.73,42.52,308.97,"Therefore, if an adversary can impersonate client to authenticate with server in a non-negligible advantage , then simulation B can solve CDH problem in a non-negligible advantage"
9,0,1,1,0,7,4,STIX-Regular,9.0,116.6,436.46,157.18,445.68,436.46,396.21,116.6,438.1,Pr [ C 2 S ] =
9,0,1,1,0,6,11,STIX-Italic,7.694999933242798,160.67,442.96,183.39,453.21,442.96,388.68,160.67,411.88,q n q m q s
9,0,1,1,0,3,11,STIX-Regular,6.796666622161865,181.26,441.79,189.68,453.17,441.79,388.72,181.26,405.59,2 q i
9,0,0,1,0,3,4,STIX-Regular,9.0,193.18,436.49,286.3,447.64,436.49,394.25,193.18,308.98,< . (7)
9,0,0,1,0,10,4,TimesNewRomanPSMT,9.0,42.52,462.31,286.34,484.12,462.31,357.77,42.52,308.94,"In summary, our protocol can achieve the client-to-server authentication. □"
9,0,1,1,0,29,4,Arial-ItalicMT,9.0,42.52,494.35,286.34,546.16,494.35,295.73,42.52,308.93,"4.2.3 Key agreement: We show that our protocol provides key agreement in the modified BR93 model under the Diffie-Hellman assumption. Theorem 3: In the modified BR93 model, assuming that"
9,0,1,1,0,12,11,TimesNewRomanPSMT,8.47799997329712,42.52,546.52,282.01,559.46,546.52,282.43,42.52,313.26,adversary can guess the correct bit b involved in the Test(∏ U
9,0,0,1,0,21,4,TimesNewRomanPSMT,9.0,42.52,558.56,286.32,590.37,558.56,251.52,42.52,308.95,"query with a non-negligible advantage, then we can construct an algorithm B to solve the CDH problem with a non-negligible advantage."
9,0,1,1,0,7,11,TimesNewRomanPS-ItalicMT,8.347499966621399,54.52,600.73,197.45,613.67,600.73,228.22,54.52,397.82,Proof: The adversary sends a Test(∏ U
9,0,1,1,0,7,11,STIX-Italic,8.47799997329712,192.84,598.48,286.3,612.69,598.48,229.2,192.84,308.98,k ) query to simulation B .
9,0,1,1,0,3,11,STIX-Italic,7.259999910990397,88.44,610.5,129.44,627.87,610.5,214.02,88.44,465.84,x and U
9,0,1,1,0,7,11,STIX-Italic,8.347499966621399,151.55,610.5,286.3,626.89,610.5,215.0,151.55,308.98,"y , simulation B aborts this session."
9,0,0,1,0,19,4,TimesNewRomanPSMT,9.0,42.52,626.97,286.34,648.78,626.97,193.11,42.52,308.94,"Otherwise, we suppose that adversary can correctly guess the established session key in a non-negligible advantage. Let T denote"
9,0,1,1,0,8,11,TimesNewRomanPSMT,8.1299999554952,42.52,649.29,193.57,662.08,649.29,179.81,42.52,401.7,the event that adversary sends a Test(∏ U
9,0,1,1,0,6,11,STIX-Italic,8.1299999554952,188.96,646.9,286.31,661.1,646.9,180.79,188.96,308.96,k ) query. According to the
9,0,0,1,0,7,4,TimesNewRomanPSMT,9.0,42.52,661.18,183.18,672.99,661.18,168.9,42.52,412.09,"formula of total probability, we can get"
9,0,1,1,0,40,4,STIX-Regular,9.0,68.23,683.04,257.97,720.25,683.04,121.64,68.23,337.31,1/2 + = Pr [ A succeeds] = Pr [ A succeeds C 2 S T ] ⋅Pr [ C 2 S T ] + Pr [ A succeeds C 2 S T ] ⋅pr[ C 2 S T ]
9,0,0,1,0,11,4,TimesNewRomanPSMT,9.0,42.52,730.16,286.4,741.96,730.16,99.93,42.52,308.88,If adversary fails to impersonate client and fails to send an
9,0,1,1,0,3,11,TimesNewRomanPSMT,8.1299999554952,42.52,742.47,108.73,755.26,742.47,86.63,42.52,486.54,effective Test(∏ U
9,0,1,1,0,6,11,STIX-Italic,8.1299999554952,104.12,740.08,178.17,754.28,740.08,87.61,104.12,417.11,"k ) query, we can get"
9,0,1,1,0,11,11,STIX-Regular,8.709999985165066,107.32,766.28,214.12,778.08,766.28,63.81,107.32,381.16,Pr [ A succeeds C 2 S T ] = 1
9,0,1,1,0,20,11,STIX-Regular,8.6737499833107,332.51,69.22,526.59,83.64,69.22,758.25,332.51,68.68,2 + ≤Pr [ A succeeds C 2 S T ] ⋅Pr [ C 2 S T ] + 1
9,0,1,1,0,9,11,STIX-Regular,8.627142838069371,353.37,88.0,426.08,99.8,88.0,742.09,353.37,169.2,≤Pr [ C 2 S T ] + 1
9,0,1,1,0,21,4,STIX-Regular,9.0,308.98,133.22,502.86,163.17,133.22,678.72,308.98,92.42,Pr [ C 2 S ] + Pr [ T ] ≥Pr [ C 2 S T ] ≥ . Therefore
9,0,1,1,0,45,4,STIX-Regular,9.0,308.97,173.22,552.8,223.77,173.22,618.12,308.97,42.47,"Pr [ T ] ≥ −Pr [ C 2 S ] . We have known that Pr [ C 2 S ] is negligible from Theorem 1. Therefore, the probability Pr [ T ] is non-negligible if adversary attacks successfully. Meanwhile, the probability of event"
9,0,1,1,0,4,11,STIX-Italic,7.259999910990397,317.98,221.89,348.33,237.07,221.89,604.82,317.98,246.94,i = ∏ C
9,0,1,1,0,3,11,STIX-Italic,7.259999910990397,344.28,219.7,382.2,237.07,219.7,604.82,344.28,213.08,x and S
9,0,1,1,0,4,11,STIX-Italic,7.259999910990397,379.82,221.89,407.13,237.07,221.89,604.82,379.82,188.14,j = ∏ S
9,0,1,1,0,21,11,STIX-Italic,8.021249949932098,308.98,219.7,552.76,249.49,219.7,592.4,308.98,42.52,y happen simultaneously is 1/ q n q m . The probability of achieving a successful session is 1/ q s
9,0,1,1,0,7,11,STIX-Regular,7.4,503.48,237.12,552.77,248.93,237.12,592.96,503.48,42.51,2 . As H 9 is a
9,0,1,1,0,33,11,TimesNewRomanPSMT,8.118666648864746,308.98,248.44,552.77,272.02,248.44,569.87,308.98,42.5,"random oracle, simulation B can find K 12 , R ui and R sj in list L 9 in the probability of 1/ q 9 . Therefore, we can compute xyP in the"
9,0,1,1,0,9,11,STIX-Italic,7.666666666666667,376.51,292.83,482.89,302.69,292.83,539.2,376.51,112.38,xyP = K 12 aQ 2 cQ 1 acP
9,0,1,1,0,13,11,STIX-Italic,7.7823076614966755,369.85,319.51,489.54,329.49,319.51,512.4,369.85,105.73,xyP = R sj aQ 2 d sj Q 1 ad sj P
9,0,1,1,0,14,11,STIX-Italic,7.869285685675485,370.19,346.45,489.21,356.44,346.45,485.45,370.19,106.07,xyP = R ui cQ 1 d ui Q 2 cd ui P .
9,0,1,1,0,27,4,TimesNewRomanPSMT,9.0,308.98,365.38,552.77,397.65,365.38,444.24,308.98,42.51,"Therefore, if adversary A can correctly guess the bit b in a non- negligible advantage , then simulation B can solve CDH problem in a non-negligible advantage"
9,0,1,1,0,5,4,STIX-Regular,9.0,378.8,407.7,408.06,416.92,407.7,424.97,378.8,187.21,3 Pr [ T ]
9,0,1,1,0,6,11,STIX-Italic,7.694999933242798,378.57,419.45,401.29,429.7,419.45,412.19,378.57,193.99,q n q m q s
9,0,1,1,0,3,11,STIX-Regular,6.333333333333333,399.16,418.28,408.3,429.54,418.28,412.35,399.16,186.98,2 q 4
9,0,1,1,0,7,4,STIX-Regular,9.0,421.47,407.7,480.54,416.92,407.7,424.97,421.47,114.74,3( −Pr [ C 2 S ])
9,0,1,1,0,6,11,STIX-Italic,7.694999933242798,436.14,419.45,458.85,429.7,419.45,412.19,436.14,136.42,q n q m q s
9,0,1,1,0,3,11,STIX-Regular,6.333333333333333,456.72,418.28,465.86,429.54,418.28,412.35,456.72,129.41,2 q 4
9,0,0,1,0,8,4,TimesNewRomanPSMT,9.0,308.98,438.8,498.56,450.61,438.8,391.28,308.98,96.71,"In summary, our protocol provides key agreement. □"
9,0,1,1,0,51,4,TimesNewRomanPS-ItalicMT,9.0,308.97,470.65,552.85,542.61,470.65,299.28,308.97,42.43,"Theorem 4: Our protocol provides implicit key confirmation. Proof: Combining Theorems 1 and 2, our protocol can achieve mutual authentication under the CDH assumption in the modified BR93 model, while adversary cannot get session key according to Theorem 3. Therefore, we conclude that the proposed protocol offers implicit key confirmation. □"
9,0,1,1,0,40,4,Arial-ItalicMT,9.0,308.97,552.84,552.82,624.65,552.84,217.24,308.97,42.46,"4.2.5 Full forward secrecy: The following theorem indicates that our protocol offers full forward secrecy. Theorem 5: The proposed protocol provides full forward secrecy based on the CDH assumption. Proof: In the proof of Theorem 3, adversary may send Corrupt"
9,0,1,1,0,4,11,TimesNewRomanPSMT,7.694999933242798,308.98,625.16,380.89,637.95,625.16,203.94,308.98,214.39,queries on both C
9,0,1,1,0,3,11,STIX-Italic,7.259999910990397,376.83,620.58,413.2,637.95,620.58,203.94,376.83,182.08,x and S
9,0,1,1,0,10,11,STIX-Italic,7.694999933242798,410.16,620.58,552.81,636.97,620.58,204.92,410.16,42.47,"y , so that he can know the private keys"
9,0,0,1,0,10,4,TimesNewRomanPSMT,9.0,308.98,637.05,552.82,648.85,637.05,193.04,308.98,42.46,"of them. However, adversary is still unable to compute the"
9,0,1,1,0,7,11,TimesNewRomanPSMT,7.694999933242798,308.97,649.37,485.42,662.15,649.37,179.74,308.97,109.86,associated established session keys of both C
9,0,1,1,0,3,11,STIX-Italic,7.259999910990397,481.36,644.79,519.35,662.15,644.79,179.74,481.36,75.92,x and S
9,0,1,1,0,4,11,STIX-Italic,7.694999933242798,516.32,644.79,552.76,661.17,644.79,180.72,516.32,42.51,y . That is
9,0,1,1,0,22,4,TimesNewRomanPSMT,9.0,308.98,661.1,552.77,683.06,661.1,158.83,308.98,42.5,"because Test query must be issued before Corrupt query in a session, thus Theorem 3 still holds under the Corrupt query on"
9,0,1,1,0,3,11,STIX-Italic,7.259999910990397,336.44,678.99,372.2,696.36,678.99,145.53,336.44,223.07,x and S
9,0,1,1,0,8,11,STIX-Italic,7.259999910990397,369.17,678.99,500.37,696.36,678.99,145.53,369.17,94.9,"y . Hence, the corruption of both C"
9,0,1,1,0,3,11,STIX-Italic,7.259999910990397,496.32,678.99,532.08,696.36,678.99,145.53,496.32,63.19,x and S
9,0,0,1,0,19,4,TimesNewRomanPSMT,9.0,308.98,695.46,552.78,717.27,695.46,124.62,308.98,42.5,"not help the adversary recovering the session keys. Therefore, we conclude that our protocol offers full forward secrecy. □"
9,0,1,1,0,20,4,Arial-ItalicMT,9.0,308.98,727.58,552.79,765.27,727.58,76.62,308.98,42.49,"4.3 Security analysis In this section, we illustrate that the proposed protocol can satisfy design goals described in Section 2.4."
9,0,1,1,0,19,5,Arial-ItalicMT,8.0,42.52,790.85,232.95,812.49,790.85,29.4,42.52,362.33,"IET Inf. Secur. , 2020, Vol. 14 Iss. 1, pp. 99-110 © The Institution of Engineering and Technology 2019"
9,0,0,1,0,35,9,Times-Roman,5.730000019073486,577.93,16.84,585.57,824.36,16.84,17.53,577.93,9.7,"17518717, 2020, 1, Downloaded from https://ietresearch.onlinelibrary.wiley.com/doi/10.1049/iet-ifs.2019.0249, Wiley Online Library on [01/07/2024]. See the Terms and Conditions (https://onlinelibrary.wiley.com/terms-and-conditions) on Wiley Online Library for rules of use; OA articles are governed by the applicable Creative Commons License"
10,0,1,1,0,47,4,Arial-ItalicMT,9.0,42.51,47.34,286.37,99.15,47.34,742.74,42.51,308.91,"4.3.1 Mutual authentication: According to Theorems 1 and 2, any probability polynomial adversary cannot masquerade as vehicle user or RSU to authenticate others. Specifically, both vehicle user and RSU verify each other's time key and certificate. We use notations A and B to represent two parties of"
10,0,1,1,0,67,11,TimesNewRomanPSMT,8.25428567613874,42.52,97.19,286.31,154.56,97.19,687.33,42.52,308.97,"communication. The party B firstly computes R B = ( d B + s B ) ⋅ M A and hashes it to get its certificate Auth B , then B sends it to A . Next, party A verifies the certificate Auth B by deriving Auth′ B from computing R B . Finally, A compares the value Auth′ B with its received message Auth B ."
10,0,0,1,0,10,4,TimesNewRomanPSMT,9.0,54.52,153.66,286.36,165.47,153.66,676.42,54.52,308.92,"During this process, due to the hardness of discrete logarithm"
10,0,1,1,0,52,11,TimesNewRomanPSMT,8.385882321526022,42.52,163.66,286.32,187.89,163.66,654.0,42.52,308.96,"(DL) problem, it is impossible to get ( r A + s A ) and ( d B + s B ) from M A = ( r A + s A ) ⋅ P and R B = ( d B + s B ) ⋅ M A , respectively. This"
10,0,0,1,0,16,4,TimesNewRomanPSMT,9.0,42.52,186.16,286.37,207.97,186.16,633.92,42.52,308.9,"guarantees the security of random numbers and private keys. Therefore, the protocol can provide mutual authentication."
10,0,1,1,0,20,4,Arial-ItalicMT,9.0,42.52,218.2,286.37,250.01,218.2,591.88,42.52,308.9,"4.3.2 Session key agreement: Through the above analysis of mutual authentication, both vehicle user and RSU can calculate the session"
10,0,1,1,0,41,11,STIX-Regular,7.791944411065844,42.52,248.2,286.3,261.4,248.2,580.49,42.52,308.98,"SK = H 9 ( P pub , P RA 2 k , P RA 2 e , ID A , PID B , M A , M B , R A , R B , K ) , which is"
10,0,0,1,0,13,4,TimesNewRomanPSMT,9.0,42.52,260.35,286.38,282.16,260.35,559.73,42.52,308.9,"used for future communication. Therefore, the proposed protocol can support session key agreement."
10,0,1,1,0,11,4,Arial-ItalicMT,9.0,42.52,292.39,286.36,304.36,292.39,537.53,42.52,308.92,"4.3.3 User anonymity: In the protocol, the real identity of vehicle"
10,0,1,1,0,42,11,TimesNewRomanPSMT,8.258695623149043,42.52,302.39,286.3,325.79,302.39,516.1,42.52,308.97,"user is masked by PID ui = ID ui H 5 ( A ui ) , where A ui = ( a + s ui ) ⋅ P . Therefore, recovering its real identity ID ui needs the value A ui ."
10,0,1,1,0,24,11,STIX-Italic,7.931428545997257,42.98,337.99,185.06,350.06,337.99,491.83,42.98,410.21,A ui = ( a + s ui ) ⋅ P = ( d URA 2 e + H 4 ( ID ui ))
10,0,1,1,0,7,11,STIX-Regular,7.347499966621399,185.06,335.83,286.32,347.98,335.83,493.91,185.06,308.96,"−1 B ui , in which random"
10,0,1,1,0,27,11,TimesNewRomanPSMT,8.564999977747599,42.52,347.98,286.36,381.04,347.98,460.85,42.52,308.91,"value a , s ui and private key are not easily available due to the hardness of DL problem. Therefore, the proposed protocol can provide user anonymity."
10,0,1,1,0,28,4,Arial-ItalicMT,9.0,42.52,391.27,286.4,423.08,391.27,418.81,42.52,308.88,"4.3.4 Conditional privacy: On the prerequisite of protecting privacy for legitimate users, authority needs to recover the real identity of malicious user and take severe punishments to it."
10,0,1,1,0,34,11,TimesNewRomanPSMT,7.677999973297119,42.52,421.27,286.31,446.4,421.27,395.49,42.52,308.97,"Specifically, the authority uses its private key d URA 2 to compute A ui , and gets real identity by ID ui = PID ui H 5 ( A ui ) . Therefore, the"
10,0,0,1,0,5,4,TimesNewRomanPSMT,9.0,42.52,444.67,214.18,456.48,444.67,385.41,42.52,381.09,proposed protocol supports conditional privacy.
10,0,1,1,0,27,4,Arial-ItalicMT,9.0,42.52,466.71,286.38,498.52,466.71,343.37,42.52,308.9,"4.3.5 Flexibility of private key update: We enhance the flexibility of private key update through assigning different valid periods to vehicle user and RSU. Specially, registration authority"
10,0,1,1,0,31,11,TimesNewRomanPSMT,7.857142857142857,42.52,496.71,286.36,519.57,496.71,322.32,42.52,308.92,"selects time t 1 and t 2 for vehicle user and RSU, which embedded in their own time keys d tui and d tsj . Thus, entity can update its private"
10,0,0,1,0,28,4,TimesNewRomanPSMT,9.0,42.52,518.51,286.37,560.32,518.51,281.57,42.52,308.91,"key independently once time expires. Therefore, our protocol provides flexibility update for private keys. Except for the above security goals, our protocol can also resist the well-known attacks."
10,0,1,1,0,20,4,Arial-ItalicMT,9.0,42.52,570.55,286.35,592.36,570.55,249.53,42.52,308.92,4.3.6 Replay attack: Replay attack means that the valid data is maliciously repeated or delayed by adversary. When sponsoring a
10,0,1,1,0,13,11,TimesNewRomanPSMT,8.021249949932098,42.52,591.5,229.66,603.65,591.5,238.24,42.52,365.61,"new request, the new random numbers r ui , r sj Z q"
10,0,0,1,0,3,4,TimesNewRomanPSMT,9.0,229.67,591.5,286.32,603.31,591.5,238.58,229.67,308.95,are selected to
10,0,1,1,0,19,11,TimesNewRomanPSMT,8.196923035841722,42.52,602.75,286.31,614.89,602.75,227.0,42.52,308.97,get the element M ui and M sj . The value of M ui and M sj ensures the
10,0,0,1,0,10,4,TimesNewRomanPSMT,9.0,42.52,613.99,286.3,635.8,613.99,206.09,42.52,308.98,"freshness of messages. Therefore, our protocol can resist replay attack."
10,0,1,1,0,41,4,Arial-ItalicMT,9.0,42.52,646.03,286.35,697.84,646.03,144.05,42.52,308.92,"4.3.7 Perfect forward security: Perfect forward security means that adversary cannot recover previously established session keys, even though private keys of entities have been corrupted. We use A and B to represent two parties of communication. In our protocol, A and"
10,0,1,1,0,40,11,STIX-Regular,7.791944411065844,42.52,696.03,273.43,709.23,696.03,132.66,42.52,321.84,"SK = H 9 ( P pub , P TA 2 k , P TA 2 e , ID A , PID B , M A , M B , R A , R B , K ) , where"
10,0,1,1,0,38,11,STIX-Italic,8.216999959945678,120.49,720.04,193.87,759.75,720.04,82.14,120.49,401.4,M A = ( r A + s A ) ⋅ P R A = ( d A + s A ) ⋅ M B K A = ( r A + s A ) ⋅ M B
10,0,1,1,0,30,11,TimesNewRomanPSMT,8.347499966621399,308.97,47.15,552.76,70.7,47.15,771.19,308.97,42.51,"and M B , R B , K B have a similar form. Assuming that entity A has been compromised, and its private key and random values r A are"
10,0,0,1,0,12,4,TimesNewRomanPSMT,9.0,308.98,69.8,552.75,81.6,69.8,760.29,308.98,42.53,"obtained by adversary. To get session key SK, the adversary has to"
10,0,1,1,0,37,11,TimesNewRomanPSMT,8.196923035841722,308.97,79.8,552.8,104.03,79.8,737.86,308.97,42.48,"use s A to compute M B , R B and K B . However, it is difficult to derive s A from S A = s A P due to the hardness of DL problem. Therefore,"
10,0,0,1,0,7,4,TimesNewRomanPSMT,9.0,308.98,102.29,512.11,114.1,102.29,727.79,308.98,83.17,our proposed protocol provides perfect forward security.
10,0,1,1,0,65,4,Arial-ItalicMT,9.0,308.97,124.33,552.83,196.14,124.33,645.75,308.97,42.44,"4.3.8 RALRI attack: There is no authority involved in the mutual authentication process, and only the vehicle user and RSU exchange parameters to ensure the fairness of our protocol. According to the analysis of perfect forward security, even though registration authority leaks the private key of entity, the security of session key can still be guaranteed. Therefore, our proposed protocol can resist the RALRI attack."
10,0,1,1,0,19,4,Arial-ItalicMT,9.0,308.98,206.37,552.79,228.18,206.37,613.71,308.98,42.48,"4.3.9 Known session key security: Due to the collision-resistant property of hash function, adversary fails to find some information"
10,0,1,1,0,14,11,TimesNewRomanPSMT,8.333333333333334,308.98,226.37,552.76,238.18,226.37,603.71,308.98,42.51,"from the session key SK = H 9 ( ⋅) . Therefore, our proposed"
10,0,0,1,0,7,4,TimesNewRomanPSMT,9.0,308.98,236.92,486.12,248.73,236.92,593.16,308.98,109.15,protocol can achieve known session key security.
10,0,1,1,0,25,4,Arial-ItalicMT,9.0,308.97,258.96,552.8,290.77,258.96,551.12,308.97,42.47,"4.3.10 ESL attack: Combined secret values and random numbers, our protocol guarantees the security of private keys. Therefore, our proposed protocol can resist ESL attack."
10,1,0,1,0,3,3,Arial-BoldMT,10.0,308.98,301.18,427.91,315.11,301.18,526.78,308.98,167.37,5 ௑Performance analysis
10,0,0,1,0,72,4,TimesNewRomanPSMT,9.0,308.98,316.96,552.86,388.77,316.96,453.12,308.98,42.41,"This section analyses the efficiency of our authentication protocol with other related protocols according to security, functionality and computation cost. It should be noted that only our protocol provides maximum facility to achieve secure communication. To achieve a reliable security level of AES128 algorithm, we have utilised a Tate pairing on an MNT curve with embedding degree k = 2 . Further, we have also chosen a p = 1538 bits finite"
10,0,1,1,0,13,11,TimesNewRomanPSMT,8.265555540720621,308.97,388.21,480.43,400.36,388.21,441.53,308.97,114.84,field F p and a group G 1 with order q = 2
10,0,0,1,0,3,6,STIX-Regular,7.0,480.43,386.15,502.6,399.6,386.15,442.29,480.43,92.68,255 + 2
10,0,0,1,0,5,11,STIX-Regular,7.666666666666667,502.59,386.15,552.76,400.02,386.15,441.87,502.59,42.51,41 + 1 that is
10,0,1,1,0,14,11,TimesNewRomanPSMT,8.347499966621399,308.98,399.46,552.76,411.61,399.46,430.28,308.98,42.52,generated from points on elliptic curve over a finite field F p . We
10,0,0,1,0,12,4,TimesNewRomanPSMT,9.0,308.97,410.71,552.78,432.52,410.71,409.37,308.97,42.49,use the following cryptographic operations to measure and compare the computation cost.
10,0,1,1,0,10,11,STIX-Italic,8.1299999554952,312.13,440.71,552.85,453.02,440.71,388.87,312.13,42.43,T pair : Time for an admissible bilinear pairing operation
10,0,1,1,0,10,11,STIX-Italic,7.4,318.98,452.08,378.23,463.89,452.08,378.0,318.98,217.04,e ^ : G 1 G 1 G 2 .
10,0,1,1,0,10,11,STIX-Italic,8.1299999554952,312.13,463.63,552.82,475.94,463.63,365.95,312.13,42.46,T mul : Time for elliptic curve scalar point multiplication
10,0,1,1,0,11,11,STIX-Italic,8.1299999554952,312.13,485.88,552.85,498.19,485.88,343.7,312.13,42.42,T emul : Time for point multiplication operation based on bilinear
10,0,1,1,0,14,11,STIX-Italic,7.898333311080933,312.13,508.13,552.77,520.44,508.13,321.45,312.13,42.51,T mtp : Time for a map-to-point hash function in G 1 of bilinear
10,0,1,1,0,20,11,STIX-Italic,8.1299999554952,312.12,530.38,521.42,554.93,530.38,286.96,312.12,73.86,T exp : Time for a modular exponentiation operation. T h : Time for a general one-way hash function operation.
10,0,0,1,0,156,4,TimesNewRomanPSMT,9.0,308.98,563.87,552.87,757.68,563.87,84.21,308.98,42.4,"Cryptographic library MIRACL [22] is used to measure the execution time of the above-mentioned cryptographic operations. MIRACL is a C software library and regarded as the gold standard open source SDK for elliptic curve cryptography. The PC terminal and mobile device are adopted to simulate the computation power of RSU and OBU. The specific test environment is as follows: PC terminal: The test code runs on virtual machine Ubuntu 14.04.3 LTS. The physical machine is equipped with a Core 3G I7 2.40 GHz processor, 8G DDR3 memory and the Window 7 Ultimate, 64-bit 6.1.7601, Service Pack 1 operating system. Mobile terminal: The operating system is based on Android 6.0.1 MIUI 9 8.3.29 development version, the CPU is Qualcomm Snapdragon 801 (2.5 GHz) processor, 2G running memory. Connection and compiler: The connection tool is the Android Debug Bridge toolkit. The compiler environment for the PC and mobile devices is gcc version 4.8.4 and arm-none-linux-gnueabi cross-compilation tool, respectively."
10,0,1,1,0,19,5,Arial-ItalicMT,8.0,362.28,790.85,552.76,812.49,790.85,29.4,362.28,42.52,"IET Inf. Secur. , 2020, Vol. 14 Iss. 1, pp. 99-110 © The Institution of Engineering and Technology 2019"
10,0,0,1,0,35,9,Times-Roman,5.730000019073486,577.93,16.84,585.57,824.36,16.84,17.53,577.93,9.7,"17518717, 2020, 1, Downloaded from https://ietresearch.onlinelibrary.wiley.com/doi/10.1049/iet-ifs.2019.0249, Wiley Online Library on [01/07/2024]. See the Terms and Conditions (https://onlinelibrary.wiley.com/terms-and-conditions) on Wiley Online Library for rules of use; OA articles are governed by the applicable Creative Commons License"
11,0,0,1,0,190,4,TimesNewRomanPSMT,9.0,42.51,577.93,287.73,779.74,577.93,62.15,42.51,307.55,"Detailed testing results about cryptographic operations are listed in Table 1. The relatively lightweight operations such as general one-way hash function are ignored. In Table 2, we compare the security requirements and functions of the proposed protocol with the existing related schemes [23–25]. For convenience, we let P1, P2, P3, P4, P5 and P6 represent these security requirements, respectively. In order to propose a secure and efficient scheme, the first goal is to satisfy the complete security requirements mentioned in Section 2, and the computation and communication cost may be increased due to desired property. In Table 2, all these cited schemes cannot resist cryptographic attacks such as ESL attack and RALRI attack, and cannot provide flexible update for private key. And only the scheme in [23] adopts the multi-authority structure. However, it is shown that all these security requirements are satisfied in our scheme. In Table 3, the operation numbers of the proposed scheme with related schemes [23–25] are discussed. So, we further list the computation cost for OBU and RSU in Fig. 6. It is observed that our scheme is significantly superior to schemes [23, 24] for both"
11,0,0,1,0,52,4,TimesNewRomanPSMT,9.0,308.97,577.93,552.83,639.74,577.93,202.15,308.97,42.44,"RSU and OBU, while RSU in scheme [25] relatively spends less time than our scheme. However, all of these schemes are not suitable for practical implementation owing to the security loopholes listed in Table 2 except for our scheme. In short, our scheme has the best security with slightly compromise in efficiency."
11,0,0,1,0,88,4,TimesNewRomanPSMT,9.0,308.97,665.93,552.85,767.74,665.93,74.15,308.97,42.42,"To improve the security and efficiency of communication in VANET, we design a hierarchical revocable authentication protocol based on the SCPK and Schnorr signatures. In the proposed protocol, each registration authority can independently handle registration requests and thereby avoiding complete dependence on the single central authority. Meanwhile, it can resist the RALRI attack. The protocol can also resist the ESL attack by combining secret values with random numbers. Performances analysis shows that our protocol provides maximum facility according to computation cost and security property. It significantly reduces the"
11,1,0,1,0,7,4,Arial-BoldMT,9.0,42.52,47.24,262.93,59.78,47.24,782.11,42.52,332.35,Table 1 Computation cost of cryptographic operations
11,0,0,1,0,3,4,ArialMT,9.0,379.9,58.64,428.41,70.6,58.64,771.29,379.9,166.87,"OBU time, s"
11,0,0,1,0,3,4,ArialMT,9.0,473.34,58.64,528.85,70.6,58.64,771.29,473.34,66.43,"RSU time, ms"
11,0,1,1,0,9,11,STIX-Italic,7.666666666666667,271.87,72.57,314.43,81.74,72.57,760.15,271.87,280.84,"e ^ ( a P , b Q )"
11,0,1,1,0,3,5,STIX-Italic,8.0,286.11,85.61,414.17,94.63,85.61,747.26,286.11,181.11,x P 0.032
11,0,1,1,0,8,11,STIX-Italic,6.8399999141693115,43.27,111.2,319.88,121.05,111.2,720.84,43.27,275.39,"T mtp H 1 :{0, 1} G 1"
11,0,1,1,0,6,11,STIX-Italic,7.419999957084656,260.66,137.07,325.74,147.22,137.07,694.67,260.66,269.54,"H :{0, 1} →{0, 1} n"
11,1,0,1,0,4,4,Arial-BoldMT,9.0,42.52,167.84,181.38,180.38,167.84,661.51,42.52,413.89,Table 2 Functionality comparison
11,0,0,1,1,1,4,ArialMT,9.0,271.02,179.24,282.03,191.2,179.24,650.69,271.02,313.25,P1
11,0,0,1,1,1,4,ArialMT,9.0,321.24,179.24,332.25,191.2,179.24,650.69,321.24,263.03,P2
11,0,0,1,1,1,4,ArialMT,9.0,371.47,179.24,382.47,191.2,179.24,650.69,371.47,212.8,P3
11,0,0,1,1,1,4,ArialMT,9.0,421.69,179.24,432.7,191.2,179.24,650.69,421.69,162.58,P4
11,0,0,1,1,1,4,ArialMT,9.0,471.91,179.24,482.92,191.2,179.24,650.69,471.91,112.36,P5
11,0,0,1,1,1,4,ArialMT,9.0,522.13,179.24,533.14,191.2,179.24,650.69,522.13,62.13,P6
11,0,0,1,0,4,5,ArialMT,8.0,43.27,191.95,58.83,237.09,191.95,604.8,43.27,536.45,[23] [24] [25] ours
11,0,0,1,0,23,6,TimesNewRomanPSMT,7.0,42.52,239.72,509.88,248.9,239.72,592.99,42.52,85.4,"P1: multi-authority structure, P2: mutual authentication, P3: conditional privacy, P4: independent update of private key, P5: resist RALRI attack, P6: resist ESL attack."
11,1,0,1,0,7,4,Arial-BoldMT,9.0,42.52,267.21,242.25,279.75,267.21,562.14,42.52,353.02,Table 3 Operation numbers in different protocols
11,0,0,1,0,4,4,ArialMT,9.0,216.7,278.61,370.35,302.07,278.61,539.82,216.7,224.93,"Operation numbers OBU, s"
11,0,1,1,0,29,11,STIX-Regular,7.303999948501587,163.37,304.74,508.75,314.36,304.74,527.53,163.37,86.52,2 T emul + 2 T mtp + T pair ( ≃0.84 s = 840 ms) 2 T emul + 2 T mtp + T pair ( ≃333.2 ms)
11,0,1,1,0,26,11,STIX-Italic,7.226666609446208,164.63,317.39,496.18,327.0,317.39,514.89,164.63,99.09,T mtp + 2 T pair + 5 T mul ( ≃0.80 s = 800 ms) 2 T pair + 4 T mul ( ≃180.4 ms)
11,0,1,1,0,19,11,STIX-Italic,7.226666609446208,191.26,330.03,501.18,339.65,330.03,502.24,191.26,94.1,T mtp ( ≃0.27 s = 270 ms) T pair + T mul + T exp ( ≃82.1 ms)
11,0,1,1,0,15,11,STIX-Regular,7.419999957084656,189.26,342.68,480.86,351.69,342.68,490.2,189.26,114.41,7 T mul ( ≃0.22 s = 220 ms) 7 T mul ( ≃93.8 ms)
11,1,1,1,0,7,5,Arial-BoldMT,8.0,42.52,558.52,190.46,569.71,558.52,272.18,42.52,404.82,Fig. 6 Computation cost of different schemes
11,0,1,1,0,19,5,Arial-ItalicMT,8.0,42.52,790.85,232.95,812.49,790.85,29.4,42.52,362.33,"IET Inf. Secur. , 2020, Vol. 14 Iss. 1, pp. 99-110 © The Institution of Engineering and Technology 2019"
11,0,0,1,0,35,9,Times-Roman,5.730000019073486,577.93,16.84,585.57,824.36,16.84,17.53,577.93,9.7,"17518717, 2020, 1, Downloaded from https://ietresearch.onlinelibrary.wiley.com/doi/10.1049/iet-ifs.2019.0249, Wiley Online Library on [01/07/2024]. See the Terms and Conditions (https://onlinelibrary.wiley.com/terms-and-conditions) on Wiley Online Library for rules of use; OA articles are governed by the applicable Creative Commons License"
12,0,0,1,0,19,4,TimesNewRomanPSMT,9.0,42.52,47.3,286.36,69.11,47.3,772.78,42.52,308.92,"computation cost compared with most of the schemes. Therefore, our protocol is feasible and effective for the VANET environment."
12,0,0,1,0,47,4,TimesNewRomanPSMT,9.0,42.52,95.3,286.32,157.11,95.3,684.78,42.52,308.95,"This work was supported in part by the National Key Research and Development Program of China (no. 2016YFB0800601), the Natural Science Foundation of China (no. 61303217,61502372), the Natural Science Foundation of Shaanxi province (no. 2013JQ8002,2014JQ8313) and the Guangxi Key Laboratory of Cryptography and Information Security (no. GCIS201802)."
12,0,0,1,0,12,6,TimesNewRomanPSMT,7.0,42.52,184.74,286.3,193.93,184.74,647.96,42.52,308.97,"[1] Hartenstein, H., Laberteaux, L.P.: ‘A tutorial survey on vehicular ad hoc"
12,1,1,1,0,11,6,TimesNewRomanPSMT,7.0,66.52,192.61,236.44,201.93,192.61,639.96,66.52,358.83,"networks’, IEEE Commun. Mag. , 2008, 46 , (6), pp. 164–171"
12,0,0,1,0,42,6,TimesNewRomanPSMT,7.0,42.52,200.74,286.38,233.93,200.74,607.96,42.52,308.9,"[2] Toh, C.K.: ‘ Ad Hoc mobile wireless networks: protocols and systems (Prentice Hall Ptr, Englewood Cliffs, NJ, USA, 2002) [3] Martinez, F.J., Toh, C.K., Cano, J.C. , et al. : ‘Emergency services in future intelligent transportation systems based on vehicular communication"
12,1,1,1,0,13,6,TimesNewRomanPSMT,7.0,66.52,232.61,249.67,241.93,232.61,599.96,66.52,345.6,"networks’, IEEE Intell. Transp. Syst. Mag. , 2010, 2 , (2), pp. 6–20"
12,0,0,1,0,42,6,TimesNewRomanPSMT,7.0,42.52,240.74,286.36,297.93,240.74,543.96,42.52,308.92,"[4] ‘Huwei’. Available at https://www.huawei.com/en/press-events/news/2018/6/ Huawei-v2x-strategy-RSU-launch , accessed 12 March 2019 [5] ‘WIRED’. Available at https://www.wired.com/2015/07/hackers-remotely- kill-jeep-highway/ , accessed 3 August 2019 [6] ‘electrek’. Available at https://electrek.co/2019/04/01/tesla-autopilot-hacker- tricked/ , accessed 3 August 2019 [7] Kenney, J.B.: ‘Dedicated short-range communications (DSRC) standards in"
12,1,1,1,0,12,6,TimesNewRomanPSMT,7.0,66.52,296.61,236.57,305.93,296.61,535.96,66.52,358.71,"the United States’, Proc. IEEE , 2011, 99 , (7), pp. 1162–1182"
12,0,0,1,0,32,6,TimesNewRomanPSMT,7.0,42.52,304.74,286.35,329.93,304.74,511.96,42.52,308.93,"[8] Vijayakumara, P., Changb, V., Deboraha, L.J. , et al. : ‘Computationally efficient privacy preserving anonymous mutual and batch authentication schemes for vehicular Ad hoc networks’, Future Gener. Comput. Syst. , 2016,"
12,1,0,1,0,4,6,TimesNewRomanPS-BoldMT,7.0,66.52,328.61,112.02,337.93,328.61,503.96,66.52,483.25,"78 , pp. 943–955"
12,0,0,1,0,25,6,TimesNewRomanPSMT,7.0,42.52,336.74,286.34,353.93,336.74,487.96,42.52,308.94,"[9] Farooq, S.M., Hussain, S.M., Kiran, S. , et al. : ‘Certificate based security mechanisms in vehicular ad-hoc networks based on IEC 61850 and IEEE"
12,1,1,1,0,10,6,TimesNewRomanPSMT,7.0,66.52,352.61,205.13,361.93,352.61,479.96,66.52,390.14,"WAVE standards’, Electronics , 2019, 8 , (1), p. 96"
12,0,0,1,0,25,6,TimesNewRomanPSMT,7.0,42.52,360.74,286.32,377.93,360.74,463.96,42.52,308.95,"[10] Tzeng, S., Horng, S., Li, T. , et al. : ‘Enhancing security and privacy for identity-based batch verification scheme in VANETs’, IEEE Trans. Veh."
12,1,1,1,0,8,6,TimesNewRomanPS-ItalicMT,7.0,66.52,376.61,175.34,385.93,376.61,455.96,66.52,419.93,"Technol. , 2017, 66 , (4), pp. 3235–3248"
12,0,0,1,0,29,6,TimesNewRomanPSMT,7.0,42.52,384.74,286.37,409.93,384.74,431.96,42.52,308.9,"[11] Fujioka, A., Suzuki, K.: ‘Designing efficient authenticated key exchange resilient to leakage of ephemeral secret keys’. Int. Conf. on Topics in Cryptology: CT-RSA, San Fransisco, CA, USA, 2011"
12,0,0,1,0,12,6,TimesNewRomanPSMT,7.0,308.98,47.74,552.8,56.93,47.74,784.96,308.98,42.47,"[12] Manvi, S.S., Tangade, S.: ‘A survey on authentication schemes in VANETs"
12,1,1,1,0,11,6,TimesNewRomanPSMT,7.0,332.98,55.61,512.02,64.93,55.61,776.96,332.98,83.25,"for secured communication’, Veh. Commun. , 2017, 9 , pp. 19–30"
12,0,0,1,0,11,6,TimesNewRomanPSMT,7.0,308.98,63.74,552.82,72.93,63.74,768.96,308.98,42.45,"[13] Wasef, A., Shen, X.: ‘EMAP: expedite message authentication protocol for"
12,1,1,1,0,14,6,TimesNewRomanPSMT,7.0,332.98,71.61,552.75,80.93,71.61,760.96,332.98,42.52,"vehicular ad hoc networks’, IEEE Trans. Mob. Comput. , 2011, 12 , (1), pp."
12,0,0,1,0,105,6,TimesNewRomanPSMT,7.0,308.98,79.74,552.83,168.93,79.74,672.96,308.98,42.44,"78–89 [14] Chim, T.W., Yiu, S.M., Hui, L.C.K. , et al. : ‘Security and privacy issues for inter-vehicle communications in VANETs’. 2009 6th IEEE Annual Communications Society Conf. on Sensor, Mesh and Ad Hoc Communications and Networks Workshops, Rome, Italy, 2009, pp. 1–3 [15] Vighnesh, N.V., Kavita, N., Urs, S.R. , et al. : ‘A novel sender authentication scheme based on hash chain for vehicular ad-hoc networks’. 2011 IEEE Symp. on Wireless Technology and Applications (ISWTA), Langkawi, Malaysia, 2011, pp. 96–101 [16] Huang, J.L., Yeh, L.Y., Chien, H.Y. , et al. : ‘ABAKA: an anonymous batch authenticated and key agreement scheme for value-added services in"
12,1,1,1,0,14,6,TimesNewRomanPSMT,7.0,332.98,167.61,552.76,176.93,167.61,664.96,332.98,42.52,"vehicular ad hoc networks’, IEEE Trans. Veh. Technol. , 2011, 60 , (1), pp."
12,0,0,1,0,28,6,TimesNewRomanPSMT,7.0,308.98,175.74,552.78,200.93,175.74,640.96,308.98,42.49,"248–262 [17] Sun, J., Zhang, C., Zhang, Y. , et al. : ‘An identity-based security system for user privacy in vehicular ad hoc networks’, IEEE Trans. Parallel Distrib."
12,1,1,1,0,8,6,TimesNewRomanPS-ItalicMT,7.0,332.97,199.61,431.16,208.93,199.61,632.96,332.97,164.11,"Syst. , 2010, 21 , (9), pp. 1227–1239"
12,0,0,1,0,16,6,TimesNewRomanPSMT,7.0,308.98,207.74,552.76,216.93,207.74,624.96,308.98,42.52,"[18] Lin, X., Sun, X., Ho, P.-H. , et al. : ‘GSIS: a secure and privacy-preserving"
12,1,1,1,0,12,6,TimesNewRomanPSMT,7.0,332.97,215.61,552.76,224.93,215.61,616.96,332.97,42.52,"protocol for vehicular communications’, IEEE Trans. Veh. Technol. , 2007, 56 ,"
12,0,0,1,0,26,6,TimesNewRomanPSMT,7.0,308.98,223.74,552.8,248.93,223.74,592.96,308.98,42.48,"(6), pp. 3442–3456 [19] Vijayakumar, P., Chang, V., Deborah, L.J. , et al. : ‘Computation ally efficient privacy preserving anonymous mutual and batch authentication schemes for"
12,1,1,1,0,14,6,TimesNewRomanPSMT,7.0,332.98,247.61,552.76,256.93,247.61,584.96,332.98,42.52,"vehicular ad hoc networks’, Future Gener. Comput. Syst. , 2018, 78 , pp. 943–"
12,0,0,1,0,22,6,TimesNewRomanPSMT,7.0,308.98,255.74,552.82,280.93,255.74,560.96,308.98,42.45,"955 [20] Arain, Q.A., Zhongliang, D., Memon, I. , et al. : ‘Privacy preserving dynamic pseudonym-based multiple mix-zones authentication protocol over road"
12,1,1,1,0,11,6,TimesNewRomanPSMT,7.0,332.98,279.61,504.39,288.93,279.61,552.96,332.98,90.88,"networks’, Wirel. Pers. Commun. , 2017, 95 , (2), pp. 505–521"
12,0,0,1,0,56,6,TimesNewRomanPSMT,7.0,308.97,287.74,552.8,336.93,287.74,504.96,308.97,42.47,"[21] Bellare, M., Rogaway, P.: ‘Entity authentication and key distribution’. Annual Int. Cryptology Conf., Santa Barbara, CA, USA, 1993, pp. 232–249 [22] ‘MIRACL Cryptographic SDK’. Available at https://github.com/miracl/ MIRACL , accessed 16 December 2018 [23] Tseng, Y.M., Huang, S.S., Tsai, T.T. , et al. : ‘List-free ID-based mutual authentication and key agreement protocol for multiserver architectures’,"
12,1,1,1,0,12,6,TimesNewRomanPS-ItalicMT,7.0,332.98,335.61,503.32,344.93,335.61,496.96,332.98,91.96,"IEEE Trans. Emerg. Top. Comput. , 2016, 4 , (1), pp. 102–112"
12,0,0,1,0,13,6,TimesNewRomanPSMT,7.0,308.97,343.74,552.78,352.93,343.74,488.96,308.97,42.5,"[24] Han, M., Hua, L., Ma, S.: ‘A self-authentication and deniable efficient group"
12,1,1,1,0,14,6,TimesNewRomanPSMT,7.0,332.97,351.61,552.75,360.93,351.61,480.96,332.97,42.52,"key agreement protocol for VANET’, KSII Trans. Internet Inf. Syst. , 2017, 11 ,"
12,0,0,1,0,29,6,TimesNewRomanPSMT,7.0,308.98,359.74,552.8,384.93,359.74,456.96,308.98,42.48,"(7), pp. 3678–3698 [25] Amin, R., Islam, S.H., Vijayakumar, P. , et al. : ‘A robust and efficient bilinear pairing based mutual authentication and session key verification over insecure"
12,1,1,1,0,11,6,TimesNewRomanPSMT,7.0,332.97,383.61,539.65,392.93,383.61,448.96,332.97,55.62,"communication’, Multimedia Tools Appl. , 2018, 77 , (9), pp. 11041–11066"
12,0,1,1,0,19,5,Arial-ItalicMT,8.0,362.29,790.86,552.76,812.49,790.86,29.4,362.29,42.52,"IET Inf. Secur. , 2020, Vol. 14 Iss. 1, pp. 99-110 © The Institution of Engineering and Technology 2019"
12,0,0,1,0,35,9,Times-Roman,5.730000019073486,577.93,16.84,585.57,824.36,16.84,17.53,577.93,9.7,"17518717, 2020, 1, Downloaded from https://ietresearch.onlinelibrary.wiley.com/doi/10.1049/iet-ifs.2019.0249, Wiley Online Library on [01/07/2024]. See the Terms and Conditions (https://onlinelibrary.wiley.com/terms-and-conditions) on Wiley Online Library for rules of use; OA articles are governed by the applicable Creative Commons License"
