page_number,is_bold,is_italic,is_underline,is_all_caps,word_count,norm_font_size,font,font_size,x0,y0,x1,y1,space_above,space_below,space_left,space_right,text
1,0,0,1,0,18,12,NimbusSanL-Regu,10.909099578857422,117.91,224.94,472.87,249.4,224.94,592.49,117.91,122.41,This may be the author’s version of a work that was submitted/accepted for publication in the following source:
1,0,0,1,0,32,12,NimbusSanL-Regu,10.909099578857422,117.91,265.59,472.87,330.69,265.59,511.2,117.91,122.41,"Palaniswamy, Basker , Camtepe, Seyit, Foo, Ernest , Simpson, Leonie , Rezazadeh Baee, Mir Ali , & Pieprzyk, Josef (2020) Continuous authentication for VANET. Vehicular Communications , 25 , Article number: 100255."
1,0,0,1,0,6,12,NimbusSanL-Regu,10.909099578857422,117.91,346.88,433.62,357.79,346.88,484.1,117.91,161.66,This ﬁle was downloaded from: https://eprints.qut.edu.au/207932/
1,1,0,1,0,4,12,NimbusSanL-Bold,10.909099578857422,117.91,387.54,219.79,398.45,387.54,443.44,117.91,375.49,© 2020 Elsevier Inc.
1,0,0,1,0,102,19,NimbusSanL-Regu,8.966400146484375,117.91,416.12,472.87,506.38,416.12,335.51,117.91,122.41,"This work is covered by copyright. Unless the document is being made available under a Creative Commons Licence, you must assume that re-use is limited to personal use and that permission from the copyright owner must be obtained for all other uses. If the docu- ment is available under a Creative Commons License (or other speciﬁed license) then refer to the Licence for details of permitted re-use. It is a condition of access that users recog- nise and abide by the legal requirements associated with these rights. If you believe that this work infringes copyright please provide details by email to qut.copyright@qut.edu.au"
1,1,0,1,0,6,12,NimbusSanL-Bold,10.909099578857422,117.91,523.02,472.87,533.94,523.02,307.95,117.91,122.41,License : Creative Commons: Attribution-Noncommercial-No Derivative
1,1,0,1,0,14,12,NimbusSanL-Bold,10.909099578857422,117.91,577.22,472.87,588.14,577.22,253.75,117.91,122.41,Notice : Please note that this document may not be the Version of Record
1,0,0,1,0,47,12,NimbusSanL-ReguItal,10.909099578857422,117.91,590.77,472.87,642.32,590.77,199.57,117.91,122.41,"(i.e. published version) of the work. Author manuscript versions (as Sub- mitted for peer review or as Accepted for publication after peer review) can be identiﬁed by an absence of publisher branding and/or typeset appear- ance. If there is any doubt, please refer to the published source."
2,0,0,1,0,4,2,TimesNewRomanPSMT,15.960000038146973,181.22,145.04,439.06,162.71,145.04,679.21,181.22,156.26,Continuous Authentication for VANET
2,0,0,1,0,19,31,TimesNewRomanPSMT,10.23999998304579,79.1,196.14,519.27,210.45,196.14,631.47,79.1,76.05,"Basker Palaniswamy a , Seyit Camtepe b, , Ernest Foo a , Leonie Simpson a , Mir Ali Rezazadeh"
2,0,0,1,0,6,31,TimesNewRomanPSMT,10.019999980926514,243.77,223.26,351.49,237.57,223.26,604.35,243.77,243.83,"Baee a , Josef Pieprzyk b"
2,0,0,1,0,8,31,TimesNewRomanPSMT,10.019999980926514,135.38,250.5,462.94,264.81,250.5,577.11,135.38,132.38,"a Queensland University of Technology (QUT), Brisbane, Australia."
2,0,0,1,0,5,31,TimesNewRomanPSMT,10.019999980926514,211.61,277.77,386.71,292.08,277.77,549.84,211.61,208.61,"b CSIRO Data61, Sydney, Australia."
2,0,0,1,0,11,7,TimesNewRomanPSMT,12.0,72.02,318.04,526.22,331.32,318.04,510.6,72.02,69.1,Continuous authentication protocol suite consisting of a user authentication protocol and
2,0,0,1,0,13,7,TimesNewRomanPSMT,12.0,72.02,345.16,526.42,358.44,345.16,483.48,72.02,68.9,in-transit vehicle to infrastructure (P_1) and vehicle to vehicle (P_2) key exchange protocols
2,0,0,1,0,11,7,TimesNewRomanPSMT,12.0,72.02,372.4,526.43,385.68,372.4,456.24,72.02,68.89,provides handoff capability with key exchange protocols which ensure continuity of
2,0,0,1,0,13,7,TimesNewRomanPSMT,12.0,72.02,399.64,526.24,412.92,399.64,429.0,72.02,69.08,authentication and network connectivity as a vehicle moves from one roadside unit (RSU)
2,0,0,1,0,14,7,TimesNewRomanPSMT,12.0,72.02,426.88,526.33,440.16,426.88,401.76,72.02,68.99,coverage to another. Evaluation of the proposed suite includes (i) formal and informal security
2,0,0,1,0,13,7,TimesNewRomanPSMT,12.0,72.02,454.14,526.42,467.42,454.14,374.5,72.02,68.9,"proofs, (ii) security property verifications using Tamarin tool, and (iii) simulation study using"
3,0,0,1,0,4,1,CMR17,17.21540069580078,161.58,109.62,433.73,126.84,109.62,715.05,161.58,161.54,Continuous Authentication for VANET
3,0,0,1,0,25,31,CMR12,10.18404452006022,64.89,144.87,530.4,172.5,144.87,669.39,64.89,64.88,"Basker Palaniswamy a , Seyit Camtepe b, , Ernest Foo a , Leonie Simpson a , Mir Ali Rezazadeh Baee a , Josef Pieprzyk b,c"
3,0,0,1,0,23,31,CMTI7,8.468199968338013,127.66,182.74,467.63,217.89,182.74,624.0,127.66,127.65,"a Information Security Discipline, QUT, Brisbane, Australia b CSIRO Data61, Sydney, Australia c Institute of Computer Science, Polish Academy of Sciences, Warsaw, Poland"
3,0,0,1,0,236,8,CMBX12,11.9552001953125,64.51,264.83,530.85,578.49,264.83,263.4,64.51,64.43,"Abstract Vehicular Ad-hoc Network (VANET) services use a range of information, such as traﬃc conditions and location information, for safe and convenient driving. Information exchange in VANET happens in Vehicle-to-Infrastructure (V2I) and Vehicle-to-Vehicle (V2V) commu- nication modes. Several V2I and V2V authentication protocol suites are proposed to protect the information from attacks, namely replay, masquerading and man-in-the-middle. This pa- per identiﬁes critical weaknesses in the protocols proposed for V2I and V2V communication modes and proposes a new protocol suite as a countermeasure. Our protocol suite is com- posed of driver authentication, V2I and V2V key exchanges, information exchange, oﬄine password change and vehicle complain protocols. Our V2I key exchange protocol facilitates handoﬀcapability to ensure continuous authentication when vehicles move from the coverage of one roadside unit (RSU) to another. The protocol also assures detectability to denial-of- service (DoS). Our V2V key exchange protocol enables vehicles to verify the time-bounded validity of certiﬁcates of vehicles and integrity of keys. We use the random oracle model to prove the security of our key exchange protocols and prove various security attributes of the protocols informally. Tamarin tool is used to formally verify the security properties of our driver authentication and key exchange protocols. Performance comparisons show that our driver authentication and key exchange protocols assure lesser computation overhead and more functional attributes than the existing protocols. Simulation performance ensures the fast key dissemination capability of our protocol suite. Keywords:"
3,0,0,1,0,16,8,CMR12,11.9552001953125,64.51,566.53,521.37,607.38,566.53,234.51,64.51,73.91,Vehicle-to-vehicle/Roadside/Internet Communication; Secure-vehicular-communication; Security and Privacy; VANET Authentication; V2I and V2V Key Exchange; HandoﬀAuthentication; Formal Veriﬁcation.
3,0,0,1,0,26,14,CMR10,9.962599754333496,64.51,654.9,520.57,713.16,654.9,128.73,64.51,74.7,"I am corresponding author Email addresses: basker170889@gmail.com (Basker Palaniswamy), Seyit.Camtepe@data61.csiro.au (Seyit Camtepe), e.foo@qut.edu.au (Ernest Foo), lr.simpson@qut.edu.au (Leonie Simpson), mirali.rezazadeh@qut.edu.au (Mir Ali Rezazadeh Baee), josef.pieprzyk@data61.csiro.au (Josef Pieprzyk)"
3,0,0,1,0,8,14,CMTI10,9.962599754333496,64.51,740.93,530.78,750.89,740.93,91.0,64.51,64.49,"Preprint submitted to Vehicular Communication January 16, 2020"
4,0,0,1,0,356,8,CMR12,11.9552001953125,64.51,137.13,530.86,553.57,137.13,288.32,64.51,64.42,"Advancements in vehicular technologies (pedestrian detection system [1], advanced driver assistance system (ADAS) [2] and cooperative adaptive cruise control (CACC) [3]) ) ensure vehicles to use various information in vehicular ad-hoc network (VANET). The technologies have the potential to assure safer and easier driving than ever before [4]. When vehicles use information from roadside infrastructures (RSUs) and other vehicles, several beneﬁts can be attained by the vehicles. For instance, when vehicles operate in a platoon, improved fuel eﬃciency can be attained by exploiting information about current driving conditions [5]. Location-based safety information (LBSI) informs drivers about upcoming obstacles or nearest fuel stations [6]. The information is predominantly exchanged to vehicles using vehicle to infrastructure (V2I) and vehicle to vehicle (V2V) communication modes [7]. The information needs protection against adversarial manipulations, such as message alteration and fake message injection, from untrusted sources, e.g. untrusted vehicles and infrastructures [8] [9]. For example, if a malicious vehicle alters the information about a road condition and transmits it to a targeted vehicle, the receiving vehicle may face accidents [10]. The information can be protected by ensuring an authentication protocol suite. Re- searchers have proposed several authentication protocol suites [11, 12, 13, 14, 15] to assure protection for the information. The proposed suites include authentication protocols for driver authentication, and V2I and V2V communication modes. However, the proposed protocols have drawbacks such as lack of resistance to adversarial attacks, excess compu- tation and practicality. The existing V2I key exchange protocols do not oﬀer continuous authentication while disseminating keys to vehicles. That is, the protocols do not support continuous key exchange when vehicles move from the coverage of one roadside infrastruc- ture to another roadside infrastructure (handoﬀcapability [16]). Continuous authentication is needed to disseminate session keys to vehicles quickly. The existing V2V key exchange protocols do not facilitate vehicles to asses the time-bounded validity of certiﬁcates at a lower computation overhead, which may result in those vehicles with expired certiﬁcates re- ceiving valid session keys. Also, the existing protocols for the driver authentication and V2I and V2V key exchange protocols have not been formally veriﬁed. Therefore, our ﬁve-folded contributions are as follows:"
4,0,0,1,0,21,8,CMR12,11.9552001953125,87.92,569.01,530.84,595.41,569.01,246.48,87.92,64.44,We perform a security analysis of Park et al. [17] and Ying et al. [15] protocol suites and identify their weaknesses.
4,0,0,1,0,18,8,CMR12,11.9552001953125,87.92,607.87,530.82,634.27,607.87,207.62,87.92,64.45,"We present a driver authentication protocol which can resist to known attacks, namely replay, masquerading and man-in-the-middle [18]."
4,0,0,1,0,42,8,CMR12,11.9552001953125,87.92,646.72,530.84,702.01,646.72,139.88,87.92,64.44,"We propose V2I and V2V key exchange protocols. In particular, our V2I key exchange protocol exhibits continuous authentication characteristics. Our V2V key exchange protocol facilitates vehicles to check the time-bounded validity of a certiﬁcate of a vehicle and integrity of session keys."
5,0,0,1,0,30,8,CMR12,11.9552001953125,87.92,113.72,530.82,154.57,113.72,687.32,87.92,64.45,We perform the security analysis of our key exchange protocols in the random oracle model [19]. We perform formal security veriﬁcation of the proposed protocol suite using the Tamarin tool.
5,0,0,1,0,32,8,CMR12,11.9552001953125,87.92,167.02,530.85,207.87,167.02,634.02,87.92,64.43,We simulate our protocol suite and compare its key dissemination capability with the protocol of Park et al. [17]. We show that our protocol suite also has a fast key dissemination capability.
5,0,0,1,0,184,8,CMR12,11.9552001953125,64.51,223.31,530.84,423.06,223.31,418.83,64.51,64.44,"The outcome of this research beneﬁts vehicle manufacturers and smart city domains. Vehicle manufacturers can follow the design steps in the proposed driver authentication protocol for implementing a driver authentication system. The new protocol suite assures design steps for implementing a secure LBSI service in a smart city. In general, this research helps VANET community on implementing a fast and secure key exchange protocol for V2I and V2V communication modes. The road map of this paper is as follows. Section 2 overviews the related work. Section 3 presents the preliminaries. In Section 4, we analyse the security of the Park et al. and Ying et al. protocol suites. We describe our protocol suite in Section 5. Section 6 presents formal security proofs in the random oracle model and informal security analysis of our protocol suite. Formal security veriﬁcation is presented in Section 7. Sections 8 provides a performance comparison of our protocol suite with relevant protocols. Section 9 presents the comparison of the simulation performance of our protocol suite with the protocol suite of Park et al. [17], and Section X concludes our work."
5,0,0,1,0,3,8,CMBX12,11.9552001953125,64.51,443.48,163.58,455.44,443.48,386.45,64.51,431.69,2. Related Work
5,0,0,1,0,53,8,CMR12,11.9552001953125,64.51,466.89,530.81,522.19,466.89,319.7,64.51,64.46,"We identify two categories in the existing proposals to secure V2I and V2V communi- cation modes in VANET. They are V2I and hybrid schemes that incorporate both V2I and V2V communication modes. In the following subsections, we analyse the existing V2I and hybrid schemes with a speciﬁc focus on their security and eﬃciency."
5,0,0,1,0,147,8,CMTI12,11.9552001953125,64.51,536.63,530.85,724.93,536.63,116.96,64.51,64.43,"2.1. V2I Schemes The existing protocols for the V2I communication mode has disadvantages regarding excess computation overhead and impracticality. The V2I protocols are infrastructure de- pendent, and they are executed among three parties: a vehicle, an RSU and a trusted server/service provider. Some of the protocols are simpliﬁed into two-party protocols by merging an RSU with a trusted server/service provider. For example, Huang et al. [12] have proposed an anonymous batch authenticated and key agreement protocol for value-added service, which is referred to as ABAKA. ABAKA removes the bottleneck of veriﬁcation de- lay by employing batch veriﬁcation procedure. As a result, multiple vehicle authentications and vehicle key agreements are possible in the protocol. Further, the protocol preserves the privacy of vehicles. However, ABAKA establishes pairwise keys to secure communica- tion between vehicles and a service provider, and it demands time synchronization between vehicles and the service provider."
6,0,0,1,0,71,8,CMR12,11.9552001953125,64.51,113.72,530.84,197.9,113.72,643.99,64.51,64.44,"Chim et al. [13] have proposed a protocol suite, which is referred to as SPECS. SPECS oﬀers an eﬃcient batch veriﬁcation mechanism and a handshake protocol to share a key between a vehicle, and an RSU and a trusted authority. The protocol establishes group keys among vehicles. The protocol facilitates vehicles to form a group dynamically. The protocol uses digital signatures and also exhibits a signiﬁcant computation overhead. Wang et al."
6,0,0,1,0,6,8,CMR12,11.9552001953125,154.85,185.95,364.45,197.9,185.95,643.99,154.85,230.82,[11] have proposed the 2FLIP protocol.
6,0,0,1,0,257,8,CMR12,11.9552001953125,64.51,185.95,530.86,472.37,185.95,369.52,64.51,64.42,"2FLIP applies two-factor (i.e. biometrics and a hardware token) driver authentication with an option to trace every driver. The protocol has a system key update phase. As the protocol derives the current key from the most recent one, there is a risk that all future keys can be compromised once one of the past keys is compromised. This protocol also utilises digital signature algorithm during the key update phase. The PACP protocol has been proposed by Huang et al. [20] to ensure the privacy of vehicles during authentication. The protocol has three phases: registration, generation and extraction. The protocol allows vehicles to complain about other misbehaving vehicles to a trusted server. Nevertheless, an adversary can make fake complaints about vehicles to the trusted server as the vehicle complain protocol does not require authentication of vehicles. Horng et al. [14] have analysed and presented two impersonation attacks on the SPECS protocol. In the ﬁrst impersonation attack, Horng et al. [14] have shown a malicious vehicle can forge the signature for a message on behalf of a group member. In the second attack, Horng et al. [14] have shown that an attacker can forge the signature for a group message. An improved protocol called b-SPECS+ has been proposed in the work [14]. However, to prevent the replay attack, b-SPECS+ forces RSUs to store the pseudo-identities used by vehicles. It should be noted that RSUs are susceptible to hardware tampering and less trusted than a trusted authority [21]. A light-weight group key protocol has been proposed by Ying et al."
6,0,0,1,0,214,8,CMR12,11.9552001953125,64.51,460.42,530.84,703.51,460.42,138.38,64.51,64.44,"[15], which is referred to as LGKP. LGKP proposes anonymous light-weight authentication based on a smart card that creates a dynamic login ID for drivers and also facilitates to trace the drivers individually. LGKP proposes an eﬃcient password change phase that does not require the involvement of the trusted authority. The driver authentication protocol does not preserve the privacy of drivers. The security limitations of the protocol suite are presented in Section 4. In general, all the protocols presented above does not support the handoﬀcapability. Li et al. [22] have proposed a protocol suite, which is referred to as LIAP. LIAP facilitates the handoﬀcapability with less handoﬀdelay. The purpose of LIAP is to establish a shared session key between a vehicle and an authentication server based on the pre-shared login details. LIAP does not require a separate authenticated key exchange protocol for sharing session keys. However, LIAP employs a conventional public-key cryptosystem for performing encryption and decryption operation, which incurs heavy computation overhead. Zhou et al. [23] have analysed LIAP. Zhou et al. [23] have found that LIAP lacks privacy- preserving property and susceptible to impersonation attack. In response, Zhou et al. [23] have proposed a privacy-aware fast handover authentication protocol, which is referred to as PAFH. Nevertheless, PAFH does not provide formal veriﬁcation."
7,0,0,1,0,284,8,CMTI12,11.9552001953125,64.51,113.72,530.86,431.88,113.72,410.01,64.51,64.42,"2.2. Hybrid Schemes Very few protocol suites address the authentication of V2V communication mode. Zhang et al. [24] have proposed a scalable and robust authentication protocol (SRAP) to prevent malicious vehicles from masquerading as a legitimate vehicle. During V2I and V2V com- munication, SRAP uses a computationally expensive operation, namely the signcryption algorithm. SRAP maintains group communication between RSU and vehicles. However, in SRAP, V2V communication cannot be established between two vehicles that belong to two diﬀerent groups as each RSU individually establishes a key exchange with vehicles. Azees et al. [6] have proposed the EAAP protocol that permits vehicles to communicate in the absence of RSU coverage. The protocol achieves the infrastructure-independent V2V communication by generating a suﬃcient number of short-term public keys during regis- tration. However, EAAP communication between vehicles allows an adversary to link the short-term public keys because a static dummy ID for the vehicles is used in every session of the protocol. Also, messages transmitted from one vehicle to another are prone to a replay attack as they do not carry timestamps. SRAP is also susceptible to replay attacks. Park et al. [17] have proposed a privacy-preserving group key protocol that is referred to as FKDP. FKDP oﬀers a V2V group key dissemination, where the validity of a certiﬁcate (i.e. time-bounded validity of a public key issued by a trusted server) of a vehicle can be veriﬁed by another vehicle without contacting a server. They achieve a V2V key exchange in the absence of the coverage of RSU by enabling a vehicle with an updated key to update remaining vehicles. But their protocol is also prone to attacks. A detailed security analysis of FKDP is presented in Section 4."
7,0,0,1,0,108,8,CMTI12,11.9552001953125,64.51,446.19,530.85,591.0,446.19,250.89,64.51,64.43,"2.3. Motivation The protocols discussed for the V2I communication mode fall into two categories. They are protocols that provide a light-weight authentication which does not have handoﬀcapa- bility and the protocols that support handoﬀcapability with substantial computation over- heads. Therefore, we intend to design a light-weight authentication protocol that supports handoﬀcapability and additional functional features for V2I communication mode. There has not been any protocol proposed for the V2V communication mode to exchange group keys without security issues. So we design an authenticated key exchange protocol suite for V2V communication mode that is free from known attacks. We design a privacy-preserving authentication scheme for driver authentication in vehicles."
7,0,0,1,0,21,8,CMR12,11.9552001953125,64.51,634.55,530.86,660.95,634.55,180.94,64.51,64.42,"This section provides an introduction to pairing along with computational intractability assumptions, network and adversary models and security goals and requirements."
7,0,0,1,0,47,8,CMTI12,11.9552001953125,64.51,675.26,530.81,751.33,675.26,90.56,64.51,64.46,"3.1. Bilinear mapping Pairing is a map e with characteristics of simple computations, non-degeneracy and bi- linearity [25]. It establishes a relation between cryptographic groups by combining elements of two groups to yield an element in a third group. In elliptic curve, paring is a recent 5"
8,0,0,1,0,4,14,CMR10,9.962599754333496,250.7,229.11,344.59,239.07,229.11,602.82,250.7,250.69,Figure 1: Ate Pairing
8,0,0,1,0,12,8,CMR12,11.9552001953125,64.51,263.02,530.81,274.98,263.02,566.91,64.51,64.46,"addition which brings in encrypted multiplication capabilities. For example, with pairing, it"
8,0,0,1,0,44,31,CMR12,11.158180141448975,64.51,276.24,530.83,303.87,276.24,538.02,64.51,64.44,"is possible to check quadratic constraints such as p q =r by only knowing P= G p , Q= G q and R= G r (p, q and r are scalar values, and P, Q and R are elliptic curve points on three groups,"
8,0,0,1,0,25,8,CMR12,11.9552001953125,64.51,306.36,530.82,332.76,306.36,509.13,64.51,64.45,and G is the generating point). This paper uses pairing in the proposed V2V protocol for eﬃciently checking such quadratic constraints by using elliptic curves.
8,0,0,1,0,22,31,CMR12,10.868354667316783,82.07,332.64,530.76,348.13,332.64,493.76,82.07,64.52,"Consider three subgroups ( G 1 ,+), ( G 2 ,+) and ( G T , ) deﬁned by three elliptic curves"
8,0,0,1,0,32,31,CMMI12,11.789154350757599,64.51,347.08,530.77,361.65,347.08,480.24,64.51,64.51,"E ( F ( q )), E ( F ( q k )) and E ( F ( q )), respectively. The groups are of prime order q . P and Q"
8,0,0,1,0,26,31,CMR12,10.709856361150742,64.51,361.53,530.77,377.89,361.53,464.0,64.51,64.51,"are points of the group G 1 and G 2 , respectively, Further, let a map e : G 1 G 2 G T be an"
8,0,0,1,0,13,8,CMR12,11.9552001953125,64.51,378.59,530.81,404.99,378.59,436.9,64.51,64.46,"admissible bilinear map that satisﬁes the following properties: bilinearity, non-degenerate and computability [25]."
8,0,0,1,0,34,8,CMTI12,11.9552001953125,64.51,419.44,530.81,463.27,419.44,378.62,64.51,64.46,"3.2. Ate pairing The bilinear map can be computed by three types of pairing. They are Weil, Tate and Ate pairings. We consider ate pairing because it is more eﬃcient than other pairings. Let"
8,0,0,1,0,76,31,CMR12,11.116231717561421,64.51,464.54,530.78,507.53,464.54,334.36,64.51,64.49,"E( F q ) be a collection of points deﬁned by the elliptic curve E( F q ): y 2 = x 3 + ax + b mod r , where ( a, b ) F q [26]. A pairing-friendly curve is a Barreto-Naehrig (BN) curve, which is rep- resented as E( F q ): y 2 = x 3 + b mod r , where b F q . The bilinear map is usually implemented"
8,0,0,1,0,30,8,CMR12,11.9552001953125,64.51,509.1,530.84,535.5,509.1,306.39,64.51,64.44,"using Weil and Tate pairings. But, for better performance, the map is implemented using Ate pairing [27]. Ate pairing is an optimized version of Tate pairing. Ate pairing is achieved"
8,0,0,1,0,68,31,CMR12,10.868354667316783,64.51,536.77,530.77,565.31,536.77,276.58,64.51,64.51,"by the Frobenius endomorphism q , i.e. q : E E :( x, y ) ( x q , y q ). Now, G 1 and G 2 can be written as G 1 = E ( r ) Ker ( q [1])= E ( F q )[ r ] and G 2 = E ( r ) Ker ( q [ q ])= E ( F k"
8,0,0,1,0,4,31,CMMI8,10.958925127983093,504.11,552.44,530.76,566.48,552.44,275.41,504.11,64.51,"q )[ r ],"
8,0,0,1,0,19,31,CMR12,11.592918352647262,64.51,566.88,530.78,580.63,566.88,261.26,64.51,64.49,where Ker denotes the kernel of q and E ( r ) speciﬁes r torision which means that entire
8,0,0,1,0,31,31,CMR12,10.261535096168519,64.51,580.04,485.69,595.4,580.04,246.49,64.51,109.59,"group of points of order r . The Ate pairing is given by T ( Q, P ) m = f r,Q ( P ) m ( q k 1) /r"
8,0,0,1,0,38,31,CMR12,10.924572550017258,64.51,595.69,530.79,611.04,595.69,230.85,64.51,64.49,"= f mr,Q ( P ) ( q k 1) /r , where r is not the factor of m , f r,Q = r ( Q )- r ( O ), O is a point at inﬁnity,"
8,0,0,1,0,108,31,CMMI12,11.495380933468159,64.51,612.61,530.82,725.69,612.61,116.2,64.51,64.45,"T is a tate pairing, m Z p , P E ( r ) Ker ( q [1]) and Q E ( r ) Ker ( q [ q ]). We use the same notations as presented in [26]. Figure 1 presents the Ate pairing. It presents the way a mapping operation is done in a targeted group. Now, we discus the computational intractability assumptions that are used in our pro- tocols. Computational intractability 1: Elliptic Curve Discrete logarithmic problem (ECDLP) Given P and x P in E ( F ( q )), where x Z p , it is computationally infeasible to ﬁnd x in polynomial time."
9,0,0,1,0,69,8,CMTI12,11.9552001953125,64.51,113.72,530.79,183.46,113.72,658.43,64.51,64.48,"Computational intractability 2: Elliptic Curve Diﬃe-Hellman problem (ECDHP) – Given P , x P and y P in E ( F ( q )), where x, y Z p , it is computationally infeasible to compute the product x y P in polynomial time. Computational intractability 3: Elliptic Curve q-Strong Diﬃe-Hellman problem (ECq- SDHP) – Based on the q-SDH problem [28], we deﬁne ECq SDHP as follows: Given a"
9,0,0,1,0,47,31,CMR12,11.23992578799908,64.51,183.34,530.77,198.83,183.34,643.06,64.51,64.51,"( q + 3)-tuple ( t d , P , Q , x Q , x 2 Q , . . . , x q Q ) Z p E ( F ( q )) E ( F ( q k ) q +1 ), it is"
9,0,0,1,0,9,8,CMR12,11.9552001953125,64.51,200.39,326.65,212.35,200.39,629.54,64.51,268.63,"computationally intractable to come with a pair ( ,"
9,0,0,1,0,16,31,CMMI8,10.389628682817731,331.56,197.78,530.79,216.57,197.78,625.32,331.56,64.49,x + t d P ) Z p E ( F ( q )) in polynomial
9,0,0,1,0,148,8,CMTI12,11.9552001953125,64.51,241.24,530.81,386.2,241.24,455.69,64.51,64.46,"3.3. Network architecture Figure 2 presents the network architecture of a VANET. It includes a key distribu- tion centre ( KDC ), trace managers (TMs), vehicles ( V 1 to V 3) and RSUs ( RSU 1 and RSU 2). The KDC is a trusted authority in the network. It is responsible for the regis- tration of vehicle owner/driver, vehicles and RSUs, generation and distribution of session keys to vehicles and RSUs ( P 1 in Figure 2) and revocation of vehicles. KDC generates a new session key on the following events: a vehicle is newly registered, on the expiry of a public key, a vehicle is revoked, or the current session key is expired. TMs are distributed throughout VANET [29]. In practice, TM is the law authority [30]. The role of TMs is to trace malicious activities and update vehicles with the revocation list. The malicious activ-"
9,0,0,1,0,18,31,CMR12,10.816600118364606,64.51,388.69,530.8,402.44,388.69,439.45,64.51,64.47,ities during P 1 and P 2 are reported to a TM by vehicles. Upon receiving complaints from
9,0,0,1,0,178,8,CMR12,11.9552001953125,64.51,403.13,530.82,602.89,403.13,239.0,64.51,64.45,"vehicles, TM communicates with KDC to report the malicious vehicle. Depending on the decision, KDC updates TMs with the revocation list such that vehicles can be notiﬁed to update the revocation list. Vehicles are equipped with an on-board unit (OBU) and a smart card reader. OBUs, RSUs and TMs contain a tamper-resistant hardware security module [31], where long-term secrets of the vehicle are stored. Every vehicle has a unique identity, such as a chassis number. Vehicles can be operated manually or drive autonomously. Every RSU possesses a unique serial number. RSUs assist vehicles by providing LBSIs. Vehicle driver/owner knows the password of the vehicle and holds a smart card, which stores the registration credentials. For simplicity, we consider a driver and an owner are the same. V2I and V2V interactions can be carried out using dedicated short-range com- munication (DSRC) [32]. RSUs and KDC can communicate using a high bandwidth wired channel (e.g. optic link). Similarly, KDC and TMs can communicate using an optic link. We use the following assumptions about entities, communication channel and mobility of vehicles."
9,0,0,1,0,32,8,CMTI12,11.9552001953125,87.92,618.33,530.77,659.17,618.33,182.72,87.92,64.5,"B1. Entity assumptions: Being a trusted authority, KDC cannot be compromised. But vehicles and RSUs are susceptible to compromise. Nevertheless, long-term secrets are stored in the vehicles and RSUs cannot be disclosed."
9,0,0,1,0,39,8,CMTI12,11.9552001953125,87.92,671.63,530.78,726.92,671.63,114.97,87.92,64.49,B2. Channel assumptions: The wireless channel between vehicles and RSUs and the wired channel between RSUs and KDC in V2I communication are susceptible to compromise. The wireless channel between two vehicles in V2V communication is also susceptible to compromise.
10,0,0,1,0,4,14,CMR10,9.962599754333496,228.6,262.62,366.69,272.58,262.62,569.31,228.6,228.59,Figure 2: Network architecture.
10,0,0,1,0,66,8,CMTI12,11.9552001953125,87.92,296.53,530.8,366.27,296.53,475.62,87.92,64.48,"B3. Mobility assumptions: There exist some vehicles in the region that is not covered by RSUs. For instance, V 2 and V 3 in Figure 2 present the location of vehicles in the region. Some vehicles may cross the boundary between two RSUs. For example, V 1 crosses the boundary (ellipsed portion) of RSU 1 and enters into the boundary of RSU 2 in Figure 2."
10,0,0,1,0,104,8,CMTI12,11.9552001953125,64.51,381.71,530.81,512.22,381.71,329.67,64.51,64.46,"3.4. Adversarial capabilities An adversary is a probabilistic polynomial-time algorithm ( A ) with complete control over messages. Precisely, it can eavesdrop, inject, delete, spoof and replay messages. The adversary can tamper with hardware units of either OBUs of vehicles or RSUs to acquire stored secrets [21]. This means that the adversary can acquire secret random numbers and session keys that are used by vehicles and RSUs during previous key exchanges. However, the adversary cannot acquire the long-term secrets of KDC. The adversary can tamper with the smart-card and recover all the stored credentials, and it can accurately guess the password in polynomial time."
10,0,0,1,0,17,8,CMTI12,11.9552001953125,64.51,526.66,530.81,570.5,526.66,271.39,64.51,64.47,3.5. Security Goals and Requirements An authenticated key exchange protocol (AKEP) should satisfy the following security goals:
10,0,0,1,0,18,8,CMTI12,11.9552001953125,87.92,582.95,530.81,609.35,582.95,232.54,87.92,64.47,D1. Mutual entity authentication allows two communicating entities (parties) to verify their identities (through acquisition or collaborative evidence).
10,0,0,1,0,18,8,CMTI12,11.9552001953125,87.92,621.81,530.8,648.21,621.81,193.68,87.92,64.48,D2. Explicit key authentication convinces parties that they are the only ones that hold a correct session key.
10,0,0,1,0,16,8,CMTI12,11.9552001953125,87.92,660.66,530.79,687.06,660.66,154.83,87.92,64.49,D3. Key conﬁrmation (KC) is guaranteed if a party proves the possession of a session key.
10,0,0,1,0,17,8,CMTI12,11.9552001953125,87.92,699.52,530.81,725.92,699.52,115.97,87.92,64.47,"D4. Key freshness guarantees that the current session key is chosen at random and independently [33, 34]."
11,0,0,1,0,13,8,CMTI12,11.9552001953125,87.92,113.72,503.37,125.67,113.72,716.22,87.92,91.91,D5. Key integrity holds if any unauthorised alteration of keys is detectable [33].
11,0,0,1,0,23,8,CMTI12,11.9552001953125,87.92,138.13,530.79,164.53,138.13,677.36,87.92,64.49,D6. Forward secrecy (FS) holds if the disclosure of long-term secrets of a party does not reveal any session keys to A [34].
11,0,0,1,0,24,8,CMTI12,11.9552001953125,87.92,176.98,530.78,203.38,176.98,638.51,87.92,64.49,"D7. Known-key secrecy (KKS) holds if the exposure of any session key does not help A in attaining the present session key [35, 34]."
11,0,0,1,0,20,8,CMR12,11.9552001953125,64.51,215.84,530.81,242.24,215.84,599.65,64.51,64.47,AKEP is intended to satisfy conditional anonymity and unlinkability to ensure the pri- vacy of vehicles and vehicle drivers [11].
11,0,0,1,0,21,8,CMTI12,11.9552001953125,87.92,254.69,530.79,281.09,254.69,560.8,87.92,64.49,D8. Conditional anonymity of a vehicle is achieved if KDC alone has the resolution to the pseudonyms used by vehicles [36].
11,0,0,1,0,23,8,CMTI12,11.9552001953125,87.92,293.54,540.0,319.95,293.54,521.94,87.92,55.28,D9. Unlinkability of a vehicle is achieved if an adversary cannot link multiple pseudonyms used by a vehicle when observing its communication [36].
11,0,0,1,0,26,8,CMR12,11.9552001953125,64.51,332.4,530.81,358.8,332.4,483.09,64.51,64.47,"AKEP should be resilient against the following attacks: password guessing, lost smart card, replay, masquerading and MITM, and it should detect denial of service (DoS) [37]."
11,0,0,1,0,12,8,CMBX12,11.9552001953125,64.51,379.22,403.67,391.18,379.22,450.71,64.51,191.61,4. Analysis of Park et al. and Ying et al. Protocol Suites
11,0,0,1,0,30,8,CMR12,11.9552001953125,64.51,402.64,530.83,429.04,402.64,412.85,64.51,64.44,"We present our analysis of the protocol suite of Park et al. [17] and Ying et al. [15]. We use the same notations as used in the works [17, 15]."
11,0,0,1,0,33,8,CMTI12,11.9552001953125,64.51,443.48,530.82,487.32,443.48,354.57,64.51,64.45,"4.1. Park et al. Protocol Suite V2I group key transmission protocol is susceptible to MITM attack, and the protocol does not preserve the privacy of vehicles. V2V group key transmission protocol lacks KKS."
11,0,0,1,1,39,8,CMTI12,11.9552001953125,64.51,501.76,530.79,558.05,501.76,283.84,64.51,64.48,4.1.1. V2I KDC updates keys via RSUs. The objective of this protocol is to exchange keys between vehicles and a trusted server. A vehicle should possess the most recent key to execute the protocol. The protocol is presented below.
11,0,0,1,0,82,14,CMBX10,9.962599754333496,70.49,571.86,463.38,678.26,571.86,163.63,70.49,131.9,Vehicle 1) Send the identity ( ID ) of the vehicle as plain text ; RSU/KDC 2) V erify the expiry time of the public key of the vehicle ; 3) Check the version of the group key possessed by the vehicle ; 4) Encrypt new group key using the public key of the vehicle ; 5) Send the encrypted group key ; Vehicle 6) Decrypt the cipher text using the private key of the vehicle to obtain the group key ;
11,0,0,1,0,17,31,CMR12,10.958925127983093,82.07,691.98,530.76,704.86,691.98,137.03,82.07,64.51,Security Analysis: Let the version of the group key possessed by the vehicle be GK 2 .
11,0,0,1,0,17,8,CMR12,11.9552001953125,64.51,706.27,530.81,718.38,706.27,123.51,64.51,64.46,Adversary A starts an attack by sending the ID of the target vehicle (Step 1) and continues
12,0,0,1,0,3,14,CMR10,9.962599754333496,246.15,229.89,349.13,239.85,229.89,602.04,246.15,246.14,Table 1: Nomenclature.
12,0,0,1,0,3,17,CMR6,9.130963325500488,277.65,267.07,396.79,276.2,267.07,565.69,277.65,198.49,Vehicle’s departure time
12,0,0,1,0,18,17,CMR6,9.130963325500488,78.06,277.72,501.91,309.38,277.72,532.51,78.06,93.37,"Current time , KDC’s secrets Y & D Helper values, where Y = Q and D = Q"
12,0,0,1,0,7,31,CMMI6,8.261318343026298,78.06,311.51,170.89,322.06,311.51,519.83,78.06,424.39,"GK part 1 , GK part 2"
12,0,0,1,0,14,17,CMR6,9.130963325500488,277.65,311.51,472.51,331.94,311.51,509.95,277.65,122.77,Group key part 1 and part 2 Seed value for generating the group key
12,0,0,1,0,11,17,CMR6,9.130963325500488,78.06,334.07,378.61,366.15,334.07,475.74,78.06,216.67,Version of group key f () Identity function {} Encryption function
12,0,0,1,0,15,31,CMMI6,8.545625356527475,78.06,368.28,258.79,381.23,368.28,460.66,78.06,336.49,"GK = f ( GK part 1 , GK part 2 , ver gk )"
12,0,0,1,0,3,31,CMMI6,8.370023965835571,78.06,381.82,134.61,395.21,381.82,446.68,78.06,460.67,ID V ehiclei
12,0,0,1,0,14,31,CMR6,8.75049364566803,78.06,379.18,410.12,420.7,379.18,421.19,78.06,185.16,Identity of the i th vehicle SID Anonymous ID of a vehicle L RSUi
12,0,0,1,0,11,31,CMR6,8.75049364566803,78.06,404.75,499.52,434.93,404.75,406.96,78.06,95.75,Long-term secret between i th RSU and KDC L T Mi
12,0,0,1,0,11,31,CMR6,8.75049364566803,78.06,418.98,495.01,449.16,418.98,392.73,78.06,100.26,Long-term secret between i th TM and KDC L RT Mi
12,0,0,1,0,10,31,CMR6,8.75049364566803,78.06,433.21,492.64,460.81,433.21,381.08,78.06,102.64,Long-term secret between i th RSU and TM RL i
12,0,0,1,0,10,31,CMMI6,8.62367041905721,78.06,447.44,461.96,473.86,447.44,368.03,78.06,133.31,i th revocation list generated by KDC L V K
12,0,0,1,0,10,31,CMR6,8.75049364566803,78.06,460.36,510.25,484.59,460.36,357.3,78.06,85.02,Long-term secret between i th vehicle and KDC K c
12,0,0,1,0,53,17,CMR6,9.130963325500488,78.06,474.27,469.57,531.51,474.27,310.38,78.06,125.71,"Long-term group secret among vehicles r , s , d Random integers Bitwise XOR H ( . ) : { 0 , 1 } × { 0 , 1 } →{ 0 , 1 } k Hash function ( k is a constant) IBF : Z p →{ 0 , 1 } c"
12,0,0,1,0,16,17,CMR6,9.130963325500488,78.06,520.97,459.58,544.0,520.97,297.89,78.06,135.7,"Integer to binary conversion function IBF 1 : { 0 , 1 } c Z p"
12,0,0,1,0,3,17,CMR6,9.130963325500488,277.65,533.68,378.79,542.81,533.68,299.08,277.65,216.49,Inverse IBF function
12,0,0,1,0,6,31,CMMI6,8.522211837768555,78.06,546.6,193.09,560.32,546.6,281.57,78.06,402.18,ID V ehiclei & ID RSUi
12,0,0,1,0,13,31,CMR6,8.75049364566803,78.06,543.96,517.27,571.64,543.96,270.25,78.06,78.01,"Identity of the i th vehicle and RSU, respectively P W D i"
12,0,0,1,0,8,31,CMR6,8.75049364566803,78.06,558.27,450.07,582.97,558.27,258.92,78.06,145.2,Password chosen by the i th vehicle Cert
12,0,0,1,0,8,25,CMMI5,7.609084606170654,102.08,578.67,181.83,586.28,578.67,255.61,102.08,413.45,"i,Alice ( i ) ,Bob ( i )"
12,0,0,1,0,7,31,CMMI6,8.62367041905721,277.65,571.19,431.57,582.97,571.19,258.92,277.65,163.7,i th certiﬁcate of Alice and Bob
12,0,0,1,0,10,31,CMMI6,7.778182241651747,78.06,589.11,175.52,600.47,589.11,241.42,78.06,419.76,"P KV Alice ( i ) ,Bob ( i )"
12,0,0,1,0,15,31,CMMI6,8.62367041905721,87.19,586.47,433.39,612.29,586.47,229.6,87.19,161.89,"i th public key of Alice and Bob T , T c & T r"
12,0,0,1,0,7,17,CMR6,9.130963325500488,277.65,601.64,509.13,610.77,601.64,231.12,277.65,86.14,"Accepted time delay, current and received time"
13,0,0,1,0,4,8,CMR12,11.9552001953125,64.51,113.72,189.52,125.67,113.72,716.22,64.51,405.76,with the following steps:
13,0,0,1,0,97,14,CMSY10,9.962599754333496,70.49,139.36,357.31,306.46,139.36,535.43,70.49,237.97,A 1) Replay ID ; RSU/KDC 2) V erify the expiry time of the public key of the vehicle ; 3) Check the version of the group key possessed by the vehicle ; 4) Encrypt GK 3 using the public key of the vehicle ( k ); 5) Send { GK 3 } k ; A 6) Store { GK 3 } k ; Vehicle 7) Send ID ; RSU/KDC 8) V erify the expiry time of the public key of the vehicle ; 9) Check the version of the group key possessed by the vehicle ;
13,0,0,1,0,15,31,CMR10,9.364839839935303,70.49,308.45,183.66,331.21,308.45,510.68,70.49,411.62,10) Encrypt GK 4 with k ; 11) Send { GK 4 } k ;
13,0,0,1,0,26,14,CMSY10,9.962599754333496,70.49,332.63,166.06,391.78,332.63,450.11,70.49,429.21,A 11) Block { GK 4 } k ; 12) Send { GK 3 } k ; Vehicle 13) Decrypt { GK 3 } k ;
13,0,0,1,0,5,31,CMR10,9.215399861335754,70.49,392.93,143.85,403.74,392.93,438.15,70.49,451.43,14) Accept GK 3 ;
13,0,0,1,0,35,31,CMR12,10.958925127983093,64.51,416.62,530.8,443.94,416.62,397.95,64.51,64.47,"Consequently, the vehicle holds group key GK 3 while KDC’s version of the group key is GK 4 . In other words, the vehicle cannot communicate with the group as it uses an old key."
13,0,0,1,0,73,8,CMR12,11.9552001953125,64.51,445.51,530.81,515.25,445.51,326.64,64.51,64.46,"The attack is possible if the vehicle leaves the network at the end of a day and joins the network in the following morning. The duration is suﬃcient for the key update to happen twice. It should be noted that the privacy of the vehicle is also violated since the identity of the vehicle is explicitly used to update keys. Hence, the protocol does not preserve the conditional anonymity and unlinkability of vehicles."
13,0,0,1,1,67,8,CMTI12,11.9552001953125,64.51,529.69,530.81,614.87,529.69,227.02,64.51,64.46,"4.1.2. V2V The objective of the protocol is to perform the key update between vehicles in the absence of RSU coverage. The keys are exchanged over a conﬁdential channel which is established using the existing common group key. The party requesting the key update proves their iden- tity to the party supplying the new key, using an asymmetric key-based challenge-response mechanism. The steps below present the protocol."
14,0,0,1,0,54,14,CMBX10,9.962599754333496,70.49,112.09,272.76,291.42,112.09,550.47,70.49,322.51,Alice 1) Request using group name ; 2) Open secure channel ; Alice 3) Send encrypted subscription information ; Bob 4) Send challenge ; Alice 5) Compute response for the challenge ; 6) Send the response ; Bob 7) V erify the response 8) Send encrypted GK ; Alice 9) V erify GK ;
14,0,0,1,0,38,8,CMR12,11.9552001953125,64.51,305.13,530.78,345.98,305.13,495.91,64.51,64.5,"Security Analysis: This protocol lacks KKS. As the secure channel is opened based on the current group key, knowledge of a previous session key can help A to acquire the future session key just by eavesdropping the communications."
14,0,0,1,0,38,8,CMTI12,11.9552001953125,64.51,360.43,530.79,418.71,360.43,423.18,64.51,64.49,"4.2. Ying et al. Protocol Suite A trusted server updates keys of vehicles after verifying the authenticity of vehicles. For the nomenclature, the reader is referred to the work of Ying et al. [15]. LGKP is described below."
14,0,0,1,0,12,31,CMR12,10.958925127983093,82.07,421.2,417.56,434.95,421.2,406.94,82.07,177.72,"Step 1: The dynamic login identity DIDV i,j is created as follows:"
14,0,0,1,0,13,31,CMR12,10.729015497060923,87.92,445.61,263.76,458.49,445.61,383.4,87.92,331.51,Compute K = N i H 0 ( PW i n i ).
14,0,0,1,0,14,31,CMR12,9.678007228033882,87.92,468.79,249.05,482.89,468.79,359.0,87.92,346.23,Compute C 1 = y H 0 ( ID vi ) mod p .
14,0,0,1,0,25,31,CMR12,10.342185815175375,87.92,494.42,480.1,508.17,494.42,333.72,87.92,115.18,"Compute DIDV i,j = H 0 ( C 1 H 0 ( ID V i n j )), where n j is a random number."
14,0,0,1,0,11,31,CMR12,10.868354667316783,87.92,518.83,258.33,531.71,518.83,310.18,87.92,336.95,"Compute CV i = H 0 ( DIDV i,j k )"
14,0,0,1,0,27,31,CMR12,10.067526415774697,87.92,543.24,435.83,558.2,543.24,283.69,87.92,159.45,"Send < DIDV i,j , CV i , n j , T V i > to R i , where T V i is the time stamp."
14,0,0,1,0,19,31,CMR12,11.291016817092896,82.07,566.43,500.17,579.6,566.43,262.29,82.07,95.1,"Step 2: When i th RSU receives the login message at time T , it will act as follows:"
14,0,0,1,0,9,31,CMR12,10.709862649440765,87.92,592.06,207.12,605.72,592.06,236.17,87.92,388.15,Check ( T T V i ) δT .
14,0,0,1,0,13,31,CMR12,10.26920010493352,87.92,616.47,300.57,630.12,616.47,211.77,87.92,294.7,"Compute DIDR i = DIDV i,j H 0 ( ID R i )."
14,0,0,1,0,18,31,CMR12,10.494000116984049,87.92,640.88,363.27,655.84,640.88,186.05,87.92,232.0,"Send < DIDR i , CV i , n j , T R i > to trusted authority."
14,0,0,1,0,8,8,CMR12,11.9552001953125,82.07,665.28,368.84,677.24,665.28,164.65,82.07,226.44,Step 3:Trusted authority carries out the following steps:
14,0,0,1,0,21,31,CMR12,10.405444569057888,87.92,689.69,229.73,726.98,689.69,114.91,87.92,365.55,Check ( T 1 T R i ) T . Check C 1 = y PV ID Vi mod p .
15,0,0,1,0,16,31,CMR12,10.228326765696208,87.92,113.72,315.76,127.38,113.72,714.51,87.92,279.52,"Compute DIDV i,j = H 0 ( C 1 PV ID V i n j )."
15,0,0,1,0,5,31,CMR12,11.158180141448975,87.92,137.66,179.32,150.54,137.66,691.35,87.92,415.96,Compute H 0 ( ID
15,0,0,1,0,5,31,CMMI8,9.46452510356903,179.31,137.66,242.67,152.54,137.66,689.35,179.31,352.61,R i ) = DIDV
15,0,0,1,0,9,31,CMMI8,10.46078759431839,242.66,137.66,400.88,151.7,137.66,690.19,242.66,194.39,"i,j DIDR i and check H 0 ( ID"
15,0,0,1,0,11,31,CMMI8,9.564150094985962,400.88,137.66,483.86,152.54,137.66,689.35,400.88,111.41,R i ) = H 0 ( ID R i ).
15,0,0,1,0,13,31,CMMI12,10.46079178651174,87.92,161.6,234.11,175.25,161.6,666.64,87.92,361.16,k = H 0 ( x PV ID V i T reg )
15,0,0,1,0,37,31,CMR12,10.60730011322919,87.92,185.53,530.77,199.28,185.53,642.61,87.92,64.51,"Check CV i = H 0 ( DIDV i,j k ), K s = H 1 ( C 3 ), M i = E K s ( K c k ), where K c is a common"
15,0,0,1,0,9,31,CMR12,10.626833438873291,87.92,223.92,179.99,236.8,223.92,605.09,87.92,415.29,"Send < C 3 , M i , T"
15,0,0,1,0,3,31,CMMI8,8.634300072987875,179.98,223.92,201.0,238.8,223.92,603.09,179.98,394.27,V i >
15,0,0,1,0,6,8,CMR12,11.9552001953125,82.07,246.92,246.19,258.87,246.92,583.02,82.07,349.08,Step 4: RSU does the following:
15,0,0,1,1,4,31,CMR12,10.958925127983093,87.92,269.92,131.4,282.79,269.92,559.1,87.92,463.88,( T 2 T
15,0,0,1,0,4,31,CMMI8,9.46452510356903,131.39,269.92,171.9,284.8,269.92,557.09,131.39,423.37,R i ) T
15,0,0,1,0,11,31,CMR12,10.626833438873291,87.92,295.11,245.15,307.99,295.11,533.9,87.92,350.13,"Send the message < C 3 , M i , T"
15,0,0,1,0,3,31,CMMI8,8.634300072987875,245.14,295.11,266.16,310.0,295.11,531.89,245.14,329.11,V i >
15,0,0,1,0,7,8,CMR12,11.9552001953125,82.07,318.11,310.53,330.07,318.11,511.82,82.07,284.74,Step 5: Vehicle performs the following steps:
15,0,0,1,1,4,31,CMR12,10.958925127983093,87.92,341.11,131.4,353.99,341.11,487.9,87.92,463.88,( T 3 T
15,0,0,1,0,4,31,CMMI8,9.46452510356903,131.4,341.11,170.46,356.0,341.11,485.89,131.4,424.82,V i ) T
15,0,0,1,0,18,31,CMR12,10.585325121879578,87.92,365.05,323.89,378.71,365.05,463.18,87.92,271.38,Compute C 3 = H 1 ( k H 0 ( ID V i )) and check C
15,0,0,1,1,4,31,CMR8,9.962650060653687,323.89,365.05,357.83,379.09,365.05,462.8,323.89,237.44,3 = C 3
15,0,0,1,0,6,31,CMMI8,10.626833438873291,103.74,388.99,145.8,403.03,388.99,438.86,103.74,449.48,s = H 1 ( C
15,0,0,1,0,5,31,CMR12,11.158180141448975,87.92,412.93,198.01,426.68,412.93,415.21,87.92,397.27,Decrypt M i using K
15,0,0,1,0,5,31,CMMI8,9.962650060653687,198.01,412.93,272.57,426.97,412.93,414.92,198.01,322.71,s and store K c
15,0,0,1,0,28,8,CMR12,11.9552001953125,64.51,435.93,530.83,462.33,435.93,379.56,64.51,64.45,Security Analysis: The protocol is vulnerable to a masquerading attack. The following attack explains the way any vehicle gets the secret key k of another registered vehicle. The
15,0,0,1,0,93,31,CMR12,10.958925127983093,64.51,464.82,530.78,521.03,464.82,320.86,64.51,64.5,"protocol is a group key protocol, and the session key K c is known to all group members. Knowing K c , a malicious group member can compute K s = H 1 ( C 3 ) (refer sixth bulletin in Step 3) as C 3 is a public value. It can decrypt M i = E K s ( K c k ). From K c k , the session key k of any other group member can be recovered as K c k K c . It is noted that the"
15,0,0,1,0,42,8,CMR12,11.9552001953125,64.51,522.6,530.82,563.45,522.6,278.44,64.51,64.45,"arbitrary vehicle can complete the whole protocol until Step 5. Hence, the protocol lacks the known key secrecy. If anyone of the past session keys is leaked from the recorded message, the current session key k can be acquired as mentioned above."
15,0,0,1,0,4,8,CMBX12,11.9552001953125,64.51,583.17,194.02,595.12,583.17,246.77,64.51,401.25,5. Our Protocol Suite
15,0,0,1,0,100,8,CMR12,11.9552001953125,64.51,605.87,530.85,751.33,605.87,90.56,64.51,64.43,"Our protocol suite consists of ten protocols: vehicle registration protocol (VRP), RSU registration protocol (RSURP), TM registration protocol (TMRP), vehicle user authentica- tion protocol (VUAP), tri-party key dissemination protocol for V2I communication (TV2I), key dissemination protocol for V2V communication (KV2VP), a protocol for exchanging messages (PEM), oﬄine password change protocol (OPCP) and vehicle complain proto- col (VCP). In particular, VUAP, TV2IP, PEM and VCP are symmetric-key protocols and KV2VP is an asymmetric key protocol. The protocol starts with TMs registration (TMRP), vehicle owners registration (VRP) and RSUs registration (RSURP). Figure 3 presents the steps involved in VRP and VUAP. 13"
16,0,0,1,0,100,8,CMMI12,11.9552001953125,64.51,113.72,530.81,212.35,113.72,629.54,64.51,64.46,"O 1 in Figure 3 shows the registration of an owner with KDC. Vehicle and its owner/driver carries out VUAP to mutually authenticate each other before connecting to VANET. O 2 in Figure 3 shows the steps involved in VUAP. Upon successful execution of VUAP, vehicles follow TV2I to update keys from KDC . Update of keys between vehicles can be done by following KV2VP. PEM is performed by RSUs and vehicles to exchange information, such as LBSIs, information about current traﬃc status, etc. Misbehaving vehicles or RSUs during the protocol actions can be intimated to KDC by following VCP."
16,0,0,1,0,7,14,CMR10,9.962599754333496,185.93,226.59,409.37,236.55,226.59,605.34,185.93,185.9,"Table 2: Protocols, objectives and involved parties."
16,0,0,1,0,107,15,CMR12,9.918512344360352,73.04,248.9,522.26,417.92,248.9,423.97,73.04,73.01,"Phase Protocol Channel Parties Primary security goal Registration VRP Secure* Vehicles and KDC Share secret elements Registration RSURP Secure* RSUs and KDC Share secret elements Registration TMRP Secure* TMs and KDC Share secret elements User authentication VUAP Insecure Driver/owner, vehicle and Authenticate owner/driver smart-card Key dissemination TV2I Insecure Vehicle, RSUs and KDC Exchange session key Key dissemination KV2VP Insecure Vehicles Exchange session key Message exchange PEM Insecure Vehicles and RSUs Exchange LBSIs Password change OPCP Secure* Driver/owner and KDC Exchange PWD and smart-card credentials Vehicle complain VCP Insecure Vehicles, RSUs, TM and KDC Making complaints of misbehaving vehicles (*) Initial registration is achieved at a physical proximity."
16,0,0,1,0,37,8,CMR12,11.9552001953125,64.51,436.41,530.81,477.25,436.41,364.64,64.51,64.47,"Table 2 presents goals of the protocols, parties and speciﬁes the type of communication channel used. We follow the notations from Table 1. Before presenting the protocols, we describe the procedure for generating keys by KDC ."
16,0,0,1,0,50,8,CMTI12,11.9552001953125,64.51,491.7,530.81,549.98,491.7,291.91,64.51,64.47,"5.1. Group Key Generation Procedure and Setup (GGPS) The objective of the protocol is to generate group keys. GGPS assures the key integrity, i.e. vehicles can check the integrity of keys and ensure that the keys are indeed generated by the KDC . KDC generates a group key as follows:"
16,0,0,1,0,21,31,CMMI12,10.626833438873291,93.78,562.43,292.77,599.72,562.43,242.17,93.78,302.51,ver gk = ver gk + 1 K = H ( ver gk K c ) where λ R Z p
16,0,0,1,0,9,31,CMMI12,9.962650060653687,93.78,611.25,220.87,625.0,611.25,216.89,93.78,374.41,"GK part 2 = K, GK part 1 ="
16,0,0,1,0,3,31,CMMI8,9.962650060653687,225.38,611.25,279.71,626.46,611.25,215.43,225.38,315.56,K P for
16,0,0,1,1,5,31,CMMI8,10.958925127983093,285.13,611.25,341.62,626.46,611.25,215.43,285.13,253.66,"K = (0 , 1)"
16,0,0,1,0,15,31,CMMI12,10.422469322498028,93.78,635.66,269.85,648.54,635.66,193.35,93.78,325.43,"GK = f ( GK part 1 , GK part 2 , ver gk )"
16,0,0,1,0,19,31,CMR12,10.294741749763489,64.51,660.07,530.78,673.82,660.07,168.07,64.51,64.5,"Consuming GK part 1 , GK part 2 and ver gk as separate values, vehicles can check the integrity"
16,0,0,1,0,5,8,CMR12,11.9552001953125,64.51,674.51,171.31,686.47,674.51,155.42,64.51,423.97,of the key as follows:
16,0,0,1,0,16,31,CMMI12,10.816600118364606,93.78,698.92,283.3,711.8,698.92,130.09,93.78,311.98,"e ( GK part 1 , GK part 2 Y ) e ( P, Q )"
17,0,0,1,0,5,14,CMR10,9.962599754333496,242.28,213.92,353.02,223.88,213.92,618.01,242.28,242.26,Figure 3: VRP & VUAP.
17,0,0,1,0,21,31,CMMI12,10.868354667316783,64.51,245.37,530.78,259.12,245.37,582.77,64.51,64.5,"KDC publishes the description of the groups G 1 , G 2 and G T . Then, it announces two points"
17,0,0,1,0,23,31,CMMI12,11.423853492736816,64.51,259.82,530.76,273.56,259.82,568.33,64.51,64.51,"P and Q that generate G 1 and G 2 , respectively. It makes the following public: e , f () and ,"
17,0,0,1,0,17,8,CMR12,11.9552001953125,64.51,274.26,530.76,286.22,274.26,555.67,64.51,64.51,"where e is a bilinear mapping, f () is an identity function and is the isomorphism between"
17,0,0,1,0,15,31,CMMI12,10.626833438873291,64.51,288.71,393.25,302.46,288.71,539.43,64.51,202.02,"G 1 and G 2 . Finally, it publishes the helper values (ref. Table I)."
17,0,0,1,0,49,8,CMR12,11.9552001953125,64.51,303.15,530.81,344.0,303.15,497.89,64.51,64.46,"A group key is generated if any of the following events occurs in VANET: (1) a new vehicle or an RSU is registered, (2) certiﬁcate validity of a registered vehicle has expired, (3) a vehicle is revoked and (4) any of the registered RSUs is replaced due to repair."
17,0,0,1,0,19,8,CMTI12,11.9552001953125,64.51,356.61,530.78,384.15,356.61,457.74,64.51,64.5,"5.2. Vehicle Registration Protocol (VRP) This protocol aims to register vehicles with a trusted authority, KDC . The registration"
17,0,0,1,0,15,31,CMR12,11.291016817092896,64.51,385.42,530.75,398.6,385.42,443.29,64.51,64.52,procedure between the i th vehicle and KDC is presented below. A vehicle owner chooses
17,0,0,1,0,47,8,CMR12,11.9552001953125,64.51,401.09,530.81,441.94,401.09,399.95,64.51,64.46,"a password and submits it to KDC . The owner gives an identity of the vehicle, which is the chassis number (Step 1) and provides their contact number, date of birth (DoB) and primary and secondary email IDs. KDC generates credentials for the vehicle (Step 3). For"
17,0,0,1,0,16,31,CMR12,11.385900156838554,64.51,444.43,465.21,457.31,444.43,384.58,64.51,130.07,"the ﬁxed departure time ( t d ) of the vehicle, KDC generates certiﬁcates ( Cert"
17,0,0,1,0,4,31,CMMI8,9.962650060653687,465.2,444.43,530.77,458.47,444.43,383.42,465.2,64.5,i ) and corre-
17,0,0,1,0,5,8,CMR12,11.9552001953125,64.51,458.87,207.09,470.83,458.87,371.06,64.51,388.19,sponding public keys ( PKV
17,0,0,1,0,30,31,CMMI8,11.457062661647797,64.51,458.87,530.76,485.27,458.87,356.62,64.51,64.52,i ) suﬃcient for the vehicle by varying x (s.t. x ). KDC sends the credentials to the vehicle (Step 5). The vehicle stores the credentials (Steps 6 and 7).
17,0,0,1,0,12,31,CMBX10,8.468199968338013,70.49,499.09,193.78,522.41,499.09,319.48,70.49,401.5,"Vehicle i 1) Send ID V ehicle i , PWD i ;"
17,0,0,1,1,1,14,CMBX10,9.962599754333496,70.49,523.39,96.53,533.36,523.39,308.53,70.49,498.74,KDC
17,0,0,1,0,24,31,CMR10,9.083541056689095,70.49,535.35,324.97,546.81,535.35,295.08,70.49,270.31,"2) Choose x , t d , d, L V K R Z p ; Ensure x + δt d = (0 , 1);"
17,0,0,1,0,3,14,CMR10,9.962599754333496,70.49,547.3,149.12,557.27,547.3,284.62,70.49,446.16,3) Compute PKV
17,0,0,1,0,11,31,CMMI7,8.866709852218628,149.11,547.3,284.63,559.21,547.3,282.68,149.11,310.64,"i = H ( x ID V ehicle i ) Q,"
17,0,0,1,0,16,31,CMMI7,8.23573996225993,123.67,559.31,280.25,572.68,559.31,269.21,123.67,315.02,"H ( x ID )+ δt d P, m = H ( PWD i ) ,"
17,0,0,1,0,22,31,CMMI10,9.123641917580052,83.77,572.86,335.79,584.22,572.86,257.67,83.77,259.49,"n = H ( m ID V ehicle i ) , SID = H ( d ID V ehicle i ) ,"
17,0,0,1,0,27,14,CMMI10,9.962599754333496,70.49,584.81,249.47,618.68,584.81,223.21,70.49,345.81,"y = m n, C = H ( y ) ; 4) Maintain a tuple < SID, H ( x ID ) , m, n, C, PKV"
17,0,0,1,0,3,31,CMMI7,8.468199968338013,249.47,608.72,281.54,620.62,608.72,221.27,249.47,313.74,"i , Cert"
17,0,0,1,0,6,31,CMMI7,8.767079925537109,281.53,608.72,327.18,620.62,608.72,221.27,281.53,268.1,"i , ver gk > ;"
17,0,0,1,0,13,14,CMR10,9.962599754333496,70.49,620.68,266.98,630.64,620.68,211.25,70.49,328.29,"5) Send H ( x ID ) , SID, C, n, m, PKV"
17,0,0,1,0,3,31,CMMI7,8.468199968338013,266.97,620.68,299.04,632.58,620.68,209.31,266.97,296.23,"i , Cert"
17,0,0,1,0,9,31,CMMI7,8.767079925537109,70.49,620.68,340.49,643.83,620.68,198.06,70.49,254.79,"i , t d , GK ; Vehicle i"
17,0,0,1,0,9,14,CMR10,9.962599754333496,70.49,644.99,208.91,654.95,644.99,186.94,70.49,386.36,"6) Store H ( x ID ) , PKV"
17,0,0,1,0,3,31,CMMI7,8.468199968338013,208.92,644.99,240.99,656.89,644.99,185.0,208.92,354.29,"i , Cert"
17,0,0,1,0,6,31,CMMI7,7.9700667063395185,240.98,644.99,297.56,656.89,644.99,185.0,240.98,297.72,"i , m, C, ver gk"
17,0,0,1,0,15,14,CMMI10,9.962599754333496,70.49,656.94,237.0,678.86,656.94,163.03,70.49,358.28,"in the tamper resistant module ; 7) Store n, SID in the smart card ;"
17,0,0,1,0,5,8,CMTI12,11.9552001953125,64.51,691.4,277.71,703.36,691.4,138.53,64.51,317.57,5.3. RSU Registration Protocol (RSURP)
17,0,0,1,0,31,31,CMR12,11.049500161951238,64.51,706.99,530.77,734.32,706.99,107.57,64.51,64.51,The following protocol registers RSUs with KDC . KDC delivers L RSU i and GK to RSU i . KDC maintains a list of registered RSUs based on its geographical location.
18,0,0,1,0,8,31,CMBX10,8.468199968338013,70.49,125.04,145.05,148.36,125.04,693.53,70.49,450.23,RSU i 1) Send ID RSU i ;
18,0,0,1,1,1,14,CMBX10,9.962599754333496,70.49,149.35,96.53,159.31,149.35,682.58,70.49,498.74,KDC
18,0,0,1,0,12,31,CMR10,8.966336206956344,70.49,161.17,196.11,172.67,161.17,669.22,70.49,399.16,"2) Choose L RSU i R { 0 , 1 } ;"
18,0,0,1,0,29,31,CMR10,7.970074892044067,70.49,173.26,311.21,210.02,173.26,631.87,70.49,284.07,"3) Send L RSU i , GK, L RT M i ; RSU i 4) Store L RSU i , L RT M i in tamper resistant module ;"
18,0,0,1,1,1,14,CMBX10,9.962599754333496,70.49,209.92,96.53,219.88,209.92,622.01,70.49,498.74,KDC
18,0,0,1,0,17,31,CMR10,8.24178171157837,70.49,221.88,280.42,233.33,221.88,608.56,70.49,314.86,"5) Maintain a tuple < Id RSU i , L RSU i , ver gk > ;"
18,0,0,1,0,22,8,CMTI12,11.9552001953125,64.51,246.22,530.78,275.61,246.22,566.28,64.51,64.49,5.4. TM Registration Protocol (TMRP) The goal of this protocol is to register TMs with the KDC . The below protocol explains
18,0,0,1,0,38,31,CMR12,10.792883475621542,64.51,276.88,530.77,306.3,276.88,535.59,64.51,64.51,the steps involved during the registration of i th TM with KDC . KDC delivers L TM i and RL i to TM i . KDC maintains a list of registered TMs and its long-term secret. The execu-
18,0,0,1,0,14,8,CMR12,11.9552001953125,64.51,306.99,449.66,318.95,306.99,522.94,64.51,145.62,tion of this protocol is less frequent as TMs are ﬁxed compared to vehicles.
18,0,0,1,0,9,31,CMBX10,8.468199968338013,70.49,332.76,141.68,356.08,332.76,485.81,70.49,453.59,TM i 1) Send ID T M i ;
18,0,0,1,1,1,14,CMBX10,9.962599754333496,70.49,357.07,96.53,367.03,357.07,474.86,70.49,498.74,KDC
18,0,0,1,0,13,31,CMR10,8.966336206956344,70.49,368.9,192.75,380.39,368.9,461.5,70.49,402.52,"2) Choose L T M i R { 0 , 1 } ;"
18,0,0,1,0,33,31,CMR10,8.069699907302857,70.49,380.98,307.84,417.74,380.98,424.15,70.49,287.43,"3) Send L T M i , L RT M i , RL i ; TM i 4) Store L T M i , L RT M i in tamper resistant module ;"
18,0,0,1,1,1,14,CMBX10,9.962599754333496,70.49,417.64,96.53,427.6,417.64,414.29,70.49,498.74,KDC
18,0,0,1,0,19,31,CMR10,8.24178171157837,70.49,429.6,268.07,441.05,429.6,400.84,70.49,327.21,"5) Maintain a tuple < Id T M i , L T M i , RL i > ;"
18,0,0,1,0,46,8,CMTI12,11.9552001953125,64.51,453.94,530.82,512.22,453.94,329.67,64.51,64.45,5.5. Vehicle User Authentication Protocol (VUAP) The objective of this protocol is to authenticate vehicle user/owner. The protocol pre- sented below preserves the conditional anonymity and unlinkability of vehicles. A vehicle user/owner enters a password after inserting a smart card (Step 1). The smart card performs
18,0,0,1,0,35,31,CMR12,10.958925127983093,64.51,514.71,530.77,542.04,514.71,299.85,64.51,64.51,"the computations (Step 2), where T c is the current time, and sends the message (Step 3). The vehicle performs two checks (Step 4). The ﬁrst check is for the time delay, where T r"
18,0,0,1,0,69,8,CMR12,11.9552001953125,64.51,543.61,530.79,598.9,543.61,242.99,64.51,64.49,"is the time the message is received to prevent the replay attack. In the second check, the vehicle checks validity of H ( H ( y ) T c ) by comparing it with H ( C T c ), where C is fetched from the tamper-resistant module. Unless the two checks are valid, the vehicle aborts the authentication and blocks the user from accessing the vehicle (Step 5)."
18,0,0,1,0,43,31,CMR10,9.215399861335754,70.49,624.67,311.73,659.38,624.67,182.51,70.49,283.55,"1) Enter PWD i ; 2) Compute m = H ( PWD i ) , y = m n, H ( H ( y ) T c ) ; 3) Send T c H ( H ( y ) T c ) ;"
18,0,0,1,0,33,31,CMR10,9.464466492335001,70.49,672.76,316.01,694.8,672.76,147.09,70.49,279.26,"4) Check | T r T c | ≤ T, H ( H ( y ) T c ) == H ( C T c ) ; 5) Authenticate the vehicle user ;"
19,0,0,1,0,42,8,CMTI12,11.9552001953125,64.51,113.72,530.82,172.0,113.72,669.89,64.51,64.45,"5.6. Tri-party Key Dissemination Protocol for Vehicle to Infrastructure Communication (TV2I) The objective of this protocol is to exchange keys to vehicles from a trusted authority via RSUs. The parties involved in this protocol are vehicles, RSUs and KDC. The TV2I proto-"
19,0,0,1,0,62,31,CMR12,11.291016817092896,64.51,173.27,530.78,217.13,173.27,624.76,64.51,64.5,col below depicts steps involved between the i th vehicle and KDC when the vehicle crosses the boundary of i th RSU to either ( i 1) th or ( i + 1) th RSU. The vehicle forwards M and 1 to RSU i for proving its identity to KDC (Step 3). The RSU constructs U and ( 2 ) (Step 5)
19,0,0,1,0,37,8,CMR12,11.9552001953125,64.51,217.83,530.77,245.15,217.83,596.74,64.51,64.51,"to prove its authenticity, and it forwards the message to KDC (Step 6). KDC veriﬁes the tag of the RSU, matches SID with the stored SID , checks the validity ( t d ) of the vehicle"
19,0,0,1,0,22,31,CMR12,10.958925127983093,64.51,246.72,530.77,259.6,246.72,582.29,64.51,64.5,and the version of the key ( ver gk ) held by the vehicle and veriﬁes the tag of the vehicle (Step
19,0,0,1,0,66,8,CMR12,11.9552001953125,64.51,261.17,530.82,316.46,261.17,525.43,64.51,64.46,"7). KDC aborts authentication if either one of the cases occurs: the tags are invalid, the validity of the vehicle is expired and version of the key matches with the current version. KDC recovers random numbers that are sent by the vehicle and the RSU (Step 9), and it performs Step 10. The tags in Step 10 are computed based on the request received from the"
19,0,0,1,0,41,31,CMR12,10.958925127983093,64.51,317.73,530.8,345.35,317.73,496.54,64.51,64.47,"RSU. That is, if the i th RSU delivers the message in Step 6, then the tags for the ciphertexts will be additionally computed for ( i 1) th and ( i + 1) th RSU. The two additional tags are"
19,0,0,1,0,65,8,CMR12,11.9552001953125,64.51,347.84,530.82,403.13,347.84,438.76,64.51,64.45,"generated to uninterruptedly deliver the message to the vehicle regardless of its direction of mobility. The vehicle can acquire the key and construct the next session identiﬁer ( SID ) by following Step 14. As the key conﬁrmation step, the vehicle computes a tag (Step 15), and it forwards to the RSU. Now, the vehicle is assumed to be on the boundary of new RSU"
19,0,0,1,0,24,31,CMR12,11.069622357686361,64.51,404.4,530.8,417.58,404.4,424.31,64.51,64.48,"(i.e. either ( i 1) th or ( i + 1) th . The RSU computes a tag, and it forwards the message to"
19,0,0,1,0,38,8,CMMI12,11.9552001953125,64.51,420.07,530.84,460.92,420.07,380.97,64.51,64.44,"KDC (Step 17 and 18, respectively). KDC veriﬁes the tags and updates the tuple (Step 19 and 20). It should be noted that if any of the veriﬁcations or decryptions fail, then the concerned party aborts the protocol."
20,0,0,1,1,51,31,CMR10,9.588999807834625,70.49,123.91,350.64,158.76,123.91,683.13,70.49,244.63,"1) S R { 0 , 1 } , T = H ( L V K GK ) , B = S T L V K GK ; 2) 1 = H ( SID B L V K ) , M = SID, B ; 3) Send M, σ 1 ;"
20,0,0,1,0,55,31,CMR10,9.324991798400879,70.49,172.13,356.47,206.98,172.13,634.91,70.49,238.81,"4) R ∈{ 0 , 1 } , U = H ( L RSU i GK ) , Q = R L RSU i U GK ; 5) 2 = H ( Q M 1 RSU i L RSU i ) ; 6) Send M, RSU i , Q, σ 1 , σ 2 ;"
20,0,0,1,1,1,14,CMBX10,9.962599754333496,70.49,208.53,96.53,218.49,208.53,623.4,70.49,498.74,KDC
20,0,0,1,0,36,31,CMR10,8.767079925537109,70.49,220.48,309.63,243.89,220.48,598.0,70.49,285.64,"7) V erify σ 2 , Match < SID, ver gk , t d >, V erify σ 1 ; 8) Check the tuple < ID RSU , . . . , ver gk > ;"
20,0,0,1,0,55,31,CMR10,9.277668565511703,70.49,244.39,319.68,279.76,244.39,562.13,70.49,275.6,"9) S = B T L V K GK, R = Q U L RSU i GK ; 10) Choose r R { 0 , 1 } , ζ S = { GK r SID } S, R = { GK } R, σ 3 = H ( S R L RSU i ) ,"
20,0,0,1,0,13,31,CMR7,8.13611658414205,86.14,280.26,212.66,292.04,280.26,549.85,86.14,382.62,"3 = H ( S R L RSU i 1 ) , σ"
20,0,0,1,0,12,31,CMR7,8.13611658414205,212.66,280.26,332.31,292.04,280.26,549.85,212.66,262.96,3 = H ( S R L RSU i +1 ) ;
20,0,0,1,0,12,31,CMR10,8.841799914836884,70.49,292.21,173.58,303.02,292.21,538.87,70.49,421.7,"11) Send ζ S , ζ R , σ 3 , σ"
20,0,0,1,0,3,31,CMR7,8.468199968338013,173.58,292.21,191.96,304.0,292.21,537.89,173.58,403.32,"3 , σ"
20,0,0,1,0,13,31,CMBX10,7.20370784172645,70.49,304.57,140.41,315.67,304.57,526.22,70.49,454.87,"RSU ( i 1 ) , i , ( i + 1 )"
20,0,0,1,0,4,14,CMR10,9.962599754333496,70.49,316.52,128.72,326.48,316.52,515.41,70.49,466.55,12) V erify σ
20,0,0,1,0,6,31,CMR7,8.468199968338013,128.72,316.52,158.37,328.3,316.52,513.59,128.72,436.9,"3 , σ 3 , σ"
20,0,0,1,0,6,31,CMR7,8.468199968338013,158.37,316.52,228.22,328.3,316.52,513.59,158.37,367.06,"3 , Decrypt ζ R ;"
20,0,0,1,0,4,14,CMR10,9.962599754333496,70.49,328.48,121.32,338.44,328.48,503.45,70.49,473.96,13) Send ζ ;
20,0,0,1,0,12,14,CMR10,9.962599754333496,70.49,352.78,257.61,362.75,352.78,479.14,70.49,337.66,"14) Decrypt ζ, SID = H ( r SID GK ) ;"
20,0,0,1,1,16,31,CMR10,9.364839839935303,70.49,364.74,202.66,387.5,364.74,454.39,70.49,392.62,15) 4 = H ( SID L V K ) ; 16) Send σ 4 ;
20,0,0,1,0,13,31,CMBX10,7.20370784172645,70.49,389.05,143.84,400.16,389.05,441.73,70.49,451.43,RSU ( i 1 ) / i / ( i + 1 )
20,0,0,1,0,10,31,CMR10,8.634244389004177,70.49,400.2,206.71,414.5,400.2,427.39,70.49,388.56,17) Compute σ 5 = H ( 4 / /
20,0,0,1,0,11,31,CMMI10,6.52097259868275,225.89,403.04,297.68,414.74,403.04,427.15,225.89,297.59,"L RSU ( i 1) ,i, ( i +1) ) ;"
20,0,0,1,0,14,31,CMR10,8.332345442338424,70.49,415.48,210.58,426.59,415.48,415.3,70.49,384.7,"18) Send σ 4 , RSU i 1 /i/i +1 , σ 5 ;"
20,0,0,1,1,17,14,CMBX10,9.962599754333496,70.49,427.84,305.65,450.6,427.84,391.29,70.49,289.63,"KDC 19) V erify σ 5 , Compute SID = H ( r SID GK ) ;"
20,0,0,1,0,15,31,CMR10,9.364839839935303,70.49,451.75,250.56,462.55,451.75,379.34,70.49,344.72,"20) V erify σ 4 , Update < SID , . . . , ver"
20,0,0,1,0,6,31,CMMI7,8.966333230336508,250.54,451.75,331.1,463.88,451.75,378.01,250.54,264.17,gk > in the tuple ;
20,0,0,1,0,25,8,CMTI12,11.9552001953125,64.51,476.68,530.81,506.07,476.68,335.82,64.51,64.47,5.7. Key Dissemination Protocol for V2V Communication Protocol (KV2VP) The purpose of this protocol is to exchange keys from Bob to Alice. To transfer an
20,0,0,1,0,21,31,CMR12,10.626833438873291,64.51,508.56,530.78,521.44,508.56,320.45,64.51,64.5,"updated key, Alice needs to prove the validity of the certiﬁcate ( t d t c ) to Bob. Also, Bob"
20,0,0,1,0,183,8,CMR12,11.9552001953125,64.51,523.01,530.85,679.42,523.01,162.47,64.51,64.43,"needs to convince Alice that his departure time is not expired. Once the validity of Bob and Alice is mutually veriﬁed, Alice veriﬁes the integrity of the key to avoid a key injection from Bob. As outlined below, Alice picks up one of her public keys and the corresponding certiﬁcate (Step 1). She performs the steps until 4 to prove her validity and authenticity. Bob performs the veriﬁcation (Step 5), and he checks the departure time of Alice (Step 6). If anyone of the veriﬁcations fails, Bob aborts the authentication. Bob takes one of his public keys, and he constructs a session key (Step 7). Then, Bob performs Step 8 and Step 9. Alice performs checks similar to Bob (Step 10 and 11). She constructs a session key to decrypt the key (Step 12) and veriﬁes the integrity of the session key (Step 13). She further constructs a tag to ﬁnish the key conﬁrmation step (Step 13), and she forwards the tag to Bob (Step 14). Bob checks the tag (Step 15). If any of the veriﬁcation fails, then the protocol is aborted."
21,0,0,1,0,3,14,CMR10,9.962599754333496,70.49,124.04,129.45,134.01,124.04,707.88,70.49,465.83,1) Take Cert
21,0,0,1,0,6,31,CMMI7,7.9700667063395185,129.44,124.04,194.84,136.56,124.04,705.33,129.44,400.44,Alice ( i ) & PKV
21,0,0,1,0,5,31,CMMI7,7.571560096740723,194.85,124.04,225.87,136.56,124.04,705.33,194.85,369.4,Alice ( i ) ;
21,0,0,1,0,26,31,CMR10,8.468199968338013,70.49,135.19,227.75,160.78,135.19,681.11,70.49,367.52,"2) Choose a R Z p , a PKV Alice ( i ) ; 3) 1 = H ( a PKV Alice ( i ) Cert"
21,0,0,1,0,6,31,CMMI7,7.9700667063395185,213.91,149.32,277.1,161.84,149.32,680.05,213.91,318.18,"Alice ( i ) , PKV"
21,0,0,1,0,25,31,CMMI7,8.302155547671848,70.49,149.32,358.29,173.75,149.32,668.14,70.49,236.99,"Alice ( i ) t d GK ) ; 4) Send ver gk , a PKV Alice ( i ) , t d , Cert"
21,0,0,1,0,14,31,CMMI7,7.721000075340271,244.32,162.64,352.03,175.16,162.64,666.73,244.32,243.25,"Alice ( i ) , PKV Alice ( i ) , σ 1 ;"
21,0,0,1,0,6,31,CMR10,9.215399861335754,70.49,188.31,130.98,199.12,188.31,642.77,70.49,464.3,5) V erify σ 1 ;
21,0,0,1,0,5,14,CMR10,9.962599754333496,70.49,200.27,143.37,210.23,200.27,631.66,70.49,451.91,6) Check e ( Cert
21,0,0,1,0,6,31,CMMI7,7.571560096740723,143.37,200.27,198.81,212.79,200.27,629.1,143.37,396.47,"Alice ( i ) , PKV"
21,0,0,1,0,15,31,CMMI7,8.895171335765294,198.81,200.27,330.02,212.79,200.27,629.1,198.81,265.25,"Alice ( i ) + t d Y ) e ( P, Q ) ;"
21,0,0,1,0,14,31,CMR10,8.254714284624372,70.49,213.59,228.09,224.7,213.59,617.19,70.49,367.19,7) SK = a PKV Alice ( i ) PKV Bob ( i )
21,0,0,1,0,22,31,CMR10,9.535628386906215,70.49,225.42,233.65,248.96,225.42,592.93,70.49,361.62,"8) { GK , λ, ver gk } SK, 2 = H ( { GK , λ, ver gk } SK Cert"
21,0,0,1,0,13,31,CMMI7,7.893430819878211,233.65,237.5,368.46,250.02,237.5,591.87,233.65,226.82,Bob ( i ) PKV Bob ( i ) 1 GK ) ;
21,0,0,1,0,14,31,CMR10,9.364839839935303,70.49,250.69,237.94,261.63,250.69,580.26,70.49,357.34,"9) Send { GK , λ, ver gk } SK, t d , Cert"
21,0,0,1,0,14,31,CMMI7,7.721000075340271,237.94,250.82,335.81,263.34,250.82,578.55,237.94,259.47,"Bob ( i ) , PKV Bob ( i ) , σ 2 ;"
21,0,0,1,0,6,31,CMR10,9.215399861335754,70.49,276.5,135.96,287.3,276.5,554.59,70.49,459.32,10) V erify σ 2 ;
21,0,0,1,0,5,14,CMR10,9.962599754333496,70.49,288.45,148.35,298.41,288.45,543.48,70.49,446.93,11) Check e ( Cert
21,0,0,1,0,6,31,CMMI7,7.571560096740723,148.35,288.45,198.87,300.97,288.45,540.92,148.35,396.4,"Bob ( i ) , PKV"
21,0,0,1,0,15,31,CMMI7,8.895171335765294,198.88,288.45,325.17,300.97,288.45,540.92,198.88,270.1,"Bob ( i ) + t d Y ) e ( P, Q ) ;"
21,0,0,1,0,14,31,CMR10,8.254714284624372,70.49,301.77,233.07,312.88,301.77,529.01,70.49,362.21,12) SK = a PKV Alice ( i ) PKV Bob ( i )
21,0,0,1,0,20,31,CMR10,9.464466492335001,70.49,313.73,264.06,336.49,313.73,505.4,70.49,331.22,"13) V erify GK , σ 3 = H ( GK 2 SK ) ; 14) Send σ 3 ;"
21,0,0,1,0,6,31,CMR10,9.215399861335754,70.49,349.99,135.96,360.8,349.99,481.09,70.49,459.32,15) V erify σ 3 ;
21,0,0,1,0,19,8,CMTI12,11.9552001953125,64.51,373.74,530.76,402.53,373.74,439.36,64.51,64.51,5.8. Protocol for Exchanging Message (PEM) The prime objective is to exchange LBSI. Every LBSI message (LBSIMSG) is exchanged
21,0,0,1,0,68,31,CMR12,11.251947206609389,64.51,403.8,530.8,447.66,403.8,394.23,64.51,64.48,"with vehicles by i th RSU as ID LBSIMSG T c H ( ID LBSIMSG GK T c ) , where ID for each message is generated as r R Z p , H ( r L RSU i ) and ID = r H ( r L RSU i ) and T c is the current time. The parties involved in this protocol are vehicles and RSUs."
21,0,0,1,0,44,8,CMR12,11.9552001953125,64.51,448.36,530.81,489.21,448.36,352.68,64.51,64.46,"The message is broadcasted with the time stamp to prevent the replay attack. It should be noted that when messages are transmitted from one vehicle to another vehicle, the same format can be utilised by computing the ID = H ( m r )."
21,0,0,1,0,68,8,CMTI12,11.9552001953125,64.51,503.06,530.8,575.19,503.06,266.7,64.51,64.48,"5.9. Oﬄine Password Change Protocol (OPC) The purpose of this protocol is to change the password in oﬄine mode. The parties in- volved in the protocol are vehicle owner and KDC. The owner contacts KDC through mobile or e-mail to change the password. KDC ensures the legitimacy of the owner suﬃciently, e.g. by asking DoB and the ID number. Then, the owner gives a new password ( PWD"
21,0,0,1,0,16,8,CMMI12,11.9552001953125,64.51,577.68,370.33,589.63,577.68,252.26,64.51,224.94,"KDC computes m , n , y and C as follows: m = H ( PWD"
21,0,0,1,0,14,31,CMMI8,10.882292454059307,370.34,577.68,530.77,591.72,577.68,250.17,370.34,64.51,"i ) , n = H ( m ID V ehicle i ) ,"
21,0,0,1,0,44,8,CMMI12,11.9552001953125,64.51,592.12,530.78,632.97,592.12,208.92,64.51,64.49,"y = m n and C = H ( y ) and delivers the generated credentials to the owner. The owner stores n , and y and C in the smart card and the tamper-resistant module, respectively. The owner conﬁrms KDC about the storage."
21,0,0,1,0,85,8,CMTI12,11.9552001953125,64.51,646.82,530.81,751.33,646.82,90.56,64.51,64.46,"5.10. Vehicle Complain Protocol (VCP) The objective of this protocol is to complain about a misbehaving vehicle in KV2VP and PEM. The parties involved in the protocol are vehicle, RSU and TM. Vehicles make complaints on two instances. When a benign vehicle tries to get a key after the expiry of its departure time. When a benign vehicle tries to inject an invalid or old key. The misbe- haviour in PEM could be injections or replays of messages. Message in Step 1 can contain 19"
22,0,0,1,0,17,8,CMR12,11.9552001953125,64.51,113.72,530.79,125.67,113.72,716.22,64.51,64.49,either the step 4 and 9 of KV2VP or the message in PEM depending on the misbehaviour.
22,0,0,1,0,34,31,CMR12,10.958925127983093,64.51,128.16,530.79,156.36,128.16,685.53,64.51,64.48,"The vehicle constructs a tag, and it forwards the message, tag and SID, to RSU i (Step 3). RSU i constructs a tag for the received message, and it forwards the received message, the"
22,0,0,1,0,62,8,CMR12,11.9552001953125,64.51,157.06,530.8,212.35,157.06,629.54,64.51,64.48,"constructed tag and its SID, to TM (Steps 3 and 4, respectively). TM forwards the message to KDC after constructing 3 . KDC veriﬁes all the tags (Step 7). KDC executes the steps 8 and 9. If the misbehaviour is identiﬁed in KV2VP, KDC can identify the misbehaving vehicle by identifying the certiﬁcate. If the misbehaviour is in PEM, KDC can compute"
22,0,0,1,0,22,31,CMMI12,11.243578740528651,64.51,214.84,530.76,228.5,214.84,613.39,64.51,64.51,"H ( r L RSU i ) and H ( m r ) to trace RSUs and vehicles, respectively. KDC updates the"
22,0,0,1,0,49,8,CMR12,11.9552001953125,64.51,229.29,530.85,270.13,229.29,571.76,64.51,64.43,"revocation list (Step 10), constructs a tag (Step 11) and forwards to TMs (Step 12). TMs execute Step 13, and it forward the revocation list to RSUs (Step 15) after performing Step 14. RSUs perform the steps from 16 to 18. Vehicles accept the revocation list if the veriﬁ-"
22,0,0,1,0,9,31,CMR12,10.626833438873291,64.51,272.62,286.9,286.37,272.62,555.52,64.51,308.38,cation is successful for 6 (Step 19 and 20).
22,0,0,1,0,3,14,CMR10,9.962599754333496,70.49,310.34,125.18,320.31,310.34,521.58,70.49,470.1,1) Message ;
22,0,0,1,0,19,31,CMR10,9.419181650335139,70.49,322.3,227.75,345.06,322.3,496.83,70.49,367.53,"2) 1 = H ( Message SID L V K ) ; 3) Send SID, Message, σ 1 ;"
22,0,0,1,0,28,31,CMBX10,8.468199968338013,70.49,346.61,254.72,381.32,346.61,460.57,70.49,340.56,"RSU i 3) 2 = H ( Message SID 1 L RSU i ) ; 4) Send SID, Message, RSU i , σ 1 , σ 2 ;"
22,0,0,1,1,1,14,CMBX10,9.962599754333496,70.49,382.87,89.34,392.84,382.87,449.05,70.49,505.94,TM
22,0,0,1,0,30,31,CMR10,8.833499876658122,70.49,394.83,315.72,417.59,394.83,424.3,70.49,279.56,"5) Compute σ 3 = H ( SID Message 1 2 L T M i ) ; 6) Send SID, Message, σ 1 , σ 2 , σ 3 ;"
22,0,0,1,1,1,14,CMBX10,9.962599754333496,70.49,419.14,96.53,429.1,419.14,412.79,70.49,498.74,KDC
22,0,0,1,0,12,31,CMR10,8.841799914836884,70.49,431.09,166.8,441.9,431.09,399.99,70.49,428.48,"7) V erify σ 1 , σ 2 , σ 3 ;"
22,0,0,1,0,15,14,CMR10,9.962599754333496,70.49,443.05,289.42,464.96,443.05,376.93,70.49,305.85,8) Extract ID of the vehicle from the message ; 9) Check the threshold ;
22,0,0,1,0,5,31,CMR10,9.215399861335754,70.49,466.96,143.07,477.76,466.96,364.13,70.49,452.21,10) Update RL i ;
22,0,0,1,0,22,31,CMR10,8.694627154957164,70.49,478.91,217.36,501.67,478.91,340.22,70.49,377.92,"11) Compute σ 4 = ( RL i L T M i ) ; 12) Send RL i , σ 4 ;"
22,0,0,1,1,1,14,CMBX10,9.962599754333496,70.49,503.22,89.34,513.18,503.22,328.71,70.49,505.94,TM
22,0,0,1,0,21,31,CMR10,9.215399861335754,70.49,515.18,232.49,538.59,515.18,303.3,70.49,362.79,13) V erify σ 4 ; 14) Compute σ 5 = H ( RL i L RT M i ) ;
22,0,0,1,0,13,31,CMR10,8.21913743019104,70.49,539.09,185.63,562.24,539.09,279.65,70.49,409.64,"15) Send ID T M i , RL i 5 ; RSU i"
22,0,0,1,0,24,31,CMR10,9.215399861335754,70.49,563.4,219.65,598.11,563.4,243.78,70.49,375.63,16) V erify σ 5 ; 17) Compute σ 6 = H ( RL i GK ) ; 18) Send RL i 6 ;
22,0,0,1,0,11,31,CMR10,9.215399861335754,70.49,611.61,144.14,635.03,611.61,206.86,70.49,451.13,19) V erify σ 6 ; 20) Accept RL i ;
22,0,0,1,0,3,8,CMBX12,11.9552001953125,64.51,652.83,183.82,664.79,652.83,177.1,64.51,411.45,6. Security Analysis
22,0,0,1,0,23,8,CMR12,11.9552001953125,64.51,676.24,530.79,702.64,676.24,139.25,64.51,64.49,"In this section, we present formal security analysis of TV2I and KV2VP protocols. In- formal analysis of the security protocols is also presented."
23,0,0,1,0,8,8,CMTI12,11.9552001953125,64.51,113.72,330.68,125.67,113.72,716.22,64.51,264.59,6.1. Formal Security Analysis of TV2I and KV2VP
23,0,0,1,0,26,31,CMR12,9.611035403083353,82.07,131.15,519.82,145.33,131.15,696.56,82.07,75.45,"The TV2I and KV2VP protocols use long-term secrets ( L V K , L RSU i , L RSU ( i 1) , K c ,"
23,0,0,1,0,29,31,CMR12,10.172400123194643,64.51,145.6,530.77,159.78,145.6,682.11,64.51,64.51,"and L RSU ( i +1) ) and ( x A , x B , ϵ K c and ), respectively, to establish a session key GK in a"
23,0,0,1,0,66,8,CMR12,11.9552001953125,64.51,160.05,530.81,215.34,160.05,626.55,64.51,64.46,"given session. The formal security analysis applies the random oracle model [19] with the adversarial capabilities mentioned in the work [35]. We use the following assumptions. A generic party G is introduced on behalf of KDC , the RSU i and the vehicle. The execution of the protocol ( P ) is termed as an instance. For example, an instance of P run by G is"
23,0,0,1,0,6,31,CMR12,9.564140033721923,64.51,216.46,144.56,231.41,216.46,610.48,64.51,450.72,denoted by P ( i )
23,0,0,1,0,17,31,CMSY8,11.291016817092896,134.11,219.46,530.8,233.68,219.46,608.21,134.11,64.48,"G , where i is the i -th run of the protocol. A collection of protocol instances"
23,0,0,1,0,13,31,CMR12,10.626833438873291,64.51,235.23,358.39,248.51,235.23,593.38,64.51,236.88,that are run by the same parties is called an oracle O P
23,0,0,1,0,6,31,CMSY8,9.298466682434082,352.14,233.56,403.5,250.56,233.56,591.33,352.14,191.78,G = {P ( i )
23,0,0,1,0,110,31,CMSY8,11.51241127649943,64.51,236.4,530.83,349.63,236.4,492.26,64.51,64.44,"G | i = 1 , 2 , . . . } . To prove the security of P , we deﬁne a sequence of games. We start from an initial game, which reﬂects the real protocol. Then we modify it a few times until we end up with the ﬁnal game that reﬂects an attack against an ideal protocol, where an adversary A has a negligible advantage of winning. As the advantage between any two consecutive games is negligible, we can conclude that A has a negligible advantage of winning the game against the real protocol. Now a collection of queries that can be made by A are provided."
23,0,0,1,0,6,31,CMMI12,9.962650060653687,93.78,349.13,143.49,364.08,349.13,477.81,93.78,451.79,Send ( P ( i )
23,0,0,1,0,15,31,CMSY8,11.158180141448975,133.04,351.97,530.77,366.34,351.97,475.55,133.04,64.51,"G , M ): This query models the adversarial ability of sending messages. A can"
23,0,0,1,0,12,31,CMR12,10.626833438873291,64.51,366.23,279.01,381.18,366.23,460.71,64.51,316.26,initiate P by sending the query Send ( P ( i )
23,0,0,1,0,4,31,CMSY8,10.958925127983093,268.56,369.22,329.99,383.44,369.22,458.45,268.56,265.29,"G , start ”)."
23,0,0,1,0,6,31,CMMI12,9.962650060653687,93.78,383.33,146.12,398.28,383.33,443.61,93.78,449.16,Hash ( P ( i )
23,0,0,1,0,10,31,CMSY8,9.962650060653687,135.66,383.33,226.42,400.54,383.33,441.35,135.66,368.86,G ) & — Enc ( P ( i )
23,0,0,1,0,10,31,CMSY8,9.962650060653687,215.97,386.32,530.78,400.54,386.32,441.35,215.97,64.49,G ): These oracles model hash and encryption queries made
23,0,0,1,0,42,8,CMR12,11.9552001953125,64.51,400.61,530.78,427.17,400.61,414.72,64.51,64.49,"by A . The hash H and the encryption tables E are used to store entries of the hash and the cipher text for the inquired message ( M ) in the form ( M, f ) and ( C, M )."
23,0,0,1,0,63,8,CMR12,11.9552001953125,64.51,415.21,530.77,470.51,415.21,371.38,64.51,64.5,"If M is stored already in H and E , it will return the stored hash ( f ) and the stored ciphertext ( C ). Otherwise, it will return a random number ( f ) and ( C ) for the inquired M and stores the pair ( M, f ) and ( M, C ) in H and E , respectively."
23,0,0,1,0,8,31,CMMI12,10.24730007989066,93.78,471.63,227.37,486.58,471.63,355.31,93.78,367.91,Session key reveal ( P ( i )
23,0,0,1,0,14,31,CMSY8,9.962650060653687,216.91,471.63,465.42,488.85,471.63,353.04,216.91,129.86,G ): This query models ability of A to force P ( i )
23,0,0,1,0,3,8,CMR12,11.9552001953125,469.95,474.62,530.78,486.58,474.62,355.31,469.95,64.5,to reveal its
23,0,0,1,0,14,31,CMR12,10.24730007989066,64.51,488.73,357.54,503.68,488.73,338.21,64.51,237.74,"session key. For instance, if A issues this query, then P ( i )"
23,0,0,1,0,6,31,CMR12,10.958925127983093,361.94,490.5,496.9,503.68,490.5,338.21,361.94,98.38,returns the i th session key.
23,0,0,1,0,8,31,CMMI12,10.24730007989066,93.78,505.83,235.66,520.78,505.83,321.11,93.78,359.61,Session state reveal ( P ( i )
23,0,0,1,0,14,31,CMSY8,11.291016817092896,225.21,508.67,530.76,523.05,508.67,318.84,225.21,64.51,G ): The ability of A in learning the internal states of G is
23,0,0,1,0,13,31,CMR12,10.24730007989066,64.51,522.93,350.01,537.88,522.93,304.01,64.51,245.27,"modeled by this query. When A issues this query, P ( i )"
23,0,0,1,0,5,8,CMR12,11.9552001953125,355.04,525.93,530.77,537.88,525.93,304.01,355.04,64.5,returns secret random numbers of
23,0,0,1,0,4,31,CMR12,10.958925127983093,64.51,539.15,138.91,552.33,539.15,289.56,64.51,456.36,the i th session.
23,0,0,1,0,6,31,CMMI12,9.962650060653687,93.78,551.82,159.92,566.77,551.82,275.12,93.78,435.35,Corrupt ( P ( i )
23,0,0,1,0,16,31,CMSY8,11.291016817092896,149.47,554.66,507.18,569.04,554.66,272.85,149.47,88.09,G ): A uses this query to acquire the long-term secret keys held by G .
23,0,0,1,0,6,31,CMMI12,9.962650060653687,93.78,568.92,159.89,583.87,568.92,258.02,93.78,435.38,Execute ( P ( i )
23,0,0,1,0,15,31,CMSY8,10.958925127983093,149.44,571.76,530.78,586.14,571.76,255.75,149.44,64.49,G ): This query models the passive attack by A . The adversary reads all
23,0,0,1,0,13,31,CMR12,9.564140033721923,64.51,586.02,405.84,600.97,586.02,240.92,64.51,189.43,the messages exchanged between parties that run the instance P ( i )
23,0,0,1,1,8,31,CMSY8,9.962650060653687,93.78,589.02,409.59,618.07,589.02,223.82,93.78,185.68,G . Remover ( P ( i )
23,0,0,1,0,22,31,CMSY8,9.962650060653687,64.51,606.12,530.77,635.17,606.12,206.72,64.51,64.51,G ): This query models the expiry time of sessions. For instance if the query is issued to P ( i )
23,0,0,1,0,19,31,CMSY8,10.816600118364606,164.55,618.88,530.77,637.44,618.88,204.45,164.55,64.5,"G , then the i th session time is expired for G . We use this query to prove"
23,0,0,1,0,5,8,CMR12,11.9552001953125,64.51,637.66,194.0,649.62,637.66,192.27,64.51,401.28,the PFS of the protocols.
23,0,0,1,0,6,31,CMMI12,9.962650060653687,93.78,649.11,140.75,664.07,649.11,177.82,93.78,454.53,Test ( P ( i )
23,0,0,1,0,19,31,CMSY8,10.958925127983093,130.3,651.95,530.78,666.33,651.95,175.56,130.3,64.49,G ): This query can be asked by A once only at the very end of the game. The
23,0,0,1,0,59,8,CMR12,11.9552001953125,64.51,666.4,530.78,721.85,666.4,120.04,64.51,64.49,"asked party G , tosses an unbiased coin b . If b = 1, then it returns the actual session key. Otherwise, it returns a random number. A wins the game if it is able to identify b . Remark 1: The hash H ( ) and encryption Enc ( ) oracles are instances of the random oracle (RO)."
24,0,0,1,0,37,8,CMR12,11.9552001953125,64.51,113.72,530.82,154.57,113.72,687.32,64.51,64.45,"Now, we are ready to introduce notions and deﬁnitions needed in our analysis to make precise statements about security properties. We refer the deﬁnition of partnership in the work in [38] and session identiﬁcation in the work[39]."
24,0,0,1,0,14,31,CMBX12,10.18404452006022,64.51,168.64,363.65,183.59,168.64,658.3,64.51,231.62,Deﬁnition 1. (Freshness) The i th session is fresh if P ( i )
24,0,0,1,0,6,8,CMTI12,11.9552001953125,369.21,171.63,530.76,183.59,171.63,658.3,369.21,64.52,ends in the accepted state even
24,0,0,1,0,20,31,CMTI12,10.626833438873291,64.51,185.74,522.12,200.69,185.74,641.2,64.51,73.15,when the following combination of queries are asked by A after the execution of Test ( P ( i )
24,0,0,1,1,14,31,CMSY8,10.626833438873291,64.51,188.74,530.76,217.79,188.74,624.1,64.51,64.51,G ) : ( i ) Session state reveal ( P ( i )
24,0,0,1,0,13,31,CMR12,10.958925127983093,221.28,202.84,392.91,217.79,202.84,624.1,221.28,202.37,") , ( ii ) Session state reveal ( P ( i )"
24,0,0,1,0,10,31,CMR12,10.626833438873291,393.41,202.84,555.16,217.79,202.84,624.1,393.41,40.11,) and Session key reveal ( P ( i )
24,0,0,1,0,10,31,CMTI12,10.759670114517212,64.51,219.94,178.92,234.89,219.94,607.0,64.51,416.36,and ( iii ) Corrupt ( P ( i )
24,0,0,1,0,12,31,CMMI8,9.781509139321066,168.47,219.94,329.11,237.35,219.94,604.54,168.47,266.16,RSU & V ehicle ) and Corrupt ( P ( i )
24,0,0,1,0,10,31,CMMI8,9.564140033721923,318.66,222.94,530.77,237.35,222.94,604.54,318.66,64.51,Alice & Bob ) in the TV2I and KV2VP pro-
24,0,0,1,0,11,31,CMTI12,10.24730007989066,64.51,236.35,283.34,251.3,236.35,590.59,64.51,311.93,"tocols, after the execution of Remover ( P ( i )"
24,0,0,1,1,3,31,CMSY8,10.626833438873291,272.89,239.35,291.98,253.57,239.35,588.32,272.89,303.3,G ) .
24,0,0,1,0,19,8,CMBX12,11.9552001953125,64.51,266.75,530.77,278.7,266.75,563.19,64.51,64.51,"Deﬁnition 2. (Negligible function) A function ( n ) is negligible, if for all c > 0 , there"
24,0,0,1,0,13,31,CMTI12,11.230636509982022,64.51,278.58,228.34,294.07,278.58,547.82,64.51,366.94,exists n 0 Z + such that | ( n ) | ≤
24,0,0,1,0,8,31,CMMI8,9.962657247270856,232.85,281.19,320.86,296.4,281.19,545.49,232.85,274.42,n c for all n n 0 .
24,0,0,1,0,39,8,CMBX12,11.9552001953125,64.51,308.59,530.73,349.44,308.59,492.45,64.51,64.55,"Deﬁnition 3. (ECDLP, ECDHP and ECq-SDHP assumption) Any probabilistic polynomial time algorithm A has a negligible advantage in solving ECDLP, ECDHP and ECq-SDHP. If n is the number of bits used to represent a member of the groups, then"
24,0,0,1,0,3,31,CMMI12,9.298466682434082,194.9,360.89,340.28,375.84,360.89,466.05,194.9,254.99,Adv ECDLP/ECDHP/ECq SDHP
24,0,0,1,0,7,8,CMR12,11.9552001953125,341.96,363.88,400.38,375.84,363.88,466.05,341.96,194.9,( n ) ( n ) .
24,0,0,1,0,16,8,CMBX12,11.9552001953125,64.51,391.12,530.78,403.23,391.12,438.66,64.51,64.49,"Deﬁnition 4. (Semantic security) Let a protocol P with the security level n , an adversary"
24,0,0,1,0,16,31,CMSY10,10.46078759431839,64.51,404.36,377.01,419.31,404.36,422.58,64.51,218.27,"A who interacts with the fresh session, and a query Test ( P ( i )"
24,0,0,1,0,9,31,CMSY8,11.158180141448975,366.56,407.35,530.76,421.57,407.35,420.32,366.56,64.51,G ) with a random bit b which is
24,0,0,1,0,18,8,CMTI12,11.9552001953125,64.51,421.64,530.77,433.75,421.64,408.14,64.51,64.51,asked by A in the session. Then the protocol P is semantically secure if the advantage of A
24,0,0,1,0,5,31,CMTI12,10.626833438873291,64.51,435.02,174.06,448.2,435.02,393.69,64.51,421.22,is negligible or Adv SS
24,0,0,1,0,19,31,CMSY8,11.423853492736816,162.89,434.65,323.61,450.25,434.65,391.64,162.89,271.67,"A ( P , n ) = Pr [ A ( P , n ) = b ] 1"
24,0,0,1,0,5,31,CMR8,11.158180141448975,319.37,436.24,367.47,451.45,436.24,390.44,319.37,227.81,2 ( n ) .
24,0,0,1,0,36,8,CMBX12,11.9552001953125,64.51,463.64,530.8,490.04,463.64,351.85,64.51,64.48,"Diﬀerence lemma [40] Let W, X and Y be events deﬁned in some probability distribution, and suppose that W Y X Y . Then, Pr [ W ] Pr [ X ] Pr [ Y ]."
24,0,0,1,0,7,8,CMBX12,11.9552001953125,64.51,506.98,321.84,518.93,506.98,322.96,64.51,273.44,Theorem 1 Consider the TV2I protocol (a.k.a.
24,0,0,1,0,7,8,CMSY10,11.9552001953125,332.59,506.82,530.79,518.93,506.82,322.96,332.59,64.49,P ) and the following assumptions: a
24,0,0,1,0,32,31,CMR12,10.958925127983093,64.51,521.43,530.78,548.75,521.43,293.14,64.51,64.5,"long term secret key can be guessed with an advantage Adv sk , ECDLP can be solved with an advantage Adv ECDLP , the hash function generates MACs with bits, the encryption"
24,0,0,1,0,52,8,CMR12,11.9552001953125,64.51,550.16,530.8,591.16,550.16,250.73,64.51,64.48,"function generates cipher texts with k bits, the size of a dictionary is D , a random num- ber of length m bits, and A has access to all public oracles and can issue a polynomial number of queries. Then semantic security of P can be broken by A with the advantage"
24,0,0,1,0,9,31,CMR8,10.211725115776062,157.01,595.52,273.15,610.91,595.52,230.98,157.01,322.12,"2 k + max { max( Adv sk ,"
24,0,0,1,0,6,31,CMR8,9.630566755930582,276.34,594.08,312.1,610.88,594.08,231.01,276.34,283.18,"2 m ) , ( 1"
24,0,0,1,0,11,31,CMR8,10.324936476620762,304.35,595.67,441.03,610.88,595.67,231.01,304.35,154.24,"2 m + Adv sk ) , ( Adv ECDLP +"
24,0,0,1,0,13,31,CMR8,10.211725115776062,64.51,595.52,530.77,627.64,595.52,214.25,64.51,64.51,2 k ) } + Adv sk + Adv ECDLP +max { 1
24,0,0,1,0,3,31,CMR8,8.634300072987875,158.29,613.9,174.01,629.1,613.9,212.79,158.29,421.27,"2 m ,"
24,0,0,1,0,5,31,CMR8,9.165640068054199,181.75,612.3,215.05,629.13,612.3,212.76,181.75,380.22,"2 k , ( 1"
24,0,0,1,0,23,31,CMR8,10.460790109634399,207.3,613.74,530.77,629.1,613.74,212.79,207.3,64.51,"2 m + Adv sk + Adv ECDLP ) } , where q hash , q enc and q s stands for the"
24,0,0,1,0,15,8,CMR12,11.9552001953125,64.51,628.34,530.8,640.3,628.34,201.59,64.51,64.48,"number of queries to the hash oracle, the encryption oracle and the send oracle, respectively."
24,0,0,1,0,16,8,CMR12,11.9552001953125,64.51,657.23,383.98,683.63,657.23,158.26,64.51,211.3,The proof of this theorem is provided in the appendix A.1. Lemma 2 e ( Cert
24,0,0,1,0,3,31,CMMI8,9.962650060653687,157.26,671.68,209.26,685.87,671.68,156.02,157.26,386.01,"Alice , PKV"
24,0,0,1,0,11,31,CMMI8,11.158180141448975,209.26,671.68,345.27,685.87,671.68,156.02,209.26,250.01,"Alice + t d .Y ) e ( P, Q )."
24,0,0,1,0,26,8,CMR12,11.9552001953125,64.51,686.13,530.8,712.53,686.13,129.36,64.51,64.48,The correctness proof of this lemma is presented in Appendix A.2. Theorem 3 Consider the KV2VP protocol (a.k.a. P ) and the following assumptions: a long
24,0,0,1,0,16,31,CMR12,10.958925127983093,64.51,715.02,530.76,727.89,715.02,114.0,64.51,64.52,"term secret key can be guessed with an advantage Adv sk ; ECDLP, ECDHP and ECq-SDHP"
25,0,0,1,0,18,31,CMR12,10.506072824651545,64.51,113.72,530.76,126.6,113.72,715.29,64.51,64.52,"can be solved with an advantage Adv ECDLP , Adv ECDHP , Adv ECq SDHP , respectively; the"
25,0,0,1,0,47,8,CMR12,11.9552001953125,64.51,128.16,530.78,169.01,128.16,672.88,64.51,64.49,hash function generates MACs with bits; the encryption function generates cipher texts with k bits and a random number of length m bits; and A has access to all public oracles and can issue a polynomial number of queries. Then semantic security of P can be broken
25,0,0,1,0,7,31,CMR12,11.158180141448975,64.51,172.3,229.24,185.48,172.3,656.41,64.51,366.03,by A with the advantage Adv SS
25,0,0,1,0,5,8,CMR12,11.9552001953125,311.7,173.37,380.48,185.48,173.37,656.41,311.7,214.79,+ max { max {
25,0,0,1,0,14,31,CMR8,9.630566755930582,64.51,173.37,530.76,204.62,173.37,637.27,64.51,64.51,"2 m , Adv ECDLP } , Adv ECq SDHP , Adv ECDHP ,"
25,0,0,1,0,3,31,CMR8,8.634300072987875,210.39,191.74,229.43,206.95,191.74,634.94,210.39,365.85,"2 m ,"
25,0,0,1,0,10,31,CMR8,9.96265565024482,234.36,190.52,365.11,206.95,190.52,634.94,234.36,230.17,2 m + Adv sk }} + 3 Adv 2
25,0,0,1,0,11,31,CMMI8,10.626833438873291,360.45,191.59,530.76,205.94,191.59,635.95,360.45,64.51,"sk + 2 Adv sk + max { Adv ECDLP ,"
25,0,0,1,0,21,31,CMR12,10.958925127983093,118.48,209.85,530.78,223.75,209.85,618.14,118.48,64.49,"+ Adv ECDLP ) } , where q hash and q enc stands for the number of queries to the hash"
25,0,0,1,0,18,8,CMR12,11.9552001953125,64.51,224.45,472.83,250.85,224.45,591.04,64.51,122.45,"and encryption oracles, respectively. The proof for this and the previous theorems are given in the appendix A.3."
25,0,0,1,0,64,8,CMTI12,11.9552001953125,64.51,270.97,530.76,343.7,270.97,498.19,64.51,64.51,"6.2. Informal Security Analysis Proposition 4 : The protocols TV2I and KV2VP provide session key freshness. In TV2I, the session key GK generated by KDC is fresh for every session because K is constructed using random , which is chosen for every session. Hence, the freshness of the session key is attained for every session in TV2I. In KV2VP, GK is veriﬁed for freshness"
25,0,0,1,0,44,31,CMR12,10.816600118364606,64.51,346.19,530.78,374.38,346.19,467.51,64.51,64.5,"based on ver gk as ver gk is incremented for every key update. Alice can check the validity of increment of ver gk by computing e ( GK part 1 , GK part 2 Y ) e ( P, Q ) . Therefore, the"
25,0,0,1,0,203,8,CMR12,11.9552001953125,64.51,375.08,530.85,560.38,375.08,281.51,64.51,64.43,"freshness of the session key is attained for every session in KV2VP. Proposition 5 : For the protocols VUAP, TV2I and KV2VP, any replay of messages ex- changed during a protocol execution will be identiﬁed by the parties who follow the protocols. VUAP –If A replays Step 3 in Section 5.5 to authenticate as a legitimate driver/owner, the vehicle will reject the message with non-negligible probability. The replay can be identi- ﬁed by the vehicle because the initial check is made for the time stamp based on the accepted network delay ∆ T (Step 4 in Section 5.5). TV2I – The adversary can replay the steps 3, 6, 11, 13, 16 and 18 in Section 5.6. If the adversary replays Step 3 and Step 6 in Section 5.6 to the RSU and KDC , the RSU may accept Step 3; however, KDC will reject the replay as SID between the vehicle and KDC are synchronised. And SID is updated in every session. If A replays Step 11 and Step 13 in Section 5.6, the RSU and the vehicle will reject the message with high probability because the RSU and the vehicle randomly choose R and S for every session, which is utilised to"
25,0,0,1,0,19,31,CMR12,10.816600118364606,64.51,562.72,530.81,576.62,562.72,265.27,64.51,64.47,"decrypt the ciphertexts R and S . If A replays Step 16 and Step 18 in Section 5.6, then"
25,0,0,1,0,40,8,CMR12,11.9552001953125,64.51,577.32,530.81,618.17,577.32,223.72,64.51,64.47,"the RSU may accept the message. But KDC will reject the message since synchronisation of SID is needed for the acceptance. KV2VP – If A replays the steps 4, 9 and 14 in Section 5.7, then the parties will identify"
25,0,0,1,0,15,31,CMR12,10.958925127983093,64.51,620.66,371.45,633.54,620.66,208.35,64.51,223.83,the replay as every message holds the time stamp ( T c ) in it.
25,0,0,1,0,67,8,CMBXTI10,11.9552001953125,64.51,635.1,530.81,719.29,635.1,122.6,64.51,64.46,"Proposition 6 : For the protocols VUAP, TV2I and KV2VP, impersonation attack against them fails with an overwhelming probability. VUAP – Since two secrets m and n are required in the protocol (refer Section 5.5), the adversary cannot succeed in the masquerading attack without knowing the secrets. Even if A guesses the password in polynomial time and constructs m , it cannot masquerade without knowing n ."
26,0,0,1,0,22,31,CMR12,10.56042013168335,82.07,113.56,530.78,127.47,113.56,714.42,82.07,64.5,"TV2I – Without knowing the long-term keys ( L V K and L RSU i ) in Section 5.6, A can not"
26,0,0,1,0,18,8,CMR12,11.9552001953125,64.51,128.16,530.77,154.57,128.16,687.32,64.51,64.5,"masquerade with high probability. KV2VP – To mount a successful masquerading attack in KV2VP, A must know the"
26,0,0,1,0,12,31,CMR12,10.816600118364606,64.51,157.06,295.64,170.8,157.06,671.09,64.51,299.64,long-term secrets ( x A and x B ) in Section 5.7.
26,0,0,1,0,84,8,CMBXTI10,11.9552001953125,64.51,171.5,530.85,284.58,171.5,557.31,64.51,64.43,"Proposition 7 : Given the protocols VUAP, TV2I and KV2VP, the protocols are resistant against MITM attack. In the MITM attack, A replay and masquerade by recording any of the previous com- munication among the protocol parties. Since we argued that the protocols are resilient to the replay and masquerading attack, any attempt to successfully mount the MITM attack will not happen with high probability. Proposition 8 : Given the KV2VP protocol, KDC can identify the misbehaving vehicles, and it can revoke misbehaving vehicles."
26,0,0,1,0,36,31,CMR12,10.626833438873291,67.76,287.07,530.8,314.39,287.07,527.5,67.76,64.47,"Consider Alice in Section 5.7. The responsibility of Alice is to prove her validity (i.e. t d t c ) to Bob to get key. After the expiry of her departure time, if Alice illegitimately tries"
26,0,0,1,0,14,8,CMR12,11.9552001953125,64.51,315.96,415.68,327.92,315.96,513.97,64.51,179.6,"to acquire the group key, then it will be identiﬁed by Bob ( Lemma"
26,0,0,1,0,379,8,CMR12,11.9552001953125,64.51,315.96,530.84,751.33,315.96,90.56,64.51,64.44,"2 in Section 6.1). If Bob complains Alice to KDC by her credential received from Step 4 in Section 5.7, then KDC can identify and revoke Alice by identifying her identity from the public key and the certiﬁcate. The role of Bob in the protocol is to deliver an updated key to Alice. If Bob misbehaves by injecting an invalid group key (i.e. contrary to the veriﬁcation step of Step 13 in Section 5.7 of the protocol), then Alice can report the misbehaviour to KDC using the message from Step 9 in Section 5.7. Like Alice, Bob can be identiﬁed and revoked by KDC . Therefore, KDC can revoke both vehicles when they misbehave in the protocol. Proposition 9 : For the VUAP protocol, online and oﬄine password guessing attack suc- ceeds with negligible probability. A can guess the password by subjecting either online or oﬄine password guessing attack. But the need of n to compute y restricts the adversary in the successful mounting of the attack. As n is a hash value, which is computed using the secret of KDC δ , it cannot be obtained by A with non-negligible probability. Thus, online and oﬄine password guessing attack against VUAP fails with non-negligible probability. Proposition 10 : Given the VUAP protocol, lost smart card veriﬁer attack fails with non- negligible probability. After attaining the smart-card, if the adversary tries to authenticate as a legitimate driver/owner, it cannot validate itself. The need for the password will restrict the adversary from authentication. This means that a valid y can be constructed using m and n . As the adversary does not know m , a valid y cannot be constructed. Hence, the protocol resists the lost smart-card veriﬁer attack with non-negligible probability. It should be noted that this attack and the password guessing attack cannot be conjunctive. Proposition 11 : Given the VUAP, TV2I, KV2VP protocols, any attempt of DoS can be detected by parties of the protocols. VUAP – If Step 3 in Section 5.5 is blocked, then the vehicle user can identify the DoS as the access to the vehicle is denied for the vehicle user. TV2I – Out of the steps 3, 6, 11 and 13 in Section 5.6, if anyone of them is blocked, then 24"
27,0,0,1,0,77,8,CMR12,11.9552001953125,64.51,113.72,530.85,183.46,113.72,658.43,64.51,64.43,"the vehicle can identify the DoS in the channel because of unreachability of key from Step 13. If Steps 11, 13, 16 and 18 in Section 5.6 are blocked, then KDC can identify the DoS because of the requirement of the key conﬁrmation step in Step 16. KV2VP – If Steps 4, 9 and 14 in Section 5.7 are blocked, Alice and Bob can know about DoS due to not getting a response as per the protocol."
27,0,0,1,0,4,8,CMBX12,11.9552001953125,64.51,203.88,247.58,215.84,203.88,626.05,64.51,347.69,7. Formal Security Veriﬁcation
27,0,0,1,0,50,8,CMR12,11.9552001953125,64.51,227.29,530.82,282.59,227.29,559.3,64.51,64.45,"This section presents the formal veriﬁcation of our protocol suite. Initially, the Tamarin tool and authentication properties are introduced. For brevity, we explain the description security protocol theory (SPTHY) format of TV2I alone. The entire set of scripts of the new protocol suite can be found in the link [41]."
27,0,0,1,0,51,8,CMTI12,11.9552001953125,64.51,297.03,530.82,369.76,297.03,472.13,64.51,64.45,7.1. Tamarin Overview Tamarin is a “state-of-the-art” tool that is used for the veriﬁcation of the security prop- erties claimed by cryptographic protocols. The tool is highly versatile to check the security properties for diﬀerent adversaries. This means that the tool can be deployed for testing protocols for the Dolev-Yao adversary
27,0,0,1,0,328,8,CMR12,11.9552001953125,64.51,357.8,530.85,702.01,357.8,139.88,64.51,64.43,"[42] and user-speciﬁc adversarial capabilities. In addition, the tool possesses the following attractive features: supports modelling of global states in protocols [43], theorem proving of security goals can be accomplished using lem- mata, relevant graphs illustrate discrepancy in security goals/claims in interactive mode. The complete description of the tool and its potentials can be found in the manual[44]. Protocols in Tamarin should be described in SPTHY format. It facilitates the descrip- tion of protocols using states, facts and rules. The states are used to store variables and constants in protocols which denote knowledge of participants of a protocol. Facts are used to declare the nature of variables and channels. For instance, the Fact that denotes freshness is declared as Fr() and channels as In() and Out() . A rule is always ascertained of the format [L]-[A]->[R] , where L , A and R denote premise, action and conclusion, respectively. For every rule, the premise is the beginning state that is updated according to the action. The action can be several events in a protocol, such as a send and receive event, security properties and adversarial queries. The conclusion is the end state in a rule. The predicates of the mutual entity authentication are as follows: aliveness, weak agree- ment, non-injective agreement and injective-agreement. The authentication claims follow a hierarchy. Injective agreement sits on the top of the authentication claims [45]. The injective agreement is guaranteed on the following conditions: a source and an intended destination agree on variables. For every committed variable by a source, there uniquely exist an in- tended destination that accepts the variable. The authentication properties can be veriﬁed using commit and running actions in the tool as parties of protocols agree on data items. In general, any properties supported by the tool can be veriﬁed using lemmata that are described using the ﬁrst-order logic. Before verifying security properties, the reachability of states on the speciﬁcation of a protocol is veriﬁed using a lemma exist-trace."
28,0,0,1,0,101,8,CMTI12,11.9552001953125,64.51,113.72,530.81,230.36,113.72,611.53,64.51,64.46,"7.2. Description of SPTHY of VUAP We perform formal veriﬁcation of VUAP, and we verify the security properties governed by VUAP. We elaborate the SPTHY format of VUAP. The details of SPTHY format of VUAP could help the reader, understanding about the protocol description in Tamarin. Since the SPTHY script of VUAP [41] has more than 100 lines, the rules and the security properties in VUAP is discussed. The script starts with the header theory VUAP , the ﬁrst line of the SPTHY script of VUAP. The second line begin indicates the start of the protocol description. The third line builtins:"
28,0,0,1,0,41,8,CMTT12,11.9552001953125,64.51,217.83,530.78,273.12,217.83,568.77,64.51,64.5,"hashing presents the inbuilt cryptographic function, which is used in the protocol. The fourth line functions:h1/1, h2/1 denotes the name of the public function that is utilised in the protocols. The below snippet presents the ﬁrst four lines of the script."
28,0,0,1,0,8,8,CMTT12,11.9552001953125,86.25,285.28,215.54,340.57,285.28,501.32,86.25,379.74,"theory VUAP begin builtins: hashing functions: h1/1, h2/1"
28,0,0,1,0,12,8,CMR12,11.9552001953125,82.07,357.06,530.79,369.59,357.06,472.3,82.07,64.49,The next line rule register vehicle credentials speciﬁes the registration of proto-
28,0,0,1,0,19,31,CMR12,11.291016817092896,64.51,371.5,530.75,385.25,371.5,456.64,64.51,64.53,col party V ehicle i with KDC . The next few lines of the script are presented below. The
28,0,0,1,0,43,8,CMR12,11.9552001953125,64.51,385.95,530.8,426.79,385.95,415.1,64.51,64.48,"symbols in the rule ˜, $ and ! specify the nature of the Fact, namely fresh values, public and persistent which means the assignment is constant throughout the completion of execution of a protocol, respectively. Refer line number 9 in the below snippet."
28,0,0,1,0,11,8,CMTT12,11.9552001953125,86.25,438.95,326.36,552.03,438.95,289.86,86.25,268.91,"rule register_vehicle_credentials: let m=h(<~PWD>) n=h(<m,~delta,~Vehicle_ID>) y=h(<m,n>) C=h(<y>) in [Fr(~PWD), Fr(~delta), Fr(~Vehicle_ID)]"
28,0,0,1,0,3,8,CMTT12,11.9552001953125,80.1,540.07,515.37,580.92,540.07,260.97,80.1,79.9,"--[]-> [!LtVdK($Vehicle_driver,$KDC,<~PWD>),!LTK($KDC,~delta) ,!LTKTR($KDC,$TR,C),!LTKSC($KDC,$SC,<n>)]"
28,0,0,1,0,84,8,CMR12,11.9552001953125,64.51,597.41,532.02,681.59,597.41,160.3,64.51,63.25,"The rules rule initialise vehicle driver , rule initialise TR , rule initialise SC and rule initialise KDC are described to initialise the state spaces of the vehicle driver, tamper-resistant module, smart-card and KDC with the long-term keys and roles. The state spaces are initialised using the action in the rule. For example, the action at TR contains Create(TR, id), Role(’TR’) . Create a role TR with fresh id such that every execution/session made by TR will be fresh (refer line number 4 below)."
29,0,0,1,0,11,8,CMTT12,11.9552001953125,86.25,119.56,443.34,189.3,119.56,652.59,86.25,151.93,"rule initialise_TR: [Fr(~id),!LTKTR(KDC,TR,C),!LtVdK(Vehicle_driver,KDC,<PWD>) ,!LTKSC(KDC,SC,<n>)] --[Create(TR, ~id), Role(’TR’) ]-> [St_TR_1(TR, ~id,C, KDC,Vehicle_driver,SC)]"
29,0,0,1,0,160,8,CMR12,11.9552001953125,64.51,205.79,595.67,347.76,205.79,494.13,64.51,-0.4,"The next rule rule send 1 presents the ﬁrst communication of V ehicleUser , i.e, Step 3 in VUAP (ref Section 5.5). A snippet of the rule send 1 is presented below. The premise of the rule contains the initialised state of V ehicleUser (line 8 in the below snippet), timestamp T c and password shared between V ehicleUser and KDC (line 7 in the below snippet). The action of the rule contains the following events: (i) Send ( < V ehicle driver, < Tc, M 1 >> ) specifying the ﬁrst communication (line 10 in the below snippet), (ii) Role ( V ehicle driver ) specifying the role of V ehicleUser (line 11 in the below snippet), (iii) Secret ( < V ehicle driver, SC, PWD ) specifying the secret involved in the protocol (line 12 in the below snippet) and (iv) Commit strongA ( PWD ) specifying the agreement on password (line 12 in the below snip- pet)."
29,0,0,1,0,7,8,CMTT12,11.9552001953125,86.25,360.58,197.08,444.76,360.58,397.13,86.25,398.2,"rule send_1: let m=h(<PWD>) y=h(<m,n>) M1=h(<h(<y>),~Tc>) in"
29,0,0,1,0,19,8,CMTT12,11.9552001953125,80.1,461.7,474.12,574.78,461.7,267.11,80.1,121.16,"[Fr(~Tc),!LtVdK(Vehicle_driver,KDC,<PWD>), St_Veh_dri_1(Vehicle_driver, ~id,PWD, KDC,TR,SC), St_SC_1(SC, ~id,n, KDC,Vehicle_driver,TR)] --[Send(<Vehicle_driver,<~Tc,M1>>), Role(’Vehicle_driver’), Secret(<Vehicle_driver, SC, PWD,n >),Commit_strongA(PWD)]-> [St_Veh_dri_2(Vehicle_driver, ~id,PWD,~Tc, KDC,TR,SC), St_SC_2(SC, ~id,n,~Tc,M1, KDC,Vehicle_driver,TR),Out(<~Tc,M1>)]"
29,0,0,1,0,60,8,CMR12,11.9552001953125,64.51,591.26,530.79,646.55,591.26,195.34,64.51,64.49,"The ﬁnal rule rule Recv 1 presents the received communication of V ehicle , i.e, after Step 3 in VUAP (ref Section 5.4). The list of actions is speciﬁed in line 9 and line 10 of the below snippet. Finally, the description ends with the syntax end after the declaration of security properties that is explained in the following section."
30,0,0,1,0,21,8,CMTT12,11.9552001953125,80.1,119.56,424.87,290.42,119.56,551.47,80.1,170.4,"rule Recv_1: let m=h(<PWD>) y=h(<m,n>) M1=h(<h(<y>),Tc>) in [In(<Tc,M1>),!LTKTR(KDC,TR,C),!LTKSC(KDC,SC,<n>), St_TR_2(TR, ~id,C,PWD, KDC,Vehicle_driver,SC)] --[Receive(<TR,<n>>), Role(’TR’), Check(<h(C,Tc),M1>),Running_strongA(PWD),Unique(M1) ]-> [St_TR_3(TR, ~id,C,PWD,Tc,M1, KDC,Vehicle_driver,SC), St_Veh_dri_3(Vehicle_driver, ~id,PWD,Tc,M1, KDC,TR,SC)]"
30,0,0,1,0,36,8,CMTI12,11.9552001953125,64.51,329.8,530.79,387.27,329.8,454.62,64.51,64.49,"7.3. Veriﬁcation of VUAP Security properties are veriﬁed by specifying it in the ﬁrst-order logic. VUAP has the fol- lowing lemmata: 1) executable , 2) lemma Injectiveagreement Vehicle and 3) secrecy . 1) lemma executable: all-traces"
30,0,0,1,0,25,8,CMTT12,11.9552001953125,64.51,375.31,478.14,416.16,375.31,425.73,64.51,117.14,"""All Vehicle driver m #i. Send(<Vehicle driver,<m>>)@i ==> Ex TR m #j. Receive(<TR,<m>>) @ j "" The lemma executable states that for all Vehicle driver"
30,0,0,1,0,33,8,CMR12,11.9552001953125,64.51,403.63,530.77,459.5,403.63,382.39,64.51,64.51,"that sends message m at time i , there exists TR that recieves the m at time j . This lemma is essential to verify the reachability of states. 2) lemma Injectiveagreement Vehicle:"
30,0,0,1,0,5,8,CMTT12,11.9552001953125,308.71,447.54,401.04,459.5,447.54,382.39,308.71,194.24,""" (All PWD #i ."
30,0,0,1,0,7,8,CMTT12,11.9552001953125,64.51,447.54,534.64,473.94,447.54,367.95,64.51,60.64,Commit strongA(PWD)@ #i ==> (Ex #j .
30,0,0,1,0,124,8,CMTT12,11.9552001953125,64.51,461.99,530.84,589.51,461.99,252.38,64.51,64.44,"Running strongA(PWD) @ #j & #j < #i) & (not (Ex #j . Commit strongA(PWD) @ #j & not (#i = #j))) )"" The above lemmata verify the injective agreement property. The lemma veriﬁes that for each commit by a party there uniquely exist a running partner. The lemmata state that for all committed value PWD at time i , there exist running a part running PWD at j , where j is precedent to i , and it can not be that there exist a committed value PWD at j , and j and i are equal valued. It is noted that the injective agreement alone is veriﬁed as it sits on the top of the hierarchy of authentication claims. 3) lemma secrecy:"
30,0,0,1,0,76,8,CMTT12,11.9552001953125,64.51,577.56,530.78,661.74,577.56,180.15,64.51,64.5,"all-traces ""All Vehicle driver SC PWD n #i. Secret(<Vehicle driver, SC, PWD,n >) @ i ==> not( Ex PWD n #r.K(<PWD,n>)@r)"" The above lemma states that for every Vehicle driver , smart card SC , PWD and n , password ( PWD ) and n are secret if those values does not exist in the knowledge of the adversary. This lemma speciﬁes the secrecy of the password and the smart-card secret n . 4) lemma Anonymity:"
30,0,0,1,0,50,8,CMTT12,11.9552001953125,64.51,649.78,530.8,719.52,649.78,122.37,64.51,64.48,"exists-trace ""not(Ex Vehicle driver M1 #m. K(<Vehicle driver,M1>) @ m) "" This lemma states that it can not be that there exist a vehicle driver and his/her inter- action ( M 1= H ( H ( y ) T c )) in the knowledge of the adversary. 5) lemma Unlinkability:"
30,0,0,1,0,6,8,CMTT12,11.9552001953125,231.81,707.57,404.18,719.52,707.57,122.37,231.81,191.1,"all-traces ""All #i #m M1 Tc."
30,0,0,1,0,18,8,CMTT12,11.9552001953125,64.51,707.57,514.98,751.33,707.57,90.56,64.51,80.3,"Unique(M1) @ i & Unique(M1) @ m & K(<Tc>) @ i & K(<Tc>) @ m==> #i=#m "" 28"
31,0,0,1,0,158,8,CMR12,11.9552001953125,64.51,113.72,530.85,299.02,113.72,542.87,64.51,64.43,"This lemma states that in any two communications involving vehicle driver ( i and m ) in which the adversary knows the temporal information ( Tc ) of the communications, the message sent by the driver is uniquely generated. Mapping security goals: The veriﬁed security goals of the VUAP protocol are mutual entity authentication, the secrecy of the password and smart-card credential, the resistance of the protocol towards the following attacks: replay, masquerading and MITM and the privacy properties, namely conditional anonymity and unlinkability. The ﬁrst lemma proves the reachability of states in the protocol. Veriﬁcation of the second lemma achieves the mutual authentication and resistance of the protocol towards the attacks. Veriﬁcation of the third lemma guarantees the security of the password and the smart-card credential. The fourth and ﬁfth lemmata prove the privacy properties of the protocol. Table 3 presents the veriﬁed lemmata of VUAP, TV2I and KV2VP. In the below table, NA denotes not applicable."
31,0,0,1,0,9,14,CMR10,9.962599754333496,183.43,313.27,411.86,323.23,313.27,518.66,183.43,183.42,Table 3: Veriﬁed lemmata of the new protocol suite.
31,0,0,1,1,1,27,LINE10,6.980295181274414,67.53,329.65,148.5,355.12,329.65,486.77,67.53,446.78,XXXXXXXXXXXX
31,0,0,1,0,16,22,CMR12,8.376410484313965,71.71,335.42,523.58,385.12,335.42,456.77,71.71,71.7,Lemma Injective agreement Session key/secret security KKS PFS Conditional anonymity Unlinkability VUAP NA NA TV2I V2V
31,0,0,1,0,3,8,CMBX12,11.9552001953125,64.51,421.26,230.75,433.22,421.26,408.67,64.51,364.53,8. Performance Comparison
31,0,0,1,0,177,8,CMR12,11.9552001953125,64.51,444.68,530.86,615.54,444.68,226.35,64.51,64.42,"This section compares the computation eﬃciency, security and functional attributes of our protocol suite with other protocols. We use the TEPLA library [46] to evaluate the various elliptic curve operations. BN-254 curve with the base ﬁeld size of 512 bits is chosen for the evaluation. For the details of the curve, reader is requested to refer Section 3.2. We run the evaluation for several times, and we consider the average computation time as the computation times of the primitives in the library. We use the pycrypto library [47] for evaluating the execution time of hash and encyption algorithms. The computation time of a hash operation is evaluated by running SHA-256 algorithm, and the computation time of encryption operation is evaluated by running AES-128 algorithm. For the AES evaluation, plain text size of 16 bytes, initialisation vector of 16 bytes and the key size of 128 bits is chosen with CBC mode operation. For the hash function evaluation, plaintext size of 32 bytes and key of 128 bits are selected for the evaluation. All the operations and algorithms"
31,0,0,1,0,20,31,CMR12,10.958925127983093,64.51,618.03,530.77,630.9,618.03,210.99,64.51,64.51,"are ran for 1000 iterations, and the average value is taken as the computation time ( C T ) of"
31,0,0,1,0,85,8,CMR12,11.9552001953125,64.51,632.47,530.85,716.66,632.47,125.23,64.51,64.43,"the operations and algorithms. CPU cycles per operation (CPO) is derived accordingly. The evaluation is done on two platforms with the following speciﬁcations: Ubuntu (V 16.04) with 64 bit Intel core I7 central processing unit (CPU) at 2.6 GHz operating frequency and Raspian operating system (OS) with 32 bit ARM CPU at 900 MHz operating frequency. The average computation time and CPO of the operations and algorithms on the Ubuntu and the Raspian OSs are presented in Tables 4 and 5, respectively. For convenience, we"
31,0,0,1,0,17,31,CMR12,10.958925127983093,64.51,719.15,530.79,732.9,719.15,108.99,64.51,64.49,"deﬁne the following notations. GT A is the time needed for a point addition on the curve,"
32,0,0,1,0,71,31,CMMI12,10.626833438873291,64.51,113.72,530.8,170.8,113.72,671.09,64.51,64.48,"GT M is the time required for a point multiplication on the curve, GT P is the time required for a pairing operation on the curve, GT E is the time needed for an exponentiation operation on the curve, T E is the time needed to perform an encryption/decryption operation, T H is the time needed for performing a hash operation and T XOR is the time intended for performing a"
32,0,0,1,0,32,8,CMR12,11.9552001953125,64.51,171.5,530.84,197.9,171.5,643.99,64.51,64.44,XOR operation. The execution time of the XOR operation is not considered as it is negligible compared to the execution time of other operations. It is noted that the time duration for
32,0,0,1,0,14,31,CMR12,10.958925127983093,64.51,200.39,530.82,213.27,200.39,628.62,64.51,64.46,"exponentiation operation ( GT E ) and the point multiplication are approximately equal, i.e."
32,0,0,1,1,5,31,CMMI12,10.36116008758545,64.51,214.84,148.79,228.59,214.84,613.3,64.51,446.49,GT M GT E [6].
32,0,0,1,0,16,14,CMR10,9.962599754333496,64.51,241.7,530.84,263.62,241.7,578.27,64.51,64.43,Table 4: Average computation time and CPO of the cryptographic operations and algorithms on Ubuntu OS.
32,0,0,1,1,2,31,CMMI12,11.522004127502441,148.3,276.34,174.25,291.24,276.34,550.65,148.3,421.03,GT A
32,0,0,1,1,2,31,CMMI12,11.522004127502441,222.56,276.34,250.58,291.24,276.34,550.65,222.56,344.7,GT M
32,0,0,1,1,2,31,CMMI12,11.522004127502441,290.06,276.34,314.88,291.24,276.34,550.65,290.06,280.39,GT P
32,0,0,1,1,2,31,CMMI12,11.522004127502441,371.09,276.34,386.21,291.24,276.34,550.65,371.09,209.07,T E
32,0,0,1,1,4,31,CMMI12,11.522004127502441,76.4,276.34,468.11,308.4,276.34,533.49,76.4,127.17,T H C T
32,0,0,1,0,3,4,CMR12,13.826428413391113,222.56,293.51,268.32,307.34,293.51,534.55,222.56,326.96,1.38 m s
32,0,0,1,0,3,4,CMR12,13.826428413391113,290.06,293.51,342.59,307.34,293.51,534.55,290.06,252.69,13.45 m s
32,0,0,1,0,3,4,CMR12,13.826428413391113,371.09,293.51,416.85,307.34,293.51,534.55,371.09,178.43,0.21 m s
32,0,0,1,0,3,4,CMR12,13.826428413391113,76.4,293.51,500.96,324.5,293.51,517.39,76.4,94.32,55.07 s CPO
32,0,0,1,0,5,31,CMR12,12.904658699035645,148.3,309.26,207.69,324.5,309.26,517.39,148.3,387.58,5 . 18 10 4
32,0,0,1,0,5,31,CMR12,12.904658699035645,222.56,309.26,275.19,324.5,309.26,517.39,222.56,320.08,3 . 6 10 6
32,0,0,1,0,5,31,CMR12,12.904658699035645,290.06,309.26,356.23,324.5,309.26,517.39,290.06,239.05,41 . 77 10 6
32,0,0,1,0,5,31,CMR12,12.904658699035645,371.09,309.26,437.26,324.5,309.26,517.39,371.09,158.02,54 . 68 10 4
32,0,0,1,0,5,31,CMR12,12.904658699035645,452.13,309.26,518.29,324.5,309.26,517.39,452.13,76.98,14 . 49 10 4
32,0,0,1,0,16,14,CMR10,9.962599754333496,64.51,355.43,530.83,377.35,355.43,464.54,64.51,64.44,Table 5: Average computation time and CPO of the cryptographic operations and algorithms on Raspian OS.
32,0,0,1,1,2,31,CMMI12,11.04120683670044,144.8,390.02,169.67,404.29,390.02,437.6,144.8,425.61,GT A
32,0,0,1,1,2,31,CMMI12,11.04120683670044,222.45,390.02,249.3,404.29,390.02,437.6,222.45,345.98,GT M
32,0,0,1,1,2,31,CMMI12,11.04120683670044,300.1,390.02,323.89,404.29,390.02,437.6,300.1,271.38,GT P
32,0,0,1,1,2,31,CMMI12,11.04120683670044,377.76,390.02,392.24,404.29,390.02,437.6,377.76,203.03,T E
32,0,0,1,1,4,31,CMMI12,11.04120683670044,75.9,390.02,464.24,420.74,390.02,421.15,75.9,131.04,T H C T
32,0,0,1,0,3,6,CMR12,13.249470710754395,222.45,406.47,272.79,419.72,406.47,422.17,222.45,322.49,36.28 m s
32,0,0,1,0,3,6,CMR12,13.249470710754395,300.1,406.47,343.95,419.72,406.47,422.17,300.1,251.32,76.8 m s
32,0,0,1,0,3,6,CMR12,13.249470710754395,377.76,406.47,421.61,419.72,406.47,422.17,377.76,173.67,5.39 m s
32,0,0,1,0,3,6,CMR12,13.249470710754395,75.9,406.47,502.2,436.17,406.47,405.72,75.9,93.07,158.07 s CPO
32,0,0,1,0,5,31,CMR12,12.366165161132812,144.8,421.57,208.21,436.17,421.57,405.72,144.8,387.07,86 . 48 10 3
32,0,0,1,0,5,31,CMR12,12.366165161132812,222.45,421.57,285.86,436.17,421.57,405.72,222.45,309.42,32 . 68 10 6
32,0,0,1,0,5,31,CMR12,12.366165161132812,300.1,421.57,363.51,436.17,421.57,405.72,300.1,231.76,69 . 18 10 6
32,0,0,1,0,5,31,CMR12,12.366165161132812,377.76,421.57,434.68,436.17,421.57,405.72,377.76,160.6,4 . 85 10 6
32,0,0,1,0,5,31,CMR12,12.366165161132812,448.92,421.57,518.82,436.17,421.57,405.72,448.92,76.46,142 . 39 10 3
32,0,0,1,0,37,31,CMR12,11.158180141448975,64.51,453.36,530.79,480.98,453.36,360.91,64.51,64.48,We implement the tate pairing on a supersingular elliptic curve E : y 2 = x 3 x + 1 in the aﬃne coordinates deﬁned over a Galois Field GF (3 m ) [48]. The following environment
32,0,0,1,0,86,8,CMR12,11.9552001953125,64.51,483.47,530.86,567.66,483.47,274.23,64.51,64.42,"is chosen for the evaluation of the ate pairing in BN curve: Ubuntu (V 16.04) with 64 bit Intel core I7 central processing unit (CPU) at 2.6 GHz operating frequency. We estimate the computation time of a point multiplication, point addition and pairing operations as 1.165s, 0.1337s and 8.125s, respectively. The simulation is iterated over several times, and the average value is taken as the computation time of various operations. We conﬁrm that the execution time of the ate pairing is higher than the tate pairing."
32,0,0,1,0,30,8,CMTI12,11.9552001953125,64.51,582.1,530.86,625.94,582.1,215.95,64.51,64.42,"8.1. Computation Eﬃciency The computation eﬃciency of our protocols is presented by comparing with the related protocols regarding a total number of the operations and algorithms (TOA), the time du-"
32,0,0,1,0,18,31,CMR12,10.958925127983093,64.51,628.43,530.79,642.18,628.43,199.71,64.51,64.48,ration for computations of TOA and CPU cycles. C T and CPO are taken from Table 5 to
32,0,0,1,0,8,8,CMR12,11.9552001953125,64.51,642.88,360.98,654.83,642.88,187.06,64.51,234.3,present the computation eﬃciency of the VUAP protocol.
32,0,0,1,0,52,31,CMTI12,11.291016817092896,64.51,657.32,530.79,698.17,657.32,143.72,64.51,64.49,"VUAP: VUAP is used for driver/owner authentication. VUAP requires 3 T H ( 474.21 s), and LGKP need 3 T H + T XOR ( 474.21 s) TOA. 2FLIP needs 9 T H + 5 T XOR TOA ( 14.22 10 4 s). But ABAKA requires unit computation since password and identity"
32,0,0,1,0,13,8,CMR12,11.9552001953125,64.51,700.66,530.84,712.61,700.66,129.28,64.51,64.44,veriﬁcation are done without any of the mentioned operations and algorithms. VUAP and
32,0,0,1,0,19,31,CMR12,11.291016817092896,64.51,713.88,525.11,727.06,713.88,114.83,64.51,70.16,"LGKP require 427 . 17 10 3 CPU cycles, whereas 2FLIP needs 1281 . 51 10 3 CPU cycles."
33,0,0,1,0,136,8,CMTI12,11.9552001953125,64.51,113.72,530.85,255.69,113.72,586.2,64.51,64.43,"TV2I: TV2I is used for distributing keys to vehicles from KDC. For the computations in- volving vehicles, Table 5 is used, and for the computations invloving RSUs and KDC/trusted authority, Table 4 is used. Table 6 presents the computation eﬃciency of TV2I with related protocols. For comparison, we consider the construction time of the involved primitives. The time duration for ordinary signature computation is calculated as a sum of a hash and exponentiation operations. For signatures involving elliptic curve system, the signature com- putation time is calculated as a sum of a hash and point multiplication operations. Though FKDP and 2FLIP is computationally more eﬃcient than TV2I, both of them do not satisfy all security and functional attribute (refer Table 8). KV2VP: KV2VP is used for exchanging keys between vehicles. Tables 4 and 5 are utilised"
33,0,0,1,0,45,31,CMR12,10.626833438873291,64.51,258.18,530.77,286.37,258.18,555.52,64.51,64.51,"to present the computation eﬃciency of KV2VP and V2V of FKDP. KV2VP requires 5 GT M + 3 T H + 2 GT P + T E TOA, and V2V of FKDP needs 7 GT E + 3 GT P + 5 T E TOA."
33,0,0,1,0,16,8,CMR12,11.9552001953125,64.51,287.07,530.81,299.02,287.07,542.87,64.51,64.46,"While using Table 4WhV2V of FKDP need the time durion of 34.17 ms and 51.06 ms,"
33,0,0,1,0,36,31,CMR12,10.958925127983093,64.51,300.29,530.79,327.92,300.29,513.97,64.51,64.49,"correspondingly. KV2VP requires the CPU cycles of 102.52 10 6 , and V2V of FKDP needs 153.24 10 6 . When Table 5 is utilised, KV2VP is in need of 335.63 ms, and V2V of FKDP"
33,0,0,1,0,15,8,CMR12,11.9552001953125,64.51,330.41,516.88,342.36,330.41,499.53,64.51,78.39,"require the time duration of 511.31 ms. When Table 5 is used, KV2VP require 307.03"
33,0,0,1,0,17,31,CMR12,10.626833438873291,64.51,343.63,450.65,356.81,343.63,485.08,64.51,144.63,"10 6 CPU cycles, and V2V of FKDP require the CPU cycles of 460.5 10 6 ."
33,0,0,1,0,9,14,CMR10,9.962599754333496,157.83,371.05,437.46,381.01,371.05,460.88,157.83,157.82,Table 6: Computation eﬃciency of TV2I with related protocols.
33,0,0,1,1,1,5,CMR12,13.38014030456543,187.55,393.69,216.67,407.07,393.69,434.82,187.55,378.61,TOA
33,0,0,1,0,3,5,CMR12,13.38014030456543,76.02,393.69,500.66,423.68,393.69,418.21,76.02,94.62,CPU cycles TV2I
33,0,0,1,1,9,31,CMR12,11.89344565073649,187.55,410.3,303.4,424.72,410.3,417.17,187.55,291.88,10 T H +12 T XOR +1 T E
33,0,0,1,0,3,31,CMR12,11.89344565073649,449.7,408.94,505.6,423.68,408.94,418.21,449.7,89.68,19.8 10 5
33,0,0,1,1,1,5,CMR12,13.38014030456543,76.02,426.92,113.57,440.3,426.92,401.59,76.02,481.7,LGKP
33,0,0,1,1,12,31,CMR12,11.89344565073649,187.55,426.92,333.05,441.33,426.92,400.56,187.55,262.22,6 T H +2 T XOR +1 T E +2 GT E
33,0,0,1,0,3,31,CMR12,11.89344565073649,449.7,425.55,512.15,440.3,425.55,401.59,449.7,83.12,37.68 10 6
33,0,0,1,1,1,5,CMR12,13.38014030456543,76.02,443.53,112.02,456.91,443.53,384.98,76.02,483.25,PAFH
33,0,0,1,1,9,31,CMR12,11.89344565073649,187.55,443.53,302.78,457.94,443.53,383.95,187.55,292.5,2 T H +6 T XOR +5 GT M
33,0,0,1,0,3,31,CMR12,11.89344565073649,449.7,442.16,518.7,456.91,442.16,384.98,449.7,76.57,105.52 10 6
33,0,0,1,1,1,5,CMR12,13.38014030456543,76.02,460.15,107.66,473.53,460.15,368.36,76.02,487.62,LIAP
33,0,0,1,1,8,31,CMMI12,11.707608819007874,187.55,460.15,296.23,474.56,460.15,367.33,187.55,299.05,T H +3 T XOR +5 GT M
33,0,0,1,0,3,31,CMR12,11.89344565073649,449.7,458.78,512.15,473.53,458.78,368.36,449.7,83.12,47.22 10 6
33,0,0,1,1,1,5,CMR12,13.38014030456543,76.02,476.76,112.95,490.14,476.76,351.75,76.02,482.33,2FLIP
33,0,0,1,1,8,31,CMMI12,11.707608819007874,187.55,476.76,267.7,491.17,476.76,350.72,187.55,327.57,T E + GT M + T H
33,0,0,1,0,3,31,CMR12,11.89344565073649,449.7,475.39,505.6,490.14,475.39,351.75,449.7,89.68,4.28 10 6
33,0,0,1,1,1,5,CMR12,13.38014030456543,76.02,493.37,124.93,506.75,493.37,335.14,76.02,470.34,ABAKA
33,0,0,1,1,8,31,CMMI12,11.707608819007874,187.55,493.37,291.48,507.79,493.37,334.1,187.55,303.8,T H +7 GT M +2 GT A
33,0,0,1,0,3,31,CMR12,11.89344565073649,449.7,492.0,518.7,506.75,492.0,335.14,449.7,76.57,112.86 10 6
33,0,0,1,1,1,5,CMR12,13.38014030456543,76.02,509.99,113.67,523.37,509.99,318.52,76.02,481.61,FKDP
33,0,0,1,1,2,31,CMMI12,11.150098323822021,187.55,509.99,214.66,524.4,509.99,317.49,187.55,380.61,GT M
33,0,0,1,0,3,31,CMR12,11.89344565073649,449.7,508.62,494.68,523.37,508.62,318.52,449.7,100.59,3.6 10 6
33,0,0,1,0,14,8,CMTI12,11.9552001953125,82.07,542.47,530.77,554.42,542.47,287.47,82.07,64.5,PEM: The PEM is used for exchanging messages in V2I and V2V communications. The
33,0,0,1,0,54,31,CMR12,10.958925127983093,64.51,555.69,530.81,597.76,555.69,244.13,64.51,64.47,PEM protocol demands 2 T H TOA that requires time of 316.14 s and 0.28 10 6 CPU cycles. Azees et al. [6] protocol needs T H + 2 GT M TOA that require time duration of 72.71 ms and 65.50 10 6 CPU cycles. It is apparent that EAAP has enormously higher CPU
33,0,0,1,0,59,8,CMR12,11.9552001953125,64.51,600.25,530.82,655.54,600.25,186.35,64.51,64.45,"cycles than the PEM protocol due to asymmetric key cryptography operations. The heavier computation restricts the serving capacity of RSUs. Figures 4-A and 4-B present the serving capacity of an RSU of EAAP and the PEM protocol when the density of vehicles and their speed vary. The serving capacity is computed using the formula mentioned in [6], which is"
33,0,0,1,0,6,31,CMMI12,9.298466682434082,64.51,655.89,121.19,670.91,655.89,170.98,64.51,474.09,C RSU = p T r
33,0,0,1,0,23,31,CMMI8,11.207993894815445,106.54,658.03,530.8,673.24,658.03,168.65,106.54,64.47,"s d . C RSU , p , T , r , s and d denote the serving capacity, the probability of sending"
33,0,0,1,0,77,8,CMR12,11.9552001953125,64.51,672.48,530.81,727.77,672.48,114.12,64.51,64.46,"the LBSI message by the RSU, TOA, coverage of the RSU, the speed of vehicles and density of vehicles, respectively. Here, the following values are used: p = 0 . 5, T = 316 . 14 µs for PEM, T = 72 . 71 ms for EAAP, r = 300 m , 5 s 10 m/s and 200 d 400. From Figures 4-A and 4-B, it is conspicuous that the serving capacity can be increased dramatically for"
34,0,0,1,0,51,8,CMR12,11.9552001953125,64.51,113.72,530.81,169.01,113.72,672.88,64.51,64.46,"the PEM protocol in comparison with EAAP as the negative order of the serving capacity is increased by four times in the PEM protocol. The increase in the serving capacity of the PEM protocol is due to the utilization of symmetric crypto operations. Thus, PEM is computation eﬃcient than its counterpart."
34,0,0,1,0,6,8,CMTI12,11.9552001953125,64.51,183.46,266.15,212.85,183.46,629.04,64.51,329.13,8.2. Security and Functional Attributes Table
34,0,0,1,0,3,8,CMR12,11.9552001953125,120.03,200.89,163.53,212.85,200.89,629.04,120.03,431.74,"7, 8 and"
34,0,0,1,0,41,8,CMR12,11.9552001953125,64.51,200.89,530.83,241.74,200.89,600.15,64.51,64.44,"9 show the comparison of security goals and functional attributes of VUAP, TV2I and KV2VP, respectively. In Tables 7, 8 and 9, the following notations are used: NA- not applicable, - satisﬁes the attribute and - does not satisfy the attribute."
34,0,0,1,0,8,14,CMR10,9.962599754333496,181.14,255.98,414.19,265.94,255.98,575.95,181.14,181.09,Table 7: Security and functional attributes of VUAP.
34,0,0,1,1,1,11,CMR12,10.978699684143066,228.89,278.39,260.38,289.37,278.39,552.52,228.89,334.9,VUAP
34,0,0,1,0,4,11,CMR12,10.978699684143066,271.73,278.39,343.11,289.37,278.39,552.52,271.73,252.17,Ying et al. [15]
34,0,0,1,0,4,11,CMR12,10.978699684143066,354.43,278.39,430.3,289.37,278.39,552.52,354.43,164.98,Wang et al. [11]
34,0,0,1,0,26,11,CMR12,10.978699684143066,73.95,278.39,521.37,398.42,278.39,443.47,73.95,73.9,Huang et al. [12] Conditional anonymity Unlinkability Authentication by the Vehicle Replay attack Masquerading attack Password change phase Password guessing attack Lost smart card veriﬁer attack
34,0,0,1,1,1,11,CMR12,10.978699684143066,354.43,387.44,370.55,398.42,387.44,443.47,354.43,224.72,NA
34,0,0,1,1,1,11,CMR12,10.978699684143066,441.62,387.44,457.74,398.42,387.44,443.47,441.62,137.54,NA
34,0,0,1,0,48,8,CMR12,11.9552001953125,64.51,417.09,530.82,472.39,417.09,369.5,64.51,64.45,"From Table 7, it is apparent that 2FLIP satisﬁes most of the attributes in comparison with VUAP, but 2FLIP requires 50% more CPU cycles than VUAP regarding computation eﬃciency. Although LGKP and ABAKA have lesser computation eﬃciency than VUAP, they do not satisfy the privacy properties (ref Table"
34,0,0,1,0,67,8,CMR12,11.9552001953125,64.51,460.43,530.84,559.06,460.43,282.83,64.51,64.44,"7). Hence, the VUAP protocol is computation eﬃcient and robust regarding security among the protocols that preserve the privacy of vehicles. From Table 8, the computation eﬃciency of TV2I is lesser than FKDP and equal to the protocol of 2FLIP. But TV2I is more robust regarding security and functionality features in comparison with its counterpart. The protocol does not depend on a mobility prediction model as in"
34,0,0,1,0,11,8,CMR12,11.9552001953125,135.85,547.11,530.84,559.06,547.11,282.83,135.85,64.44,[23] and [22] because the protocol supports handoﬀcapability for a vehicle
34,0,0,1,0,24,31,CMR12,10.958925127983093,64.51,560.33,530.78,573.51,560.33,268.38,64.51,64.49,with two RSUs (( i 1) th and ( i + 1) th ) when moving away from the i th RSU. The protocol
34,0,0,1,0,138,8,CMR12,11.9552001953125,64.51,576.0,530.84,751.33,576.0,90.56,64.51,64.44,"can assure detectability to the DoS attack as it includes the key conﬁrmation step. The protocol has 67% lesser CPU cycles than PAFH and 70% than LIAP. Hence, among the protocols that support handoﬀcapability, TV2I is more computation eﬃcient and robust, and it supports more functional attributes. PAFH and LIAP demand a mobility prediction model, whereas TV2I does not require a mobility prediction model because the protocol supports the handoﬀcapability. The protocol can assure detectability to the DoS attack as it includes the key authentication step. From Table 9, KV2VP is more robust in security than FKDP. KV2VP is computation eﬃcient than its counterpart. In a nutshell, among the protocols that support handoﬀau- thentication and areas not covered by V2I, the proposed protocols are computation eﬃcient and robust in terms of security and oﬀer more functional attributes. 32"
35,0,0,1,0,12,14,CMR10,9.962599754333496,125.67,111.69,469.66,121.65,111.69,720.24,125.67,125.62,Table 8: Security and functional attributes of TV2I with the related protocols.
35,0,0,1,0,84,26,CMR12,7.4240593910217285,70.89,133.75,524.41,333.77,133.75,508.12,70.89,70.87,Attributes TV2I Ying et al. [15] Zhou et al. [23] Li et al. [22] Wang et al. [11] Huang et al. [12] Park et al. [17] Conditional anonymity Unlinkability Mutual entity authentication (Vehicle and KDC ) Mutual entity authentication (RSU and KDC ) Explicit key authentication Key freshness Key integrity NA NA NA Forward secrecy Known-key secrecy Replay attack Masquerading attack MITM attack Dynamic RSU addition Handoﬀsupport LBSI service by RSU Independence of a movement prediction model NA NA NA NA Detectability to DoS
35,0,0,1,1,1,8,CMR12,11.9552001953125,160.76,500.96,178.65,512.92,500.96,328.97,160.76,416.63,(A)
35,0,0,1,1,1,8,CMR12,11.9552001953125,371.39,500.96,388.78,512.92,500.96,328.97,371.39,206.49,(B)
35,0,0,1,0,17,14,CMR10,9.962599754333496,91.13,525.18,504.18,535.15,525.18,306.74,91.13,91.09,Figure 4: (A) Protocol for Exchanging Messages (PEM) of Azees et al. (B) PEM of this work.
35,0,0,1,0,3,8,CMBX12,11.9552001953125,64.51,559.09,223.31,571.05,559.09,270.84,64.51,371.96,9. Simulation Performance
35,0,0,1,0,34,8,CMR12,11.9552001953125,64.51,582.5,530.85,623.35,582.5,218.54,64.51,64.43,"We evaluate the practicality of the proposed protocol suite and FKDP, regarding average key dissemination time (AKDT). We compare our protocols with FKDP because FKDP achieves faster average key dissemination time than other protocols."
35,0,0,1,0,89,8,CMR12,11.9552001953125,64.51,611.4,530.82,724.47,611.4,117.42,64.51,64.45,"FKDP attains the ampliﬁed key dispatching due to the dissemination of keys made by the V2I and V2V communication modes, whereas the remaining protocols utilise the V2I communication mode alone for the key dissemination. The simulation is done in Omnet++ network simulator with the integration of SUMO urban mobility simulator. For the simulation, ten lanes of 5 km 1 km area are considered. To facilitate handoﬀcapability, RSUs are made to transmit and receive messages contin- uously. The simulation is carried out for 100 vehicles and 1000 vehicles scenarios. Each"
36,0,0,1,0,11,14,CMR10,9.962599754333496,130.61,111.69,464.74,121.65,111.69,720.24,130.61,130.54,Table 9: Security and functional attributes of KV2VP with related protocol.
36,0,0,1,1,1,9,CMR12,11.744789123535156,392.6,134.17,432.36,145.92,134.17,695.97,392.6,162.92,KV2VP
36,0,0,1,0,35,9,CMR12,11.744789123535156,74.61,134.17,520.71,320.91,134.17,520.98,74.61,74.57,Park et al. [17] Conditional anonymity Unlinkability Mutual entity authentication (Alice vehicle and Bob vehicle) Explicit key authentication Key freshness Key integrity Forward secrecy Known-key secrecy Replay attack Masquerading attack MITM attack Detectability to DoS
36,0,0,1,1,1,8,CMR12,11.9552001953125,167.85,467.32,185.73,479.27,467.32,362.62,167.85,409.54,(A)
36,0,0,1,1,1,8,CMR12,11.9552001953125,392.65,467.32,410.05,479.27,467.32,362.62,392.65,185.23,(B)
36,0,0,1,0,14,14,CMR10,9.962599754333496,113.76,491.54,481.54,501.5,491.54,340.39,113.76,113.74,Figure 5: Average key dissemination time (AKT) for (A) 100 and (B) 1000 vehicles.
36,0,0,1,0,199,8,CMR12,11.9552001953125,64.51,525.45,530.87,710.76,525.45,131.13,64.51,64.4,"scenario is divided into two cases depending on the speed of the vehicles. The two cases are for 30 km/hr and 70 km/hr. Each of the two cases is further divided into three cases depending on the coverage of RSUs: 10%, 30% and 50%. In particular, cases a, b, c, and d specify 100 vehicles at 30 km/hr, 100 vehicles at 70 km/hr, 1000 vehicles at 30 km/hr and 1000 vehicles at 70 km/hr, respectively. The simulations are iterated several times, and the average value of the key dissemination is taken for each case. Figures 5-A present AKT for 100 vehicles, and 5-B present AKT for 1000 vehicles. In general, the proposed protocols show similar performance as FKDP with slight im- provements (i.e. reduced AKT) such as: (i) at 10%, 30% and 50% coverage for 30 km/hr scenario with 100 vehicles, and (ii) at 10% and 30% coverage for 70 km/hr scenario with 1000 vehicles. Overall, the simulation performance of our protocol suite is as fast as FKDP. Hence, our protocol suite is also a fast key dissemination protocol suite. As our protocol suite is a fast key dissemination protocol suite, it can reduce delay occurred for key dissemination."
37,0,0,1,0,141,8,CMR12,11.9552001953125,64.51,137.13,530.85,293.54,137.13,548.35,64.51,64.43,"In this paper, we analysed LGKP and FKDP; we demonstrated insecurities LGKP and FKDP. As a counter measure, we proposed a new protocol suite. The proposed suite had ten protocols. The new protocol suite assures several functional attributes. Speciﬁcally, TV2I ensures hand oﬀcapability and detectability to DOS and KV2VP oﬀers the capability to check the time bounded validity of certiﬁcates of vehicles. The new protocol was computa- tional eﬃcient. The properties attained by the protocols were desireable for VANET. We proved the security of TV2I and KV2VP in the random oracle model. We performed an informal analysis of the protocols against various attacks and security goals. We presented a formal veriﬁcation of VUAP, TV2I and KV2VP. The simulation performance of the proto- cols regarding average key dissemination time showed that the new protocol suite was also a fast key dissemination protocol."
37,0,0,1,0,48,8,CMR12,11.9552001953125,64.51,337.38,530.82,392.67,337.38,449.22,64.51,64.45,We thank the anonymous reviewers and the associate editor for giving valuable comments and suggestions in order to improve the quality of this manuscript. Baker Palaniswamy has been supported by QUTPRA. Josef Pieprzyk has been supported by the Australian ARC grant DP180102199 and the Polish NCN grant 2018/31/B/ST6/03003.
37,0,0,1,0,278,14,CMR10,9.962599754333496,69.49,435.57,530.86,720.98,435.57,120.91,69.49,64.41,"[1] D. Geronimo, A. M. Lopez, A. D. Sappa, T. Graf, Survey of pedestrian detection for advanced driver assistance systems, IEEE Transactions on Pattern Analysis and Machine Intelligence 32 (7) (2010) 1239–1258 (July 2010). doi:10.1109/TPAMI.2009.122 . [2] A. Bisoﬃ, F. Biral, M. D. Lio, L. Zaccarian, Longitudinal jerk estimation of driver intentions for advanced driver assistance systems, IEEE/ASME Transactions on Mechatronics 22 (4) (2017) 1531– 1541 (Aug 2017). doi:10.1109/TMECH.2017.2716838 . [3] V. Milan´es, S. E. Shladover, J. Spring, C. Nowakowski, H. Kawazoe, M. Nakamura, Cooperative adap- tive cruise control in real traﬃc situations, IEEE Transactions on Intelligent Transportation Systems 15 (1) (2014) 296–305 (Feb 2014). doi:10.1109/TITS.2013.2278494 . [4] M. N. Mejri, J. Ben-Othman, M. Hamdi, Survey on vanet security challenges and possible cryptographic solutions, Vehicular Communications 1 (2) (2014) 53–66 (2014). [5] J. Larson, K. Y. Liang, K. H. Johansson, A distributed framework for coordinated heavy-duty vehicle platooning, IEEE Transactions on Intelligent Transportation Systems 16 (1) (2015) 419–429 (Feb 2015). doi:10.1109/TITS.2014.2320133 . [6] M. Azees, P. Vijayakumar, L. J. Deboarh, Eaap: Eﬃcient anonymous authentication with conditional privacy-preserving scheme for vehicular ad hoc networks, IEEE Transactions on Intelligent Transporta- tion Systems 18 (9) (2017) 2467–2476 (Sept 2017). doi:10.1109/TITS.2016.2634623 . [7] D. Jia, K. Lu, J. Wang, X. Zhang, X. Shen, A survey on platoon-based vehicular cyber-physical systems, IEEE Communications Surveys Tutorials 18 (1) (2016) 263–284 (Firstquarter 2016). doi: 10.1109/COMST.2015.2410831 . [8] H. Hartenstein, L. P. Laberteaux, A tutorial survey on vehicular ad hoc networks, IEEE Communica- tions Magazine 46 (6) (2008) 164–171 (June 2008). doi:10.1109/MCOM.2008.4539481 . [9] M. Raya, P. Papadimitratos, J. p. Hubaux, Securing vehicular communications, IEEE Wireless Com- munications 13 (5) (2006) 8–15 (October 2006). doi:10.1109/WC-M.2006.250352 ."
38,0,0,1,0,594,14,CMR10,9.962599754333496,64.51,115.28,530.86,723.0,115.28,118.89,64.51,64.41,"[10] N. W. Lo, H. C. Tsai, Illusion attack on vanet applications - a message plausibility problem, in: 2007 IEEE Globecom Workshops, 2007, pp. 1–8 (Nov 2007). doi:10.1109/GLOCOMW.2007.4437823 . [11] F. Wang, Y. Xu, H. Zhang, Y. Zhang, L. Zhu, 2ﬂip: A two-factor lightweight privacy-preserving authentication scheme for vanet, IEEE Transactions on Vehicular Technology 65 (2) (2016) 896–911 (2016). [12] J. L. Huang, L. Y. Yeh, H. Y. Chien, Abaka: An anonymous batch authenticated and key agree- ment scheme for value-added services in vehicular ad hoc networks, IEEE Transactions on Vehicular Technology 60 (1) (2011) 248–262 (Jan 2011). doi:10.1109/TVT.2010.2089544 . [13] T. W. Chim, S.-M. Yiu, L. C. Hui, V. O. Li, Specs: Secure and privacy enhancing communications schemes for vanets, Ad Hoc Networks 9 (2) (2011) 189–203 (2011). [14] S.-J. Horng, S.-F. Tzeng, Y. Pan, P. Fan, X. Wang, T. Li, M. K. Khan, b-specs+: Batch veriﬁcation for secure pseudonymous authentication in vanet, IEEE Transactions on Information Forensics and Security 8 (11) (2013) 1860–1875 (2013). [15] B. Ying, A. Nayak, Anonymous and lightweight authentication for secure vehicular networks, IEEE Transactions on Vehicular Technology 66 (12) (2017) 10626–10636 (Dec 2017). doi:10.1109/TVT. 2017.2744182 . [16] K. Abboud, H. A. Omar, W. Zhuang, Interworking of dsrc and cellular network technologies for v2x communications: A survey, IEEE transactions on vehicular technology 65 (12) (2016) 9457–9470 (2016). [17] Y. H. Park, S. W. Seo, Fast and secure group key dissemination scheme for out-of-range v2i com- munication, IEEE Transactions on Vehicular Technology 64 (12) (2015) 5642–5652 (Dec 2015). doi:10.1109/TVT.2015.2487832 . [18] A. Ornaghi, M. Valleri, Man in the middle attacks demos, Blackhat [Online Document] 19 (2003). [19] M. Bellare, P. Rogaway, Random oracles are practical: A paradigm for designing eﬃcient protocols, in: Proceedings of the 1st ACM conference on Computer and communications security, ACM, 1993, pp. 62–73 (1993). [20] D. Huang, S. Misra, M. Verma, G. Xue, Pacp: An eﬃcient pseudonymous authentication-based con- ditional privacy protocol for vanets, IEEE Transactions on Intelligent Transportation Systems 12 (3) (2011) 736–746 (2011). [21] F. Qu, Z. Wu, F. Y. Wang, W. Cho, A security and privacy review of vanets, IEEE Transactions on Intelligent Transportation Systems 16 (6) (2015) 2985–2996 (Dec 2015). doi:10.1109/TITS.2015. 2439292 . [22] J.-S. Li, K.-H. Liu, A lightweight identity authentication protocol for vehicular networks, Telecommu- nication Systems 53 (4) (2013) 425–438 (2013). [23] Z. Zhou, H. Zhang, Z. Sun, An improved privacy-aware handoﬀauthentication protocol for vanets, Wireless Personal Communications 97 (3) (2017) 3601–3618 (2017). [24] L. Zhang, Q. Wu, A. Solanas, J. Domingo-Ferrer, A scalable robust authentication protocol for secure vehicular communications, IEEE Transactions on vehicular Technology 59 (4) (2010) 1606–1617 (2010). [25] A. Menezes, An introduction to pairing-based cryptography, Recent trends in cryptography 477 (2009) 47–65 (2009). [26] V. S. Miller, Use of elliptic curves in cryptography, in: Conference on the theory and application of cryptographic techniques, Springer, 1985, pp. 417–426 (1985). [27] F. Vercauteren, Optimal pairings, IEEE Transactions on Information Theory 56 (1) (2009) 455–461 (2009). [28] D. Boneh, X. Boyen, Short signatures without random oracles, in: International Conference on the Theory and Applications of Cryptographic Techniques, Springer, 2004, pp. 56–73 (2004). [29] L. Li, J. Liu, L. Cheng, S. Qiu, W. Wang, X. Zhang, Z. Zhang, Creditcoin: A privacy-preserving blockchain-based incentive announcement network for communications of smart vehicles, IEEE Trans- actions on Intelligent Transportation Systems 19 (7) (2018) 2204–2220 (2018). [30] D. A. Rivas, J. M. Barcel´o-Ordinas, M. G. Zapata, J. D. Morillo-Pozo, Security on vanets: Privacy, misbehaving nodes, false information and secure data aggregation, Journal of Network and Computer Applications 34 (6) (2011) 1942–1955 (2011)."
39,0,0,1,0,367,14,CMR10,9.962599754333496,64.51,115.28,530.88,556.1,115.28,285.79,64.51,64.39,"[31] M. Wolf, T. Gendrullis, Design, implementation, and evaluation of a vehicular hardware security mod- ule, in: International Conference on Information Security and Cryptology, Springer, 2011, pp. 302–318 (2011). [32] J. B. Kenney, Dedicated short-range communications (dsrc) standards in the united states, Proceedings of the IEEE 99 (7) (2011) 1162–1182 (2011). [33] C. Boyd, A. Mathuria, Protocols for authentication and key establishment, Springer Science & Business Media, 2013 (2013). [34] M. Steiner, G. Tsudik, M. Waidner, Key agreement in dynamic peer groups, IEEE Transactions on Parallel and Distributed Systems 11 (8) (2000) 769–780 (Aug 2000). doi:10.1109/71.877936 . [35] R. Canetti, H. Krawczyk, Analysis of key-exchange protocols and their use for building secure channels, Advances in Cryptology—EUROCRYPT 2001 (2001) 453–474 (2001). [36] J. Petit, F. Schaub, M. Feiri, F. Kargl, Pseudonym schemes in vehicular networks: A survey, IEEE communications surveys & tutorials 17 (1) (2015) 228–255 (2015). [37] S. S. Manvi, S. Tangade, A survey on authentication schemes in vanets for secured communication, Vehicular Communications 9 (2017) 19–30 (2017). [38] M. Abdalla, P.-A. Fouque, D. Pointcheval, Password-based authenticated key exchange in the three- party setting, in: International Workshop on Public Key Cryptography, Springer, 2005, pp. 65–84 (2005). [39] M. Bellare, D. Pointcheval, P. Rogaway, Authenticated key exchange secure against dictionary attacks, in: International conference on the theory and applications of cryptographic techniques, Springer, 2000, pp. 139–155 (2000). [40] V. Shoup, Sequences of games: a tool for taming complexity in security proofs., IACR Cryptology ePrint Archive 2004 (2004) 332 (2004). [41] Tamarin scripts of this paper: https://github.com/FUllSCIPTS/paper2 (2019). [42] D. Dolev, A. Yao, On the security of public key protocols, IEEE Transactions on information theory 29 (2) (1983) 198–208 (1983). [43] S. Meier, B. Schmidt, C. Cremers, D. Basin, The tamarin prover for the symbolic analysis of security protocols, in: International Conference on Computer Aided Veriﬁcation, Springer, 2013, pp. 696–701 (2013). [44] Tamarin-Prover Manual Security Protocol Analysis in the Symbolic Model (2019). URL https://tamarin-prover.github.io/manual/tex/tamarin-manual.pdf [45] G. Lowe, A hierarchy of authentication speciﬁcations, in: Computer security foundations workshop, 1997. Proceedings., 10th, IEEE, 1997, pp. 31–43 (1997). [46] U. of Tsukuba, Tepla: Elliptic curve and pairing library, Tech. rep., University of Tsukuba (2013). URL http://www.cipher.risk.tsukuba.ac.jp/tepla/index_e.html [47] https://pypi.org/project/pycrypto/ (2020). [48] https://pypi.org/project/tate_bilinear_pairing/ (2020)."
39,0,0,1,0,4,8,CMBX12,11.9552001953125,64.51,576.48,242.2,588.44,576.48,253.45,64.51,353.07,Appendix A. Security Proofs
39,0,0,1,0,7,8,CMTI12,11.9552001953125,64.51,599.9,288.64,611.85,599.9,230.04,64.51,306.64,Appendix A.1. Proof of TV2I (Theorem 1)
39,0,0,1,0,24,31,CMR12,11.10125013760158,82.07,617.18,518.25,631.08,617.18,210.81,82.07,77.02,"We deﬁned games G i , and S i is the event that A wins the game G i , where 0 i 4."
39,0,0,1,0,17,31,CMBX12,11.385900156838554,64.51,646.07,530.76,659.1,646.07,182.79,64.51,64.51,Game G 0 : The game speciﬁes the real-world attack against semantic security of P . After
39,0,0,1,0,61,8,CMR12,11.9552001953125,64.51,660.51,530.78,701.51,660.51,140.38,64.51,64.5,"collecting a polynomial number of queries to Execute ( P ), Enc ( P ) and Hash ( P ), the adver- sary issues a Test ( P ) query to an arbitrary session (s.t. i th session), which is in the accept state and the freshness holds. A wins the game if it can guess the bit b correctly. According"
40,0,0,1,0,11,8,CMR12,11.9552001953125,64.51,113.56,393.26,125.67,113.56,716.22,64.51,202.02,"to the deﬁnition of semantic security, A wins with an advantage"
40,0,0,1,0,9,31,CMSY8,11.069622357686361,259.68,136.7,348.34,158.72,136.7,683.17,259.68,246.93,P = | Pr ( S 0 ) 1
40,0,0,1,0,3,8,CMR12,11.9552001953125,342.49,144.63,356.11,164.94,144.63,676.95,342.49,239.17,2 | .
40,0,0,1,0,17,31,CMBX12,11.158180141448975,64.51,174.24,530.79,187.12,174.24,654.77,64.51,64.48,Game G 1 : This game proceeds identically to the previous game unless there is a collision
40,0,0,1,0,18,31,CMR12,9.419227296655828,64.51,185.69,368.51,201.57,185.69,640.32,64.51,226.76,"for MACs, i.e. 1 .. 5 . If the collision happens for 1 , 2 , / /"
40,0,0,1,0,29,31,CMR12,10.958925127983093,64.51,188.53,530.77,216.01,188.53,625.88,64.51,64.51,", 4 and 5 , A can fake KDC as the registered vehicle, KDC as the legitimate RSU i , the RSU for the cipher text ( R ),"
40,0,0,1,0,33,8,CMMI12,11.9552001953125,64.51,217.58,530.79,243.98,217.58,597.91,64.51,64.48,"KDC for the key conﬁrmation and KDC for the legitimate RSU, respectively. According to the birthday paradox, the number of queries to the hash table ( H ) needs to be at least"
40,0,0,1,0,10,31,CMR8,9.962650060653687,72.03,249.15,311.22,264.39,249.15,577.5,72.03,284.05,2 . We use the diﬀerence lemma to show that
40,0,0,1,0,14,31,CMSY10,11.10125013760158,229.42,274.51,347.4,296.69,274.51,545.2,229.42,247.88,| Pr [ S 1 ] Pr [ S 0 ] |≤ q 2
40,0,0,1,0,44,31,CMBX12,11.158180141448975,64.51,313.27,530.79,341.46,313.27,500.43,64.51,64.49,"Game G 2 : This game is similar to the previous game unless there is a collision for the cipher texts ( S & R ). If the collision happens for S & R in the E , A can force the vehicle and"
40,0,0,1,0,16,31,CMR12,10.36116008758545,64.51,342.16,530.8,355.91,342.16,485.98,64.51,64.47,"the RSU to decrypt S & R , respectively. According to the birthday paradox, the number"
40,0,0,1,0,9,8,CMR12,11.9552001953125,64.51,358.41,245.73,370.52,358.41,471.37,64.51,349.54,of queries to the E must be at least
40,0,0,1,0,8,31,CMR8,8.634300072987875,255.38,358.56,454.63,373.79,358.56,468.1,255.38,140.64,2 k . According to the diﬀerence lemma
40,0,0,1,0,14,31,CMSY10,11.10125013760158,230.78,383.91,348.75,406.1,383.91,435.79,230.78,246.52,| Pr [ S 2 ] Pr [ S 1 ] |≤ q 2
40,0,0,1,0,3,31,CMR12,10.626833438873291,343.99,393.22,364.5,413.38,393.22,428.51,343.99,230.78,2 k .
40,0,0,1,0,19,31,CMBX12,11.385900156838554,64.51,422.52,530.78,435.56,422.52,406.33,64.51,64.5,"Game G 3 : This game corresponds to the KKS of P , and it proceeds similarly to the"
40,0,0,1,0,11,8,CMR12,11.9552001953125,64.51,436.97,406.43,449.08,436.97,392.81,64.51,188.84,"previous game unless A identiﬁes the current session key, GK ."
40,0,0,1,0,5,8,CMR12,11.9552001953125,417.07,436.97,530.77,449.08,436.97,392.81,417.07,64.51,"In this game, A asks"
40,0,0,1,0,8,31,CMMI12,10.24730007989066,64.51,448.57,209.33,463.52,448.57,378.37,64.51,385.95,Session state reveal ( P ( i )
40,0,0,1,0,13,31,CMMI8,9.763400077819824,193.23,448.57,413.64,466.76,448.57,375.13,193.23,181.63,"V ehicle,RSU i ) and Session key reveal ( P ( i )"
40,0,0,1,0,6,31,CMMI8,8.634300072987875,397.55,451.57,530.78,466.76,451.57,375.13,397.55,64.5,"V ehicle,RSU i ) without losing"
40,0,0,1,0,53,8,CMR12,11.9552001953125,64.51,466.02,530.77,506.86,466.02,335.03,64.51,64.51,"the freshness of the session. That is, the queries are issued to the remaining sessions except the i th session to acquire session-speciﬁc random values ( S , R and r ) and session key ( GK ). Despite possessing the remaining session secrets and session keys, A requires either S or R"
40,0,0,1,0,45,31,CMR12,11.158180141448975,64.51,508.13,530.78,551.12,508.13,290.77,64.51,64.49,"of the i th session to know the i th session key. Otherwise, A needs the long-term secret and K c , and the session-speciﬁc secret to construct the key. The advantage of A in attaining either S or R is max( Adv sk ,"
40,0,0,1,0,14,31,CMR8,8.634300072987875,208.08,538.24,530.78,553.45,538.24,288.44,208.08,64.49,2 m ) since both the values can be identiﬁed by knowing the long-
40,0,0,1,0,38,31,CMR12,11.230636509982022,64.51,552.69,530.78,580.88,552.69,261.01,64.51,64.5,"term secrets ( L V K and L RSU ) or replacing S and R by a random number, which is drawn randomly from an uniform distribution. The advantage of A for attaining the , K c and"
40,0,0,1,0,19,31,CMR8,10.759673468271892,85.43,581.43,529.14,596.79,581.43,245.1,85.43,66.14,"2 m , Adv sk and Adv sk , respectively. Alternatively, A can acquire by feeding Y = P"
40,0,0,1,0,16,31,CMR12,11.291016817092896,64.51,596.03,529.9,608.91,596.03,232.98,64.51,65.37,"to an ECDLP solver. The solver outputs with an advantage of Adv ECDLP . Similarly, K"
40,0,0,1,0,12,31,CMR12,9.962660121917725,64.51,607.87,347.45,623.67,607.87,218.22,64.51,247.83,can be acquired by querying E with the advantage of q 2
40,0,0,1,0,10,31,CMR8,9.962660121917725,344.04,611.56,530.77,626.95,611.56,214.94,344.04,64.51,2 l . The total advantage of A in this
40,0,0,1,0,9,8,CMR12,11.9552001953125,64.51,626.16,384.01,638.11,626.16,203.78,64.51,211.26,game is the maximum probability in the following advantages:
40,0,0,1,0,19,31,CMSY10,11.325973836999191,84.45,663.03,291.32,684.0,663.03,157.89,84.45,303.95,"| Pr [ S 3 ] Pr [ S 2 ] |≤ max { max( Adv sk , 1"
40,0,0,1,0,6,31,CMR12,11.158180141448975,281.47,663.03,321.91,691.27,663.03,150.62,281.47,273.37,"2 m ) , ( 1"
40,0,0,1,0,13,31,CMR12,10.729015497060923,312.05,661.81,464.63,691.27,661.81,150.62,312.05,130.65,"2 m + Adv sk ) , ( Adv ECDLP + q 2"
40,0,0,1,0,23,31,CMR12,11.158180141448975,64.51,670.96,530.75,713.45,670.96,128.44,64.51,64.53,"2 k ) } . Game G 4 : This game presents the anonymity and the unlinkability of the P , which diﬀers"
40,0,0,1,0,17,8,CMR12,11.9552001953125,64.51,714.86,530.77,726.97,714.86,114.92,64.51,64.51,"by the fact that A traces the vehicle and links its communication. In this game, A asks"
41,0,0,1,0,8,31,CMMI12,10.24730007989066,64.51,110.86,212.57,125.81,110.86,716.08,64.51,382.7,Session state reveal ( P ( i )
41,0,0,1,0,12,31,CMMI8,9.962650060653687,196.48,113.85,530.78,128.27,113.85,713.62,196.48,64.5,"V ehicle,RSU ) without losing the freshness of the session to acquire"
41,0,0,1,0,16,31,CMR12,11.291016817092896,64.51,128.38,530.76,141.56,128.38,700.33,64.51,64.51,"the session-speciﬁc random values except the i th session values. That is, A issues the query"
41,0,0,1,0,16,8,CMR12,11.9552001953125,64.51,143.89,530.77,156.0,143.89,685.89,64.51,64.51,"to acquire r and of the remaining sessions. Although A holds r of the remaining sessions,"
41,0,0,1,0,18,31,CMR12,11.385900156838554,64.51,157.27,530.79,170.45,157.27,671.44,64.51,64.49,it requires GK of the ( i 1) th session to compute SID and link its communication. Given
41,0,0,1,0,9,31,CMR12,10.46078759431839,64.51,171.57,229.23,186.52,171.57,655.37,64.51,366.04,the Session state reveal ( P ( i )
41,0,0,1,0,11,31,CMMI8,9.962650060653687,213.14,174.57,530.78,188.98,174.57,652.91,213.14,64.49,"V ehicle,RSU ) query, the remaining session keys can be computed"
41,0,0,1,0,40,31,CMR12,10.958925127983093,64.51,189.01,530.77,217.21,189.01,624.68,64.51,64.5,"by knowing K c and . K c can be replaced with the advantage Adv sk , and can be replaced in two ways: with the advantage Adv sk and Adv ECDLP . The advantage of A in this game"
41,0,0,1,0,6,8,CMR12,11.9552001953125,64.51,217.9,249.6,229.86,217.9,612.03,64.51,345.67,according to the diﬀerence lemma is
41,0,0,1,0,18,31,CMSY10,11.069622357686361,183.72,258.59,391.63,272.5,258.59,569.39,183.72,203.65,| Pr [ S 4 ] Pr [ S 3 ] |≤ Adv sk + Adv ECDLP .
41,0,0,1,0,20,31,CMBX12,11.51241127649943,64.51,285.0,530.76,298.03,285.0,543.86,64.51,64.51,Game G 5 : This game presents the PFS of P and diﬀers from the previous game if A identi-
41,0,0,1,0,15,31,CMR12,10.816600118364606,64.51,296.6,306.6,311.55,296.6,530.34,64.51,288.67,ﬁes GK of the i th session. A asks Corrupt ( P ( i )
41,0,0,1,0,10,31,CMMI8,9.962650060653687,296.15,296.6,421.5,314.01,296.6,527.88,296.15,173.78,V ehicle ) and Corrupt ( P ( i )
41,0,0,1,0,11,31,CMMI8,6.863166756100124,411.05,299.6,530.77,315.22,299.6,526.67,411.05,64.5,"RSU ( i 1) ,i, ( i +1) ) to acquire"
41,0,0,1,0,25,31,CMR12,8.397100108010429,64.51,316.03,530.77,330.21,316.03,511.68,64.51,64.51,"the long-term secrects of the vehicle and the RSUs ( L V K and L RSU ( i 1) ,i, ( i +1) , respectively)."
41,0,0,1,0,34,8,CMR12,11.9552001953125,64.51,330.48,530.78,356.88,330.48,485.01,64.51,64.5,"As the freshness should not be violated, the queries are asked after the expiry of the session at the vehicle and the RSUs. The expiry of the session is achieved by executing the remover"
41,0,0,1,0,7,31,CMR12,10.24730007989066,64.51,356.37,167.95,371.32,356.37,470.57,64.51,427.32,query Remover ( P ( i )
41,0,0,1,0,23,31,CMMI8,8.899980131785075,157.5,359.21,530.76,375.09,359.21,466.8,157.5,64.51,"V ehicle,RSU ( i 1) ,i, ( i +1) ) at the vehicle and the RSUs. A needs either S or R ,"
41,0,0,1,0,19,31,CMR12,11.230636509982022,64.51,375.58,530.77,390.55,375.58,451.34,64.51,64.51,"or of the i th session and and K c to acquire and compute the key, respectively. A can"
41,0,0,1,0,11,8,CMR12,11.9552001953125,64.51,391.25,359.92,403.2,391.25,438.69,64.51,235.35,replace either S or R by a random number with advantage
41,0,0,1,0,8,31,CMR8,10.294750134150187,364.38,391.09,529.7,406.45,391.09,435.44,364.38,65.58,"2 m . Alternatively, A can query E"
41,0,0,1,0,6,8,CMR12,11.9552001953125,64.51,409.44,239.01,421.4,409.44,420.49,64.51,356.27,to acquire the key with advantage
41,0,0,1,0,13,31,CMR8,10.294750134150187,248.66,409.29,530.78,424.68,409.29,417.21,248.66,64.5,"2 k . To compute the key, A can replace by a random"
41,0,0,1,0,8,8,CMR12,11.9552001953125,64.51,423.89,370.8,435.84,423.89,406.05,64.51,224.47,number chosen from a uniform distribution with advantage
41,0,0,1,0,9,31,CMR8,9.962657247270856,376.29,423.89,530.77,439.1,423.89,402.79,376.29,64.5,2 m . and K c can be acquired
41,0,0,1,0,19,31,CMR12,11.069622357686361,64.51,438.18,530.78,452.08,438.18,389.81,64.51,64.49,with the advantage Adv ECDLP and Adv sk . The advantage of A in this game is the maximum
41,0,0,1,0,7,8,CMR12,11.9552001953125,64.51,454.73,284.34,466.69,454.73,375.2,64.51,310.93,probability in one of the three advantages:
41,0,0,1,0,3,31,CMR8,8.634300072987875,291.43,454.73,307.15,469.94,454.73,371.95,291.43,288.12,"2 m ,"
41,0,0,1,0,10,31,CMR8,9.96265565024482,360.41,454.73,530.77,469.94,454.73,371.95,360.41,64.5,2 m + Adv sk + Adv ECDLP . Applying
41,0,0,1,0,5,8,CMR12,11.9552001953125,64.51,469.18,210.83,481.13,469.18,360.76,64.51,384.44,"the diﬀerence lemma, we get"
41,0,0,1,0,15,31,CMSY10,11.423853492736816,121.84,493.93,267.59,514.9,493.93,326.99,121.84,327.69,| Pr [ S 5 ] Pr [ S 4 ] |≤ max { 1
41,0,0,1,0,5,31,CMR12,9.962650060653687,257.73,492.71,289.06,522.17,492.71,319.72,257.73,306.22,"2 m , q 2"
41,0,0,1,0,5,31,CMR12,10.958925127983093,284.3,493.93,322.4,522.17,493.93,319.72,284.3,272.88,"2 k , ( 1"
41,0,0,1,0,38,31,CMR12,10.868354667316783,64.51,501.86,496.14,575.42,501.86,266.47,64.51,99.14,"2 m + Adv sk + Adv ECDLP ) } . The game G 5 is the ﬁnal one, where the probability of A in winning the event S 5 is, Pr [ S 5 ] = 1"
41,0,0,1,0,7,8,CMR12,11.9552001953125,82.07,570.74,325.05,603.95,570.74,237.94,82.07,270.23,"2 By the triangular inequality, we have:"
41,0,0,1,0,134,31,CMSY10,11.251947206609389,144.41,618.24,430.94,718.45,618.24,123.44,144.41,164.33,| Pr [ S 0 ] Pr [ S 5 ] | = | Pr [ S 0 ] Pr [ S 1 ] + Pr [ S 1 ] Pr [ S 2 ] + Pr [ S 2 ] Pr [ S 3 ] + Pr [ S 3 ] Pr [ S 4 ] + Pr [ S 4 ] Pr [ S 5 ] | ≤| Pr [ S 0 ] Pr [ S 1 ] | + | Pr [ S 1 ] Pr [ S 2 ] | + | Pr [ S 2 ] Pr [ S 3 ] | + | Pr [ S 3 ] Pr [ S 4 ] | + | Pr [ S 4 ] Pr [ S 5 ] | .
42,0,0,1,0,3,8,CMR12,11.9552001953125,82.07,113.72,166.1,125.67,113.72,716.22,82.07,429.17,This means that
42,0,0,1,0,20,31,CMSY10,11.357435154914857,207.97,122.42,372.9,143.39,122.42,698.5,207.97,222.38,| Pr [ S 0 ] Pr [ S 5 ] | = | Pr [ S 0 ] 1
42,0,0,1,0,3,8,CMR12,11.9552001953125,367.04,130.35,387.3,150.66,130.35,691.23,367.04,207.97,2 | .
42,0,0,1,0,3,31,CMR12,10.626833438873291,202.13,166.39,224.94,187.65,166.39,654.24,202.13,370.34,+ q 2
42,0,0,1,0,7,31,CMR12,11.385900156838554,173.22,197.36,273.17,218.32,197.36,623.57,173.22,322.11,"max { max( Adv sk , 1"
42,0,0,1,0,6,31,CMR12,11.158180141448975,263.32,197.36,303.75,225.6,197.36,616.29,263.32,291.52,"2 m ) , ( 1"
42,0,0,1,0,13,31,CMR12,10.729015497060923,293.9,196.13,446.47,225.6,196.13,616.29,293.9,148.8,"2 m + Adv sk ) , ( Adv ECDLP + q 2"
42,0,0,1,0,5,31,CMR12,11.158180141448975,441.71,205.29,481.26,225.6,205.29,616.29,441.71,114.01,2 k ) } +
42,0,0,1,0,6,31,CMMI12,10.626833438873291,173.22,225.93,282.71,239.68,225.93,602.21,173.22,312.56,Adv sk + Adv ECDLP +
42,0,0,1,0,3,8,CMR12,11.9552001953125,173.22,241.19,212.03,261.23,241.19,580.66,173.22,383.24,max { 1
42,0,0,1,0,5,31,CMR12,9.962650060653687,202.18,239.96,233.51,269.43,239.96,572.46,202.18,361.77,"2 m , q 2"
42,0,0,1,0,5,31,CMR12,10.958925127983093,228.74,241.19,266.85,269.43,241.19,572.46,228.74,328.43,"2 k , ( 1"
42,0,0,1,0,11,31,CMR12,10.868354667316783,256.99,249.12,397.95,269.43,249.12,572.46,256.99,197.32,2 m + Adv sk + Adv ECDLP ) } .
42,0,0,1,0,4,8,CMR12,11.9552001953125,64.51,278.73,194.72,290.68,278.73,551.21,64.51,400.56,This concludes our proof.
42,0,0,1,0,29,8,CMTI12,11.9552001953125,64.51,310.8,530.77,354.63,310.8,487.26,64.51,64.5,Appendix A.2. Correctness Proof of KV2VP We present the correctness proof of Step 6 and Step 11 in KV2VP. The step 6 is pre- sented in the lemma below.
42,0,0,1,0,9,8,CMBX12,11.9552001953125,82.07,371.57,284.74,383.53,371.57,458.36,82.07,310.54,Proof of Step 6 (Lemma 2): e ( Cert
42,0,0,1,0,3,31,CMMI8,9.962650060653687,284.73,371.57,336.73,385.77,371.57,456.12,284.73,258.55,"Alice , PKV"
42,0,0,1,0,13,31,CMMI8,11.158180141448975,336.73,371.57,528.41,385.77,371.57,456.12,336.73,66.87,"Alice + t d .Y ) e ( P, Q ). It follows:"
42,0,0,1,0,3,8,CMMI12,11.9552001953125,82.07,386.02,116.55,397.97,386.02,443.92,82.07,478.73,e ( Cert
42,0,0,1,0,3,31,CMMI8,9.962650060653687,116.53,386.02,168.54,400.21,386.02,441.68,116.53,426.73,"Alice , PKV"
42,0,0,1,0,6,31,CMMI8,10.626833438873291,168.53,386.02,234.56,400.21,386.02,441.68,168.53,360.72,Alice + t d Y )
42,0,0,1,0,4,8,CMR12,11.9552001953125,181.71,409.78,241.69,438.03,409.78,403.86,181.71,353.58,1 H ( x
42,0,0,1,0,6,31,CMMI8,10.626833438873291,203.53,426.07,295.32,440.4,426.07,401.49,203.53,299.96,A ID ) + δt d
42,0,0,1,0,4,8,CMMI12,11.9552001953125,302.99,417.87,340.58,429.82,417.87,412.07,302.99,254.7,"P, H ( x"
42,0,0,1,0,9,31,CMMI8,11.069622357686361,340.58,417.87,473.23,431.91,417.87,409.98,340.58,122.05,A ID ) Q + t d δQ )
42,0,0,1,0,4,8,CMR12,11.9552001953125,181.71,441.0,241.69,469.24,441.0,372.65,181.71,353.58,1 H ( x
42,0,0,1,0,6,31,CMMI8,10.626833438873291,203.53,457.29,295.32,471.62,457.29,370.27,203.53,299.96,A ID ) + δt d
42,0,0,1,0,5,8,CMMI12,11.9552001953125,297.01,449.09,339.75,461.04,449.09,380.85,297.01,255.53,".P, ( H ( x"
42,0,0,1,0,10,31,CMMI8,11.158180141448975,339.75,449.09,456.91,463.13,449.09,378.76,339.75,138.36,A ID ) + t d .δ ) .Q )
42,0,0,1,0,5,8,CMMI12,11.9552001953125,170.54,482.94,207.45,494.89,482.94,347.0,170.54,387.82,"e ( P, Q )"
42,0,0,1,0,16,29,CMMI6,5.97760009765625,208.65,474.48,272.34,492.3,474.48,349.59,208.65,322.94,H ( x A ID ) + δtd H ( x A ID ) + δtd
42,0,0,1,0,6,8,CMMI12,11.9552001953125,170.53,500.37,210.7,512.33,500.37,329.56,170.53,384.57,"e ( P, Q ) ."
42,0,0,1,0,3,8,CMR12,11.9552001953125,64.51,526.77,149.38,538.73,526.77,303.16,64.51,445.89,Hence the proof.
42,0,0,1,0,5,8,CMTI12,11.9552001953125,64.51,567.62,233.07,579.58,567.62,262.31,64.51,362.21,Appendix A.3. Proof of KV2VP
42,0,0,1,0,43,31,CMBX12,11.34210784618671,64.51,584.9,530.77,612.38,584.9,229.51,64.51,64.51,"Proof of Theorem 3: We deﬁned games G i , such that i [0 , 5]. S i is the event that A wins the game G i , where i = 0 , 1 , 2 , 3 , 4 , 5."
42,0,0,1,0,18,31,CMBX12,11.385900156838554,64.51,628.24,530.76,641.27,628.24,200.62,64.51,64.51,Game G 0 : The actual attack against the semantic security of P is presented in this game.
42,0,0,1,0,68,8,CMR12,11.9552001953125,64.51,642.68,530.8,698.13,642.68,143.76,64.51,64.48,"After collecting a polynomial number of queries to Execute ( P ), Enc ( P ) and Hash ( P ), the adversary issues a Test ( P ) query to an arbitrary session which is in the accept state and the freshness holds. A wins the game if it can guess the bit b accurately. According to the deﬁnition of semantic security, A wins with an advantage"
42,0,0,1,0,9,31,CMSY8,11.069622357686361,259.69,709.32,348.34,731.35,709.32,110.54,259.69,246.93,P = | Pr ( S 0 ) 1
42,0,0,1,0,4,8,CMR12,11.9552001953125,291.79,717.26,356.11,751.33,717.26,90.56,291.79,239.17,2 | . 40
43,0,0,1,0,19,31,CMBX12,11.158180141448975,64.51,113.72,530.78,126.6,113.72,715.29,64.51,64.49,"Game G 1 : This game is similar to the previous game unless there is a collision for MACs,"
43,0,0,1,0,27,31,CMR12,10.36116008758545,64.51,128.01,530.78,141.91,128.01,699.98,64.51,64.5,"i.e. 1 , 2 and 3 . If there is a collision for 1 , 2 and 3 , A can forge Bob as an Alice for"
43,0,0,1,0,43,8,CMR12,11.9552001953125,64.51,142.61,530.85,185.48,142.61,656.41,64.51,64.43,"the possession of the past session key, forge Alice as Bob for having the same session key and forge Bob for the key conﬁrmation. According to the birthday paradox, the number of queries to the hash table H need to be at least"
43,0,0,1,0,9,31,CMR8,9.962650060653687,316.47,173.52,530.76,188.75,173.52,653.14,316.47,64.52,2 . We use the diﬀerence lemma to show
43,0,0,1,0,14,31,CMSY10,11.10125013760158,229.42,197.21,347.4,219.4,197.21,622.49,229.42,247.88,| Pr [ S 1 ] Pr [ S 0 ] |≤ q 2
43,0,0,1,0,39,31,CMBX12,11.158180141448975,64.51,230.5,530.79,257.82,230.5,584.07,64.51,64.48,"Game G 2 : This game and the previous game are identical. This game diﬀers by the fact that A tries to replace the ciper text, { GK , λ, ver gk } . As the encryption algorithm holds"
43,0,0,1,0,5,8,CMR12,11.9552001953125,64.51,262.21,203.51,274.32,262.21,567.57,64.51,391.77,"IND-CPA, A needs at least"
43,0,0,1,0,22,8,CMR12,11.9552001953125,64.51,262.21,530.81,288.76,262.21,553.13,64.51,64.47,"queries to the E according to the birthday paradox. As per the diﬀerence lemma, the advantage of A in this game is"
43,0,0,1,0,14,31,CMSY10,11.10125013760158,230.78,300.5,348.75,322.69,300.5,519.2,230.78,246.52,| Pr [ S 2 ] Pr [ S 1 ] |≤ q 2
43,0,0,1,0,3,31,CMR12,10.626833438873291,343.99,309.81,364.5,329.97,309.81,511.92,343.99,230.78,2 k .
43,0,0,1,0,18,31,CMBX12,11.385900156838554,64.51,333.63,530.76,346.67,333.63,495.22,64.51,64.52,Game G 3 : This game is identical to the previous game and presents the KKS. A utilises
43,0,0,1,0,10,31,CMR12,10.46078759431839,64.51,345.24,273.28,360.19,345.24,481.7,64.51,322.0,the queries: Session state reveal ( P ( i )
43,0,0,1,0,11,31,CMMI8,10.18404452006022,257.18,345.24,462.21,362.65,345.24,479.24,257.18,133.06,"Alice,Bob ) and Session key reveal ( P ( i )"
43,0,0,1,0,3,31,CMMI8,9.962650060653687,446.12,348.23,530.78,362.65,348.23,479.24,446.12,64.5,"Alice,Bob ) without"
43,0,0,1,0,15,31,CMR12,10.958925127983093,64.51,362.76,530.77,375.94,362.76,465.95,64.51,64.51,violating the freshness of the i th session. Despite having remaining session keys and secrets
43,0,0,1,0,88,31,CMR12,11.51241127649943,64.51,377.21,530.78,462.61,377.21,379.28,64.51,64.5,"of the other sessions, A requires a and of the i th session, which is chosen at random for every session and, the long-term secrets x A , x B , and K c to know GK . But A does not need all the secrets at a stretch. The need for the diﬀerent combinations of secrets leads to the following cases. Case i: A needs either the product a H ( x A ID ) or H ( x B ID ) alone to get GK ."
43,0,0,1,0,43,31,CMR12,11.457062661647797,64.51,450.66,530.77,477.98,450.66,363.91,64.51,64.5,"That is, knowing a H ( x A ID ) or H ( x B ID ), SK can be computed. a H ( x A ID ) or H ( x B ID ) can be obtained if A employs an ECDLP"
43,0,0,1,0,24,31,CMR12,10.067521120372572,64.51,479.55,530.78,493.36,479.55,348.53,64.51,64.5,"solver by feeding PKV Alice ( i ) or PKV Bob ( i ) , respectively. Alternatively, H ( x A ID ) or"
43,0,0,1,0,40,31,CMMI12,11.623108506202698,64.51,493.84,530.79,521.32,493.84,320.57,64.51,64.49,"H ( x B ID ) can be obtained if A queries H . a can be replaced with a random number. The advantage of A for employing the solver is Adv ECDLP , the advantage for quering H is"
43,0,0,1,0,14,31,CMR8,9.962660121917725,72.38,524.75,428.51,540.14,524.75,301.75,72.38,166.76,2 l . The advantage gained by A in replacing the random number is
43,0,0,1,0,5,31,CMR8,8.634300072987875,434.3,524.91,530.77,540.11,524.91,301.78,434.3,64.51,"2 m . Therefore, the"
43,0,0,1,0,6,8,CMR12,11.9552001953125,64.51,543.04,212.65,555.15,543.04,286.74,64.51,382.63,total advantage of A is max(
43,0,0,1,0,3,31,CMR8,8.634300072987875,220.51,543.2,238.77,558.43,543.2,283.46,220.51,356.51,"2 l ,"
43,0,0,1,0,6,31,CMR8,9.165640068054199,279.25,543.2,358.52,558.4,543.2,283.49,279.25,236.76,"2 m , Adv ECDLP )."
43,0,0,1,0,29,8,CMTI12,11.9552001953125,64.51,557.49,530.76,584.04,557.49,257.85,64.51,64.51,Case ii: A can convince Bob for the validity of its certiﬁcate (Step 6) if A solves ECq- SDHP. A can inject its own public key by forging Cert
43,0,0,1,0,9,31,CMMI8,9.678000041416713,356.48,571.93,530.77,586.72,571.93,255.17,356.48,64.51,"Alice ( i ) . Similarly, A can convince"
43,0,0,1,0,12,8,CMR12,11.9552001953125,64.51,586.38,461.07,598.49,586.38,243.4,64.51,134.2,"Alice. To solve ECq-SDHP, A deploys an ECq-SDHP solver by feeding Cert"
43,0,0,1,0,6,31,CMMI8,8.767119979858398,461.06,586.53,530.75,601.17,586.53,240.72,461.06,64.52,Alice ( i 1) . The
43,0,0,1,0,11,31,CMR12,10.816600118364606,64.51,600.82,306.63,613.86,600.82,228.03,64.51,288.64,advantage of A in the solving is Adv ECq SDHP .
43,0,0,1,0,21,8,CMTI12,11.9552001953125,64.51,615.27,530.77,641.83,615.27,200.06,64.51,64.5,"Case iii: A can compute SK if it solves ECDHP. For solving ECDHP, A employs a solver and gives a PKV"
43,0,0,1,0,6,31,CMMI8,9.298466682434082,192.41,629.87,276.05,644.51,629.87,197.38,192.41,319.22,Alice ( i ) and PKV
43,0,0,1,0,13,31,CMMI8,9.678000041416713,276.05,629.72,530.78,644.51,629.72,197.38,276.05,64.5,Bob ( i ) . The advantage of A for the employment is
43,0,0,1,0,3,31,CMMI12,10.626833438873291,64.51,644.32,123.33,657.19,644.32,184.7,64.51,471.95,Adv ECDHP .
43,0,0,1,0,28,31,CMTI12,11.623108506202698,64.51,658.61,530.78,688.13,658.61,153.76,64.51,64.49,"Case iv: A can acquire GK if it breaks IND-CPA for { λ, ver gk , GK } SK . For breaking the indistinguishability, A needs at least"
43,0,0,1,0,14,8,CMR12,11.9552001953125,64.51,676.02,530.8,706.36,676.02,135.53,64.51,64.47,"queries to E as per the birthday paradox. Therefore, the advantage of A is"
43,0,0,1,0,15,31,CMR8,10.211725115776062,239.27,694.25,485.77,709.61,694.25,132.28,239.27,109.5,"2 m , which is equal to the advantage of A in G 2 ."
43,0,0,1,0,20,31,CMTI12,11.385900156838554,82.07,707.62,530.77,722.6,707.62,119.29,82.07,64.51,"Case v: A can construct GK if it knows i th session , K c and . can be replaced"
44,0,0,1,0,18,31,CMR8,9.962657247270856,147.68,113.72,530.8,128.93,113.72,712.96,147.68,64.48,2 m . K c and can be replaced by a random number that is drawn from the
44,0,0,1,0,15,31,CMR12,10.816600118364606,64.51,126.57,451.51,141.04,126.57,700.85,64.51,143.77,uniform distribution with advantage Adv sk . The total advantage of A is ( 1
44,0,0,1,0,6,31,CMR8,9.630566755930582,443.76,128.16,502.69,143.37,128.16,698.52,443.76,92.59,2 m + Adv sk ).
44,0,0,1,0,27,8,CMR12,11.9552001953125,64.51,142.46,530.82,169.01,142.46,672.88,64.51,64.46,The net advantage of A in this game is the maximum probability in any one of the above cases. We use the diﬀerence lemma to show that
44,0,0,1,0,18,31,CMSY10,11.291016817092896,127.14,192.7,300.64,214.89,192.7,627.0,127.14,294.64,| Pr [ S 3 ] Pr [ S 2 ] |≤ max { max { q 2
44,0,0,1,0,5,31,CMR12,9.962650060653687,298.23,192.7,332.14,222.17,192.7,619.72,298.23,263.14,"2 l , q 2"
44,0,0,1,0,7,31,CMR12,10.626833438873291,362.96,201.86,446.22,222.17,201.86,619.72,362.96,149.06,"2 m , Adv ECDLP } ,"
44,0,0,1,0,9,31,CMMI12,9.962650060653687,206.15,222.45,355.07,244.64,222.45,597.25,206.15,240.21,"Adv ECq SDHP , Adv ECDHP , q 2"
44,0,0,1,0,4,31,CMR12,10.958925127983093,348.87,223.68,383.85,251.92,223.68,589.97,348.87,211.43,"2 m , 1"
44,0,0,1,0,41,31,CMR12,10.816600118364606,64.51,231.61,530.75,287.62,231.61,554.27,64.51,64.52,2 m + Adv sk }} . Game G 4 : This game resembles G 3 . A needs the secrets to identify either Alice or Bob and link their communication. A issues Session state reveal ( P ( i )
44,0,0,1,0,5,31,CMMI8,9.962650060653687,394.36,275.66,530.78,290.08,275.66,551.81,394.36,64.49,"Alice,Bob ) without losing the"
44,0,0,1,0,51,31,CMR12,11.385900156838554,64.51,290.19,530.79,332.26,290.19,509.63,64.51,64.49,"freshness of the i th session. That is, A issues the query to remaining sessions to acquire a and of all the sessions except the i th session. Although A holds the session-speciﬁc secrets of various sessions, it requires and x of any session and i th session to violate anonymity"
44,0,0,1,0,20,8,CMR12,11.9552001953125,64.51,334.6,530.79,375.6,334.6,466.29,64.51,64.48,"and unlinkability. The requirement gives two cases: A can target either Alice or Bob, or it can target both. Case"
44,0,0,1,0,22,31,CMR12,11.035561671623817,120.09,362.42,530.79,375.6,362.42,466.29,120.09,64.49,( i ) : A issues Session state reveal ( P ( i ) ) to either Alice or Bob and gets
44,0,0,1,0,18,8,CMR12,11.9552001953125,64.51,378.09,530.78,404.49,378.09,437.4,64.51,64.5,"remaining session-speciﬁc secrets. In particular, if Alice is targeted, then the remaining session-speciﬁc secret a can be acquired."
44,0,0,1,0,49,8,CMR12,11.9552001953125,64.51,392.53,530.77,434.3,392.53,407.59,64.51,64.51,"If Bob is targeted, then the secret can be acquired by A . But A can trace neither Alice nor Bob by knowing and a . To trace either Alice or Bob, is mandatory for A , which can be replaced with advantage Adv sk , and x of"
44,0,0,1,0,15,31,CMR12,10.626833438873291,64.51,434.65,469.99,447.83,434.65,394.06,64.51,125.29,the i th session and remaining session that can be replaced with advantage Adv 2
44,0,0,1,0,4,31,CMMI8,9.962650060653687,465.33,435.87,530.78,450.07,435.87,391.82,465.33,64.5,sk . The total
44,0,0,1,0,6,31,CMR12,11.158180141448975,64.51,449.09,183.52,462.27,449.09,379.62,64.51,411.76,advantage of A is Adv 2
44,0,0,1,0,5,31,CMMI8,10.36116008758545,178.86,450.32,235.12,464.51,450.32,377.38,178.86,360.16,sk + Adv sk .
44,0,0,1,0,59,31,CMR12,11.158180141448975,64.51,463.54,530.78,506.53,463.54,335.36,64.51,64.49,"( ii ) : A issues Session state reveal ( P ( i ) ) to both Alice and Bob. As A targets both Alice and Bob, it requires x of the i th session and remaining session for both Alice and Bob. can be acquired with advantage Adv sk , and the long-term secrets of Alice and Bob"
44,0,0,1,0,8,31,CMR12,10.626833438873291,64.51,506.88,273.6,520.06,506.88,321.83,64.51,321.67,can be replaced with advantage 2 Adv 2
44,0,0,1,0,11,31,CMMI8,10.626833438873291,268.94,506.88,478.33,522.29,506.88,319.6,268.94,116.95,sk . The total advantage of A is 2 Adv 2
44,0,0,1,0,5,31,CMMI8,10.36116008758545,473.67,508.1,530.76,522.29,508.1,319.6,473.67,64.51,sk + Adv sk .
44,0,0,1,0,15,8,CMR12,11.9552001953125,64.51,522.39,463.48,534.5,522.39,307.39,64.51,131.79,We use the diﬀerence lemma to present the total advantage of A in this game
44,0,0,1,0,15,31,CMSY10,11.158180141448975,191.3,549.62,337.89,564.32,549.62,277.57,191.3,257.38,| Pr [ S 4 ] Pr [ S 3 ] |≤ 3 Adv 2
44,0,0,1,0,6,31,CMMI8,10.36116008758545,333.23,551.44,403.98,565.48,551.44,276.41,333.23,191.3,sk + 2 Adv sk .
44,0,0,1,0,4,31,CMBX12,10.958925127983093,64.51,573.99,123.93,586.87,573.99,255.02,64.51,471.34,Game G 5 :
44,0,0,1,0,8,8,CMR12,11.9552001953125,133.96,573.83,323.12,585.94,573.83,255.95,133.96,272.16,This game presents the PFS of P .
44,0,0,1,0,10,31,CMSY10,10.46078759431839,335.57,570.99,500.0,585.94,570.99,255.95,335.57,95.28,A can ask either Corrupt ( P ( i )
44,0,0,1,0,9,31,CMMI8,9.962650060653687,64.51,573.99,530.77,602.36,573.99,239.53,64.51,64.51,Alice ) or Corrupt ( P ( i )
44,0,0,1,0,17,31,CMMI8,10.46078759431839,120.21,590.4,530.77,604.82,590.4,237.07,120.21,64.51,"Bob ) for obtaining the long-term secrects, namely x A of Alice and x B of Bob."
44,0,0,1,0,17,8,CMR12,11.9552001953125,64.51,604.69,530.76,616.8,604.69,225.09,64.51,64.52,The condition for issuing the queries is that A should not violate the freshness of the ses-
44,0,0,1,0,10,31,CMR12,10.24730007989066,64.51,616.3,211.8,631.25,616.3,210.64,64.51,383.47,"sion. That is, if Corrupt ( P ( i )"
44,0,0,1,0,14,31,CMMI8,10.36116008758545,201.35,616.3,415.6,633.71,616.3,208.18,201.35,179.67,"Alice ) is executed by A , then Remover ( P ( i )"
44,0,0,1,0,6,31,CMMI8,9.962650060653687,405.15,619.29,530.77,633.71,619.29,208.18,405.15,64.51,Bob ) is executed to expire
44,0,0,1,0,17,31,CMR12,11.291016817092896,64.51,632.51,511.05,645.69,632.51,196.2,64.51,84.23,Bob and vice-versa. This means that A can ﬁnd a matching partner for the i th session.
44,0,0,1,0,12,31,CMR12,10.868354667316783,120.1,645.19,255.75,660.14,645.19,181.75,120.1,339.53,( i ) : A issues Corrupt ( P ( i )
44,0,0,1,0,5,31,CMMI8,10.626833438873291,245.3,648.18,343.92,662.6,648.18,179.29,245.3,251.36,Alice ) and obtains x
44,0,0,1,0,7,31,CMMI8,10.958925127983093,343.92,648.03,530.77,662.29,648.03,179.6,343.92,64.5,A . Though A acquires the long-term
44,0,0,1,0,18,31,CMR12,11.556690168380737,64.51,661.41,438.44,674.59,661.41,167.3,64.51,156.83,"secrect, it can not obtain the key of i th session because A needs a H ( x"
44,0,0,1,0,6,31,CMMI8,10.36116008758545,438.45,661.41,530.27,676.74,661.41,165.15,438.45,65.01,A ID ) of i th
44,0,0,1,0,13,8,CMR12,11.9552001953125,64.51,677.08,345.58,689.03,677.08,152.86,64.51,249.7,session to compute SK . The adversary can get a H ( x
44,0,0,1,0,9,31,CMMI8,11.158180141448975,345.59,677.08,530.77,691.18,677.08,150.71,345.59,64.51,A ID ) if it solves ECDLP . To
44,0,0,1,0,20,31,CMR12,10.506072824651545,64.51,691.37,530.77,704.47,691.37,137.42,64.51,64.51,"solve ECDLP , A employs an ECDLP solver, and it feeds a.PKV Alice ( i ) . The solver ouputs"
44,0,0,1,0,4,8,CMMI12,11.9552001953125,64.51,705.97,101.11,717.92,705.97,123.97,64.51,494.16,a H ( x
44,0,0,1,0,8,31,CMMI8,10.626833438873291,101.12,705.97,302.38,720.07,705.97,121.82,101.12,292.9,A ID ) with advantage Adv ECDLP .
45,0,0,1,0,12,31,CMR12,10.868354667316783,120.1,110.86,263.09,125.81,110.86,716.08,120.1,332.19,( ii ) : A issues Corrupt ( P ( i )
45,0,0,1,0,5,31,CMMI8,10.626833438873291,252.64,113.85,335.45,128.27,113.85,713.62,252.64,259.83,Bob ) to obtain x
45,0,0,1,0,11,31,CMMI8,10.816600118364606,335.45,113.7,530.77,127.96,113.7,713.93,335.45,64.5,"B . Though A acquires x B , it can not"
45,0,0,1,0,13,31,CMR12,11.51241127649943,64.51,127.07,334.61,140.25,127.07,701.64,64.51,260.66,obtain the key of i th session because A needs H ( x
45,0,0,1,1,3,31,CMMI8,10.626833438873291,334.62,128.3,407.04,142.4,128.3,699.49,334.62,188.23,B ID ).
45,0,0,1,0,3,8,CMMI12,11.9552001953125,416.79,128.3,438.61,140.25,128.3,701.64,416.79,156.66,H ( x
45,0,0,1,0,4,31,CMMI8,10.626833438873291,438.62,128.3,530.77,142.4,128.3,699.49,438.62,64.51,B ID ) can
45,0,0,1,0,17,8,CMR12,11.9552001953125,64.51,142.59,530.78,154.7,142.59,687.19,64.51,64.5,be attained by A in two ways: solving ECDLP and querying H . The advantage in the
45,0,0,1,0,8,31,CMR12,10.958925127983093,64.51,159.21,292.44,172.96,159.21,668.93,64.51,302.83,solving and the querying are Adv ECDLP and
45,0,0,1,0,9,31,CMR8,9.962660121917725,304.45,159.05,530.76,174.44,159.05,667.45,304.45,64.51,"2 l , correspondingly. The advantage of A is"
45,0,0,1,0,17,31,CMR8,9.962657247270856,98.72,177.34,530.76,192.73,177.34,649.16,98.72,64.51,"2 l , Adv ECDLP ). According to the diﬀerence lemma, the advantage gained by A in"
45,0,0,1,0,3,8,CMR12,11.9552001953125,64.51,191.94,125.78,203.9,191.94,637.99,64.51,469.49,this game is
45,0,0,1,0,20,31,CMSY10,11.158180141448975,125.18,215.47,356.26,237.66,215.47,604.23,125.18,239.02,"| Pr [ S 5 ] Pr [ S 4 ] |≤ max { Adv ECDLP , max( q 2"
45,0,0,1,0,5,31,CMR12,11.158180141448975,374.12,224.63,450.17,237.66,224.63,604.23,374.12,145.11,+ Adv ECDLP ) }
45,0,0,1,0,7,31,CMMI12,11.291016817092896,267.41,253.64,323.42,274.6,253.64,567.29,267.41,271.86,Pr [ S 5 ] = 1
45,0,0,1,0,15,31,CMR12,10.958925127983093,82.07,285.65,432.41,299.2,285.65,542.69,82.07,162.87,It is apparent that the winning probability of A in the last game is 1
45,0,0,1,0,5,31,CMR8,9.962650060653687,428.18,287.24,530.78,302.45,287.24,539.44,428.18,64.5,2 . By the triangular
45,0,0,1,0,3,8,CMR12,11.9552001953125,64.51,301.69,164.67,313.64,301.69,528.25,64.51,430.6,"inequality, we have:"
45,0,0,1,0,134,31,CMSY10,11.251947206609389,144.41,327.93,430.94,428.14,327.93,413.75,144.41,164.33,| Pr [ S 0 ] Pr [ S 5 ] | = | Pr [ S 0 ] Pr [ S 1 ] + Pr [ S 1 ] Pr [ S 2 ] + Pr [ S 2 ] Pr [ S 3 ] + Pr [ S 3 ] Pr [ S 4 ] + Pr [ S 4 ] Pr [ S 5 ] | ≤| Pr [ S 0 ] Pr [ S 1 ] | + | Pr [ S 1 ] Pr [ S 2 ] | + | Pr [ S 2 ] Pr [ S 3 ] | + | Pr [ S 3 ] Pr [ S 4 ] | + | Pr [ S 4 ] Pr [ S 5 ] | .
45,0,0,1,0,3,8,CMR12,11.9552001953125,64.51,441.66,148.55,453.62,441.66,388.27,64.51,446.73,This means that
45,0,0,1,0,3,31,CMR12,10.626833438873291,181.47,462.87,204.28,484.13,462.87,357.76,181.47,391.0,+ q 2
45,0,0,1,0,6,31,CMR12,11.291016817092896,152.56,492.61,219.13,513.88,492.61,328.01,152.56,376.14,max { max { q 2
45,0,0,1,0,4,31,CMR12,10.626833438873291,216.31,492.61,250.63,522.08,492.61,319.81,216.31,344.64,"2 , q 2"
45,0,0,1,0,16,31,CMR12,10.143790981986307,153.76,501.77,502.58,535.54,501.77,306.35,153.76,92.69,"2 m , Adv ECDLP } , Adv ECq SDHP , Adv ECDHP , q 2"
45,0,0,1,0,4,31,CMR12,10.958925127983093,157.41,523.59,192.39,551.83,523.59,290.06,157.41,402.89,"2 m , 1"
45,0,0,1,0,10,31,CMR12,10.816600118364606,152.56,531.52,265.27,573.38,531.52,268.51,152.56,330.01,2 m + Adv sk }} + 3 Adv 2
45,0,0,1,0,14,31,CMMI8,10.626833438873291,187.57,552.11,393.62,575.46,552.11,266.43,187.57,201.65,"sk + 2 Adv sk + max { Adv ECDLP , max( q 2"
45,0,0,1,0,6,31,CMR12,11.291016817092896,411.49,561.27,490.78,574.3,561.27,267.59,411.49,104.49,+ Adv ECDLP ) } .
45,0,0,1,0,4,8,CMR12,11.9552001953125,64.51,590.88,194.72,602.83,590.88,239.06,64.51,400.56,This concludes our proof.
46,0,0,1,0,7,10,CIDFont+F1,11.680425643920898,87.6,106.35,351.3,119.28,106.35,722.64,87.6,244.02,Conflict of Interest and Authorship Conformation Form
46,0,0,1,0,6,10,CIDFont+F1,11.680425643920898,87.6,133.11,288.0,146.04,133.11,695.88,87.6,307.32,Please check the following as appropriate:
46,0,0,1,0,35,10,CIDFont+F1,11.680425643920898,146.04,173.43,496.69,213.24,173.43,628.68,146.04,98.63,"All authors have participated in (a) conception and design, or analysis and interpretation of the data; (b) drafting the article or revising it critically for important intellectual content; and (c) approval of the final version."
46,0,0,1,0,18,10,CIDFont+F1,11.680425643920898,140.16,227.19,495.34,253.56,227.19,588.36,140.16,99.98,"This manuscript has not been submitted to, nor is under review at, another journal or other publishing venue."
46,0,0,1,0,23,10,CIDFont+F1,11.680425643920898,140.16,267.51,510.12,293.88,267.51,548.04,140.16,85.2,The authors have no affiliation with any organization with a direct or indirect financial interest in the subject matter discussed in the manuscript
46,0,0,1,0,22,10,CIDFont+F4,11.680425643920898,122.64,307.83,492.74,334.08,307.83,507.84,122.64,102.58,o The following authors have affiliations with organizations with direct or indirect financial interest in the subject matter discussed in the manuscript:
46,0,0,1,0,4,13,ArialUnicodeMS,10.0,5.0,4.23,133.82,14.23,4.23,827.69,5.0,461.5,Conflict of Interest Statement
