page_number,is_bold,is_italic,is_underline,is_all_caps,word_count,norm_font_size,font,font_size,x0,y0,x1,y1,space_above,space_below,space_left,space_right,text
1,0,0,1,1,2,9,Helvetica,7.999899864196777,200.01,94.97,279.04,102.97,94.97,689.03,200.01,332.96,RESEARCH ARTICLE
1,0,0,1,0,10,2,OpenSans,18.0,200.01,109.47,571.81,172.49,109.47,619.51,200.01,40.19,BlockAuth: A blockchain-based framework for secure vehicle authentication and authorization
1,1,0,1,0,9,19,Helvetica-Bold,8.624974966049194,200.01,186.63,421.81,196.35,186.63,595.65,200.01,190.19,"Gauhar Ali ID * , Mohammed ElAffendi, Naveed Ahmad"
1,0,0,1,0,18,9,Helvetica,7.999899864196777,200.01,205.46,550.74,223.44,205.46,568.56,200.01,61.26,"EIAS Data Science and Blockchain Lab, College of Computer and Information Sciences, Prince Sultan University, Riyadh, Saudi Arabia"
1,0,0,1,0,141,7,Helvetica,9.5,200.01,296.44,575.98,459.98,296.44,332.02,200.01,36.02,"Intelligent Transport System (ITS) offers inter-vehicle communication, safe driving, road condition updates, and intelligent traffic management. This research intends to propose a novel decentralized “BlockAuth” architecture for vehicles, authentication, and authorization, traveling across the border. It is required because the existing architects rely on a single Trusted Authority (TA) for issuing certifications, which can jeopardize privacy and system integrity. Similarly, the centralized TA, if failed, can cause the whole system to collapse. Fur- thermore, a unique “Proof of Authenticity and Integrity” process is proposed, redirecting driv- ers/vehicles to their home country for authentication, ensuring the security of their credentials. Implemented with Hyperledger Fabric, BlockAuth ensures secure vehicle authentication and authorization with minimal computational overhead, under 2%. Further- more, it opens up global access, enforces the principles of separation of duty and least privi- lege, and reinforces resilience via decentralization and automation."
1,0,0,1,0,189,6,MinionPro-Regular,10.0,200.01,532.0,574.87,711.0,532.0,81.0,200.01,37.13,"Intelligent Transport System (ITS) [ 1 ] has been a forefront research area in recent years. ITS makes vehicle transportation safe and easy by making vehicles intelligent. ITS communication architecture consists of Intelligent Transport System-Stations (ITS-Ss), i.e., Road Side Units (RSUs), and vehicles. Every vehicle has an On-Board Unit (OBU) for communication with other vehicles. Moreover, ITS has defined two means of communication [ 2 ] i.e., Vehicle-to- Vehicle (V2V) and Vehicle-to-Infrastructure (V2I). Both V2V and V2I communications are defined by IEEE 802.11P standard [ 3 ]. Each ITS-S broadcasts Cooperative Awareness Mes- sages (CAMs) [ 4 ] periodically to their neighbors. The vehicles and RSUs broadcast CAMs to attain road safety. CAMs are used for emergency vehicle warnings, emergency brakes, etc. Similarly, Decentralized Environmental Notification Message (DENMs) [ 5 ] contains informa- tion like traffic congestion or a road hazard. Unlike CAMs, DENMs are triggered in response to an event. It broadcasts to warn drivers/vehicles about hazardous road events. The vehicles and RSUs must be registered with the Certification Authority. The Enrollment Certification Authority (ECA) [ 6 ] generates two types of certificates for data signing and data"
1,0,0,1,1,2,1,Gotham-Medium,20.63995933532715,34.7,28.79,141.26,52.32,28.79,739.68,34.7,470.74,PLOS ONE
1,0,0,1,0,10,9,Helvetica,7.999899864196777,36.0,749.6,576.0,757.6,749.6,34.4,36.0,36.0,"PLOS ONE | https://doi.org/10.1371/journal.pone.0291596 September 21, 2023 1 / 28"
1,0,0,1,0,5,6,MinionPro-Regular,10.0,36.0,252.67,87.87,308.65,252.67,483.35,36.0,524.13,a1111111111 a1111111111 a1111111111 a1111111111 a1111111111
1,0,0,1,1,2,9,ArialMT,7.999899864196777,47.62,358.44,104.58,366.44,358.44,425.56,47.62,507.42,OPEN ACCESS
1,1,0,1,0,8,9,Helvetica-Condensed-Bold,7.999899864196777,36.0,374.58,168.01,382.58,374.58,409.42,36.0,443.99,"Citation: Ali G, ElAffendi M, Ahmad N (2023)"
1,0,0,1,0,16,9,Helvetica-Condensed,7.999899864196777,36.0,385.57,176.0,426.57,385.57,365.43,36.0,436.0,BlockAuth: A blockchain-based framework for secure vehicle authentication and authorization. PLoS ONE 18(9): e0291596. https://doi.org/ 10.1371/journal.pone.0291596
1,1,0,1,0,5,9,Helvetica-Condensed-Bold,7.999899864196777,36.0,435.58,155.52,443.58,435.58,348.42,36.0,456.48,"Editor: Shitharth Selvarajan, Kebri Dehar"
1,0,0,1,0,4,9,Helvetica-Condensed,7.999899864196777,36.0,446.58,165.87,454.58,446.58,337.42,36.0,446.13,"University: Kabridahar University, ETHIOPIA"
1,1,0,1,0,18,9,Helvetica-Condensed-Bold,7.999899864196777,36.0,463.58,165.95,522.61,463.58,269.39,36.0,446.05,"Received: July 19, 2023 Accepted: September 4, 2023 Published: September 21, 2023 Peer Review History: PLOS recognizes the"
1,0,0,1,0,38,9,Helvetica-Condensed,7.999899864196777,36.0,525.61,186.92,588.6,525.61,203.4,36.0,425.08,"benefits of transparency in the peer review process; therefore, we enable the publication of all of the content of peer review and author responses alongside final, published articles. The editorial history of this article is available here: https://doi.org/10.1371/journal.pone.0291596"
1,1,0,1,0,10,9,Helvetica-Condensed-Bold,7.999899864196777,36.0,597.61,183.84,605.61,597.61,186.39,36.0,428.16,Copyright: 2023 Ali et al. This is an open access
1,0,0,1,0,30,9,Helvetica-Condensed,7.999899864196777,36.0,608.6,182.25,660.6,608.6,131.4,36.0,429.75,"article distributed under the terms of the Creative Commons Attribution License , which permits unrestricted use, distribution, and reproduction in any medium, provided the original author and source are credited."
1,1,0,1,0,5,9,Helvetica-Condensed-Bold,7.999899864196777,36.0,669.6,182.75,677.6,669.6,114.4,36.0,429.25,Data Availability Statement: The implementation
1,0,0,1,0,14,9,Helvetica-Condensed,7.999899864196777,36.0,680.6,182.49,710.6,680.6,81.4,36.0,429.51,code and sample access control policies are available on GitHub at https://github.com/gali675/ BlockAuth.git .
2,0,0,1,0,337,6,MinionPro-Regular,10.0,200.01,76.59,575.94,398.62,76.59,393.38,200.01,36.06,"encryption. Moreover, the Transition Certification Authority (TCA) generates the transition certificates for vehicles and RSUs to invoke transactions on the Blockchain (BC). At present, ITS has a number of challenges, i.e., integrity, privacy, centralization, and trust among ITS network nodes [ 7 , 8 ]. In [ 9 ], the authors have introduced a trusted entity called Delegation Service (DS). The DS is responsible for cross-domain access control. It redirects the vehicle to its parent domain CA for authentication. After successful authentication, DS authorized the vehicle for a service based on access control policies attached to the service. Similarly, in [ 10 , 11 ], the authors have suggested a novel access control framework for virtual coalitions. In the virtual coalition, there is a lack of trust among the member organizations. Therefore, the authors have introduced a centralized trusted mediator. It performs authentica- tion and privacy preservation for clients as well as service owners. In [ 9 11 ], a centralized trusted entity is used to implement access control mechanisms. However, the centralized entity, if failed, could crumble access control mechanisms. Moreover, the trusted entity has low resilience to different attacks or hacks like Denial of Service (DOS) attacks, Dynamic Denial of Service (DDOS) attacks, and Sybil attacks [ 12 ]. In the centralized system, partici- pants authorize the trusted entity to make authorization decisions. Hence, the trusted entity can alter service provider policies to allow illegal authorization. Also, the principles of the sepa- ration of duty and least privilege are not considered during the implementation of the authori- zation service. Moreover, these authentication and authorization mechanisms require high computation power and have complex implementations. Therefore, these mechanisms are not suitable for ITS. Similarly, Public Key Infrastructure (PKI) is used for vehicle and RSU authentication and authorization in the literature [ 13 15 ]. However, like centralized authentication mechanisms, PKI has the same limitations. Moreover, PKI does not have sensing functionalities like vehi- cles. Therefore, it does not have enough information about the reality of the situation."
2,0,0,1,0,228,6,MinionPro-Regular,10.0,200.01,436.98,574.7,711.0,436.98,81.0,200.01,37.3,"The following are the problems within the existing literature. • A centralized trusted access control service is a single point of failure and has low resilience to different attacks. • As a result of inadequate implementation of the separation of duty and least privilege princi- ple, the users are granted excessive privileges. • This trusted third-party service can perform illegal authorization by altering stored authori- zation policies • This trusted service can expose user credentials without user consent. To address these problems, we propose a BC-based architecture for cross-border vehicle authentication and authorization called BlockAuth. Let’s suppose a scenario where different countries form a virtual coalition to facilitate vehicle traveling across the border. Each country in the coalition has a local CA to manage local/internal vehicle certificates. Likewise, the global CAs originate from various countries and collaboratively constitute a virtual coalition known as the BC network. The BC has a single smart contract. The BC stores access control policies for global/external vehicles. During the authentication of an external vehicle, the smart con- tract broadcasts the vehicle “join” request to all the local CAs. Subsequently, the CA responsi- ble for the initial vehicle registration, authenticates and provides the Proof of Authenticity and Integrity (PoAI). Similarly, during authorization, the smart contract authorizes the vehicle based on SP access control policies. We use BC to store and validate access control policies."
2,0,0,1,1,2,5,Gotham-Medium,11.0,34.98,35.85,91.82,48.39,35.85,743.61,34.98,520.18,PLOS ONE
2,0,0,1,0,8,9,Helvetica,7.999899864196777,341.07,39.81,576.0,47.8,39.81,744.2,341.07,36.0,BlockAuth: An access control framework for vehicles communication
2,0,0,1,0,10,9,Helvetica,7.999899864196777,36.0,749.6,576.0,757.6,749.6,34.4,36.0,36.0,"PLOS ONE | https://doi.org/10.1371/journal.pone.0291596 September 21, 2023 2 / 28"
2,1,0,1,0,6,9,Helvetica-Condensed-Bold,7.999899864196777,36.0,76.89,164.94,84.89,76.89,707.11,36.0,447.06,Funding: The author(s) received no specific
2,0,0,1,0,4,9,Helvetica-Condensed,7.999899864196777,36.0,87.88,99.6,95.88,87.88,696.12,36.0,512.4,funding for this work.
2,1,0,1,0,6,9,Helvetica-Condensed-Bold,7.999899864196777,36.0,104.89,179.57,112.89,104.89,679.11,36.0,432.43,Competing interests: The authors have declared
2,0,0,1,0,5,9,Helvetica-Condensed,7.999899864196777,36.0,115.89,134.43,123.89,115.89,668.11,36.0,477.57,that no competing interests exist.
2,1,0,1,0,5,9,Helvetica-Condensed-Bold,7.999899864196777,36.0,132.9,180.09,140.9,132.9,651.1,36.0,431.91,"Abbreviations: BC, Blockchain; BSM, Blockchain"
2,0,0,1,0,28,9,Helvetica-Condensed,7.999899864196777,36.0,143.9,186.68,206.89,143.9,585.11,36.0,425.32,"Service Manager; CA, Certification Authority; CAMs, Cooperative Awareness Messages; DENMs, Decentralized Environmental Notification Messages; ECA, Enrollment Certification Authority; ITS, Intelligent Transportation System; ITS-Ss, Intelligent Transport System-Stations; LTC, Long"
2,0,1,1,0,11,19,Helvetica-Condensed,7.330305099487305,36.0,209.88,168.56,218.72,209.88,573.28,36.0,443.44,"Terms Certificates; o i , resource or service; p j ,"
2,0,0,1,0,20,9,Helvetica-Condensed,7.999899864196777,36.0,220.88,184.19,250.88,220.88,541.12,36.0,427.81,"Permission on the resource or service; PKI, Public Key Infrastructure; PoAI, Proof of Authenticity and Integrity; RCA, Regional Certification Authority;"
2,0,1,1,0,12,19,Helvetica-Condensed,7.414004445075989,36.0,253.88,177.44,262.77,253.88,529.23,36.0,434.56,"RSU, Road Side Unit; s i , user or vehicle or RSU;"
2,0,0,1,0,15,9,Helvetica-Condensed,7.999899864196777,36.0,264.88,180.68,294.87,264.88,497.13,36.0,431.32,"SP, Service Provider; TA, Trusted Authority; TCA, Transition Certification Authority; V2I, Vehicle-to- Infrastructure; V2V, Vehicle-to-Vehicle."
3,1,0,1,0,3,4,MinionPro-Bold,11.999899864196777,200.01,76.35,309.09,88.35,76.35,703.65,200.01,302.91,1.2 Our contributions
3,0,0,1,0,95,6,MinionPro-Regular,10.0,200.01,94.9,572.8,232.91,94.9,559.09,200.01,39.2,"The following are the main contributions of this research study. • The single trusted authentication and authorization service is substituted with BC because it can collapse the entire system and expose it to several attacks. • The authorization procedure is strengthened with the implementation of the separation of duty and least privilege principle in the smart contract. • Our proposed BlockAuth architecture stores authorization policies on the immutable ledger of the BC, effectively preventing any illegal authorization. • The proposed BlockAuth architecture allows drivers/vehicles to get authentication from their parent countries, thus preventing credentials disclosure."
3,1,0,1,0,5,4,MinionPro-Bold,11.999899864196777,200.01,253.34,339.36,265.34,253.34,526.66,200.01,272.64,1.3 Significance of the study
3,0,0,1,0,166,6,MinionPro-Regular,10.0,200.01,271.95,575.93,450.95,271.95,341.05,200.01,36.07,"Collectively, the highlighted contributions hold immense practical implications. The replace- ment of the centralized access control service with BC technology mitigates the vulnerability that could potentially lead to the collapse of the entire system and susceptibility to various attacks. Similarly, storing authorization policies on the BC not only ensures that illegal authori- zations are effectively prevented but also enhances the security and integrity of the system. Additionally, enabling authentication from parent countries ensures the privacy of credentials, effectively averting the risks associated with credentials disclosure. Thus, this research signifi- cantly advances the realm of authentication and authorization, offering enhanced security and efficiency for modern systems. The organization of the research paper is described as follows. In Section II, we perform a lit-erature review and debate the related works. The core components, system operations, and formal modeling of the BlockAuth framework are presented in section III. BlockAuth frame- work implementation, experimental results, and security analysis are debated in Section IV. Lastly, we draw conclusions in Section V."
3,1,0,1,0,5,4,Helvetica-Bold,11.999899864196777,200.01,465.37,389.74,477.37,465.37,314.63,200.01,222.26,2. Preliminaries and related works
3,0,0,1,0,21,6,MinionPro-Regular,10.0,200.01,483.98,575.75,506.96,483.98,285.04,200.01,36.25,"In this section, we discuss BC, components of the BC, working of the BC, and related works on the BC. The."
3,0,0,1,0,171,6,MinionPro-Regular,10.0,200.01,539.99,574.5,711.0,539.99,81.0,200.01,37.5,"Blockchain [ 16 ] is a mesh network of untrusted nodes. A consensus mechanism is used to develop trust among BC nodes. The miners group different transactions into blocks and vali- date these transactions using a consensus mechanism. Therefore, after validation, the blocks are attached to a chain of blocks [ 17 ]. The following are the core components of BC. • Distributed and Immutable ledger: BC nodes maintain a copy of immutable ledger [ 18 , 19 ]. These distributed ledgers are synchronized using a replication mechanism. It allows the BC to work if some of the nodes are malfunctioned. • Asymmetric cryptography: Asymmetric cryptography consists of two types of keys, i.e., pub- lic and private keys. Therefore, BC uses a public/private key for signing and encryption/ decryption of transactions to ensure integrity and authentication [ 20 ]. • Consensus Mechanism: BC nodes execute a consensus mechanism [ 21 ] to add a block to the chain. It allows nodes to agree on the current state of the BC network."
3,0,0,1,1,2,5,Gotham-Medium,11.0,34.98,35.85,91.82,48.39,35.85,743.61,34.98,520.18,PLOS ONE
3,0,0,1,0,8,9,Helvetica,7.999899864196777,341.07,39.81,576.0,47.8,39.81,744.2,341.07,36.0,BlockAuth: An access control framework for vehicles communication
3,0,0,1,0,10,9,Helvetica,7.999899864196777,36.0,749.6,576.0,757.6,749.6,34.4,36.0,36.0,"PLOS ONE | https://doi.org/10.1371/journal.pone.0291596 September 21, 2023 3 / 28"
4,0,0,1,0,85,6,MinionPro-Regular,10.0,200.01,76.59,575.92,170.6,76.59,621.4,200.01,36.08,"• Peer-to-peer (P2P) Network: A P2P network is a mesh network of computers. Moreover, the BC network uses a consensus algorithm to develop consensus for adding a block to the chain. Additionally, BC technology has revolutionized numerous industries by offering decentrali- zation, transparency, and security in various procedures. Therefore, the applications of BC technology spread across numerous fields i.e., Healthcare [ 22 , 23 ], Cyber-physical Systems [ 24 ], Supply Chain Management [ 25 ], Internet of Things [ 26 , 27 ], etc."
4,1,0,1,0,16,6,MinionPro-Bold,10.0,211.97,173.59,570.7,183.59,173.59,608.41,211.97,41.3,2.1.1 How BC works. BC builds a chain of blocks. These blocks are linked together using
4,0,0,1,0,309,6,MinionPro-Regular,10.0,200.01,186.63,575.33,456.62,186.63,335.38,200.01,36.67,"block hashes such that each block contains a hash of the previous block [ 28 ]. The hash pre- serves the integrity of the stored blocks and stops them from being altered [ 29 ]. Moreover, a block includes transactions, Proof of Work, and a header. Also, each transaction is time- stamped. BC is a P2P network of interconnected nodes. The nodes with greater computing power are called miners. Every miner fetches a group of a transaction from the transaction pool and forms a block. However, only one miner will add his block to the chain and get the reward. Therefore, miners try to solve a mathematical puzzle called PoW [ 30 ]. A miner can add its block to the chain if it finds PoW first. Then, it broadcasts the block with PoW to all the other miners for validation. Every miner validates the PoW and adds the block to his local ledger if the validation is successful. The consensus mechanism allows BC peers to agree on a single value [ 31 ]. The PoW, a complex mathematical puzzle, is used as a consensus mechanism in Bitcoin. The miner who solves the puzzle is rewarded. In Bitcoin, a new block of a transaction is added to the BC every 10 minutes approximately [ 32 ]. Unlike PoW, a validator is selected by an election process in PoS. A validator having a large amount of money, i.e., a stack, has a greater chance of being selected as a validator for the next block. Unlike PoW, PoS requires less computational power. Similarly, the Byzantine Fault Tolerant (BFT) consensus mechanism ensures that every non- malicious peer has the same BC state. The BFT consensus mechanism has the ability to reach enough consensus despite the fact that some of the BC peers are malicious. Hyperledger Fabric has implemented the BFT consensus mechanism."
4,1,0,1,0,13,6,MinionPro-Bold,10.0,211.97,459.6,574.33,469.6,459.6,322.4,211.97,37.67,2.1.2 Smart contract. The smart contract is an application that contains pre-defined rules
4,0,0,1,0,60,6,MinionPro-Regular,10.0,200.01,472.58,573.56,521.59,472.58,270.41,200.01,38.44,"to control communication among entities [ 33 ]. Nick Szabo was the first who propose the smart contract. It runs automatically within a BC when a particular criterion is met. It is used to transfer any resource having value without the need for a trusted mediator, i.e., a bank. Ethereum and Hyperledger are well-known platforms that have implemented smart contracts."
4,1,0,1,0,7,6,MinionPro-Bold,10.0,211.97,524.57,441.77,534.57,524.57,257.43,211.97,170.23,2.1.3 Implementations of smart contract in Blockchain.
4,0,0,1,0,169,6,MinionPro-Regular,10.0,200.01,524.57,573.51,709.58,524.57,82.42,200.01,38.49,"In this section, we discuss the well-known implementations of BC i.e., Ethereum and Hyperledger. • Ethereum: An Ethereum [ 34 ] BC is a decentralized ledger of transaction. Ethereum BC runs on top of Ethereum Virtual Machine (EVM). In Ethereum, a smart contract is written in a programming language like Solidity [ 35 ]. Before execution, a smart contract is translated into EVM code. Ethereum block execution time is approximately 15 seconds. The EVM, transactions, ether, consensus algorithm, gas, smart contract, and accounts are the core components of Ethereum. Ethereum stores the BC network’s current state and a list of transactions. Moreover, the current state has details of Ethereum accounts, i.e., contract accounts, and externally owned accounts. These accounts contain information like a nonce, account EVM code hash, balance (ether), and storage root fields [ 36 ]. Ethereum uses ethash as a consensus mechanism. Furthermore, the Dthash consensus mechanism uses Keccak- 256 and Keccak-512 hashing algorithms. Ethereum uses ethers to buy gas and run smart contracts on the EVM."
4,0,0,1,1,2,5,Gotham-Medium,11.0,34.98,35.85,91.82,48.39,35.85,743.61,34.98,520.18,PLOS ONE
4,0,0,1,0,8,9,Helvetica,7.999899864196777,341.07,39.81,576.0,47.8,39.81,744.2,341.07,36.0,BlockAuth: An access control framework for vehicles communication
4,0,0,1,0,10,9,Helvetica,7.999899864196777,36.0,749.6,576.0,757.6,749.6,34.4,36.0,36.0,"PLOS ONE | https://doi.org/10.1371/journal.pone.0291596 September 21, 2023 4 / 28"
5,0,0,1,0,138,6,MinionPro-Regular,10.0,200.01,76.59,574.13,216.58,76.59,575.42,200.01,37.87,"• Hyperledger: Hyperledger is an open-source project. It is developed by more than 100 com- panies in the industry. Hyperledger has different projects, i.e., Hyperledger Iroha, Hyperl- edger Fabric, Hyperledger Sawtooth etc. Hyperledger Fabric was developed by IBM under the Hyperledger project. It is a permis- sioned BC. It uses Javascript, GO, or Java language to develop distributed applications [ 37 ]. In Hyperledger, chaincode is a programmable code that runs on top of BC. The chaincode is utilized to produce resource definitions and business contracts. The Fabric network consists of three nodes i.e., ordering service nodes (OSN), peer nodes, and client nodes [ 38 ]. The OSN executes the consensus protocol. Similarly, the peer node executes chaincode whereas client nodes accept transaction proposals from the users. The Fabric executes a transaction in three steps [ 39 ]."
5,0,0,1,0,58,6,MinionPro-Regular,10.0,207.84,226.59,569.86,313.58,226.59,478.42,207.84,42.14,"• Endorsement Step: The endorsing peers accept transaction proposals from the clients. Moreover, it runs the chaincode and retrieves the current state of the ledger. • Ordering Step: The ordering node accepts transactions from clients and produces a block of transactions. • Validation Step: All peer nodes use endorsement policy i.e., Validation system chaincode to validate the transactions."
5,1,0,1,0,3,4,MinionPro-Bold,11.999899864196777,200.01,344.39,287.89,356.39,344.39,435.61,200.01,324.11,2.2 Related works
5,0,0,1,0,40,6,MinionPro-Regular,10.0,200.01,363.0,570.12,412.0,363.0,380.0,200.01,41.88,"We have divided related works on authentication and authorization into three categories, i.e., access control Mechanisms for Internal users/vehicles (BC-based), Access Control Mecha- nisms for External users/vehicles (BC based), and Access Control Mechanisms for Internal/ External users/vehicles (Centralized Trusted Mediator-based)."
5,1,0,1,0,8,6,MinionPro-Bold,10.0,211.97,414.98,509.12,424.98,414.98,367.02,211.97,102.88,2.2.1 Access control mechanisms for internal users/vehicles (BC-based).
5,0,0,1,0,241,6,MinionPro-Regular,10.0,200.01,414.98,575.95,671.99,414.98,120.01,200.01,36.05,"In [ 40 ], a BC- based access control architecture is proposed by the authors. The owners generate access poli- cies for their services and publish them in BC. These access policies are used to validate user requests for a resource. The proposed architecture allows users to use the service after authen- tication and access policy verification. The proposed architecture claimed that access policy verification and the rights assigning procedures are secure, transparent, and auditable. The study [ 41 ] proposed a secure framework for patient data transmission within healthcare sys- tems. Patients initially register with the hospital server using personal and medical details, obtaining a special ID and certificate from the network manager for future communications. The Confidential Transmission Key Generation Module (CTKGM) generates a private-public key pair for encrypted data post-registration. Moreover, BC technology is integrated into the proposed architecture. It prevents unauthorized access to patient’s private and confidential information. Similarly, the authors in [ 42 ] have proposed a BC-based authentication and authorization architecture. They have defined a single smart contract for BC. It uses access pol- icies and takes authorization decisions. Furthermore, devices i.e., vehicles, and sensors are not included in the BC network. Therefore, these devices use a communication component called a “management hub” to run the smart contract. These architectures authenticate and authorize users/patients/devices within a single domain. However, these architectures cannot authenticate or authorize cross-domain users/ patients/devices. These frameworks are compared in Table 6."
5,1,0,1,0,9,6,MinionPro-Bold,10.0,211.97,674.98,508.58,684.98,674.98,107.02,211.97,103.42,2.2.2 Access control mechanisms for external users/vehicles (BC based).
5,0,0,1,0,27,6,MinionPro-Regular,10.0,200.01,674.98,570.43,711.0,674.98,81.0,200.01,41.57,"Authors, in [ 43 ], have proposed VeidBlock as a BC-based devices authentication mechanism for Software Defined Networks (SDN). In the proposed framework ViedBlock, i.e., Verifiable Identity"
5,0,0,1,1,2,5,Gotham-Medium,11.0,34.98,35.85,91.82,48.39,35.85,743.61,34.98,520.18,PLOS ONE
5,0,0,1,0,8,9,Helvetica,7.999899864196777,341.07,39.81,576.0,47.8,39.81,744.2,341.07,36.0,BlockAuth: An access control framework for vehicles communication
5,0,0,1,0,10,9,Helvetica,7.999899864196777,36.0,749.6,576.0,757.6,749.6,34.4,36.0,36.0,"PLOS ONE | https://doi.org/10.1371/journal.pone.0291596 September 21, 2023 5 / 28"
6,0,0,1,0,283,6,MinionPro-Regular,10.0,200.01,76.59,575.91,359.62,76.59,432.38,200.01,36.09,"Block is used by devices to create BC-based identities. A local registration repository or local CA is used to authenticate SDN devices. After successful authentication, SDN devices get a VeidBlock from the Identity Provider Authority and Validator. The VeidBlock stores an anon- ymous identity for the SDN device. In [ 44 ], the authors have proposed a BC-based architecture for cross-platforms. The architecture is divided into two trust domains i.e., local, and global. The local devices form a local trust domain to share resources. Similarly, collaborating organi- zations form a global trust domain to share resources. The proposed architecture has used pol- icies to build trustful relationships among member organizations. Similarly, in [ 45 ] a BlendCAC architecture is proposed for device authentication. The proposed architecture uses capability tokens to delegate or revoke permission on a particular object. A smart contract is implemented to utilize the capability tokens. The authors, in [ 46 , 47 ], have proposed a cross-domain access control architecture. In the proposed architecture, smart homes are connected with cluster heads. These cluster heads form the BC overlay network. The devices, installed in a smart home, have limited storage and computation power. Therefore, the proposed BC-based architecture has terminated coin and PoW without losing the security and privacy of the BC. A legal device can exploit delegated rights. Therefore, user/device authentication is not suf- ficient. So, a mechanism is required to perform both platform verification and authentication before the user/device’s authorization. Moreover, the design of these frameworks overlooked the importance of adhering to the separation of duty and least privilege principle. As a result, users/devices within the system might be granted excessive privileges. These frameworks are compared in Table 6."
6,1,0,1,0,11,6,MinionPro-Bold,10.0,200.01,362.6,548.85,385.58,362.6,406.42,200.01,63.15,2.2.3 Access control mechanisms for internal/external users/vehicles (Centralized trusted mediator based).
6,0,0,1,0,215,6,MinionPro-Regular,10.0,200.01,375.58,575.95,593.59,375.58,198.41,200.01,36.05,"In [ 9 ], the authors have proposed an authentication and authoriza- tion architecture. In the proposed architecture, cross-domain authentication and authoriza- tion are performed by a centralized mediator i.e., Delegation Service (DS). It sends the external user’s request to his home domain for authentication. Similarly, it permits users to access the services after policy verification. A capability-based access control architecture has been proposed in [ 48 ]. A centralized mediator transfers rights in the form of capability. A capability consists of a resource and a set of rights. During registration, SR gains a minimum set of permissions. Later on, more permis- sions are assigned to the SR according to the needs. Similarly, IoT-OAS [ 49 ] is an access con- trol architecture for the Internet of Things. The SP sends access requests to the OAuth-based authorization service (OAS). The OAS is a centralized trusted service, based on stored policies that permit or deny access requests. These architectures have targeted cross-domain authentication and authorization. How- ever, user/device authentication and authorization are performed by a centralized trusted third entity. Therefore, the user/device’s authentication and authorization will not happen, if the proposed centralized entity stops working. Moreover, the centralized trusted entity is exposed to different attacks, i.e., DoS, and DDoS. These frameworks are compared in Table 6."
6,0,0,1,0,87,6,MinionPro-Regular,10.0,200.01,635.97,573.66,711.0,635.97,81.0,200.01,38.34,"The proposed BlockAuth architecture is a BC-based authentication and authorization archi- tecture for ITS. The smart contract allows vehicles to obtain authentication from their home country. Then, the smart contract authorizes the vehicle based on access control policy valida- tion. During authorization, the smart contract verifies the existence of an access control policy for the vehicle on the BC. If such a policy is identified, it then validates the prioritization of the policy with the least privilege. Additionally, it ensures that the vehicle is not granted two"
6,0,0,1,1,2,5,Gotham-Medium,11.0,34.98,35.85,91.82,48.39,35.85,743.61,34.98,520.18,PLOS ONE
6,0,0,1,0,8,9,Helvetica,7.999899864196777,341.07,39.81,576.0,47.8,39.81,744.2,341.07,36.0,BlockAuth: An access control framework for vehicles communication
6,0,0,1,0,10,9,Helvetica,7.999899864196777,36.0,749.6,576.0,757.6,749.6,34.4,36.0,36.0,"PLOS ONE | https://doi.org/10.1371/journal.pone.0291596 September 21, 2023 6 / 28"
7,0,0,1,0,56,6,MinionPro-Regular,10.0,200.01,76.59,575.96,138.57,76.59,653.43,200.01,36.04,"contradictory policies from the same conflict of interest class. In the following sections, we dis- cuss the BlockAuth architecture design and its formal modeling. Similarly, the BlockAuth architecture consists of five distinct system operations i.e., vehicle and RSU registration, region registration in BC, access control policy creation, access control policy revocation, and vehicle authentication and authorization."
7,1,0,1,0,5,4,MinionPro-Bold,11.999899864196777,200.01,153.9,414.62,165.9,153.9,626.1,200.01,197.38,3.1 Components of BlockAuth architecture
7,0,0,1,0,36,6,MinionPro-Regular,10.0,200.01,172.51,573.29,208.53,172.51,583.47,200.01,38.71,"The BlockAuth architecture, as shown in Fig 1 , consists of four core components i.e., Block- chain, Smart Contract, Blockchain Service Module, Road Side Unit (RSU), Regional Certifica- tion Authority (CA), and vehicle (On Board Unit)."
7,1,0,1,0,3,6,MinionPro-Bold,10.0,211.97,211.51,319.48,221.51,211.51,570.49,211.97,292.52,3.1.1 Blockchain network.
7,0,0,1,0,26,6,MinionPro-Regular,10.0,200.01,211.51,566.73,234.55,211.51,557.45,200.01,45.27,"A BC network is structured as a mesh network comprised of CA nodes. After registration, each country deploys a CA node, integrating it into the BC"
7,1,0,1,0,4,9,MinionPro-Bold,7.999899864196777,197.74,690.36,299.07,698.36,690.36,93.64,197.74,312.93,Fig 1. High-Level architecture.
7,0,0,1,1,2,5,Gotham-Medium,11.0,34.98,35.85,91.82,48.39,35.85,743.61,34.98,520.18,PLOS ONE
7,0,0,1,0,8,9,Helvetica,7.999899864196777,341.07,39.81,576.0,47.8,39.81,744.2,341.07,36.0,BlockAuth: An access control framework for vehicles communication
7,0,0,1,0,10,9,Helvetica,7.999899864196777,36.0,749.6,576.0,757.6,749.6,34.4,36.0,36.0,"PLOS ONE | https://doi.org/10.1371/journal.pone.0291596 September 21, 2023 7 / 28"
8,0,0,1,0,45,6,MinionPro-Regular,10.0,200.01,178.46,575.45,227.47,178.46,564.53,200.01,36.55,"network. Consequently, the BC network is segmented into distinct components i.e., CA nodes, BC storage, and smart contracts. The BC storage specifically holds cross-border access control policies designed for external vehicles. The BC network effectively creates a virtual coalition, uniting CA nodes from diverse countries."
8,1,0,1,0,10,6,MinionPro-Bold,10.0,211.97,230.45,554.62,240.45,230.45,551.55,211.97,57.38,3.1.2 Smart contract. The proposed smart contract implements cross-border vehicle
8,0,0,1,0,13,6,MinionPro-Regular,10.0,200.01,243.43,561.8,266.47,243.43,525.53,200.01,50.2,authentication and authorization. The proposed BlockAuth architecture consists of a single smart contract.
8,1,0,1,0,4,6,MinionPro-Bold,10.0,211.97,269.45,347.22,279.45,269.45,512.55,211.97,264.78,3.1.3 Blockchain service module.
8,0,0,1,0,55,6,MinionPro-Regular,10.0,200.01,269.45,575.93,331.44,269.45,460.56,200.01,36.07,"The Blockchain Service Module (BSM) generates BC transactions, when it receives a request from a vehicle. Then, it forwards the BC transaction to the smart contract. The Table 1 contains BC transactions and their descriptions. The details tasks of BSM are shown in Fig 2 . The following are the functions of the proposed BSM."
8,1,0,1,0,4,6,MinionPro-Bold,10.0,211.97,334.48,296.59,344.48,334.48,447.52,211.97,315.41,3.1.4 Road side unit.
8,0,0,1,0,13,6,MinionPro-Regular,10.0,200.01,334.48,570.07,357.46,334.48,434.54,200.01,41.93,RSUs are installed along highways that allow vehicles to communi- cate with BC.
8,1,0,1,0,3,6,MinionPro-Bold,10.0,211.97,360.45,298.35,370.45,360.45,421.55,211.97,313.65,3.1.5 On-Board unit.
8,0,0,1,0,43,6,MinionPro-Regular,10.0,200.01,360.45,565.45,409.45,360.45,382.55,200.01,46.55,Every vehicle has an embedded processing unit called the On- Board Unit (OBU). The communication between vehicle and infrastructure (V2I) or vehicle and vehicle (V2V) is governed by OBU. The V2I and V2V wireless communication uses the DSRC (Dedicated Short Range Communications) protocol.
8,1,0,1,0,11,6,MinionPro-Bold,10.0,211.97,412.43,558.6,422.43,412.43,369.57,211.97,53.4,3.1.6 Regional Certification Authority (RCA). Every country has a centralized RCA.
8,0,0,1,0,21,6,MinionPro-Regular,10.0,200.01,425.47,565.4,448.46,425.47,343.54,200.01,46.6,The RCA registers internal vehicles and RSUs. It generates Long Term certificates (LTC) for both vehicle and RSU after platform verification.
8,1,0,1,0,6,4,MinionPro-Bold,11.999899864196777,200.01,466.51,438.06,478.51,466.51,313.49,200.01,173.94,3.2 Operational processes within the BlockAuth
8,0,0,1,0,27,6,MinionPro-Regular,10.0,200.01,485.11,564.03,508.15,485.11,283.85,200.01,47.97,We assume a TPM module is installed in every vehicle and RSU. The following section con- tains a discussion of the core functions of the proposed framework.
8,1,0,1,0,7,9,MinionPro-Bold,7.999899864196777,200.01,78.19,383.86,86.19,78.19,705.81,200.01,228.14,Table 1. Blockchain transactions and their descriptions.
8,0,0,1,0,40,9,MinionPro-Regular,7.999899864196777,200.01,93.04,508.28,153.54,93.04,638.46,200.01,103.72,"“T.register” To register user/vehicle, RSU and Country in the BC. “T.publish” To load an access control policy in the BC. “T.revoke” To revoke an access control policy from the BC. “T.join” user/vehicle generates “T.join” transaction to join RSU region. https://doi.org/10.1371/journal.pone.0291596.t001"
8,1,0,1,0,5,9,MinionPro-Bold,7.999899864196777,200.01,685.54,310.99,693.54,685.54,98.46,200.01,301.01,Fig 2. Blockchain service module.
8,0,0,1,1,2,5,Gotham-Medium,11.0,34.98,35.85,91.82,48.39,35.85,743.61,34.98,520.18,PLOS ONE
8,0,0,1,0,8,9,Helvetica,7.999899864196777,341.07,39.81,576.0,47.8,39.81,744.2,341.07,36.0,BlockAuth: An access control framework for vehicles communication
8,0,0,1,0,10,9,Helvetica,7.999899864196777,36.0,749.6,576.0,757.6,749.6,34.4,36.0,36.0,"PLOS ONE | https://doi.org/10.1371/journal.pone.0291596 September 21, 2023 8 / 28"
9,0,0,1,0,25,6,MinionPro-Regular,10.0,200.01,76.59,376.41,162.61,76.59,629.39,200.01,235.59,• vehicle and RSU registration. • Region registration in BC • “Access control policy” creation. • “Access control policy” revocation. • vehicle Authentication and Authorization.
9,1,0,1,0,5,6,MinionPro-Bold,10.0,211.97,184.58,357.63,194.58,184.58,597.42,211.97,254.37,3.2.1 Vehicle and RSU registration.
9,0,0,1,0,179,6,MinionPro-Regular,10.0,200.01,184.58,570.12,412.62,184.58,379.38,200.01,41.88,"Initially, RSU and vehicle sent an offline request to the regional CA through a secure channel. The CA generates LTC for RSUs and vehicles after the platform hashes attestation from the manufacturer. After receiving LTC for RCA, both RSU and the vehicle generate a set of pseudonym IDs and register their pseudonym IDs with RCA. The vehicle and RSU registrations are shown in Fig 3 . The following are the steps for vehicle and RSU registration. • In step 1, the vehicle/RSU sends a registration request to the RCA. • In step 2, RCA forwards the vehicle/RSU platform hash value to the manufacturer for attestation. • In step 3, the manufacturer attests platform hash value and returns either a successful or unsuccessful response to the RCA • In step 4, the RCA generates LTC and sends it to the vehicle or RSU. • In step 5, the vehicle/RSU generates a set of pseudonym IDs for itself and sends it for regis- tration to RCA for registration. • In step 6, the RCA blinds vehicle/RSU pseudonym IDs with their LTC."
9,0,0,1,0,35,6,MinionPro-Regular,10.0,200.01,434.6,566.38,470.62,434.6,321.38,200.01,45.62,"We assume that both the vehicle and RSU have TPM installed. They use TPM to generate public/private keys. Then, it applies a hash function to the public key and generates a set of pseudonym IDs."
9,1,0,1,0,13,6,MinionPro-Bold,10.0,211.97,473.6,564.84,483.6,473.6,308.4,211.97,47.16,3.2.2 Country registration in BC. Only the country administration can send an enroll-
9,0,0,1,0,143,6,MinionPro-Regular,10.0,200.01,486.59,575.93,650.62,486.59,141.38,200.01,36.07,"ment request to the BSM. The enrollment request consists of the country name, the IP address of the CA node, and other meta-data. Then, the BSM initiates a “T.register” transaction and transmits it to the smart contract. When the registration process has succeeded, the BC returns the address of the smart contract. The country registration in BC is shown in Fig 4 . The follow- ing are the steps for country registration in BC. • In step 1, the country administration sends an enrollment request to the BSM. • In step 2, the BSM initiates a “T.register” transaction. Then, sends the transaction to the smart contract. • In step 3, the smart contract enrolls the country in the BC and returns the smart contract ID to the BSM. • In step 4, the BSM forwards the smart contract ID to the country administration."
9,1,0,1,0,5,6,MinionPro-Bold,10.0,211.97,672.59,373.95,682.59,672.59,109.41,211.97,238.05,3.2.3 Access control policy publication.
9,0,0,1,0,34,6,MinionPro-Regular,10.0,200.01,672.59,571.25,708.62,672.59,83.38,200.01,40.75,The country administration defines access con- trol policies for external vehicles. Access control policies are generated based on bilateral rela- tions between the countries. The publications of access control policies on BC for external
9,0,0,1,1,2,5,Gotham-Medium,11.0,34.98,35.85,91.82,48.39,35.85,743.61,34.98,520.18,PLOS ONE
9,0,0,1,0,8,9,Helvetica,7.999899864196777,341.07,39.81,576.0,47.8,39.81,744.2,341.07,36.0,BlockAuth: An access control framework for vehicles communication
9,0,0,1,0,10,9,Helvetica,7.999899864196777,36.0,749.6,576.0,757.6,749.6,34.4,36.0,36.0,"PLOS ONE | https://doi.org/10.1371/journal.pone.0291596 September 21, 2023 9 / 28"
10,0,0,1,0,99,6,MinionPro-Regular,10.0,200.01,554.05,575.95,692.07,554.05,99.93,200.01,36.05,"vehicles are shown in Fig 5 . The following are the steps in the publication of access control pol- icies in BC. • In step 1, the administrator sends an “access control policy” creation request to the BSM. Then, the BSM initiates a “T.publish” transaction. • In step 2, BSM sends “T.publish” to the smart contract. Then, the smart contract validates the administrator’s identity. • In step 3, after successful authentication, the access control policy is saved in BC. • In step 4, the smart contract returns a message i.e., “block added to the BC successfully” to the BSM."
10,1,0,1,0,6,9,MinionPro-Bold,7.999899864196777,192.02,505.82,311.24,513.82,505.82,278.18,192.02,300.76,Fig 3. Vehicle and RSU registration.
10,0,0,1,1,2,5,Gotham-Medium,11.0,34.98,35.85,91.82,48.39,35.85,743.61,34.98,520.18,PLOS ONE
10,0,0,1,0,8,9,Helvetica,7.999899864196777,341.07,39.81,576.0,47.8,39.81,744.2,341.07,36.0,BlockAuth: An access control framework for vehicles communication
10,0,0,1,0,10,9,Helvetica,7.999899864196777,36.0,749.6,576.0,757.6,749.6,34.4,36.0,36.0,"PLOS ONE | https://doi.org/10.1371/journal.pone.0291596 September 21, 2023 10 / 28"
11,1,0,1,0,5,6,MinionPro-Bold,10.0,211.98,315.09,370.18,325.09,315.09,466.91,211.98,241.82,3.2.4 Access control policy revocation.
11,0,0,1,0,117,6,MinionPro-Regular,10.0,200.01,315.09,576.0,466.09,315.09,325.91,200.01,36.0,"The country’s administration revoked access con- trol policies for external vehicles. The revocation of access control policies from BC is shown in Fig 6 . The access control policies revocation process consists of the following steps. • In step 1, the administrator generates an “access control policy revocation request” and sends it to the BSM. Then, the BSM initiates a “T.revoke” transaction. • In step 2, BSM sends “T.revoke” to the smart contract. Then, the smart contract authenti- cates the administrator. • In step 3, after successful authentication, the access control policy is removed from the BC. • In step 4, the smart contract returns a message i.e., “block removed successfully from the BC” to the BSM."
11,1,0,1,0,4,9,MinionPro-Bold,7.999899864196777,200.01,267.77,291.45,275.77,267.77,516.23,200.01,320.55,Fig 4. Country registration.
11,1,0,1,0,6,9,MinionPro-Bold,7.999899864196777,200.01,672.5,332.16,680.5,672.5,111.5,200.01,279.84,Fig 5. Access control policy publication.
11,0,0,1,1,2,5,Gotham-Medium,11.0,34.98,35.85,91.82,48.39,35.85,743.61,34.98,520.18,PLOS ONE
11,0,0,1,0,8,9,Helvetica,7.999899864196777,341.07,39.81,576.0,47.8,39.81,744.2,341.07,36.0,BlockAuth: An access control framework for vehicles communication
11,0,0,1,0,10,9,Helvetica,7.999899864196777,36.0,749.6,576.0,757.6,749.6,34.4,36.0,36.0,"PLOS ONE | https://doi.org/10.1371/journal.pone.0291596 September 21, 2023 11 / 28"
12,1,0,1,0,5,6,MinionPro-Bold,10.0,211.98,308.86,408.21,318.86,308.86,473.14,211.98,203.79,3.2.5 Vehicle authentication and authorization.
12,0,0,1,0,348,6,MinionPro-Regular,10.0,200.01,308.86,575.86,710.83,308.86,81.17,200.01,36.14,"The authentication and authorization of both external and internal vehicles are shown in Fig 7 . The authentication and authorization process consists of the following steps. • In step 1, the internal vehicle sends a join request to the RSU. It consists of vehicle pseudo- nym ID, vehicle platform hash value, and nonce and RCA signature. The join request is encrypted with a shared key used between RSU and the vehicle. • In step 2, RSU decrypts the join request and forwards the vehicle pseudonym ID and RCA signature for validation to the RCA. • In step 3, RCA verifies the signature associated with the vehicle pseudonym ID. • In step 4, RSU allows the vehicle to join the network. • In step 5, the external vehicle sends a join request to the RSU. Then, it forwards the vehicle’s request to the BSM. • In step 6, the BSM initiates a “T.join” transaction. Then, the BSM unicasts the “T.join” trans- action to the smart contract. It uses platform hashes to authenticate internal users/vehicles based on platform hashes verification. Similarly, it authorizes vehicles based on access con- trol policy validation. • During steps 7a and 7b, the smart contract engages in vehicle pseudonym ID authentication by broadcasting to all RCAs across the BC network. These RCAs, located in various coun- tries, each attempt to identify the Proof of Authenticity and Integrity (PoAI) for the vehicle. PoAI serves as a process that takes the vehicle pseudonym ID and yields the corresponding vehicle platform hash. However, the vehicle’s home country RCA possesses knowledge of this hash. Subsequently, the country RCA transmits the PoAI to the smart contract. • In step 8, the smart contract compares the platform hash value retrieved from the vehicle’s home country RCA with the hash value obtained from the vehicle’s request. • In step 9, when the hash values match, the smart contract retrieves access control policies from the BC. Subsequently, it validates the vehicle’s request against these policies. Initially, it confirms the presence of an access control policy for the requesting vehicle. If found, it then"
12,1,0,1,0,6,9,MinionPro-Bold,7.999899864196777,200.01,267.77,329.27,275.77,267.77,516.23,200.01,282.73,Fig 6. Access control policy revocation.
12,0,0,1,1,2,5,Gotham-Medium,11.0,34.98,35.85,91.82,48.39,35.85,743.61,34.98,520.18,PLOS ONE
12,0,0,1,0,8,9,Helvetica,7.999899864196777,341.07,39.81,576.0,47.8,39.81,744.2,341.07,36.0,BlockAuth: An access control framework for vehicles communication
12,0,0,1,0,10,9,Helvetica,7.999899864196777,36.0,749.6,576.0,757.6,749.6,34.4,36.0,36.0,"PLOS ONE | https://doi.org/10.1371/journal.pone.0291596 September 21, 2023 12 / 28"
13,0,0,1,0,70,6,MinionPro-Regular,10.0,200.01,614.43,562.95,707.43,614.43,84.57,200.01,49.05,"verifies the prioritization of the policy with the least privilege. Likewise, it ensures that the vehicle is not granted two conflicting policies from the same class of interests. • In step 10, the smart contract generates an allow/deny message to the BSM. • In step 11, the BSM forwards the authorization decision to the RSU. • In step 12, based on smart contract authorization, the RSU allows/denies vehicle join requests."
13,1,0,1,0,8,9,MinionPro-Bold,7.999899864196777,112.82,565.35,287.59,573.35,565.35,218.65,112.82,324.41,Fig 7. Sequence diagram of the proposed framework.
13,0,0,1,1,2,5,Gotham-Medium,11.0,34.98,35.85,91.82,48.39,35.85,743.61,34.98,520.18,PLOS ONE
13,0,0,1,0,8,9,Helvetica,7.999899864196777,341.07,39.81,576.0,47.8,39.81,744.2,341.07,36.0,BlockAuth: An access control framework for vehicles communication
13,0,0,1,0,10,9,Helvetica,7.999899864196777,36.0,749.6,576.0,757.6,749.6,34.4,36.0,36.0,"PLOS ONE | https://doi.org/10.1371/journal.pone.0291596 September 21, 2023 13 / 28"
14,1,0,1,0,6,4,MinionPro-Bold,11.999899864196777,200.01,76.35,436.84,88.35,76.35,703.65,200.01,175.16,3.3 Formal modeling of BlockAuth architecture
14,0,0,1,0,16,6,MinionPro-Regular,10.0,200.01,94.9,556.47,117.94,94.9,674.06,200.01,55.53,"In this section, we formally present the core parts and system operations of the BlockAuth architecture."
14,0,0,1,0,12,6,MinionPro-Regular,10.0,285.96,120.92,501.91,130.92,120.92,661.08,285.96,110.09,The notations used in this section are given in Table 2 .
14,1,0,1,0,12,6,MinionPro-Bold,10.0,211.97,133.9,573.96,143.9,133.9,648.1,211.97,38.04,"3.3.2 Components of the proposed model. In the following subsections, the components"
14,0,0,1,0,6,6,MinionPro-Regular,10.0,200.01,146.94,388.02,156.94,146.94,635.06,200.01,223.98,of BlockAuth architecture are defined formally.
14,1,0,1,0,3,6,MinionPro-Regular,10.0,200.01,165.93,259.98,175.93,165.93,616.07,200.01,352.02,1. Subject Set:
14,0,0,1,1,3,19,EuclidMathOne,8.666600068410238,366.91,186.43,399.33,197.65,186.43,594.35,366.91,212.67,S S 1
14,0,0,1,0,4,19,MinionPro-It,6.999850153923035,393.33,188.38,408.07,200.06,188.38,591.94,393.33,203.93,i 0 s i
14,0,0,1,0,7,19,MinionPro-It,9.42854288646153,339.54,221.55,435.45,233.68,221.55,558.32,339.54,176.55,s i user j vehicle j RSU
14,0,0,1,0,18,6,EuclidMathOne,10.0,212.03,245.77,573.46,256.38,245.77,535.62,212.03,38.54,"S is a superset of all the users, vehicles, and RSUs that generate requests for joining the net-"
14,0,0,1,0,41,19,MinionPro-Regular,9.163032531738281,212.03,259.36,572.37,283.87,259.36,508.13,212.03,39.63,"work. s i can be a delegator if it delegates permission on his resource to s j . Similarly, it can act as a delegatee if it receives permission on an object from s j . Both the delegator and dele-"
14,0,0,1,0,20,6,MinionPro-Regular,10.0,212.03,285.39,575.92,308.37,285.39,483.63,212.03,36.08,"gate are members of the subject set. A delegator provides permission for a resource, whereas the delegate receives the permission."
14,1,0,1,0,3,6,MinionPro-Regular,10.0,200.01,317.36,257.2,327.36,317.36,464.64,200.01,354.8,2. Object Set:
14,0,0,1,0,3,19,EuclidMathOne,8.666600068410238,365.5,338.29,396.7,349.13,338.29,442.87,365.5,215.3,O S n
14,0,0,1,0,4,19,MinionPro-It,6.999850153923035,393.51,339.86,409.5,351.55,339.86,440.45,393.51,202.5,j 0 o j
14,0,0,1,0,17,6,EuclidMathOne,10.0,212.03,365.11,552.28,388.7,365.11,403.3,212.03,59.72,O is a superset of objects. It contains the entire data objects and services in BlockAuth architecture.
14,1,0,1,0,3,6,MinionPro-Regular,10.0,200.02,397.69,276.31,407.69,397.69,384.31,200.02,335.69,3. Permission Set:
14,0,0,1,0,3,19,EuclidMathOne,8.666600068410238,365.16,418.62,395.62,429.46,418.62,362.54,365.16,216.38,P S n
14,0,0,1,0,4,19,MinionPro-It,6.999850153923035,392.43,420.2,409.87,431.88,420.2,360.12,392.43,202.13,j 0 p k
14,0,0,1,0,16,6,EuclidMathOne,10.0,212.03,445.39,575.7,456.0,445.39,336.0,212.03,36.3,P is a superset of all the permissions in BlockAuth architecture. We define permission as an
14,0,0,1,0,22,19,MinionPro-Regular,9.163032531738281,212.03,458.98,554.6,470.68,458.98,321.32,212.03,57.4,"operation on the object, i.e., ( o i , op), where o i is the ith object and “op” is an operation."
14,1,0,1,0,8,9,MinionPro-Bold,7.999899864196777,200.01,483.88,352.86,506.73,483.88,285.27,200.01,259.14,Table 2. Notations and their descriptions. Notation Description
14,0,0,1,0,4,19,MinionPro-It,5.599900007247925,205.23,551.31,217.14,560.64,551.31,231.36,205.23,394.86,i 0 s i
14,0,0,1,0,6,9,MinionPro-Regular,7.999899864196777,314.14,550.72,406.63,558.72,550.72,233.28,314.14,205.37,all the subjects in the system.
14,0,0,1,0,4,19,MinionPro-It,5.599900007247925,205.23,564.12,218.13,573.46,564.12,218.54,205.23,393.87,j 0 o j
14,0,0,1,0,6,9,MinionPro-Regular,7.999899864196777,314.14,563.53,403.57,571.53,563.53,220.47,314.14,208.43,all the objects in the system.
14,0,0,1,0,4,19,MinionPro-It,5.599900007247925,205.23,578.06,220.24,587.46,578.06,204.54,205.23,391.76,k 0 p k
14,0,0,1,0,44,9,MinionPro-Regular,7.999899864196777,200.01,577.48,500.85,635.82,577.48,156.18,200.01,111.15,all the permissions in the system. LVS Set of all internal users/vehicles in a country. GVS Set of all external users/vehicles from other countries. ACPIV Set of all access control policies for internal users/vehicles. ACPEV Set of all access control policies for external users/vehicles.
14,0,0,1,0,3,19,TeX_CM_Maths_Symbols,6.933233261108398,200.01,640.3,210.48,650.05,640.3,141.95,200.01,401.52,f s m
14,0,0,1,0,5,19,MinionPro-It,5.919899988174438,210.95,640.15,225.95,650.05,640.15,141.95,210.95,386.05,p q s n g
14,0,0,1,0,13,19,MinionPro-Regular,7.296825361251831,314.14,640.3,474.93,649.66,640.3,142.34,314.14,137.07,Subject s m transferred a permission p q to object s n .
14,0,0,1,0,8,19,TeX_CM_Maths_Symbols,6.2998999655246735,200.01,652.73,235.48,662.58,652.73,129.42,200.01,376.52,f s m p q s n g
14,0,0,1,0,13,19,MinionPro-Regular,7.296825361251831,314.13,652.88,480.09,662.19,652.88,129.81,314.13,131.91,Subject s m revoked a permission p q from Subject s m .
14,0,0,1,0,6,9,MinionPro-Regular,7.999899864196777,314.14,665.41,460.82,673.41,665.41,118.59,314.14,151.18,fresh calculated hash of user/vehicle platform.
14,0,0,1,0,8,9,MinionPro-Regular,7.999899864196777,200.01,677.94,451.31,700.96,677.94,91.04,200.01,160.69,stored hash of user/vehicle platform in BC. https://doi.org/10.1371/journal.pone.0291596.t002
14,0,0,1,1,2,5,Gotham-Medium,11.0,34.98,35.85,91.82,48.39,35.85,743.61,34.98,520.18,PLOS ONE
14,0,0,1,0,8,9,Helvetica,7.999899864196777,341.07,39.81,576.0,47.8,39.81,744.2,341.07,36.0,BlockAuth: An access control framework for vehicles communication
14,0,0,1,0,10,9,Helvetica,7.999899864196777,36.0,749.6,576.0,757.6,749.6,34.4,36.0,36.0,"PLOS ONE | https://doi.org/10.1371/journal.pone.0291596 September 21, 2023 14 / 28"
15,1,0,1,0,4,6,MinionPro-Regular,10.0,200.01,76.59,322.28,86.59,76.59,705.41,200.01,289.72,4. Local/Internal Vehicle Set:
15,0,0,1,0,4,19,EuclidMathOne,7.9999001026153564,358.81,95.42,404.63,108.33,95.42,683.67,358.81,207.37,LVS k S n
15,0,0,1,0,4,19,MinionPro-It,6.999850153923035,401.44,96.93,416.23,108.62,96.93,683.38,401.44,195.77,i 0 s i
15,0,0,1,0,20,19,EuclidMathOne,9.111066712273491,212.03,118.61,570.24,131.71,118.61,660.29,212.03,41.76,"LVS k is a superset of all the users/vehicles registered in a country k . Moreover, LVS k S ,"
15,0,0,1,0,9,6,MinionPro-Regular,10.0,212.03,132.31,379.86,142.31,132.31,649.69,212.03,232.14,Local Vehicle Set is a subset of Subject Set.
15,1,0,1,0,4,6,MinionPro-Regular,10.0,200.01,151.31,329.15,161.31,151.31,630.69,200.01,282.85,5. Global/External Vehicle Set:
15,0,0,1,0,4,19,EuclidMathOne,7.9999001026153564,359.32,170.08,404.18,183.05,170.08,608.95,359.32,207.82,GVS k S n
15,0,0,1,0,4,19,MinionPro-It,6.999850153923035,400.99,171.65,415.68,183.34,171.65,608.66,400.99,196.32,j 0 s j
15,0,0,1,0,32,19,EuclidMathOne,9.199960041046143,212.03,194.69,575.18,220.53,194.69,571.47,212.03,36.82,"GVS k is a superset of all the users/vehicles from other countries who entered into country k . Moreover, GVS k S , Global Vehicle Set is a subset of Subject Set."
15,1,0,1,0,23,19,MinionPro-Regular,9.372274398803711,200.01,226.83,559.89,238.97,226.83,553.03,200.01,52.11,"6. Access Control Policy: Delegation policy ACP is defined as a triple ( s m , s n , p q ), where"
15,0,0,1,0,15,19,MinionPro-It,9.023537953694662,212.03,240.48,440.73,252.13,240.48,539.87,212.03,171.27,"s m = delegator, s n = delegatee, and p q = set of permissions."
15,0,1,1,0,18,19,MinionPro-It,8.187425076961517,345.71,259.8,433.6,272.23,259.8,519.77,345.71,178.4,s l ; s m ; p q Þ 2 f s l p q s m g
15,1,0,1,0,3,6,MinionPro-Regular,10.0,200.01,303.19,285.98,313.19,303.19,478.81,200.01,326.02,7. Country Domain:
15,0,0,1,0,4,19,EuclidMathOne,7.9999001026153564,305.97,321.96,343.2,334.94,321.96,457.06,305.97,268.8,CD i S r
15,0,1,1,0,21,19,MinionPro-It,7.7141715458461215,341.01,322.19,469.48,335.22,322.19,456.78,341.01,142.52,m 0 ; n 0 ; q 0 f s m [ o n [ p q [ DS L g
15,0,0,1,0,15,19,EuclidMathOne,8.666600068410238,212.03,346.57,514.8,359.68,346.57,432.32,212.03,97.2,"CD i is a country domain set that contains all the subjects, objects, and rights."
15,1,0,1,0,3,6,MinionPro-Regular,10.0,200.01,366.29,295.2,376.29,366.29,415.71,200.01,316.8,8. Pseudonymous IDs:
15,0,0,1,0,3,19,EuclidMathOne,8.666600068410238,351.78,385.06,394.94,395.9,385.06,396.1,351.78,217.06,PID S n
15,0,0,1,0,4,19,MinionPro-It,6.999850153923035,391.75,385.29,423.21,398.32,385.29,393.68,391.75,188.79,i 0 PID i
15,0,0,1,0,15,19,EuclidMathOne,8.666600068410238,212.03,408.25,547.18,421.41,408.25,370.59,212.03,64.82,PID i set contains the Pseudonymous IDs of vehicles and RSUs belonging to a single
15,1,0,1,0,8,6,MinionPro-Regular,10.0,200.01,440.95,407.96,450.95,440.95,341.05,200.01,204.04,9. Access Control Policy Set for Internal Vehicles:
15,0,0,1,0,3,19,EuclidMathOne,8.666600068410238,317.2,459.78,377.45,470.57,459.78,321.43,317.2,234.55,ACPSIV S r
15,0,1,1,0,16,19,MinionPro-It,6.937362641096115,375.25,460.27,453.55,472.98,460.27,319.02,375.25,158.45,m 0 ; n 0 ; q 0 f s l p q s m g
15,0,0,1,0,15,6,EuclidMathOne,10.0,212.03,484.33,573.45,507.98,484.33,284.02,212.03,38.55,ACPSIV contains the total set of access control policies for internal users/vehicles within a country.
15,1,0,1,0,8,6,MinionPro-Regular,10.0,200.01,516.98,413.97,526.98,516.98,265.02,200.01,198.03,10. Access Control Policy Set for External Vehicles:
15,0,0,1,0,3,19,EuclidMathOne,8.666600068410238,318.79,535.75,378.92,546.59,535.75,245.41,318.79,233.08,ACPSEV S r
15,0,1,1,0,16,19,MinionPro-It,6.937362641096115,376.72,536.3,456.67,549.01,536.3,242.99,376.72,155.33,m 0 ; n 0 ; q 0 f s m p q s n g
15,0,0,1,0,12,6,EuclidMathOne,10.0,216.79,560.36,546.3,570.97,560.36,221.03,216.79,65.7,ACPSEV contains the total set of access control policies for external users/vehicles.
15,1,0,1,0,4,6,MinionPro-Regular,10.0,200.01,579.96,303.97,589.96,579.96,202.04,200.01,308.03,11. Platform Hashes Set:
15,0,0,1,0,3,19,EuclidMathOne,8.666600068410238,323.04,598.79,367.95,609.58,598.79,182.42,323.04,244.05,PHS S n
15,0,1,1,0,16,19,MinionPro-It,6.687350153923035,364.76,599.58,452.48,612.91,599.58,179.09,364.76,159.52,j 0 ; status ca ; st ; re f r s j ; status g
15,0,0,1,0,18,6,EuclidMathOne,10.0,216.79,624.37,573.25,647.96,624.37,144.04,216.79,38.75,PHS contains platform hashes of all the users/vehicles and RSUs within a belong to a sin- gle country.
15,1,0,1,0,3,6,MinionPro-Regular,10.0,200.01,656.95,290.89,666.95,656.95,125.05,200.01,321.11,12. Virtual Coalition:
15,0,0,1,0,3,19,EuclidMathOne,8.666600068410238,246.96,675.78,280.73,686.57,675.78,105.43,246.96,331.27,VC S r
15,0,1,1,0,31,19,MinionPro-It,8.49993340174357,278.53,675.96,528.16,688.98,675.96,103.02,278.53,83.84,j 2 CD j ; f s m 2 CD j g ; f o l 2 CD j g and f s m p q s n g 2 ACPSEV
15,0,0,1,0,14,6,EuclidMathOne,10.0,216.79,700.39,569.15,711.0,700.39,81.0,216.79,42.85,VC contains all the member countries in the virtual coalition. A virtual coalition contains
15,0,0,1,1,2,5,Gotham-Medium,11.0,34.98,35.85,91.82,48.39,35.85,743.61,34.98,520.18,PLOS ONE
15,0,0,1,0,8,9,Helvetica,7.999899864196777,341.07,39.81,576.0,47.8,39.81,744.2,341.07,36.0,BlockAuth: An access control framework for vehicles communication
15,0,0,1,0,10,9,Helvetica,7.999899864196777,36.0,749.6,576.0,757.6,749.6,34.4,36.0,36.0,"PLOS ONE | https://doi.org/10.1371/journal.pone.0291596 September 21, 2023 15 / 28"
16,0,0,1,0,22,6,MinionPro-Regular,10.0,216.79,76.59,560.61,99.62,76.59,692.38,216.79,51.39,two or more countries such that a vehicle in one country is allowed to move to another country without re-enrollment with CA.
16,1,0,1,0,15,6,MinionPro-Regular,10.0,200.01,108.62,555.08,118.62,108.62,673.38,200.01,56.92,"13. Axiom 1: Every vehicle possesses a distinct platform hash value, ensuring that no two"
16,0,0,1,0,5,6,MinionPro-Regular,10.0,216.79,121.6,334.02,131.6,121.6,660.4,216.79,277.98,vehicles share the same value.
16,0,0,1,0,11,19,MinionPro-It,8.545381892811168,345.32,142.75,429.57,155.24,142.75,636.76,345.32,182.43,s i 6¼ s j ) r st 6¼ r st
16,1,0,1,0,16,6,MinionPro-Regular,10.0,200.02,187.48,567.69,197.48,187.48,594.52,200.02,44.31,14. Axiom 2: If an attacker manages to infiltrate a vehicle’s on-board units and installs mali-
16,0,0,1,0,23,6,MinionPro-Regular,10.0,216.8,200.46,556.39,223.44,200.46,568.56,216.8,55.61,"cious software, the resulting platform hash value will differ from the previously stored value. Consequently, the vehicle would be unable to successfully authenticate."
16,0,0,1,0,14,19,MinionPro-It,8.571357216153826,313.8,234.59,461.67,247.08,234.59,544.92,313.8,150.33,s i s j ^ r rec 6¼ r st ) s i ismalicious
16,1,0,1,0,18,6,MinionPro-Regular,10.0,200.01,279.32,561.8,289.32,279.32,502.68,200.01,50.2,"15. Axiom 3: In the case of multiple policies for a vehicle, the policy with the least privilege"
16,0,0,1,0,3,6,MinionPro-Regular,10.0,216.79,292.3,299.4,302.3,292.3,489.7,216.79,312.6,will take precedence.
16,0,0,1,0,21,19,TeX_CM_Maths_Symbols,8.588164778316722,284.15,312.84,490.84,325.94,312.84,466.06,284.15,121.16,f s i 2 ð ACP i ^ ACP j Þg ^ ð ACP i ACP j Þ ) ACP i
16,1,0,1,0,15,6,MinionPro-Regular,10.0,200.02,358.12,557.17,368.12,358.12,423.88,200.02,54.83,16. Axiom 4: This axiom establishes the concept of separation of duty. When two policies
16,0,0,1,0,15,6,MinionPro-Regular,10.0,216.8,371.16,570.39,394.14,371.16,397.86,216.8,41.61,"present conflicting interests, the vehicle will grant authorization based on one of the poli- cies."
16,0,1,1,0,24,19,TeX_CM_Maths_Symbols,8.799940061569213,284.77,404.68,486.38,417.79,404.68,374.21,284.77,125.62,fð ACP i ^ ACP j ; 2 g ) ð s i 2 ACP i Þ _ ð s i 2 ACP j
16,1,0,1,0,7,6,MinionPro-Bold,10.0,211.98,450.02,489.22,460.02,450.02,331.98,211.98,122.78,3.3.3 Smart contract: Authentication and authorization procedure.
16,0,0,1,0,99,6,MinionPro-Regular,10.0,200.02,450.02,571.16,551.01,450.02,240.99,200.02,40.84,"In the BlockAuth architecture, a single smart contract is in charge of executing cross-border authentication and authorization procedures. During authentication, this smart contract commences vehicle pseudonym ID validation by broadcasting it to all CAs. After obtaining the platform hash from the vehicle’s parent CA, the smart contract compares the received platform hash in the vehicle’s request with the one received from the CA. When a hash match occurs, the smart contract confirms the presence of an access control policy for the requesting vehicle on the BC. Subsequently, it undertakes the verification of adherence to the separation of duty and"
16,1,0,1,0,13,6,MinionPro-Regular,10.0,200.02,553.99,538.86,563.99,553.99,228.01,200.02,73.14,least privilege rules. The Algorithm. 1 outlines the functioning of the proposed smart
16,1,0,1,0,5,6,MinionPro-Bold,10.0,211.98,580.02,373.98,590.02,580.02,201.98,211.98,238.02,Algorithm 1 Smart Contract Operations
16,0,1,1,0,9,19,CourierNewPSMT,8.121147473653158,204.49,592.13,342.55,601.98,592.13,190.02,204.49,269.45,"1: Input: T.join ( s j , ca )"
16,0,0,1,0,5,8,CourierNewPSMT,9.0,204.49,603.13,330.52,612.13,603.13,179.87,204.49,281.48,2: Output: allow or deny
16,1,1,1,0,10,19,CourierNewPSMT,8.472688484191895,204.49,613.81,316.63,624.29,613.81,167.71,204.49,295.37,3: if ( s j 2 LVS k ) then
16,0,0,1,0,15,8,CourierNewPSMT,9.0,204.49,625.12,544.76,656.12,625.12,135.88,204.49,67.24,4: validates LTC signature from local CA and platform hash from local Registration Authority. 5:
16,1,1,1,0,6,19,CourierNewPS-BoldMT,8.121147473653158,228.81,647.12,334.54,656.98,647.12,135.02,228.81,277.46,if ( ca st ) then
16,0,0,1,0,6,8,CourierNewPSMT,9.0,204.49,658.12,375.52,678.12,658.12,113.88,204.49,236.48,6: generate pseudonyms ID PID 7:
16,1,1,1,0,8,19,CourierNewPS-BoldMT,8.24669783455985,228.81,668.81,360.62,679.28,668.81,112.72,228.81,251.38,else if ( ca 6¼ st ) then
16,0,0,1,0,3,8,CourierNewPSMT,9.0,204.49,680.12,259.43,700.11,680.12,91.89,204.49,352.57,8: deny 9:
16,1,1,1,0,11,19,CourierNewPSMT,8.472688484191895,204.49,701.8,348.09,712.28,701.8,79.72,204.49,263.91,10: else if ( s j 2 GVS k ) then
16,0,0,1,1,2,5,Gotham-Medium,11.0,34.98,35.85,91.82,48.39,35.85,743.61,34.98,520.18,PLOS ONE
16,0,0,1,0,8,9,Helvetica,7.999899864196777,341.07,39.81,576.0,47.8,39.81,744.2,341.07,36.0,BlockAuth: An access control framework for vehicles communication
16,0,0,1,0,10,9,Helvetica,7.999899864196777,36.0,749.6,576.0,757.6,749.6,34.4,36.0,36.0,"PLOS ONE | https://doi.org/10.1371/journal.pone.0291596 September 21, 2023 16 / 28"
17,0,1,1,0,18,19,CourierNewPSMT,6.900000015894572,234.2,76.21,567.89,89.82,76.21,702.18,234.2,44.11,send the signed pseudonymous ID Sig f PID s j g SK country b 1 of the request-
17,0,0,1,0,8,8,CourierNewPSMT,9.0,204.49,90.45,366.53,110.45,90.45,681.55,204.49,245.47,ing vehicle to all the BC peers 12:
17,0,1,1,0,17,19,CourierNewPSMT,7.1181818355213515,234.2,101.14,572.83,114.25,101.14,677.75,234.2,39.17,Receive signed platform hash value Sig f r s g SK country a 1 of the request-
17,0,0,1,0,6,8,CourierNewPSMT,9.0,204.49,114.83,357.51,134.83,114.83,657.17,204.49,254.49,ing vehicle from his country. 13:
17,1,0,1,0,10,8,CourierNewPS-BoldMT,9.0,234.2,125.83,464.63,134.95,125.83,657.05,234.2,147.37,while ( NOT got first PoAI from the peers) do
17,1,1,1,0,6,19,CourierNewPS-BoldMT,8.121147473653158,243.21,136.83,348.94,146.74,136.83,645.26,243.21,263.06,if ( ca st ) then
17,0,0,1,0,8,8,CourierNewPSMT,9.0,204.49,147.83,442.13,167.83,147.83,624.17,204.49,169.87,15: fetch access control policy from BC. 16:
17,1,1,1,0,13,19,CourierNewPS-BoldMT,7.725000023841858,252.23,157.96,392.71,169.25,157.96,622.75,252.23,219.29,if ffð s m p q s j Þ 2 ACPSEV g then
17,0,0,1,0,4,8,CourierNewPSMT,9.0,204.49,170.84,325.09,190.84,170.84,601.16,204.49,286.91,17: Policy exist 18:
17,1,1,1,0,16,19,CourierNewPS-BoldMT,7.087500035762787,261.19,181.3,403.88,192.27,181.3,599.73,261.19,208.12,if fð s m p q s j s m p r s k Þg then
17,0,1,1,0,11,19,CourierNewPS-ItalicMT,6.814285755157471,273.66,193.26,505.42,204.28,193.26,587.72,273.66,106.58,s m p r s k Policy with least privilege selected
17,0,1,1,0,10,19,CourierNewPS-ItalicMT,6.814285755157471,273.66,215.31,431.29,226.28,215.31,565.72,273.66,180.71,s m p q s j Only one policy exist.
17,1,1,1,0,25,19,CourierNewPS-BoldMT,7.609090935100209,261.18,238.33,435.74,249.3,238.33,542.7,261.18,176.26,if fð s m p q s j Þ ^ ð s m p r s k Þg ; 2 g ¼ 0 g then
17,0,0,1,0,10,8,CourierNewPSMT,9.0,204.49,250.89,560.95,270.89,250.89,521.11,204.49,51.05,24: Allow request (No conflict of interest among policies). 25:
17,0,0,1,0,8,8,CourierNewPSMT,9.0,204.49,272.89,497.93,292.89,272.89,499.11,204.49,114.07,26: Deny request (Conflict of interest exists). 27:
17,0,0,1,0,7,8,CourierNewPSMT,9.0,204.49,305.89,430.41,325.89,305.89,466.11,204.49,181.59,29: Deny request (No policy exists). 30:
17,1,1,1,0,8,19,CourierNewPS-BoldMT,8.24669783455985,243.21,327.57,375.02,338.1,327.57,453.9,243.21,236.98,else if ( ca 6¼ st ) then
17,0,0,1,0,6,8,CourierNewPSMT,9.0,204.49,338.88,422.31,358.88,338.88,433.12,204.49,189.69,32: Deny request (malicious request) 33:
17,1,0,1,0,5,8,CourierNewPS-BoldMT,9.0,204.49,361.0,281.89,381.0,361.0,411.0,204.49,330.11,end while 35: end if
17,1,0,1,0,4,6,MinionPro-Bold,10.0,211.98,383.8,384.32,393.8,383.8,398.2,211.98,227.68,3.3.4 Proof-of-Authenticity and integrity.
17,0,0,1,0,39,6,MinionPro-Regular,10.0,200.01,383.8,573.79,419.77,383.8,372.23,200.01,38.21,The proposed smart contract uses PoAI to validate the authenticity and integrity of the external vehicle. The BC broadcasts external vehi- cle pseudonymous IDs to all the CA peers in the virtual coalition. The CAs try to resolve the
17,1,0,1,0,14,6,MinionPro-Regular,10.0,200.01,422.81,567.88,432.81,422.81,359.19,200.01,44.12,vehicle’s pseudonymous ID to his platform hash called PoAI. Algorithm. 2 describes the cal-
17,0,0,1,0,3,6,MinionPro-Regular,10.0,200.01,435.79,268.01,445.79,435.79,346.21,200.01,343.99,culation of PoAI.
17,1,0,1,0,5,6,MinionPro-Bold,10.0,211.98,448.77,407.06,458.77,448.77,333.23,211.98,204.94,Algorithm 2 Proof-of-Authenticity and Integrity
17,0,1,1,0,16,19,CourierNewPSMT,6.975000023841858,204.49,460.02,334.64,485.84,460.02,306.16,204.49,277.36,1: Input: PID s j 2: Output: Sig f r st g SK country a 1
17,0,0,1,0,11,8,CourierNewPSMT,9.0,204.49,487.47,562.76,496.47,487.47,295.53,204.49,49.24,3: Receive broadcast from the BC network with signed pseudonymous ID
17,0,1,1,0,11,19,CourierNewPS-ItalicMT,6.709090926430442,204.49,497.61,291.59,510.22,497.61,281.78,204.49,320.41,Sig f PID s j g SK country b 1 .
17,0,0,1,0,11,8,CourierNewPSMT,9.0,204.49,511.91,573.52,520.91,511.91,271.09,204.49,38.48,4: Verify the signatures and resolve Pseudonymous ID to platform hash.
17,1,1,1,0,11,19,CourierNewPSMT,7.92634425163269,204.49,522.05,383.36,535.48,522.05,256.52,204.49,228.64,5: if ( PID s j resolved to st ) then
17,0,1,1,0,10,19,CourierNewPSMT,6.9300000190734865,228.81,535.75,338.27,547.8,535.75,244.2,228.81,273.73,return Sig f r st g SK country a 1
17,1,1,1,0,13,19,CourierNewPSMT,7.92634425163269,204.49,548.58,430.18,562.07,548.58,229.93,204.49,181.82,7: else if ( PID s j Not resolved to st ) then
17,0,0,1,0,3,8,CourierNewPSMT,9.0,204.49,562.65,292.72,571.65,562.65,220.35,204.49,319.28,8: return error
17,1,0,1,0,3,8,CourierNewPSMT,9.0,204.49,573.65,251.29,582.77,573.65,209.23,204.49,360.71,9: end if
17,1,0,1,0,5,6,MinionPro-Bold,10.0,211.98,585.52,360.44,595.52,585.52,196.48,211.98,251.56,3.3.5 Access control policy creation.
17,0,0,1,0,109,6,MinionPro-Regular,10.0,200.01,585.52,576.0,686.51,585.52,105.49,200.01,36.0,"The “Access Control Policy Creation” algorithm is presented in Algorithm 3. Initially, algorithm 3 accepts policy creation requests from the administrator. In response, it generates an error if the policy exists in the BC. Otherwise, it cre- ates an access control policy and stores it in BC. In lines 3-7, if the requester is an internal vehi- cle, and there is no matching access control policy exit. Then, Algorithm 3 adds an access control policy in BC. Similarly, in lines 9-13, Algorithm 3 adds an access control policy for the external vehicle when the requester is an external vehicle, and there is no matching access con- trol policy exit."
17,1,0,1,0,7,6,MinionPro-Bold,10.0,211.98,689.55,433.92,699.55,689.55,92.45,211.98,178.08,Algorithm 3 Access Control Policy Creation Algorithm
17,0,1,1,0,12,19,CourierNewPSMT,8.209032726287841,204.49,701.66,364.27,711.52,701.66,80.48,204.49,247.73,"1: Input: T.publish( s m , s n , p q )"
17,0,0,1,1,2,5,Gotham-Medium,11.0,34.98,35.85,91.82,48.39,35.85,743.61,34.98,520.18,PLOS ONE
17,0,0,1,0,8,9,Helvetica,7.999899864196777,341.07,39.81,576.0,47.8,39.81,744.2,341.07,36.0,BlockAuth: An access control framework for vehicles communication
17,0,0,1,0,10,9,Helvetica,7.999899864196777,36.0,749.6,576.0,757.6,749.6,34.4,36.0,36.0,"PLOS ONE | https://doi.org/10.1371/journal.pone.0291596 September 21, 2023 17 / 28"
18,0,1,1,0,12,19,CourierNewPSMT,7.4700000286102295,204.49,76.47,351.45,87.44,76.47,704.56,204.49,260.55,2: Output: f s m p q s n g or error
18,1,1,1,0,8,19,CourierNewPSMT,8.100000023841858,204.49,87.21,309.37,98.97,87.21,693.03,204.49,302.63,3: if s n 2 LVS k then
18,1,1,1,0,12,19,CourierNewPS-BoldMT,7.609090935100209,228.81,98.21,362.04,109.44,98.21,682.56,228.81,249.96,if f s m p q s n g 2 ACPSIV then
18,0,0,1,0,6,8,CourierNewPSMT,9.0,204.49,110.07,402.51,130.07,110.07,661.93,204.49,209.49,5: return error (Duplicate policy) 6:
18,0,1,1,0,11,19,EuclidMathOne,7.4700000286102295,237.83,132.74,372.49,144.02,132.74,647.98,237.83,239.51,ACPSIV ACPSIV þ f s m p q s n g
18,1,1,1,0,11,19,CourierNewPSMT,8.376344251632691,204.49,154.73,342.76,166.02,154.73,625.98,204.49,269.24,9: else if ( s n 2 GVS k ) then
18,1,1,1,0,12,19,CourierNewPS-BoldMT,7.609090935100209,234.2,165.73,367.31,177.02,165.73,614.98,234.2,244.69,if f s m p q s n g 2 ACPSEV then
18,0,0,1,0,6,8,CourierNewPSMT,9.0,204.49,177.59,407.95,197.59,177.59,594.41,204.49,204.05,11: return error (Duplicate policy) 12:
18,0,1,1,0,11,19,EuclidMathOne,7.4700000286102295,243.21,200.31,377.6,211.54,200.31,580.46,243.21,234.4,ACPSEV ACPSEV þ f s m p q s n g
18,1,0,1,0,4,8,CourierNewPS-BoldMT,9.0,204.49,212.29,265.69,232.29,212.29,559.71,204.49,346.31,end if 15: else
18,0,0,1,0,3,8,CourierNewPSMT,9.0,204.49,234.17,298.11,243.17,234.17,548.83,204.49,313.89,16: return error
18,1,0,1,0,3,8,CourierNewPSMT,9.0,204.49,245.17,256.68,254.29,245.17,537.71,204.49,355.32,17: end if
18,1,0,1,0,5,6,MinionPro-Bold,10.0,211.98,257.04,370.24,267.04,257.04,524.96,211.98,241.76,3.3.6 Access control policy revocation.
18,0,0,1,0,122,6,MinionPro-Regular,10.0,200.01,257.04,576.0,358.03,257.04,433.97,200.01,36.0,"The “Access Control Policy Revocation” algo- rithm is presented in Algorithm 4. Algorithm 4 accepts policy revocation request from the administrator and removes the policy from the BC. Similarly, it generates an error if the policy is not available in the BC. In lines 3-5, if the delegatee is an internal vehicle, and the access con- trol policy is not available in the BC. Then, it generates an error. In lines 6-8, it revokes the access control policy from the BC. Similarly, in lines 9-11, if the delegatee is an external vehicle, and the access control policy is not available in the BC. Then, it returns an error. In lines 12- 14, Algorithm 4 revokes the access control policy from the BC."
18,1,0,1,0,7,6,MinionPro-Bold,10.0,211.97,361.01,443.67,371.01,361.01,420.99,211.97,168.33,Algorithm 4 Access Control Policy Revocation Algorithm
18,0,1,1,0,12,19,CourierNewPSMT,8.209032726287841,204.49,373.13,358.88,383.04,373.13,408.96,204.49,253.12,"1: Input: T.revoke( s m , s n , p q )"
18,0,1,1,0,12,19,CourierNewPSMT,7.4700000286102295,204.49,383.65,354.06,394.55,383.65,397.45,204.49,257.94,2: Output: f s m p q s n g or error
18,1,1,1,0,8,19,CourierNewPSMT,8.100000023841858,204.49,394.32,309.37,406.08,394.32,385.92,204.49,302.63,3: if s n 2 LVS k then
18,1,1,1,0,13,19,CourierNewPS-BoldMT,7.823076945084792,228.81,405.32,361.3,416.54,405.32,375.46,228.81,250.7,if f s m p q s n g = 2 ACPSIV then
18,0,0,1,0,8,8,CourierNewPSMT,9.0,204.49,417.18,438.52,437.17,417.18,354.83,204.49,173.48,5: return error (Policy does not present) 6:
18,0,1,1,0,11,19,EuclidMathOne,7.4700000286102295,237.83,439.84,372.49,451.13,439.84,340.87,237.83,239.51,ACPSIV ACPSIV   f s m p q s n g
18,1,1,1,0,11,19,CourierNewPSMT,8.376344251632691,204.49,461.84,342.76,473.12,461.84,318.88,204.49,269.24,9: else if ( s n 2 GVS k ) then
18,1,1,1,0,13,19,CourierNewPS-BoldMT,7.823076945084792,234.2,472.84,366.52,484.12,472.84,307.88,234.2,245.48,if f s m p q s n g = 2 ACPSEV then
18,0,0,1,0,8,8,CourierNewPSMT,9.0,204.49,484.7,443.9,504.69,484.7,287.31,204.49,168.1,11: return error (Policy does not present) 12:
18,0,1,1,0,11,19,EuclidMathOne,7.4700000286102295,243.21,507.36,377.6,518.65,507.36,273.35,243.21,234.4,ACPSEV ACPSEV   f s m p q s n g
18,1,0,1,0,4,8,CourierNewPS-BoldMT,9.0,204.49,519.34,265.69,539.34,519.34,252.66,204.49,346.31,end if 15: else
18,0,0,1,0,3,8,CourierNewPSMT,9.0,204.49,541.28,298.11,550.28,541.28,241.72,204.49,313.89,16: return error
18,1,0,1,0,3,8,CourierNewPSMT,9.0,204.49,552.27,256.68,561.4,552.27,230.6,204.49,355.32,17: end if
18,1,0,1,0,3,4,MinionPro-Bold,11.999899864196777,200.01,578.42,315.9,590.42,578.42,201.58,200.01,296.1,3.4 Compatible usecase
18,0,0,1,0,18,19,MinionPro-Regular,8.828245544433594,200.01,597.03,575.98,608.67,597.03,183.33,200.01,36.02,Suppose vehicle “A” moves from country 1 to country 2 . A vehicle “A” sends a “join” request
18,0,0,1,0,121,6,MinionPro-Regular,10.0,200.01,610.01,571.73,711.0,610.01,81.0,200.01,40.27,"to the nearby RSU as shown in Fig 8 . The “join” request contains vehicle pseudonym ID, plat- form hash value, nonce, and RCA signature. Then, the RSU forwards the vehicle pseudonym ID and RCA signature for validation to the smart contract. The smart contract authenticates the vehicle pseudonym ID by sending a broadcast to all the verifier nodes in the BC network. In response, the CA node of the vehicle’s home country sends the PoAI. Subsequently, the smart contract performs a comparison of the hash values received in PoAI and vehicle requests. If both hash values are equal, the smart contract proceeds to retrieve access control policies from BC. Then, it validates the vehicle’s request against the access control policies."
18,0,0,1,1,2,5,Gotham-Medium,11.0,34.98,35.85,91.82,48.39,35.85,743.61,34.98,520.18,PLOS ONE
18,0,0,1,0,8,9,Helvetica,7.999899864196777,341.07,39.81,576.0,47.8,39.81,744.2,341.07,36.0,BlockAuth: An access control framework for vehicles communication
18,0,0,1,0,10,9,Helvetica,7.999899864196777,36.0,749.6,576.0,757.6,749.6,34.4,36.0,36.0,"PLOS ONE | https://doi.org/10.1371/journal.pone.0291596 September 21, 2023 18 / 28"
19,0,0,1,0,16,6,MinionPro-Regular,10.0,200.01,616.13,572.02,639.11,616.13,152.89,200.01,39.98,"Finally, the RSU allows/denies vehicle join requests based on the authorization decision of the smart contract."
19,1,0,1,0,4,4,Helvetica-Bold,11.999899864196777,200.01,656.43,341.0,668.43,656.43,123.57,200.01,271.0,4 Results and discussion
19,0,0,1,0,27,6,MinionPro-Regular,10.0,200.01,674.98,564.7,711.0,674.98,81.0,200.01,47.3,"In this section, we discuss the implementation of the proposed framework in Node.js. Addi- tionally, we discuss performance evaluation, security analysis, and comparison with existing similar architectures."
19,1,0,1,0,3,9,MinionPro-Bold,7.999899864196777,200.01,568.92,248.68,576.92,568.92,215.08,200.01,363.32,Fig 8. Usecase.
19,0,0,1,1,2,5,Gotham-Medium,11.0,34.98,35.85,91.82,48.39,35.85,743.61,34.98,520.18,PLOS ONE
19,0,0,1,0,8,9,Helvetica,7.999899864196777,341.07,39.81,576.0,47.8,39.81,744.2,341.07,36.0,BlockAuth: An access control framework for vehicles communication
19,0,0,1,0,10,9,Helvetica,7.999899864196777,36.0,749.6,576.0,757.6,749.6,34.4,36.0,36.0,"PLOS ONE | https://doi.org/10.1371/journal.pone.0291596 September 21, 2023 19 / 28"
20,1,0,1,0,3,4,MinionPro-Bold,11.999899864196777,200.01,76.35,334.73,88.35,76.35,703.65,200.01,277.27,4.1 Implementation details
20,0,0,1,0,23,6,MinionPro-Regular,10.0,200.01,94.9,573.65,117.94,94.9,674.06,200.01,38.35,"We have implemented the BlockAuth architecture in Node.js. Our implementation consists of a client application, server nodes, database node, chaincode, and BC network."
20,1,0,1,0,3,6,MinionPro-Bold,10.0,211.97,120.92,311.53,130.92,120.92,661.08,211.97,300.47,4.1.1 Client application.
20,0,0,1,0,13,6,MinionPro-Regular,10.0,200.01,120.92,573.81,143.9,120.92,648.1,200.01,38.19,"A third-party application, i.e., Postman, is used for communica- tion with the BC."
20,1,0,1,0,3,6,MinionPro-Bold,10.0,211.97,146.94,289.4,156.94,146.94,635.06,211.97,322.6,4.1.2 Server nodes.
20,0,0,1,0,33,6,MinionPro-Regular,10.0,200.01,146.94,574.84,182.91,146.94,609.09,200.01,37.16,Our experimental setup consists of a pair of server nodes representing two distinct SP countries. These server nodes receive client requests through specific ports and subsequently call the chaincode for authentication and authorization.
20,1,0,1,0,3,6,MinionPro-Bold,10.0,211.97,185.95,297.61,195.95,185.95,596.05,211.97,314.39,4.1.3 Database node.
20,0,0,1,0,19,6,MinionPro-Regular,10.0,200.01,185.95,575.18,208.93,185.95,583.07,200.01,36.82,"A Database node is used to implement MongoDB. MongoDB stores access control policies, user/vehicle Pseudonymous ID, and platform hashes."
20,0,0,1,0,156,6,MinionPro-Regular,10.0,200.01,211.91,575.2,364.89,211.91,427.11,200.01,36.8,"A chaincode, also called a smart contract, enforces business logic. Our implemented chaincode performs cross-border vehicle authentication and authorization. This process involves redirecting an external vehicle’s pseudonymous ID to all relevant RCAs. Sub- sequently, it obtains PoAI from the vehicle parent RCAs. Afterward, it compares the platform hash values associated with the vehicle request and the PoAI response. Once the vehicle authentication is successfully completed, the chaincode proceeds to allow or deny the vehicle based on the access control policies stored on the BC. It broadcasts an external vehicle pseudonymous ID to all the RCA. In response, it receives PoAI from RCA. Then, it validates the vehicle platform hash values received in the vehicle request and PoAI response. The vehicle is verified if both the hash values are similar. If the vehicle is authenticated successfully, then the chaincode validates access control policies stored in BC. Therefore, the vehicle is either allowed/denied based on access control policies."
20,1,0,1,0,3,6,MinionPro-Bold,10.0,211.97,367.93,285.98,377.93,367.93,414.07,211.97,326.02,4.1.5 BC network.
20,0,0,1,0,56,6,MinionPro-Regular,10.0,200.01,367.93,575.96,416.93,367.93,375.07,200.01,36.04,"In the BC network, the initial block of the chain is known as the genesis block. In the chain, every block has a hash value of the previous block except the genesis block. The proposed block design is given in Table 3 . Similarly, the implemented BC network config- urations are given in Table 4 ."
20,1,0,1,0,3,4,MinionPro-Bold,11.999899864196777,200.01,440.43,337.37,452.43,440.43,339.57,200.01,274.63,4.2 Performance evaluation
20,0,0,1,0,15,6,MinionPro-Regular,10.0,200.01,458.98,547.1,482.02,458.98,309.98,200.01,64.9,"In this section, we carry out chain size analysis, throughput analysis, and overhead ratio analysis."
20,1,0,1,0,14,6,MinionPro-Bold,10.0,211.97,485.0,563.64,495.0,485.0,297.0,211.97,48.36,"4.2.1 Chain size analysis. To measure the execution time of each stage, i.e., authentica-"
20,0,0,1,0,71,6,MinionPro-Regular,10.0,200.01,497.98,572.72,560.03,497.98,231.97,200.01,39.28,"tion, authorization, policy publication, and policy revocation, 500 test executions have been conducted. We followed the scenario illustrated in Fig 9 for conducting these experiments. In the proposed scenario, an external vehicle initiates an access request and sends it to the smart contract for authentication and authorization. We evaluate the BlockAuth architecture with 1, 100, 1000, and 5000 access control policies shown in Fig 9 . Moreover, the number of virtual"
20,1,0,1,0,4,9,MinionPro-Bold,7.999899864196777,36.0,574.87,108.07,582.87,574.87,209.13,36.0,503.93,Table 3. Block design.
20,0,0,1,0,22,9,MinionPro-Regular,7.999899864196777,36.0,589.73,452.52,700.23,589.73,91.77,36.0,159.48,"perviousHash: “dfbd245030921ef6dff8eb1a9a90f6ba978037c268166d89d1f0603fd38f9e861” delegator: “Alice” delegatee: “Bob” vehicleId: “vehicle218” Permission: “read” validTill: “28-April-2023” hash: “6fcd393bea9d457d2bcb26c5cfa8931894ab6f097c8c98b47a55fe8f03cc4cb7” timestamp: “Wed, 12 April 2023 10:45:57 GMT” https://doi.org/10.1371/journal.pone.0291596.t003"
20,0,0,1,1,2,5,Gotham-Medium,11.0,34.98,35.85,91.82,48.39,35.85,743.61,34.98,520.18,PLOS ONE
20,0,0,1,0,8,9,Helvetica,7.999899864196777,341.07,39.81,576.0,47.8,39.81,744.2,341.07,36.0,BlockAuth: An access control framework for vehicles communication
20,0,0,1,0,10,9,Helvetica,7.999899864196777,36.0,749.6,576.0,757.6,749.6,34.4,36.0,36.0,"PLOS ONE | https://doi.org/10.1371/journal.pone.0291596 September 21, 2023 20 / 28"
21,0,0,1,0,83,6,MinionPro-Regular,10.0,200.01,191.5,571.4,266.47,191.5,525.53,200.01,40.6,"requests was maintained at a constant 400. The graph shows that the increment in policy count has no significant impact on the execution time of the authentication procedure. Simi- larly, the time taken for policy creation does not notably influence an increase in policy publi- cation duration. However, the execution time for authorization and policy revocation procedures shows an observable increase as the number of policies rises. This is attributed to the extended time required for searching through an enlarged chain of policies."
21,1,0,1,0,3,6,MinionPro-Bold,10.0,211.97,269.51,322.81,279.51,269.51,512.49,211.97,289.19,4.2.2 Throughput analysis.
21,0,0,1,0,102,6,MinionPro-Regular,10.0,200.01,269.51,575.93,370.5,269.51,421.5,200.01,36.07,"We analyze the operations of BlockAuth architectures with concurrent vehicle requests. However, we tested the BlockAuth architecture with a different number of virtual vehicle requests, i.e., N = 50, 100, 1000, 5000. Moreover, no. of access control policies = 500 (constant). At first, the experiment was tested for 50 concurrent virtual vehicle requests. The authentication operation completes in 240ms, authorization operation completes in 30ms. Moreover, access control policy creation and revocation are completed in 120ms and 87ms respectively. Similarly, the test is performed for n = 200, 400, 600, and 800 concurrent vehicle requests. The outcomes are given in Fig 10 ."
21,1,0,1,0,13,6,MinionPro-Bold,10.0,211.97,373.49,569.69,383.49,373.49,408.51,211.97,42.31,4.2.3 Overhead ratio analysis. An external vehicle sends a “T.join” transaction for regis-
21,0,0,1,0,94,6,MinionPro-Regular,10.0,200.01,386.47,575.88,474.48,386.47,317.52,200.01,36.12,"tration with RSU in another country. The BlockAuth architecture allows the requesting vehicle to access the service after PoAI and policy verification. Similarly, the administrator uses the “T.publish” transaction to create a new access control policy. Similarly, the “T.revoke” transac- tion is used to delete the “access control” policy. Furthermore, the administrator uses the “T. register” transaction to enroll vehicle, RSU, and a country in the BC network. Every session contains a number of security operations, i.e., encryption, decryption, a hash- ing function, signature creation, and signature confirmation. Fig 11 shows the execution time"
21,1,0,1,0,6,9,MinionPro-Bold,7.999899864196777,200.01,78.75,315.92,101.61,78.75,690.39,200.01,296.08,Table 4. Network configuration. Parameters Values
21,0,0,1,0,27,9,MinionPro-Regular,7.999899864196777,200.01,106.08,537.03,166.58,106.08,625.42,200.01,74.97,Node Resources CPU Speed = Intel(R) Core(TM) i7-8750H CPU @ 2.20 GHz RAM = 32 GB Database MongoDB Block Size 571 byte Network Speed 100 Mbps https://doi.org/10.1371/journal.pone.0291596.t004
21,1,0,1,0,5,9,MinionPro-Bold,7.999899864196777,123.59,679.3,208.54,687.3,679.3,104.7,123.59,403.46,Fig 9. Chain size analysis.
21,0,0,1,1,2,5,Gotham-Medium,11.0,34.98,35.85,91.82,48.39,35.85,743.61,34.98,520.18,PLOS ONE
21,0,0,1,0,8,9,Helvetica,7.999899864196777,341.07,39.81,576.0,47.8,39.81,744.2,341.07,36.0,BlockAuth: An access control framework for vehicles communication
21,0,0,1,0,10,9,Helvetica,7.999899864196777,36.0,749.6,576.0,757.6,749.6,34.4,36.0,36.0,"PLOS ONE | https://doi.org/10.1371/journal.pone.0291596 September 21, 2023 21 / 28"
22,0,0,1,0,34,6,MinionPro-Regular,10.0,200.01,313.39,565.32,349.41,313.39,442.59,200.01,46.68,"of all the transactions with/without encryption. We keep the number of vehicle requests and “access control” policies constant i.e., N = 200 and P = 1000. The overhead is negligible, i.e., less than 2%."
22,1,0,1,0,6,4,MinionPro-Bold,11.999899864196777,200.01,369.56,393.46,381.56,369.56,410.44,200.01,218.54,4.3 Security analysis and threat models
22,0,0,1,0,14,6,MinionPro-Regular,10.0,200.01,388.17,557.84,411.21,388.17,380.79,200.01,54.16,The following subsection consists of security analysis and threat modeling of the proposed framework.
22,1,0,1,0,11,9,MinionPro-Bold,7.999899864196777,123.82,264.25,374.33,272.25,264.25,519.75,123.82,237.67,"Fig 10. Execution times of block hashing, transaction encryption, and PoIA."
22,1,0,1,0,13,9,MinionPro-Bold,7.999899864196777,142.81,691.32,507.75,699.32,691.32,92.68,142.81,104.25,"Fig 11. Comparison of different transactions with/without encryption, digital signature, and hashing function."
22,0,0,1,1,2,5,Gotham-Medium,11.0,34.98,35.85,91.82,48.39,35.85,743.61,34.98,520.18,PLOS ONE
22,0,0,1,0,8,9,Helvetica,7.999899864196777,341.07,39.81,576.0,47.8,39.81,744.2,341.07,36.0,BlockAuth: An access control framework for vehicles communication
22,0,0,1,0,10,9,Helvetica,7.999899864196777,36.0,749.6,576.0,757.6,749.6,34.4,36.0,36.0,"PLOS ONE | https://doi.org/10.1371/journal.pone.0291596 September 21, 2023 22 / 28"
23,1,0,1,0,3,6,MinionPro-Bold,10.0,211.98,76.59,305.46,86.59,76.59,705.41,211.98,306.54,4.3.1 Security analysis.
23,0,0,1,0,40,6,MinionPro-Regular,10.0,200.01,76.59,566.47,112.61,76.59,679.39,200.01,45.53,We use the CIAAN model to analyze the security of the Block- Auth architecture. We use BC to fulfill the security needs of the CIAAN model. The summa- rized analysis of the BlockAuth architecture is given in Table 5 .
23,1,0,1,0,15,6,MinionPro-Bold,10.0,203.86,121.6,573.32,131.6,121.6,660.4,203.86,38.68,Confidentiality: It means to ensure that the data is not accessed by illegal users/vehicles and
23,0,0,1,0,18,6,MinionPro-Regular,10.0,207.84,134.58,572.15,157.62,134.58,634.38,207.84,39.85,"RSUs. Public-key encryption is used in the BlockAuth architecture to make communication among vehicles, RSU, and BC reliable."
23,1,0,1,0,12,6,MinionPro-Bold,10.0,203.86,166.61,565.44,176.61,166.61,615.39,203.86,46.56,Integrity: It means to protect data from improper modification. The proposed framework
23,0,0,1,0,28,6,MinionPro-Regular,10.0,207.84,179.6,575.94,202.58,179.6,589.42,207.84,36.06,"uses integrity measurements provided by BC. The BC, SHA-256 cryptographic hash function is used to protect the vehicle and RSU platform data as well as data during communication."
23,1,0,1,0,13,6,MinionPro-Bold,10.0,203.86,211.63,556.45,221.63,211.63,570.37,203.86,55.55,Availability: It means to ensure that resources are accessible to users/vehicles and RSUs
23,0,0,1,0,36,6,MinionPro-Regular,10.0,207.84,224.61,575.49,260.57,224.61,531.43,207.84,36.51,"when required. The BC ledgers have a built-in replication mechanism. Therefore, a damaged node can restore its ledger’s data from other peer nodes. Furthermore, the proposed PoAI mechanism ensures system availability against DoS and DDoS attacks."
23,1,0,1,0,14,6,MinionPro-Bold,10.0,203.86,269.62,569.29,279.62,269.62,512.38,203.86,42.71,Authentication and Authorization: It means to ensure that the vehicle and RSU are legiti-
23,0,0,1,0,30,6,MinionPro-Regular,10.0,207.84,282.61,571.57,318.57,282.61,473.43,207.84,40.43,"mate. The proposed PoAI mechanism allows users/vehicles to get authentication from their parent country. Similarly, the proposed framework authorizes vehicles based on access con- trol policies stored in the BC."
23,1,0,1,0,13,6,MinionPro-Bold,10.0,203.86,327.62,571.79,337.62,327.62,454.38,203.86,40.21,Non-repudiation: It means to ensure that the users/vehicles can not refuse their committed
23,0,0,1,0,23,6,MinionPro-Regular,10.0,207.84,340.6,575.93,376.62,340.6,415.38,207.84,36.07,"transactions. In the BlockAuth architecture, cryptographic keys are used to attest users’/vehi- cles’ transactions. Hence, the digital attestation ensures non-repudiation for user/vehicle transactions."
23,1,0,1,0,3,6,MinionPro-Bold,10.0,211.98,398.6,296.97,408.6,398.6,383.4,211.98,315.03,4.3.2 Threat models.
23,0,0,1,0,11,6,MinionPro-Regular,10.0,200.01,398.6,566.11,421.58,398.6,370.42,200.01,45.89,The following are the potential threats to the proposed BlockAuth framework.
23,1,0,1,0,12,6,MinionPro-Bold,10.0,203.86,430.57,558.12,440.57,430.57,351.43,203.86,53.88,Malicious User/Vehicle: Suppose a scenario where a malicious user/vehicle wants to get
23,0,0,1,0,61,6,MinionPro-Regular,10.0,207.84,443.61,575.93,505.6,443.61,286.4,207.84,36.07,"authentication by spoofing a legitimate user/vehicle ID. In the proposed framework “T.join” request consists of the user/vehicle platform hash and pseudonymous ID. The smart contract verifies the user’s platform hash from his country’s RCA. The RCA binds user/vehicle pseu- donymous IDs with the user’s platform hash during initial registration. As a result, it thwarts any attempt to initiate a spoofing attack."
23,1,0,1,0,13,6,MinionPro-Bold,10.0,203.86,514.59,562.3,524.59,514.59,267.41,203.86,49.7,Malicious Service Provider: Suppose a scenario where a malicious SP intends to uncover
23,0,0,1,0,13,6,MinionPro-Regular,10.0,207.84,527.58,563.37,537.58,527.58,254.42,207.84,48.63,the true identity of a user/vehicle. In the proposed framework users/vehicles provide their
23,1,0,1,0,8,9,MinionPro-Bold,7.999899864196777,200.01,554.86,341.48,577.71,554.86,214.29,200.01,270.52,Table 5. Evaluation of security parameters. Parameters Description
23,0,0,1,0,42,9,MinionPro-Regular,7.999899864196777,200.01,584.23,556.4,648.69,584.23,143.31,200.01,55.6,"Confidentiality BlockAuth architecture uses asymmetric encryption to make connections among OBUs, RSUs, and smart contracts safe. Integrity BC built-in function SHA-256 is used for data and platform integrity preservation. Availability BC ledgers replication mechanism is used to achieve data availability. Authentication/ Authorization"
23,0,0,1,0,50,9,MinionPro-Regular,7.999899864196777,200.01,631.22,558.48,695.24,631.22,96.76,200.01,53.52,"Proof of Authenticity and Integrity is used to authenticate OBU. Similarly, access control policies help in cross-border OBUs authorization. The smart contract is designed to restrict user activities by ensuring separation of duty and least privilege principles. Non-repudiation To achieve non-repudiation, every OBU and RSU digitally signed his transaction. https://doi.org/10.1371/journal.pone.0291596.t005"
23,0,0,1,1,2,5,Gotham-Medium,11.0,34.98,35.85,91.82,48.39,35.85,743.61,34.98,520.18,PLOS ONE
23,0,0,1,0,8,9,Helvetica,7.999899864196777,341.07,39.81,576.0,47.8,39.81,744.2,341.07,36.0,BlockAuth: An access control framework for vehicles communication
23,0,0,1,0,10,9,Helvetica,7.999899864196777,36.0,749.6,576.0,757.6,749.6,34.4,36.0,36.0,"PLOS ONE | https://doi.org/10.1371/journal.pone.0291596 September 21, 2023 23 / 28"
24,0,0,1,0,69,6,MinionPro-Regular,10.0,207.84,76.59,571.63,138.57,76.59,653.43,207.84,40.37,"platform hashes and pseudonymous IDs to the SP for the purpose of authentication. The SP subsequently redirects the users/vehicles to their respective country’s RCA for authentica- tion, because it stores the real identity of the user/vehicle. As a result, the country RCA pro- vides the stored platform hash of the user/vehicle. Therefore, it is impossible for SP to extract the genuine identity of the user/vehicle from the platform hash."
24,1,0,1,0,7,6,MinionPro-Bold,10.0,203.86,147.62,467.22,157.62,147.62,634.38,203.86,144.78,DoS/DDoS Attack on Service Provider Authentication Service:
24,0,0,1,0,70,6,MinionPro-Regular,10.0,207.84,160.6,575.93,235.57,160.6,556.43,207.84,36.07,"Suppose a scenario where an attacker uses a compromised user/vehicle platform and initiates a DoS/DDoS attack to overwhelm the services of the SP. However, the compromised user/ vehicle’s current platform hash must be different from the hash stored with the user/vehicle’s country RCA. This disparity allows SP to deny the malicious access request during the authentication process. As a result, this countermeasure prevents the attacker from initialing a DoS/DDoS attack."
24,1,0,1,0,3,4,MinionPro-Bold,11.999899864196777,200.01,259.35,324.81,271.35,259.35,520.65,200.01,287.19,4.4 Comparative analysis
24,0,0,1,0,14,6,MinionPro-Regular,10.0,200.01,277.96,558.77,287.96,277.96,504.04,200.01,53.23,The Comparisons among BlockAuth and existing related architecture are given in Table 6 .
24,0,0,1,0,163,6,MinionPro-Regular,10.0,200.01,324.28,574.61,490.29,324.28,301.71,200.01,37.39,"We proposed a BC-based cross-border vehicle authentication and authorization architecture. The proposed BlockAuth architecture consists of a BC network of CA nodes. The BC network authenticates and authorizes cross-border vehicles. The substitution of the centralized access control service outlined in the existing literature with BC technology mitigates the vulnerabil- ity that could result in system failure and various cyber-attacks like DoS and DDOS. Similarly, storing access control policies on the BC ensured the prevention of illegal authorization, thus enhancing the security and integrity of the framework. Unlike existing frameworks, the autho- rization service is enforced with separation of duty and least privilege principles to ensure that users are not granted more privileges than their necessary needs. Moreover, unlike conven- tional frameworks, BlockAuth allows user/vehicle authentication from his home country CA. Thus, ensures the protection of user/vehicle credentials. Furthermore, Hyperledger is used to implement the BlockAuth architecture. The BlockAuth ensures secure vehicle authentication and authorization with high throughput and minimal computational overhead, under 2%."
24,1,0,1,0,7,4,MinionPro-Bold,11.999899864196777,200.01,508.06,470.73,520.06,508.06,271.94,200.01,141.27,5.1 Limitations of the proposed BlockAuth framework
24,0,0,1,0,70,6,MinionPro-Regular,10.0,200.01,526.67,575.99,613.66,526.67,178.34,200.01,36.01,"The following are the limitations of the BlockAuth framework. • Scalability: As more CAs become part of the virtual coalition, the count of BC nodes within the overlay network will grow. This expansion increases computational overhead. As a result, the BlockAuth exhibits limited scalability. • Storage: The proposed BlockAuth stores access control policies on BC. However, these poli- cies consume a larger amount of storage due to their complex structure."
24,1,0,1,0,3,4,MinionPro-Bold,11.999899864196777,200.01,637.38,304.19,649.38,637.38,142.62,200.01,307.81,5.2 Future directions
24,0,0,1,0,34,6,MinionPro-Regular,10.0,200.01,655.99,571.73,711.0,655.99,81.0,200.01,40.27,"We outline potential avenues for future research exploration. • Security: Future research could involve BlockAuth resilience against emerging attacks on BC. Additionally, BC security could be enhanced by using formal modeling and verification techniques."
24,0,0,1,1,2,5,Gotham-Medium,11.0,34.98,35.85,91.82,48.39,35.85,743.61,34.98,520.18,PLOS ONE
24,0,0,1,0,8,9,Helvetica,7.999899864196777,341.07,39.81,576.0,47.8,39.81,744.2,341.07,36.0,BlockAuth: An access control framework for vehicles communication
24,0,0,1,0,10,9,Helvetica,7.999899864196777,36.0,749.6,576.0,757.6,749.6,34.4,36.0,36.0,"PLOS ONE | https://doi.org/10.1371/journal.pone.0291596 September 21, 2023 24 / 28"
25,1,0,1,0,8,9,MinionPro-Bold,7.999899864196777,32.83,498.09,40.83,709.91,498.09,82.09,32.83,571.17,Table 6. Comparisons among porposed and exiting frameworks.
25,1,0,1,1,1,9,MinionPro-Bold,7.999899864196777,70.14,102.33,78.13,112.82,102.33,679.18,70.14,533.87,BC
25,0,0,1,0,3,9,MinionPro-Regular,7.999899864196777,139.64,698.15,147.64,707.47,698.15,84.53,139.64,464.36,[ 9 ]
25,0,0,1,0,3,9,MinionPro-Regular,7.999899864196777,152.11,694.32,160.11,707.47,694.32,84.53,152.11,451.89,[ 40 ]
25,0,0,1,0,3,9,MinionPro-Regular,7.999899864196777,174.11,694.32,182.11,707.47,694.32,84.53,174.11,429.89,[ 41 ]
25,0,0,1,0,3,9,MinionPro-Regular,7.999899864196777,205.63,694.32,213.63,707.47,694.32,84.53,205.63,398.37,[ 42 ]
25,0,0,1,0,3,9,MinionPro-Regular,7.999899864196777,227.63,694.32,235.63,707.47,694.32,84.53,227.63,376.37,[ 43 ]
25,0,0,1,0,3,9,MinionPro-Regular,7.999899864196777,246.62,242.49,254.62,301.04,242.49,490.96,246.62,357.38,Network based on
25,0,0,1,0,3,9,MinionPro-Regular,7.999899864196777,278.14,694.32,286.14,707.47,694.32,84.53,278.14,325.86,[ 44 ]
25,0,0,1,0,3,9,MinionPro-Regular,7.999899864196777,300.14,694.32,308.14,707.47,694.32,84.53,300.14,303.86,[ 45 ]
25,0,0,1,0,3,9,MinionPro-Regular,7.999899864196777,322.13,694.32,330.13,707.47,694.32,84.53,322.13,281.87,[ 46 ]
25,0,0,1,0,3,9,MinionPro-Regular,7.999899864196777,344.13,694.32,352.13,707.47,694.32,84.53,344.13,259.87,[ 47 ]
25,0,0,1,0,3,9,MinionPro-Regular,7.999899864196777,366.13,694.32,374.13,707.47,694.32,84.53,366.13,237.87,[ 48 ]
25,0,0,1,0,3,9,MinionPro-Regular,7.999899864196777,378.66,694.32,386.66,707.47,694.32,84.53,378.66,225.34,[ 49 ]
25,0,0,1,1,2,5,Gotham-Medium,11.0,34.98,35.85,91.82,48.39,35.85,743.61,34.98,520.18,PLOS ONE
25,0,0,1,0,8,9,Helvetica,7.999899864196777,341.07,39.81,576.0,47.8,39.81,744.2,341.07,36.0,BlockAuth: An access control framework for vehicles communication
25,0,0,1,0,10,9,Helvetica,7.999899864196777,36.0,749.6,576.0,757.6,749.6,34.4,36.0,36.0,"PLOS ONE | https://doi.org/10.1371/journal.pone.0291596 September 21, 2023 25 / 28"
26,0,0,1,0,57,6,MinionPro-Regular,10.0,200.01,76.59,570.49,157.62,76.59,634.38,200.01,41.51,"• Storage: We are storing access control policies on BC. However, BC has limited storage capacity, so there exists an opportunity to compact these policies by simplifying the policy structure. • Performance: The proposed PoIA mechanism shows less computational overhead than its counterparts. However, there is space for improvement to efficiently handle a huge number of users."
26,0,0,1,0,24,6,MinionPro-Regular,10.0,200.01,215.43,571.67,238.41,215.43,553.59,200.01,40.33,"This work was supported by the EIAS Data Science and Blockchain Lab, College of Computer and Information Sciences, Prince Sultan University, Riyadh Saudi Arabia."
26,1,0,1,0,31,6,MinionPro-Bold,10.0,200.01,277.22,407.95,395.22,277.22,396.78,200.01,204.05,"Conceptualization: Gauhar Ali. Formal analysis: Gauhar Ali. Methodology: Gauhar Ali, Naveed Ahmad. Supervision: Mohammed ElAffendi. Visualization: Naveed Ahmad. Writing – original draft: Gauhar Ali. Writing – review & editing: Mohammed ElAffendi."
26,0,0,1,0,19,9,Helvetica,7.999899864196777,221.5,437.11,563.52,454.58,437.11,337.42,221.5,48.48,"ETSI EE. 302 665 V1. 1.1: Intelligent Transport Systems (ITS), Communications Architecture. Euro- pean Standard (Telecommunications Series)(September 2010). 2010."
26,0,0,1,0,26,9,Helvetica,7.999899864196777,221.5,459.62,570.91,486.61,459.62,305.39,221.5,41.09,"Wang J, Cai Z, Yu J. Achieving personalized k-anonymity-based content privacy for autonomous vehi- cles in CPS. IEEE Transactions on Industrial Informatics. 2019; 16(6):4242–4251. https://doi.org/10. 1109/TII.2019.2950057"
26,0,0,1,0,28,9,Helvetica,7.999899864196777,221.5,491.59,569.89,518.58,491.59,273.42,221.5,42.11,"Gupta M, Benson J, Patwa F, Sandhu R. Secure V2V and V2I communication in intelligent transporta- tion using cloudlets. IEEE Transactions on Services Computing. 2020; 15(4):1912–1925. https://doi. org/10.1109/TSC.2020.3025993"
26,0,0,1,0,31,9,Helvetica,7.999899864196777,221.5,523.62,574.75,550.61,523.62,241.39,221.5,37.25,"Molina-Masegosa R, Sepulcre M, Gozalvez J, Berens F, Martinez V. Empirical models for the realistic generation of cooperative awareness messages in vehicular networks. IEEE Transactions on Vehicular Technology. 2020; 69(5):5713–5717. https://doi.org/10.1109/TVT.2020.2979232"
26,0,0,1,0,44,9,Helvetica,7.999899864196777,221.5,555.6,568.51,582.59,555.6,209.41,221.5,43.49,"e Silva EdB, Vranckx J, De Bruyn T, Charpentier V, Hadiwardoyo SA, Marquez-Barja JM. A toolkit for visualizing V2X messages on the smart highway testbed. In: 2021 IEEE/ACM 25th International Sym- posium on Distributed Simulation and Real Time Applications (DS-RT). IEEE; 2021. p. 1–4."
26,0,0,1,0,36,9,Helvetica,7.999899864196777,221.5,587.57,573.78,614.62,587.57,177.38,221.5,38.22,"Sarker A, Byun S, Fan W, Chang SY. Blockchain-based root of trust management in security credential management system for vehicular communications. In: Proceedings of the 36th Annual ACM Sympo- sium on Applied Computing; 2021. p. 223–231."
26,0,0,1,0,30,9,Helvetica,7.999899864196777,221.5,619.6,574.94,646.59,619.6,145.41,221.5,37.06,"Ali QE, Ahmad N, Malik AH, Ali G, Rehman WU. Issues, challenges, and research opportunities in intel- ligent transport system for security and privacy. Applied Sciences. 2018; 8(10):1964. https://doi.org/10. 3390/app8101964"
26,0,0,1,0,29,9,Helvetica,7.999899864196777,221.5,651.58,566.73,678.63,651.58,113.37,221.5,45.27,"Saba T, Rehman A, Haseeb K, Bahaj SA, Lloret J. Trust-based decentralized blockchain system with machine learning using Internet of agriculture things. Computers and Electrical Engineering. 2023; 108:108674. https://doi.org/10.1016/j.compeleceng.2023.108674"
26,0,0,1,0,37,9,Helvetica,7.999899864196777,221.5,683.61,576.08,710.6,683.61,81.4,221.5,35.92,"Alam M, Zhang X, Khan K, Ali G. xDAuth: a scalable and lightweight framework for cross domain access control and delegation. In: Proceedings of the 16th ACM symposium on Access control models and technologies; 2011. p. 31–40."
26,0,0,1,1,2,5,Gotham-Medium,11.0,34.98,35.85,91.82,48.39,35.85,743.61,34.98,520.18,PLOS ONE
26,0,0,1,0,8,9,Helvetica,7.999899864196777,341.07,39.81,576.0,47.8,39.81,744.2,341.07,36.0,BlockAuth: An access control framework for vehicles communication
26,0,0,1,0,10,9,Helvetica,7.999899864196777,36.0,749.6,576.0,757.6,749.6,34.4,36.0,36.0,"PLOS ONE | https://doi.org/10.1371/journal.pone.0291596 September 21, 2023 26 / 28"
27,0,0,1,0,30,9,Helvetica,7.999899864196777,221.5,76.88,569.98,94.41,76.88,697.59,221.5,42.02,"Alam Q, Alam M, Ali G, Azim F, Khan KH, Ali T, et al. Towards A Formal Framework for Cross Domain Access Control. International Information Institute (Tokyo) Information. 2012; 15(10):4303."
27,0,0,1,0,29,9,Helvetica,7.999899864196777,221.5,99.39,565.33,116.86,99.39,675.14,221.5,46.67,"Alam Q, Tabbasum S, Malik SU, Alam M, Ali T, Akhunzada A, et al. Formal verification of the xDAuth protocol. IEEE Transactions on Information Forensics and Security. 2016; 11(9):1956–1969."
27,0,0,1,0,19,9,Helvetica,7.999899864196777,221.5,121.9,567.85,139.36,121.9,652.64,221.5,44.15,"Sheikh S, Chaturvedi AK. Analysis of sensitive data security on trusted third party in cloud computing. management. 2014; 17:18."
27,0,0,1,0,30,9,Helvetica,7.999899864196777,221.5,144.4,572.28,171.39,144.4,620.61,221.5,39.72,"Asghar M, Doss RRM, Pan L. A scalable and efficient PKI based authentication protocol for VANETs. In: 2018 28th International Telecommunication Networks and Applications Conference (ITNAC). IEEE; 2018. p. 1–3."
27,0,0,1,0,33,9,Helvetica,7.999899864196777,221.5,176.38,575.81,203.37,176.38,588.63,221.5,36.19,"Kohli P, Painuly S, Matta P, Sharma S. Future trends of security and privacy in next generation VANET. In: 2020 3rd International Conference on Intelligent Sustainable Systems (ICISS). IEEE; 2020. p. 1372– 1375."
27,0,0,1,0,40,9,Helvetica,7.999899864196777,221.5,208.35,574.54,235.4,208.35,556.6,221.5,37.46,"Moussaoui D, Kadri B, Feham M, Bensaber BA. A Distributed Blockchain Based PKI (BCPKI) architec- ture to enhance privacy in VANET. In: 2020 2nd International Workshop on Human-Centric Smart Envi- ronments for Health and Well-being (IHSH). IEEE; 2021. p. 75–79."
27,0,0,1,0,9,9,Helvetica,7.999899864196777,221.5,240.38,452.6,248.38,240.38,543.62,221.5,159.4,Nakamoto S. Bitcoin: A peer-to-peer electronic cash system. 2008;.
27,0,0,1,0,18,9,Helvetica,7.999899864196777,221.5,253.37,558.49,270.89,253.37,521.11,221.5,53.51,"Crosby M, Pattanayak P, Verma S, Kalyanaraman V, et al. Blockchain technology: Beyond bitcoin. Applied Innovation. 2016; 2(6-10):71."
27,0,0,1,0,20,9,Helvetica,7.999899864196777,221.5,275.87,567.38,293.4,275.87,498.6,221.5,44.62,"Tapscott D, Tapscott A. Blockchain revolution: how the technology behind bitcoin is changing money, business, and the world. Penguin; 2016."
27,0,0,1,0,29,9,Helvetica,7.999899864196777,221.5,298.38,571.64,325.37,298.38,466.63,221.5,40.36,"Faneela, Khan MA, Alsuhibany SA, El-Shafai W, Rehman MU, Ahmad J. An immutable framework for smart healthcare using blockchain technology. Computer Systems Science and Engineering. 2023; 46 (1):165–179. https://doi.org/10.32604/csse.2023.035066"
27,0,0,1,0,34,9,Helvetica,7.999899864196777,221.5,330.35,575.99,357.4,330.35,434.6,221.5,36.01,"Ashfaq T, Khalid MI, Ali G, Affendi ME, Iqbal J, Hussain S, et al. An Efficient and Secure Energy Trading Approach with Machine Learning Technique and Consortium Blockchain. Sensors. 2022; 22(19):7263. https://doi.org/10.3390/s22197263 PMID: 36236363"
27,0,0,1,0,29,9,Helvetica,7.999899864196777,221.5,362.39,570.89,389.38,362.39,402.62,221.5,41.11,"Sankar LS, Sindhu M, Sethumadhavan M. Survey of consensus protocols on blockchain applications. In: 2017 4th international conference on advanced computing and communication systems (ICACCS). IEEE; 2017. p. 1–5."
27,0,0,1,0,31,9,Helvetica,7.999899864196777,221.5,394.36,563.82,421.35,394.36,370.65,221.5,48.18,"Aluvalu R, VN SK, Thirumalaisamy M, Basheer S, Selvarajan S, et al. Efficient data transmission on wireless communication through a privacy-enhanced blockchain process. PeerJ Computer Science. 2023; 9:e1308. https://doi.org/10.7717/peerj-cs.1308 PMID: 37346706"
27,0,0,1,0,28,9,Helvetica,7.999899864196777,221.5,426.39,561.82,453.38,426.39,338.62,221.5,50.18,"Saeed H, Malik H, Bashir U, Ahmad A, Riaz S, Ilyas M, et al. Blockchain technology in healthcare: A systematic review. Plos one. 2022; 17(4):e0266462. https://doi.org/10.1371/journal.pone.0266462 PMID: 35404955"
27,0,0,1,0,31,9,Helvetica,7.999899864196777,221.5,458.37,575.43,485.36,458.37,306.64,221.5,36.57,"Shitharth S, Yonbawi S, Manoharan H, Shankar A, Maple C, Alahmari S. Secured data transmissions in corporeal unmanned device to device using machine learning algorithm. Physical Communication. 2023; p. 102116. https://doi.org/10.1016/j.phycom.2023.102116"
27,0,0,1,0,20,9,Helvetica,7.999899864196777,221.5,490.4,568.87,507.87,490.4,284.13,221.5,43.13,"Wamba SF, Queiroz MM. Blockchain in the operations and supply chain management: Benefits, chal- lenges and future research opportunities; 2020."
27,0,0,1,0,27,9,Helvetica,7.999899864196777,221.5,512.9,562.28,539.9,512.9,252.1,221.5,49.72,"Manoharan H, Manoharan A, Selvarajan S, Venkatachalam K. Implementation of Internet of Things With Blockchain Using Machine Learning Algorithm: Enhancement of Security With Blockchain. IGI Global; 2023."
27,0,0,1,0,37,9,Helvetica,7.999899864196777,221.5,544.88,570.93,581.4,544.88,210.6,221.5,41.07,"Selvarajan S, Srivastava G, Khadidos AO, Khadidos AO, Baza M, Alshehri A, et al. An artificial intelligence lightweight blockchain security model for security and privacy in IIoT systems. Journal of Cloud Computing. 2023; 12(1):38. https://doi.org/10.1186/s13677-023-00412-y PMID: 36937654"
27,0,0,1,0,25,9,Helvetica,7.999899864196777,221.5,586.38,572.49,603.9,586.38,188.1,221.5,39.51,"Conti M, Kumar ES, Lal C, Ruj S. A survey on security and privacy issues of bitcoin. IEEE Communica- tions Surveys Tutorials. 2018; 20(4):3416–3452. https://doi.org/10.1109/COMST.2018.2842460"
27,0,0,1,0,30,9,Helvetica,7.999899864196777,221.5,608.89,571.9,635.88,608.89,156.12,221.5,40.1,"Cheikhrouhou O, Mershad K, Jamil F, Mahmud R, Koubaa A, Moosavi SR. A lightweight blockchain and fog-enabled secure remote patient monitoring system. Internet of Things. 2023; p. 100691. https:// doi.org/10.1016/j.iot.2023.100691"
27,0,0,1,0,25,9,Helvetica,7.999899864196777,221.5,640.86,555.84,667.85,640.86,124.15,221.5,56.16,"Zhu S, Cai Z, Hu H, Li Y, Li W. zkCrowd: a hybrid blockchain-based crowdsourcing platform. IEEE Transactions on Industrial Informatics. 2019; 16(6):4196–4205. https://doi.org/10.1109/TII.2019. 2941735"
27,0,0,1,0,35,9,Helvetica,7.999899864196777,221.5,672.89,568.99,699.88,672.89,92.12,221.5,43.01,"Zheng Z, Xie S, Dai H, Chen X, Wang H. An overview of blockchain technology: Architecture, consen- sus, and future trends. In: 2017 IEEE international congress on big data (BigData congress). Ieee; 2017. p. 557–564."
27,0,0,1,1,2,5,Gotham-Medium,11.0,34.98,35.85,91.82,48.39,35.85,743.61,34.98,520.18,PLOS ONE
27,0,0,1,0,8,9,Helvetica,7.999899864196777,341.07,39.81,576.0,47.8,39.81,744.2,341.07,36.0,BlockAuth: An access control framework for vehicles communication
27,0,0,1,0,10,9,Helvetica,7.999899864196777,36.0,749.6,576.0,757.6,749.6,34.4,36.0,36.0,"PLOS ONE | https://doi.org/10.1371/journal.pone.0291596 September 21, 2023 27 / 28"
28,0,0,1,0,31,9,Helvetica,7.999899864196777,221.5,76.88,568.72,103.87,76.88,688.13,221.5,43.28,"Akcora CG, Gel YR, Kantarcioglu M. Blockchain networks: Data structures of Bitcoin, Monero, Zcash, Ethereum, Ripple, and Iota. Wiley Interdisciplinary Reviews: Data Mining and Knowledge Discovery. 2022; 12(1):e1436. https://doi.org/10.1002/widm.1436 PMID: 35865106"
28,0,0,1,0,21,9,Helvetica,7.999899864196777,221.5,108.86,559.63,126.38,108.86,665.62,221.5,52.37,"Sharma P, Jindal R, Borah MD. A review of smart contract-based platforms, applications, and chal- lenges. Cluster Computing. 2023; 26(1):395–421. https://doi.org/10.1007/s10586-021-03491-1"
28,0,0,1,0,16,9,Helvetica,7.999899864196777,221.5,131.36,567.7,148.89,131.36,643.11,221.5,44.3,"Buterin V, et al. A next-generation smart contract and decentralized application platform. white paper. 2014; 3(37):2–1."
28,0,0,1,0,20,9,Helvetica,7.999899864196777,221.5,153.87,573.87,171.39,153.87,620.61,221.5,38.13,Bauer DP. Solidity. In: Getting Started with Ethereum: A Step-by-Step Guide to Becoming a Blockchain Developer. Springer; 2022. p. 13–16.
28,0,0,1,0,24,9,Helvetica,7.999899864196777,221.5,176.38,571.88,193.9,176.38,598.1,221.5,40.12,"Sober M, Sigwart M, Frauenthaler P, Spanring C, Kobelt M, Schulte S. Decentralized cross-blockchain asset transfers with transfer confirmation. Cluster Computing. 2022; p. 1–18."
28,0,0,1,0,23,9,Helvetica,7.999899864196777,221.5,198.88,571.77,216.35,198.88,575.65,221.5,40.23,"Vasishta MVA, Palanisamy B, Sural S. Decentralized Authorization using Hyperledger Fabric. In: 2022 IEEE International Conference on Blockchain (Blockchain). IEEE; 2022. p. 238–243."
28,0,0,1,0,36,9,Helvetica,7.999899864196777,221.5,221.39,573.46,248.38,221.39,543.62,221.5,38.54,"Androulaki E, Barger A, Bortnikov V, Cachin C, Christidis K, De Caro A, et al. Hyperledger fabric: a dis- tributed operating system for permissioned blockchains. In: Proceedings of the thirteenth EuroSys con- ference; 2018. p. 1–15."
28,0,0,1,0,35,9,Helvetica,7.999899864196777,221.5,253.37,574.2,280.36,253.37,511.64,221.5,37.8,"Thakkar P, Nathan S, Viswanathan B. Performance benchmarking and optimizing hyperledger fabric blockchain platform. In: 2018 IEEE 26th international symposium on modeling, analysis, and simulation of computer and telecommunication systems (MASCOTS). IEEE; 2018. p. 264–276."
28,0,0,1,0,25,9,Helvetica,7.999899864196777,221.5,285.4,575.86,302.86,285.4,489.14,221.5,36.14,"Maesa DDF, Mori P, Ricci L. Blockchain based access control. In: IFIP International Conference on Dis- tributed Applications and Interoperable Systems. Springer; 2017. p. 206–220."
28,0,0,1,0,22,9,Helvetica,7.999899864196777,221.5,307.9,575.63,334.9,307.9,457.1,221.5,36.37,"Shitharth S, Mouratidis H. A quantum trust and consultative transaction-based blockchain cybersecurity model for healthcare systems. Scientific Reports. 2023; 13(1):7107. https://doi.org/10.1038/s41598- 023-34354-x"
28,0,0,1,0,19,9,Helvetica,7.999899864196777,221.5,339.88,571.84,357.4,339.88,434.6,221.5,40.16,Novo O. Blockchain Meets IoT: an Architecture for Scalable Access Management in IoT. IEEE Internet of Things Journal. 2018;.
28,0,0,1,0,32,9,Helvetica,7.999899864196777,221.5,362.39,574.94,389.38,362.39,402.62,221.5,37.06,"Abbasi AG, Khan Z. Veidblock: Verifiable identity using blockchain and ledger in a software defined net- work. In: Companion Proceedings of the10th International Conference on Utility and Cloud Computing; 2017. p. 173–179."
28,0,0,1,0,37,9,Helvetica,7.999899864196777,221.5,394.36,575.61,421.35,394.36,370.65,221.5,36.39,"Tang B, Kang H, Fan J, Li Q, Sandhu R. Iot passport: A blockchain-based trust framework for collabora- tive internet-of-things. In: Proceedings of the 24th ACM symposium on access control models and tech- nologies; 2019. p. 83–92."
28,0,0,1,0,26,9,Helvetica,7.999899864196777,221.5,426.39,567.06,453.38,426.39,338.62,221.5,44.94,"Xu R, Chen Y, Blasch E, Chen G. Blendcac: A smart contract enabled decentralized capability-based access control mechanism for the iot. Computers. 2018; 7(3):39. https://doi.org/10.3390/ computers7030039"
28,0,0,1,0,19,9,Helvetica,7.999899864196777,221.5,458.37,574.64,475.89,458.37,316.11,221.5,37.36,"Dorri A, Kanhere SS, Jurdak R. Blockchain in internet of things: challenges and solutions. arXiv preprint arXiv:160805187. 2016;. D"
28,0,0,1,0,38,9,Helvetica,7.999899864196777,221.5,480.87,574.34,507.87,480.87,284.13,221.5,37.66,"Dorri A, Kanhere SS, Jurdak R, Gauravaram P. Blockchain for IoT security and privacy: The case study of a smart home. In: Pervasive Computing and Communications Workshops (PerCom Workshops), 2017 IEEE International Conference on. IEEE; 2017. p. 618–623."
28,0,0,1,0,34,9,Helvetica,7.999899864196777,221.5,512.9,575.8,539.9,512.9,252.1,221.5,36.2,"Gusmeroli S, Piccione S, Rotondi D. IoT access control issues: a capability based approach. In: Innova- tive Mobile and Internet Services in Ubiquitous Computing (IMIS), 2012 Sixth International Conference on. IEEE; 2012. p. 787–792."
28,0,0,1,0,30,9,Helvetica,7.999899864196777,221.5,544.88,567.84,571.87,544.88,220.13,221.5,44.16,"Cirani S, Picone M, Gonizzi P, Veltri L, Ferrari G. Iot-oas: An oauth-based authorization service archi- tecture for secure services in iot scenarios. IEEE sensors journal. 2014; 15(2):1224–1234. https://doi. org/10.1109/JSEN.2014.2361406"
28,0,0,1,1,2,5,Gotham-Medium,11.0,34.98,35.85,91.82,48.39,35.85,743.61,34.98,520.18,PLOS ONE
28,0,0,1,0,8,9,Helvetica,7.999899864196777,341.07,39.81,576.0,47.8,39.81,744.2,341.07,36.0,BlockAuth: An access control framework for vehicles communication
28,0,0,1,0,10,9,Helvetica,7.999899864196777,36.0,749.6,576.0,757.6,749.6,34.4,36.0,36.0,"PLOS ONE | https://doi.org/10.1371/journal.pone.0291596 September 21, 2023 28 / 28"
