page_number,is_bold,is_italic,is_underline,is_all_caps,word_count,norm_font_size,font,font_size,x0,y0,x1,y1,space_above,space_below,space_left,space_right,text
1,0,0,1,0,15,10,FormataOTF-Reg,6.973800182342529,36.17,64.39,312.46,71.37,64.39,711.56,36.17,263.54,"Received February 21, 2019, accepted April 2, 2019, date of current version May 6, 2019."
1,0,1,1,0,4,12,GiovanniStd-BookItalic,5.97760009765625,36.17,78.02,173.58,84.0,78.02,698.93,36.17,402.42,Digital Object Identifier 10.1109/ACCESS.2019.2911924
1,0,0,1,0,15,1,FormataOTFCond-Md,21.917800903320312,36.17,111.71,367.17,209.55,111.71,573.38,36.17,208.83,An Efficient Privacy-Preserving Mutual Authentication Scheme for Secure V2V Communication in Vehicular Ad Hoc Network
1,0,0,1,1,2,3,FormataOTFMd,9.86299991607666,36.17,226.23,87.57,236.09,226.23,546.84,36.17,488.43,LIBING WU
1,0,0,1,1,12,13,FormataOTFMd,8.679399967193604,95.67,224.42,321.23,236.09,224.42,546.84,95.67,254.77,"1,2 , QIANQIAN SUN 1 , XINPEI WANG 1 , JING WANG"
1,0,0,1,1,4,13,FormataOTFMd,8.679399967193604,329.33,224.42,378.19,236.09,224.42,546.84,329.33,197.81,"1 , SHUI YU"
1,0,0,1,0,14,13,FormataOTFMd,8.679399967193604,36.17,224.42,393.62,248.05,224.42,534.88,36.17,182.38,"3 , YIFEI ZOU 4 , BINGYI LIU 2 , AND ZIKE ZHU 5"
1,0,0,1,0,64,13,TimesLTStd-Roman,5.786250114440918,36.17,247.37,347.5,287.02,247.37,495.91,36.17,228.5,"1 School of Computer Science, Wuhan University, Wuhan 430072, China 2 Hubei Key Laboratory of Transportation Internet of Things, Wuhan University of Technology, Wuhan 430072, China 3 School of Software, University of Technology Sydney, Ultimo, NSW 2007, Australia 4 Deparment of Computer Science, The Chinese University of Hong Kong, Hong Kong 5 School of Economics and Finance, Wuhan University of Technology, Wuhan 430072, China"
1,0,0,1,0,74,6,TimesLTStd-Roman,7.671199798583984,36.17,291.65,457.02,341.82,291.65,441.11,36.17,118.98,"Corresponding author: Libing Wu (wu@whu.edu.cn) This work was supported in part by the National Natural Science Foundation of China under Grant 61772377, Grant 61572370, and Grant 91746206, in part by the Natural Science Foundation of Hubei Province of China under Grant 2017CFA007, in part by the Science and Technology Planning Project of ShenZhen under Grant JCYJ20170818112550194, and in part by the Fund of Hubei Key Laboratory of Transportation Internet of Things under Grant WHUTIOT-2017A0011."
1,1,0,1,1,1,2,FormataOTF-Bold,9.962599754333496,43.42,371.76,93.05,381.79,371.76,401.14,43.42,482.95,ABSTRACT
1,0,0,1,0,193,2,TimesLTStd-Roman,9.962599754333496,43.42,371.73,469.87,549.07,371.73,233.86,43.42,106.13,"Recent years have witnessed that the new mobility Intelligent Transportation System is booming, especially the development of Vehicular Ad Hoc Networks (VANETs). It brings convenience and a good experience for drivers. Unfortunately, VANETs are suffering from potential security and privacy issues due to the inherent openness of VANETs. In the past few years, to address security and privacy-preserving problems, many identity-based privacy-preserving authentication schemes have been proposed by researchers. However, we found that these schemes fail to meet the requirements of user privacy protection and are vulnerable to attacks or have high computational complexity. Hence, we focus on enhancing privacy-preserving via authentication and achieving better performance. In this paper, ﬁrst, we describe the vulnerabilities of the previous scheme. Furthermore, to enhance privacy protection and achieve better performance, we propose an efﬁcient privacy-preserving mutual authentication protocol for secure V2V communication in VANETs. Through security analysis and comparison, we formally demonstrate that our scheme can accomplish security goals under dynamic topographical scenario compared with the previous scheme. Finally, the efﬁciency of the scheme is showed by performance evaluation. The results of our proposed scheme are computationally efﬁcient compared with the previously proposed privacy-preserving authentication scheme."
1,1,0,1,0,10,2,FormataOTF-Bold,9.962599754333496,43.42,569.24,451.15,579.29,569.24,203.64,43.42,124.85,"INDEX TERMS VANETs, authentication, V2V, privacy-preserving, security, identity guessing attack."
1,1,0,1,1,2,4,FormataOTF-Bold,8.966400146484375,37.17,602.41,112.63,611.44,602.41,171.49,37.17,463.37,I. INTRODUCTION
1,0,0,1,0,60,2,TimesLTStd-Roman,9.962599754333496,36.17,613.59,277.37,695.29,613.59,87.64,36.17,298.63,"In recent years, along with the fast growth of intelligent transportation systems (ITSs) [1] and wireless technolo- gies (e.g., GPRS, VLC, 5G, WiMAX and GSM), Vehicu- lar Ad Hoc Networks (VANETs) [2] become increasingly prosperous, enabling mobile devices to enjoy convenient and comprehensive services. As [3] pointed out, in the Internet of things, there are different forms in different application"
1,0,0,1,0,17,5,TimesLTStd-Roman,7.970099925994873,36.17,713.57,277.38,730.51,713.57,52.42,36.17,298.62,The associate editor coordinating the review of this manuscript and approving it for publication was Giovanni Angiulli.
1,0,0,1,0,91,2,TimesLTStd-Roman,9.962599754333496,297.08,601.64,538.28,731.15,601.64,51.78,297.08,37.72,"ﬁelds, such as VANETs. Vehicles as mobile devices are generally equipped with sensors (e.g., speed, acceleration, position, rotational speed sensor), processors and wireless communication equipment (e.g., Bluetooth, Wi-Fi, OBU) to perform all terminal perception, computation and communi- cation tasks [4]. Vehicles can communicate and share infor- mation with each other, since VANET is a mobile wireless network [5]. It is envisaged that the police may demand to require information from drivers, but drivers may pay close attention to their own personal sensitive information (e.g., identity, location history and movements) when they"
1,0,0,1,0,28,12,FormataOTF-Reg,5.97760009765625,151.38,744.52,423.08,764.75,744.52,18.18,151.38,152.92,"2169-3536 
 2019 IEEE. Translations and content mining are permitted for academic research only. Personal use is also permitted, but republication/redistribution requires IEEE permission. See http://www.ieee.org/publications_standards/publications/rights/index.html for more information."
1,0,0,1,1,3,12,FormataOTF-Reg,5.97760009765625,492.71,751.9,538.29,757.88,751.9,25.05,492.71,37.71,"VOLUME 7, 2019"
2,0,1,1,0,16,10,FormataOTF-Reg,6.973800182342529,36.17,25.99,388.0,32.98,25.99,749.95,36.17,188.0,L. Wu et al. : Efficient Privacy-Preserving Mutual Authentication Scheme for Secure V2V Communication in VANETs
2,0,0,1,0,244,2,TimesLTStd-Roman,9.962599754333496,36.17,65.49,277.37,398.24,65.49,384.69,36.17,298.63,"communicate in the VANETs environment which exists secu- rity threats. It is possible that these valuable data may be stolen by the adversary in the above communication process. That’s why mobile users, researchers even governments pay greater attention to security issues to achieve better imple- ment of real-time and intelligent applications [6]. There are two different communication scenarios, namely Vehicle To Infrastructure (V2I) and Vehicle To Vehicle (V2V) in VANETs. As shown in Figure 1, there are three major units in VANETs, which are the authentication server (AS), wireless onboard unit (OBU) and roadside unit (RSU). Vehi- cles in VANETs are deemed as mobile nodes equipped with OBUs with an integration of the GPS receiver, ITS-G5/IEEE 802.11p protocols, and vehicular sensors [7]. The OBU is in charge of recording information (e.g., velocity, location) during driving and allows itself to correspond with RSU or other vehicles. The RSU is ﬁxed at the roadsides and plays itself as public transport infrastructure to connect the vehi- cle to the Internet through reliable communication channels. Further, because of equipping with wireless devices, RSU can exchange information with passing vehicles and gather information to know about local situations [8]. Due to above features and their inherent openness, VANETs are facing a serious security challenge, like the issues of information conﬁdentiality, information integrity. Hence, it is becoming increasingly important for protocols to have the ability to provide drivers with secure and user friendly authentication to achieve a secure communication [9]."
2,1,0,1,0,6,10,FormataOTF-Bold,6.973800182342529,36.17,617.14,151.96,624.17,617.14,158.76,36.17,424.04,FIGURE 1. Structure of the VANETS.
2,0,0,1,0,68,2,TimesLTStd-Roman,9.962599754333496,36.17,639.33,277.38,732.98,639.33,49.95,36.17,298.62,"Owing to VANETs are vulnerable to malicious attacks just as any other wireless network [7], [10]–[14], more and more researchers are having eye on and taking part in pri- vacy protection authentication. Authentication protocols for VANETs have been designed by most researchers, including those put forward for offering privacy protection during the period of communication and those proposed for a reduc- tion of the storage and computation/communication costs."
2,0,0,1,0,55,2,TimesLTStd-Roman,9.962599754333496,297.08,65.49,538.28,159.13,65.49,623.79,297.08,37.72,"However, existing authentication protocols generally have shortcomings against the external adversary. VANETs still need a secure and effective authentication scheme. Our research aims to construct an efﬁcient and secure authentica- tion scheme to eliminate these vulnerabilities of Zhou et al.’s scheme under VANETs environment. The major contributions of our improved scheme are listed as following:"
2,0,0,1,1,3,4,FormataOTFMdIt,8.966400146484375,298.07,173.23,402.34,182.2,173.23,600.73,298.07,173.66,A. OUR CONTRIBUTIONS
2,0,0,1,0,115,2,TimesLTStd-Roman,9.962599754333496,310.83,185.37,538.28,362.7,185.37,420.22,310.83,37.72,"First, in order to enhance the security, we bring up an efﬁcient privacy protection mutual authentication pro- tocol for secure V2V communication in VANETs to overcome the shortcomings of Zhou et al.’s scheme. Second, we reveal the weakness of Zhou et al.’s scheme and give an in-depth description of the damaging threat of the existing weakness. Third, we present an elaborate security analysis to for- mally demonstrate that the proposed scheme is provable security and meet the security goals in VANETs, espe- cially in key protection. Finally, we display our performance analysis to demon- strate that our scheme has a reasonable consumption with a lower computation and communication cost than the previous scheme in VANETs."
2,0,0,1,1,2,4,FormataOTFMdIt,8.966400146484375,298.07,376.8,354.69,385.77,376.8,397.16,298.07,221.31,B. ROADMAP
2,0,0,1,0,111,2,TimesLTStd-Roman,9.962599754333496,297.08,388.94,538.28,518.45,388.94,264.48,297.08,37.72,"To present our contributions and work, the rest of the frame- work for this paper is structured as follows. The related work in recent years is introduced in section II. We present the pre- liminaries to the elliptical curve cryptosystem in Section III. In Section IV, we have a review of Zhou et al.’s scheme. In addition, section V points out its existing security vulner- abilities. The main improvement of our proposal is described in Section VI while Section VII describes the security anal- ysis. We show the performance evaluation to demonstrate our scheme’s reasonable overhead in Section VIII. At last, we provide the conclusion of the paper in last section."
2,1,0,1,1,3,4,FormataOTF-Bold,8.966400146484375,298.07,532.51,379.15,541.54,532.51,241.39,298.07,196.85,II. RELATED WORK
2,0,0,1,0,148,2,TimesLTStd-Roman,9.962599754333496,297.08,543.69,538.28,732.98,543.69,49.95,297.08,37.72,"In order to address security and privacy issue in VANETs, numerous research schemes [15]–[26], [30]–[32] have been proposed. Raya and Hubaux [15] investigated an authenti- cation scheme which pre-storaged many public and private key pairs with a short lifecycle, as well as corresponding certiﬁcates into each vehicle’s OBU to preserve drivers’ privacy. However, a vehicle’s OBU needs to store very large number key pairs due to the changing key each time. Raya and Hubaux’s scheme has a high computation cost, since the key management is a complex problem. To solve the shortcomings of Raya and Hubaux scheme, a new privacy protection protocol, which adopted an alter- native approach to avoidance of the preloading of a large number of public or private key pairs of OBU and corre- sponding certiﬁcates was designed by Lu et al. [17] in 2008. In their scheme, when a vehicle passes through the RSU,"
2,0,0,1,1,3,12,FormataOTF-Reg,5.97760009765625,36.17,746.92,81.74,752.89,746.92,30.03,36.17,494.26,"VOLUME 7, 2019"
3,0,1,1,0,16,10,FormataOTF-Reg,6.973800182342529,186.46,25.99,538.28,32.98,25.99,749.95,186.46,37.72,L. Wu et al. : Efficient Privacy-Preserving Mutual Authentication Scheme for Secure V2V Communication in VANETs
3,0,0,1,0,469,2,TimesLTStd-Roman,9.962599754333496,36.17,65.49,277.37,732.98,65.49,49.95,36.17,298.63,"each vehicle will receive an anonymous certiﬁcate for a short period of time. In order to obtain anonymous cer- tiﬁcates that change over time from RSU to avoid the adversary’s traceability, the vehicle needs to execute this procedure frequently. Hence, Lu et al.’s scheme with high computation/communication and storage costs has a weak efﬁciency. To address the weakness of Lu et al.’s scheme, a novel authentication protocol combining mix-zones with anonymous certiﬁcates was proposed by Freudiger et al. [18]. However, the scheme also must store massive anonymous certiﬁcates. Additionally, in 2008, Zhang et al. [19] designed a privacy-preserving authentication protocol with the Hash message authentication code in VANETs. In their scheme, for the sake of user’s privacy, the vehicle communicates with near RSU using different public keys. Therefore, Zhang et al.’s scheme also fails to meet the requirement of performance in VANETs. To address high computation and high storage costs problems, these schemes [25], [26], [30]–[32] were pro- posed. Zhang et al. [24], [25] designed an ID-based condi- tional privacy protection authentication scheme in VANETs. In their scheme, both the vehicle and RSU are not nec- essary to store certiﬁcates. However, Lee and Lai found that [24], [25] cannot resist replying attacks. [31] designed a conditional privacy protection authentication and group-key agreement scheme based on password for VANETs with no use bilinear pairing. References [30], [32] proposed a privacy-preserving authentication scheme to improve com- putation efﬁciency. Chuang and Lee [26] proposed the ﬁrst authentication mechanism (TEAM) using a transitive trust relationship for VANETs in 2014. TEAM is a quite lightweight privacy-preserving authentication scheme, since it only uses a hash function and an XOR operation to pro- tect the drivers’ privacy and security from malicious adver- sary. Vehicles are divided into three types in their scheme, that is, mistrustful vehicles (MVs), trustful vehicles (TVs) and law executors (LEs), as shown in Figure 1. However, Kumari et al. [5] and Zhou et al. [23] revealed that Chuang and Lee’s scheme suffers from privacy breach, insider attack, impersonation attack and has some other weaknesses. To address these vulnerabilities, on the basis of TEAM, Zhou et al. applied Elliptic Curve Cryptographic (ECC) to propose a new enhanced scheme which is based on mutual authentication in VANETs. Nevertheless, according to our research efforts, Zhou et al.’s scheme cannot withstand iden- tity guessing attack and impersonation attack as well as has weaker user anonymity. To enhance security and privacy protection in VANETs, we also use ECC technology to design a new privacy- preserving authentication scheme. The formal and infor- mal security analysis of our proposed scheme indicates its provable security and could overcome the vulnerability in Zhou et al.’s scheme. The performance analysis of our pro- posed scheme demonstrates that it yields lower computa- tional and communication overheads making it applicable to dynamic topographic scenarios."
3,1,0,1,1,2,4,FormataOTF-Bold,8.966400146484375,298.08,66.26,381.56,75.29,66.26,707.64,298.08,194.44,III. PRELIMINARIES
3,0,0,1,0,105,2,TimesLTStd-Roman,9.962599754333496,297.08,77.44,538.29,207.83,77.44,575.09,297.08,37.71,"Mathematical problems in Elliptic Curve Cryptographic have been widely used in the authentication scheme in VANETs. In this paper, our proposed scheme uses the problem of elliptic curve discrete logarithm to achieve its security. The brief reviews on ECC are as follows: Let G be an elliptic curve group, which is deﬁned by a prime number p and a generator P . The following two difﬁcult problem assumptions are based on ECC and these problems are difﬁcult to solve. Let E be an equation of the elliptic curve: y = x 3 + ax + b mod p , where a , b R Z"
3,0,1,1,0,19,2,TimesLTStd-Italic,9.962599754333496,297.08,208.9,538.29,230.87,208.9,552.06,297.08,37.71,"Deﬁnition 1: Discrete Logarithm Problem (DLP): Given two points P and Q on E randomly, the objective of the"
3,0,1,1,0,9,13,TimesLTStd-Roman,9.36484980583191,297.08,232.81,444.08,243.7,232.81,539.23,297.08,131.92,DLP is to calculate an integer a R Z
3,0,1,1,0,5,13,TimesLTStd-Italic,8.767099857330322,444.08,232.86,538.29,244.89,232.86,538.04,444.08,37.71,p to meet the following
3,0,1,1,0,46,2,TimesLTStd-Roman,9.962599754333496,297.08,244.77,538.29,303.48,244.77,479.45,297.08,37.71,"condition: Q is equal to aP . Deﬁnition 2: Elliptic Curve Computational Diffe-Hellman Problem (ECCDHP): Given two points R = aP and Q = bP on E randomly, the objective of the ECCDHP is to calculate the point abP , where a , b R Z"
3,0,1,1,0,5,13,TimesLTStd-Italic,8.767099857330322,417.22,292.64,530.47,304.66,292.64,478.27,417.22,45.53,p are two unknown integers.
3,1,0,1,0,8,4,FormataOTF-Bold,8.966400146484375,298.07,317.18,481.71,326.21,317.18,456.72,298.07,94.29,IV. REVIEW OF THE ZHOU ET AL.’s SCHEME
3,0,0,1,0,111,2,TimesLTStd-Roman,9.962599754333496,297.08,328.36,538.28,469.83,328.36,313.1,297.08,37.72,"We review the Zhou et al.’s scheme based on TEAM for VANETs in this section. TABLE 1 shows the sym- bols and their corresponding meanings. We are only keen on six phases of this scheme: initialization, registration, login, general authentication, secure communication, key update. In their scheme, as shown in Figure 1, vehicles have three types: ﬁrst is law executors (LEs), second is trust- ful vehicles (TVs) and third is mistrustful vehicles (MVs). LEs are always trustful and play a role of mobile authen- tication server. In the beginning, the normal vehicle is authenticated only via LE. Later, if this normal vehicle is successfully authenticated, it will become a trustful vehicle."
3,1,0,1,0,7,10,FormataOTF-Bold,6.973800182342529,297.08,494.22,459.8,501.24,494.22,281.69,297.08,116.2,TABLE 1. The notations and specific descriptions.
3,0,0,1,1,3,12,FormataOTF-Reg,5.97760009765625,492.71,746.92,538.29,752.89,746.92,30.03,492.71,37.71,"VOLUME 7, 2019"
4,0,1,1,0,16,10,FormataOTF-Reg,6.973800182342529,36.17,25.99,388.0,32.98,25.99,749.95,36.17,188.0,L. Wu et al. : Efficient Privacy-Preserving Mutual Authentication Scheme for Secure V2V Communication in VANETs
4,0,0,1,0,132,2,TimesLTStd-Roman,9.962599754333496,36.17,65.49,277.37,242.82,65.49,540.11,36.17,298.63,"Otherwise, it still a mistrustful vehicle. At this time, a normal vehicle can be authenticated by LE or a trustful vehicle. When the key’s lifecycle expires, the vehicle’s state changes from trust to mistrust. The whole process consists of 9 phases, which are ini- tialization, registration, login, password change, general authentication, trust-extended authentication, secure commu- nication, key revocation, and key update. When AS starts to set up the system parameters, the initiation phase will be performed. Registration has two types, namely LE reg- istration and normal vehicle registration. In LE registration phase, a LE registers itself as a trustful vehicle with AS using a secure transmit channel. In normal vehicle regis- tration phase, which is performed only once by per vehi- cle, all vehicles but LEs have to execute this phase before"
4,0,1,1,0,11,13,TimesLTStd-Roman,9.36484980583191,36.17,244.77,277.38,256.27,244.77,526.66,36.17,298.62,they enter into VANETs. User i has to execute the login
4,0,0,1,0,10,2,TimesLTStd-Roman,9.962599754333496,36.17,256.77,277.37,266.73,256.77,516.2,36.17,298.63,"phase, when it hopes to VANETs supply the best service"
4,0,1,1,0,23,13,TimesLTStd-Roman,9.36484980583191,36.17,268.68,277.38,291.52,268.68,491.41,36.17,298.62,"for it. And if the User i wants to try changing its pass- word, the password change process is started. After User i"
4,0,0,1,0,8,2,TimesLTStd-Roman,9.962599754333496,36.17,292.63,277.37,302.6,292.63,480.33,36.17,298.63,"has completed its login phase, the general authentication"
4,0,1,1,0,23,13,TimesLTStd-Roman,9.279456956045967,36.17,304.54,277.38,328.0,304.54,454.93,36.17,298.62,"procedure is performed between OBU i and LE j . At this time, the state of OBU i changes from mistrust to trust"
4,0,1,1,0,25,2,TimesLTStd-Roman,9.962599754333496,36.17,328.45,277.38,362.37,328.45,420.56,36.17,298.62,"and gets the parameter psk (i.e., authentication key) after achieving the general authentication procedure successfully. Mistrustful OBUs can get authenticated by LEs at the gen-"
4,0,1,1,0,9,13,TimesLTStd-Roman,9.36484980583191,36.17,364.32,277.38,375.82,364.32,407.11,36.17,298.62,eral authentication phase or trusted OBU i in trust-extended
4,0,0,1,0,34,2,TimesLTStd-Roman,9.962599754333496,36.17,376.32,277.37,422.15,376.32,360.78,36.17,298.63,"authentication phase at present. Then, two trustful vehicles can have a communication at secure communication phase. When the key’s lifecycle expires, the vehicle’s state will become mistrustful and the key revocation will be performed."
4,0,1,1,0,11,13,TimesLTStd-Roman,9.36484980583191,36.17,424.09,277.38,435.6,424.09,347.33,36.17,298.62,The state of the OBU i continues to be mistrustful again
4,0,0,1,0,123,2,TimesLTStd-Roman,9.962599754333496,36.17,436.1,277.37,613.43,436.1,169.5,36.17,298.63,"when the lifecycle of key expires, and the key revocation will be performed. When the key of a trustful vehicle is nearing expiration, it can update the key during the key update phase. This is the whole process of Zhou et al.’s scheme. Each vehicle is equipped with the OBU consisting of Event Data Recorders (EDRs) and Tamper-Proof Devices (TPDs). The former are in charge of recording event data (e.g., time, location, login history of the vehicle, public parameters). The latter prevent attackers from intercepting information from OBU. Additionally, assuming that the GPS device synchro- nizes the time of each vehicle. The vehicle broadcasts the message with the authentication state (trusted or mistrusted) periodically. The following displays Zhou et al.’s scheme in detail."
4,0,0,1,1,2,4,FormataOTFMdIt,8.966400146484375,37.17,623.62,113.98,632.59,623.62,150.34,37.17,462.02,A. INITIALIZATION
4,0,0,1,0,45,2,TimesLTStd-Roman,9.962599754333496,36.17,635.76,277.38,697.82,635.76,85.11,36.17,298.62,"The following two steps are initialization procedures for AS when setting up system parameters. 1) Let G be an elliptic curve group, which is deﬁned by a prime number p and a generator P . 2) The AS chooses x at random from R Z"
4,0,1,1,0,4,13,TimesLTStd-Italic,8.767099857330322,219.48,686.98,277.38,699.01,686.98,83.92,219.48,298.62,p as its secret
4,0,0,1,0,49,2,TimesLTStd-Roman,9.962599754333496,60.41,698.94,277.38,732.81,698.94,50.12,60.41,298.62,"key and uses the one way hash chain method to cal- culate secure key-sets { psk i , i = 1 , . . . , n } , such as, h 2 ( x ) = h ( h ( x )), which is showed in Figure 2."
4,1,0,1,0,9,10,FormataOTF-Bold,6.973800182342529,297.08,128.51,472.41,135.53,128.51,647.4,297.08,103.59,FIGURE 2. Generating key set by Hash Chain method.
4,0,0,1,1,5,4,FormataOTFMdIt,8.966400146484375,297.08,162.31,381.15,184.24,162.31,598.69,297.08,194.85,B. REGISTRATION 1) LE REGISTRATION
4,0,0,1,0,65,2,TimesLTStd-Roman,9.962599754333496,297.08,187.4,538.28,245.18,187.4,537.75,297.08,37.72,"LE is registered with AS through a secure channel in this process. AS uses the hash-chain to calculate secure key-sets { psk i , i = 1 , . . . , n } , and sends both key-sets and public parameters { G , P , p } to LE. LE stores these parameters in its reliable security hardware OBU. To ensure the robust"
4,0,1,1,0,12,13,TimesLTStd-Roman,9.36484980583191,297.08,247.13,528.13,258.63,247.13,524.3,297.08,47.87,"security, the lifecycle of every psk i needs to be set shorter."
4,0,0,1,1,4,4,FormataOTF-Reg,8.966400146484375,297.08,272.02,444.09,280.98,272.02,501.95,297.08,131.91,2) NORMAL VEHICLE REGISTRATION
4,0,0,1,0,45,2,TimesLTStd-Roman,9.962599754333496,297.08,284.14,538.29,329.97,284.14,452.96,297.08,37.71,"When all vehicles enter the market, they are required to per- form the procedure by means of the manufacturer or a secure channel, but LE is an exception. Each vehicle is registered only once in this process. Here are several steps of this stage :"
4,0,1,1,0,28,13,TimesLTStd-Roman,9.245299816131592,307.04,334.01,538.29,357.47,334.01,425.46,307.04,37.71,"1) User i AS: User i selects its password pw i , then trans- mits its identity id i and pw i to the AS using a secure"
4,0,1,1,0,111,13,TimesLTStd-Roman,9.165599822998047,307.04,369.88,538.29,440.54,369.88,342.39,307.04,37.71,"2) After receiving the identity id i and secret password pw i from User i , the AS selects y i as a random number, and then calculates a i = h ( x || id i ), b i = a i h ( pw i ), c i = a i h ( psk || y i ), d i = h ( id i || pw i || a i ). 3) AS User i : The AS stores the parameters (i.e., h (), G , P , p , b i , c i , d i , y i ) in its OBU reliable security hardware"
4,0,0,1,0,4,2,TimesLTStd-Roman,9.962599754333496,321.32,441.65,413.72,451.62,441.65,331.31,321.32,162.28,using a secure channel.
4,0,1,1,0,56,13,TimesLTStd-Roman,9.279456956045967,307.04,453.56,538.29,502.11,453.56,280.82,307.04,37.71,"4) User i selects a number x i as its private key, and then calculates P pub i = x i P which is deemed to its public key, and then calculates z i = h ( pw i ) x i and stores both P pub i and z i in its reliable security hardware."
4,0,0,1,1,13,4,FormataOTFMdIt,8.966400146484375,297.08,514.3,538.28,537.9,514.3,245.03,297.08,37.72,"C. LOGIN When a User i intends to access service from VANETs, this"
4,0,0,1,0,3,2,TimesLTStd-Roman,9.962599754333496,297.08,538.4,392.52,548.36,538.4,234.57,297.08,183.48,procedure is performed.
4,0,1,1,0,43,13,TimesLTStd-Roman,9.165599822998047,307.04,552.4,538.29,599.16,552.4,183.77,307.04,37.71,1) User i OBU i : User i submits its real identity id i and password pw i to OBU i . 2) Verify: OBU i recalculates a i = h ( pw i ) b i . Then it veriﬁes d i
4,0,1,1,0,42,13,MTSYN,9.36484980583191,321.32,587.08,538.29,623.68,587.08,159.25,321.32,37.71,"= h ( id i || pw i || a i ) holds or not. If so, it indicates that these parameters ( id i , pw i ) inputted by the User i are correct. Otherwise, OBU i denies the user"
4,0,0,1,1,13,4,FormataOTFMdIt,8.966400146484375,297.08,649.01,538.28,672.6,649.01,110.32,297.08,37.72,"D. GENERAL AUTHENTICATION On completing the login process, OBU i implements this pro-"
4,0,0,1,0,14,2,TimesLTStd-Roman,9.962599754333496,297.08,673.1,538.28,695.02,673.1,87.91,297.08,37.72,cedure with the help of the LE. Here are seven steps of this stage.
4,0,1,1,0,21,13,TimesLTStd-Roman,9.207547187805176,307.04,697.88,532.72,710.57,697.88,72.36,307.04,43.28,"1) The OBU i calculates aid i = h ( r i ) id i , where r i R Z"
4,0,1,1,0,39,13,TimesLTStd-Roman,9.324999809265137,321.32,709.83,538.29,734.48,709.83,48.45,321.32,37.71,"is generated randomly, m 1 = h ( a i ) r i and m 2 = h ( r i || aid i || c i || y i ), where a i is obtained from login phase."
4,0,0,1,1,3,12,FormataOTF-Reg,5.97760009765625,36.17,746.92,81.74,752.89,746.92,30.03,36.17,494.26,"VOLUME 7, 2019"
5,0,1,1,0,16,10,FormataOTF-Reg,6.973800182342529,186.46,25.99,538.28,32.98,25.99,749.95,186.46,37.72,L. Wu et al. : Efficient Privacy-Preserving Mutual Authentication Scheme for Secure V2V Communication in VANETs
5,0,1,1,0,3,13,TimesLTStd-Roman,9.165599822998047,46.13,65.44,82.89,76.33,65.44,706.6,46.13,493.11,2) OBU i
5,0,1,1,0,132,13,TimesLTStd-Italic,9.165599822998047,46.13,65.44,277.38,160.63,65.44,622.3,46.13,298.62,"LE j : OBU i obtains these parameters (i.e., aid i , c i , y i , m 1 , m 2 ) after step 1), and then it sends these authentication parameters to LE j . 3) LE j receives these authentication parameters (i.e., aid i , c i , y i , m 1 , m 2 ) after step 2) from OBU i , and then it uses psk to recalculate a i and r i = m 1 h ( a i ) and then veriﬁes whether m 2 = h ( r i || aid i || c i || y i ) holds or not. If so, LE j calculates aid j = id j h ( r j ), where r j R Z"
5,0,1,1,0,89,13,TimesLTStd-Italic,9.279456956045967,46.13,159.89,277.38,231.74,159.89,551.19,46.13,298.62,"sk ij = h ( r i || r j ). Then LE j computers the reply message m 3 = r j h 2 ( r i ), m 4 = psk r j , and the veriﬁcation message m 5 = h ( aid j || sk ij || r j || psk ). 4) LE j OBU i : On calculating these response messages, LE j returns response messages (i.e., m 3 , m 4 , m 5 , aid j ) to OBU i ."
5,0,0,1,0,9,2,TimesLTStd-Roman,9.962599754333496,46.13,232.86,277.37,242.82,232.86,540.11,46.13,298.63,5) receiving the response message after step 4) from
5,0,1,1,0,3,13,TimesLTStd-Italic,9.165599822998047,60.41,244.77,77.13,255.65,244.77,527.28,60.41,498.87,"LE j ,"
5,0,1,1,0,6,13,TimesLTStd-Italic,9.165599822998047,164.47,242.97,186.85,255.65,242.97,527.28,164.47,389.15,h 2 ( r i )
5,0,0,1,0,3,2,TimesLTStd-Roman,9.962599754333496,195.21,244.81,277.38,254.78,244.81,528.15,195.21,298.62,and then retrieves
5,0,1,1,0,90,13,TimesLTStd-Italic,9.215412318706512,60.41,254.93,277.38,316.05,254.93,466.88,60.41,298.62,"r j = m 3 h 2 ( r i ), and then uses r j to retrieve psk = r j m 4 , and sk ij = h ( r i || r j ). Next, OBU i computers h ( aid i || sk ij || r j || psk ) and checks if it and m 5 are equal. If not so, the OBU i terminates the process. Otherwise, OBU i computers the m 6 = sk ij h ( r j ) and then calcu-"
5,0,1,1,0,23,13,TimesLTStd-Italic,9.39331408909389,88.6,315.31,277.37,329.07,315.31,453.86,88.6,298.63,"i = h ( psk || r i ) a i , e i = psk h ( pw i ). At this"
5,0,1,1,0,16,13,TimesLTStd-Italic,9.04298444894644,88.42,328.45,276.88,341.03,328.45,441.9,88.42,299.12,"i and r i take place of c i and y i . Finally, OBU i"
5,0,0,1,0,7,2,TimesLTStd-Roman,9.962599754333496,60.41,340.45,236.56,350.42,340.45,432.51,60.41,339.44,stores them in its reliable security hardware.
5,0,1,1,0,48,13,TimesLTStd-Roman,9.165599822998047,46.13,352.36,277.38,387.78,352.36,395.15,46.13,298.62,"6) OBU i LE j : OBU i sends m 6 to LE j . 7) LE j calculates h ( r j ), where r j is generated at step 3) and uses sk ij to retrieve h ( r j ) and checks whether the two"
5,0,0,1,0,4,2,TimesLTStd-Roman,9.962599754333496,60.41,388.28,144.1,398.24,388.28,384.69,60.41,431.9,have value are equal.
5,0,1,1,0,23,13,TimesLTStd-Roman,9.36484980583191,36.17,404.5,277.38,427.96,404.5,354.97,36.17,298.62,"At this time, OBU i is trustful since it has obtained the authentication parameter psk . From now to start, OBU i can"
5,0,0,1,0,6,2,TimesLTStd-Roman,9.962599754333496,36.17,428.46,207.47,438.42,428.46,344.51,36.17,368.53,authenticate other normal vehicles like LE.
5,0,0,1,1,16,4,FormataOTFMdIt,8.966400146484375,36.17,455.51,277.37,479.1,455.51,303.83,36.17,298.63,E. SECURE COMMUNICATION When two trusted OBU i and OBU j intend to have an interac-
5,0,0,1,0,17,2,TimesLTStd-Roman,9.962599754333496,36.17,479.6,277.37,501.52,479.6,281.41,36.17,298.63,"tion with each other, they will perform the secure communi- cation procedure, the followings are the steps."
5,0,1,1,0,362,13,TimesLTStd-Roman,9.298433144887289,46.13,506.59,277.38,734.66,506.59,48.27,46.13,298.62,"1) OBU i uses e i to retrieve psk = e i h ( pw i ) and uses z i to retrieve x i = z i h ( pw i ) and calculates the message aid i = id i h ( r i P pub j ), where r i is generated randomly, T = r i P , u i = T + psk P , and m 1 = h ( T || id i || aid i ). 2) OBU i OBU j : The request information (i.e., m 1 , aid i , u i ) is transmitted to OBU j by OBU i . 3) As soon as OBU j receives these secure communication messages (i.e., m 1 , aid i , u i ) from OBU i , it uses psk to retrieve T = u i - psk , and then calculates id i = aid i h ( x j T ), and checks if m 1 and h ( T || id i || aid i ) are equal. If not, the request will be rejected. Otherwise, OBU j generates a random number r j and calculates: aid j = id j h ( r j P pub i ), R = r j P , u j = R + psk P , s = r j P pub i + x j T , k = h ( T || R || P pub i || P pub j || s ), m 2 = h ( id j || k ). 4) OBU j OBU i : OBU j sends the response information (i.e., aid j , m 2 , u j ) to OBU i . 5) Upon receiving (i.e., aid j , u j ) from OBU j , OBU i calcu- lates R = u j - psk P , id j = aid j h ( x i R ), s = r i P pub j + x i R , k = h ( T || R || P pub i || P pub j || s ), then checks whether"
5,0,1,1,0,90,13,TimesLTStd-Italic,9.324999809265137,307.04,64.25,538.29,136.72,64.25,646.21,307.04,37.71,"m 2 and h ( id j || k ) are equal. If yes, OBU i believes OBU j is trustful and calculates the reply information m 3 = h ( u j || k ). If not, the process will be terminated. 6) OBU i OBU j : OBU i sends m 3 to OBU j . 7) Upon receiving m 3 from OBU i , OBU j checks whether m 3 and h ( u j || k ) are equal. If yes, the session key k can"
5,0,0,1,0,12,2,TimesLTStd-Roman,9.962599754333496,321.32,137.22,538.28,159.14,137.22,623.79,321.32,37.72,"be used for secure communication. If not, the process will be terminated."
5,0,0,1,1,3,4,FormataOTFMdIt,8.966400146484375,298.07,175.09,360.5,184.06,175.09,598.87,298.07,215.5,F. KEY UPDATE
5,0,0,1,0,15,2,TimesLTStd-Roman,9.962599754333496,297.08,187.23,538.28,209.15,187.23,573.78,297.08,37.72,"In Zhou et al.’s scheme, the procedure is as same as in the Chuang-Lee scheme."
5,1,0,1,0,7,4,FormataOTF-Bold,8.966400146484375,298.07,225.07,474.24,234.09,225.07,548.83,298.07,101.76,V. WEAKNESS OF ZHOU ET AL.’s SCHEME
5,0,0,1,0,43,2,TimesLTStd-Roman,9.962599754333496,297.08,236.25,538.28,294.03,236.25,488.9,297.08,37.72,"In this section, we show that Zhou et al.’s scheme fails to withstand the identity guessing and the impersonation attack even the session key leaking. In particular, it cannot achieve the security requirement of resisting the identity guessing in Zhou et al.’s scheme."
5,0,0,1,1,4,4,FormataOTFMdIt,8.966400146484375,298.07,309.99,429.81,318.95,309.99,463.98,298.07,146.19,A. IDENTITY GUESSING ATTACK
5,0,0,1,0,22,2,TimesLTStd-Roman,9.962599754333496,297.08,322.12,538.28,360.68,322.12,422.25,297.08,37.72,"Here, we list the steps that the adversary guesses the user’s identity. 1) Guess the value of id i to be id"
5,0,1,1,0,4,13,TimesLTStd-Italic,8.767099857330322,455.34,349.22,538.29,361.75,349.22,421.18,455.34,37.71,i from a uniformly
5,0,1,1,0,6,13,TimesLTStd-Roman,9.36484980583191,321.32,361.13,458.81,372.02,361.13,410.91,321.32,117.19,distributed identity dictionary D id .
5,0,0,1,0,16,2,TimesLTStd-Roman,9.962599754333496,307.04,373.13,538.28,395.05,373.13,387.88,307.04,37.72,"2) Precisely because the open channel is exposed and unprotected on VANETs, the adversary can intercept"
5,0,1,1,0,35,13,TimesLTStd-Roman,9.279456956045967,307.04,395.7,529.12,419.84,395.7,363.09,307.04,46.88,"some messages as follows: { aid i , m 1 , m 3 , m 4 , c i , y i } . 3) Calculate h ( r i ) = aid i id"
5,0,1,1,0,3,13,TimesLTStd-Italic,9.165599822998047,439.22,408.95,454.3,421.53,408.95,361.4,439.22,121.7,"i , r"
5,0,1,1,0,12,13,TimesLTStd-Italic,9.165599822998047,454.3,407.16,538.29,421.53,407.16,361.4,454.3,37.71,"j = m 3 [ h ( r i )] 2 ,"
5,0,1,1,0,3,2,TimesLTStd-Italic,9.962599754333496,321.32,419.72,359.93,430.87,419.72,352.06,321.32,216.07,psk = r
5,0,1,1,0,5,13,TimesLTStd-Italic,9.006199836730957,359.93,420.91,400.89,433.48,420.91,349.45,359.93,175.11,"j m 4 , a"
5,0,1,1,0,13,13,TimesLTStd-Italic,9.410830571101261,400.89,419.72,494.52,433.48,419.72,349.45,400.89,81.48,"i = h ( psk || y i ) c i , r"
5,0,1,1,0,4,13,TimesLTStd-Italic,8.767099857330322,494.52,419.72,527.02,433.48,419.72,349.45,494.52,48.98,i = m 1
5,0,1,1,0,3,2,TimesLTStd-Italic,9.962599754333496,321.32,432.86,334.6,442.87,432.86,340.06,321.32,241.4,h ( a
5,0,1,1,0,8,13,TimesLTStd-Italic,9.36484980583191,334.6,431.68,386.69,445.44,431.68,337.49,334.6,189.31,"i ), sk ij = h ( r"
5,0,1,1,0,3,13,TimesLTStd-Italic,9.165599822998047,386.69,431.68,401.56,445.44,431.68,337.49,386.69,174.44,i || r
5,0,1,1,0,22,13,TimesLTStd-Italic,9.165599822998047,401.56,431.56,538.29,445.44,431.56,337.49,401.56,37.71,"j ), where { aid i , m 1 , m 3 , m 4 , c i , y i }"
5,0,0,1,0,12,2,TimesLTStd-Roman,9.962599754333496,307.04,444.86,474.6,466.78,444.86,316.15,307.04,101.4,is intercepted from the public channel. 4) Verify the correctness of id
5,0,1,1,0,5,2,TimesLTStd-Roman,9.962599754333496,453.4,456.77,529.67,466.78,456.77,316.15,453.4,46.33,by comparing h ( r
5,0,1,1,0,253,13,TimesLTStd-Roman,9.564099788665771,297.08,468.73,538.29,732.98,468.73,49.95,297.08,37.71,"and h ( r i ) holds or not. 5) Repeat 1), 3), 4) until the correct value of id i is found. Let | D id | be the size of the identity dictionary D id . As a matter of fact, | D id | is limited for users’ own reasons. It is well known that users are prone to choose identities that are easier to remember for convenience, or a meaningful phrase as his/her identity in normal circumstances. Bonneau and Joseph [27] pointed out that the space of D id has a range, e.g., | D id | ≤| D pw | ≤ 10 6 . Moreover, the procedure of the identity guessing for the adversary only requires passive guessing attack and does not involve special encryption oper- ations. And the time complexity of the above attack procedure is O ( | D id | ∗ T H ), where T H is the execution time of the Hash function. That’s to say, the time for the adversary to obtain the OBU i ’s identity is a linear function of the | D id | . According to the above description, identity guessing attack is very effective for the adversary. Assuming the correct value of id i is obtained by the adver- sary, user’s real identity will be found. Therefore, identity guessing attack helps the adversary reveal the user’s real identity id i . Hence, Zhou et al.’s scheme is vulnerable to identity guessing attack and provides weaker user anonymity."
5,0,0,1,1,3,12,FormataOTF-Reg,5.97760009765625,492.71,746.92,538.29,752.9,746.92,30.03,492.71,37.71,"VOLUME 7, 2019"
6,0,1,1,0,16,10,FormataOTF-Reg,6.973800182342529,36.17,25.99,388.0,32.98,25.99,749.95,36.17,188.0,L. Wu et al. : Efficient Privacy-Preserving Mutual Authentication Scheme for Secure V2V Communication in VANETs
6,0,0,1,1,5,4,FormataOTFMdIt,8.966400146484375,37.17,66.3,196.32,75.26,66.3,707.66,37.17,379.68,B. SECURE SESSION KEY DISCLOSURE
6,0,0,1,0,29,2,TimesLTStd-Roman,9.962599754333496,36.17,78.44,277.37,112.31,78.44,670.62,36.17,298.63,"As we all know, it is important that principals can prove each other’s identities to realize identity authentication and then build a session key for a secure networked authentication"
6,0,1,1,0,14,13,TimesLTStd-Roman,9.245299816131592,36.17,114.25,277.38,125.76,114.25,657.17,36.17,298.62,system. The session key sk ij created between OBU i and LE j in
6,0,0,1,0,19,2,TimesLTStd-Roman,9.962599754333496,36.17,126.26,277.37,149.05,126.26,633.88,36.17,298.63,the process of general mutual authentication can be extracted by the adversary through sk ij = h ( r
6,0,1,1,0,3,13,TimesLTStd-Italic,9.165599822998047,173.39,136.98,188.26,150.74,136.98,632.19,173.39,387.74,i || r
6,0,1,1,0,4,13,TimesLTStd-Italic,9.165599822998047,188.26,138.17,231.09,150.74,138.17,632.19,188.26,344.91,"j ), where r"
6,0,1,1,0,3,13,TimesLTStd-Italic,9.165599822998047,231.09,138.17,258.16,150.74,138.17,632.19,231.09,317.84,i and r
6,0,0,1,0,9,2,TimesLTStd-Roman,9.962599754333496,36.17,150.17,277.37,160.13,150.17,622.8,36.17,298.63,obtained from identity guessing attack phase. If the adversary
6,0,1,1,0,14,13,TimesLTStd-Roman,9.36484980583191,36.17,162.08,277.38,172.96,162.08,609.97,36.17,298.62,"ﬁnds the correct value of id i , the session key will be disclosed."
6,0,0,1,1,26,4,FormataOTFMdIt,8.966400146484375,36.17,187.51,277.38,222.44,187.51,560.48,36.17,298.62,"C. IMPERSONATION ATTACK To impersonate as OBU i , the adversary should be able to access the user’s associated value r i , otherwise he/she can-"
6,0,0,1,0,16,2,TimesLTStd-Roman,9.962599754333496,36.17,223.56,277.37,245.48,223.56,537.45,36.17,298.63,not obtain the valid authentication request message. For the adversary can select the random number r
6,0,1,1,0,5,13,TimesLTStd-Italic,8.767099857330322,206.3,235.51,277.38,248.04,235.51,534.89,206.3,298.62,"i , which can also"
6,0,0,1,0,9,2,TimesLTStd-Roman,9.962599754333496,36.17,247.47,277.37,257.43,247.47,525.5,36.17,298.63,"be recovered from the procedure of identity guessing attack,"
6,0,1,1,0,17,13,TimesLTStd-Roman,9.245299816131592,36.17,259.38,277.38,270.88,259.38,512.05,36.17,298.62,"and obtain aid i , c i , y i from the open channel on the Inter-"
6,0,0,1,0,15,2,TimesLTStd-Roman,9.962599754333496,36.17,271.38,277.37,294.18,271.38,488.75,36.17,298.63,"net, and he/she can compute the correct request message m 2 = h ( r"
6,0,1,1,0,17,13,TimesLTStd-Italic,9.093145283785733,74.93,282.1,277.38,295.86,282.1,487.06,74.93,298.62,"i || aid i || c i || y i ). Hence, [23] cannot resist an imper-"
6,0,0,1,0,32,2,TimesLTStd-Roman,9.962599754333496,36.17,295.29,277.37,341.12,295.29,441.81,36.17,298.63,"sonation attack. In above analysis, we have revealed that the scheme pro- posed by Zhou et al could not achieve certain important secu- rity requirements in our new but realistic attacking scenario."
6,1,0,1,1,5,4,FormataOTF-Bold,8.966400146484375,37.17,356.51,206.95,365.53,356.51,417.39,37.17,369.05,VI. THE PROPOSED IMPROVED SCHEME
6,0,0,1,0,97,2,TimesLTStd-Roman,9.962599754333496,36.17,367.69,277.37,509.16,367.69,273.77,36.17,298.63,"This section proposes an improved privacy protection authen- tication scheme to address these shortcomings of Zhou et al.’s scheme [23] in VANETs. There are also three types of vehi- cles in our proposed scheme, which are law executors (LEs), trusted vehicles (TVs) and mistrusted vehicles (MVs) respec- tively, as shown in Figure 1. There are also nine phases in our proposed scheme: Initialization, Registration, Login, Password Change, General Authentication, Trust-Extended Authentication, Secure Communication, Key Revocation, Key Update. Table 1 shows all notations used in our scheme. In the following, we describe our proposed improved scheme in depth."
6,0,0,1,1,2,4,FormataOTFMdIt,8.966400146484375,37.17,524.58,113.98,533.55,524.58,249.38,37.17,462.02,A. INITIALIZATION
6,0,0,1,0,25,2,TimesLTStd-Roman,9.962599754333496,36.17,536.72,277.37,558.64,536.72,224.29,36.17,298.63,This procedure mainly is used by the AS to set up the system parameters and it is as same as in Zhou et al.’s scheme.
6,0,0,1,1,5,4,FormataOTFMdIt,8.966400146484375,36.17,574.06,120.24,596.0,574.06,186.93,36.17,455.76,B. REGISTRATION 1) LE REGISTRATION
6,0,0,1,0,11,2,TimesLTStd-Roman,9.962599754333496,36.17,599.15,246.31,609.11,599.15,173.81,36.17,329.69,This procedure is as same as in Zhou et al.’s scheme.
6,0,0,1,1,4,4,FormataOTF-Reg,8.966400146484375,36.17,624.56,183.18,633.52,624.56,149.41,36.17,392.82,2) NORMAL VEHICLE REGISTRATION
6,0,0,1,0,46,2,TimesLTStd-Roman,9.962599754333496,36.17,636.68,277.37,694.46,636.68,88.47,36.17,298.63,"Except for LE does not require this registration, all other vehicles have to be registered in this phase when they left the car factory. Each vehicle is registered only once in this process. Below we describe the normal vehicle registration while Figure 3 shows the steps."
6,0,1,1,0,34,13,TimesLTStd-Roman,9.279456956045967,46.13,699.06,277.38,721.91,699.06,61.02,46.13,298.62,"1) A user selects its identity id i and password pw i and calculates h ( pw i ). ( id i , h ( pw i )) are sent to the AS using"
6,0,0,1,0,3,2,TimesLTStd-Roman,9.962599754333496,60.41,723.02,128.73,732.98,723.02,49.95,60.41,447.27,a secure channel.
6,1,0,1,0,6,10,FormataOTF-Bold,6.973800182342529,297.08,184.96,445.55,191.98,184.96,590.95,297.08,130.45,FIGURE 3. Normal vehicle registration phase.
6,0,1,1,0,76,13,TimesLTStd-Roman,9.36484980583191,307.04,215.8,538.29,263.17,215.8,519.76,307.04,37.71,"2) Upon receiving parameters ( id i , h ( pw i )) from OBU i , the AS chooses a random number y i and performs following operations: a i = h ( id i || x ), b i = a i h ( pw i ), c i = h ( psk || y i ) s i , s i = h ( a i ) psk , where s i is"
6,0,1,1,0,15,2,TimesLTStd-Roman,9.962599754333496,321.32,263.62,538.29,285.59,263.62,497.34,321.32,37.71,only known by the AS at present and x is the secret key to AS.
6,0,1,1,0,20,13,TimesLTStd-Roman,9.36484980583191,307.04,287.53,538.29,298.42,287.53,484.51,307.04,37.71,"3) The AS stores a set of parameters (i.e., b i , c i , y i , h (),"
6,0,1,1,0,28,2,TimesLTStd-Italic,9.962599754333496,321.32,299.49,538.28,333.41,299.49,449.52,321.32,37.72,"G , P , P ) in the reliable security hardware OBU using a secure channel, where G , P , p are deﬁned in initializa- tion phase."
6,0,1,1,0,128,13,TimesLTStd-Roman,9.245299816131592,307.04,335.35,538.29,430.55,335.35,352.38,307.04,37.71,"4) User i inputs its real identity id i and password pw i to OBU i and selects a number x i at random as its private key and calculates P pub i = x i P as its public key and z i = x i h ( pw i ). OBU i extracts a i = b i h ( pw i ) using b i and pw i , and then calculates the validate parameter d i = h ( id i || pw i || a i ) and stores ( P pub i , z i , d i ) in its OBU. The parameter z i protects the security of the private key x i and can prevent the side channel attack."
6,0,0,1,1,2,4,FormataOTFMdIt,8.966400146484375,298.07,443.43,337.31,452.39,443.43,330.54,298.07,238.69,C. LOGIN
6,0,0,1,0,27,2,TimesLTStd-Roman,9.962599754333496,297.08,455.57,538.28,489.44,455.57,293.49,297.08,37.72,Vehicle users need to be veriﬁed ﬁrst when they intend to get to access to service from VANETs. The details of the login phase are as followed.
6,0,1,1,0,73,13,TimesLTStd-Roman,9.165599822998047,307.04,492.99,538.29,552.32,492.99,230.61,307.04,37.71,"1) User i OBU i : User i inputs its real identity id i and password pw i to OBU i . 2) Upon receiving id i and pw i , OBU i recalculates a i using b i , then checks whether h ( id i || pw i || a i ) is equals to d i or not. If its correct, OBU i believes the user is legal. If not,"
6,0,0,1,0,6,2,TimesLTStd-Roman,9.962599754333496,321.32,552.82,454.13,562.78,552.82,220.15,321.32,121.87,the login request will be rejected.
6,0,0,1,1,3,4,FormataOTFMdIt,8.966400146484375,298.07,577.15,398.39,586.12,577.15,196.81,298.07,177.61,D. PASSWORD CHANGE
6,0,0,1,0,14,2,TimesLTStd-Roman,9.962599754333496,297.08,589.29,538.28,611.21,589.29,171.72,297.08,37.72,This procedure in our scheme is as same as in Zhou et al.’s scheme.
6,0,0,1,1,3,4,FormataOTFMdIt,8.966400146484375,298.07,625.59,426.44,634.55,625.59,148.38,298.07,149.56,E. GENERAL AUTHENTICATION
6,0,0,1,0,8,2,TimesLTStd-Roman,9.962599754333496,297.08,637.73,538.28,647.69,637.73,135.24,297.08,37.72,"When the vehicle intends to establish authentication session,"
6,0,1,1,0,22,13,TimesLTStd-Roman,9.165599822998047,297.08,649.63,538.28,672.48,649.63,110.45,297.08,37.72,the general authentication will be performed between OBU i and LE j . The steps are discussed in this part and showed
6,0,0,1,0,3,2,TimesLTStd-Roman,9.962599754333496,297.08,673.59,343.3,683.55,673.59,99.37,297.08,232.7,in Figure 4.
6,0,1,1,0,10,13,TimesLTStd-Roman,9.279456956045967,307.04,687.11,488.05,698.61,687.11,84.32,307.04,87.95,1) OBU i generates a random number r i Z
6,0,1,1,0,3,13,TimesLTStd-Italic,8.767099857330322,488.05,687.15,538.29,699.18,687.15,83.75,488.05,37.71,p and calcu-
6,0,1,1,0,66,13,TimesLTStd-Roman,9.30301360426278,321.32,697.88,538.29,734.48,697.88,48.45,321.32,37.71,"lates: aid i = h ( r i || t o ) id i , m 1 = h ( a i ) r i , m 2 = h ( r i || aid i || c i || y i || t o ), where t o is the current time stamp of OBU i and a i has acquired in the login phase."
6,0,0,1,1,3,12,FormataOTF-Reg,5.97760009765625,36.17,746.92,81.74,752.89,746.92,30.03,36.17,494.26,"VOLUME 7, 2019"
7,0,1,1,0,16,10,FormataOTF-Reg,6.973800182342529,186.46,25.99,538.28,32.98,25.99,749.95,186.46,37.72,L. Wu et al. : Efficient Privacy-Preserving Mutual Authentication Scheme for Secure V2V Communication in VANETs
7,1,0,1,0,6,10,FormataOTF-Bold,6.973800182342529,36.17,407.18,194.51,414.2,407.18,368.72,36.17,381.49,FIGURE 4. Normal vehicle authentication phase.
7,0,1,1,0,77,13,TimesLTStd-Roman,9.165599822998047,46.13,448.0,277.38,495.37,448.0,287.55,46.13,298.62,"2) OBU i LE j : The authentication message (i.e., aid i , c i , y i , m 1 , m 2 , t o ) is transmitted to LE j by OBU i . 3) Upon receiving (i.e., aid i , c i , y i , m 1 , m 2 , t o ) from OBU i , LE j checks t o is fresh or not ﬁrstly. If not, LE j"
7,0,0,1,0,11,2,TimesLTStd-Roman,9.962599754333496,60.41,495.87,277.37,505.83,495.87,277.09,60.41,298.63,thinks that there may be a reply attack from an invalid
7,0,1,1,0,93,13,TimesLTStd-Italic,9.298433144887289,60.41,506.59,277.38,566.49,506.59,216.44,60.41,298.62,"OBU i . If yes, LE j calculates s i using c i h ( psk || y i ), h ( a i ) = s i psk and then retrieves r i = m 1 h ( a i ), and next checks whether m 2 = h ( r i || c i || aid i || y i || t o ) holds or not. If it does, LE j calculates aid j = h ( r j || t l ) id j , where r j Z"
7,0,1,1,0,94,13,TimesLTStd-Italic,9.006199836730957,60.41,555.6,277.38,614.31,555.6,168.62,60.41,298.62,"p is generated randomly by LE j , the session key sk ij = h ( r i || r j || t l ), where t l denotes the current time of LE j . And then calculates: m 3 = r j h 2 ( r i || t l ), m 4 = s i h ( r j ), the veriﬁcation mes- sage m 5 = h ( r i || r j || aid i || aid j || sk ij || s i ). If it does not,"
7,0,0,1,0,6,2,TimesLTStd-Roman,9.962599754333496,60.41,615.42,229.19,625.39,615.42,157.54,60.41,346.81,the authentication request will be rejected.
7,0,1,1,0,3,13,TimesLTStd-Roman,9.165599822998047,46.13,627.33,74.14,638.22,627.33,144.71,46.13,501.86,4) LE j
7,0,1,1,0,68,13,TimesLTStd-Italic,9.165599822998047,46.13,627.33,277.38,698.0,627.33,84.93,46.13,298.62,"OBU i : LE j transmits the authentication response message (i.e., aid j , m 3 , m 4 , m 5 , t l ) to OBU i . 5) On receiving the response message from LE j , OBU i ﬁrstly checks t l is fresh or not. If not, OBU i thinks there may be a reply attack. If yes, OBU i calculates: r j"
7,0,1,1,0,13,13,TimesLTStd-Italic,9.04298444894644,91.96,685.31,168.08,698.0,685.31,84.93,91.96,407.92,"m 3 h 2 ( r i || t l ), s i"
7,0,1,1,0,9,13,TimesLTStd-Italic,9.165599822998047,193.65,687.11,260.46,698.0,687.11,84.93,193.65,315.54,"m 4 h ( r j ), sk ij"
7,0,1,1,0,59,13,TimesLTStd-Italic,9.279456956045967,60.41,697.88,277.38,734.48,697.88,48.45,60.41,298.62,"h ( r i || r j || t l ). Then, OBU i checks whether the equation m 5 = h ( r i || r j || aid i || aid j || sk ij || s i ) holds or not. If it does, OBU i afﬁrms that the LE j is trustful. Next, OBU i"
7,0,1,1,0,15,13,TimesLTStd-Roman,9.324999809265137,321.32,64.25,460.78,76.33,64.25,706.6,321.32,115.22,"calculates m 6 = sk ij h ( r j || aid j ), c"
7,0,1,1,0,22,13,TimesLTStd-Italic,9.36484980583191,321.32,64.25,539.15,88.9,64.25,694.03,321.32,36.85,i = h ( psk || r i ) a i ; and replaces the c i and y i with c
7,0,1,1,0,8,13,TimesLTStd-Italic,8.937885556902204,443.99,77.39,537.79,89.97,77.39,692.96,443.99,38.21,"i and r i . Actually, OBU i"
7,0,1,1,0,80,13,TimesLTStd-Roman,9.484399795532227,307.04,89.35,538.29,184.54,89.35,598.39,307.04,37.71,"is trustful now, since it can extract psk using s i h ( a i ); calculates e i = h ( pw i ) psk and stores it in its reliable security hardware. In this way, an adversary cannot obtain information to initiate a side channel attack. Otherwise, authentication process will be terminated by OBU i . 6) OBU i submits m 6 to LE j . 7) Upon receiving the message m 6 , LE j calculates :"
7,0,1,1,0,14,13,TimesLTStd-Italic,9.279456956045967,377.87,194.99,474.93,207.1,194.99,575.83,377.87,101.07,"h ( r j || aid j ) = sk ij m 6 ,"
7,0,1,1,0,36,13,TimesLTStd-Roman,9.400011567508473,321.32,218.12,538.29,242.15,218.12,540.77,321.32,37.71,then checks h ( r j || aid j ) is equal to h ( r j || aid j ) or not. This also can avoid a reply attack from an invalid OBU i .
7,0,0,1,1,3,4,FormataOTFMdIt,8.966400146484375,298.07,260.26,471.28,269.22,260.26,513.7,298.07,104.72,F. TRUSTED-EXTENDED AUTHENTICATION
7,0,0,1,0,14,2,TimesLTStd-Roman,9.962599754333496,297.08,272.4,538.28,294.32,272.4,488.61,297.08,37.72,This procedure in our scheme is as same as in Zhou et al.’s scheme.
7,0,0,1,1,3,4,FormataOTFMdIt,8.966400146484375,298.07,310.19,423.26,319.16,310.19,463.77,298.07,152.74,G. SECURE COMMUNICATION
7,0,0,1,0,25,2,TimesLTStd-Roman,9.962599754333496,297.08,322.33,538.28,356.2,322.33,426.73,297.08,37.72,"Two trusted Vehicles can complete this process in the secure communication phase, the following steps are described in this part, as shown in Figure 5."
7,1,0,1,0,5,10,FormataOTF-Bold,6.973800182342529,297.08,725.05,431.3,732.08,725.05,50.85,297.08,144.7,FIGURE 5. Secure communication phase.
7,0,0,1,1,3,12,FormataOTF-Reg,5.97760009765625,492.71,746.92,538.29,752.89,746.92,30.03,492.71,37.71,"VOLUME 7, 2019"
8,0,1,1,0,16,10,FormataOTF-Reg,6.973800182342529,36.17,25.99,388.0,32.98,25.99,749.95,36.17,188.0,L. Wu et al. : Efficient Privacy-Preserving Mutual Authentication Scheme for Secure V2V Communication in VANETs
8,0,1,1,0,188,13,TimesLTStd-Roman,9.245299816131592,46.13,64.25,277.38,207.83,64.25,575.1,46.13,298.62,"1) OBU i selects a random number r i and calculates: aid i = id i h ( r i || t oi ), T = x i P pub j , m 1 = h ( psk || t oi ) r i , and the veriﬁcation message m 2 = h ( aid i || T || id i || t oi ), where psk = e i h ( pw i ) is obtained from the login phase and t oi denotes the current time stamp of OBU i . 2) OBU i OBU j : The request message (i.e., m 1 , m 2 , aid i , t oi ) is transmitted to OBU j by OBU i . 3) On receiving the request message (i.e., m 1 , m 2 , aid i , t oi ) from OBU i , OBU j ﬁrstly checks whether t oi is fresh or not. If not, OBU j thinks there may be a replay attack. If yes, OBU j calculates T using its own private key and public key of OBU i , T"
8,0,1,1,0,9,13,MTSYN,8.722822083367241,205.23,195.76,261.25,208.63,195.76,574.3,205.23,314.75,"= x j P pub i , r i"
8,0,1,1,0,357,13,TimesLTStd-Italic,9.245299816131592,46.13,207.71,277.38,447.55,207.71,335.38,46.13,298.62,"m 1 psk || t oi ), id i = aid i h ( r i || t oi ), then checks whether m 2 = h ( aid i || T || id i || t oi ) is equal to m 2 or not. If it’s, OBU j selects a random number r j and calculates: aid j = id j h ( r j || t oj ), m 3 = h ( psk || t oj ) r j , sk ij = h ( id i || id j || T || t oi || t oj || psk ), m 4 = h ( id j || sk ij ). 4) OBU j OBU i : OBU j submits its response message (i.e., m 3 , m 4 , aid j , t oj ) to OBU i . 5) Upon receiving the response message (i.e., m 3 , m 4 , aid j , t oj ) from OBU j , where t oj denotes the current time stamp of OBU j , OBU i ﬁrstly checks whether t oj is fresh or not. If not, OBU i thinks there may be a reply attack. If yes, OBU i calculates: r j = m 3 h ( psk || t oj ), id j = aid j h ( r j || t oj ), sk ij = h ( id i || id j || T || t oi || t oj || psk ) and then checks whether h ( id j || sk ij ) is equal to m 4 or not. If its, OBU i calculates the reply message m 5 = h ( r j || sk ij ). If not, the process will fail. 6) OBU i submits its reply message m 5 to OBU j . 7) Upon receiving the message m 5 , OBU j recalculates h ( r j || sk ij ) and checks whether m 5 = h ( r j || sk ij ) holds or not. If yes, the OBU i and OBU j both reach the"
8,0,0,1,0,9,2,TimesLTStd-Roman,9.962599754333496,60.41,448.05,277.37,458.01,448.05,324.91,60.41,298.63,"trust threshold of each other. So, they can communicate"
8,0,1,1,0,10,13,TimesLTStd-Roman,9.36484980583191,60.41,459.96,277.37,471.46,459.96,311.47,60.41,298.63,securely using the sk ij session key to ensure communi-
8,0,0,1,0,9,2,TimesLTStd-Roman,9.962599754333496,60.41,471.96,271.98,481.92,471.96,301.0,60.41,304.02,"cation security. If not, the process will be terminated."
8,0,0,1,1,3,4,FormataOTFMdIt,8.966400146484375,37.17,499.34,123.86,508.31,499.34,274.62,37.17,452.14,H. KEY REVOCATION
8,0,0,1,0,20,2,TimesLTStd-Roman,9.962599754333496,36.17,511.48,277.37,533.4,511.48,249.53,36.17,298.63,This procedure in our scheme is the same as the Zhou et al.’s scheme which is same as the TEAM.
8,0,0,1,1,3,4,FormataOTFMdIt,8.966400146484375,37.17,550.82,98.47,559.78,550.82,223.15,37.17,477.53,I. KEY UPDATE
8,0,0,1,0,23,2,TimesLTStd-Roman,9.962599754333496,36.17,562.95,277.37,596.83,562.95,186.1,36.17,298.63,The key update procedure will be triggered when the TV’s key lifecycle is coming to an end. The process is displayed as follows.
8,0,1,1,0,164,13,TimesLTStd-Roman,9.279456956045967,46.13,603.42,277.38,733.86,603.42,49.07,46.13,298.62,"1) OBU i selects a number r i randomly to calculate m 1 = r i psk old , m 2 = msg kup psk old , m 3 = h ( r i || t oi || msg kup ), where t oi is the current time stamp of OBU i . 2) OBU i submits the key update request (i.e., m 1 , m 2 , m 3 , t oi ) to LE j . 3) Upon receiving (i.e., m 1 , m 2 , m 3 , t oi ) from OBU i , LE j ﬁrstly checks t oi is fresh or not. If not, LE j considers there may be a reply attack. If yes, then LE j recalculates r i = m 1 psk old , msg kup = m 2 psk old ; checks whether h ( r i || t oi || msg kup ) is equal to m 3 . If it’s, LE j"
8,0,1,1,0,239,13,TimesLTStd-Roman,9.279456956045967,307.04,65.44,538.29,243.7,65.44,539.23,307.04,37.71,"believes OBU i is trustful. Then, LE j chooses a random number r j to calculate m 4 = r j h ( r i || t lj ), m 5 = psk new h ( r j || t lj ), m 6 = h ( r i || r j || psk new || t lj ), where t lj is the current time stamp of LE j . Next, LE j calculates sk ij = h ( r i || r j || psk new || t oi || t oj ). 4) The reply message ( m 4 , m 5 , m 6 , t lj ) is sent by LE j to OBU i . 5) Upon receiving ( m 4 , m 5 , m 6 , t lj ), OBU i ﬁrstly checks t lj is fresh or not. If not, OBU i considers there may be a reply attack. If yes, OBU i retrieves r j = m 4 h ( r i || t lj ), psk new = m 5 h ( r j || t lj ); checks whether h ( r i || r j || psk new || t lj ) is equal to m 6 . If it’s, OBU i believes LE j is trustful. 6) OBU i updates the authentication parameter psk using psk new , and recalculates the session key sk ij"
8,0,1,1,0,24,13,TimesLTStd-Italic,9.259364520802217,321.32,243.58,538.28,255.65,243.58,527.27,321.32,37.72,h ( r i || r j || psk new || t oi || t oj ) to be used for the secure com-
8,0,0,1,0,5,2,TimesLTStd-Roman,9.962599754333496,321.32,256.77,486.26,266.73,256.77,516.2,321.32,89.74,munication between two trusted vehicles.
8,1,0,1,1,3,4,FormataOTF-Bold,8.966400146484375,298.07,284.44,403.99,293.47,284.44,489.46,298.07,172.01,VII. SECURITY ANALYSIS
8,0,0,1,0,49,2,TimesLTStd-Roman,9.962599754333496,297.08,295.62,538.28,365.36,295.62,417.57,297.08,37.72,"To illustrate security, the security analysis of our proposed scheme in this section will be analyzed. First, the formal security analysis is given to prove our proposed scheme is secure. Second, we apply the informal security analysis to show the feasibility of coming up with security requirements in VANETs."
8,0,0,1,1,3,4,FormataOTFMdIt,8.966400146484375,298.07,383.11,385.69,392.08,383.11,390.85,298.07,190.31,A. SECURITY MODEL
8,0,0,1,0,104,2,TimesLTStd-Roman,9.962599754333496,297.08,395.25,538.29,524.76,395.25,258.16,297.08,37.71,"The capabilities of the adversary and security requirements of the mutual authentication protocol are presented in this subsection. The security model of our proposed improved scheme is realized by the game between an adversary A and a challenger. Our security proofs adopt a random oracle model from Bellare et al. [28]. Concrete security requirements can be referred to [26]. An adversary A can be a probabilistic polynomial time machine [28]. When A gets access to all the possible oracles, which are described as below, we allow it to potentially control both the general authentication pro- cess and the secure communication process in our improved"
8,0,1,1,0,15,13,TimesLTStd-Roman,9.165599822998047,297.08,524.77,537.79,538.21,524.77,244.71,297.08,38.21,scheme. Both OBU V i and LE L i are a participant. Let U i
8,0,1,1,0,30,13,TimesLTStd-Roman,9.663724780082703,297.08,538.66,538.29,589.52,538.66,193.41,297.08,37.71,"denote the i th instance U i , where U denotes all participants, and they all could be considered to be an oracle. Deﬁnition 1 (Adversary Abilities): Execute( V i"
8,0,1,1,0,4,13,TimesLTStd-Italic,8.767099857330322,358.15,577.57,376.74,592.09,577.57,190.84,358.15,199.26,"i , U i"
8,0,1,1,0,8,13,TimesLTStd-Italic,8.767099857330322,373.58,579.56,538.29,592.09,579.56,190.84,373.58,37.71,i ): This query tests the adversary’s passive
8,0,1,1,0,34,2,TimesLTStd-Roman,9.962599754333496,316.8,591.47,538.29,649.3,591.47,133.63,316.8,37.71,attack ability. The adversary A is allowed to get access to the honest general authentication procedure and the communication procedure. This query is answered with the honest execution transcripts of the proposed proto- col.
8,0,1,1,0,3,13,TimesLTStd-Roman,9.165599822998047,310.83,649.3,350.4,661.25,649.3,121.68,310.83,225.6,Send( U i
8,0,1,1,0,11,13,TimesLTStd-Italic,9.006199836730957,347.24,651.24,538.29,663.82,651.24,119.11,347.24,37.71,"i , m 0 ): This query tests the adversary’s active"
8,0,1,1,0,15,13,TimesLTStd-Roman,9.564099788665771,316.8,663.2,538.29,685.16,663.2,97.77,316.8,37.71,attack ability. A could transmit a message m 0 to the ora- cle U i
8,0,1,1,0,12,13,TimesLTStd-Italic,9.006199836730957,338.1,675.15,538.29,687.73,675.15,95.2,338.1,37.71,"i . On receiving this request message m 0 , the result"
8,0,1,1,0,14,2,TimesLTStd-Roman,9.962599754333496,316.8,687.11,538.29,709.07,687.11,73.86,316.8,37.71,and answer are returned to A by the oracle according to the proposed protocol.
8,0,1,1,0,13,13,TimesLTStd-Roman,9.165599822998047,310.83,709.08,538.29,723.59,709.08,59.33,310.83,37.71,"Reveal( U i i ): In this query, the oracle simulates a known"
8,0,1,1,0,11,2,TimesLTStd-Roman,9.962599754333496,316.8,722.97,538.29,732.98,722.97,49.95,316.8,37.71,key attack. The adversary A could get a session key from
8,0,0,1,1,3,12,FormataOTF-Reg,5.97760009765625,36.17,746.92,81.74,752.9,746.92,30.03,36.17,494.26,"VOLUME 7, 2019"
9,0,1,1,0,16,10,FormataOTF-Reg,6.973800182342529,186.46,25.99,538.28,32.98,25.99,749.95,186.46,37.72,L. Wu et al. : Efficient Privacy-Preserving Mutual Authentication Scheme for Secure V2V Communication in VANETs
9,0,1,1,0,14,13,TimesLTStd-Roman,9.165599822998047,55.9,63.5,277.38,78.01,63.5,704.91,55.9,298.62,"the oracle U i i , if the oracle has obtained a session key."
9,0,0,1,0,6,2,TimesLTStd-Roman,9.962599754333496,55.9,77.44,215.6,87.4,77.44,695.53,55.9,360.4,"Otherwise, it returns to the adversary."
9,0,1,1,0,27,13,TimesLTStd-Roman,9.165599822998047,49.92,87.41,277.38,113.99,87.41,668.94,49.92,298.62,"Corrupt( V i i ): In this query, the oracle simulates a violent attack. It allows the adversary A to get access to U i i ’s"
9,0,0,1,0,7,2,TimesLTStd-Roman,9.962599754333496,55.9,113.41,244.08,123.38,113.41,659.55,55.9,331.92,secret information stored in the vehicle’s OBU.
9,0,1,1,0,3,13,TimesLTStd-Roman,9.165599822998047,49.92,123.38,86.02,135.33,123.38,647.6,49.92,489.98,Test( U i
9,0,1,1,0,12,13,TimesLTStd-Italic,8.767099857330322,82.86,123.38,270.23,137.9,123.38,645.03,82.86,305.77,i ): This query tests the AKE security of the U i
9,0,1,1,0,52,2,TimesLTStd-Roman,9.962599754333496,55.9,137.28,277.38,195.11,137.28,587.82,55.9,298.62,"session key. The adversary A could ask the oracle for the real session key at most once. On receiving this test query, the oracle outputs an unbiased bit value b. If b is equal to 1, the oracle will return the session key to A . Otherwise, it returns to A ."
9,0,1,1,0,7,13,TimesLTStd-Italic,9.36484980583191,46.13,197.44,214.43,209.39,197.44,573.54,46.13,361.57,Deﬁnition 2 (Freshness): An instance U i
9,0,1,1,0,4,13,TimesLTStd-Italic,8.767099857330322,211.28,199.42,277.38,211.95,199.42,570.98,211.28,298.62,i is fresh unless
9,0,0,1,0,6,2,TimesLTStd-Roman,9.962599754333496,36.17,210.15,174.25,221.34,210.15,561.59,36.17,401.75,one of following situations occurs :
9,0,1,1,0,26,13,TimesLTStd-Roman,9.165599822998047,46.13,223.67,277.38,250.25,223.67,532.68,46.13,298.62,1) The Reveal-query has been sent by U i i or its partner. 2) The adversary A queries the Corrupt( V i i ) at the
9,0,1,1,0,13,13,TimesLTStd-Roman,9.165599822998047,46.13,259.64,277.38,274.16,259.64,508.77,46.13,298.62,"3) Before U i i or its partner sent the Test-query, they had"
9,0,0,1,0,48,2,TimesLTStd-Roman,9.962599754333496,36.17,273.59,277.38,333.7,273.59,449.23,36.17,298.62,"already been sent the Corrupt-query. Deﬁnition 3 (Semantic Security): Let the adversary A s ability to beat our protocol be the probability of guessing the bit b got involved in the Test session. To be speciﬁc, let’s deﬁne the advantage of A to be: our scheme is AKE-secure"
9,0,1,1,0,3,13,TimesLTStd-Roman,9.165599822998047,36.17,333.7,70.76,345.65,333.7,437.28,36.17,505.24,if Adv ake
9,0,1,1,0,38,13,TimesLTStd-Italic,9.43126646677653,36.17,334.34,277.38,359.1,334.34,423.83,36.17,298.62,"O2L / O2O ( A ) is negligibly greater than max { ( q s / | D | , ε ) } with q s Send-queries at the most, where | D | is the space of"
9,0,0,1,0,3,2,TimesLTStd-Roman,9.962599754333496,36.17,359.6,133.1,369.56,359.6,413.37,36.17,442.9,the password dictionary.
9,0,0,1,1,5,4,FormataOTFMdIt,8.966400146484375,37.17,384.65,191.68,393.62,384.65,389.31,37.17,384.32,B. THE FORMAL SECURITY ANALYSIS
9,0,0,1,0,109,2,TimesLTStd-Roman,9.962599754333496,36.17,396.79,277.38,514.35,396.79,268.58,36.17,298.62,"The formal security analysis under the random oracle model is given from aspects of its theorems as well as its correspond- ing proofs in detail. The details are displayed as follows. Theorem 1: We deﬁne G p be the elliptic curve group, O2L be an event that the adversary A could control the general authentication procedure between OBU and LE. Let D be a password dictionary following a uniformly distributed and its size is | D | . Let 2 l be the space of the Hash Function, where l denotes the bit length of Hash values. And let A denote an adversary against the general authentication procedure of"
9,0,1,1,0,21,13,TimesLTStd-Roman,9.36484980583191,36.17,516.3,277.38,539.76,516.3,243.17,36.17,298.62,"our scheme by executing at the most q e Execute-queries, q s Send-queries and q h Hash-queries. Then we have :"
9,0,1,1,0,7,13,TimesLTStd-Italic,9.279456956045967,90.25,545.31,140.7,566.76,545.31,216.17,90.25,435.3,O2L ( A ) = q 2
9,0,1,1,0,6,13,TimesLTStd-Italic,9.165599822998047,132.53,553.34,184.6,571.57,553.34,211.36,132.53,391.4,2 l + 2q s max
9,0,1,1,0,7,2,TimesLTStd-Italic,9.962599754333496,193.07,540.54,221.43,571.57,540.54,211.36,193.07,354.57,"1 | D | , ε )"
9,0,1,1,0,9,2,TimesLTStd-Italic,9.962599754333496,46.13,578.79,277.38,588.81,578.79,194.12,46.13,298.62,Proof of Theorem 1: We demonstrate that the proposed
9,0,1,1,0,34,13,TimesLTStd-Roman,9.226907510023851,36.17,590.75,277.38,614.21,590.75,168.72,36.17,298.62,"protocol is provably secure with Exp 0 , Exp 1 , Exp 2 , Exp 3 , Exp 4 . Let Su n ( 1 n 4 ) denote the event that A success-"
9,0,0,1,0,6,2,TimesLTStd-Roman,9.962599754333496,36.17,614.71,178.7,624.67,614.71,158.26,36.17,397.3,fully guesses b from the Test-query.
9,0,1,1,0,16,13,TimesLTStd-Italic,9.36484980583191,36.17,626.62,277.37,648.58,626.62,134.35,36.17,298.63,Experiment Exp 0 : This experiment models a real attack. According to our deﬁnition Adv ake
9,0,1,1,0,12,13,TimesLTStd-Italic,9.484399795532227,85.25,637.38,231.12,669.93,637.38,113.0,85.25,344.88,"O2L ( A ), we have : F 0 = Adv ake"
9,0,1,1,0,60,13,TimesLTStd-Italic,9.594753632178673,36.17,657.85,277.38,733.86,657.85,49.07,36.17,298.62,"O2L ( A ) = 2 Pr [ Su 0 ] 1 . Experiment Exp 1 : All oracles Execute, Send, Reveal, Cor- rupt, Test in this experiment are modeled. The adversary A cannot distinguish Exp 0 and Exp 1 . Hence, F 1 = | Pr [ Su 0 ] Pr [ Su 1 ] | = 0 ."
9,0,1,1,0,24,13,TimesLTStd-Italic,9.36484980583191,297.08,65.44,538.28,88.28,65.44,694.65,297.08,37.72,"Experiment Exp 2 : In this experiment, all oracles are also simulated. There is a collision in Exp 2 . If the collision occurs,"
9,0,1,1,0,39,2,TimesLTStd-Roman,9.962599754333496,297.08,89.35,538.29,152.09,89.35,630.84,297.08,37.71,"the adversary A will initiate a reply attack to win the game. We can have the probability of collisions according to the birthday paradox. Hence, If there’s a hash collision occurs, the probability of the collision at most is"
9,0,1,1,0,5,13,TimesLTStd-Italic,7.093400001525879,395.5,142.13,413.16,155.82,142.13,627.11,395.5,162.84,2 l + 1 .
9,0,1,1,0,13,13,TimesLTStd-Roman,9.279456956045967,307.04,156.16,538.29,167.67,156.16,615.26,307.04,37.71,"So, only in above case can Exp 1 and Exp 2 be distinguished,"
9,0,1,1,0,16,13,TimesLTStd-Italic,9.450242655617851,343.83,190.38,459.08,202.46,190.38,580.47,343.83,116.92,F 2 = | Pr [ Su 2 ] Pr [ Su 1 ] | ≤
9,0,1,1,0,5,13,TimesLTStd-Italic,8.527999877929688,463.04,191.19,484.73,208.6,191.19,574.33,463.04,91.27,2 l + 1 .
9,0,1,1,0,43,13,TimesLTStd-Italic,9.36484980583191,297.08,212.66,538.29,248.08,212.66,534.85,297.08,37.71,"Experiment Exp 3 : Now, all oracles have been modeled in Exp 3 . Once the adversary A obtains the correct session key: sk = h ( r i || r j || t l ), the invalid OBU i could extract the"
9,0,1,1,0,10,2,TimesLTStd-Roman,9.962599754333496,297.08,248.53,538.29,258.54,248.53,524.39,297.08,37.71,"pre-shared key between LE and AS. However, A could do"
9,0,1,1,0,28,13,TimesLTStd-Roman,9.038079833984375,297.08,260.48,537.79,272.16,260.48,510.76,297.08,38.21,"nothing with only b i , c i , d i , y i , z i and P pub i , because r i , r j"
9,0,1,1,0,21,2,TimesLTStd-Roman,9.962599754333496,297.08,272.44,538.28,294.4,272.44,488.53,297.08,37.72,"is required for A to break a session key. Hence, we have a hypothesis that A has queried Corrupt( V i"
9,0,1,1,0,68,13,TimesLTStd-Italic,9.36484980583191,297.08,284.39,538.29,342.22,284.39,440.71,297.08,37.71,"i ). If A intends to break the session key sk = h ( r i || r j || t l ), it must compute r i , r j with the value a i , where a i = b i h ( pw i ). However, it is hard to recover a i without the correct password pw i . A asks Corrupt( V i"
9,0,1,1,0,20,13,TimesLTStd-Italic,9.279456956045967,297.08,332.21,538.29,355.67,332.21,427.26,297.08,37.71,"i ) and guesses pw i from the dictionary D with maximum q s Send-queries. Therefore, the probability at most"
9,0,1,1,0,3,13,TimesLTStd-Roman,7.837266604105632,297.08,353.2,315.12,366.13,353.2,416.8,297.08,260.88,is q s
9,0,1,1,0,8,13,MTSYN,8.527999877929688,307.41,354.94,381.86,369.05,354.94,413.88,307.41,194.14,| D | . Then we have :
9,0,1,1,0,19,13,TimesLTStd-Italic,9.400011567508473,319.07,381.63,462.11,393.71,381.63,389.22,319.07,113.89,F 3 = | Pr [ Su 3 ] Pr [ Su 2 ] | ≤ q s max
9,0,1,1,0,7,2,TimesLTStd-Italic,9.962599754333496,470.58,368.83,498.94,399.86,368.83,383.07,470.58,77.06,"1 | D | , ε )"
9,0,1,1,0,22,13,TimesLTStd-Italic,9.621028355189733,297.08,406.3,537.63,428.27,406.3,354.66,297.08,38.37,"Experiment Exp 4 : Besides, we say that A succeeds the O2L of the scheme if A uses the Test( U i"
9,0,1,1,0,7,13,TimesLTStd-Italic,8.767099857330322,428.69,418.31,538.28,430.84,418.31,352.09,428.69,37.72,i ) oracle and returns the real
9,0,0,1,0,13,2,TimesLTStd-Roman,9.962599754333496,297.08,430.26,449.74,464.27,430.26,318.66,297.08,126.26,"bit guess. Thus, F 4 = Pr [ Su 3 ] = 1"
9,0,1,1,0,24,13,TimesLTStd-Roman,9.279456956045967,307.04,473.29,470.07,507.96,473.29,274.97,307.04,105.93,"Therefore, from F 1 , F 2 , F 3 , F 4 , we have : | Pr [ Su 0 ] 1"
9,0,1,1,0,62,13,TimesLTStd-Roman,9.594753632178673,377.48,495.88,491.8,569.6,495.88,213.33,377.48,84.2,2 | = | Pr [ Su 0 ] Pr [ Su 3 ] | ≤| Pr [ Su 0 ] Pr [ Su 1 ] | + | Pr [ Su 1 ] Pr [ Su 2 ] | + | Pr [ Su 2 ] Pr [ Su 3 ] | = F 1 + F 2 + F 3
9,0,1,1,0,8,13,TimesLTStd-Italic,8.767099857330322,402.27,578.16,458.44,596.38,578.16,186.55,402.27,117.56,2 l + 1 + q s max
9,0,1,1,0,7,2,TimesLTStd-Italic,9.962599754333496,466.91,565.36,495.27,596.38,565.36,186.55,466.91,80.73,"1 | D | , ε )"
9,0,1,1,0,8,13,TimesLTStd-Roman,9.484399795532227,307.04,601.64,425.69,614.34,601.64,168.59,307.04,150.31,"Hence, from F 0 we will have :"
9,0,1,1,0,6,13,TimesLTStd-Italic,9.165599822998047,351.29,618.54,401.48,639.98,618.54,142.95,351.29,174.52,O2L ( A ) q 2
9,0,1,1,0,6,13,TimesLTStd-Italic,9.165599822998047,393.31,626.57,445.38,644.79,626.57,138.14,393.31,130.62,2 l + 2q s max
9,0,1,1,0,7,2,TimesLTStd-Italic,9.962599754333496,453.85,613.77,482.21,644.79,613.77,138.14,453.85,93.79,"1 | D | , ε )"
9,0,1,1,0,12,2,TimesLTStd-Italic,9.962599754333496,307.04,651.24,538.29,661.25,651.24,121.68,307.04,37.71,Theorem 2: Let O2O be an event that A could violate the
9,0,1,1,0,38,13,TimesLTStd-Roman,9.279456956045967,297.08,663.2,538.29,697.99,663.2,84.93,297.08,37.71,secure communication procedure between OBU i and OBU j of two trusted vehicles. D id and D are identity dictionary with the size of | D id | and identity dictionary with the size of | D |
9,0,0,1,0,9,2,TimesLTStd-Roman,9.962599754333496,297.08,699.11,538.28,709.07,699.11,73.86,297.08,37.72,respectively and both of them follow a uniformly distributed.
9,0,1,1,0,3,13,TimesLTStd-Roman,9.165599822998047,297.08,709.07,352.96,721.03,709.07,61.9,297.08,223.04,Let Adv ECDHP
9,0,1,1,0,20,2,TimesLTStd-Roman,9.962599754333496,297.08,711.02,538.29,732.98,711.02,49.95,297.08,37.71,be the advantage for A in solving the ECCDHP in a polynomial time. Let A denote an adversary against the
9,0,0,1,1,3,12,FormataOTF-Reg,5.97760009765625,492.71,746.92,538.29,752.89,746.92,30.03,492.71,37.71,"VOLUME 7, 2019"
10,0,1,1,0,16,10,FormataOTF-Reg,6.973800182342529,36.17,25.99,388.0,32.98,25.99,749.95,36.17,188.0,L. Wu et al. : Efficient Privacy-Preserving Mutual Authentication Scheme for Secure V2V Communication in VANETs
10,0,1,1,0,21,2,TimesLTStd-Roman,9.962599754333496,36.17,64.25,277.38,87.4,64.25,695.53,36.17,298.62,"secure communication procedure. Let | Hash | denote the Hash function space. And within the time complexity limit t, A can"
10,0,1,1,0,15,13,TimesLTStd-Roman,9.279456956045967,36.17,89.35,277.38,112.81,89.35,670.12,36.17,298.62,"only issue at the most q e Execute-queries, q s Send-queries, q h Hash-queries. Hence,"
10,0,1,1,0,16,13,TimesLTStd-Italic,9.36484980583191,69.44,118.71,153.97,144.84,118.71,638.09,69.44,422.03,O2O ( A ) 2 ( q s + q e ) | D id |
10,0,1,1,0,3,13,MTSYN,9.165599822998047,157.38,117.66,177.33,135.66,117.66,647.27,157.38,398.67,+ q 2
10,0,1,1,0,6,13,TimesLTStd-Italic,8.767099857330322,173.54,118.32,202.93,143.92,118.32,639.01,173.54,373.07,h + 2q s 2 l
10,0,1,1,0,9,13,MTSYN,9.165599822998047,206.84,118.1,257.91,135.66,118.1,647.27,206.84,318.09,+ ( q s + q e ) 2
10,0,1,1,0,4,13,MTSYN,9.36484980583191,111.69,152.26,151.13,164.34,152.26,618.59,111.69,424.87,+ 2q s max
10,0,1,1,0,7,2,TimesLTStd-Italic,9.962599754333496,159.6,139.46,187.96,170.48,139.46,612.44,159.6,388.04,"1 | D | , ε )"
10,0,1,1,0,14,13,MTSYN,9.279456956045967,111.69,172.74,199.57,185.92,172.74,597.01,111.69,376.43,+ 2q h (( q s + q e ) 2 + 1 )
10,0,1,1,0,17,13,TimesLTStd-Italic,9.400011567508473,134.04,188.79,231.96,202.2,188.79,580.73,134.04,344.04,O2O ( A )( t + ( q e + q s ) t m ) .
10,0,1,1,0,4,2,TimesLTStd-Italic,9.962599754333496,46.13,209.29,126.95,219.25,209.29,563.68,46.13,449.05,Proof of Theorem 2:
10,0,1,1,0,16,13,TimesLTStd-Italic,9.36484980583191,36.17,221.24,277.37,243.21,221.24,539.72,36.17,298.63,Experiment Exp 0 : This experiment models a real attack. According to our deﬁnition Adv ake
10,0,1,1,0,6,13,TimesLTStd-Italic,9.36484980583191,163.45,233.2,229.14,245.77,233.2,537.16,163.45,346.86,"O2O ( A ), we have"
10,0,1,1,0,146,13,TimesLTStd-Italic,9.594753632178673,36.17,251.78,277.38,439.72,251.78,343.21,36.17,298.62,"O2O ( A ) = 2 Pr [ Su 0 ] 1 . Experiment Exp 1 : All oracles Execute, Send, Reveal, Cor- rupt, Test in this experiment are modeled. The adversary A cannot distinguish Exp 0 and Exp 1 . Hence, F 1 = | Pr [ Su 1 ] Pr [ Su 0 ] | = 0 . Experiment Exp 2 : Here, all the oracles Send, Execute, Reveal, Corrupt, and Test are also modeled in this experiment. Once A gets the real identity id i of trusted OBU i , id j of trusted OBU j from the identity space, we stop simulating this guessing identity attacks. So, Exp 2 and Exp 1 cannot be distinguished unless the case appears, and : F 2 = | Pr [ Su 2 ] Pr [ Su 1 ] | ≤ q s + q e"
10,0,1,1,0,70,13,MTSYN,9.484399795532227,36.17,428.45,277.38,538.56,428.45,244.36,36.17,298.62,"| D id | . Experiment Exp 3 : In this experiment, all oracles are also simulated. There exist two styles of collisions in Exp 3 . If both collisions occur, the adversary A will initiate a reply attack to win the game. We can have the probability of collisions according to the birthday paradox. Hence, If there’s a hash collision occurs, the probability of the collision at most is"
10,0,1,1,0,5,13,TimesLTStd-Italic,7.093400001525879,134.59,528.6,152.25,542.29,528.6,240.64,134.59,423.75,2 l + 1 .
10,0,0,1,0,8,2,TimesLTStd-Roman,9.962599754333496,49.92,540.56,277.37,550.52,540.56,232.41,49.92,298.63,If there’s a collision between the random number
10,0,1,1,0,22,13,TimesLTStd-Italic,7.913171359470913,55.9,548.04,273.19,565.39,548.04,217.53,55.9,302.81,"r i and r j , the probability of the collision at most ( q s + q e ) 2 2p"
10,0,1,1,0,13,13,TimesLTStd-Roman,9.279456956045967,36.17,566.57,277.37,578.07,566.57,204.85,36.17,298.63,"So, only in following cases can Exp 1 and Exp 2 be distin-"
10,0,0,1,0,3,2,TimesLTStd-Roman,9.962599754333496,36.17,577.34,89.27,588.53,577.34,194.39,36.17,486.73,"guished, and :"
10,0,1,1,0,16,13,TimesLTStd-Italic,9.450242655617851,55.43,602.91,170.68,614.99,602.91,167.94,55.43,405.32,F 3 = | Pr [ Su 3 ] Pr [ Su 2 ] | ≤
10,0,1,1,0,13,13,TimesLTStd-Italic,8.859061387869028,174.64,595.36,246.88,621.14,595.36,161.79,174.64,329.12,2 l + 1 + ( q s + q e ) 2
10,0,1,1,0,25,13,TimesLTStd-Italic,9.36484980583191,36.17,627.33,277.38,661.25,627.33,121.68,36.17,298.62,"Experiment Exp 4 : Here, all the oracles that have been modeled in Exp 3 are also modeled in this experiment. When Corrupt( V i"
10,0,1,1,0,37,13,TimesLTStd-Italic,9.36484980583191,36.17,651.24,277.38,675.88,651.24,107.05,36.17,298.62,"i ) is queried, the adversary A can extract the infor- mation b i , c i , d i , y i , z i , P pub i and e i stored in the vehicle’s"
10,0,1,1,0,12,2,TimesLTStd-Roman,9.962599754333496,36.17,675.15,277.38,685.16,675.15,97.77,36.17,298.62,"OBU, To break the session key, A needs to know the secret"
10,0,1,1,0,61,13,TimesLTStd-Roman,9.298433144887289,36.17,687.11,277.38,723.7,687.11,59.23,36.17,298.62,"key x i , psk , id i , id j and the random number r i as well as r j . It is difﬁcult to recover psk and x i from the information b i , c i , d i , y i , z i , P pub i and e i without getting the correct password."
10,0,0,1,0,10,2,TimesLTStd-Roman,9.962599754333496,36.17,723.02,277.37,732.98,723.02,49.95,36.17,298.63,"The adversary cannot get the user password, since there is"
10,0,0,1,0,12,2,TimesLTStd-Roman,9.962599754333496,297.08,65.49,538.28,87.4,65.49,695.53,297.08,37.72,"no user password in the whole communication message. So, we have :"
10,0,1,1,0,19,13,TimesLTStd-Italic,9.400011567508473,319.07,96.71,462.11,108.79,96.71,674.14,319.07,113.89,F 4 = | Pr [ Su 4 ] Pr [ Su 3 ] | ≤ q s max
10,0,1,1,0,7,2,TimesLTStd-Italic,9.962599754333496,470.58,83.91,498.94,114.94,83.91,667.99,470.58,77.06,"1 | D | , ε )"
10,0,1,1,0,13,13,TimesLTStd-Italic,9.279456956045967,307.04,120.06,538.29,131.56,120.06,651.37,307.04,37.71,"Experiment Exp 5 : Here and now, all oracles in Exp 4 have"
10,0,0,1,0,9,2,TimesLTStd-Roman,9.962599754333496,297.08,132.06,538.28,142.02,132.06,640.91,297.08,37.72,"been modeled. In this experiment, we consider the probability"
10,0,1,1,0,15,13,TimesLTStd-Roman,9.36484980583191,297.08,143.97,538.29,155.47,143.97,627.46,297.08,37.71,"that A forges the authentication value m 2 , m 4 , m 5 without"
10,0,0,1,0,8,2,TimesLTStd-Roman,9.962599754333496,297.08,155.97,538.28,165.93,155.97,617.0,297.08,37.72,using random oracles for corresponding queries. Unless the
10,0,1,1,0,41,13,TimesLTStd-Roman,9.36484980583191,297.08,167.88,538.29,210.21,167.88,572.72,297.08,37.71,"oracle can stop the game with right values, Exp 5 becomes indistinguishable from Exp 4 to A . Hence, we will have : F 5 = | Pr [ Su 5 ] Pr [ Su 4 ] | ≤ q s"
10,0,1,1,0,12,13,TimesLTStd-Italic,9.165599822998047,307.04,198.94,484.53,229.97,198.94,552.96,307.04,91.47,"2 l . Experiment Exp 6 : Here and now, Exp 6"
10,0,0,1,0,13,2,TimesLTStd-Roman,9.962599754333496,297.08,219.13,538.29,241.05,219.13,541.88,297.08,37.71,will simu- late the hash oracle h to break the session key sk
10,0,1,1,0,29,13,TimesLTStd-Italic,8.994814123426165,297.08,241.81,538.29,255.67,241.81,527.26,297.08,37.71,h ( id i || id j || x i P pub j || psk || t oi || t oj ). Computing x i P pub j belongs
10,0,1,1,0,9,2,TimesLTStd-Roman,9.962599754333496,297.08,254.95,538.29,264.96,254.95,517.97,297.08,37.71,to ECCDHP. The case when the adversary A queries
10,0,1,1,0,100,13,TimesLTStd-Roman,9.165599822998047,297.08,265.72,538.29,324.73,265.72,458.19,297.08,37.71,"the oracle h on id i || id j || x i P pub j || psk || t oi || t oj , and the oracle responds the value as follows: id i || id j || x i P pub j || psk || t oi || t oj || ECCDH ( x j P pub i , P pub i ) + ECCDH ( x i P pub j , P pub j ). So, Exp 5 and Exp 4 cannot be distinguished unless the above case occurs. We deﬁne the advantage of A as Adv ake"
10,0,1,1,1,27,13,TimesLTStd-Italic,9.36484980583191,297.08,314.72,538.29,338.18,314.72,444.74,297.08,37.71,"O2O ( A ) ( t + ( q e + q s ) tm ), while t is the maximum time and t m is the"
10,0,1,1,0,21,2,TimesLTStd-Roman,9.962599754333496,297.08,338.63,538.28,362.09,338.63,420.83,297.08,37.72,"point multiplication time based on ECC. A can win the game at the fewest q h hash-queries. Then, we have :"
10,0,1,1,0,15,13,TimesLTStd-Italic,9.450242655617851,343.56,367.31,451.06,379.38,367.31,403.55,343.56,124.94,F 6 = | Pr [ Su 6 ] Pr [ Su 5 ] |
10,0,1,1,0,4,13,TimesLTStd-Italic,8.767099857330322,369.13,381.14,404.32,394.32,381.14,388.6,369.13,171.68,q h Adv ake
10,0,1,1,0,33,13,TimesLTStd-Italic,9.400011567508473,297.08,382.25,538.29,423.31,382.25,359.62,297.08,37.71,"O2O ( A )( t + ( q e + q s ) t m ) . Experiment Exp 7 : In this experiment, we suppose that A has issued Corrupt( V i"
10,0,1,1,0,8,13,TimesLTStd-Italic,8.767099857330322,380.79,413.34,538.29,425.87,413.34,357.06,380.79,37.71,i ) after the previous Test query. Similar
10,0,1,1,0,33,13,TimesLTStd-Roman,9.564099788665771,297.08,425.25,538.29,459.42,425.25,323.51,297.08,37.71,"to the Exp 6 , if the session key sk can be obtained in the hash oracle h , the probability that x i and x j are in the same session is"
10,0,0,1,0,15,8,TimesLTStd-Roman,7.571599960327148,307.41,447.25,408.08,463.99,447.25,318.93,307.41,167.92,1 ( q s + q e ) 2 . So we will have :
10,0,1,1,0,27,13,TimesLTStd-Italic,9.450242655617851,323.3,466.91,430.93,493.93,466.91,289.0,323.3,145.07,F 7 = | Pr [ Su 6 ] Pr [ Su 5 ] | q h ( q s + q e ) 2 Adv ake
10,0,1,1,0,17,13,TimesLTStd-Italic,9.400011567508473,414.14,481.86,512.06,495.27,481.86,287.66,414.14,63.94,O2O ( A )( t + ( q e + q s ) t m ) .
10,0,1,1,0,32,2,TimesLTStd-Roman,9.962599754333496,297.08,500.95,538.29,545.63,500.95,237.3,297.08,37.71,"Besides, A will succeed against an oracle, if the Test query return it the real bit Guess randomly. So, we have : F 8 = Pr [ Su 7 ] = 1"
10,0,1,1,0,32,13,TimesLTStd-Roman,9.234904164853303,297.08,553.32,519.45,586.66,553.32,196.27,297.08,56.55,"Therefore, from F 1 , F 2 , F 3 , F 4 , F 5 , F 6 and F 7 we have : | Pr [ Su 0 ] 1"
10,0,1,1,0,126,13,TimesLTStd-Roman,9.594753632178673,356.27,574.59,525.79,708.07,574.59,74.86,356.27,50.21,2 | = | Pr [ Su 0 ] Pr [ Su 7 ] | ≤| Pr [ Su 0 ] Pr [ Su 1 ] | + | Pr [ Su 1 ] Pr [ Su 2 ] | + | Pr [ Su 2 ] Pr [ Su 3 ] | + | Pr [ Su 3 ] Pr [ Su 4 ] | + | Pr [ Su 4 ] Pr [ Su 5 ] | + | Pr [ Su 5 ] Pr [ Su 6 ] | + | Pr [ Su 6 ] Pr [ Su 7 ] | = F 1 + F 2 + F 3 + F 4 + F 5 + F 6 + F 7
10,0,1,1,0,9,13,TimesLTStd-Italic,9.006199836730957,381.06,709.65,410.03,735.79,709.65,47.14,381.06,165.97,q s + q e | D id |
10,0,1,1,0,3,13,MTSYN,9.165599822998047,413.93,708.6,438.13,726.6,708.6,56.33,413.93,137.87,+ q 2
10,0,1,1,0,13,13,TimesLTStd-Italic,8.859061387869028,425.11,709.05,497.35,734.86,709.05,48.07,425.11,78.65,2 l + 1 + ( q s + q e ) 2
10,0,1,1,0,5,13,MTSYN,9.165599822998047,501.26,710.84,520.36,734.86,710.84,48.07,501.26,55.64,+ q s 2 l
10,0,0,1,1,3,12,FormataOTF-Reg,5.97760009765625,36.17,746.92,81.74,752.89,746.92,30.03,36.17,494.26,"VOLUME 7, 2019"
11,0,1,1,0,16,10,FormataOTF-Reg,6.973800182342529,186.46,25.99,538.28,32.98,25.99,749.95,186.46,37.72,L. Wu et al. : Efficient Privacy-Preserving Mutual Authentication Scheme for Secure V2V Communication in VANETs
11,0,1,1,0,4,13,MTSYN,9.36484980583191,118.96,66.74,153.41,78.82,66.74,704.11,118.96,422.59,+ q s max
11,0,1,1,0,7,2,TimesLTStd-Italic,9.962599754333496,161.88,53.94,190.24,84.96,53.94,697.96,161.88,385.76,"1 | D | , ε )"
11,0,1,1,0,14,13,MTSYN,9.279456956045967,118.96,87.22,201.85,100.4,87.22,682.53,118.96,374.15,+ q h (( q s + q e ) 2 + 1 )
11,0,1,1,0,25,13,TimesLTStd-Italic,9.400011567508473,36.17,103.27,239.22,137.13,103.27,645.8,36.17,336.78,"O2O ( A )( t + ( q e + q s ) t m ) . Hence, from F 0 we will have :"
11,0,1,1,0,16,13,TimesLTStd-Italic,9.36484980583191,69.44,144.31,153.97,170.44,144.31,612.49,69.44,422.03,O2O ( A ) 2 ( q s + q e ) | D id |
11,0,1,1,0,3,13,MTSYN,9.165599822998047,157.38,143.26,177.33,161.26,143.26,621.67,157.38,398.67,+ q 2
11,0,1,1,0,6,13,TimesLTStd-Italic,8.767099857330322,173.54,143.92,202.93,169.52,143.92,613.41,173.54,373.07,h + 2q s 2 l
11,0,1,1,0,9,13,MTSYN,9.165599822998047,206.84,143.7,257.91,161.26,143.7,621.67,206.84,318.09,+ ( q s + q e ) 2
11,0,1,1,0,4,13,MTSYN,9.36484980583191,111.69,177.86,151.13,189.94,177.86,592.99,111.69,424.87,+ 2q s max
11,0,1,1,0,7,2,TimesLTStd-Italic,9.962599754333496,159.6,165.06,187.96,196.08,165.06,586.85,159.6,388.04,"1 | D | , ε )"
11,0,1,1,0,14,13,MTSYN,9.279456956045967,111.69,198.34,199.57,211.52,198.34,571.41,111.69,376.43,+ 2q h (( q s + q e ) 2 + 1 )
11,0,1,1,0,17,13,TimesLTStd-Italic,9.400011567508473,134.04,214.39,231.96,227.8,214.39,555.13,134.04,344.04,O2O ( A )( t + ( q e + q s ) t m ) .
11,0,0,1,1,3,4,FormataOTFMdIt,8.966400146484375,37.17,240.97,138.04,249.93,240.97,533.0,37.17,437.96,C. OTHER DISCUSSIONS
11,0,0,1,0,21,2,TimesLTStd-Roman,9.962599754333496,46.13,253.11,277.38,275.02,253.11,507.9,46.13,298.62,"1) Resistance to insider attack enhancement: If the real password is stored in plaintext form in AS , the AS may"
11,0,1,1,0,29,13,TimesLTStd-Roman,9.36484980583191,60.41,276.97,277.38,299.81,276.97,483.12,60.41,298.62,"careless use of it. So in our scheme User i sends its ( id i , h ( pw i )) to AS . AS cannot recalculate the password"
11,0,0,1,0,235,2,TimesLTStd-Roman,9.962599754333496,46.13,300.93,277.37,633.68,300.93,149.25,46.13,298.63,"because of the one-way feature of the hash function. So AS cannot misuse the password. 2) Anonymity, Identity Privacy-Preserving and the loca- tion privacy of user Enhancement: If the anonymity has not changed for a long time, the adversary can still steal the trajectory privacy. If the real user’s identity is transmitted in plaintext form on VANETs, it can be analyzed the message easily by the attack. In our scheme, we also use XOR operation with a hash to increase the security of anonymous identity. However, the hash takes a timestamp to connect to a random as an input. We use double security parameters (random number, timestamp) to change anonymity dynamically. Above all, the adversary cannot get the user privacy by intercepting information. 3) Secure session key enhancement: Although in Zhou et al.’s scheme, the session key is diverse in different authentication or communication phase, the session key can be leaked by guessing the identity from the identity space, the explanation is described in the following 5 ) in detail. In our scheme, the session key is secure and also change dynamically because of the hash of the cur- rent time. The reasons of security are also demonstrated in the following 5 ). 4) Resistance to password guessing attack: Since there is no user password in the whole communication mes- sage, the adversary cannot obtain the user password. 5) Resistance to identity guessing and impersonation"
11,0,1,1,0,10,13,TimesLTStd-Roman,9.36484980583191,60.41,635.62,277.38,647.13,635.62,135.8,60.41,298.62,attack: Assuming D id denotes the size of the identity
11,0,1,1,0,6,2,TimesLTStd-Roman,9.962599754333496,60.41,647.58,183.31,657.59,647.58,125.34,60.41,392.69,"space, a adversary guesses a id"
11,0,1,1,0,5,13,TimesLTStd-Italic,8.767099857330322,183.31,647.63,277.38,660.16,647.63,122.77,183.31,298.62,i from a uniformly dis-
11,0,1,1,0,10,13,TimesLTStd-Roman,9.279456956045967,60.41,659.53,277.38,671.04,659.53,111.89,60.41,298.62,tributed identity dictionary D id of OBU i and computes
11,0,0,1,0,9,2,TimesLTStd-Roman,9.962599754333496,60.41,670.3,256.44,681.5,670.3,101.43,60.41,319.56,the following parameters in Zhou et al.’s scheme :
11,0,1,1,0,9,13,TimesLTStd-Italic,9.43126646677653,116.72,691.47,189.31,703.54,691.47,79.39,116.72,386.69,h ( r i ) = aid i id
11,0,1,1,0,12,13,TimesLTStd-Italic,9.165599822998047,133.96,705.46,214.46,719.84,705.46,63.09,133.96,361.54,"j = m 3 [ h ( r i )] 2 ,"
11,0,1,1,0,3,2,TimesLTStd-Italic,9.962599754333496,120.74,721.47,157.71,732.62,721.47,50.31,120.74,418.29,psk = r
11,0,1,1,0,4,13,TimesLTStd-Italic,8.767099857330322,157.71,722.28,190.17,734.79,722.28,48.14,157.71,385.83,"j m 4 ,"
11,0,1,1,0,12,13,TimesLTStd-Italic,9.36484980583191,395.72,64.25,480.32,77.57,64.25,705.36,395.72,95.68,"i = h ( psk || y i ) c i ,"
11,0,1,1,0,7,13,TimesLTStd-Italic,9.279456956045967,394.87,79.2,451.89,92.51,79.2,690.42,394.87,124.11,i = m 1 h ( a
11,0,1,1,0,9,13,TimesLTStd-Italic,9.165599822998047,387.16,80.0,462.95,106.21,80.0,676.71,387.16,113.05,"i ) , sk ij = h ( r"
11,0,1,1,0,3,13,TimesLTStd-Italic,9.165599822998047,426.91,94.14,441.78,107.45,94.14,675.47,426.91,134.22,i || r
11,0,1,1,0,3,13,TimesLTStd-Italic,9.165599822998047,441.78,94.95,453.14,107.45,94.95,675.47,441.78,122.86,j ) .
11,0,1,1,0,7,2,TimesLTStd-Roman,9.962599754333496,321.32,114.23,449.42,124.24,114.23,658.69,321.32,126.58,And then compares the h ( r
11,0,1,1,0,28,13,TimesLTStd-Italic,9.36484980583191,321.32,113.05,538.28,149.03,113.05,633.9,321.32,37.72,"i )? = h ( r i ), if yes, the adversary guess the id i of OBU i successfully. Next, the sk ij = h ( r"
11,0,1,1,0,3,13,TimesLTStd-Italic,9.165599822998047,374.28,136.96,389.15,150.72,136.96,632.21,374.28,186.85,i || r
11,0,1,1,0,8,13,TimesLTStd-Italic,8.767099857330322,389.15,138.19,538.28,150.72,138.19,632.21,389.15,37.72,j ) also be guesses successfully by the
11,0,0,1,0,21,2,TimesLTStd-Roman,9.962599754333496,321.32,150.15,538.28,184.02,150.15,598.91,321.32,37.72,"adversary. Therefore, Zhou et al.’s scheme still has security threats. In our scheme, assuming that the adversary also guesses a id"
11,0,1,1,0,51,13,TimesLTStd-Italic,9.279456956045967,321.32,173.68,538.29,221.38,173.68,561.55,321.32,37.71,"i from the L of OBU i and computers sk ij that is generated by the hash that takes random number r i , r j as the input. r i , r j are encrypted by key a i , and a i is known by AS and trustful OBU."
11,0,0,1,0,54,2,TimesLTStd-Roman,9.962599754333496,307.04,221.88,538.28,303.57,221.88,479.36,307.04,37.72,"Therefore, our scheme can resist to identity guessing attack, but Zhou et al.’s cannot. 6) Resistance to reply attack: In our proposal, all the trans- mitted messages contain current time stamps, so these messages must pass the check of the time stamp fresh- ness ﬁrstly. Therefore, a reply attack from an adversary is prevented."
11,1,0,1,1,3,4,FormataOTF-Bold,8.966400146484375,298.07,318.35,430.71,327.38,318.35,455.55,298.07,145.29,VIII. PERFORMANCE ANALYSIS
11,0,0,1,1,3,4,FormataOTFMdIt,8.966400146484375,298.07,330.34,397.49,339.31,330.34,443.62,298.07,178.51,A. COMPUTATION COST
11,0,0,1,0,42,2,TimesLTStd-Roman,9.962599754333496,297.08,342.48,538.28,400.27,342.48,382.66,297.08,37.72,"To demonstrate the efﬁciency of our proposed scheme, we analyze computation cost of the authentication and secure communication phase respectively. The following display is the performance analysis of [23] and our scheme. We analyze the computation and communication cost by contrast between"
11,0,1,1,0,15,13,TimesLTStd-Roman,9.165599822998047,297.08,402.21,537.79,413.1,402.21,369.83,297.08,38.21,"our proposed scheme and [23]. These symbols T h , T m , T a"
11,0,0,1,0,90,2,TimesLTStd-Roman,9.962599754333496,297.08,414.21,538.29,520.69,414.21,262.23,297.08,37.71,"respectively illustrate the execution time of shs-hash-256, scalar point multiplication and scalar addition multiplication based on ECC. These related operations are based upon the miracl c ++ library [29]. In our scheme, the machine parame- ters are Intel(R) Core(TM) i5-3337U CPU, 1.8GHz and RAM is 4GB on a Windows 10 PC. As shown in TABLE 2, 3, 4, the authentication time of [23] is about 17 T h 0 . 170 ms, the authentication time of our scheme is about 18 T h 0 . 180 ms, the communication time"
11,0,1,1,0,55,13,TimesLTStd-Roman,9.298433144887289,297.08,520.58,538.29,556.56,520.58,226.37,297.08,37.71,"of [23] is about 12 T h + 10 T m + 6 T a 12 T h + 10 T m 29 . 900 ms, and T a T m , T h . Then the communication time of our scheme is about 16 T h + 2 T m 6 . 116 ms."
11,0,0,1,0,11,2,TimesLTStd-Roman,9.962599754333496,297.08,557.67,538.28,567.64,557.67,215.29,297.08,37.72,"As shown in Figure 6, TABLE 5, [23] is slightly lighter"
11,1,0,1,0,8,10,FormataOTF-Bold,6.973800182342529,297.08,592.83,455.73,599.85,592.83,183.08,297.08,120.27,TABLE 2. The execution time of basic operation.
11,1,0,1,0,11,10,FormataOTF-Bold,6.973800182342529,297.08,666.92,516.02,673.94,666.92,108.99,297.08,59.98,TABLE 3. The Authentication cost and total execution time of each
11,0,0,1,1,3,12,FormataOTF-Reg,5.97760009765625,492.71,746.92,538.29,752.89,746.92,30.03,492.71,37.71,"VOLUME 7, 2019"
12,0,1,1,0,16,10,FormataOTF-Reg,6.973800182342529,36.17,25.99,388.0,32.98,25.99,749.95,36.17,188.0,L. Wu et al. : Efficient Privacy-Preserving Mutual Authentication Scheme for Secure V2V Communication in VANETs
12,1,0,1,0,11,10,FormataOTF-Bold,6.973800182342529,36.17,66.06,257.44,73.08,66.06,709.85,36.17,318.56,TABLE 4. The communication cost and total execution time of each
12,1,0,1,0,6,10,FormataOTF-Bold,6.973800182342529,36.17,346.71,187.1,353.73,346.71,429.2,36.17,388.9,FIGURE 6. Comparison of authentication cost.
12,1,0,1,0,6,10,FormataOTF-Bold,6.973800182342529,36.17,373.97,173.6,380.99,373.97,401.94,36.17,402.4,TABLE 5. Comparison of security features
12,0,0,1,0,83,2,TimesLTStd-Roman,9.962599754333496,36.17,517.82,277.37,623.42,517.82,159.51,36.17,298.63,"than our scheme in authentication cost, however, it cannot meet security requirements that we know about. As shown in Figure 7, it is noteworthy that the communication cost of our scheme is far more lightweight than [23], so our scheme yields better efﬁciency than previously proposed scheme in VANETs. At the same time, our scheme can resist malicious attacks which have been analyzed in section VII and shown in TABLE 5. Therefore, our scheme is a robust improvement of the privacy-preserving authentication scheme."
12,0,0,1,1,4,4,FormataOTFMdIt,8.966400146484375,37.17,639.15,158.44,648.12,639.15,134.81,37.17,417.56,B. RSU SERVING CAPABILITY
12,0,0,1,0,65,2,TimesLTStd-Roman,9.962599754333496,36.17,651.29,277.38,732.98,651.29,49.95,36.17,298.62,"When getting into the DSRC communication coverage of a LE/trusted vehicle in the area of RSU, the mistrusted vehicle will ﬁrstly build a mutual authentication with the LE/trusted vehicle. After the authentication process is ﬁnished, trusted vehicles can communicate with each other. RSU can broad- cast some safety information SI , such as school zone, traf- ﬁc signal, or accident zone periodically to trusted vehicles."
12,1,0,1,0,7,10,FormataOTF-Bold,6.973800182342529,297.08,263.8,448.45,270.82,263.8,512.1,297.08,127.55,FIGURE 7. Consumption time of each scheme.
12,0,0,1,0,10,2,TimesLTStd-Roman,9.962599754333496,297.08,299.42,538.28,309.38,299.42,473.55,297.08,37.72,We calculate RSU serving capability on the basis of the
12,0,1,1,0,11,13,TimesLTStd-Roman,8.268974900245667,297.08,308.4,463.04,322.21,308.4,460.72,297.08,112.96,formula deﬁned in [30] RSU ser = p T com r
12,0,1,1,0,146,13,TimesLTStd-Roman,9.663724780082703,297.08,311.32,538.29,476.75,311.32,306.18,297.08,37.71,", where p , r , T com , s , and d respectively denote the probability for RSU to send SI messages to the trusted vehicles within its communica- tion range r (200m), the communication time between RSU and trusted vehicles, the average speed of a trusted vehicle, the number of trusted vehicles. In our scheme, we assume that the T com is as same as between two trusted vehicles’, 16 T h + 2 T m 6 . 116 ms. As shown in Figure 8, we can see that 8 s 10, 200 d 400. It can be observed that the performance of the RSU in our scheme is effective. RSU can generate 33 session keys and communicate with corresponding trusted vehicles for each 200 ms. We also have an observation that RSU ser is directly proportional to r and inversely proportional to the"
12,1,0,1,0,12,10,FormataOTF-Bold,6.973800182342529,297.08,717.43,536.92,724.45,717.43,58.48,297.08,39.08,FIGURE 8. RSU serving capacity under different speed and the number of
12,0,0,1,1,3,12,FormataOTF-Reg,5.97760009765625,36.17,746.92,81.74,752.89,746.92,30.03,36.17,494.26,"VOLUME 7, 2019"
13,0,1,1,0,16,10,FormataOTF-Reg,6.973800182342529,186.46,25.99,538.28,32.98,25.99,749.95,186.46,37.72,L. Wu et al. : Efficient Privacy-Preserving Mutual Authentication Scheme for Secure V2V Communication in VANETs
13,0,1,1,0,63,2,TimesLTStd-Roman,9.962599754333496,36.17,65.44,277.38,135.22,65.44,647.7,36.17,298.62,"number d and the speed s of trusted vehicles. We can calculate that a LE can authenticate about 200 mistrusted vehicles for each 200 ms due to the limit of the vehicle density, but 1111 in theory. Hence, we come to the conclusion that our scheme has lower message loss than Zhou et al.’s when the vehicle density inside the communication area enlarges."
13,1,0,1,1,2,4,FormataOTF-Bold,8.966400146484375,37.17,144.32,114.12,153.35,144.32,629.58,37.17,461.88,IX. CONCLUSIONS
13,0,0,1,0,123,2,TimesLTStd-Roman,9.962599754333496,36.17,155.5,277.37,332.84,155.5,450.09,36.17,298.63,"We ﬁnd that Zhou et al.’s scheme cannot achieve some of vital security requirements due to its vulnerability to iden- tity guessing attack and impersonation attack in this paper. In addition, to overcome the weakness of Zhou et al.’s scheme, by using elliptic curves encryption technology, a new efﬁcient privacy-preserving mutual authentication scheme for secure V2V communication has been proposed by us. The security analysis suggests that this scheme can eliminate the security vulnerability of the previously proposed authentica- tion scheme. The performance evaluation and analysis of the calculating result indicate that our proposed authentication scheme yields reasonable cost since it has lower computation and communication overhead than the previous one. Hence, our improvement is more effective and securer in the VANET environment."
13,1,0,1,1,1,4,FormataOTF-Bold,8.966400146484375,37.17,341.93,90.76,350.96,341.93,431.97,37.17,485.24,REFERENCES
13,0,0,1,0,439,7,TimesLTStd-Roman,7.581600189208984,36.17,354.93,277.38,732.4,354.93,50.52,36.17,298.62,"[1] F.-Y. Wang, D. Zeng, and L. Yang, ‘‘Smart cars on smart roads: An ieee intelligent transportation systems society update,’’ IEEE Pervasive Comput. , vol. 5, no. 4, pp. 68–69, Oct./Dec. 2006. [2] R. G. Engoulou, M. Bellaïche, S. Pierre, and A. Quintero, ‘‘VANET security surveys,’’ Comput. Commun. , vol. 44, pp. 1–13, May 2014. [3] K. Hwang and M. Chen, Big-Data Analytics for Cloud, IoT and Cognitive Computing . Hoboken, NJ, USA: Wiley, 2017. [4] Y. Liu, Y. Wang, and G. Chang, ‘‘Efﬁcient privacy-preserving dual authen- tication and key agreement scheme for secure V2V communications in an IoV paradigm,’’ IEEE Trans. Intell. Transp. Syst. , vol. 18, no. 10, pp. 2740–2749, Oct. 2017. [5] S. Kumari, M. Karuppiah, X. Li, F. Wu, A. K. Das, and V. Odelu, ‘‘An enhanced and secure trust-extended authentication mechanism for vehicular ad-hoc networks,’’ Secur. Commun. Netw. , vol. 9, no. 17, pp. 4255–4271, 2016. [6] M. Chen, Y. Hao, K. Lin, L. Hu, and Z. Yuan, ‘‘Label-less learning for trafﬁc control in an edge network,’’ IEEE Netw. , vol. 32, no. 6, pp. 8–14, Nov. 2018. [7] B. Liu, D. Jia, J. Wang, K. Lu, and L. Wu, ‘‘Cloud-assisted safety message dissemination in VANET–cellular heterogeneous wireless network,’’ IEEE Syst. J. , vol. 11, no. 1, pp. 128–139, Mar. 2017. [8] B. Liu et al. , ‘‘Infrastructure-assisted message dissemination for support- ing heterogeneous driving patterns,’’ IEEE Trans. Intell. Transp. Syst. , vol. 18, no. 10, pp. 2865–2876, Oct. 2017. [9] L. Wu, J. Wang, K. R. Choo, and D. He, ‘‘Secure key agreement and key protection for mobile device user authentication,’’ IEEE Trans. Inf. Forensics Security , vol. 14, no. 2, pp. 319–330, Feb. 2019. [10] Q. Jiang, M. K. Khan, X. Lu, J. Ma, and D. He, ‘‘A privacy preserving three-factor authentication protocol for e-health clouds,’’ J. Supercomput. , vol. 72, no. 10, pp. 3826–3849, 2016. [11] Q. Jiang, J. Ma, X. Lu, and Y. Tian, ‘‘An efﬁcient two-factor user authenti- cation scheme with unlinkability for wireless sensor networks,’’ Peer-Peer Netw. Appl. , vol. 8, no. 6, pp. 1070–1081, Jun. 2014. [12] Q. Jiang, J. Ma, G. Li, and X. Li, ‘‘Improvement of robust smart-card- based password authentication scheme,’’ Int. J. Commun. Syst. , vol. 28, no. 2, pp. 383–393, 2015. [13] Y. Xie, L. Wu, N. Kumar, and J. Shen, ‘‘Analysis and improvement of a privacy-aware handover authentication scheme for wireless network,’’ Wireless Pers. Commun. , vol. 93, no. 2, pp. 523–541, 2017. [14] L. Wu, Y. Xia, Z. Wang, and H. Wang, ‘‘Be stable and fair: Robust data scheduling for vehicular networks,’’ IEEE Access , vol. 6, pp. 32839–32849, 2018."
13,0,0,1,0,572,7,TimesLTStd-Roman,7.581600189208984,297.08,67.29,538.29,585.95,67.29,196.98,297.08,37.71,"[15] M. Raya, P. Papadimitratos, and J.-P. Hubaux, ‘‘Securing vehicular com- munications,’’ IEEE Wireless Commun. , vol. 13, no. 5, pp. 8–15, Oct. 2006. [16] P. Porambage, C. Schmitt, P. Kumar, A. Gurtov, and M. Ylianttila, ‘‘Two- phase authentication protocol for wireless sensor networks in distributed iot applications,’’ in Proc. IEEE Wireless Commun. Netw. Conf. (WCNC) , Apr. 2014, pp. 2728–2733. [17] R. Lu, X. Lin, H. Zhu, P.-H. Ho, and X. Shen, ‘‘ECPP: Efﬁcient condi- tional privacy preservation protocol for secure vehicular communications,’’ in Proc. IEEE 27th Conf. Comput. Commun. (INFOCOM) , Apr. 2008, pp. 1229–1237. [18] J. Freudiger, M. Raya, M. Félegyházi, P. Papadimitratos, and J.-P. Hubaux, ‘‘Mix-zones for location privacy in vehicular networks,’’ in Proc. ACM Workshop Wireless Netw. Intell. Transp. Syst. (WiN-ITS) , 2007, pp. 1–7. [19] C. Zhang, X. Lin, R. Lu, and P.-H. Ho, ‘‘RAISE: An efﬁcient RSU-aided message authentication scheme in vehicular communication networks,’’ in Proc. IEEE Int. Conf. Commun. , May 2008, pp. 1451–1457. [20] J. Zhang and Y. Xu, ‘‘Privacy-preserving authentication protocols with efﬁcient veriﬁcation in VANETs,’’ Int. J. Commun. Syst. , vol. 27, no. 12, pp. 3676–3692, 2014. [21] A. Studer, E. Shi, F. Bai, and A. Perrig, ‘‘TACKing together efﬁ- cient authentication, revocation, and privacy in VANETs,’’ in Proc. 6th Annu. IEEE Commun. Soc. Conf. Sensor, Mesh Ad Hoc Commun. Netw. (SECON) , Jun. 2009, pp. 1–9. [22] L.-Y. Yeh, Y.-C. Chen, and J.-L. Huang, ‘‘PAACP: A portable privacy-preserving authentication and access control protocol in vehicular ad hoc networks,’’ Comput. Commun. , vol. 34, no. 3, pp. 447–456, 2011. [23] Y. Zhou, X. Zhao, Y. Jiang, F. Shang, S. Deng, and X. Wang, ‘‘An enhanced privacy-preserving authentication scheme for vehicle sensor networks,’’ Sensors , vol. 17, no. 12, p. 2854, 2017. [24] C. Zhang, R. Lu, X. Lin, P.-H. Ho, and X. Shen, ‘‘An efﬁcient identity-based batch veriﬁcation scheme for vehicular sensor networks,’’ in Proc. 27th Conf. Comput. Commun. (INFOCOM) , Apr. 2008, pp. 246– 250. [25] C. Zhang, P.-H. Ho, and J. Tapolcai, ‘‘On batch veriﬁcation with group testing for vehicular communications,’’ Wireless Netw. , vol. 17, no. 8, pp. 1851–1865, 2011. [26] M. C. Chuang and J. F. Lee, ‘‘TEAM: Trust-extended authentication mechanism for vehicular ad hoc networks,’’ IEEE Syst. J. , vol. 8, no. 3, pp. 749–758, Sep. 2014. [27] J. Bonneau, ‘‘The science of guessing: Analyzing an anonymized corpus of 70 million passwords,’’ in Proc. IEEE Symp. Secur. Privacy (SP) , May 2012, pp. 538–552. [28] M. Bellare, D. Pointcheval, and P. Rogaway, ‘‘Authenticated key exchange secure against dictionary attacks,’’ in Proc. Int. Conf. Theory Appl. Cryp- tograph. Techn. Berlin, Germany: Springer, 2000, pp. 139–155. [29] Rational Arithmetic C++ Library , MIRACL, London, U.K., 2013. [30] M. Azees, P. Vijayakumar, and L. J. Deboarh, ‘‘EAAP: Efﬁcient anony- mous authentication with conditional privacy-preserving scheme for vehic- ular ad hoc networks,’’ IEEE Trans. Intell. Transp. Syst. , vol. 18, no. 9, pp. 2467–2476, Sep. 2017. [31] S. H. Islam, M. S. Obaidat, P. Vijayakumar, E. Abdulhay, F. Li, and M. K. C. Reddy, ‘‘A robust and efﬁcient password-based conditional privacy preserving authentication and group-key agreement protocol for VANETs,’’ Future Gener. Comput. Syst. , vol. 84, pp. 216–227, Jul. 2018. [32] P. Vijayakumar, V. Chang, L. J. Deborah, B. Balusamy, and P. G. Shynu, ‘‘Computationally efﬁcient privacy preserving anonymous mutual and batch authentication schemes for vehicular ad hoc networks,’’ Future Generat. Comput. Syst. , vol. 78, pp. 943–955, Jan. 2016."
13,0,0,1,0,74,5,FormataOTFMd,7.970099925994873,379.16,638.45,538.29,732.5,638.45,50.43,379.16,37.71,"LIBING WU received the B.S. and M.S. degrees in computer science from Central China Normal Uni- versity, Wuhan, China, in 1994 and 2001, respec- tively, and the Ph.D. degree in computer science from Wuhan University, China, in 2006, where he is currently a Professor with the School of Computer Science. His areas of research inter- ests include distributed computing, trusted soft- ware, and wireless sensor networks. He is a Senior Member of the CCF."
13,0,0,1,1,3,12,FormataOTF-Reg,5.97760009765625,492.71,746.92,538.29,752.89,746.92,30.03,492.71,37.71,"VOLUME 7, 2019"
14,0,1,1,0,16,10,FormataOTF-Reg,6.973800182342529,36.17,25.99,388.0,32.98,25.99,749.95,36.17,188.0,L. Wu et al. : Efficient Privacy-Preserving Mutual Authentication Scheme for Secure V2V Communication in VANETs
14,0,0,1,0,25,5,FormataOTFMd,7.970099925994873,118.25,66.99,277.38,113.22,66.99,669.71,118.25,298.62,"QIANQIAN SUN is currently pursuing the mas- ter’s degree in cyberspace security. Her research interests include wireless networks, vehicular ad-hoc networks, cryptography, and information security."
14,0,0,1,0,16,5,FormataOTFMd,7.970099925994873,118.25,231.32,277.38,258.42,231.32,524.51,118.25,298.62,XINPEI WANG is currently pursuing the master’s degree. His research interests include computer software and theory.
14,0,0,1,0,49,5,FormataOTFMd,7.970099925994873,118.25,395.64,277.38,460.99,395.64,321.93,118.25,298.62,"JING WANG received the B.S. degrees in com- puter science from Wuhan University, Wuhan, China, in 2016, where she is currently pursuing the Ph.D. degree with the School of Computer Science. Her main research interests include cryp- tography and information security; in particular, secure cloud storage and cryptographic protocols."
14,0,0,1,0,64,5,FormataOTFMd,7.970099925994873,379.16,66.99,538.29,151.48,66.99,631.45,379.16,37.71,"SHUI YU is currently a Full Professor with the School of Software, University of Technol- ogy Sydney, Australia. He has published two monographs and has edited two books, over 200 technical papers, including top journals and top conferences, such as the IEEE TPDS, TC, TIFS, TMC, TKDE, TETC, ToN, and INFOCOM. His research interests include security and privacy, networking, big data, and mathematical modelling."
14,0,0,1,0,45,5,FormataOTFMd,7.970099925994873,379.16,200.89,538.29,266.25,200.89,516.68,379.16,37.71,"YIFEI ZOU received the B.E. degree from Com- puter School, Wuhan University, in 2016. He is currently pursuing the Ph.D. degree with the Department of Computer Science, The Univer- sity of Hong Kong. His research interests include wireless networks, vehicular ad-hoc networks, and distributed computing."
14,0,0,1,0,70,5,FormataOTFMd,7.970099925994873,379.16,326.96,538.29,421.01,326.96,361.92,379.16,37.71,"BINGYI LIU received the B.Sc. degree in com- puter science from the Wuhan Institute of Tech- nology, Wuhan, China, in 2011. He is currently pursuing the Ph.D. degree under a joint program with the Department of Computer Science, Wuhan University, Wuhan, and the Department of Com- puter Science, City University of Hong Kong, Hong Kong. His research interests include wire- less networks, vehicular ad-hoc networks, and the Internet of Things."
14,0,0,1,0,13,5,FormataOTFMd,7.970099925994873,297.08,460.86,538.28,478.39,460.86,304.54,297.08,37.72,"ZIKE ZHU , photograph and biography not available at the time of publication."
14,0,0,1,1,3,12,FormataOTF-Reg,5.97760009765625,36.17,746.92,81.74,752.89,746.92,30.03,36.17,494.26,"VOLUME 7, 2019"
