page_number,is_bold,is_italic,is_underline,is_all_caps,word_count,norm_font_size,font,font_size,x0,y0,x1,y1,space_above,space_below,space_left,space_right,text
1,0,0,1,0,11,16,SourceSansPro-Regular,5.98045539855957,39.87,72.05,336.15,80.04,72.05,711.96,39.87,275.85,"See discussions, stats, and author profiles for this publication at: https://www.researchgate.net/publication/354106128"
1,0,0,1,0,9,3,Martel-Regular,13.289900779724121,39.87,91.04,529.17,131.06,91.04,660.94,39.87,82.83,"A Secure, Privacy-Preserving, and Lightweight Authentication Scheme for VANETs"
1,1,0,1,0,8,13,SourceSansPro-Semibold,6.6449503898620605,39.87,145.11,157.58,154.12,145.11,637.88,39.87,454.42,Article in IEEE Sensors Journal · July 2021
1,0,0,1,1,2,20,SourceSansPro-Regular,4.65146541595459,39.87,157.04,103.32,163.26,157.04,628.74,39.87,508.68,DOI: 10.1109/JSEN.2021.3097172
1,0,0,1,1,1,18,SourceSansPro-Regular,5.31596040725708,39.87,188.97,63.67,196.07,188.97,595.93,39.87,548.33,CITATIONS
1,0,0,1,1,1,18,SourceSansPro-Regular,5.31596040725708,305.67,188.97,320.56,196.07,188.97,595.93,305.67,291.44,READS
1,1,0,1,0,4,13,SourceSansPro-Semibold,6.6449503898620605,39.87,223.52,97.39,232.47,223.52,559.53,39.87,514.61,"7 authors , including:"
1,0,0,1,0,4,13,SourceSansPro-Regular,6.6449503898620605,66.45,241.53,108.92,261.04,241.53,530.96,66.45,503.08,Tarak Nandy UCSI University
1,1,0,1,1,4,24,SourceSansPro-Semibold,5.648207902908325,66.45,264.69,145.61,272.68,264.69,519.32,66.45,466.39,28 PUBLICATIONS 533 CITATIONS
1,0,0,1,1,2,18,SourceSansPro-Regular,5.31596040725708,73.76,281.34,102.36,288.44,281.34,503.56,73.76,509.64,SEE PROFILE
1,0,0,1,0,7,13,SourceSansPro-Regular,6.6449503898620605,332.91,241.53,397.6,261.04,241.53,530.96,332.91,214.4,Mohd Yamani Idna Idris University of Malaya
1,1,0,1,1,4,24,SourceSansPro-Semibold,5.648207902908325,332.91,264.69,419.85,272.68,264.69,519.32,332.91,192.15,"208 PUBLICATIONS 6,339 CITATIONS"
1,0,0,1,1,2,18,SourceSansPro-Regular,5.31596040725708,340.22,281.34,368.83,288.44,281.34,503.56,340.22,243.17,SEE PROFILE
1,0,0,1,0,6,13,SourceSansPro-Regular,6.6449503898620605,66.45,304.66,122.28,324.17,304.66,467.83,66.45,489.72,Rafidah Md. Noor University of Malaya
1,1,0,1,1,4,24,SourceSansPro-Semibold,5.648207902908325,66.45,327.82,153.39,335.8,327.82,456.2,66.45,458.61,"193 PUBLICATIONS 3,434 CITATIONS"
1,0,0,1,1,2,18,SourceSansPro-Regular,5.31596040725708,73.76,344.46,102.36,351.56,344.46,440.44,73.76,509.64,SEE PROFILE
1,0,0,1,0,5,13,SourceSansPro-Regular,6.6449503898620605,332.91,304.66,388.75,324.17,304.66,467.83,332.91,223.25,Ainuddin Wahid University of Malaya
1,1,0,1,1,4,24,SourceSansPro-Semibold,5.648207902908325,332.91,327.82,419.85,335.8,327.82,456.2,332.91,192.15,"117 PUBLICATIONS 4,185 CITATIONS"
1,0,0,1,1,2,18,SourceSansPro-Regular,5.31596040725708,340.22,344.46,368.83,351.56,344.46,440.44,340.22,243.17,SEE PROFILE
1,0,0,1,0,14,13,SourceSansPro-Regular,6.6449503898620605,43.19,753.19,275.54,762.07,753.19,29.93,43.19,336.46,All content following this page was uploaded by Muktar Yahuza on 07 February 2022.
1,0,0,1,0,9,18,SourceSansPro-Regular,5.31596040725708,43.19,769.74,178.64,776.84,769.74,15.16,43.19,433.36,The user has requested enhancement of the downloaded file.
2,0,0,1,0,18,9,AdobeThai-Regular,8.0,25.26,769.51,586.74,778.9,769.51,13.1,25.26,25.26,"1530-437X (c) 2021 IEEE. Personal use is permitted, but republication/redistribution requires IEEE permission. See http://www.ieee.org/publications_standards/publications/rights/index.html for more information."
2,0,0,1,0,34,9,AdobeThai-Regular,8.0,12.02,1.78,599.98,20.77,1.78,771.23,12.02,12.02,"This article has been accepted for publication in a future issue of this journal, but has not been fully edited. Content may change prior to final publication. Citation information: DOI 10.1109/JSEN.2021.3097172, IEEE Sensors Journal"
2,0,0,0,1,11,12,Helvetica,6.960000038146973,136.82,21.9,566.27,29.66,21.9,762.34,136.82,45.73,"IEEE SENSORS JOURNAL, VOL. XX, NO. XX, MONTH X, XXXX 1"
2,0,0,0,0,18,8,Helvetica,8.039999961853027,106.94,752.2,507.42,770.29,752.2,21.71,106.94,104.58,"XXXX-XXXX © XXXX IEEE. Personal use is permitted, but republication/redistribution requires IEEE permission. See http://www.ieee.org/publications_standards/publications/rights/index.html for more information."
2,1,1,0,0,216,7,"Helvetica,BoldItalic",9.0,58.2,183.27,562.4,338.3,183.27,453.7,58.2,49.6,"Abstract The vehicular network is a collection of vehicles and other components facilitated with versatile sensors to communicate, which is backboned by authentication.  Present authentication protocols focus on either the lightweight feature or security. On the other hand, privacy during authentication is essential. Moreover, existing schemes are dependent on the trusted authority for checking the legitimacy of a communicating node, which suffers from the infrastructure-less scenario. Alternatively, existing protocols are dependent on a secure communication channel during the registration phase. To address these concerns, an elliptic curve cryptography-based authentication protocol has been designed. Moreover, a secure key establishment is shown in this paper. Pseudo-id-based authentication is used to provide the privacy-preservation on the scheme. On the other hand, symmetric-key cryptography with a session key is used for message encryption during communication. A security analysis on the proposed scheme using the BAN logic and AVISPA shows the protocol's resilience capabilities on various attacks. Alternatively, the mathematical proof of the protocol represents the proof of correctness. Moreover, extensive performance analysis with the existing authentication schemes shows that the proposed algorithm is better in computation cost, communication cost, and energy cost. Lastly, the NS3 simulation shows the packet data transfer among the nodes in the network. Index Terms authentication, elliptic curve cryptography (ECC), privacy, security, vehicular ad-hoc network(VANET) ,"
2,0,0,0,0,195,5,Helvetica,9.960000038146973,46.8,365.56,301.34,645.57,365.56,146.43,46.8,310.66,"I. Introduction HE industries are now investing in the new implementation to make the automation. Automobile industries are also in the same queue. The trends of automation grasp the concept of vehicular communication [1]. Therefore, the vehicular ad-hoc network (VANET) steals substantial attention from both the industry and academia [2]. A VANET contains a set of smart vehicles that can take important decisions based on the send and receive messages on-road. On the other hand, roadside unit (RSU), devices implemented on the street in a specific distance, connects the on-road vehicles to the higher authorities such as trusted authority (TA) or traffic control centre (TMC). Vehicles send enormous messages to the other vehicles regarding traffic, accident, signal, and many more. However, the legitimation of the vehicles should be identified before processing. VANET is an emerging topic in the current research area. Alternatively, VANET is threatened by a range of attacks [3]. Moreover, securing the VANET is essential for upcoming Intelligent Transport Systems. The major motivation of this research is to study and enhance VANET security. Additionally, the study can solve the problem of balancing the security and lightweight feature in protocol design and improve the"
2,0,0,0,0,59,8,Helvetica,8.039999961853027,46.8,658.94,301.09,741.46,658.94,50.54,46.8,310.91,"This study is supported by  IIRG008A-19IISS, and FP055-2019A grant`. Corresponding authors: T. Nandy, M.Y.I. Idris. T. Nandy, M. Y. I. Idris, R. M. Noor, A. W. A. Wahab, and M. Yahuza are with the Department of Computer System and Technology, Faculty of Computer Science and Information Technology, Universiti Malaya, 50603 Kuala Lumpur, Malaysia (e-mail: tarak@um.edu.my; yamani@um.edu.my; fidah@um.edu.my; ainuddin@um.edu.my; mukyahuz@gmail.com)."
2,0,0,1,0,198,5,Times,9.960000038146973,313.25,363.42,567.79,640.17,363.42,151.83,313.25,44.21,"authentication scheme where not only the safety of the vehicles will improve but also the protection of other components, which are indirectly related to the vehicular network, will increase. Nevertheless, authentication is the best way to validate the legitimate message provider (vehicle) on the road. The traditional authentication protocols are not suitable for a constrained network, with less computation power, less storage capability, less power backup, such as VANET. On the other hand, connecting to the TA during authentication and communication is not suitable for a highly mobile network like VANET. Moreover, the scheme should work on the infrastructure-less environment. On the other hand, a message from a vehicle may have identity value that may reveal some or all private information about a vehicle or the vehicle's driver. Therefore, privacy preservation during the protocol design is essential [4, 5]. Alternatively, existing authentication protocols focused on either lightweight features or security.  However, a balance between the lightweight and secure authentication mechanism is needed for the vehicular network with privacy- preservation, motivating the current study. The core research contributions of the paper are as follows. 1. A lightweight yet highly secure privacy-preserving key establishment in a VANET scenario has been"
2,0,0,0,0,66,8,Helvetica,8.039999961853027,313.25,658.94,567.54,741.46,658.94,50.54,313.25,44.46,"M. Y. I. Idris, R. M. Noor, and A. W. A. Wahab are with Center for Mobile Cloud Computing Research (C4MCCR), Faculty of Computer Science and Information Technology, Universiti Malaya, 50603 Kuala Lumpur, Malaysia. S. Bhattacharyya is with the Maldives Business School, Male’, 20175, Maldives (e-mail: sananda@businessschool.mv). R. Kolandaisamy is with Institute of Computer Science and Digital Innovation, UCSI University, 56000 Kuala Lumpur, Malaysia (e-mail: raenu@ucsiuniversity.edu.my)"
2,0,0,0,0,9,2,Helvetica,24.0,59.16,50.88,559.41,105.26,50.88,686.74,59.16,52.59,"A Secure, Privacy-Preserving, and Lightweight Authentication Scheme for VANETs"
2,0,1,0,0,30,4,Helvetica,11.039999961853027,105.02,117.23,542.06,154.86,117.23,637.14,105.02,69.94,"Tarak Nandy, Student Member, IEEE , Mohd Yamani Idna Idris, Member, IEEE , Rafidah Md Noor, Ainuddin Wahid Abdul Wahab, Sananda Bhattacharyya, Raenu Kolandaisamy, Muktar Yahuza, Student Member, IEEE ."
2,0,0,0,0,20,11,Helvetica,7.0,82.49,775.73,531.46,785.35,775.73,6.65,82.49,80.54,"Authorized licensed use limited to: University of Malaya. Downloaded on August 06,2021 at 06:40:43 UTC from IEEE Xplore.  Restrictions apply."
3,0,0,1,0,18,9,AdobeThai-Regular,8.0,25.26,769.51,586.74,778.9,769.51,13.1,25.26,25.26,"1530-437X (c) 2021 IEEE. Personal use is permitted, but republication/redistribution requires IEEE permission. See http://www.ieee.org/publications_standards/publications/rights/index.html for more information."
3,0,0,1,0,34,9,AdobeThai-Regular,8.0,12.02,1.78,599.98,20.77,1.78,771.23,12.02,12.02,"This article has been accepted for publication in a future issue of this journal, but has not been fully edited. Content may change prior to final publication. Citation information: DOI 10.1109/JSEN.2021.3097172, IEEE Sensors Journal"
3,0,0,0,0,11,12,Helvetica,6.960000038146973,46.8,21.9,566.27,29.66,21.9,762.34,46.8,45.73,"8 IEEE SENSORS JOURNAL, VOL. XX, NO. XX, MONTH X, XXXX"
3,0,0,1,0,51,5,Times,9.960000038146973,64.82,50.53,301.33,170.29,50.53,621.71,64.82,310.67,"introduced. 2. The proposed authentication protocol overcomes the existing problems with trusted authority dependency and secure communication channel reliance during the registration. 3. The balance with the lightweight feature, security, and privacy has been established with the help of elliptic curve cryptography. 4. Security resilience has been shown through the elaborative"
3,0,0,1,0,9,5,Times,9.960000038146973,82.82,159.27,301.25,194.41,159.27,597.59,82.82,310.75,Burrows–Abadi– Needham (BAN) logic and Automated Validation of Internet
3,0,0,1,0,45,5,Times,9.960000038146973,64.82,183.39,301.31,291.04,183.39,500.96,64.82,310.69,"Applications (AVISPA) tools. 5. Mathematical proof for the correctness of the proposed protocol is presented. 6. Extensive performance analysis has been conducted with the prior authentication schemes [6-10], which shows that the proposed scheme has outperformed others in many cases, such as communication cost, computation"
3,0,0,1,0,128,5,Times,9.960000038146973,46.8,292.02,301.36,496.26,292.02,295.74,46.8,310.64,"the communication is shown through the NS3 simulation. The formation of the rest of the paper is as follows. Section II demonstrates the recent related research on vehicle authentication. Section III shows the background and some introductory ideas behind the actual concept. Section IV depicts the proposed authentication scheme elaborately. Section V shows the threats and protection mechanism and mathematical proof of the proposed protocol, followed by the scheme's extensive performance analysis on Section VI. Finally, the conclusion and future scopes are discussed in Section VIII. II. Related Work VANET faces a substantial amount of attacks from inside and outside of the network [11]. To address these issues, a slew of VANET authentication research has been conducted in the last decades. Different kinds of authentication mechanisms are introduced"
3,0,0,1,1,1,5,Times,9.960000038146973,144.53,485.24,183.46,496.26,485.24,295.74,144.53,428.54,"VANET,"
3,0,0,1,0,189,5,Times,9.960000038146973,46.8,485.24,303.73,737.73,485.24,54.27,46.8,308.27,"identity-based authentication [7], public-key cryptography, MAC-based, session key-based, and hybrid [12]. On the other hand, emerging technologies such as blockchain, bilinear pairing [13], smartcard [14], and biometric are introduced in that list. Azees, Vijayakumar and Deboarh [15] proposed a bilinear pairing-based conditional privacy-preserving anonymous authentication scheme in VANET . In the same year, Liu, Wang and Chang [16] proposed a dual authentication scheme, where vehicles need RSU in the first stage and TA in the second stage for legitimation; however, TA may not be reachable for an infrastructure-less scenario such as rural area. On the other hand, Zhang, Wu, Domingo-Ferrer, Qin and Hu [17] showed the issue with the ideal TPD and proposed a compressed signature technique in the bilinear pairing-based vehicle authentication. However, the TA dependency is a problem like others in this work. Asaar, Salmasizadeh, Susilo and Majidi [18] proposed an identity-based message authentication scheme using proxy vehicles. In the next year, Pournaghi, Zahednejad, Bayat and Farjami [19] proposed to put the TPD inside the RSU instead of putting them in the OBU. Moreover, they proposed an authentication based on the RSU and TPD . However, their"
3,0,0,1,0,27,5,Times,9.960000038146973,313.25,50.53,567.75,96.01,50.53,695.99,313.25,44.25,"scheme's primary assumption is that a secure communication channel lies between the RSU and TA, which is non-realistic. Alternatively, Tangade, Manvi and Lorenz [20] proposed a hybrid"
3,0,0,1,0,11,5,Times,9.960000038146973,313.25,84.99,567.76,119.05,84.99,672.95,313.25,44.24,identity-based cryptography and symmetric hash message authentication code ( HMAC ).
3,0,0,1,0,67,5,Times,9.960000038146973,313.25,108.03,567.77,211.09,108.03,580.91,313.25,44.23,"the authentication introduces overhead and extra time complexity. In the same year, Zhong, Huang, Cui, Xu and Liu [21] used the registration list to reduce the computation overhead in their proposed authentication scheme. However, their protocol needs the RSU to check other vehicles' legitimacy, which is not possible in all the scenarios. In the following year, Alangudi Balaji, Sukumar and Parvathy [22] employed the ECC and bilinear"
3,0,0,1,0,29,5,Times,9.960000038146973,313.25,200.07,567.79,257.08,200.07,534.92,313.25,44.21,"exchange mechanism in their proposed protocol. Nevertheless, the computation error and average link duration are not considered in the stated scheme. Recently, Cui, Xu, Han, Zhang and Zhong [23]"
3,0,0,1,0,51,5,Times,9.960000038146973,313.25,246.06,567.73,326.08,246.06,465.92,313.25,44.27,"mutual authentication. In this protocol, a vehicle needs to perform mutual authentication with TA before broadcasting any message in the network. Moreover, an update of the TPD is performed before a side-channel attack by any adversary. On the other hand, Cui, Zhang, Zhong, Zhang and Liu [24] proposed a multi- cloud"
3,0,0,1,0,54,5,Times,9.960000038146973,313.25,315.06,567.78,406.6,315.06,385.4,313.25,44.22,"privacy-preserving authentication for VANET where a vehicle needs to register with the TA once; however, it needs continuous communication with the cloud. Recently, Vangala, Bera, Saha, Das, Kumar and Park [25] introduced a blockchain-based VANET authentication to protect secure transmission. Moreover, the protocol is capable of detecting accidents and notify the danger in vehicular"
3,0,0,1,0,103,5,Times,9.960000038146973,313.25,395.58,567.78,556.02,395.58,235.98,313.25,44.22,"different authentication scenarios, such as vehicle to cluster head and cluster head to RSU, are needed to fulfill the protocol, which is time-consuming and overhead for a high mobility network such as VANET . A set of problems have been identified from the existing authentication protocols for VANET ; it includes an excessive dependency on TA during authentication and communication, imbalance optimization on lightweight and security for designing the protocol, and less concentration on the privacy of a vehicle. An ECC-based mutual key agreement and authentication protocol is designed and shown in this paper to overcome these issues. To ensure the privacy-preservation during"
3,0,0,1,0,89,5,Times,9.960000038146973,313.25,545.0,568.87,711.09,545.0,80.91,313.25,43.13,"is introduced. Moreover, the protocol proves the resilience of various attacks and practicality via reliable simulation. Additionally, the performance analysis reserves the lightweight comprehension of the proposed authentication protocol. III. Preliminaries This section of the article describes basic building blocks of the VANET along with threat and system model. Moreover, the assumptions on the proposed protocol are depicted in this part. VANET Architecture The VANET is a set of different components and organizational bodies. (See Fig.  1)  The explanation of each and every module of VANET are as follows."
3,0,0,0,0,20,11,Helvetica,7.0,82.49,775.73,531.46,785.35,775.73,6.65,82.49,80.54,"Authorized licensed use limited to: University of Malaya. Downloaded on August 06,2021 at 06:40:43 UTC from IEEE Xplore.  Restrictions apply."
4,0,0,1,0,18,9,AdobeThai-Regular,8.0,25.26,769.51,586.74,778.9,769.51,13.1,25.26,25.26,"1530-437X (c) 2021 IEEE. Personal use is permitted, but republication/redistribution requires IEEE permission. See http://www.ieee.org/publications_standards/publications/rights/index.html for more information."
4,0,0,1,0,34,9,AdobeThai-Regular,8.0,12.02,1.78,599.98,20.77,1.78,771.23,12.02,12.02,"This article has been accepted for publication in a future issue of this journal, but has not been fully edited. Content may change prior to final publication. Citation information: DOI 10.1109/JSEN.2021.3097172, IEEE Sensors Journal"
4,0,0,0,0,11,12,Helvetica,6.960000038146973,46.8,21.9,566.27,29.66,21.9,762.34,46.8,45.73,"8 IEEE SENSORS JOURNAL, VOL. XX, NO. XX, MONTH X, XXXX"
4,0,0,0,0,12,8,Helvetica,8.039999961853027,46.8,219.42,301.08,237.63,219.42,554.37,46.8,310.92,Fig.  1. VANET Scenario; V2V: vehicle-to-vehicle communication; V2I: vehicle to infrastructure communication.
4,0,0,1,0,84,5,Times,9.960000038146973,62.78,248.34,301.34,367.96,248.34,424.04,62.78,310.66,"Sensors are the backbone of the whole network, as different kinds of sensors attached to the vehicles make it possible to push vehicular communication in automation. These sensors may include a pressure gauge, speedometer, radar sensors, GPS, and gas sensors. The sensors are directly connected to the OBD via a control access network (CAN) wirelessly. Moreover, sensors sense the environmental actions and send the information to the OBD periodically so that OBD can forward it to the higher authority or decide on an occasion."
4,0,1,0,0,3,7,"Helvetica,Italic",9.0,60.36,369.06,146.88,379.08,369.06,412.92,60.36,465.12,Roadside Unit (RSU)
4,0,0,1,0,118,5,Times,9.960000038146973,62.78,379.38,303.74,561.66,379.38,230.34,62.78,308.26,"RSUs are the devices distributed on the roadside, maintaining a specific distance as per the communication range. However, it can be seen in the parking places or in the filling stations.  The RSU is a powerful device to help the communications and transfer messages in VANET. Moreover, RSUs are equipped with network devices based on short-range wireless communication standards such as IEEE 802.11p. The core functionality of the RSU are: Allowing vehicles to connect to the cloud or trusted authorities. Extending the communication range with the different nearby nodes to the other central control systems [26]. Redistributing the security messages such as basic safety message (BSM), traffic signal information, and accident alert over the network among vehicle [27]."
4,0,1,0,0,4,7,"Helvetica,Italic",9.0,60.36,562.64,162.96,572.66,562.64,219.34,60.36,449.04,Tamper Proof Unit (TPU)
4,0,0,1,0,93,5,Times,9.960000038146973,62.78,573.11,301.32,716.97,573.11,75.03,62.78,310.68,"All the vehicles are equipped with TPD, secure and detachable from the vehicle without proper authorization. Additionally, TPD consists of two other units called on- board device (OBD) and application unit (AU). The OBU is responsible for vehicle-to-vehicle (V2V) and vehicle-to- infrastructure (V2I) communication [28]. Moreover, the transmission on the OBD is based on the dedicated short- range communication (DSRC) [29] supported by 802.11p standardization dedicated to the vehicular network. On the other hand, the AU works based on the application installed in the vehicles, such as warning, network monitoring, or internet-based entertainment."
4,0,1,0,0,3,7,"Helvetica,Italic",9.0,60.36,717.95,151.44,727.97,717.95,64.03,60.36,460.56,Trusted Authority (TA)
4,0,0,1,0,11,5,Times,9.960000038146973,62.78,728.26,301.03,739.29,728.26,52.71,62.78,310.97,TA can be known as the higher authority of the VANETs.
4,0,0,1,0,314,5,Times,9.960000038146973,313.25,50.53,567.79,478.26,50.53,313.74,313.25,44.21,"TA holds the basic and important information of the network as well as the components of the VANET. Moreover, TA can act like many autonomous or amalgamate super bodies such as communication key generators, vehicle information collectors, authorization providers,   component identifiers, and permission grantors. However, the fast and dynamic topological network such as VANET may not connect to the TA in every different scenario, which encourages current research. System Model and Assumption The system architecture of the model is a VANET scenario as per [30], where two or more on-road vehicles can authenticate and communicate among themselves without the help of a super body such as a vehicle information server (VIS) of trusted authority (TA). There are two different layers named as 1) server layer and 2) vehicle layer. The server layer consists of a vehicle information server, a powerful high-end system with high storage and computation capabilities. Additionally, the VIS maintains the details and partly credentials of the registering vehicles. Therefore, the registering of a vehicle takes place in this layer. Alternatively, two or more vehicles authenticate and communicate using the registering elements and a few on the spot, supporting the vehicle layer elements. On the other hand, the server layer works under a secure or insecure communication channel, whereas the vehicle layer completely works in an insecure communication channel. The use of elliptic curve cryptography (ECC) is chosen to protect the communication via helping the registration and the authentication in a VENET scenario. The ECC has powerful features over others to make the model lightweight as well as secure. On the other hand, the traditional cryptographic algorithms (RSA, DSA) are unsuitable for the resource constraint environment such as VANET. The advantages of ECC over RSA or DSA are enormous. A small key size in ECC has more protection against cryptanalysis than a more significant bit size key in others (see Table 1)."
4,0,0,0,1,9,24,Helvetica,7.519999980926514,394.99,478.67,483.34,496.76,478.67,295.24,394.99,128.66,T ABLE 1 C OMPARISON OF K EY SIZE
4,0,0,1,0,23,8,Times,8.039999961853027,351.67,498.59,525.91,553.93,498.59,238.07,351.67,86.09,ECC (bits) RSA (bits) Key Size Ratio (bits) 160 1024 1:6 224 2048 1:9 256 3072 1:12 384 7680 1:20 512 15360 1:30
4,0,1,0,0,128,5,"Helvetica,Italic",9.960000038146973,313.25,561.78,567.79,736.89,561.78,55.11,313.25,44.21,"Threat Models Threat modelling is a method in which it is possible to illustrate capability risks, including technical weaknesses or the lack of adequate security, diagnosed, computed, and justified. The Dolev-Yao (DY) [31] threat model is chosen for the current study as it is best to show the collaborative cryptographic protocol. Furthermore, the model demonstrates the insecure communications among the nodes. On the other hand, the communicating vehicles act as an adversary and as the communication channel is public, the transaction cannot be trusted. Additionally, the DY model considers the scenario where an attacker can receiver, alter, destroy or drop the transmitted packet in the insecure channel. On the other side, the model completely trusts the server. Therefore, in the proposed model, the communication between the vehicles and"
4,0,0,0,0,20,11,Helvetica,7.0,82.49,775.73,531.46,785.35,775.73,6.65,82.49,80.54,"Authorized licensed use limited to: University of Malaya. Downloaded on August 06,2021 at 06:40:43 UTC from IEEE Xplore.  Restrictions apply."
5,0,0,1,0,18,9,AdobeThai-Regular,8.0,25.26,769.51,586.74,778.9,769.51,13.1,25.26,25.26,"1530-437X (c) 2021 IEEE. Personal use is permitted, but republication/redistribution requires IEEE permission. See http://www.ieee.org/publications_standards/publications/rights/index.html for more information."
5,0,0,1,0,34,9,AdobeThai-Regular,8.0,12.02,1.78,599.98,20.77,1.78,771.23,12.02,12.02,"This article has been accepted for publication in a future issue of this journal, but has not been fully edited. Content may change prior to final publication. Citation information: DOI 10.1109/JSEN.2021.3097172, IEEE Sensors Journal"
5,0,0,0,0,11,12,Helvetica,6.960000038146973,46.8,21.9,566.27,29.66,21.9,762.34,46.8,45.73,"8 IEEE SENSORS JOURNAL, VOL. XX, NO. XX, MONTH X, XXXX"
5,0,0,1,0,217,5,Times,9.960000038146973,46.8,448.88,301.34,734.97,448.88,57.03,46.8,310.66,"server is trusted and held in a highly secure communication channel without the knowledge of the adversary. However, the adversary has a complete understanding of the transmitted messages between the vehicles over the public network. On the other hand, the proposed protocol has considered another popular threat model named as Canetti-Krawczyk (CK) adversarial model [32]. This model is represented by a non - deterministic polynomial adversary that can reach and manipulate the complete contact path. As a result, an attacker can alter, delete, sense, edit, replay or discard a message from the communication channel. Alternatively, an adversary has all the knowledge of the public identities of all the participants. The adversary can be a dishonest user of the VANET network. Moreover, any vehicle with or without registration can be an attacker in this present scenario. Therefore, a range of attacks is possible in the network, such as replay, insider, man-in-the- middle, message modification, forward secrecy, privacy protection, and inherited related threats. Elliptic Curve Cryptography (ECC) The ECC is a way of achieving the public key cryptography supported by the algebraic elliptic curve ( ) over a finite field ( ) in an exceptional case with a large prime number . ECC provides the same amount of security as other public-key cryptographic algorithms: however, with a much smaller"
5,0,0,1,0,12,5,Times,9.960000038146973,313.25,449.12,567.74,460.14,449.12,331.86,313.25,44.26,number of key size (see Table 1). The curve can be shown
5,0,0,1,0,9,24,Times,8.960000038146973,313.25,460.61,403.35,471.96,460.61,320.04,313.25,208.65,"as 2 = 𝑥 3 + 𝑎𝑥+ 𝑏 ,"
5,0,0,1,0,6,24,Cambria Math,8.960000038146973,465.46,460.61,565.3,471.96,460.61,320.04,465.46,46.7,4𝑥 3 + 27𝑏(𝑚𝑜𝑑 𝑃) ≠0
5,0,0,1,0,165,5,Times,9.960000038146973,313.25,472.64,567.79,730.77,472.64,61.23,313.25,44.21,"and . Alternatively, a generator point is chosen in the curve to generate the cycle group. The popular operations with the ECC are point addition and point multiplication. However, getting the key value from the calculation is hard. Therefore, the operation is known as the elliptic curve discrete logarithm problem ( ECDLP ). On the other hand, an ECC can be used in the encryption conjoining the key management with the symmetric key cryptography. IV. Proposed Authentication Protocol The centralized communication network is common among the message transmission protocols, even in the VANET . However, the decentralized communication is challenging, where different dynamic nodes can transfer the massages without the interference of TA or regulatory authority. The decentralized communication supports the proposed protocol. The scheme is further categorized into four phases such as 1) Initialization, 2) Registration, 3) Authentication, and 4) Communication. The details (see Fig.  2) are given in the following sub-sections. Initialization Phase The initialization happens in the VIS over a secure or"
5,0,0,0,0,10,8,Helvetica,8.039999961853027,46.8,429.71,290.33,438.68,429.71,353.32,46.8,321.67,Fig.  2. A complete flowchart of the proposed authentication protocol.
5,0,0,0,0,20,11,Helvetica,7.0,82.49,775.73,531.46,785.35,775.73,6.65,82.49,80.54,"Authorized licensed use limited to: University of Malaya. Downloaded on August 06,2021 at 06:40:43 UTC from IEEE Xplore.  Restrictions apply."
6,0,0,1,0,18,9,AdobeThai-Regular,8.0,25.26,769.51,586.74,778.9,769.51,13.1,25.26,25.26,"1530-437X (c) 2021 IEEE. Personal use is permitted, but republication/redistribution requires IEEE permission. See http://www.ieee.org/publications_standards/publications/rights/index.html for more information."
6,0,0,1,0,34,9,AdobeThai-Regular,8.0,12.02,1.78,599.98,20.77,1.78,771.23,12.02,12.02,"This article has been accepted for publication in a future issue of this journal, but has not been fully edited. Content may change prior to final publication. Citation information: DOI 10.1109/JSEN.2021.3097172, IEEE Sensors Journal"
6,0,0,0,0,11,12,Helvetica,6.960000038146973,46.8,21.9,566.27,29.66,21.9,762.34,46.8,45.73,"8 IEEE SENSORS JOURNAL, VOL. XX, NO. XX, MONTH X, XXXX"
6,0,0,1,0,101,5,Times,9.960000038146973,42.24,50.53,301.34,195.01,50.53,596.99,42.24,310.66,"insecure communication channel. The steps are as follows. 1) VIS selects an elliptic curve over a finite field . Moreover, VIS defines a sizeable prime number and generator . 2) VIS selects a random value from the chosen field such that . Then, VIS set the as the private key of the server. 3) VIS then perform a point multiplication on E using and and set the resultant point as a public key of the server. = 𝑆𝐾 . 4) Now, VIS selects two different non-reversible hash functions as (. ) where 𝑖= 1, 2 such as 1 (𝑥) = {𝑐}"
6,0,0,1,0,12,24,Times,9.360000038146973,60.36,194.31,301.33,206.77,194.31,585.23,60.36,310.67,where x is value and and 2 (. ) is any one-way
6,0,0,1,0,34,5,Times,9.960000038146973,42.24,205.71,301.26,251.56,205.71,540.44,42.24,310.74,"hashing mechanism such as Sha2 and Sha3. 5) Finally, VIS stores the public key and private key of itself and distributes {𝐸, 𝐹 , 𝐻 (. ), 𝑃𝐾 } to all the registering vehicles."
6,1,0,1,0,5,15,"Times New Roman,Bold",6.0,89.9,252.1,241.07,258.63,252.1,533.37,89.9,370.93,Vehicle X ( ) VIS
6,0,0,1,0,3,15,Times New Roman,6.0,52.2,283.18,97.93,289.86,283.18,502.14,52.2,514.07,"Compute, = 𝑎"
6,0,0,1,1,4,24,Cambria Math,5.320000012715657,162.86,291.66,187.38,298.86,291.66,493.14,162.86,424.62,1 = {𝐴 }
6,0,0,1,0,12,15,Times New Roman,6.0,122.06,305.5,227.68,342.78,305.5,449.22,122.06,384.32,"Secure/ Insecure Communication Channel Choose, Compute, = 𝑏 = 𝐴 + 𝐵"
6,0,0,1,1,6,24,Cambria Math,5.490000009536743,187.1,344.46,230.66,351.21,344.46,440.79,187.1,381.34,= 𝐻 1 || 𝐶 )
6,0,0,1,0,24,15,Cambria Math,6.0,65.42,352.38,233.32,395.46,352.38,396.54,65.42,378.68,"= 𝐷 + 𝑏 2 = {𝐼𝐷 , 𝐵 , 𝐷 , 𝐸 } Secure/ Insecure Communication Channel = 𝑎 + 𝐵 = 𝑆𝐾"
6,0,0,0,0,4,8,Helvetica,8.039999961853027,46.8,397.89,138.17,406.86,397.89,385.14,46.8,473.83,Fig.  3 Registration phase
6,1,0,1,0,8,15,"Times New Roman,Bold",6.0,90.14,418.92,254.75,425.57,418.92,366.43,90.14,357.25,Vehicle A ( ) Vehicle B ( )
6,0,0,1,0,4,15,Times New Roman,6.0,52.2,435.12,95.3,457.52,435.12,334.48,52.2,516.7,"Choose, Compute, = 𝑐"
6,0,0,1,0,3,24,Times New Roman,4.980000019073486,52.2,458.64,116.07,466.07,458.64,325.93,52.2,495.93,"Generate, Timestamp 1"
6,0,0,1,1,13,24,Cambria Math,5.490000009536743,133.7,467.12,216.81,474.32,467.12,317.68,133.7,395.19,"3 = {𝑃𝐼𝐷 , 𝐽 , 𝐵 , 𝐷 , 𝑇 1 }"
6,0,0,1,0,3,15,Times New Roman,6.0,131.78,480.96,215.27,487.61,480.96,304.39,131.78,396.73,Insecure Communication Channel
6,0,0,1,0,8,24,Times New Roman,4.980000019073486,176.06,487.92,239.94,503.75,487.92,288.25,176.06,372.06,"Generate, Timestamp 1 |𝑇 1 1 | ≤"
6,0,0,1,0,15,15,Times New Roman,6.0,176.06,504.12,276.72,542.48,504.12,249.52,176.06,335.28,"Choose, Compute, = 𝑐 = (𝑐 + 𝐸 ) ∗(𝐽 +  𝐵 + 𝐷 )"
6,0,0,1,1,6,24,Cambria Math,5.490000009536743,188.9,543.56,239.06,550.31,543.56,241.69,188.9,372.94,= 𝐻 2 || 𝐾 )
6,0,0,1,1,6,24,Cambria Math,5.490000009536743,188.78,558.32,258.26,565.07,558.32,226.93,188.78,353.74,= 𝐻 2 || 𝐾 )
6,0,0,1,0,3,24,Times New Roman,4.980000019073486,176.06,565.32,239.94,572.75,565.32,219.25,176.06,372.06,"Generate, Timestamp 2"
6,0,0,1,1,18,24,Cambria Math,5.546666675143772,126.98,573.92,223.53,594.32,573.92,197.68,126.98,388.47,"4 = {𝑃𝐼𝐷 , 𝐽 , 𝐵 , 𝐷 , 𝑇 2 , 𝑉 } Insecure Communication Channel"
6,0,0,1,0,8,24,Times New Roman,4.980000019073486,52.2,594.87,116.07,610.58,594.87,181.42,52.2,495.93,"Generate, Timestamp 2 |𝑇 2 2 | ≤"
6,0,0,1,0,10,15,Cambria Math,6.0,65.9,611.99,126.47,626.03,611.99,165.97,65.9,485.53,= (𝑐 + 𝐸 ) ∗(𝐽 + + 𝐷 )
6,0,0,1,1,6,24,Cambria Math,5.490000009536743,65.18,627.83,115.43,634.58,627.83,157.42,65.18,496.57,= 𝐻 2 || 𝐾 )
6,0,0,1,1,6,24,Cambria Math,5.490000009536743,65.06,651.11,134.63,657.86,651.11,134.14,65.06,477.37,= 𝐻 2 || 𝐾 )
6,0,0,0,0,4,8,Helvetica,8.039999961853027,46.8,659.54,146.04,668.51,659.54,123.49,46.8,465.96,Fig.  4 Authentication phase
6,1,0,1,0,8,15,"Times New Roman,Bold",6.0,90.14,678.15,254.75,684.8,678.15,107.2,90.14,357.25,Vehicle A ( ) Vehicle B ( )
6,0,0,1,0,4,15,Times New Roman,6.0,52.2,694.35,110.61,707.99,694.35,84.01,52.2,501.39,"Message, Encryption, = 𝐸𝑁"
6,0,0,1,0,10,24,Times New Roman,4.980000019073486,52.2,709.35,195.69,725.03,709.35,66.97,52.2,416.31,"Generate, Timestamp 3 5 = {𝑅𝑃 , 𝑇 3 }"
6,0,0,1,0,3,15,Times New Roman,6.0,131.78,731.67,215.27,738.31,731.67,53.69,131.78,396.73,Insecure Communication Channel
6,0,0,1,0,8,24,Times New Roman,4.980000019073486,442.51,50.57,506.39,66.4,50.57,725.6,442.51,105.61,"Generate, Timestamp 3 |𝑇 3 3 | ≤"
6,0,0,1,0,4,15,Times New Roman,6.0,442.51,66.65,528.67,73.33,66.65,718.67,442.51,83.33,"Decryption, = 𝐷𝐸 )"
6,0,0,0,0,4,8,Helvetica,8.039999961853027,313.25,82.98,417.44,91.95,82.98,700.05,313.25,194.56,Fig.  5 Communication phase
6,0,1,0,0,71,5,"Helvetica,Italic",9.960000038146973,308.69,98.17,567.79,218.17,98.17,573.83,308.69,44.21,"Registration Phase The vehicles ( ) need to register themselves with the VIS, which makes them enable on-road authentication and communication. Vehicles reach the VIS for registration, and the phase operates on a secure or insecure communication channel. The steps (see Fig.  3 ) of the registration phase are shown below. 1) Let a vehicle wants to register with the . Therefore, selects a random number from the finite field where"
6,0,0,1,0,6,5,Times,9.960000038146973,392.47,207.15,554.42,218.23,207.15,573.77,392.47,57.58,"and compute = 𝑎 . Finally,"
6,0,0,1,0,14,24,Times,9.210000038146973,326.83,220.11,567.74,233.23,220.11,558.77,326.83,44.26,transfer it to as 1 = {𝐴 } . Here 1 signifies the 1st
6,0,0,1,0,31,5,Times,9.960000038146973,308.69,232.59,567.74,293.2,232.59,498.8,308.69,44.26,"message transfer between two communicating nodes. 2) After receiving 1 from , chooses a unique identification number for the vehicle . After that, selects another random number from the finite field"
6,0,0,1,0,5,5,Times,9.960000038146973,360.79,282.18,495.19,293.2,282.18,498.8,360.79,116.81,as the ephemeral secret where
6,0,0,1,0,38,5,Times,9.960000038146973,326.83,282.18,567.79,344.26,282.18,447.74,326.83,44.21,"and performs = 𝑏 , a parameter to help vehicle for authentication. Then, add the ephemeral secrets of ( ) and ( ) as = 𝐴 + 𝐵 . After that, hash the concatenation of and as ="
6,0,0,1,0,4,24,Cambria Math,9.210000038146973,333.19,346.98,405.39,359.44,346.98,432.56,333.19,206.61,1 ||𝐶 ) and
6,0,0,1,0,179,5,Times,9.960000038146973,308.69,346.98,567.77,619.53,346.98,172.47,308.69,44.23,"compute = 𝐷 + to help to create their public and private key. Finally, VIS sends 2 = {𝐼𝐷 , 𝐵 , 𝐷 , 𝐸 } to . 3) adds its ephemeral secret and to make its secret key = 𝑎 + 𝐵 for future use. Alternatively, calculates the public key = 𝑆𝐾 and store all of the receiving elements along with the in the OBD. Authentication Phase The authentication takes place on the road between two or more vehicles. All the vehicles need to authenticate themselves with others to communicate. However, they do not need any authorities to perform this task, making the algorithm more realistic and viable for such a random topological network like VANET. On that same notation, registration serves in insure and public channels; however, the strongly proposed algorithm makes it possible to authenticate different vehicles securely with privacy preservation. Consider wants to communicate with ; therefore, registers. The steps (see Fig.  4) are shown as follows. 1) Firstly, selects a pseudo identification number for preserving privacy over communication. After that, selects a random integer"
6,0,0,1,0,5,5,Times,9.960000038146973,444.79,608.51,567.79,619.59,608.51,172.41,444.79,44.21,and compute = 𝑐 .
6,0,0,1,0,33,24,Times,9.210000038146973,308.69,621.59,567.76,660.81,621.59,131.19,308.69,44.24,"Finally, generates the current timestamp 1 and sends 3 = {𝑃𝐼𝐷 , 𝐽 , 𝐵 , 𝐷 , 𝑇 1 } to . 2) After receiving the 3 , generates the current timestamps"
6,0,0,1,0,11,24,Cambria Math,8.674285752432686,340.99,661.07,567.76,673.53,661.07,118.47,340.99,44.24,1 and checks |𝑇 1 1 | ≤ 𝛻𝑇 with the
6,0,0,1,0,41,5,Times,9.960000038146973,326.83,673.91,567.76,731.49,673.91,60.51,326.83,44.24,"previously settle threshold value to determine if the message is altered in between the transfer. If the difference of the timestamps are not satisfactory, then terminates the authentication process and quits the communication. However, if it is acceptable, chooses a pseudo"
6,0,0,0,0,20,11,Helvetica,7.0,82.49,775.73,531.46,785.35,775.73,6.65,82.49,80.54,"Authorized licensed use limited to: University of Malaya. Downloaded on August 06,2021 at 06:40:43 UTC from IEEE Xplore.  Restrictions apply."
7,0,0,1,0,18,9,AdobeThai-Regular,8.0,25.26,769.51,586.74,778.9,769.51,13.1,25.26,25.26,"1530-437X (c) 2021 IEEE. Personal use is permitted, but republication/redistribution requires IEEE permission. See http://www.ieee.org/publications_standards/publications/rights/index.html for more information."
7,0,0,1,0,34,9,AdobeThai-Regular,8.0,12.02,1.78,599.98,20.77,1.78,771.23,12.02,12.02,"This article has been accepted for publication in a future issue of this journal, but has not been fully edited. Content may change prior to final publication. Citation information: DOI 10.1109/JSEN.2021.3097172, IEEE Sensors Journal"
7,0,0,0,0,11,12,Helvetica,6.960000038146973,46.8,21.9,566.27,29.66,21.9,762.34,46.8,45.73,"8 IEEE SENSORS JOURNAL, VOL. XX, NO. XX, MONTH X, XXXX"
7,0,0,1,0,50,5,Times,9.960000038146973,60.36,51.01,301.29,128.77,51.01,663.23,60.36,310.71,"identification and compute a random integer to generate = 𝑐 . Ultimately, creates a vehicle group key = (𝑐 + 𝐸 ) ∗(𝐽 + 𝐵 + ) to use for future communication. Moreover, to protect and verify the mutual key, computes a verifier = 𝐻 2 || 𝐾 ) ."
7,0,0,1,0,16,5,Times,9.960000038146973,60.36,116.31,301.27,151.87,116.31,640.13,60.36,310.73,"the verifier will be transferred over an insecure network, therefore, creates a secret session key ="
7,0,0,1,0,40,24,Cambria Math,9.210000038146973,42.24,152.55,301.23,203.53,152.55,588.47,42.24,310.77,"2 || 𝐾 ) for ultimate message transfer in the communication phase. Finally, sends 4 = , 𝐽 , 𝐵 , 𝐷 , 𝑇 2 , 𝑉 } to . 3) After receiving the 4 , generates the current timestamps"
7,0,0,1,0,12,24,Cambria Math,8.674285752432686,74.54,203.79,301.34,216.25,203.79,575.75,74.54,310.66,2 and checks |𝑇 2 2 | ≤ 𝛻𝑇 Terminates if it
7,0,0,1,0,27,5,Times,9.960000038146973,60.36,216.39,301.33,254.68,216.39,537.32,60.36,310.67,"does satisfy. Alternatively, computes vehicle group key = (𝑐 + 𝐸 ) ∗(𝐽 + 𝐵 + 𝐷 ) and verifier = 𝐻 2 || 𝐾 ) ."
7,0,0,1,0,6,24,Cambria Math,8.460000038146973,122.18,256.5,301.18,270.76,256.5,521.24,122.18,310.82,= and terminates the communication if
7,0,0,1,0,25,5,Times,9.960000038146973,56.88,269.34,301.31,318.16,269.34,473.84,56.88,310.69,"it does not match. Otherwise, computes the secret session key = 𝐻 2 || 𝐾 ) and keeps for the communication phase. The proof of"
7,0,0,1,0,6,24,Cambria Math,8.460000038146973,148.34,307.14,301.19,321.4,307.14,470.6,148.34,310.81,"= is shown in Appendix A,"
7,0,0,1,0,7,24,Cambria Math,8.460000038146973,67.7,321.66,239.06,335.92,321.66,456.08,67.7,372.94,= is presented in Appendix B and
7,0,0,1,0,110,5,Times,9.960000038146973,42.24,334.5,301.34,516.96,334.5,275.04,42.24,310.66,"illustrated in Appendix C. Communication Phase The communication among the vehicles can take place after the successful authentication. However, authentication happens only for the first time, and communication can ensue again without authentication in every occurrence. Moreover, the communication phase occurs under an insecure channel like authentication. To illustrate further, let and completed the authentication and tries to communicate. The illustration of the different steps (see  Fig.  5) of vehicle communications is shown as follows. 1) selects a message to send to . Then chooses a common symmetric key cryptography and encrypt with the help of the secret session key as = (𝑀𝑆𝐺)) . Finally, it generates the current timestamp"
7,0,0,1,0,44,24,Cambria Math,8.960000038146973,42.24,518.84,301.34,571.02,518.84,220.98,42.24,310.66,"3 and sends 5 = {𝑅𝑃 , 𝑇 3 } to . 2) also generates the current timestamp 3 and checks |𝑇 3 3 | ≤ 𝛻𝑇 to ensure the legitimacy of the received message 5 . If the check shows a positive result,"
7,0,0,1,0,87,5,Times,9.960000038146973,46.8,570.32,301.34,738.21,570.32,53.79,46.8,310.66,"then perform the decryption of with the secret session key as = 𝐷𝐸 ) . As the secret session keys are common, signifies to V. Security Analysis The section deprecates the security confirmation of the proposed protocol against relevant upgraded cryptographic attacks. However, the security measurements are shown in two formal and informal settings; however, effective security analysis. Finally, the mathematical proof of the protocol is illustrated. Informal Security Analysis As the authentication and communication take place on the insecure network, the authentication protocols are vulnerable to"
7,0,0,1,0,18,5,Times,9.960000038146973,313.25,50.53,567.78,73.07,50.53,718.93,313.25,44.22,get attacked. This section discusses the current and important attacks on the proposed algorithm with resiliency. Let us
7,0,1,1,0,12,24,Times,9.380000034968058,313.25,73.83,526.99,86.54,73.83,705.46,313.25,85.01,consider an attacker node A and a victim vehicle V A .
7,0,0,1,0,9,5,Times,9.960000038146973,313.25,86.79,567.72,97.81,86.79,694.19,313.25,44.28,1) Replay Attack: Vehicles use timestamps for every message
7,0,0,1,0,26,24,Times,8.460000038146973,326.83,98.55,567.73,124.09,98.55,667.91,326.83,44.27,"passing in an insecure channel such as 1 , 𝑇 1 , 𝑇 2 , 𝑇 2 in authentication and 3 , 𝑇 3 in communication."
7,0,0,1,0,29,24,Times,9.480000019073486,326.83,124.47,567.85,159.61,124.47,632.39,326.83,44.15,"Furthermore, if A tries to sniff and fake any messages, A will fail due to the checkpoint of every receiving message timing with a predefined threshold as an example"
7,0,0,1,0,8,24,Cambria Math,8.760000038146973,326.83,161.31,506.71,173.77,161.31,618.23,326.83,105.29,|𝑇 3 3 | ≤ 𝛻𝑇 in communication.
7,0,0,1,0,49,5,Times,9.960000038146973,313.25,173.91,567.79,233.89,173.91,558.11,313.25,44.21,"2) Insider Attack: If a vehicle is legitimate; however, an attacker A, from the network tries to intercept a message, he/ she cannot perform cryptanalysis of the message, as the powerful hash function and ECDLP protect it. 3) Man in the Middle Attack: Let A gets all the transferred"
7,0,1,1,0,15,24,Times,8.889230801508976,326.83,234.03,567.77,245.26,234.03,546.74,326.83,44.23,"messages between V A and V B . However, V A and V B select"
7,0,0,1,0,4,5,Times,9.960000038146973,326.83,245.94,451.47,256.96,245.94,535.04,326.83,160.53,different ephemeral secrets as
7,0,1,1,0,14,24,Times,8.800000031789144,326.83,258.66,565.42,269.89,258.66,522.11,326.83,46.58,"never share over the network. On the other hand, V A and V B"
7,0,0,1,0,64,5,Times,9.960000038146973,313.25,270.3,567.79,366.16,270.3,425.84,313.25,44.21,"calculate the secret key and send verifier to others to come into a shared session key . Therefore, A cannot get the parameters to calculate the session key by a man-in- the-middle attack. 4) Message Modification: In this situation, A tries to modify a message during communication. However, as an unrevealed session key protects the scheme, A cannot decrypt an encrypted message during communication."
7,0,1,1,0,11,24,Times,9.090000033378601,313.25,366.54,567.68,377.77,366.54,414.23,313.25,44.32,5) Mutual Authentication: V A and V B use different parameters
7,0,0,1,0,11,5,Times,9.960000038146973,326.83,378.3,567.79,389.32,378.3,402.68,326.83,44.21,from the registration phase to calculate the secret key ( )
7,0,1,1,0,14,24,Times,8.96571431841169,326.83,389.82,567.76,401.05,389.82,390.95,326.83,44.24,"between them. On the other hand, V A and V B never share the"
7,0,0,1,0,10,5,Times,9.960000038146973,326.83,401.58,567.74,412.6,401.58,379.4,326.83,44.26,"ephemeral secrets to calculate the secret key ( ). Finally,"
7,0,1,1,0,33,24,"Times,Italic",9.150000035762787,326.83,413.48,567.78,450.42,413.48,341.58,326.83,44.22,"V B calculates the verifier = 𝐻 2 || 𝐾 ) and send it to the V A . On the other hand, V A also calculates = 𝐻 2 || 𝐾 )"
7,0,0,1,0,5,24,Cambria Math,8.460000038146973,347.59,452.24,508.51,466.5,452.24,325.5,347.59,103.49,= to assure mutual authentication.
7,0,0,1,0,28,24,Times,9.72000002861023,313.25,465.32,567.79,502.02,465.32,289.98,313.25,44.21,"6) Forward Secrecy: Forward secrecy may happen when A has full access to the communication messages and have knowledge about the secret key. However, A is unable to"
7,0,1,1,0,34,24,Times,9.090000033378601,313.25,502.52,567.66,538.23,502.52,253.77,313.25,44.34,create the secret key ( ) as the ephemeral secrets of V A ( ) and V B ( ) are unknown to A . 7) Privacy Protection: V A generates a pseudo identification
7,0,0,1,0,15,5,Times,9.960000038146973,326.83,538.88,567.62,562.86,538.88,229.14,326.83,44.38,"during authentication. On the other hand, this pseudo identification can be different in different instances"
7,0,1,1,0,14,24,Times,8.96571431841169,326.83,564.56,567.79,575.79,564.56,216.21,326.83,44.21,"for the same vehicle V A . Therefore, identity tracing of V A or"
7,0,0,1,0,16,5,Times,9.960000038146973,313.25,575.99,567.46,630.57,575.99,161.43,313.25,44.54,its driver is not possible by an attacker from the retrieved message. Formal Security Analysis The
7,0,0,1,0,27,5,Times,9.960000038146973,313.25,619.55,567.77,665.01,619.55,126.99,313.25,44.23,"proposed authentication scheme is shown in this section with the help of the ROR model, BAN logic, and the AVISPA tool. The details are shown as follows."
7,0,1,0,0,6,7,"Helvetica,Italic",9.0,326.83,665.52,507.44,675.53,665.52,116.47,326.83,104.56,Formal Security Verification with ROR model
7,0,0,1,0,38,5,Times,9.960000038146973,329.23,675.83,567.76,735.21,675.83,56.79,329.23,44.24,The formal security analysis of the proposed authentication protocol is shown by the popular ROR model [33]. ROR model description This section shows the entire notations for the ROR model. Different terms of this model are shown below.
7,0,0,0,0,20,11,Helvetica,7.0,82.49,775.73,531.46,785.35,775.73,6.65,82.49,80.54,"Authorized licensed use limited to: University of Malaya. Downloaded on August 06,2021 at 06:40:43 UTC from IEEE Xplore.  Restrictions apply."
8,0,0,1,0,18,9,AdobeThai-Regular,8.0,25.26,769.51,586.74,778.9,769.51,13.1,25.26,25.26,"1530-437X (c) 2021 IEEE. Personal use is permitted, but republication/redistribution requires IEEE permission. See http://www.ieee.org/publications_standards/publications/rights/index.html for more information."
8,0,0,1,0,34,9,AdobeThai-Regular,8.0,12.02,1.78,599.98,20.77,1.78,771.23,12.02,12.02,"This article has been accepted for publication in a future issue of this journal, but has not been fully edited. Content may change prior to final publication. Citation information: DOI 10.1109/JSEN.2021.3097172, IEEE Sensors Journal"
8,0,0,0,0,11,12,Helvetica,6.960000038146973,46.8,21.9,566.27,29.66,21.9,762.34,46.8,45.73,"8 IEEE SENSORS JOURNAL, VOL. XX, NO. XX, MONTH X, XXXX"
8,0,0,1,0,20,5,Times,9.960000038146973,62.78,50.53,301.34,100.33,50.53,691.67,62.78,310.66,"three independent users, such as , and for vehicle information server, vehicle A, and vehicle B, respectively. Let us assume"
8,0,0,1,0,3,5,Cambria Math,9.960000038146973,165.26,90.06,196.99,100.39,90.06,691.61,165.26,415.01,", and ∏"
8,0,0,1,0,12,5,Times,9.960000038146973,62.78,89.31,301.25,114.49,89.31,677.51,62.78,310.75,"denote instance i, j, k of the participants , and , respectively."
8,1,0,1,0,4,5,"Times,Bold",9.960000038146973,62.78,116.31,182.12,127.33,116.31,664.67,62.78,429.88,Accepted state: An instance
8,0,0,1,0,23,5,Times,9.960000038146973,62.78,116.31,301.24,151.45,116.31,640.55,62.78,310.76,is said to be an accepted state if it goes to an accepted mode after receiving the last expected message from the protocol.
8,1,0,1,0,8,5,"Times,Bold",9.960000038146973,62.78,152.55,301.15,163.57,152.55,628.43,62.78,310.85,Partnering: The partnering is based on the session
8,0,0,1,0,26,5,Times,9.960000038146973,62.78,164.79,301.26,200.65,164.79,591.35,62.78,310.74,"identifier ( ) and partner identifier ( ), where sid can be identified as a function of all sent and received protocol messages by the instances"
8,0,0,1,0,16,5,Times,9.960000038146973,62.78,189.63,301.32,225.49,189.63,566.51,62.78,310.68,", and is an instance with which a shared secret key is established. Therefore, two instances"
8,0,0,1,0,13,5,Times,9.960000038146973,62.78,214.47,301.26,237.61,214.47,554.39,62.78,310.74,"are said to be a partner if the following conditions are satisfied, 1)"
8,0,0,1,0,6,5,Times,9.960000038146973,62.78,239.34,301.34,263.2,239.34,528.8,62.78,310.66,"share the same , 3) for"
8,0,0,1,0,7,5,Times,9.960000038146973,158.66,252.18,301.22,263.2,252.18,528.8,158.66,310.78,"are same, 4) no instances other than"
8,0,0,1,0,5,5,Times,9.960000038146973,117.62,264.9,228.59,275.92,264.9,516.08,117.62,383.41,accepts with a equal to
8,0,0,1,0,20,5,Times,9.960000038146973,62.78,279.3,301.19,319.26,279.3,472.74,62.78,310.81,is fresh if the session key between and are not discovered by the adversary ( A ) by the reveal
8,1,0,1,0,9,5,"Times,Bold",9.960000038146973,62.78,319.98,301.13,331.0,319.98,461.0,62.78,310.87,Adversary: An active adversary tries to intercept all the
8,0,0,1,0,24,5,Times,9.960000038146973,62.78,332.1,301.14,380.08,332.1,411.92,62.78,310.86,"communicating messages among the participants by simulating real attacks using ""execute, send, reveal, and test"" queries. All the queries are explained as follows. Execute"
8,0,0,1,0,5,5,Times,9.960000038146973,62.78,369.06,301.32,392.8,369.06,399.2,62.78,310.68,messages exchanged by the instances
8,0,0,1,0,3,5,Cambria Math,9.960000038146973,196.37,382.53,238.04,392.86,382.53,399.14,196.37,373.96,", and ∏"
8,0,0,1,0,11,5,Times,9.960000038146973,62.78,381.78,301.28,417.9,381.78,374.1,62.78,310.72,are intercepted (eavesdropped) with the help of this query. Send query
8,0,0,1,0,11,5,Cambria Math,9.960000038146973,62.78,406.88,301.3,432.18,406.88,359.82,62.78,310.7,", 𝑚) : A sends as a message to an instance"
8,0,0,1,0,10,5,Times,9.960000038146973,62.78,421.16,301.08,457.26,421.16,334.74,62.78,310.92,expecting a response to perform an active attack. Reveal query
8,0,0,1,0,15,5,Cambria Math,9.960000038146973,62.78,446.24,301.28,471.42,446.24,320.58,62.78,310.72,) : An adversary ( A ) can get the current session key between the
8,0,0,1,0,9,5,Times,9.960000038146973,62.78,460.4,301.21,496.5,460.4,295.5,62.78,310.79,and its partner by the reveal query. Test query
8,0,0,1,0,32,5,Cambria Math,9.960000038146973,62.78,485.48,301.21,523.02,485.48,268.98,62.78,310.79,") : A requests the session key to and get a reply with an outcome of session key if c=1, or a random number if c=0; otherwise, it is null ( )."
8,1,0,1,0,9,5,"Times,Bold",9.960000038146973,62.78,524.48,301.27,537.2,524.48,254.8,62.78,310.73,Semantic security of session key: A needs to differentiate
8,0,0,1,0,18,5,Times,9.960000038146973,62.78,538.16,301.23,575.94,538.16,216.06,62.78,310.77,"between the original session key and random key in the experiment. Moreover, A can execute many queries to"
8,0,0,1,0,3,5,Cambria Math,9.960000038146973,119.66,565.67,154.85,576.0,565.67,216.0,119.66,457.15,", or ∏"
8,0,0,1,0,39,5,Times,9.960000038146973,62.78,564.92,301.34,616.67,564.92,175.33,62.78,310.66,". Responses of are returned at the end of the experiment; however, the consistency of is essential. On the other hand, A can win the game if 𝑐 = 𝑐 . Consider as an event where A wins and"
8,0,0,1,0,21,5,Times,9.960000038146973,62.78,603.95,301.33,653.13,603.95,138.87,62.78,310.67,"is the advantage of A of breaking the semantic security of proposed privacy-preserving lightweight authentication scheme ( ), say p, then"
8,0,0,1,1,24,5,Cambria Math,9.960000038146973,62.78,642.11,301.34,679.05,642.11,112.95,62.78,310.66,"= [2. 𝑃[𝑊𝐼𝑁] −1] . On the other hand, it can be said that is secure if for any small value η > 0."
8,0,0,1,0,3,5,Cambria Math,9.960000038146973,106.7,696.38,138.43,706.71,696.38,85.29,106.7,473.57,", and ∏"
8,0,0,1,0,25,5,Times,9.960000038146973,62.78,695.62,301.3,732.81,695.62,59.19,62.78,310.7,") and the adversary ( A ) has access to the one-way hash function ℎ(. ) , which is further known as a hash oracle."
8,0,0,1,0,14,5,Times,9.960000038146973,329.23,50.53,567.7,85.69,50.53,706.31,329.23,44.3,Formal security proof The difference lemma has been used for a formal security proof.
8,1,1,1,0,11,24,"Times,Bold",8.655000030994415,329.23,87.03,565.42,98.26,87.03,693.74,329.23,46.58,Lemma 1 (Difference Lemma): Consider B 1 B 3 B 2
8,0,1,1,0,19,24,"Times New Roman,Italic",8.800000031789144,343.51,99.27,567.79,110.5,99.27,681.5,343.51,44.21,"B 3 , where B 1 , B 2 , and B 3 are the events defined in some"
8,0,0,1,0,3,5,Times New Roman,9.960000038146973,329.23,111.39,448.96,122.41,111.39,669.59,329.23,163.04,"probability distribution, then,"
8,0,0,1,1,11,24,Cambria Math,6.959999970027378,387.79,127.92,477.39,137.45,127.92,654.55,387.79,134.61,|𝑃[𝐵 1 ] − 𝑃[𝐵 2 ]| ≤ 𝑃[𝐵 3 ]
8,1,0,1,0,11,5,"Times New Roman,Bold",9.960000038146973,329.23,140.43,567.68,153.14,140.43,638.86,329.23,44.32,Theorem 1: Assume an adversary ( A ) running in the
8,0,0,1,0,13,5,Times New Roman,9.960000038146973,329.23,153.87,567.67,179.47,153.87,612.53,329.23,44.33,"""polynomial time t,"" tries to obtain the session key between , and ∏"
8,0,0,1,0,18,5,Times New Roman,9.960000038146973,329.23,168.39,567.79,205.57,168.39,586.43,329.23,44.21,"over the proposed protocol . Then A 's advantage of breaking the semantic security over is written as,"
8,0,0,1,0,5,8,Cambria Math,8.039999961853027,441.67,217.56,564.91,224.72,217.56,567.28,441.67,47.09,+ 2. 𝐴𝑑𝑣 (𝑡) (2)
8,0,0,1,0,26,5,Times New Roman,9.960000038146973,329.23,234.87,567.73,272.21,234.87,519.79,329.23,44.27,", , and (𝑡) represent the number of hash queries, the range of one-way hash function 𝐻(. ) and the advantage of A in breaking  ECDLP."
8,1,0,1,0,11,5,"Times New Roman,Bold",9.960000038146973,329.23,272.94,567.44,283.96,272.94,508.04,329.23,44.56,Proof: The proof of this theorem is based on the following
8,0,0,1,0,24,5,Times New Roman,9.960000038146973,329.23,285.3,567.78,310.61,285.3,481.39,329.23,44.22,"four games, say , 𝑖 ∈[0, 3] . Furthermore, consider , , 𝑖 ∈[0, 3] as an event where A guesses the bit in"
8,0,0,1,0,21,24,Times New Roman,9.210000038146973,329.23,311.58,567.72,336.89,311.58,455.11,329.23,44.28,"the game and wins, where 0 represents a real attack on and 3 shows that A has the minimal advantage of"
8,0,0,1,0,5,5,Times New Roman,9.960000038146973,329.23,337.98,460.63,349.0,337.98,443.0,329.23,151.37,breaking the security in .
8,1,0,1,0,11,24,"Times New Roman,Bold",9.460000038146973,329.23,350.22,567.79,362.68,350.22,429.32,329.23,44.21,Game : A begins with 0 by selecting a bit and
8,0,0,1,0,7,5,Times New Roman,9.960000038146973,329.23,362.58,491.83,373.6,362.58,418.4,329.23,120.17,"launching a real attack on . Therefore,"
8,0,0,1,0,7,24,Cambria Math,8.160000006357828,405.43,379.2,492.18,389.93,379.2,402.07,405.43,119.82,(𝑡) = |2. 𝑃[𝑊𝐼𝑁 0 ] −1|
8,1,0,1,0,8,5,"Times New Roman,Bold",9.960000038146973,329.23,393.9,567.72,404.92,393.9,387.08,329.23,44.28,"Game : This game corresponds to ""an eavesdropping"
8,0,0,1,0,13,5,Times New Roman,9.960000038146973,329.23,406.4,567.65,433.14,406.4,358.86,329.23,44.35,"attack"" in which A can have access to all the communicating messages between"
8,0,0,1,0,3,5,Cambria Math,9.960000038146973,494.14,422.87,525.87,433.2,422.87,358.8,494.14,86.13,", and ∏"
8,0,0,1,0,31,5,Cambria Math,9.960000038146973,329.23,461.72,567.71,498.66,461.72,293.34,329.23,44.29,) oracle to determine if the outcome is a session key or random value. The session key is generated by as = 𝐻 2 || 𝐾 ) . On the other
8,0,0,1,0,10,24,Times New Roman,9.360000038146973,329.23,499.64,565.18,512.76,499.64,279.24,329.23,46.82,"hand, generates the same session key as S VGB ="
8,0,0,1,0,17,24,Cambria Math,8.427692339970516,329.23,512.12,565.3,525.8,512.12,266.2,329.23,46.7,H 2 (PID V A ||PID V B || K VGB ) . To determine the =
8,0,0,1,0,11,5,Cambria Math,9.960000038146973,354.91,527.63,548.55,537.6,527.63,254.4,354.91,63.45,= (𝑐 + 𝐸 ) ∗(𝐽 + 𝐵 + 𝐷 )
8,0,0,1,0,12,24,Times New Roman,8.800000031789144,329.23,540.2,567.79,553.88,540.2,238.12,329.23,44.21,needs to know the and the random number C V x .
8,0,0,1,0,11,5,Times New Roman,9.960000038146973,329.23,553.76,567.77,566.47,553.76,225.53,329.23,44.23,"Therefore, the chance of winning the game for A has never"
8,0,0,1,0,9,24,Times New Roman,8.760000038146973,329.23,567.44,567.78,579.9,567.44,212.1,329.23,44.22,"increased by eavesdropping, which reflects 0 and 1 are"
8,0,0,1,1,6,24,Cambria Math,6.7799999713897705,420.19,596.0,468.75,605.53,596.0,186.47,420.19,143.25,0 ] =  𝑃[𝑊𝐼𝑁 1 ]
8,1,0,1,0,10,5,"Times New Roman,Bold",9.960000038146973,329.23,608.39,567.55,619.41,608.39,172.59,329.23,44.45,"Game : In this game, the hash query simulation is"
8,0,0,1,0,30,5,Times New Roman,9.960000038146973,329.23,620.51,567.55,660.03,620.51,131.97,329.23,44.45,considered so that the active attack scenario can be tested. A sends fabricated messages to the participants to perform an active attack. A needs to undertake the M 3 =
8,0,0,1,0,49,24,Cambria Math,7.812631607055664,329.23,662.66,496.06,689.75,662.66,102.25,329.23,115.94,"{PID V A , J V A , B VIS VA , D V X , T V A 1 } and M 4 = {PID V B , J V B , B VIS VB , D V B , T V B 2 , V VGA }"
8,0,0,1,0,12,5,Times New Roman,9.960000038146973,329.23,676.07,567.76,702.46,676.07,89.54,329.23,44.24,"an authentication key. On the other hand, A needs all the secret"
8,0,0,1,0,11,24,Times New Roman,9.210000038146973,329.23,703.42,567.71,715.88,703.42,76.12,329.23,44.29,"keys and random numbers to generate S VGX , which cannot"
8,0,0,1,0,17,5,Times New Roman,9.960000038146973,329.23,715.42,567.55,738.57,715.42,53.43,329.23,44.45,be obtained through the communicating messages and the queries as the randomness of the message ensures no
8,0,0,0,0,20,11,Helvetica,7.0,82.49,775.73,531.46,785.35,775.73,6.65,82.49,80.54,"Authorized licensed use limited to: University of Malaya. Downloaded on August 06,2021 at 06:40:43 UTC from IEEE Xplore.  Restrictions apply."
9,0,0,1,0,18,9,AdobeThai-Regular,8.0,25.26,769.51,586.74,778.9,769.51,13.1,25.26,25.26,"1530-437X (c) 2021 IEEE. Personal use is permitted, but republication/redistribution requires IEEE permission. See http://www.ieee.org/publications_standards/publications/rights/index.html for more information."
9,0,0,1,0,34,9,AdobeThai-Regular,8.0,12.02,1.78,599.98,20.77,1.78,771.23,12.02,12.02,"This article has been accepted for publication in a future issue of this journal, but has not been fully edited. Content may change prior to final publication. Citation information: DOI 10.1109/JSEN.2021.3097172, IEEE Sensors Journal"
9,0,0,0,0,11,12,Helvetica,6.960000038146973,46.8,21.9,566.27,29.66,21.9,762.34,46.8,45.73,"8 IEEE SENSORS JOURNAL, VOL. XX, NO. XX, MONTH X, XXXX"
9,0,0,1,0,13,5,Times New Roman,9.960000038146973,62.78,50.53,301.01,73.67,50.53,718.33,62.78,310.99,"collision in the hash digests. Therefore, from the result of the birthday paradox,"
9,0,0,1,0,4,24,Cambria Math,6.359999974568685,136.1,85.2,194.9,94.73,85.2,697.27,136.1,417.1,1 2 ] ≤
9,1,0,1,0,12,24,"Times New Roman,Bold",9.460000038146973,62.78,102.87,301.33,115.58,102.87,676.42,62.78,310.67,Game : A tries to get the actual session key VGx by
9,0,0,1,0,9,5,Times New Roman,9.960000038146973,62.78,116.79,301.18,129.5,116.79,662.5,62.78,310.82,attempting eavesdropping. A does not know the secret key
9,0,0,1,0,23,24,Times New Roman,8.760000038146973,62.78,130.47,301.22,155.17,130.47,636.83,62.78,310.78,"to compute VGA or VGB . On the other hand, retrieving the random number VX from VX is not feasible as per the"
9,0,0,1,0,5,5,Times New Roman,9.960000038146973,62.78,155.07,236.87,166.09,155.07,625.91,62.78,375.13,"computational hardness of . Hence,"
9,0,0,1,0,7,24,Cambria Math,6.7799999713897705,123.14,171.6,232.83,181.13,171.6,610.87,123.14,379.17,2 3 ] ≤ 2. 𝐴𝑑𝑣 (𝑡)
9,0,0,1,0,9,6,Times New Roman,9.479999542236328,62.78,183.69,300.93,194.19,183.69,597.81,62.78,311.07,As the session keys are generated independently and randomly
9,0,0,1,0,15,24,Times New Roman,8.639999707539877,62.78,196.05,301.22,208.09,196.05,583.91,62.78,310.78,"by A and B , A does not have any knowledge of the bit ."
9,0,0,1,0,4,24,Cambria Math,7.199999968210856,166.46,222.6,189.39,237.89,222.6,554.11,166.46,422.61,3 ] = 1
9,0,0,1,0,6,6,Times New Roman,9.479999542236328,62.78,244.2,184.55,254.7,244.2,537.3,62.78,427.45,"From equation (3), (4), and (7),"
9,0,0,1,1,6,24,Cambria Math,7.409999966621399,124.82,259.23,179.67,274.52,259.23,517.48,124.82,432.33,= |𝑃[𝑊𝐼𝑁 0 ] − 1
9,0,0,1,1,7,24,Cambria Math,7.409999966621399,175.22,259.23,240.9,278.79,259.23,513.21,175.22,371.1,2 | = |𝑃[𝑊𝐼𝑁 1 ] −1
9,0,0,1,0,12,5,Times,9.960000038146973,62.78,281.22,301.0,304.24,281.22,487.76,62.78,311.0,"By using (5) to (7), lemma 1, and triangular inequality, we get,"
9,0,0,1,1,18,24,Cambria Math,6.149999976158142,86.54,306.15,298.78,325.52,306.15,466.48,86.54,313.22,1 3 1 2 ] +  𝑃[𝑊𝐼𝑁 2 3 ] 1 2 ]| + |𝑃[𝑊𝐼𝑁 2 3 ]|
9,0,0,1,0,5,8,Cambria Math,8.039999961853027,190.37,335.91,298.46,343.31,335.91,448.69,190.37,313.54,+ 2. 𝐴𝑑𝑣 (𝑡) (9)
9,0,0,1,0,6,5,Times,9.960000038146973,62.78,353.22,176.03,364.24,353.22,427.76,62.78,435.97,"Now, from (7), (8), and (9),"
9,0,0,1,0,4,24,Cambria Math,7.199999968210856,119.3,369.99,141.39,385.28,369.99,406.72,119.3,470.61,1 ] − 1
9,0,0,1,0,3,8,Cambria Math,8.039999961853027,136.94,376.11,155.03,389.55,376.11,402.45,136.94,456.97,2 | ≤
9,0,0,1,0,3,8,Cambria Math,8.039999961853027,156.14,376.11,239.07,389.55,376.11,402.45,156.14,372.93,2. |𝐻𝑎𝑠ℎ| (𝑡)
9,0,0,1,0,12,5,Times,9.960000038146973,62.78,392.94,289.7,403.96,392.94,388.04,62.78,322.3,"So, from (8) and (10), we get the required result as (11)."
9,0,0,1,0,3,8,Cambria Math,8.039999961853027,146.3,415.85,229.23,429.29,415.85,362.71,146.3,382.77,2. |𝐻𝑎𝑠ℎ| (𝑡)
9,0,0,1,0,5,8,Cambria Math,8.039999961853027,168.74,443.57,299.66,450.73,443.57,341.27,168.74,312.34,+ 2. 𝐴𝑑𝑣 (𝑡) (11)
9,0,1,0,0,6,7,"Helvetica,Italic",9.0,60.36,471.8,236.55,481.82,471.8,310.18,60.36,375.45,Formal Security Verification with BAN Logic
9,0,1,1,0,88,5,"Times,Italic",9.960000038146973,62.78,482.24,301.34,601.89,482.24,190.11,62.78,310.66,"BAN logic helps to build the formal validation of an authentication scheme over a shared network. The mentioned logic can determine the data dependency and the protection against the message alteration and sniff. The BAN logic uses a set of rules, assumptions, idealizations, and statements to prove the chosen goals. The interested readers may refer to [34] for a better understanding. The BAN logic ensures that the different vehicles use the shared secret key in the proposed protocol. The goal of the scheme is to prove the following."
9,0,0,1,0,4,8,Times,8.039999961853027,107.42,606.38,180.47,615.28,606.38,176.72,107.42,431.53,: |≡ ( )
9,0,0,1,0,4,8,Times,8.039999961853027,107.42,619.46,181.07,628.36,619.46,163.64,107.42,430.93,: |≡ ( )
9,0,0,1,0,5,8,Times,8.039999961853027,107.42,632.66,198.86,641.56,632.66,150.44,107.42,413.14,: |≡ |≡ ( )
9,0,0,1,0,5,8,Times,8.039999961853027,107.42,645.86,198.86,654.76,645.86,137.24,107.42,413.14,: |≡ |≡ ( )
9,0,0,1,0,9,5,Times,9.960000038146973,62.78,655.55,285.62,666.57,655.55,125.43,62.78,326.38,The assumptions based on the protocols are as follows.
9,0,0,1,1,9,24,Cambria Math,6.462857110159738,118.94,667.94,189.48,678.87,667.94,113.13,118.94,422.52,1 : |≡ # (T V A 1 )
9,0,0,1,0,6,24,Cambria Math,7.409999966621399,119.06,678.62,191.87,688.69,678.62,103.31,119.06,420.13,2 : |≡ # ( )
9,0,0,1,1,10,24,Cambria Math,6.659999966621399,119.06,688.57,187.43,699.51,688.57,92.49,119.06,424.57,3 : |≡ # ( T V A 2 )
9,0,0,1,0,6,24,Cambria Math,7.409999966621399,119.06,699.25,192.5,709.32,699.25,82.68,119.06,419.5,4 : |≡ # ( )
9,0,0,1,1,30,24,Cambria Math,6.659999966621399,119.06,709.21,189.35,741.87,709.21,50.13,119.06,422.65,5 : |≡ # ( T V A 1 ) 6 : |≡ # ( T V B 1 ) 7 : |≡ # ( T V B 1 )
9,0,0,1,0,3,24,Cambria Math,7.199999968210856,385.51,55.12,423.87,65.19,55.12,726.81,385.51,188.13,8 : |≡
9,0,0,1,1,2,17,Cambria Math,5.519999980926514,435.43,51.14,454.16,56.67,51.14,735.33,435.43,157.84,{𝐾 }
9,0,0,1,0,3,24,Cambria Math,7.199999968210856,385.51,69.4,424.47,79.47,69.4,712.53,385.51,187.53,9 : |≡
9,0,0,1,1,2,17,Cambria Math,5.519999980926514,436.03,65.42,454.76,70.95,65.42,721.05,436.03,157.24,{𝐾 }
9,0,0,1,0,6,24,Cambria Math,7.199999968210856,385.39,82.5,424.47,105.77,82.5,686.23,385.39,187.53,10 : |≡ 11 : |≡
9,0,0,1,0,14,5,Times,9.960000038146973,329.23,105.39,567.6,128.53,105.39,663.47,329.23,44.4,The idealization based on the message passes in the authentication phases are as follows.
9,0,0,1,0,16,24,Times,7.4799999660915795,340.27,130.26,498.19,140.33,130.26,651.67,340.27,113.81,"Message 3 ( 3 ): { , 𝐽 , 𝐵 , 𝐷 , 𝑇 1 }"
9,0,0,1,0,9,24,Times,7.031999969482422,353.83,144.54,489.93,154.61,144.54,637.39,353.83,122.07,"Idealized for of 3 ∶{ 𝑇 1 , 𝑉"
9,0,0,1,1,3,8,Cambria Math,8.039999961853027,494.38,145.44,524.59,153.48,145.44,638.52,494.38,87.41,↔   𝑉 }
9,0,0,1,0,16,24,Times,7.535999965667725,340.27,156.06,510.67,166.13,156.06,625.87,340.27,101.33,"Message 4 ( 4 ): , 𝐽 , 𝐵 , 𝐷 , 𝑇 2 ,𝑉 }"
9,0,0,1,0,9,24,Times,7.031999969482422,353.83,170.34,491.84,180.41,170.34,611.59,353.83,120.16,"Idealized for of 4 ∶{ 𝑇 2 , 𝑉"
9,0,0,1,1,3,8,Cambria Math,8.039999961853027,496.18,171.24,526.39,179.28,171.24,612.72,496.18,85.61,↔   𝑉 }
9,0,0,1,0,20,5,Times,9.960000038146973,329.23,189.27,567.52,212.29,189.27,579.71,329.23,44.48,"Now the goals are needed to be proved based on the rules, idealizations, and assumptions. The proofs are as follows."
9,0,0,1,0,3,24,Times,8.960000038146973,329.23,213.63,373.0,226.09,213.63,565.91,329.23,239.0,"From 3 ,"
9,0,0,1,1,8,24,Cambria Math,7.031999969482422,334.99,229.14,398.69,239.21,229.14,552.79,334.99,213.31,"1 : ⊲ ( 𝑇 1 , 𝑉"
9,0,0,1,1,3,8,Cambria Math,8.039999961853027,403.03,230.04,433.6,238.08,230.04,553.92,403.03,178.4,↔   𝑉 )
9,0,0,1,0,10,24,Times,8.760000038146973,329.23,239.7,507.31,252.16,239.7,539.84,329.23,104.69,"From 1 , 𝐴 9 and the massage meaning rule,"
9,0,0,1,1,11,24,Cambria Math,7.199999968210856,335.11,255.21,424.97,265.28,255.21,526.72,335.11,187.03,"2 : | ≡ 𝑉 |~  ( 𝑇 1 , 𝑉"
9,0,0,1,1,3,8,Cambria Math,8.039999961853027,429.31,256.11,458.12,264.15,256.11,527.85,429.31,153.88,↔   𝑉 )
9,0,0,1,0,9,24,Times,8.760000038146973,329.23,265.62,476.35,278.08,265.62,513.92,329.23,135.65,"From 2 , 𝐴 5 and the freshness rule,"
9,0,0,1,0,5,24,Cambria Math,7.409999966621399,335.11,281.13,385.53,291.2,281.13,500.8,335.11,226.47,3 : |≡ |≡ (
9,1,0,1,0,5,8,Cambria Math,8.039999961853027,394.87,281.13,471.8,290.07,281.13,501.93,394.87,140.2,↔   𝑉 ) [Proved: G4]
9,0,0,1,0,3,24,Times,8.960000038146973,329.23,290.58,373.0,303.04,290.58,488.96,329.23,239.0,"From 4 ,"
9,0,0,1,1,8,24,Cambria Math,7.031999969482422,335.11,306.21,398.45,316.28,306.21,475.72,335.11,213.55,"4 : ⊲ ( 𝑇 2 , 𝑉"
9,0,0,1,1,3,8,Cambria Math,8.039999961853027,402.79,307.11,433.36,315.15,307.11,476.85,402.79,178.64,↔   𝑉 )
9,0,0,1,0,10,24,Times,8.760000038146973,329.23,316.62,507.55,329.08,316.62,462.92,329.23,104.45,"From 4 , 𝐴 8 and the massage meaning rule,"
9,0,0,1,1,11,24,Cambria Math,7.199999968210856,335.11,332.25,423.17,342.32,332.25,449.68,335.11,188.83,"5 : | ≡ 𝑉 |~  ( 𝑇 2 , 𝑉"
9,0,0,1,1,3,8,Cambria Math,8.039999961853027,427.51,333.15,456.2,341.19,333.15,450.81,427.51,155.8,↔   𝑉 )
9,0,0,1,0,9,24,Times,8.760000038146973,329.23,342.66,473.83,355.12,342.66,436.88,329.23,138.17,"From 5 , 𝐴 7 and the freshness rule,"
9,0,0,1,0,5,24,Cambria Math,7.409999966621399,335.11,358.05,381.45,368.12,358.05,423.88,335.11,230.55,6 : |≡ |≡ (
9,1,0,1,0,5,8,Cambria Math,8.039999961853027,390.91,358.05,462.5,366.99,358.05,425.01,390.91,149.5,↔   𝑉 ) [Proved: ]
9,0,0,1,0,9,24,Times,8.760000038146973,329.23,367.62,486.07,380.08,367.62,411.92,329.23,125.93,"From 3 , 𝐴 11 and the jurisdiction rule,"
9,0,0,1,1,5,24,Cambria Math,7.199999968210856,335.11,383.13,365.25,393.2,383.13,398.8,335.11,246.75,7 :  𝑉 |≡ (
9,1,0,1,0,5,8,Cambria Math,8.039999961853027,374.59,383.13,448.19,392.07,383.13,399.93,374.59,163.81,↔   𝑉 ) [Proved: ]
9,0,0,1,0,9,5,Times,9.960000038146973,329.23,392.34,511.52,403.36,392.34,388.64,329.23,100.48,"From S6 and A10 and the jurisdiction rule as,"
9,0,0,1,1,5,24,Cambria Math,7.199999968210856,333.07,407.87,362.61,417.94,407.87,374.06,333.07,249.39,8 :  𝑉 |≡ (
9,1,0,1,0,5,8,Cambria Math,8.039999961853027,371.95,407.87,447.35,416.81,407.87,375.19,371.95,164.65,↔   𝑉 ) [Proved: ]
9,0,0,1,0,10,24,Times,8.760000038146973,329.23,417.8,567.68,430.26,417.8,361.74,329.23,44.32,The 1 to 8 statements prove the mutual authentication and
9,0,0,1,0,11,5,Times,9.960000038146973,329.23,429.92,567.52,453.06,429.92,338.94,329.23,44.48,the key agreement between the communicating vehicles in the proposed protocol.
9,0,1,0,0,7,7,"Helvetica,Italic",9.0,326.83,454.05,545.55,474.5,454.05,317.5,326.83,66.45,Formal Security Verification using AVISPA: Simulation Study
9,0,1,1,0,125,5,Times,9.960000038146973,329.23,474.8,567.79,642.81,474.8,149.19,329.23,44.21,"The AVISPA [35], a well-accepted formal security verification tool, is used to prove the security, such as a replay attack and man-in-the-middle attack against the proposed protocol. AVISPA is written in the High-Level Protocols Specification Language ( HLPSL ), and SPAN [36] helps to write in the hlpsl specification. The hlpsl is converted to the machine level language, intermediate format ( IF ), to read by the back-end of the AVISPA such as i) On-the-Fly Model-Checker ( OFMC ), ii) Constraint- Logic-based Attack Searcher ( CL - AtSe ), iii) SAT-based Model-Checker ( SATMC ) and iv) Tree Automata based on Protocol Analyzer ( TA4SP ) to check satisfactory results. The tools specification and results on the proposed protocol are discussed in the following sections."
9,0,0,1,0,8,5,Times,9.960000038146973,329.23,670.07,567.57,693.21,670.07,98.79,329.23,44.43,Communication can take place securely if mutual authentication
9,0,0,1,0,32,5,Times,9.960000038146973,329.23,682.19,567.78,729.45,682.19,62.55,329.23,44.22,"the authentication phase is tested under AVISPA tools. The basic rolls for the tools are vehicle_a ( VA ), vehicle_b ( VB ), and vehicle_info_server ( VIS ). However, there are two"
9,0,0,0,0,20,11,Helvetica,7.0,82.49,775.73,531.46,785.35,775.73,6.65,82.49,80.54,"Authorized licensed use limited to: University of Malaya. Downloaded on August 06,2021 at 06:40:43 UTC from IEEE Xplore.  Restrictions apply."
10,0,0,1,0,18,9,AdobeThai-Regular,8.0,25.26,769.51,586.74,778.9,769.51,13.1,25.26,25.26,"1530-437X (c) 2021 IEEE. Personal use is permitted, but republication/redistribution requires IEEE permission. See http://www.ieee.org/publications_standards/publications/rights/index.html for more information."
10,0,0,1,0,34,9,AdobeThai-Regular,8.0,12.02,1.78,599.98,20.77,1.78,771.23,12.02,12.02,"This article has been accepted for publication in a future issue of this journal, but has not been fully edited. Content may change prior to final publication. Citation information: DOI 10.1109/JSEN.2021.3097172, IEEE Sensors Journal"
10,0,0,0,0,11,12,Helvetica,6.960000038146973,46.8,21.9,566.27,29.66,21.9,762.34,46.8,45.73,"8 IEEE SENSORS JOURNAL, VOL. XX, NO. XX, MONTH X, XXXX"
10,0,0,1,0,163,5,Times,9.960000038146973,62.78,50.53,301.33,267.04,50.53,524.96,62.78,310.67,"more roles called environmental roles and session roles. As the tools work on the authentication phase, the prior specification is assumed to be protected. Accordingly, VA changes its state from 0 to 1 and sends an authentication request to the VB with secrecy on the ephemeral secret. On the other hand, VB receives the message from the VA and changes the status to 1. Then VB calculate the key and verifier and session key and set two secrecy goals as secret ({Kvgx^' },s3,{VA,VB}) and ecret( {Ccvb'},s2,{VB}). On the same note, VB sets an authentication goal on the key as witness(VA,VB,va_vb_kvgx, Kvgx'). VB sends the required parameters to VA to generate the key and verifies the verifier. Alternatively, VA changes the status to 2 and receives the parameters sent by VB . Eventually, VA calculates the key and check for the authentication goal as request(VA,VB,va_vb_kvgx, Kvgx') to make sure about the mutual authentication . VA sets two more secrecy goals as secret({Kvgx},s4,{VA,VB}) and secret({Ccva},s5,{VA})."
10,0,0,0,0,4,8,Helvetica,8.039999961853027,46.8,373.65,128.22,382.62,373.65,409.38,46.8,483.78,Fig.  6. AVISPA results
10,0,0,1,0,232,5,Times,9.960000038146973,46.8,409.28,301.33,730.53,409.28,61.47,46.8,310.67,"Possible threats to the proposed protocol are measured by the use of OFMC and CL-Atse back-ends. On the other hand, the proposed scheme uses five different secrecy goals on the local parameters and one authenticity goal on the VA and VB secret key. Moreover, an intruder with the knowledge of the transfer messages is implemented on the environment role. Additionally, OFMC and CL-Atse check for the replay attack and the session with the intruder. Moreover, man-in-the-middle-attack is verified by the Delev-Yao ( DY ) against the proposed scheme. As per the simulation results in Fig.  6, the search time in OFMC is 0.09 seconds, with 56 visited nodes in 5 piles depth. On the other hand, the translation time for the CL-Aste is 0.09 seconds. However, both the back-ends show the summary of the scheme as ""SAFE"". The simulation result of the AVISPA clearly shows that the proposed scheme is safe against replay attack and man-in-the-middle attack. Mathematical Proof of Correctness The proposed scheme is mainly based on authenticity issues. Therefore, proving the mutual authentication between communicating elements should show the correctness of the proposed protocol. Additionally, the values of different parameters are shown in Fig.  7 in a tested environment. It is distinctly visible that two elements are sharing the same values (indicated with different colors) for mutual authentication. The rest of this section will elaborate on the mathematical proof of"
10,0,0,1,0,42,5,Times,9.960000038146973,313.25,50.53,567.79,110.53,50.53,681.47,313.25,44.21,"the proposed authentication protocol's correctness. Our proposed protocol ( ) is secure for a given input sample space , a transformed output sample space and a random keyspace , where is the finite field. The statements and the proofs are given below."
10,1,1,1,0,8,5,"Times,BoldItalic",9.960000038146973,313.25,111.63,567.61,122.65,111.63,669.35,313.25,44.39,Statement 1: Both the communicating parties compute the
10,0,0,1,0,8,5,Times,9.960000038146973,313.25,123.99,515.11,135.01,123.99,656.99,313.25,96.89,common keys for authentication in the scheme .
10,1,0,1,0,10,5,"Times,Bold",9.960000038146973,313.25,136.23,567.78,147.25,136.23,644.75,313.25,44.22,Proof 1: Assume the vehicle wants to communicate to the
10,0,0,1,0,23,5,Times,9.960000038146973,313.25,148.59,567.73,184.27,148.59,607.73,313.25,44.27,"vehicle . sends a registration request to . On that same notation, computes and computes . Therefore, we need to proof = ."
10,0,0,1,0,29,8,Cambria Math,8.039999961853027,333.43,187.08,522.08,216.96,187.08,575.04,333.43,89.92,= (𝑐 + 𝐸 ) ∗(𝐽 + 𝐵 + 𝐷 ) = (𝑐 + 𝐸 ) ∗(𝑐 ∗SK VIS ∗G) [ Substitute value as  𝐽 = 𝑐 = 𝑏
10,0,0,1,1,19,24,Cambria Math,7.409999966621399,333.43,218.46,503.17,239.16,218.46,552.84,333.43,108.83,= SK VIS ∗G ] = (𝑐 + 𝐸 ) ∗(𝑐 + (𝐷 ∗SK VIS + 𝑏 )) ∗𝐺
10,0,0,1,0,78,8,Cambria Math,8.039999961853027,333.43,240.75,538.71,333.51,240.75,458.49,333.43,73.29,= (𝑐 + 𝐸 ) ∗(𝑐 + 𝐸 ) ∗𝐺 [ Substiture 𝐸 value as ] = (𝑐 + 𝐸 ) ∗(𝑐 + 𝐸 ) ∗𝐺 = (𝑐 + 𝐸 ) ∗(𝑐 + (𝐷 ∗SK VIS + 𝑏 )) ∗𝐺 [ Substiture 𝐸 value ] = (𝑐 + 𝐸 ) ∗(𝑐 ∗SK VIS ∗G) = (𝑐 + 𝐸 ) ∗(𝐽 + 𝐵 + 𝐷 ) [ Substitute value as = 𝑐 = 𝑏 = 𝑆𝐾 ] = 𝐾
10,0,0,1,0,13,5,Times,9.960000038146973,313.25,333.9,567.77,357.04,333.9,434.96,313.25,44.23,"Therefore, we can say that and are equivalent and sharing the same values."
10,1,0,1,0,3,12,"Times New Roman,Bold",6.960000038146973,313.25,370.29,370.57,377.99,370.29,414.01,313.25,241.43,Parameters of VIS
10,0,0,1,0,7,12,Times New Roman,6.960000038146973,443.47,370.17,554.35,394.31,370.17,397.69,443.47,57.65,"Curve =brainpoolP160r1 = 14581…98098 = 71294…90911, 64807…41493"
10,0,0,1,0,31,12,Times New Roman,6.960000038146973,322.63,403.05,431.53,518.17,403.05,273.83,322.63,180.47,"= 19825…66860 = 187115…336174, 78771…793927 = IDXDV01 = 12050…57720 = 53014…27478, 56491…640230 = 42657…561944, 28870…73444 = 53502…38143 = 78013…09734 = 60957…24671 = 86419…66709, 10710…30925 = 20753…20195, 11770…17339 = 88e01…568a9 = 90cd7…c701c"
10,0,0,1,0,31,12,Times New Roman,6.960000038146973,453.1,403.05,559.48,518.17,403.05,273.83,453.1,52.52,"= 12658…79033 = 76477…48690, 56541…45940 = IDXDV02 = 54760…16088 = 95655…31507, 53450…72921 = 41077…31081, 11296…08750 = 50263…95060 = 73290…11968 = 48132…74768 = 11622…67509, 59308…30183 = 20753…20195, 117706…17339 = 88e01…568a9 = 90cd7…c701c"
10,0,0,0,0,11,8,Helvetica,8.039999961853027,313.25,518.39,515.52,527.36,518.39,264.64,313.25,96.48,Fig.  7. Values of all the parameters in a tested scenario.
10,1,1,1,0,7,5,"Times,BoldItalic",9.960000038146973,313.25,539.84,567.62,550.86,539.84,241.14,313.25,44.38,Statement 2: Both the communicating elements calculate
10,0,0,1,0,6,5,Times,9.960000038146973,313.25,552.08,452.95,563.1,552.08,228.9,313.25,159.05,common verifier in the scheme .
10,1,0,1,0,10,5,"Times,Bold",9.960000038146973,313.25,564.2,567.52,575.22,564.2,216.78,313.25,44.48,Proof 2: Computed keys cannot be shared through the public
10,0,0,1,0,25,5,Times,9.960000038146973,313.25,576.47,567.78,612.21,576.47,179.79,313.25,44.22,"media as it is vulnerable. Therefore, and calculate and , respectively, as the verifier. Alternatively, it needs to be shown that and are the same."
10,0,0,1,1,15,24,Cambria Math,7.409999966621399,333.43,614.36,480.51,634.33,614.36,157.67,333.43,131.49,= 𝐻 2 || 𝐾 ) = 𝐻 2 || 𝐾 ) [Substitute value ]
10,0,0,1,0,8,5,Times,9.960000038146973,323.35,643.79,522.67,654.81,643.79,137.19,323.35,89.33,The correctness of the verifiers has been proven.
10,1,1,1,0,8,5,"Times,BoldItalic",9.960000038146973,313.25,655.79,567.6,666.81,655.79,125.19,313.25,44.4,Statement 3: Both the communicating components share the
10,0,0,1,0,7,5,Times,9.960000038146973,313.25,668.15,461.95,679.17,668.15,112.83,313.25,150.05,mutual session key in the scheme .
10,1,0,1,0,12,5,"Times,Bold",9.960000038146973,313.25,680.27,567.53,691.29,680.27,100.71,313.25,44.47,Proof 3: As the verifiers are to verify the correctness of the
10,0,0,1,0,40,5,Times,9.960000038146973,313.25,692.26,570.43,740.01,692.26,51.99,313.25,41.57,"algorithm and are already share in the public network, anyone can get that value. Therefore, a secret session key is required, which needs to transfer over to the other party. and calculate and , respectively, as the secret session key."
10,0,0,0,0,20,11,Helvetica,7.0,82.49,775.73,531.46,785.35,775.73,6.65,82.49,80.54,"Authorized licensed use limited to: University of Malaya. Downloaded on August 06,2021 at 06:40:43 UTC from IEEE Xplore.  Restrictions apply."
11,0,0,1,0,18,9,AdobeThai-Regular,8.0,25.26,769.51,586.74,778.9,769.51,13.1,25.26,25.26,"1530-437X (c) 2021 IEEE. Personal use is permitted, but republication/redistribution requires IEEE permission. See http://www.ieee.org/publications_standards/publications/rights/index.html for more information."
11,0,0,1,0,34,9,AdobeThai-Regular,8.0,12.02,1.78,599.98,20.77,1.78,771.23,12.02,12.02,"This article has been accepted for publication in a future issue of this journal, but has not been fully edited. Content may change prior to final publication. Citation information: DOI 10.1109/JSEN.2021.3097172, IEEE Sensors Journal"
11,0,0,0,0,11,12,Helvetica,6.960000038146973,46.8,21.9,566.27,29.66,21.9,762.34,46.8,45.73,"8 IEEE SENSORS JOURNAL, VOL. XX, NO. XX, MONTH X, XXXX"
11,0,0,1,1,14,24,Cambria Math,7.409999966621399,66.98,51.7,241.9,71.67,51.7,720.33,66.98,370.1,= 𝐻 2 || 𝐾 ) = 𝐻 2 || 𝐾 ) [Substitute value]
11,0,0,1,0,149,5,Times,9.960000038146973,46.8,71.79,301.34,287.92,71.79,504.08,46.8,310.66,"= It can be said that the communicating couples in scheme share the equal session key ( , 𝑋 ∈{𝐴, 𝐵} ). VI. Performance Analysis The proposed scheme's performance is measured against the recent related authentication protocol [8-10]. The different performance metrics such as functionality features, computation cost, communication cost, and energy cost have been tested on the mentioned schemes. On the other hand, as the initialization and registration phase occurs only once, the performance analysis is done on the authentication and communication phase. The experiments are carried out on an Ubuntu (18.4.0) based Intel Pentium® CPU 2020M at 240 GHZ and 64bit system. Moreover, the protocol's functionality is tested and examined on the prevailing programming tool python 3.8 and the ECC and symmetric key cryptography operations are carried out using the tinyecc and crypto libraries, respectively. The comparison graphs are shown in Fig.  8 and describe as follows."
11,0,0,1,0,27,8,Times,8.039999961853027,46.8,506.99,300.83,543.56,506.99,248.44,46.8,311.17,"(c) (d) Fig.  8. Comparison Analysis, (a) computation cost in milliseconds, (b) message passing count, (c) communication cost in bits, and (d) energy cost in micro joules."
11,0,1,0,0,33,5,"Helvetica,Italic",9.960000038146973,46.8,549.9,301.34,609.93,549.9,182.07,46.8,310.66,"Security and Functionality Features All of the protocols have taken some essential protection against common attacks (see Table 2), such as replay attacks and insider attacks. However, the existing protocols keep some loopholes"
11,0,0,1,0,40,5,Times,9.960000038146973,46.8,598.91,301.34,655.89,598.91,136.11,46.8,310.66,existing authentication schemes assume and fully trust the secure communication channel in the registration phase. Due to the fact that they send some information that may reveal the secret key if the network is compromised. These may include L in
11,0,1,1,0,29,24,Times,8.568000030517577,46.8,656.63,301.34,679.38,656.63,112.62,46.8,310.66,"authentication face as it can be generated from L = L 1 S U provided L 1 and S u are received from M R2 and M R1, respectively"
11,0,1,1,0,52,5,Times,9.960000038146973,46.8,679.67,301.34,736.65,679.67,55.35,46.8,310.66,"in [8]. Similarly, PWT in [9] and h(pwi) in [10] are vulnerable to key disclosure. On the other hand, all of these protocols have only shown a few attack resilience based on mathematical formation in informal security analysis; however, they have not been proved through any formal security model except [10]. Alternatively,"
11,0,0,1,0,52,5,Times,9.960000038146973,313.25,50.53,567.79,119.05,50.53,672.95,313.25,44.21,"they did not show any mutual authentication using validation tools. Similarly, the protocols have not demonstrated any experiments on the algorithm in any scenario not even in the simulator. Alternatively, the formal security analysis of the proposed protocol is done by the well-known ROR model, which is lack from other existing protocols."
11,0,0,0,1,3,24,Helvetica,7.519999980926514,425.35,119.46,453.1,128.43,119.46,663.57,425.35,158.9,T ABLE 2
11,0,0,0,1,4,14,Helvetica,6.480000019073486,366.67,130.12,511.74,137.34,130.12,654.66,366.67,100.26,COMPARISON OF FUNCTIONALITY FEATURES
11,1,0,1,0,6,8,"Times New Roman,Bold",8.039999961853027,316.85,139.5,557.95,148.4,139.5,643.6,316.85,54.05,Functionality Features [8] [9] [10] Proposed
11,0,0,1,0,78,8,Times New Roman,8.039999961853027,316.85,149.1,538.39,249.95,149.1,542.05,316.85,73.61,Masquerade attack Yes No No Yes Message modification N/A Yes N/A Yes Identity protection No Yes Yes Yes Replay attack Yes Yes Yes Yes Insider attack Yes Yes Yes Yes Mutual authentication No Yes No Yes Formal verification using AVISPA tool No Yes No Yes Formal validation using BAN logic No No No Yes Formal verification using ROR model No No No Yes Simulation and evaluation No No No Yes Based on viable assumptions No No No Yes
11,0,1,0,0,20,5,"Helvetica,Italic",9.960000038146973,313.25,257.8,567.78,294.88,257.8,497.12,313.25,44.22,Computation Cost The cost of the computation of the authentication algorithms depends on the used functionalities. Time consumption for one-
11,0,1,1,0,26,24,Times,8.96571431841169,313.25,295.38,567.78,318.13,295.38,473.87,313.25,44.22,"way hash ( T H ), ECC multiplication ( T ECM ), symmetric key encryptions ( T EN ) and modular multiplication (T MM ) are"
11,0,0,1,0,65,5,Times,9.960000038146973,313.25,318.3,567.79,409.84,318.3,382.16,313.25,44.21,"0.1717ms respectively. The proposed protocol only needs 0.66ms. for single communication. However, as the design of the scheme, it needs only one authentication to communicate multiple times. Therefore, if a vehicle needs to communicate more than one with the same vehicles, the computation cost is significantly low, reduced by almost 500%. Table 3, Table 4 and Fig.  8(a) shows the computation cost on different iterations."
11,0,0,0,1,10,24,Helvetica,7.519999980926514,349.03,421.79,531.34,440.0,421.79,352.0,349.03,80.66,T ABLE 3 C OMPUTATION COST IN THE MATHEMATICAL EQUATION
11,0,0,1,0,9,8,Times,8.039999961853027,316.61,441.71,502.63,468.97,441.71,323.03,316.61,109.37,Scheme Authentication Communication Time cost for a single communication
11,0,0,1,0,7,8,Times,8.039999961853027,313.97,441.71,568.87,478.69,441.71,313.31,313.97,43.13,Time cost for multiple communication (n) [6]
11,0,1,0,1,7,24,Calibri,7.182857104710171,345.43,471.28,385.53,479.32,471.28,312.68,345.43,226.47,19 T H + T ECM +
11,0,1,0,1,5,24,"Calibri,Italic",6.539999961853027,345.43,481.0,381.42,489.04,481.0,302.96,345.43,230.58,6T EN + 2T MM
11,0,1,1,1,7,24,Times,7.182857104710171,448.99,469.79,494.11,479.0,469.79,313.0,448.99,117.89,19 T H + T ECM +
11,0,1,1,1,5,24,"Times,Italic",6.539999961853027,448.99,479.03,488.14,488.24,479.03,303.76,448.99,123.86,6T EN + 2T MM
11,0,1,1,1,15,24,Times,7.182857104710171,505.18,469.79,560.35,488.24,469.79,303.76,505.18,51.65,(19 T H + T ECM + 6T EN + 2T MM ) * n
11,0,1,1,1,11,24,"Times,Italic",6.539999961853027,345.43,489.35,540.55,498.56,489.35,293.44,345.43,71.45,25T H Combined # 25T H (25T H ) * n
11,0,1,1,1,20,24,"Times,Italic",6.539999961853027,345.43,498.47,564.79,507.68,498.47,284.32,345.43,47.21,13T H + 6T EN Combined # 13T H + 6T EN (13T H + 6T EN ) * n
11,0,1,1,1,26,24,Times,7.039999961853027,345.43,507.71,561.64,516.92,507.71,275.08,345.43,50.36,9 T H + 5 T ECM Combined # 9 T H + 5 T ECM (9 T H + 5 T ECM ) * n
11,0,1,1,1,50,24,Times,7.039999961853027,313.97,516.95,557.23,553.76,516.95,238.24,313.97,54.77,18 T H 16 T H + 2 T ECM 34 T H +2 T ECM 18 T H + ( 16 T H + 2 T ECM ) * n Proposed 4 T H + 4 T ECM 2T EN 4 T H +4 T ECM + 2T EN
11,0,1,1,1,13,24,Times,7.182857104710171,505.18,535.31,552.25,553.76,535.31,238.24,505.18,59.75,4 T H + 4 T ECM + (2T EN ) * n
11,0,0,1,0,4,8,Times,8.039999961853027,465.46,555.23,565.54,564.13,555.23,227.87,465.46,46.46,# Combined with authentication
11,0,0,0,1,8,24,Helvetica,7.519999980926514,375.55,564.35,504.78,582.59,564.35,209.41,375.55,107.22,T ABLE 4 C OMPUTATION COST IN MILLISECONDS
11,0,0,1,0,38,8,Times,8.039999961853027,313.97,584.3,526.99,658.6,584.3,133.4,313.97,85.01,Scheme Computation Cost (ms) 1 10 30 50 [6] 1.38 13.78 41.33 68.89 [7] 0.72 7.16 21.48 35.80 [8] 0.76 7.59 22.78 37.97 [9] 0.78 7.81 23.44 39.06 [10] 1.18 7.19 20.54 33.90 Proposed 0.66 1.82 4.40 6.98
11,0,1,0,0,48,5,"Helvetica,Italic",9.960000038146973,313.25,666.45,567.75,737.97,666.45,54.03,313.25,44.25,"Communication Cost The message transfers between the vehicles during the stipulated phases are responsible for the communication cost. Therefore, the number of message pass and the size of each message is taken for consideration. Fig.  8(b, c) shows that the communication cost and message passing increases with the"
11,0,0,0,0,20,11,Helvetica,7.0,82.49,775.73,531.46,785.35,775.73,6.65,82.49,80.54,"Authorized licensed use limited to: University of Malaya. Downloaded on August 06,2021 at 06:40:43 UTC from IEEE Xplore.  Restrictions apply."
12,0,0,1,0,18,9,AdobeThai-Regular,8.0,25.26,769.51,586.74,778.9,769.51,13.1,25.26,25.26,"1530-437X (c) 2021 IEEE. Personal use is permitted, but republication/redistribution requires IEEE permission. See http://www.ieee.org/publications_standards/publications/rights/index.html for more information."
12,0,0,1,0,34,9,AdobeThai-Regular,8.0,12.02,1.78,599.98,20.77,1.78,771.23,12.02,12.02,"This article has been accepted for publication in a future issue of this journal, but has not been fully edited. Content may change prior to final publication. Citation information: DOI 10.1109/JSEN.2021.3097172, IEEE Sensors Journal"
12,0,0,0,0,11,12,Helvetica,6.960000038146973,46.8,21.9,566.27,29.66,21.9,762.34,46.8,45.73,"8 IEEE SENSORS JOURNAL, VOL. XX, NO. XX, MONTH X, XXXX"
12,0,0,1,0,36,5,Times,9.960000038146973,46.8,50.53,301.34,107.53,50.53,684.47,46.8,310.66,"communication iterations. Previous schemes are dependent on the TA during authentication and communication; however, the proposed scheme does not need that. The proposed protocol's communication cost (see Table 5) is significantly low than other previous schemes."
12,0,0,0,1,9,24,Helvetica,7.519999980926514,96.86,107.94,248.68,126.15,107.94,665.85,96.86,363.32,T ABLE 5 C OMMUNICATION COST AND TA DEPENDENCY
12,0,0,1,0,3,8,Times New Roman,8.039999961853027,50.4,127.86,133.67,146.0,127.86,646.0,50.4,478.33,Scheme TA Dependency
12,0,0,1,0,48,8,Times New Roman,8.039999961853027,50.4,127.86,287.42,204.44,127.86,587.56,50.4,324.58,Communication (bits) 1 10 30 50 [6] Yes 6 3040 30400 91200 152000 [7] Yes 4 5132 51320 153960 256600 [8] Yes 4 8432 84320 252960 421600 [9] Yes 4 1920 19200 57600 96000 [10] Yes 6 4384 21664 60064 98464 Proposed No 3 1824 7008 18528 30048
12,0,1,0,0,68,5,"Helvetica,Italic",9.960000038146973,46.8,212.29,301.34,306.88,212.29,485.12,46.8,310.66,"Energy Cost The OBU needs a significant amount of energy consumption to perform the authentication. On the other hand, the major power source of a vehicle is the battery. Therefore, reducing the consumption of the battery over time is essential. The energy consumption is directly proportionate to the execution complexity of an algorithm. Consequently, energy cost is calculated based on Vasudev and Das [37] scheme and can be"
12,0,1,1,0,16,24,Times,8.916000032424927,46.8,307.62,301.33,318.85,307.62,473.15,46.8,310.67,"measured as EN C = T E C , where T E is the segment's execution"
12,0,1,1,0,187,5,Times,9.960000038146973,46.8,319.14,301.36,560.1,319.14,231.9,46.8,310.64,"time, and c signifies the maximum power of the CPU [38] in wireless communication.  Alternatively, all the vehicles need to register once with the VIS and authenticate and communicate without VIS . Therefore, the energy cost is also calculated on the authentication and communication phases.  As per the proposed protocol structure, the energy cost of authentication and communications are 5.35mJ and 1.38mJ, respectively. Therefore, the total cost for a single communication is 6.73mj. However, authentication is not needed to further communication as per the proposed scheme. Therefore, the cost for 10, 30, and 50 iterations are 19.13mJ, 45.69mJ, 74.25mJ, respectively. On the other hand, the iterative communication cost in the same set of vehicles is much higher than the proposed algorithm (see Fig.  8(d)). The extensive comparison of the energy cost on recent related works shows that the proposed scheme is better in single communication as well as iterative message transfer with identical vehicles, which confirms the lightweight feature. It has been seen that the performance of the proposed protocol outperformed other existing related authentication schemes in every sector, not only in comparison with the single communication"
12,0,0,1,0,101,5,Times,9.960000038146973,46.8,549.08,301.35,706.17,549.08,85.83,46.8,310.65,"multi-communication environment. VII. Simulation and Evaluation The practicality and the viability of the proposed protocol are tested on the popular network simulator NS-3. Moreover, the simulation for urban mobility ( SUMO ) is used to create the vehicular environment's mobility. On the other hand, the message passing during the authentication and communication among the vehicles are used for the environment and compared with the existing prior model [8-10]. Furthermore, NetAnim, a useful animation model, is used to capture the animation (see Fig.  9) of the message transfer during the simulation. The specification of the experimental environments is shown in Table 6."
12,0,0,0,0,10,8,Helvetica,8.039999961853027,313.25,178.26,508.98,187.23,178.26,604.77,313.25,103.02,Fig.  9. A glimpse of message transfer in NetAnim tool.
12,0,0,0,1,7,24,Helvetica,7.519999980926514,395.11,198.9,483.3,217.11,198.9,574.89,395.11,128.7,T ABLE 6 S IMULATION P ARAMETERS
12,0,0,1,0,37,8,Times New Roman,8.039999961853027,318.65,218.82,508.87,292.67,218.82,499.33,318.65,103.13,Parameters Value Simulation Area 1500 x 1500 (m2) Routing Protocol AODV Communication Protocol IEEE 802.11p Mobility Model Random Way Point Speed of the vehicles 50 Km/h to 80 Km/h Channel Bandwidth 5.9 GHz Simulation Time 70 s
12,0,1,0,0,50,5,"Helvetica,Italic",9.960000038146973,313.25,300.52,567.79,372.04,300.52,419.96,313.25,44.21,"Average Packet Loss Ratio (PLR) Packet loss of a network can be measured using parameters of total send packets and complete received packets. PLR is happed due to various reasons such as bandwidth, distance, loss model, mobility model, and execution. We have calculated the PLR as per the following equation."
12,0,0,1,0,3,8,Cambria Math,8.039999961853027,455.5,382.83,568.87,390.47,382.83,401.53,455.5,43.13,𝑥 100% (12)
12,0,0,1,0,95,5,Times,9.960000038146973,313.25,400.14,567.78,514.62,400.14,277.38,313.25,44.22,"Where, and are the number of transfer packets and received packets, respectively. The experiment is done on the different densities of the on- road vehicles, such as 20, 30, 40, and 50. Average packet loss of the authentication schemes decreases as the vehicle density increase. (See Fig.  10) However, slight changes in the pattern in PLR have been noticed from the scenario of vehicles 40 to 50. The proposed protocol has shown a significant result among others as 0.18, 0.13, 0.12, and 0.15 in 20 vehicles, 30 vehicles, 40 vehicles, and 50 vehicles scenario, respectively."
12,0,0,0,0,22,8,Helvetica,8.039999961853027,313.25,629.9,567.25,648.11,629.9,143.89,313.25,44.75,"Fig.  10. NS3 simulation result. (a) the packet loss ratio vs. the vehicle density, and (b) the end-to-end delay vs. vehicle density."
12,0,1,0,0,28,5,"Helvetica,Italic",9.960000038146973,313.25,654.33,567.8,702.93,654.33,89.07,313.25,44.2,"Average End-to-End Delay (E2ED) The end-to-end delay is measured based on the difference between the send packets' timing and the received packet's timing, which is represented in (2)."
12,0,0,1,0,3,8,Cambria Math,8.039999961853027,413.71,706.99,568.87,720.99,706.99,71.01,413.71,43.13,1 ) (13)
12,0,0,0,0,20,11,Helvetica,7.0,82.49,775.73,531.46,785.35,775.73,6.65,82.49,80.54,"Authorized licensed use limited to: University of Malaya. Downloaded on August 06,2021 at 06:40:43 UTC from IEEE Xplore.  Restrictions apply."
13,0,0,1,0,18,9,AdobeThai-Regular,8.0,25.26,769.51,586.74,778.9,769.51,13.1,25.26,25.26,"1530-437X (c) 2021 IEEE. Personal use is permitted, but republication/redistribution requires IEEE permission. See http://www.ieee.org/publications_standards/publications/rights/index.html for more information."
13,0,0,1,0,34,9,AdobeThai-Regular,8.0,12.02,1.78,599.98,20.77,1.78,771.23,12.02,12.02,"This article has been accepted for publication in a future issue of this journal, but has not been fully edited. Content may change prior to final publication. Citation information: DOI 10.1109/JSEN.2021.3097172, IEEE Sensors Journal"
13,0,0,0,0,11,12,Helvetica,6.960000038146973,46.8,21.9,566.27,29.66,21.9,762.34,46.8,45.73,"8 IEEE SENSORS JOURNAL, VOL. XX, NO. XX, MONTH X, XXXX"
13,0,0,1,0,180,5,Times,9.960000038146973,46.8,50.77,301.34,322.84,50.77,469.16,46.8,310.66,"Where , 𝑁 , and 𝑁 are the total number of sent packets, timestamp of the received packet, and timestamp of the transmitted packet, respectively. The experiment is done based on the same scenario as described in PLR section. Fig.  10(b) shows the E2ED comparison of the proposed protocol with existing authentication schemes. Results deprecate that the message receiving delay increases with the number of vehicles increment. On the other hand, the proposed technique has a low delay compared to others as 0.196s, .0247s, 0.286s, 0.295s for 20 vehicles, 30 vehicles, 40 vehicles, 50 vehicles environment, respectively. The implementation and simulation are the added advantages to understand the completeness of the proposed scheme. Moreover, the result clearly shows the significant benefits of the proposed protocol over the prior existing authentication schemes for VANET. VIII. Conclusion And Future Work In this paper, an ECC-based secure and pseudo-identity-based privacy-preserving authentication protocol for VANET is proposed, which can solve the issue of TA dependency during the authentication and communication of a vehicle. Moreover, the proposed protocol creates an efficient balance between security and"
13,0,0,1,0,95,5,Times,9.960000038146973,46.8,311.82,301.34,449.34,311.82,342.66,46.8,310.66,"message encapsulation during the transmission enhances the ability to transfer messages irrespective of secure and insecure channels. The experimental analysis showed that the proposed scheme outperforms the existing related models. On the other hand, the simulation of the proposed scheme proves reliability as well as acceptability. The mathematical proof of the protocol determines the correctness with real-world settings.  The future scope of the research can be extended to the testbed experiment as well as the amalgamation with collaborative learning. Furthermore, the intrusion detection system can be implemented with the proposed protocol to develop network security."
13,0,0,0,1,2,7,Helvetica,9.0,131.9,463.98,213.81,475.08,463.98,316.92,131.9,398.19,A CKNOWLEDGMENT
13,0,0,1,0,49,5,Times,9.960000038146973,46.8,479.24,301.34,559.26,479.24,232.74,46.8,310.66,"This work was supported in part by the University of Malaya Impact Oriented Interdisciplinary Research Grant under Grant IIRG008A-19IISS, and in part by the Ministry of Higher Education Malaysia Fundamental Research Grant Scheme (FRGS) under Grant FP055-2019A respectively. Authors thanks all the anonymous reviewers for making the manuscript powerful."
13,0,0,0,1,2,7,Helvetica,9.0,144.74,576.93,200.95,588.03,576.93,203.97,144.74,411.05,R EFERENCES
13,0,0,1,0,108,5,Times New Roman,9.960000038146973,46.8,592.31,301.34,741.33,592.31,50.67,46.8,310.66,"[1] S. K. H. Islam, M. S. Obaidat, P. Vijayakumar, E. Abdulhay, F. G. Li, and M. K. C. Reddy, “A robust and efficient password-based conditional privacy preserving authentication and group-key agreement protocol for VANETs,” Future Generation Computer Systems-the International Journal of Escience, vol. 84, pp. 216-227, Jul, 2018. [2] F. Qu, Z. Wu, F. Wang, and W. Cho, “A Security and Privacy Review of VANETs,” IEEE Transactions on Intelligent Transportation Systems, vol. 16, no. 6, pp. 2985-2996, 2015. [3] T. Nandy, M. Y. I. B. Idris, R. M. Noor, M. L. M. Kiah, L. S. Lun, N. B. A. Juma’at, I. Ahmedy, N. A. Ghani, and S."
13,0,0,1,0,36,5,Times New Roman,9.960000038146973,313.25,50.53,567.73,119.05,50.53,672.95,313.25,44.27,"Bhattacharyya, “Review on Security of Internet of Things Authentication Mechanism,” IEEE Access, vol. 7, pp. 151054-151089, 2019. [4] P. Vijayakumar, V. Chang, L. Jegatha Deborah, B. Balusamy, and P. G. Shynu, “Computationally efficient privacy preserving anonymous"
13,0,0,1,0,103,5,Times New Roman,9.960000038146973,313.25,108.03,567.75,280.12,108.03,511.88,313.25,44.25,"mutual and batch authentication schemes for vehicular ad hoc networks,” Future Generation Computer Systems, vol. 78, pp. 943- 955, 2018/01/01/, 2018. [5] P. Vijayakumar, M. Azees, V. Chang, J. Deborah, and B. Balusamy, “Computationally efficient privacy preserving authentication and key distribution techniques for vehicular ad hoc networks,” Cluster Computing, vol. 20, no. 3, pp. 2439-2450, 2017/09/01, 2017. [6] R. Vinoth, L. J. Deborah, P. Vijayakumar, and N. Kumar, “Secure Multifactor Authenticated Key Agreement Scheme for Industrial IoT,” IEEE Internet of Things Journal, vol. 8, no. 5, pp. 3801-3811, 2021. [7] X. Li, T. Liu, M. S. Obaidat, F. Wu, P. Vijayakumar, and N."
13,0,0,1,1,1,5,Times New Roman,9.960000038146973,399.62,269.1,413.63,280.12,269.1,511.88,399.62,198.37,“A
13,0,0,1,0,208,5,Times New Roman,9.960000038146973,313.25,269.1,567.78,602.37,269.1,189.63,313.25,44.22,"Privacy-Preserving Authentication Protocol for VANETs,” IEEE Systems Journal, vol. 14, no. 3, pp. 3547-3557, 2020. [8] V. Kumar, M. Ahmad, A. Kumari, S. Kumari, and M. Khan, “SEBAP: A secure and efficient biometric assisted authentication protocol using ECC for vehicular cloud computing,” International Journal of Communication Systems , pp. e4103, 2019. [9] V. Kumar, M. Ahmad, D. Mishra, S. Kumari, and M. K. Khan, “RSEAP: RFID based secure and efficient authentication protocol for vehicular cloud computing,” Vehicular Communications, vol. 22, pp. 100213, 2020/04/01/, 2020. [10] L. Wu, Q. Sun, X. Wang, J. Wang, S. Yu, Y. Zou, B. Liu, and Z. Zhu, “An Efficient Privacy-Preserving Mutual Authentication Scheme for Secure V2V Communication in Vehicular Ad Hoc Network,” IEEE Access, vol. 7, pp. 55050-55063, 2019. [11] R. Kolandaisamy, R. M. Noor, I. Kolandaisamy, I. Ahmedy, M. L. M. Kiah, M. E. M. Tamil, and T. Nandy, “A stream position performance analysis model based on DDoS attack detection for cluster-based routing in VANET,” Journal of Ambient Intelligence and Humanized Computing , 2020/07/03, 2020. [12] U. Rajput, F. Abbas, H. Eun, and H. Oh, “A Hybrid Approach for Efficient Privacy-Preserving Authentication in VANET,” IEEE Access, vol. 5, pp. 12014-12030, 2017. [13] I. Ali, and F. Li, “An efficient conditional privacy- preserving"
13,0,0,1,0,61,5,Times New Roman,9.960000038146973,313.25,591.35,567.77,717.33,591.35,74.67,313.25,44.23,"Vehicle-To- Infrastructure communication in VANETs,” Vehicular Communications, vol. 22, pp. 100228, 2020/04/01/, 2020. [14] B. Ying, and A. Nayak, “Anonymous and Lightweight Authentication for Secure Vehicular Networks,” IEEE Transactions on Vehicular Technology, vol. 66, no. 12, pp. 10626-10636, 2017. [15] M. Azees, P. Vijayakumar, and L. J. Deboarh, “EAAP: Efficient Anonymous Authentication With Conditional Privacy-Preserving Scheme for Vehicular Ad Hoc Networks,”"
13,0,1,1,1,1,5,"Times New Roman,Italic",9.960000038146973,392.83,706.3,416.98,717.33,706.3,74.67,392.83,195.02,IEEE
13,0,1,1,0,10,5,"Times New Roman,Italic",9.960000038146973,331.27,706.3,567.76,740.37,706.3,51.63,331.27,44.24,"Intelligent Transportation Systems, vol. 18, no. 9, pp. 2467-2476, 2017."
13,0,0,0,0,20,11,Helvetica,7.0,82.49,775.73,531.46,785.35,775.73,6.65,82.49,80.54,"Authorized licensed use limited to: University of Malaya. Downloaded on August 06,2021 at 06:40:43 UTC from IEEE Xplore.  Restrictions apply."
14,0,0,1,0,18,9,AdobeThai-Regular,8.0,25.26,769.51,586.74,778.9,769.51,13.1,25.26,25.26,"1530-437X (c) 2021 IEEE. Personal use is permitted, but republication/redistribution requires IEEE permission. See http://www.ieee.org/publications_standards/publications/rights/index.html for more information."
14,0,0,1,0,34,9,AdobeThai-Regular,8.0,12.02,1.78,599.98,20.77,1.78,771.23,12.02,12.02,"This article has been accepted for publication in a future issue of this journal, but has not been fully edited. Content may change prior to final publication. Citation information: DOI 10.1109/JSEN.2021.3097172, IEEE Sensors Journal"
14,0,0,0,0,11,12,Helvetica,6.960000038146973,46.8,21.9,566.27,29.66,21.9,762.34,46.8,45.73,"8 IEEE SENSORS JOURNAL, VOL. XX, NO. XX, MONTH X, XXXX"
14,0,0,1,0,25,5,Times New Roman,9.960000038146973,46.8,50.53,301.12,96.01,50.53,695.99,46.8,310.88,"[16] Y. Liu, Y. Wang, and G. Chang, “Efficient Privacy- Preserving Dual Authentication and Key Agreement Scheme for Secure V2V Communications in an IoV Paradigm,”"
14,0,1,1,1,1,5,"Times New Roman,Italic",9.960000038146973,125.9,84.99,150.05,96.01,84.99,695.99,125.9,461.95,IEEE
14,0,1,1,0,24,5,"Times New Roman,Italic",9.960000038146973,46.8,84.99,301.3,142.09,84.99,649.91,46.8,310.7,"Intelligent Transportation Systems, vol. 18, no. 10, pp. 2740-2749, 2017. [17] L. Zhang, Q. H. Wu, J. Domingo-Ferrer, B. Qin, and C. Y. Hu,"
14,0,0,1,0,233,5,Times New Roman,9.960000038146973,46.8,131.07,301.37,510.06,131.07,281.94,46.8,310.63,"Privacy-Preserving Authentication in VANETs,” Ieee Transactions on Intelligent Transportation Systems, vol. 18, no. 3, pp. 516- 526, Mar, 2017. [18] M. R. Asaar, M. Salmasizadeh, W. Susilo, and A. Majidi, “A Secure and Efficient Authentication Technique for Vehicular Ad-Hoc Networks,” IEEE Transactions on Vehicular Technology, vol. 67, no. 6, pp. 5409-5423, 2018. [19] S. M. Pournaghi, B. Zahednejad, M. Bayat, and Y. Farjami, “NECPPA: A novel and efficient conditional privacy- preserving authentication scheme for VANET,” Computer Networks, vol. 134, pp. 78-92, 2018/04/07/, 2018. [20] S. Tangade, S. S. Manvi, and P. Lorenz, “Decentralized and Scalable Privacy-Preserving Authentication Scheme in VANETs,” IEEE Transactions on Vehicular Technology, vol. 67, no. 9, pp. 8647-8655, 2018. [21] H. Zhong, B. Huang, J. Cui, Y. Xu, and L. Liu, “Conditional Privacy-Preserving Authentication Using Registration List in Vehicular Ad Hoc Networks,” IEEE Access, vol. 6, pp. 2241-2250, 2018. [22] N. Alangudi Balaji, R. Sukumar, and M. Parvathy, “Enhanced dual authentication and key management scheme for data authentication in vehicular ad hoc network,” Computers & Electrical Engineering, vol. 76, pp. 94-110, 2019/06/01/, 2019. [23] J. Cui, W. Xu, Y. Han, J. Zhang, and H. Zhong, “Secure mutual authentication with privacy preservation in vehicular ad hoc networks,” Vehicular Communications, vol. 21, pp. 100200, 2020/01/01/, 2020. [24] J. Cui, X. Zhang, H. Zhong, J. Zhang, and L. Liu, “Extensible Conditional Privacy Protection Authentication Scheme for Secure Vehicular Networks in a Multi-Cloud Environment,”"
14,0,1,1,1,1,5,"Times New Roman,Italic",9.960000038146973,134.66,499.04,158.81,510.06,499.04,281.94,134.66,453.19,IEEE
14,0,1,1,0,24,5,"Times New Roman,Italic",9.960000038146973,46.8,499.04,301.14,544.62,499.04,247.38,46.8,310.86,"Information Forensics and Security, vol. 15, pp. 1654-1667, 2020. [25] A. Vangala, B. Bera, S. Saha, A. K. Das, N. Kumar, and Y. H."
14,0,0,1,0,126,5,Times New Roman,9.960000038146973,46.8,533.6,301.37,740.13,533.6,51.87,46.8,310.63,"Certificate-Based Authentication for Vehicle Accident Detection and Notification in Intelligent Transportation Systems,” IEEE Sensors Journal , pp. 1-1, 2020. [26] T. Nandy, R. M. Noor, M. Y. I. Idris, and S. Bhattacharyya, ""T-BCIDS: Trust-Based Collaborative Intrusion Detection System for VANET."" pp. 1-5. [27] T. Zhang, and Q. Zhu, “Distributed Privacy-Preserving Collaborative Intrusion Detection Systems for VANETs,” IEEE Transactions on Signal and Information Processing over Networks, vol. 4, no. 1, pp. 148-161, 2018. [28] M. A. Al-shareeda, M. Anbar, I. H. Hasbullah, and S. Manickam, “Survey of Authentication and Privacy Schemes in Vehicular ad hoc Networks,” IEEE Sensors Journal , pp. 1-1, 2020. [29] J. B. Kenney, “Dedicated Short-Range Communications (DSRC) Standards in the United States,” Proceedings of the IEEE, vol. 99, no. 7, pp. 1162-1182, 2011."
14,0,0,1,0,126,5,Times New Roman,9.960000038146973,313.25,50.53,567.78,268.6,50.53,523.4,313.25,44.22,"[30] T. Nandy, M. Y. I. B. Idris, R. M. Noor, I. Ahmedy, and S. Bhattacharyya, ""An Enhanced Two-factor Authentication Protocol for V2V Communication in VANETs."" pp. 171– 176. [31] D. Dolev, and A. Yao, “On the security of public key protocols,” IEEE Transactions on Information Theory, vol. 29, no. 2, pp. 198-208, 1983. [32] R. Canetti, and H. Krawczyk, ""Analysis of Key-Exchange Protocols and Their Use for Building Secure Channels."" pp. 453-474. [33] M. Abdalla, P.-A. Fouque, and D. Pointcheval, ""Password- Based Authenticated Key Exchange in the Three-Party Setting."" pp. 65-84. [34] M. Burrows, M. Abadi, and R. Needham, “A logic of authentication,” ACM Trans. Comput. Syst., vol. 8, no. 1, pp. 18–36, 1990. [35] ""AVISPA,"" 11 April 2020, 2020; http://www.avispa- project.org/ . [36] ""SPAN,"""
14,0,0,1,0,41,5,Times New Roman,9.960000038146973,313.25,257.58,567.56,349.12,257.58,442.88,313.25,44.44,"2020; http://people.irisa.fr/Thomas.Genet/span/ . [37] H. Vasudev, and D. Das, ""A Lightweight Authentication Protocol for V2V Communication in VANETs."" pp. 1237- 1242. [38] D. He, C. Chen, S. Chan, and J. Bu, “Secure and Efficient Handover Authentication Based on Bilinear Pairing Functions,”"
14,0,1,1,1,1,5,"Times New Roman,Italic",9.960000038146973,394.99,338.1,419.14,349.12,338.1,442.88,394.99,192.86,IEEE
14,0,1,1,0,9,5,"Times New Roman,Italic",9.960000038146973,331.27,338.1,567.63,360.52,338.1,431.48,331.27,44.37,"Wireless Communications, vol. 11, no. 1, pp. 48-53, 2012."
14,1,0,0,0,9,8,"Helvetica,Bold",8.039999961853027,358.27,372.33,567.35,381.3,372.33,410.7,358.27,44.65,Tarak Nandy (S'19) is currently pursuing a Ph.D. and
14,0,0,0,0,27,8,Helvetica,8.039999961853027,358.27,381.69,567.37,418.28,381.69,373.72,358.27,44.63,"serving as a Graduate Research Assistant in Computer System and Technology from the University of Malaya, Malaysia. His interest includes vehicular communication, IoT, cyber-physical security, ML, DL."
14,1,0,0,0,9,8,"Helvetica,Bold",8.039999961853027,358.27,427.55,567.47,436.52,427.55,355.48,358.27,44.53,Mohd Yamani Idna Idris (M'19) received the Ph.D. degree
14,0,0,0,0,29,8,Helvetica,8.039999961853027,358.27,436.91,567.54,473.48,436.91,318.52,358.27,44.46,"in electrical engineering. He is currently an Associate Professor with the FCSIT, University of Malaya. His expertise is in the area of IoT, security systems, sensor, and signal/image processing"
14,1,0,0,0,9,8,"Helvetica,Bold",8.039999961853027,358.27,482.75,567.5,491.72,482.75,300.28,358.27,44.5,Rafidah Md Noor received the Ph.D. degree in computing
14,0,0,0,0,32,8,Helvetica,8.039999961853027,358.27,492.11,567.54,528.68,492.11,263.32,358.27,44.46,"from Lancaster University, U.K., in 2010. She is currently an Associate Professor with the FCSIT, University of Malaya. Her research interests are transportation systems, vehicular networks, wireless networks, QoS, and the IoT."
14,1,0,0,0,8,8,"Helvetica,Bold",8.039999961853027,356.83,537.95,567.46,546.92,537.95,245.08,356.83,44.54,Ainuddin Wahid Abdul Wahab Received the PhD degree
14,0,0,0,0,33,8,Helvetica,8.039999961853027,313.25,547.31,567.54,583.91,547.31,208.09,313.25,44.46,"from Surrey University, UK. He is currently as an Associate Professor, and the Deputy Dean (Undergraduate) in FCSIT, University of Malaya, Malaysia. His research interests are Information Security, Network Security, Steganography, and Sensor."
14,1,0,0,0,8,8,"Helvetica,Bold",8.039999961853027,358.27,593.18,567.53,602.15,593.18,189.85,358.27,44.47,Sananda Bhattacharyya received her M. Tech from India.
14,0,0,0,0,25,8,Helvetica,8.039999961853027,358.27,602.54,567.49,629.87,602.54,162.13,358.27,44.51,"She is an ad-hoc faculty in the IT in Maldives Business School, Maldives. Her area of interest is in network security, cryptography, data security, steganography."
14,1,0,0,0,9,8,"Helvetica,Bold",8.039999961853027,358.27,639.14,567.53,648.11,639.14,143.89,358.27,44.47,Raenu Kolandaisamy received his his PhD degree at the
14,0,0,0,0,24,8,Helvetica,8.039999961853027,358.27,648.5,567.46,675.83,648.5,116.17,358.27,44.54,"University of Malaya, Malaysia. He is an assistant professor at the UCSI University, Malaysia. His research interest includes IoT, VANET, ITS, security and privacy."
14,1,0,0,0,10,8,"Helvetica,Bold",8.039999961853027,356.83,685.22,567.52,694.18,685.22,97.82,356.83,44.48,"Muktar Yahuza (S, 19) is currently pursuing a PhD degree"
14,0,0,0,0,22,8,Helvetica,8.039999961853027,356.83,694.46,567.54,721.9,694.46,70.1,356.83,44.46,"in Computer Science from the University of Malaya, Malaysia. His area of research includes Information Security, Internet of Drones, and, Image processing."
14,0,0,0,0,20,11,Helvetica,7.0,82.49,775.73,531.46,785.35,775.73,6.65,82.49,80.54,"Authorized licensed use limited to: University of Malaya. Downloaded on August 06,2021 at 06:40:43 UTC from IEEE Xplore.  Restrictions apply."
14,0,0,0,0,3,22,Helvetica,4.0,50.0,782.7,88.46,788.2,782.7,3.8,50.0,523.54,View publication stats
