page_number,is_bold,is_italic,is_underline,is_all_caps,word_count,norm_font_size,font,font_size,x0,y0,x1,y1,space_above,space_below,space_left,space_right,text
1,0,0,1,0,7,8,CharisSIL,7.172999858856201,214.48,33.45,380.04,45.18,33.45,748.52,214.48,215.24,Journal of Systems Architecture 113 (2021) 101877
1,0,0,1,0,12,8,CharisSIL,7.172999858856201,37.52,714.7,204.61,735.97,714.7,57.73,37.52,390.67,Available online 10 September 2020 1383-7621/© 2020 Elsevier B.V. All rights reserved.
1,0,0,1,0,5,5,CharisSIL,7.970099925994873,227.76,63.38,369.45,71.35,63.38,722.36,227.76,225.83,Contents lists available at ScienceDirect
1,0,0,1,0,4,1,CharisSIL,13.947699546813965,202.2,87.09,395.03,101.04,87.09,692.66,202.2,200.25,Journal of Systems Architecture
1,0,0,1,0,3,5,t1-uni-regular,7.970099925994873,200.96,117.97,396.26,125.94,117.97,667.76,200.96,199.01,journal homepage: www.elsevier.com/locate/sysarc
1,0,0,1,0,8,2,CharisSIL,13.449600219726562,37.59,167.19,454.05,180.64,167.19,613.06,37.59,141.22,Blockchain-based batch authentication protocol for Internet of Vehicles
1,0,0,1,0,18,17,CharisSIL,9.100850065549215,37.59,186.21,399.53,198.07,186.21,595.63,37.59,195.75,"Palak Bagga a , Anil Kumar Sutrala b , Ashok Kumar Das a , , Pandi Vijayakumar c"
1,0,1,1,0,44,17,CharisSIL,5.419650077819824,37.59,200.99,404.98,226.73,200.99,566.97,37.59,190.29,"a Center for Security, Theory and Algorithmic Research, International Institute of Information Technology, Hyderabad 500 032, India b CA Technologies – A Broadcom Company, Hyderabad 500 032, India c Department of Computer Science and Engineering, University College of Engineering Tindivanam, Villupuram 604 001, India"
1,0,0,1,1,11,4,CharisSIL,8.966400146484375,37.59,246.75,132.24,255.72,246.75,537.99,37.59,463.04,A R T I C L E I N F O
1,0,1,1,0,14,10,CharisSIL-Italic,6.376100063323975,37.59,267.37,108.43,333.73,267.37,459.97,37.59,486.84,Keywords: Internet of Vehicles (IoV) Smart city Batch authentication Key agreement Blockchain Security AVISPA
1,0,0,1,1,8,4,CharisSIL,8.966400146484375,202.0,246.72,267.76,255.69,246.72,538.02,202.0,327.52,A B S T R A C T
1,0,0,1,0,370,7,CharisSIL,7.173099994659424,202.0,267.14,556.37,494.29,267.14,299.41,202.0,38.91,"The vehicles in Internet of Vehicles (IoV) can be used to opportunistically gather and distribute the data in a smart city environment. However, at the same time, various security threats arise due to insecure communication happening among various entities in an IoV-based smart city deployment. To address this issue, we aim to design a novel blockchain-enabled batch authentication scheme in Artificial Intelligence (AI)- envisioned IoV-based smart city deployment. The latest trends and revolutions in technologies incorporate AI/Machine Learning (ML) in blockchaining to produce a secure, efficient and intelligent blockchain based system. The data stored in the blocks in the blockchain are authentic and genuine, which makes the AI/ML algorithms to work at their exceptions in order produce correct predictions on the blockchain data. Through the signing phase of the proposed scheme, each vehicle in a dynamically formed cluster broadcasts a message to its own member and respective road-side unit (RSU). In the proposed scheme, two types of authentication take place: vehicle to vehicle (V2V) authentication allows a vehicle to authenticate its neighbor vehicles in its cluster, while batch authentication permits a group of cluster vehicles to be authenticated by their . At the end, a group key is established among the vehicles and in their cluster. then gathers securely data from its vehicles and form several transactions including the information of vehicles and its own given information to the cluster member vehicles. The transactions are formed later by the nearby fog server associated with and then by the cloud server to form a complete block. The created blocks are mined by the cloud servers in a Peer-to-Peer (P2P) cloud server network through the voting-based Practical Byzantine Fault Tolerance (PBFT) consensus algorithm. The authentic and genuine data of the blockchain are utilized for Big data analytics through AI/ML algorithms. It is shown that the proposed scheme is highly robust against various attacks through formal and informal security analysis, and also through formal security verification tool. A detailed comparative analysis reveals that the proposed scheme achieves superior security and functionality features, and offers comparable storage, communication and computational costs as compared to other existing competing schemes. Finally, the blockchain implementation has been carried out on the proposed scheme to show its effectiveness."
1,0,0,1,0,118,5,CharisSIL,7.970099925994873,37.59,538.13,288.68,640.37,538.13,153.33,37.59,306.6,"The increase in number of vehicles in the past years has been both beneficial and harmful to the world. Increase vehicles on roads have inflated the number of accidents, and wait time of the drivers and passengers during traffic jams or blocked roads. However, at the same time it has added to the luxury and ease in living of people. The moving vehicles on the roads form a special type of mobile ad hoc network, called as Vehicular Ad Hoc Network (VANET). The architecture of VANET is designed to provide better road environment, traffic safety and maintaining the privacy of passengers and drivers. The traditional architecture of VANET consists of a trusted authority ( ) , road side"
1,0,0,1,0,16,7,CharisSIL,7.173099994659424,37.59,663.02,497.13,689.26,663.02,104.45,37.59,98.15,"Corresponding author. E-mail addresses: palak.bagga@research.iiit.ac.in (P. Bagga), anilkumarsutrala@gmail.com (A.K. Sutrala), ashok.das@iiit.ac.in (A.K. Das), vijibond2000@gmail.com (P. Vijayakumar)."
1,0,1,1,0,110,5,CharisSIL-Italic,7.970099925994873,306.6,517.09,557.7,631.42,517.09,162.28,306.6,37.57,"units ( ) and on board units ( ) /vehicles. The registers and authenticates every other entity that participates in the paradigm. The s are placed after every specified distance to manage vehicles in their scope and control the flow of information within their zones. Each zone of consists of some vehicles at every instance. s and trusted authorities are generally at fixed location whereas vehicles do not have constant location and are free to move any where in the network from one zone to another [ 1 3 ]. The communication between the and can be wired, whereas the vehicles and communicate through wireless medium using the IEEE 802.11p"
1,0,0,1,0,16,7,CharisSIL,7.173099994659424,37.59,698.9,339.34,715.64,698.9,78.06,37.59,255.93,https://doi.org/10.1016/j.sysarc.2020.101877 Received 11 July 2020; Received in revised form 18 August 2020; Accepted 24 August 2020
2,0,1,1,0,7,11,CharisSIL-Italic,6.375999927520752,416.83,33.65,558.29,44.08,33.65,749.62,416.83,36.99,Journal of Systems Architecture 113 (2021) 101877
2,0,1,1,0,4,10,CharisSIL-Italic,6.376100063323975,37.59,36.3,78.55,42.68,36.3,751.02,37.59,516.72,P. Bagga et al.
2,0,0,1,0,719,5,CharisSIL,7.970099925994873,37.59,55.64,288.7,742.15,55.64,51.55,37.59,306.57,"protocol and Dedicated Short-Range Communications (DSRC). The ve- hicles also communicate to each other (V2V) and the infrastructure (V2R) to ensure great on road experience and also to safeguard the driver’s and passenger’s privacy [ 4 ]. The communication is basically through messages based on the road conditions or the drivers travel in- formation. The messages being shared among the vehicles can generally include some private details of the driver or the passenger. The new advancements which allow the sensors, infrastructure and intelligent vehicles to communicate by sending messages formed a new paradigm, called the Internet of Vehicles (IoV) [ 5 7 ]. There have been various methods formulated in the history of IoV that have worked on the vulnerable side of the paradigm. One of such approaches is the public key infrastructure (PKI), where a certificate authority provides a certificate that contains vehicle’s public key [ 8 ]. The vehicle uses its private key to sign messages further [ 9 , 10 ]. On the other side, few certificate less schemes, such as a scheme presented in [ 11 ], were designed in the recent trends to cope up with this. In those schemes, a key generation center generates a partial private key for the vehicle. The vehicle uses its secret nonces to find the private key. As the trusted authority needs to keep the track of the vehicles in the network, the communication in IoV deployment requires the vehicles to communicate using their identities and in some cases the messages in the network might contain some secret information. The exposure of secret information makes it easy for the attacker to modify or intercept the message flown within the network. So, this puts a big question on the privacy of the drivers and the fellow passengers. To deal with this, a second approach based on identity based signature came where a private key generator generates a private key for every vehicle corre- sponding to its identity. This scenario often suffers with a key escrow problem. But, all these scenarios could not overcome the obstacles in the situation where more number of vehicles are participating. As more number of vehicles increases, the certificate issuing and revocation lists also increase. On the other hand, it becomes important to trace an attacker’s identity that violated the paradigm. Therefore, it made very clear to the researchers to work on conditional privacy management schemes which safeguard the privacy but also made the identity of the attacker traceable. Few schemes based on group signatures [ 12 14 ], certificate revocation list (CRL) and pseudonym generation based authentication were formulated to preserve the privacy. Henceforth, with such complex schemes and increasing vehicles on road raised some issues like long CRL, and hence, more transmission delay, latency, swollen storage space and huge computational cost arise. Besides these factors, the processing time for the schemes based on such scenarios are more than the urgency of flow of information. The bandwidth and computing power of vehicles are limited which make the schemes inefficient. Even the functioning of in the scenarios described are not even clearly known to the vehicle because of security reasons. Due to this, the attacker can maliciously fool without any knowledge to the vehicles and can enter the network. The present traditional schemes face two basic problems. Firstly, the flow of the message is made anonymous to ensure the privacy, but this does not guarantee authentication and it does not avoid forge message to enter in the network. To deal with, the advancements in cryptography used aggregation technique as a benchmark in the evolu- tion of security features in IoV. The researchers tried combining various techniques to form the schemes to deal with the issue. They formed the batch verification scheme [ 15 19 ], where the can verify the signatures in batches. Such designed schemes are able to deliver average performance, but still to a little extent. They are unable to overcome the shortcomings due to scalability issues or limited comput- ing power. Secondly, focus on conditional privacy and authentication and centralized scenario has reduced the scalability and distribution of information. The single point of failure leaks the vehicular information and hampers the authenticity. So, the need of an hour is to implement a scheme which not only delivers a satisfactory performance in minimum"
2,0,0,1,0,686,5,CharisSIL,7.970099925994873,306.6,55.64,557.72,742.15,55.64,51.55,306.6,37.56,"time but also overcomes the shortcomings in the present schemes. The scheme should consider the exponential increase in the number of vehicles, lack of trust among the participating entities as well as computational power of , and vehicles. Keeping in mind the above limitation, blockchain [ 20 ] came as a rescue where the participating entities have no trust and are also increasing rapidly in numbers. Therefore, blockchain fits best into such areas and sounds advantageous where vehicles do not trust each other and have to send heavy traffic messages to each other throughout. This technology offers a method to automatically inject trust, checks the credibility of the messages, monitors communication between the entities and analyzes the behavior. It forms a distributed decentralized database by using various technologies, such as digital signatures, cryp- tographic techniques, hash function, Merkle tree root, and timestamps. All the authorized nodes in the network are allowed to form blocks of transactions which are combined to form a new data structure, called chain. The blocks are combined in the chain in an order in which they are created. Timestamp value in each block is used to determine the sequence of blocks in a blockchain. A link between two blocks is formed by linking the block header with the hash value of the previous block and so on. Every node gets to participate in the chain forming after proving its authenticity. The technology attracted many researchers who were trying to solve the limitation in VANETs as to make the system decentralized. Blockchain technology distributes the responsibility of maintaining privacy and security amongst all the enti- ties in VANET unlike centralized functioning. Few added advantages of the schemes using blockchain are single registration, time series, openness, transparency, traceability, immutability, encryption, message authentication, and scalability. Blockchain technology can use any of the consensus algorithms, such as Byzantine Fault Tolerance (BFT) [ 21 ] and Ripple Protocol Consensus Algorithm (RPCA) [ 22 ]. The Byzantine algorithm works in pre-prepare, prepare, commit and reply phases sequentially. A node broadcasts the request to other nodes. The nodes or the servers will receive requests from all the nodes on the network. If multiple servers or the nodes receives same requests from the multiple nodes that request is processed and the reply is sent. The node that initiated the request receives the reply from the nodes and multiple replies forms a consensus. The algorithm can handle one-third of the error nodes. Several consensus algorithms were derived from BFT, such as ‘‘Practical Byzantine Fault Tolerance (PBFT)’’, ‘‘Delegated Byzantine Fault Tolerance (DBFT)’’, ‘‘Federated Byzantine Agreement (FBA)’’ [ 23 , 24 ]. On the other side, the ripple algorithm works specifically for verification nodes. Each verification node has a set of trusted nodes on the networks. All the nodes receive the transaction on the network and updates its own local ledger. The local ledger is shared and each transaction that is present on the ledger of the trusted nodes gets a vote. In recent years, the concept of smart cities came up as a plan to mitigate the challenges of very fast and continuous urbanization while keeping better quality of life to its citizens at the same time. IoV provides an enriched information environment by allowing the users (drivers) to share massive information and make easy corresponding decision making. However, with the development of the architecture the risks are also increasing. In an IoV environment, the data is col- lected, studied and analyzed to accomplish its goal. The major threat to an IoV network is its vulnerable open wireless network. An attacker or any malicious vehicle can anytime intrude, intercept the network to harm the privacy of the drivers or to control the network. Considering the discussed points, the researchers have developed many schemes based on different techniques to ensure both the goal of providing a luxurious experience and to ensure the privacy of the drivers and customers [ 25 ]. To mitigate the above issues and enable smart city environment using intelligent vehicles, in this paper, we design a new blockchain-enabled batch authentication scheme in AI-envisioned IoV-based smart city deployment, called BBAS-IoV."
3,0,1,1,0,7,11,CharisSIL-Italic,6.375999927520752,416.83,33.65,558.29,44.08,33.65,749.62,416.83,36.99,Journal of Systems Architecture 113 (2021) 101877
3,0,1,1,0,4,10,CharisSIL-Italic,6.376100063323975,37.59,36.3,78.55,42.68,36.3,751.02,37.59,516.72,P. Bagga et al.
3,0,1,1,0,3,5,CharisSIL-Italic,7.970099925994873,37.59,55.63,105.72,63.6,55.63,730.1,37.59,489.56,1.1. Network model
3,0,0,1,0,50,5,CharisSIL,7.970099925994873,37.59,76.13,288.69,125.37,76.13,668.34,37.59,306.58,The network model for the proposed BBAS-IoV is given in Fig. 1 . The model consists of smart city managed by several trusted authorities. It has blockchain center where data securely collected from the vehicles and s are stored in the blocks. A smart city in BBAS-IoV has following entities.
3,1,0,1,0,11,5,CharisSIL-Bold,7.970099925994873,53.53,134.15,288.68,142.14,134.15,651.56,53.53,306.59,TA : A smart city is managed by various ‘‘trusted authorities
3,0,0,1,0,62,5,STIXMath-Regular,7.970099925994873,57.51,144.44,288.68,204.02,144.44,589.68,57.51,306.6,"( ) ’’ which are responsible to manage their assigned deployment areas in a city. Each has various responsibilities that include registering s and vehicles that are in its scope before deploy- ing them in the network and initializing them with the system parameters. also forms and delivers certificates consisting of identity, public key, private key to each vehicle and all s."
3,1,0,1,0,11,5,CharisSIL-Bold,7.970099925994873,53.53,206.83,288.66,214.82,206.83,578.88,53.53,306.61,RSU : A city consists of multiple s. An is responsible
3,0,0,1,0,60,5,CharisSIL,7.970099925994873,57.51,217.15,288.69,276.7,217.15,517.0,57.51,306.59,"to authenticate the messages flown by vehicles within its group or cluster which is dynamically formed with a set of moving vehicles. Like s, an also manages all the vehicles, and authenticates the vehicles under its scope. In the designed BBAS- IoV, an receives the messages from all the vehicles in its cluster and authenticates them together in a batch."
3,1,0,1,0,11,5,CharisSIL-Bold,7.970099925994873,53.53,279.51,288.67,287.5,279.51,506.2,53.53,306.6,Vehicle : The design of the model consists of various vehicles
3,0,0,1,0,74,5,CharisSIL,7.970099925994873,57.51,289.83,288.68,359.7,289.83,434.0,57.51,306.6,flowing in the network. A group of vehicles on the fly form a dy- namic cluster. A vehicle receives a certificate from its associated during the registration phase and uses the information in the certificate to generate a hello message along with its signature for verification. Each vehicle within a cluster broadcasts the message and signature within its cluster members. The message is then received by other neighbor vehicles and in its own cluster.
3,1,0,1,0,13,5,CharisSIL-Bold,7.970099925994873,53.53,362.51,288.67,370.5,362.51,423.21,53.53,306.6,"Fog server : One or more s are connected with a fog server,"
3,0,0,1,0,51,5,CharisSIL,7.970099925994873,57.51,372.82,288.69,422.06,372.82,371.64,57.51,306.59,"say , which receives a partial block containing a list of trans- actions and their compact signature. Upon receiving, the list of transactions and their compact signature, it verifies the attached signature and if the signature is valid, then forwards the partial block to a cloud server in the blockchain center."
3,1,0,1,0,11,5,CharisSIL-Bold,7.970099925994873,53.53,425.11,288.67,433.1,425.11,360.6,53.53,306.61,Cloud server : Upon receiving the partial blocks from its re-
3,0,0,1,0,45,5,CharisSIL,7.970099925994873,57.51,435.43,288.69,484.67,435.43,309.04,57.51,306.59,"spective fog server(s), a cloud server, say , converts the partial block to its full block. After that, the full block is mined through the voting based consensus algorithm, which is based on the widely-used ‘‘Practical Byzantine Fault Tolerance (PBFT) consensus algorithm’’ [ 26 ]."
3,0,1,1,0,3,5,CharisSIL-Italic,7.970099925994873,37.59,497.03,99.36,505.0,497.03,288.7,37.59,495.91,1.2. Threat model
3,0,0,1,0,228,5,CharisSIL,7.970099925994873,37.59,517.53,288.69,742.15,517.53,51.55,37.59,306.59,"The threat model considered in the proposed scheme (BBAS-IoV) is the widely accepted ‘‘Dolev-Yao threat (DY) model’’ [ 27 ]. According to this model, the end entities involved in the communication (vehicles and s) are not considered to be fully trusted. Moreover, they are assumed to communicate over an insecure, open, public channel. However, the trusted authorities ( ) are fully trusted, and the fog servers and cloud servers are assumed to be semi-trusted. The model also considers an adversary, say , who has enough computational power that he/she can eavesdrop, update, replay, fabricate or delete the exchanged messages during transmission. This gives a privilege to to tamper any message for own benefit. The s are assumed to be semi-trusted, whereas the vehicles are equipped with tamper-resistant onboard units ( ) where the secret credentials are stored. Further- more, it is assumed that the s will store the secret credentials in their secure memory (database) so that the stolen verifier attack is not possible by . Another model, known as the ‘‘Canetti and Krawczyk’s adversary model (CK-adversary model)’’ [ 28 ] has been also considered. It has become a ‘‘current de facto standard model in modeling authenticated key-exchange protocols’’. The CK-adversary model is quite similar to the DY threat model with the additional features wherein the adver- sary cannot only send the messages, but also can compromise the"
3,0,0,1,0,56,5,CharisSIL,7.970099925994873,306.6,55.64,557.71,118.2,55.64,675.5,306.6,37.57,"secret credentials, secret keys and session states. For an authenticated key agreement scheme, the leakage of some secret credentials from a session hijacking attack should definitely have a minimal impact on the security of the established session key. Therefore, it becomes important to consider this model to analyze the security of a designed authenticated key-exchange protocol."
3,0,1,1,0,3,5,CharisSIL-Italic,7.970099925994873,306.6,137.55,399.38,145.52,137.55,648.18,306.6,195.9,1.3. Research contributions
3,0,0,1,0,331,5,CharisSIL,7.970099925994873,318.56,162.6,557.71,591.52,162.6,202.18,318.56,37.57,"The main research contributions are given below. In the proposed scheme (BBAS-IoV), we have two types of authen- tication mechanisms: (a) vehicle to vehicle (V2V) authentication allows a vehicle to authenticate its neighbor vehicles in its cluster and (b) batch authentication permits a group of cluster vehicles to be authenticated by their . At the end, a group key is established among the vehicles and in their cluster. gathers securely data from its vehicles and form several trans- actions including the information of vehicles and its own given information to the cluster member vehicles. The transactions are formed later by the nearby fog server associated with and then by the cloud server to form a complete (full) block. In order to make the proposed BBAS-IoV more effective, we incorporate the blockchain technology using the fog servers and cloud servers as well. The blocks of transactions are mined by a voting-based PBFT consensus algorithm. The genuineness and authenticity of the huge amount of data stored in the blocks in the blockchain allows the use of big data analytics though AI/ML algorithms. The proposed BBAS-IoV supports dynamic vehicles and s addition after initial deployment. A comprehensive security analysis through the formal security analysis under the widely-used ‘‘Real-Or-Random (ROR)’’ oracle model [ 29 ], non-mathematical (informal) security analysis and formal security verification using the broadly-accepted ‘‘Auto- mated Validation of Internet Security Protocols and Applications (AVISPA)’’ [ 30 ] software tool reveals that BBAS-IoV can resists various potential attacks against passive/active adversaries. We evaluate various cryptographic primitives using the broadly- accepted ‘‘Multiprecision Integer and Rational Arithmetic Crypto- graphic Library (MIRACL)’’ [ 31 ] for their execution time under a server and Raspberry PI 3 platforms. We then perform a detailed comparative study on ‘‘communi- cation and computational overheads’’, ‘‘storage overheads’’ and ‘‘security and functionality features’’ among BBAS-IoV and other existing competing authentication schemes in IoV-related envi- ronment. Finally, we provide the blockchain implementation of the BBAS- IoV using the popular Hyperledger Sawtooth [ 32 ]."
3,0,1,1,0,3,5,CharisSIL-Italic,7.970099925994873,306.6,610.87,368.15,618.84,610.87,174.87,306.6,227.13,1.4. Paper outline
3,0,0,1,0,111,5,CharisSIL,7.970099925994873,306.6,635.92,557.7,742.15,635.92,51.55,306.6,37.57,"The remainder of the paper is sketched as follows. The next section gives an overview of the existing schemes relevant to an IoV environ- ment. In Section 3 , the detailed discussion on various phases related to our scheme (BBAS-IoV) is provided. While the correctness proof, formal and informal security analysis of the proposed BBAS-IoV are provided in Section 4 , the formal security verification of BBAS-IoV is shown in Section 5 . The experimental results using MIRACL provided in Section 6 are used in the comparative analysis in Section 7 . Section 8 provides the blockchain implementation of the proposed BBAS-IoV. Finally, the paper is concluded in Section 9 ."
4,0,1,1,0,7,11,CharisSIL-Italic,6.375999927520752,416.83,33.65,558.29,44.08,33.65,749.62,416.83,36.99,Journal of Systems Architecture 113 (2021) 101877
4,0,1,1,0,4,10,CharisSIL-Italic,6.376100063323975,37.59,36.3,78.55,42.68,36.3,751.02,37.59,516.72,P. Bagga et al.
4,1,0,1,0,8,10,CharisSIL-Bold,6.376100063323975,187.2,355.33,408.09,361.72,355.33,431.98,187.2,187.19,Fig. 1. Blockchain-enabled AI-envisioned IoV-based smart city architecture.
4,1,0,1,0,3,5,CharisSIL-Bold,7.970099925994873,37.59,376.8,99.91,384.77,376.8,408.93,37.59,495.37,2. Related work
4,0,0,1,0,359,5,CharisSIL,7.970099925994873,37.59,398.07,288.7,742.15,398.07,51.55,37.59,306.58,"This section describes a detailed review on the existing competing schemes based on pseudonyms, certificate-less and batch verification Following to this are the schemes that have used blockchaining as a concept. Tzeng et al. [ 33 ] and Bayat et al. [ 18 ] identified the weakness of secret key in Lee and Lai [ 34 ] scheme where a malicious vehicle is able to form a signature on any message on behalf of legitimate vehicle if it gets exposed to any previous valid signature. Moreover the scheme does not support traceability and could not safeguard the privacy, also is vulnerable to forgery attack. So the authors in [ 18 ] presented an enhanced batch authentication scheme improving the vulnerability in Lee et al. scheme to avoid vehicle impersonation attack. The scheme runs three phases. initializes the public parameters and loads in and vehicles, each vehicle is also assigned with the real identities. After verifying real identity and password, tampered proof device of each vehicle generates pseudonym in second phase. The vehicles use the pseudonym(pseudo identity and private key) to sign the message and then send it to other vehicles or RSU’s. The receiver of the message verifies the message individually or in batches using bilinear pairing and timestamps. The authors successfully removed the weakness of Lee et al. [ 34 ] scheme although [ 18 ] suffers from modification attack. Tzeng et al. [ 33 ] proposed a similar scheme whose system model consists of redundant TA’s, application server, non trusted RSU’s and tampered proof OBU’s. The entities are assumed to be synchronized to a certain extent. First phase similar to most of the authentication scheme is where initializes the public parameters. Second phase is headed by tampered proof device that generates the pseudonym on getting the request from the vehicle. To add up to the security TPD’s passes the request of the vehicle to an authentication module. Authentication module checks for legality of the vehicles and then, anonymous identity generation module generates an anonymous identity. Vehicles after receiving the pseudo identity from the second phase, uses message signing module to sign the traffic related message before broadcasting."
4,0,0,1,0,371,5,CharisSIL,7.970099925994873,306.6,376.78,557.7,742.15,376.78,51.55,306.6,37.57,"The verification process is performed by sequentially or in batches by using vectors. Zhong et al. [ 35 ] proposed a secure and efficient conditional privacy preserving authentication scheme based on pseudonym signatures. TA’s in the model of the scheme are assumed to be credible and respon- sible for vehicle registration, management and traceability. s are deployed along the roads to manage area of about 300 to 500m. The communication is from vehicle to other vehicle or . The first phase initializes the system parameters. loads the real identity, password and other secure material into TPD of each vehicle. TPD of the vehicle executes the next phase to generate pseudonym and accomplish key generation process. A vehicle acquires its secret key, pseudo identity which it can use to sign the message by executing the next phase. TPD signs the message and sends a tuple consisting of signature, timestamp, message and pseudo ID. The receiving OBU or checks the received message for its validity, and verifies the signature. On receiving multiple requests, the scheme performs a batch verification process to reduce computation overheads by using random vectors and small exponent test. The scheme is safe against replay attacks, and is also traceable. He et al. [ 36 ] stressed on ID based conditional privacy preserving authentication scheme without bilinear pairing. The scheme uses el- liptic curve cryptographic techniques to accomplish the goal. is again the most trusted and the only party that has the real identities of all the vehicles. The model in the scheme also uses application server that is present at the traffic management center to support traffic management. The initializes the system parameters and forwards it to and also loads the real identity, password and other public parameters in the tampered proof device of the vehicle. The tampered proof device then generates an anonymous identity and secret key and hands it over to vehicle. The vehicle uses pseudo identity to generate a digital signature on the message it wishes to send. The last phase is performed by any or vehicle who is the verifier of the received message. The digital signature and the validity of the timestamp in the received messages are the criteria of the validation. The scheme"
5,0,1,1,0,7,11,CharisSIL-Italic,6.375999927520752,416.83,33.65,558.29,44.08,33.65,749.62,416.83,36.99,Journal of Systems Architecture 113 (2021) 101877
5,0,1,1,0,4,10,CharisSIL-Italic,6.376100063323975,37.59,36.3,78.55,42.68,36.3,751.02,37.59,516.72,P. Bagga et al.
5,0,0,1,0,687,5,CharisSIL,7.970099925994873,37.59,55.64,288.69,742.15,55.64,51.55,37.59,306.58,"even supports batch verification to reduce the computation overheads. Although the scheme is secured from various attacks like replay, man- in-the-middle, modification, impersonation attack, but can still suffer from physical capture insider attack. Jiang et al. [ 37 ] prescribed an anonymous batch authentication based on HMAC for VANETs (ABAH). The authors designed the scheme in a way that it checks the integrity of the message before batch authentication to avoid unnecessary delay during rejections at the time of batch authentication. The continuous checking of CRL’s was also replaced by group based mechanism to reduce the communication overheads. The use of HMAC maintains the efficiency of the batch authentication process of the scheme by removing the messages that does not ensure integrity or are from the illegal vehicles. The system model consists of TA, ’s and vehicles. TA’s which are assumed to be secured are responsible to generate secure materials for and vehicles. performs batch authentication and validates multiple vehicle requests, and finally handovers a group key to the group of legitimate vehicles. Another set of batch authentication occurs between vehicles receiving multiple traffic related messages from the fellow vehicles. In commencing phases, initializes the public parameters and issues a certificate. The certificate consists of the domain number, public key and signature of the corresponding . In third phase, divides the time into slots and delivers the pseudo identity, secret key to the vehicle for different time slots at once. The mutual authentication process occurs between the vehicles and when a vehicle enters any ’s domain and receives its broad casted certificate. It then verifies the certificate and sends message related to traffic or other details to corresponding domain . On receiving the message, checks the legitimacy of the vehicle’s pseudo identity in its revocation list and distributes the group key to the authenticated group. The advantage of the scheme is that it does not broadcast the CRL to every entity of the network to avoid communication overhead. CRLs are only sent to through secure wired links. Gayathri et al. [ 15 ] designed a pairing free certificate less batch verification scheme, that does not provide mutual authentication. The scheme comprises of seven algorithms where in and key generation center ( ) are fully trusted. stores the real identities of the vehicles and provides them with a token which is used by to provide partial private key. can also revoke the malicious vehicles. It maintains a revocation list which is shared with and via secure channel. is responsible to handover pseudo identities to the vehicles coming into their zone after checking the legitimacy of the vehicle against the revocation list. A vehicle’s OBU stores a secret token and the signature received by and pseudo identity received by . It signs the message using pseudo identity and private/public key pair and other secret information from its . Similarly each vehicle verifies the messages and signature received by fellow vehicles. performs the batch verification after receiving different messages from vehicles. Zhang et al. [ 38 ] presented an effective and anonymous batch authentication scheme based on pseudo identity generation using hash functions and elliptic curve cryptography. Similar to Jiang et al. [ 37 ], ’s divide their scope in domains and are assumed to have enough power to generate certificates for RSU’s; certificate, pseudonym and secret key for each vehicle. contains a certificate revocation list for both RSU’s and vehicles which depends on the number of vehicles and s. initializes the public parameters followed by the second phase in which a certificate is issued. The certificate consists of the domain number, public key and signature of the corresponding . In the next phase, series of pseudo identities and secret keys is delivered to vehicle for every slots throughout the year at once during the time of registration via secure channel. The vehicle captures and verifies the certificate sent by in its domain. It signs and sends the traffic related message and its signature to . Finally the performs a batch verification using exponent test after confirming the absence of vehicle in CRL issued by TA. revokes the illegal and"
5,0,0,1,0,689,5,CharisSIL,7.970099925994873,306.6,55.64,557.71,742.15,55.64,51.55,306.6,37.57,"vehicles by mentioning their pseudonymous certificate in revocation list. identifies the illegal vehicle by calculating its impact range area considering the speed it is moving and the distance it covers in the time the false information sent by vehicle is received by . Similarly, compromised are revoked by sending the CRL to all other vehicles and which falls under the impact range area. Sutrala et al. [ 16 ] used batch verification to preserve privacy of the vehicles in IoV paradigm. The scheme utilized less communication and computation overheads. The scheme starts with initializing the system parameters including the public and private keys of the , key gen- eration center ( ) and for each . The registers the vehicle using its private key and ’s public key. Further generates a partial private key and delivers to every legitimate vehicle before its communication with or other vehicles. Then each vehicle generates a public private pair key after receiving partial private key from . To conserve the real identity of the vehicle authors added another phase to generate pseudo identities for each vehicle. A vehicle chooses some random nonces and requests the nearest for pseudo identities. Finally the vehicle becomes eligible to send the message and communicate with others in the group. The vehicle signs the message and sends the message along with the signature and its pseudo identity. is open to listening the broadcasted messages from the vehicles. To reduce the computation overheads the scheme is designed to support batch verification. collects the messages to verify and validates them in batches against pseudo identities, timestamp and altered messages. Guehguih et al. [ 39 ] proposed a blockchain based privacy preserv- ing authentication and message dissemination scheme by using both public and private blockchains. The use of blockchain waives off the dependency entirely on s and also implements the role of traditional s. is responsible to form a private blockchain by adding blocks that consists of the information only about the authenticated vehicles in the network. All other entities in the network have only read access to the private chain to get the information about authenticity of fellow vehicles. The public blockchain known as road side unit blockchain (RSU BC) is used to implement the role of RSU’s to monitor the event message dissemination and flow of messages in the network. Only special vehicles called as miners are allowed to participate in formation of public chains by broadcasting the mined blocks to other vehicles. Miners initially confirm the authenticity of the vehicle that has sent the event message through the private block chain. Each light weight vehicle not specifically the miner, adds the received block in their chain. The transaction in blocks of private blockchain consist of authen- tication information where as the blocks of public blockchains consist of event messages. The scheme is secured against bogus information attack, impersonation attack, non repudiation attack. Lu et al. [ 40 ] eliminates the use of periodic certificate issuing and revocation in their blockchain-based privacy-preserving authentication scheme (BPPA). The transparency between the entities and various s is achieved by adding the activities or transactions performed by s in block and further in permissioned blockchains which are verifiable by all the entities in the network. The transactions include the issuing and revocation of certificates. The certificates are provided to the vehicle on its request to Law enforcement authority which directs CA to issue them. The certificates contain timestamps, link-ability to identity, public key. The transactions made from the certificate author- ity are grouped into blocks by law enforcement authorities (LEA). The traceability between the certificates and the identities are encrypted using the secret key of LEA and also stored in blockchains. s have authority to access blockchains to verify the activities of CA and LEA to provide consensus and forward the updated blockchains to the vehicles. Chronological Merkle Tree (CMT) and Merkle Patricia tree are used to store the blocks. CMT stores the transaction root and MPT stores the certificate root. The scheme uses less time and storage as compared to the usual schemes by using Merkle trees as a data structure. Conditional"
6,0,1,1,0,7,11,CharisSIL-Italic,6.375999927520752,416.83,33.65,558.29,44.08,33.65,749.62,416.83,36.99,Journal of Systems Architecture 113 (2021) 101877
6,0,1,1,0,4,10,CharisSIL-Italic,6.376100063323975,37.59,36.3,78.55,42.68,36.3,751.02,37.59,516.72,P. Bagga et al.
6,0,0,1,0,729,5,CharisSIL,7.970099925994873,37.59,55.64,288.7,742.15,55.64,51.55,37.59,306.58,"privacy of the scheme is ensured by providing multiple certificates corresponding to identities to each vehicle. Wang et al. [ 41 ] suggested an improved authentication mechanism based on blockchain technology. It improves the process by using public key pair authentication method based on crypto accumulator. The system architecture used for the scheme is trusted cloud providers (CA), road side units (RA) and vehicles. The authentication in the scheme is divided into two parts one is between a vehicle and road side unit. Other is to verify RA and CA. A contract node group is formed that comprises of validated road side units, vehicles and trusted providers. Any new node that wishes to join the network needs to send the request to the contract nodes group basically . The request consists of vehicles public key, identity, random number and timestamps. Depending on the node’s history and credits a consensus is formed so as to whether to allow a node to join the network or not. Subsequently, performs a validation and attaches the secret key along with the request message received from the vehicle and forwards the request to cloud service providers. CA verifies the identity of the vehicle and of RA in the corresponding blockchain and then issues a digital certificate to the vehicles via RA. The issuer CA broadcasts the information to other CA’s to add it into their account book. Other receiving CA’s will only store the information in their books if they find the information to be relevant otherwise they will send a negative feedback to the CA that is issuing the digital certificate. Jheng et al. [ 42 ] proposed a secure access authentication scheme between vehicles and roadside units, which is decentralized as it does not fully depends on centralized authority. Their scheme also has a scenario of distributed cloud ledger that reduces the storage burden on the blockchains. All s form a peer to peer network that contributes in the formation of blockchain. The blocks in the blockchain are used to store information about the vehicle’s identity and the link between the identity and pseudo identity. The network model consists of a certificate authority (CA) which issues a certificate to an authorized, registered vehicles and also prepares a hash which is used by road side units (RSU) to form a blockchain after verification. CA produces two hash values one to send the pseudonym to the vehicle and other to store the mapping relationship of vehicle’s real identity and pseudonym. A cloud server is used to store hash values produced by CA and is acquired by s during verifying the legality of the vehicle. on receiving the request from the vehicle initiates the verification process. After the verification process, an integer negotiation process takes place between and vehicle to confirm the integrity of message and receiver. The random number in the process used is further used by the vehicle to announce the traffic. Finally the transaction including pseudo identity, public key of the vehicle is added in the blockchain. The traffic announcements by vehicles are also verified by s and then hash value of the event transaction is added in the blockchains. The actual event details corresponding to the hash value is stored in the cloud server which is accessed by the fellow vehicles on getting a notification of occurrence of any event by various s. Feng et al. [ 43 ] formulated a BPAS: Blockchain-Assisted Privacy- Preserving Authentication System for Vehicular Ad Hoc Networks using smart contract and hyperledger fabric as an open platform. Fuzzy extractor and attribute-based encryption are the backbones of the protocol. The entities involved in the scheme are s, s, vehicles. Smart contracts are used to store vehicle public key table (VPKT) in the form of blockchains which are appended by TAs. The use of smart contract makes the scheme self-verifying, self executing and decen- tralized by providing application binary interfaces (ABI). It manages VPKT by implementing algorithms to insert, update and revoke entries in VPKT. makes use of the application to insert, revoke or verify the vehicle’s public key in the table. initializes the parameters along with setting up ABE and blockchain within the network using practical Byzantine fault tolerance consensus. Further smart contract is deployed in the blockchain that forms a data structure to save VPKT. The registration phase lets the to update the VPKT and OBU"
6,0,0,1,0,691,5,CharisSIL,7.970099925994873,306.6,55.64,557.71,742.15,55.64,51.55,306.6,37.57,"with essential parameters for further processing. On receiving some message related to traffic, or vehicle checks the timestamp value and forwards the message to blockchain managers. The blockchain managers eventually screen the message against the ABE and VPKT to know the legality of the sender and the message. Luo et al. in the paper [ 44 ] designed a blockchain based decen- tralized or distributed privacy protection scheme. Each vehicle uses location information, trust worthiness of other vehicles to implement k-anonymity and forms anonymous cloaking region request utilizing location of −1 near by vehicles. The system model has a registration authority (RA) which provides a certificate containing pseudonym to vehicles and also forwards vehicle’s pseudonym and trust level to all s. The authors made this scheme distributed by replacing the use of single trusted authority by many ’s handling blockchain. s store and add the blocks containing information about vehicle’s pseudonym and trust level in the form of a transaction by implementing consortium algorithm. A vehicle initiates request to form a cloaking region. The eligibility to participate in the region is based on the degree of trust level of both the requesting and nearby vehicles. Dirichlet distribution is used to calculate trust levels. The method uses both current behavior and historical trust level of vehicle as the measuring criteria. Every time the current behavior of the vehicles is calculated it is also saved in the blockchain by to maintain and update the historic data. Once the calculations are done the vehicles passing the degree of trust level send their location to the requester. A requester constructs an anonymous cloaking region using cooperating vehicles and forwards the request to location service provider. To safeguard the identity of the vehicle each vehicle undergoes a process to change its pseudonym after participating in cloaking regions by requesting . delivers a new certificate containing a new pseudonym and updated trust level to both vehicle and to add in the blockchain. Tan and Chung [ 45 ] advanced the security properties of VANETs by presenting a mutual authentication and group key management scheme using features of cloud computing and edge computing layers for s. Instead of using certificates, cloud assisted infrastructure is used in the scheme. The system model divides the architecture into three layers. The first layer known as the cloud layer consists of TA. It performs all the important functions and is fully trusted. The second layer or edge layer comprises of that forms the edge clusters making the scheme decentralized. The last layer is the user layer consisting of vehicles. The first phase of the scheme is the offline registration where a unique identity and partial secret is given to each and vehicle. Both and vehicle generates a temporary session ID using the assigned unique ID and timestamp values to communicate. All important information related to vehicle and is stored in cloud server. In the second phase vehicle validates the by verifying its publicly issued cer- tificate. Following to this it sends a request to by creating its signature. verifies the signature or a group of signatures in a batch by forwarding the request to cloud server for actual identification. To isolate V2R communication a separate session key establishment takes place amongst the group of vehicles(V2V) and their nearest over an allocated channel by implementing Chinese remainder theorem and consortium blockchain algorithm for updation/revocation the key while tracing real time group membership. Assigning heavy computational tasks to (cloud layer), light computations like key management to vehicles and decentralization improves the response time and lowers latency of the scheme. Sharma and Chakraborty [ 46 ] framed a Blockchain for Authentica- tion and Privacy Preservation (BlockAPP) protocol for IoV environment to provide seamless access control. The system model in the protocol consists of a registration server, service providers, vehicles. Registration server manages vehicle’s identity. A vehicle uses this identity to access service from service providers after being verified. Blockchain is stored with central trusted authority which can be read and written by service provider but can only be written by registration server. The transactions can be of three types one for each phase: registration transaction"
7,0,1,1,0,7,11,CharisSIL-Italic,6.375999927520752,416.83,33.65,558.29,44.08,33.65,749.62,416.83,36.99,Journal of Systems Architecture 113 (2021) 101877
7,0,1,1,0,4,10,CharisSIL-Italic,6.376100063323975,37.59,36.3,78.55,42.68,36.3,751.02,37.59,516.72,P. Bagga et al.
7,0,0,1,0,25,10,CharisSIL,6.376100063323975,37.59,64.05,325.65,101.64,64.05,692.06,37.59,269.63,Summary of characteristics of existing competing protocols. Scheme and year Cryptographic techniques Characteristics Zhang et al. [ 38 ] (2020) *Hash chains *Elliptic curve cryptosystem
7,0,0,1,0,40,10,CharisSIL,6.376100063323975,42.12,86.7,552.81,130.66,86.7,663.04,42.12,42.47,"It is an effective anonymous batch authentication scheme which provides message integration, identity revocation, unlinkability and backward secrecy. It avoids replay attack, but involves huge computational overheads due to periodic issuing of CRL. Tan and Chung [ 45 ] (2020)"
7,0,0,1,0,11,10,CharisSIL,6.376100063323975,145.71,115.71,232.0,156.36,115.71,637.34,145.71,363.27,*Blockchaining *Elliptic curve cryptography *Bilinear pairing *Hash functions *Chinese Remainder Theorem
7,0,0,1,0,33,10,CharisSIL,6.376100063323975,284.16,115.71,553.17,139.23,115.71,654.48,284.16,42.11,It is a light weight certificate less scheme that is unforged against chosen message attack. It reduces the latency by assigning heavy tasks to the and lighter task like key management to vehicles.
7,0,0,1,0,14,10,CharisSIL,6.376100063323975,42.12,161.87,226.1,185.38,161.87,608.32,42.12,369.17,Feng et al. [ 43 ] (2020) *Blockchain technology *Fuzzy extractor *Attribute based encryption
7,0,0,1,0,42,10,CharisSIL,6.376100063323975,42.12,161.87,551.86,205.83,161.87,587.87,42.12,43.42,"This scheme is based on blockchain that maintains the privacy using three factor security and verifies the messages. It has a mechanism to revoke the vehicles, but does not manage the keys. Luo et al. [ 44 ] (2020) *Blockchain *Dirichlet distribution"
7,0,0,1,0,54,10,CharisSIL,6.376100063323975,42.12,190.89,550.01,251.98,190.89,541.72,42.12,45.27,It is a blockchain enabled trust-based location privacy protection scheme that uses -anonymity to construct cloaking regions based on trust value determined by current behavior and historic trust of the vehicles. It does not match authentication or verification criteria. Wang et al. [ 41 ] (2019) *Blockchain *Digital certificates *Public key pair crypto accumulator
7,0,0,1,0,52,10,CharisSIL,6.376100063323975,42.12,228.47,546.2,298.14,228.47,495.56,42.12,49.08,It uses blockchain technology to authenticate any new node joining the network and improves key distribution. It does not have provision of batch authentication of messages and upgradation of the key. Lu et al. [ 40 ] (2019) *Blockchaining *Secure hashing algorithm *Advanced encryption standard *Elliptic curve cryptography *Elliptic curve digital signature
7,0,0,1,0,13,10,CharisSIL,6.376100063323975,284.16,257.49,518.28,272.43,257.49,521.27,284.16,76.99,Their scheme uses blockchain to record the functionalities of the to provide transparency.
7,0,0,1,0,7,10,CharisSIL,6.376100063323975,42.12,303.64,102.29,318.59,303.64,475.11,42.12,492.98,Guehguih et al. [ 39 ] (2019)
7,0,0,1,0,9,10,CharisSIL,6.376100063323975,145.71,303.64,227.6,335.72,303.64,457.98,145.71,367.67,*Blockchaining *Public key infrastructure *Elliptic curve cryptography *Hash function
7,0,0,1,0,32,10,CharisSIL,6.376100063323975,284.16,303.64,550.82,327.16,303.64,466.55,284.16,44.46,The scheme is free from deployment and is secured against bogus and impersonation attack. The scheme stores the event messages in the blockchain increasing the efficiency but does not support batch authentication.
7,0,0,1,0,16,10,CharisSIL,6.376100063323975,42.12,341.23,246.77,364.74,341.23,428.96,42.12,348.5,Zheng et al. [ 42 ] (2019) *Elliptic curve cryptography (ECC) *Public key infrastructure *Hash functions
7,0,0,1,0,42,10,CharisSIL,6.376100063323975,42.12,341.23,537.91,385.19,341.23,408.51,42.12,57.36,Their scheme provides secure and anonymous authentication along with the privacy preservation. Blockchain holds the messages to be sent by the vehicles and forbids the distribution of malicious message and also reduces the storage overheads. Gayathri et al. [ 15 ] (2018)
7,0,0,1,0,9,10,CharisSIL,6.376100063323975,145.71,370.25,242.1,393.76,370.25,399.94,145.71,353.17,*Elliptic curve cryptography *Elliptic curve discrete logarithm problem (ECDLP)
7,0,0,1,0,46,10,CharisSIL,6.376100063323975,42.12,370.25,550.87,422.78,370.25,370.92,42.12,44.41,"Their scheme is pairing-free certificateless authentication scheme with batch verification. It faces communication overheads due to revocation list traveling from the to and , and might suffer from capture attack. Tzeng et al. [ 33 ] (2017) *Modules for each phase *Small exponent test *Bilinear pairing"
7,0,0,1,0,58,10,CharisSIL,6.376100063323975,42.12,399.27,543.93,486.07,399.27,307.63,42.12,51.35,"Their scheme is a identity based batch verification scheme that is resistant to replay attacks. But with large number of vehicles, their scheme can be inefficient due to use of vectors in batch verification. Jiang et al. [ 37 ] (2016) *Bilinear pairing *Hash based message authentication code *Elliptic curve discrete logarithm problem (ECDLP) *Computational Diffie–Hellman problem (CDH)"
7,0,0,1,0,33,10,CharisSIL,6.376100063323975,284.16,428.28,543.8,451.8,428.28,341.9,284.16,51.48,"Their scheme provides authentication, conditional privacy, identity revocation, backward privacy, message integrity and supports batch verification. It is not scalable, has storage overheads and suffers from Denial of Service (DoS) attack on ."
7,0,0,1,0,13,10,CharisSIL,6.376100063323975,42.12,491.57,228.13,506.52,491.57,287.18,42.12,367.14,Zhong et al. [ 35 ] (2016) *Elliptic curve cryptography *Discrete logarithm problem
7,0,0,1,0,34,10,CharisSIL,6.376100063323975,42.12,491.57,547.31,544.1,491.57,249.6,42.12,47.97,"Their batch verification scheme provides authentication and it follows conditional privacy by being unlinkable yet traceable, non repudiation. Bayat et al. [ 18 ] (2015) *Elliptic curve cryptography *Computational Diffie–Hellman problem (CDH) *Bilinear pairing"
7,0,0,1,0,29,10,CharisSIL,6.376100063323975,284.16,512.02,541.1,535.54,512.02,258.16,284.16,54.17,"Their authentication scheme resists replay attack, and verifies multiple messages simultaneously and preserves privacy. Their scheme has a slight computational delay in generating pseudonyms, and cannot resist modification attack."
7,0,0,1,0,182,5,CharisSIL,7.970099925994873,37.59,562.05,288.69,742.15,562.05,51.55,37.59,306.58,"which is added by registration server for every vehicle registered, authentication or authorization transaction which is read and written by service provider to authenticate the vehicle and to provide the service to the authorized vehicle. A vehicle after getting authenticated by sends the registration request to the registration server to receive pseudo identity. After sending the pseudo identity, RS adds the valid registration transaction to blockchain and removes the details. Next the vehicle sends the access request to the service provider. The service provider checks for the vehicle’s registration transaction in the blockchain to verify its authenticity. If valid, it adds an access log in the blockchain. A legitimate vehicle forms a digital signature on the service it needs and sends it to the service provider to avail the service. The service provider adds the authorization transaction in the blockchain and offers the service to the vehicle. To protect the private key in mobile devices, He et al. [ 47 ] proposed a novel two-party distributed signing protocol for the identity-based signature scheme in IEEE 1363 standard, which allows two devices to"
7,0,0,1,0,72,5,CharisSIL,7.970099925994873,306.6,562.05,557.7,633.82,562.05,159.89,306.6,37.57,"generate a valid signature without revealing the entire private key of the user. Later, Feng et al. [ 48 ] also proposed a new share conver- sion protocol and constructed the first multi-party distributed signing protocol for the identity-based signature scheme in IEEE 1363 standard. Table 1 summarizes the schemes described in related work. The table contains the information related to the cryptographic techniques applied and the limitations, benefits of the schemes."
7,1,0,1,0,4,5,CharisSIL-Bold,7.970099925994873,306.6,648.59,400.36,656.56,648.59,137.15,306.6,194.91,3. The proposed scheme
7,0,0,1,0,67,5,CharisSIL,7.970099925994873,306.6,670.65,557.7,742.15,670.65,51.55,306.6,37.57,"In this section, we propose a new blockchain-enabled privacy- preserving batch authentication in AI-envisioned IoV-based smart city environment. In short, we call this scheme as BBAS-IoV. BBAS-IoV follows the architecture described in Section 1.1 . We assume that the trusted authorities ( ) have high computational power and are unconditionally secured. The proposed BBAS-IoV has following phases: (1) initial setup phase, (2) vehicle and registration, (3) message"
8,0,1,1,0,7,11,CharisSIL-Italic,6.375999927520752,416.83,33.65,558.29,44.08,33.65,749.62,416.83,36.99,Journal of Systems Architecture 113 (2021) 101877
8,0,1,1,0,4,10,CharisSIL-Italic,6.376100063323975,37.59,36.3,78.55,42.68,36.3,751.02,37.59,516.72,P. Bagga et al.
8,0,0,1,0,48,10,CharisSIL,6.376100063323975,37.59,64.05,254.18,162.69,64.05,631.02,37.59,341.09,"Notations and their meanings. Symbol Description Trusted authority Road Side Unit th vehicle in any cluster th cluster of vehicles of Unique identity of vehicle Unique identity of , managing cluster Pseudo identity of ( , 𝑝𝑟 ) Public and private keys pair of Public key of vehicle"
8,0,1,1,0,6,17,STIXMath-Regular,5.1008600234985355,42.12,165.43,74.67,174.67,165.43,619.03,42.12,520.6,"( 0 , 𝑝𝑝 1 )"
8,0,0,1,0,32,10,CharisSIL,6.376100063323975,129.04,165.6,233.56,226.64,165.6,567.06,129.04,361.71,Partial private key pair of a vehicle Private key of a vehicle Public key of an Private key of an Certificate for vehicle Signature generated by Group key for members of cluster
8,0,1,1,1,4,17,STIXMath-Regular,5.100833415985107,46.8,228.65,59.1,236.32,228.65,557.38,46.8,536.18,"1 , 𝐺 2"
8,0,0,1,0,12,10,CharisSIL,6.376100063323975,129.04,228.83,242.65,243.77,228.83,549.93,129.04,352.63,"An additive group and a multiplicative group of prime order , respectively."
8,0,0,1,0,4,17,CharisSIL,5.419650077819824,129.04,245.96,180.84,253.45,245.96,540.25,129.04,414.43,A generator of 1
8,0,0,1,0,30,10,CharisSIL,6.376100063323975,45.8,254.53,206.12,288.24,254.53,505.46,45.8,389.16,", Random nonces chosen by , , Random nonces chosen by Random nonces chosen by ( ) , 𝐻 0 ( ) , 𝐻 1 ( ) , Secure cryptographic"
8,0,1,1,1,13,17,STIXMath-Regular,5.854400071230802,47.69,290.25,90.53,297.92,290.25,495.78,47.69,504.74,"2 ( ) , 𝐻 3 ( ) , 𝐻 4 ( )"
8,0,0,1,0,60,10,CharisSIL,6.376100063323975,51.8,290.43,284.14,383.21,290.43,410.49,51.8,311.13,"One-way hash functions , 𝑇𝑆 Current system timestamps generated by and respectively ( ) Signature generation algorithm in the elliptic curve digital signature algorithm (ECDSA) ( ) Signature verification algorithm in ECDSA ( )∕ ( ) ECC-based public key encryption/decryption function ( )∕ ( ) Symmetric key encryption/decryption function Maximum transmission delay Modular multiplication of elements 𝑥, 𝑦 Data concatenation"
8,0,0,1,0,258,5,CharisSIL,7.970099925994873,37.59,412.12,288.69,662.45,412.12,131.25,37.59,306.58,"signing phase, (4) batch authentication phase, (5) group key manage- ment phase, (6) blockchain formation phase, (7) AI-based secure big data analytics using blockchain phase, and (8) dynamic nodes addition phase. The notations used through out the description of the scheme is described in Table 2 . To protect the replay attacks against an adversary, we apply the system current timestamps. For this goal, it is an assumption that all the involved entities in the network are synchronized with their clocks. It is a typical assumption that is applied in the design of many authentication protocols in various networking environments [ 49 59 ]. In this paper, a dynamic clustering approach suggested by Kakkasageri and Manvi [ 60 ] has been considered to generate various clusters of vehicles on the fly. Their approach allows the cluster members to be initially picked based on the ‘‘relative speed of vehicles’’ along with the ‘‘direction for dynamic clustering’’. After that a cluster head may be picked among the available cluster members based on various metrics, such as ‘‘connectivity degree’’, ‘‘average speed’’ and ‘‘time to leave the road intersection’’. They also pointed out that the cluster members with similar mobility pattern can later reconnect with the cluster head after ‘‘passing an intersection of the lane’’. Their simulation study showed that the cluster formation stage was efficient. Hence, we consider here the dynamic clusters as it was the case in [ 50 ] because the clusters are dynamically formed. Various phases associated with the proposed BBAS-IoV are elabo- rated in the subsections below."
8,0,1,1,0,4,5,CharisSIL-Italic,7.970099925994873,37.59,673.94,115.45,681.91,673.94,111.79,37.59,479.83,3.1. Initial setup phase
8,0,0,1,0,52,5,CharisSIL,7.970099925994873,37.59,693.76,288.68,742.15,693.76,51.55,37.59,306.59,This phase is performed by all the fully trusted TAs ( ) to set up the system parameters. Suppose the manages registering of the vehicles containing in a particular zone of the smart city. It performs the following steps to generate the system parameters and compute its public and private keys pair.
8,0,1,1,0,67,17,STIXMath-Regular,7.68545709337507,320.81,55.42,557.69,107.65,55.42,686.05,320.81,37.59,"1 : The first chooses a non-singular elliptic curve ( 𝑢, 𝑣 ) of the form: 2 = 3 + + (mod ) such that 4 3 + 27 2 0 (mod ) . Next, the picks an additive group 1 with point at infinity and a multiplicative group 2 with identity 1 of prime order . It selects as a randomly-chosen generator of 1 and as"
8,0,0,1,0,11,17,CharisSIL,6.9738500118255615,330.51,108.2,557.68,118.16,108.2,675.54,330.51,37.6,a bilinear mapping : 1 1 2 with the following three
8,0,0,1,0,6,5,CharisSIL,7.970099925994873,330.51,118.71,397.91,126.68,118.71,667.02,330.51,197.37,"properties [ 61 , 62 ]:"
8,1,1,1,0,19,17,CharisSIL-Bold,7.804058273633321,346.46,135.17,557.69,144.84,135.17,648.86,346.46,37.59,"Bilinearity : For all 𝑃, 𝑄, 𝑅 1 , ( + 𝑄, 𝑅 ) = ( 𝑃, 𝑅 )"
8,0,1,1,0,43,5,STIXMath-Regular,7.970099925994873,350.44,145.68,557.69,164.38,145.68,629.32,350.44,37.59,"( 𝑄, 𝑅 ) and ( 𝑃, 𝑄 + ) = ( 𝑃, 𝑄 ) ( 𝑃, 𝑅 ) . In general, for all 𝑎, 𝑏 = {1 , 2 , , 𝑞 −1} , ( ) = ( 𝑃, 𝑄 ) ."
8,1,1,1,0,15,17,CharisSIL-Bold,7.305924932161967,346.46,169.05,556.69,180.72,169.05,612.98,346.46,38.58,"Non-degeneracy : ( 𝑃, 𝑃 ) 1 1 for all 1 , where 1 1"
8,0,0,1,0,6,17,CharisSIL,7.305933316548665,350.44,179.78,423.74,189.24,179.78,604.47,350.44,171.53,is the identity in 1 .
8,1,0,1,0,9,5,CharisSIL-Bold,7.970099925994873,346.46,190.74,557.68,198.73,190.74,594.97,346.46,37.6,Computability : There is an efficient algorithm to compute
8,0,1,1,0,61,17,STIXMath-Regular,7.68545709337507,320.81,201.03,557.7,278.69,201.03,515.02,320.81,37.58,"( 𝑃, 𝑄 ) for all 𝑃, 𝑄 1 . 2 : then randomly selects , ∈{0 , 1} and sets as its private key. It then uses its private key to compute its public key as = , where denotes the ‘‘elliptic curve point (scalar) multiplication’’ with which is defined as repeated ‘‘elliptic curve point addition’’: = + + +"
8,0,0,1,0,8,17,STIXMath-Regular,7.305933316548665,320.81,294.8,557.71,304.26,294.8,489.44,320.81,37.57,"3 : Further, selects six ‘‘one-way collision-resistant crypto-"
8,0,1,1,0,9,5,CharisSIL,7.970099925994873,330.51,305.09,493.86,313.28,305.09,480.42,330.51,101.42,"graphic hash functions’’ defined by : {0 , 1}"
8,0,1,1,1,30,7,CharisSIL,7.173099994659424,330.51,305.09,557.69,335.79,305.09,457.91,330.51,37.59,", 0 , 𝐻 4 : {0 , 1} 1 , 1 : 1 1 , 2 : {0 , 1} 1 , 3 : {0 , 1} 1 1"
8,0,0,1,0,3,17,STIXMath-Regular,6.9738500118255615,320.81,339.19,357.01,348.65,339.19,445.05,320.81,238.27,"4 : Finally,"
8,0,0,1,0,52,5,CharisSIL,7.970099925994873,330.51,339.19,557.69,368.18,339.19,425.52,330.51,37.58,"publicly publishes { 1 , 𝐺 2 , 𝑒, 𝐺, 𝐸 ( 𝑢, 𝑣 ) , 𝑋 , , ℎ ( ) , 𝐻 0 ( ) , 𝐻 1 ( ) , 𝐻 2 ( ) , 𝐻 3 ( ) , 𝐻 4 ( )} as the system param- eters."
8,0,1,1,0,3,5,CharisSIL-Italic,7.970099925994873,306.6,381.83,384.68,389.8,381.83,403.9,306.6,210.6,3.2. Registration phase
8,0,0,1,0,24,5,CharisSIL,7.970099925994873,306.6,403.22,557.69,432.22,403.22,361.48,306.6,37.59,"In the registration phase, the s are responsible for registering the vehicles and RSUs prior to their deployment in the IoV-enabled smart city environment."
8,0,1,1,0,107,5,CharisSIL-Italic,7.970099925994873,306.6,445.87,557.7,538.05,445.87,255.65,306.6,37.58,"3.2.1. Vehicle registration Suppose manages a group of vehicles 1 , 2 , , 𝑉 that belong to a particular region of a smart city. registers each vehicle , ( = 1 , 2 , , 𝑛 ) before deploying them in the network. In this phase, chooses a unique identity and a public key for the vehicle . It also performs some computations to generate a partial private key for each . At the end of the phase, handovers a pseudo identity, hashed public key, partial private keys packed in a certificate to the vehicle . The steps involved in the phase are described as follows."
8,0,0,1,0,174,17,STIXMath-Regular,7.471974968910217,320.81,548.22,557.7,742.15,548.22,51.55,320.81,37.58,"1 : generates a random unique identity for any vehicle of the region of the smart city. It then calculates pseudo identity corresponding to its unique identity by = 0 ( ) . 2 : chooses a random key for vehicle . It then cal- culates the public key corresponding to as = 1 ( ) . 3 : also computes the partial private key pair for each vehicle as 0 = and 1 = . 4 : Next, generates a random secret and computes = for . Further, computes a certificate for vehicle as = + ( ) ∗ (mod ) . 5 : loads the credentials { , , , ( 0 , 1 ) , , ( ) , 0 ( ) , 1 ( ) , 2 ( ) , 3 ( ) , 4 ( )} in the tamper- resistant on-board unit (OBU) of the vehicle before its deploy- ment in the smart city environment. In addition, also deletes the private key in order to thwart against privileged-insider attack."
9,0,1,1,0,7,11,CharisSIL-Italic,6.375999927520752,416.83,33.65,558.29,44.08,33.65,749.62,416.83,36.99,Journal of Systems Architecture 113 (2021) 101877
9,0,1,1,0,4,10,CharisSIL-Italic,6.376100063323975,37.59,36.3,78.55,42.68,36.3,751.02,37.59,516.72,P. Bagga et al.
9,0,0,1,0,7,17,STIXMath-Regular,7.305933316548665,51.8,55.64,186.85,65.1,55.64,728.61,51.8,408.43,6 : chooses a random private key
9,0,0,1,0,13,5,CharisSIL,7.970099925994873,61.5,55.64,288.68,73.62,55.64,720.08,61.5,306.6,", computes the corresponding public key = , and sets its private key"
9,0,1,1,0,53,17,CharisSIL,7.372339916229248,61.5,75.44,288.67,105.14,75.44,688.56,61.5,306.6,"as { , ( 0 , 𝑝𝑝 1 )} . Finally, the tamper-resistant of contains the information { , , , , ( 0 , 1 ) , , , ( ) , 0 ( ) , 1 ( ) , 2 ( ) , 3 ( ) , 4 ( )} ."
9,0,1,1,0,57,5,CharisSIL-Italic,7.970099925994873,37.59,114.8,288.67,191.1,114.8,602.6,37.59,306.6,"3.2.2. RSU registration is also responsible to register all the RSUs that are under its region. registers an , say which falls under a region of the smart city by executing following steps. 1 : generates a random unique identity for an and calculates pseudo identity corresponding to its unique identity by = 0 ( ) ."
9,0,0,1,0,6,17,STIXMath-Regular,7.305933316548665,51.8,194.15,165.67,203.6,194.15,590.1,51.8,429.61,2 : chooses a random key
9,0,0,1,0,13,5,CharisSIL,7.970099925994873,61.5,194.15,288.68,213.62,194.15,580.08,61.5,306.59,and calculates its respective public key for as = 1 ( ) .
9,0,0,1,0,7,17,STIXMath-Regular,7.305933316548665,51.8,216.67,191.53,226.12,216.67,567.58,51.8,403.74,3 : also generates a random secret
9,0,0,1,0,78,5,CharisSIL,7.970099925994873,51.8,216.67,288.68,307.23,216.67,486.47,51.8,306.6,"and computes = . Furthermore, computes a certificate for as = + ( ) ∗ (mod ) . 4 : then loads the credentials { , , , , ( ) , 0 ( ) , 1 ( ) , 2 ( ) , 3 ( ) , 4 ( )} in the memory of prior to its deployment in the smart city region. In addition, also deletes the private key in order to thwart against privileged-insider attack."
9,0,0,1,0,5,17,STIXMath-Regular,7.305933316548665,51.8,310.04,146.31,319.49,310.04,474.21,51.8,448.97,5 : chooses a random
9,0,0,1,0,50,5,CharisSIL,7.970099925994873,37.59,310.04,288.68,367.16,310.04,426.54,37.59,306.6,"and sets it as its secret key, and computes the public key = . Finally, contains the information { , , , , , ( ) , 0 ( ) , 1 ( ) , 2 ( ) , 3 ( ) , 4 ( )} . 3.3. Signing phase"
9,0,1,1,0,191,17,CharisSIL,7.527322186364068,37.59,378.56,288.68,567.3,378.56,226.4,37.59,306.59,"Assume that a cluster has vehicles, say 1 , 2 , , 𝑉 and their , say , where the cluster can be formed using the methods described in [ 50 , 60 ]. This phase is performed by all the vehicles 1 , 2 , , 𝑉 of the cluster . In this phase, each vehicle broadcasts a hello message to all the neighboring vehicles and its corresponding . We solve two purposes by executing this phase. First, each vehicle in the cluster knows about the fellow vehicles of the same cluster. Secondly, after receiving hello messages from all the vehicles of a cluster, authenticates the vehicles in a batch before receiving any traffic related information from them. We describe authentication in the next section. The steps executed by any vehicle of the cluster coming under the scope of is described as follows. 1 : Vehicle randomly chooses a random nonce and generates the current timestamp value as . It then forms = { , , , , , , , } . 2 : To compute a signature on , vehicle randomly chooses two fresh random nonces as ,"
9,0,0,1,0,5,17,CharisSIL,6.973833243052165,194.73,559.3,273.03,570.04,559.3,223.66,194.73,322.25,. It computes 1 =
9,0,0,1,0,12,17,STIXMath-Regular,7.638011031680637,61.5,569.31,288.67,580.77,569.31,212.93,61.5,306.6,"( + ) and 2 = ( ) . Furthermore, it com-"
9,0,0,1,0,16,17,CharisSIL,6.911574959754944,61.5,579.33,288.67,590.06,579.33,203.64,61.5,306.6,putes 2 = 2 ( 1 ) and 3 = 3 ( 1 2 ) .
9,0,0,1,0,20,5,CharisSIL,7.970099925994873,61.5,589.37,288.68,608.83,589.37,184.87,61.5,306.59,"Then, it uses the public parameter published by to compute = 4 ( ) . After these computations, it finally"
9,0,0,1,0,28,17,CharisSIL,7.416622161865234,51.8,609.36,288.67,642.23,609.36,151.47,51.8,306.6,"generates a signature on as = ( + 2 ) ( 0 + 1 ) +( + 3 ) . 3 : Lastly, vehicle broadcasts the hello message"
9,0,0,1,0,12,17,STIXMath-Regular,7.222899913787842,61.5,645.39,288.68,656.13,645.39,137.57,61.5,306.6,"{ , 1 , 2 , } to its cluster members including"
9,0,1,1,0,3,5,CharisSIL-Italic,7.970099925994873,37.59,674.55,124.94,682.52,674.55,111.19,37.59,470.34,3.4. Authentication phase
9,0,0,1,0,49,5,CharisSIL,7.970099925994873,37.59,694.13,288.68,742.15,694.13,51.55,37.59,306.6,"We describe authentication procedure in two instant scenarios: (a) vehicle to vehicle (V2V) authentication that is between two vehicles of the same cluster, and (b) vehicle to (V2RSU) authentication that is performed between a vehicle and its in a cluster. The following sections describe both the scenarios in detail."
9,0,1,1,0,36,5,CharisSIL-Italic,7.970099925994873,306.61,55.63,557.7,106.1,55.63,687.6,306.61,37.58,"3.4.1. V2V authentication In V2V authentication, if any vehicle receives the broadcasted hello message from its neighbor , it authenticates and verifies the signature received in the message. The following steps are performed in this phase:"
9,0,0,1,0,23,17,STIXMath-Regular,7.258485657828195,320.81,114.78,557.69,136.81,114.78,656.89,320.81,37.59,"1 : Suppose receives a hello message = { , 1 , 2 , } from its neighbor vehicle . After reception of"
9,0,0,1,0,12,5,CharisSIL,7.970099925994873,351.73,136.5,557.68,157.95,136.5,635.75,351.73,37.6,"at time , first verifies the received timestamp by the condition: |"
9,0,0,1,0,52,5,STIXMathExtensions-Regul,7.970099925994873,330.52,146.66,557.7,220.02,146.66,573.68,330.52,37.58,"| , where is the maximum transmission delay associated with a message. If the timestamp is valid, further validates the certificate of attached in the message by the condition: = + ( ) . If the certificate is legitimate, the next step is followed; otherwise, the phase is instantly terminated by ."
9,0,0,1,0,27,17,STIXMath-Regular,6.907426643371582,320.81,223.05,557.68,244.18,223.05,549.52,320.81,37.59,"2 : computes 2 = 2 ( 1 ) and 3 = 3 ( 1 2 ) . Then, it uses the public parameter published by the"
9,0,0,1,0,68,17,CharisSIL,7.6380166212717695,306.61,243.84,557.69,358.65,243.84,435.05,306.61,37.59,"to compute = 4 ( ) . 3 : verifies the signature by using bilinear pairing through the following equation: ( ) = ( 1 + 2 ( + )) ( 2 + 3 ) . If the signature is valid, knows about the presence of legiti- mate vehicle in its cluster. Similarly, all other vehicles come to know about the other neighboring vehicles present in their cluster."
9,0,1,1,0,81,5,CharisSIL-Italic,7.970099925994873,306.61,371.33,557.7,464.88,371.33,328.83,306.61,37.58,"3.4.2. Batch authentication Vehicle to (V2RSU) authentication is the process where receives the broadcasted hello message(s) from one or more vehicles present under its cluster. In order to save time and lower the computational overheads, we propose a batch authentication in which authenticates all the vehicles 1 , 2 , , 𝑉 of a cluster simultaneously. When all the vehicles broadcast their hello messages, receives signatures from vehicles 1 , 2 , , 𝑉 of the cluster . Thus, the signatures"
9,0,0,1,0,22,17,CharisSIL,7.258485657828195,306.61,465.81,557.69,485.67,465.81,308.03,306.61,37.59,"received by are 1 , 2 , , on 1 , 2 , , from 1 , 2 , , , respectively."
9,0,0,1,0,9,5,CharisSIL,7.970099925994873,306.61,486.61,557.68,504.98,486.61,288.73,306.61,37.59,performs the following steps to authenticate the received message(s):
9,0,0,1,0,9,17,STIXMath-Regular,7.305933316548665,320.81,513.76,512.78,523.22,513.76,270.48,320.81,82.5,1 : After reception of the messages at time
9,0,0,1,0,10,5,CharisSIL,7.970099925994873,330.52,513.76,557.69,545.57,513.76,248.13,330.52,37.58,", first verifies the received timestamp by the condition: |"
9,0,1,1,0,54,17,STIXMathExtensions-Regul,7.471974968910217,320.81,534.28,557.69,577.58,534.28,216.12,320.81,37.58,"| for all vehicles 1 , 2 , , 𝑉 . If the times- tamp validation is successful, proceeds to the next step. 2 : To verify all the signatures, chooses random 1 , 2 , , 𝑤 . Then, for all = 1 , 2 , , 𝑛 , it calculates 2 ="
9,0,0,1,0,14,17,STIXMath-Regular,6.820569185110239,337.47,578.49,557.69,589.23,578.49,204.47,337.47,37.59,"2 ( 1 ) and 3 = 3 ( 1 2 ) . Furthermore,"
9,0,0,1,0,14,5,CharisSIL,7.970099925994873,330.52,589.9,557.69,609.75,589.9,183.95,330.52,37.58,it uses the public parameter published by to compute = 4 ( ) .
9,0,0,1,0,13,17,STIXMath-Regular,6.9738500118255615,320.81,613.67,557.69,623.12,613.67,170.58,320.81,37.59,3 : The validity of batch of signatures is checked by checking the
9,0,0,1,0,5,5,CharisSIL,7.970099925994873,330.52,624.06,452.62,632.03,624.06,161.67,330.52,142.66,validity of the following equation:
9,0,1,1,1,2,5,STIXMath-Regular,7.970099925994873,334.06,645.13,344.72,653.3,645.13,140.41,334.06,250.56,"( 𝐺,"
9,0,1,1,0,4,5,STIXMath-Regular,7.970099925994873,391.66,645.13,440.62,653.3,645.13,140.41,391.66,154.65,") = ( ,"
9,0,0,1,0,5,17,STIXMath-Regular,7.571599960327148,406.75,664.88,496.81,674.36,664.88,119.34,406.75,98.46,+ 2 ( + )])
9,0,1,1,0,21,17,STIXMath-Regular,7.471974968910217,330.52,705.26,557.69,741.58,705.26,52.12,330.52,37.59,"+ 3 ]) . If the verification is successful, considers all its members 1 , 2 , , 𝑉 as authentic."
10,0,1,1,0,7,11,CharisSIL-Italic,6.375999927520752,416.83,33.65,558.29,44.08,33.65,749.62,416.83,36.99,Journal of Systems Architecture 113 (2021) 101877
10,0,1,1,0,4,10,CharisSIL-Italic,6.376100063323975,37.59,36.3,78.55,42.68,36.3,751.02,37.59,516.72,P. Bagga et al.
10,1,0,1,0,14,10,CharisSIL-Bold,6.376100063323975,140.89,620.29,454.4,626.68,620.29,167.02,140.89,140.87,"Fig. 2. Signing, V2V authentication, batch authentication and group key management phases in BBAS-IoV."
10,0,1,1,0,5,5,CharisSIL-Italic,7.970099925994873,37.59,641.73,155.59,649.7,641.73,144.0,37.59,439.68,3.5. Group key management phase
10,0,0,1,0,77,5,CharisSIL,7.970099925994873,37.59,667.92,288.68,742.15,667.92,51.55,37.59,306.6,"The above described batch authentication phase allows to verify all the members of the group simultaneously. After all the members of the cluster are authenticated by , it generates a group key for the vehicles that are members of the cluster . The group key is shared with all the vehicles of the group and which is then used for further communication in the network. The steps to generate a group key executed by are as follows."
10,0,0,1,0,7,17,STIXMath-Regular,7.305933316548665,320.81,641.74,474.54,651.2,641.74,142.5,320.81,120.74,1 : initially generates a random nonce
10,0,0,1,0,18,5,CharisSIL,7.970099925994873,330.51,641.74,557.69,672.55,641.74,121.15,330.51,37.58,", a random secret key and the current timestamp value as , and computes public = .𝐺 ."
10,0,0,1,0,25,17,STIXMath-Regular,7.305933316548665,320.81,677.09,557.69,697.96,677.09,95.74,320.81,37.59,"2 : then derives the group key for the vehicles 1 , 2 , , 𝑉 which are members of the cluster using its own"
10,0,0,1,0,18,5,CharisSIL,7.970099925994873,330.51,699.92,557.69,719.31,699.92,74.39,330.51,37.59,"private key , the generated random secret key and other information received from its cluster members (vehicles) as"
10,0,0,1,0,7,17,STIXMath-Regular,5.835242748260498,351.16,722.73,556.69,733.47,722.73,60.23,351.16,38.58,= ( 1 2 1 2 1
10,0,0,1,0,3,17,STIXMath-Regular,6.973833243052165,353.4,734.15,539.33,744.89,734.15,48.81,353.4,55.95,2 ) .
11,0,1,1,0,7,11,CharisSIL-Italic,6.375999927520752,416.83,33.65,558.29,44.08,33.65,749.62,416.83,36.99,Journal of Systems Architecture 113 (2021) 101877
11,0,1,1,0,4,10,CharisSIL-Italic,6.376100063323975,37.59,36.3,78.55,42.68,36.3,751.02,37.59,516.72,P. Bagga et al.
11,0,0,1,0,11,17,STIXMath-Regular,7.305933316548665,51.8,55.64,288.67,65.1,55.64,728.61,51.8,306.6,3 : further computes the encrypted group key for all legiti-
11,0,0,1,0,64,5,CharisSIL,7.970099925994873,61.5,66.3,288.67,151.51,66.3,642.19,61.5,306.6,"mate vehicles of the cluster using each vehicle’s public key as ( ) . Finally, for each vehicle in its cluster, forms = { , , 𝑅 , 𝑅𝑁 , 𝑟𝑛 , 𝐸𝑃 ( )} and the signature on for as ,𝑉 = + ( ) ∗ (mod ) , and then sends the response message ,𝑉 = { , ,𝑉 } to ."
11,0,1,1,0,13,7,STIXMath-Regular,7.173099994659424,51.8,155.57,288.67,165.03,155.57,628.68,51.8,306.61,"4 : When a vehicle receives the message ,𝑉 , it first checks"
11,0,0,1,0,10,5,CharisSIL,7.970099925994873,61.5,166.23,288.67,187.01,166.23,606.69,61.5,306.61,the validity of the received timestamp by the condition |
11,0,0,1,0,3,5,STIXMathExtensions-Regul,7.970099925994873,125.7,175.73,179.85,187.01,175.73,606.69,125.7,415.43,"| , where"
11,0,0,1,0,31,5,CharisSIL,7.970099925994873,61.5,176.9,288.68,216.85,176.9,576.85,61.5,306.59,"denotes the received time of the message ,𝑉 . If it is valid, checks the valid- ity of the certificate of by = + ( ) . Upon successful verification of"
11,0,1,1,0,18,17,CharisSIL,7.305933316548665,61.5,219.55,288.67,239.52,219.55,554.18,61.5,306.6,", also checks the validity of the signature ,𝑉 on the received by the condition: ,𝑉 = +"
11,0,0,1,0,128,5,STIXMath-Regular,7.970099925994873,37.59,240.85,288.69,396.59,240.85,397.11,37.59,306.58,"( ) . If the signature is valid, considers as legitimate and proceeds to the next step. 5 : extracts the group key by decrypting the encrypted group key using its own private key as ( ) = [ ( )] . then checks if = and = . If both are valid, stores this group key in its memory. Similarly, all other vehicles of the cluster extract and store the same group key in their memory. It is also worth noticing that each vehicle in the cluster can use the same group key for secure communication with its neighbor vehicles, as well as for the secure communication with their . The signing, V2V authentication, batch authentication and group key management phases are summarized in Fig. 2 ."
11,0,1,1,0,7,5,CharisSIL-Italic,7.970099925994873,37.59,412.37,253.1,420.34,412.37,373.36,37.59,342.18,3.6. Incorporating batch authentication in blockchain formation
11,0,0,1,0,67,5,CharisSIL,7.970099925994873,37.59,435.12,288.69,507.47,435.12,286.23,37.59,306.58,"Through the signing, V2V authentication, batch authentication and group key management phases in the proposed scheme (BBAS-IoV), all the vehicles ( ) and their in a cluster establish a shared group key . Using this authentic group key , a vehicle can send the data securely to and also can also send the data securely to . We consider the following two types of transactions ( ,"
11,0,1,1,1,2,17,STIXMath-Italic,6.9738500118255615,62.62,510.17,76.01,519.48,510.17,274.22,62.62,519.26,",𝑉 ):"
11,1,0,1,0,9,5,CharisSIL-Bold,7.970099925994873,53.53,529.92,288.68,537.91,529.92,255.79,53.53,306.59,Transactional data from a vehicle to : This transaction
11,0,0,1,0,56,5,CharisSIL,7.970099925994873,57.51,540.58,288.69,615.77,540.58,177.93,57.51,306.59,"has the format as follows. = { , , , , = [ , , , ]} , where , , , and are the pseudo identity of , transaction creation time, information (data), pub- lic key of and signature using the ECDSA signature generation algorithm with the help of the private key of , respectively."
11,1,0,1,0,10,5,CharisSIL-Bold,7.970099925994873,53.53,621.17,288.67,629.16,621.17,164.54,53.53,306.61,Transactional data from to a vehicle : This kind of
11,0,0,1,0,5,5,CharisSIL,7.970099925994873,57.51,631.83,189.65,639.8,631.83,153.9,57.51,405.63,transaction has the following format.
11,0,1,1,1,1,12,STIXMath-Italic,5.97760009765625,82.54,645.83,87.48,651.81,645.83,141.89,82.54,507.8,",𝑉"
11,0,0,1,0,72,5,STIXMath-Regular,7.970099925994873,37.59,642.47,288.69,742.15,642.47,51.55,37.59,306.59,"= { , , , , = [ , , , ]} , where , , , and represent the pseudo identity of , transaction creation time, information (data), public key of and signature using the ECDSA signature generation algorithm with the help of the private key of , respectively. In order to create a block, and then to verify and add that block in the blockchain, the following steps are executed:"
11,0,0,1,0,308,5,CharisSIL,7.970099925994873,322.55,55.64,557.7,398.21,55.64,395.5,322.55,37.57,"Each vehicle in a cluster sends the encrypted transactions [ ] securely to its by means of encrypt- ing using the AES-128 symmetric encryption with the help of the already established group key during the batch authentication phase. On the other side, also sends the encrypted transactions [ ,𝑉 ] securely to its cluster member vehicles by encrypting using the AES-128 symmetric encryption with the help of the same established group key with its members. Next, decrypts the encrypted transactions [ ] received from its member vehicles using the group key to obtain = [ [ ]] . Assume that creates a pool of transactions, say , where ∈{ , 𝑇𝑥 ,𝑉 } . Let a block, say , be formed using transactions from the transactions pool. For this pur- pose, generates a compact signature on these transactions using the ECDSA signature generation algorithm with the help of its private key as = [{ | = 1 , 2 , , 𝑛 }] . then sends { | = 1 , 2 , , 𝑛 } to its nearby fog server, say for mining purpose in the public blockchain. Note that we do not require here to send encrypted transactions to because the blockchain is public and also in between the communication the transactions cannot be modified by an adversary as there is an attachment of the compact sig- nature. The signature cannot be created by the adversary as it requires the private key of . After receiving transactions with their compact signature, creates a partial block , say . The structure of such a block is shown in Fig. 3 . then sends the created partial block shown in Fig. 3 to a cloud server, say for mining the full block. The full block, say created by is shown in Fig. 4 . contains the following fields:"
11,1,0,1,0,8,5,CharisSIL-Bold,7.970099925994873,338.49,406.99,528.14,414.98,406.99,378.72,338.49,67.13,– Block header: This has the following components:
11,0,0,1,0,82,5,CharisSIL,7.970099925994873,366.38,423.75,557.69,536.27,423.75,257.43,366.38,37.59,": It presents the block version, which is a unique serial number. : It is the hash of the previous block in the public blockchain. : It denotes the time when the block, has been created by . : This is the Merkle tree root for all the transactions { | = 1 , 2 , , 𝑛 } stored in the block payload. : This is the public key of , which is needed for compact signature verification of the block."
11,1,1,1,0,18,5,CharisSIL-Bold,7.970099925994873,338.49,543.89,555.21,555.18,543.89,238.53,338.49,40.07,"– Block payload : The payload contains { | = 1 , 2 , , 𝑛 } ."
11,0,0,1,0,154,5,CharisSIL,7.970099925994873,326.53,556.08,557.7,725.88,556.08,67.82,326.53,37.57,": This field is the compact signature on the block transactions, { | = 1 , 2 , , 𝑛 } . : This is the hash of the current entire block includ- ing . applies the voting based consensus algorithm as described in Algorithm 1 , which is based on the widely-used ‘‘Practical Byzantine Fault Tolerance (PBFT) consensus algorithm’’ [ 26 ]. We assume that the each cloud server has its own ECC-based private–public keys pair ( , = ) , where is the private key and is made public to all other cloud servers in the P2P CS network. At first, a leader, say is selected among a group of Peer-to-Peer (P2P) cloud servers network in the blockchain center using the existing leader selection algorithm provided in [ 63 ]. later sends the block to its peer nodes. Next, via block verification the block is committed and added in the public blockchain."
12,0,1,1,0,7,11,CharisSIL-Italic,6.375999927520752,416.83,33.65,558.29,44.08,33.65,749.62,416.83,36.99,Journal of Systems Architecture 113 (2021) 101877
12,0,1,1,0,4,10,CharisSIL-Italic,6.376100063323975,37.59,36.3,78.55,42.68,36.3,751.02,37.59,516.72,P. Bagga et al.
12,1,0,1,0,12,10,CharisSIL-Bold,6.376100063323975,64.5,159.52,261.76,165.91,159.52,627.79,64.5,333.51,"Fig. 3. Structure of a partial block, by a fog server ."
12,1,0,1,0,12,10,CharisSIL-Bold,6.376100063323975,64.53,318.69,261.73,325.08,318.69,468.62,64.53,333.54,"Fig. 4. Structure of a full block, by a cloud server ."
12,0,1,1,0,8,5,CharisSIL-Italic,7.970099925994873,37.59,351.26,227.13,359.23,351.26,434.47,37.59,368.14,3.7. AI-based secure big data analytics using blockchain
12,0,0,1,0,369,5,CharisSIL,7.970099925994873,37.59,371.87,288.7,742.15,371.87,51.55,37.59,306.57,"For smart applications such as smart city, data trading, device per- sonalization and product manufacturing, IoV produces huge amount of data everyday. The data is so enormous and complex that it cannot be processed by present traditional data processing solutions. Blockchain is one such kind of technology that stores huge amount of data within distributed ledger. The centerpieces of the blockchaining like immutability, decentralization, and transparency make it the one of the potential choices for such scenarios. But due to decentralization, public blockchains are prone to various security issues, such as majority attack, fake identity generation through Sybil attack to change or con- trol the consensus voting, double-spending attacks, client-side security threats, and mining pool attacks [ 64 , 65 ]. To address the above concerns, the latest trends and revolutions in technologies incorporate Artificial Intelligence (AI)/Machine Learning (ML) in blockchaining to produce a secure, efficient and intelligent blockchain based system. ML is a branch of science that deals in making a computer learn through past experiences, supervised or unsupervised learning without any program or human interventions. It possesses high power data processing capabilities. The combination of both the technologies works by keeping blockchain as an integral part of the system, and adopts ML/AI algorithms to upgrade efficiency and security of an application. ML can be used to detect any data security issue and monitor blockchain system, for predictions and decision making [ 66 ]. Blockchain ensures the security of data by building in confidence where as AI/ML identifies untrusted nodes based on past learning and experiences. The technology sounds promising in the cases where deterministic algorithms are not up to the mark in terms of security and efficiency [ 67 ]. In IoV paradigm, the AI/ML algorithm works by taking huge amount of data, called as Big data, collected from various deployed sensors, vehicles and other entities stored on a blockchain as input, analyzing it statistically by applying Big data analytic without the use of human intervention, and produces predictions or decisions as an output quickly and accurately. Big data analytics basically enhances the capability of final decision making on the trusted huge volume of data. The combi- nation of Big data, blockchain and AI/ML technologies addresses the"
12,0,0,1,0,8,5,CharisSIL,7.970099925994873,306.6,55.11,557.7,73.54,55.11,720.16,306.6,37.58,Consensus for block verification and addition in blockchain
12,1,1,1,0,9,7,CharisSIL-Bold,7.173099994659424,306.6,75.55,557.69,82.94,75.55,710.76,306.6,37.59,"Input: A full block, = { , 𝑃𝐵 ,"
12,0,1,1,0,41,7,STIXMath-Regular,7.173099994659424,306.6,84.26,557.69,111.61,84.26,682.09,306.6,37.59,"{ | = 1 , 2 , , 𝑛 } } ; private–public key pairs ( , = ) of all other cloud servers in the P2P CS network; : number of faulty cloud servers (nodes) in the P2P CS network."
12,1,0,1,0,5,7,CharisSIL-Bold,7.173099994659424,306.6,114.01,439.6,121.2,114.01,672.51,306.6,155.67,Output: Commitment for block addition.
12,0,0,1,0,14,7,CharisSIL,7.173099994659424,309.17,134.57,535.21,151.31,134.57,642.4,309.17,60.06,"1: generates a random number , a current timestamp and a voting request ."
12,1,0,1,0,8,7,CharisSIL,7.173099994659424,309.17,153.7,450.64,160.89,153.7,632.81,309.17,144.64,2: for each peer cloud server node do
12,0,0,1,0,36,7,CharisSIL,7.173099994659424,309.17,163.26,557.69,199.13,163.26,594.57,309.17,37.58,"3: encrypts , and using the ECC-based encryption algorithm with the help of the public key of as = [ , 𝑇𝑆 ] and sends a block verification request message { } to via open channel."
12,1,0,1,0,14,7,CharisSIL,7.173099994659424,309.17,201.52,497.39,218.27,201.52,575.43,309.17,97.89,4: end for 5: for each follower node in the P2P CS network do
12,0,0,1,0,20,7,CharisSIL,7.173099994659424,309.17,220.65,536.01,248.88,220.65,544.82,309.17,59.26,6: Let the message { } be received at time by . 7: checks validity of by the condition: |
12,0,0,1,0,3,7,STIXMathExtensions-Regul,7.173099994659424,309.17,238.72,554.74,256.51,238.72,537.19,309.17,40.53,| . 8:
12,1,0,1,0,5,7,CharisSIL-Bold,7.173099994659424,326.77,249.34,411.83,256.53,249.34,537.17,326.77,183.45,if timestamp is valid then
12,0,0,1,0,18,7,CharisSIL,7.173099994659424,306.6,258.9,557.69,285.2,258.9,508.5,306.6,37.59,"9: decrypts using its own private key to retrieve [ , 𝑇𝑆 ] = [ ] . 10:"
12,1,0,1,0,3,7,CharisSIL-Bold,7.173099994659424,336.21,278.05,409.93,285.22,278.05,508.48,336.21,185.35,if = then
12,0,0,1,0,8,7,CharisSIL,7.173099994659424,306.6,287.6,557.69,313.9,287.6,479.8,306.6,37.59,11: verifies and on the block . 12:
12,1,0,1,0,8,7,CharisSIL-Bold,7.173099994659424,344.18,306.72,506.25,313.91,306.72,479.79,344.18,89.03,if all the verifications by are successful then
12,0,0,1,0,32,7,CharisSIL,7.173099994659424,306.6,316.29,557.7,371.28,316.29,422.42,306.6,37.58,"13: sends a voting response cum block verification sta- tus message { [ ]} to the leader , where and are the voting response corresponding to and block verification status, respectively. 14:"
12,1,0,1,0,5,7,CharisSIL-Bold,7.173099994659424,306.6,383.25,348.42,399.99,383.25,393.71,306.6,246.85,end if 17: end for
12,0,0,1,0,12,7,CharisSIL,7.173099994659424,306.6,402.34,557.69,409.54,402.34,384.16,306.6,37.59,"18: Initialize = 0 , where represents the number of valid votes."
12,1,0,1,0,11,7,CharisSIL,7.173099994659424,306.6,421.47,530.09,428.68,421.47,365.02,306.6,65.19,19: for each voting response cum block verification status message {
12,1,0,1,0,7,7,STIXMath-Regular,7.173099994659424,410.42,431.03,541.31,438.25,431.03,355.45,410.42,53.97,]} from the follower peer nodes do
12,0,0,1,0,21,7,CharisSIL,7.173099994659424,306.6,440.62,557.69,476.49,440.62,317.21,306.6,37.59,"20: decrypts the message using its own private key to re- trieve [ ] = [ [ , ]] . 21:"
12,1,0,1,0,3,7,CharisSIL-Bold,7.173099994659424,328.24,469.29,341.58,476.5,469.29,317.2,328.24,253.69,if ( (
12,0,0,1,0,11,7,STIXMath-Regular,7.173099994659424,361.37,469.29,557.69,476.49,469.29,317.21,361.37,37.59,= ) and ( = ) and ( = ) )
12,0,0,1,0,7,7,CharisSIL,7.173099994659424,306.6,488.44,418.4,505.18,488.44,288.52,306.6,176.88,22: Set = + 1 . 23:
12,1,0,1,0,14,7,CharisSIL-Bold,7.173099994659424,306.6,498.02,419.47,524.33,498.02,269.38,306.6,175.8,end if 24: end for 25: if ( 2 ∗ + 1 ) then
12,0,0,1,0,16,7,CharisSIL,7.173099994659424,306.6,526.7,509.47,543.44,526.7,250.26,306.6,85.8,26: Add the block to the blockchain. 27: Broadcast commitment message to the P2P CS network.
12,1,0,1,0,3,7,CharisSIL,7.173099994659424,306.6,545.83,340.45,553.02,545.83,240.68,306.6,254.82,28: end if
12,0,0,1,0,157,5,CharisSIL,7.970099925994873,306.6,582.29,557.73,742.15,582.29,51.55,306.6,37.55,"issues like identifying blockchain breaches automatically, detects the cybercrime activities in bitcoin system, and enhances the capabilities of an application by making it faster and smarter and building exactly trained ML models to bring out advantages [ 68 ]. There exists a potential attack in AI/ML security, known as ‘‘data poisoning attack’’ [ 64 ], in which malicious data can be injected by illegal users to delude the ‘‘training data sets for puzzling AI/ML algorithms’’. This may lead to ‘‘incorrect predications’’ on data sets. As a result, such an attack may play a crucial factor for damaging the businesses and organizations for ‘‘financial terms’’. In proposed BBAS-IoV, the transactions {( , ,𝑉 )} stored in the public blockchain are genuine and authentic as the signature verification and block verification assure the legitimacy of these transactions. This suggests that data poising attacks are prevented from injecting mali- cious transactions in the blocks. Thus, the authentic and genuine data"
13,0,1,1,0,7,11,CharisSIL-Italic,6.375999927520752,416.83,33.65,558.29,44.08,33.65,749.62,416.83,36.99,Journal of Systems Architecture 113 (2021) 101877
13,0,1,1,0,4,10,CharisSIL-Italic,6.376100063323975,37.59,36.3,78.55,42.68,36.3,751.02,37.59,516.72,P. Bagga et al.
13,0,0,1,0,21,5,CharisSIL,7.970099925994873,37.59,55.64,288.67,74.62,55.64,719.08,37.59,306.61,containing in the blocks in the blockchain in the proposed BBAS-IoV are then useful for correct predictions on the data sets.
13,0,1,1,0,5,5,CharisSIL-Italic,7.970099925994873,37.59,95.29,157.28,103.26,95.29,690.44,37.59,437.99,3.8. Dynamic nodes addition phase
13,0,0,1,0,23,5,CharisSIL,7.970099925994873,37.59,121.19,288.68,140.17,121.19,653.53,37.59,306.6,"The phase allows the respective , say to dynamically register new vehicles and new RSUs in a particular region of the smart city."
13,0,1,1,0,28,5,CharisSIL-Italic,7.970099925994873,37.59,160.83,288.67,202.97,160.83,590.74,37.59,306.61,3.8.1. New vehicle addition Suppose a new vehicle wishes to join the network that is managed by . The steps involved in the phase are described as follows.
13,0,0,1,0,231,17,STIXMath-Regular,7.571599960327148,51.8,213.09,288.68,469.53,213.09,324.17,51.8,306.59,"1 : generates a random unique identity for . It then calculates pseudo identity corresponding to its unique identity by = 0 ( ) . 2 : chooses a random key for vehicle to calculate the public key as = 1 ( ) . It also calculates the partial private keys pair for vehicle as 0 = and 1 = . 3 : generates a random secret and computes pub- lic = for . Furthermore, computes a certificate for vehicle as = + ( ) ∗ (mod ) . 4 : loads the credentials { , , , ( 0 , 1 ) , , ( ) , 0 ( ) , 1 ( ) , 2 ( ) , 3 ( ) , 4 ( )} in the tamper-resistant on-board unit (OBU) of the vehicle before its deployment in the smart city environment. In addition, also deletes the private key in order to thwart against privileged-insider attack. 5 : chooses a random private key , computes the corresponding public key = , and sets its private key as { , ( 0 , 𝑝𝑝 1 )} . Finally, the tamper-resistant of contains the information { , , , , ( 0 , 1 ) , , , ( ) , 0 ( ) , 1 ( ) , 2 ( ) , 3 ( ) , 4 ( )} ."
13,0,1,1,0,15,5,CharisSIL-Italic,7.970099925994873,37.59,488.71,288.67,519.83,488.71,273.87,37.59,306.6,"3.8.2. New addition registers a new , say under a region by executing following steps."
13,0,0,1,0,7,17,STIXMath-Regular,7.305933316548665,51.8,529.72,220.37,539.17,529.72,254.53,51.8,374.9,1 : generates a random unique identity
13,0,0,1,0,18,5,CharisSIL,7.970099925994873,61.5,529.72,288.67,561.2,529.72,232.5,61.5,306.6,for an and calculates pseudo identity correspond- ing to its unique identity by = 0 ( ) .
13,0,0,1,0,6,17,STIXMath-Regular,7.305933316548665,51.8,564.25,163.44,573.71,564.25,220.0,51.8,431.84,2 : chooses a random key
13,0,0,1,0,13,5,CharisSIL,7.970099925994873,61.5,564.25,288.69,584.72,564.25,208.98,61.5,306.59,and calculates its respective public key for as = 1 ( ) .
13,0,0,1,0,7,17,STIXMath-Regular,7.305933316548665,51.8,587.77,188.49,597.22,587.77,196.48,51.8,406.79,3 : also generates a random secret
13,0,0,1,0,84,5,CharisSIL,7.970099925994873,51.8,587.77,288.68,685.33,587.77,108.37,51.8,306.6,"and computes = . Furthermore, computes a certificate for as = + ( ) ∗ (mod ) . 4 : then loads the credentials { , 𝑅 , , ℎ ( ) , 𝐻 0 ( ) , 𝐻 1 ( ) , 𝐻 2 ( ) , 𝐻 3 ( ) , 𝐻 4 ( )} in the memory of prior to its deployment in the smart city region. In addition, also deletes the private key in order to thwart against privileged-insider attack."
13,0,0,1,0,5,17,STIXMath-Regular,7.305933316548665,51.8,688.14,160.51,697.6,688.14,96.11,51.8,434.76,5 : chooses a random
13,0,0,1,0,47,5,CharisSIL,7.970099925994873,61.5,688.14,288.68,741.65,688.14,52.06,61.5,306.6,"and sets it as its secret key, and computes the public key = . Finally, has the credentials { , , , , , ( ) , 0 ( ) , 1 ( ) , 2 ( ) , 3 ( ) , 4 ( )} ."
13,1,0,1,0,3,5,CharisSIL-Bold,7.970099925994873,306.6,55.66,382.19,63.63,55.66,730.07,306.6,213.08,4. Security analysis
13,0,0,1,0,70,5,CharisSIL,7.970099925994873,306.6,77.31,557.7,148.54,77.31,645.16,306.6,37.57,"We first provide the correctness proof of our V2V authentication and batch authentication phases that are described in Section 3.4 . Next, we prove the group key security of the proposed scheme dur- ing the batch authentication phase under the widely-accepted ‘‘Real- Or-Random (ROR) random oracle model’’ [ 29 ]. We also provide the ‘‘informal (non-mathematical) security analysis’’ to show the robustness of the proposed scheme against other potential attacks."
13,0,1,1,0,3,5,CharisSIL-Italic,7.970099925994873,306.6,162.64,382.03,170.61,162.64,623.09,306.6,213.24,4.1. Correctness proof
13,0,0,1,0,29,5,CharisSIL,7.970099925994873,306.6,184.32,557.7,213.38,184.32,580.33,306.6,37.57,"In this section, we provide the correctness proof of our V2V au- thentication and batch authentication phases that are described in Section 3.4 using Theorems 1 and 2 ."
13,0,1,1,0,21,5,CharisSIL-Italic,7.970099925994873,306.6,226.72,557.7,245.24,226.72,548.46,306.6,37.58,"During the V2V authentication phase described in Sec- tion 3.4.1 , a vehicle in a cluster authenticates its other neighbor vehicle"
13,0,1,1,0,14,17,CharisSIL-Italic,7.305922137366401,314.37,247.79,557.69,258.53,247.79,535.17,314.37,37.59,", if the received message = { , 1 , 2 , } is"
13,1,0,1,0,8,5,CharisSIL-Bold,7.970099925994873,306.61,280.19,516.43,288.18,280.19,505.53,306.61,78.84,Proof. A vehicle receives the broadcasted hello message
13,0,0,1,0,14,17,STIXMath-Regular,7.305922137366401,306.61,291.45,557.7,302.19,291.45,491.51,306.61,37.58,"= { , 1 , 2 , } from another vehicle . It authenticates"
13,0,0,1,0,11,5,CharisSIL,7.970099925994873,306.61,302.02,545.68,309.99,302.02,483.71,306.61,49.59,and verifies the signature received in the message by the equation:
13,0,0,1,0,43,17,STIXMath-Regular,7.416622161865234,306.61,318.68,557.69,370.9,318.68,422.8,306.61,37.59,"( ) = ( 1 + 2 ( + )) ( 2 + 3 ) , where = ( + 2 ) ( 0 + 1 ) +( + 3 ) , 1 = ( + ) and 2 = ( ) ."
13,0,0,1,0,3,5,CharisSIL,7.970099925994873,318.56,370.01,352.55,394.64,370.01,399.06,318.56,242.73,"Now, ( )"
13,0,1,1,1,40,17,STIXMath-Regular,7.305924932161967,306.61,400.01,470.58,450.29,400.01,343.41,306.61,124.69,"= ( 𝐺, ( + 2 ) ( 0 + 1 ) + ( + 3 ) ) = ( 𝐺, ( ( 0 + 1 ) + 2 ( 0 + 1 )) ( 𝐺, ( + 3 )))"
13,0,1,1,1,36,5,STIXMath-Regular,7.970099925994873,306.61,454.14,459.87,531.48,454.14,262.22,306.61,135.4,"= ( 𝐺, ( ( + ) + 2 ( + )) ( , ( + 3 ))) = ( 𝐺, ( ( + ) + 2 ( + )) ( , ( + 3 )))"
13,0,0,1,0,14,17,STIXMath-Regular,7.3474374413490295,306.61,535.53,458.14,559.03,535.53,234.67,306.61,137.14,= ( 1 + 2 ( + )) ( 2 + 3 ) .
13,0,0,1,0,12,5,CharisSIL,7.970099925994873,306.61,565.78,557.69,584.29,565.78,209.41,306.61,37.58,"Since the above equation is valid, authenticates . Hence, the theorem follows."
13,0,1,1,0,19,5,CharisSIL-Italic,7.970099925994873,306.61,597.4,557.7,615.92,597.4,177.78,306.61,37.58,"During the batch authentication phase described in Sec- tion 3.4.2 , a road-side unit authenticates its all member vehicles"
13,0,1,1,0,37,17,STIXMath-Regular,7.400814260755267,311.19,618.28,557.7,639.75,618.28,153.95,311.19,37.58,"1 , 2 , , 𝑉 in a cluster provided that all the received hello messages = { , 1 , 2 , } , ( = 1 , 2 , , 𝑛 ) , from the"
13,0,1,1,0,3,5,CharisSIL-Italic,7.970099925994873,306.61,640.31,366.43,648.28,640.31,145.42,306.61,228.85,vehicles are valid.
13,1,0,1,0,13,17,CharisSIL-Bold,7.20374609873845,306.61,661.41,557.69,672.12,661.41,121.58,306.61,37.58,"Proof. receives signatures 1 , 2 , , on 1 , 2 ,"
13,0,1,1,0,29,17,CharisSIL,7.527322186364068,306.61,671.73,557.71,701.01,671.73,92.69,306.61,37.56,", from the vehicles 1 , 2 , , 𝑉 in the cluster , respectively. It authenticates all the vehicles simultaneously in a batch by using the following equation:"
13,0,1,1,1,2,5,STIXMath-Regular,7.970099925994873,310.15,714.41,320.81,722.57,714.41,71.13,310.15,274.47,"( 𝐺,"
13,0,1,1,0,4,5,STIXMath-Regular,7.970099925994873,367.75,714.41,416.71,722.57,714.41,71.13,367.75,178.56,") = ( ,"
13,0,0,1,0,5,17,STIXMath-Regular,7.571599960327148,382.84,734.15,478.73,743.64,734.15,50.06,382.84,116.55,+ 2 ( + )])
14,0,1,1,0,7,11,CharisSIL-Italic,6.375999927520752,416.83,33.65,558.29,44.08,33.65,749.62,416.83,36.99,Journal of Systems Architecture 113 (2021) 101877
14,0,1,1,0,4,10,CharisSIL-Italic,6.376100063323975,37.59,36.3,78.55,42.68,36.3,751.02,37.59,516.72,P. Bagga et al.
14,0,1,1,0,7,17,STIXMath-Regular,7.471974968910217,49.54,78.64,177.83,104.44,78.64,689.26,49.54,417.45,"+ 3 ]) . Now, we have,"
14,0,1,1,1,2,5,STIXMath-Regular,7.970099925994873,50.08,117.98,60.74,126.14,117.98,667.56,50.08,534.54,"( 𝐺,"
14,0,1,1,1,3,5,STIXMath-Regular,7.970099925994873,37.59,145.64,60.74,153.8,145.64,639.9,37.59,534.54,"= ( 𝐺,"
14,0,0,1,0,15,17,STIXMath-Regular,7.084533267550999,46.53,145.83,175.5,174.87,145.83,618.83,46.53,419.78,(( + 2 ) ( 0 + 1 ) + ( + 3 ) ))
14,0,1,1,1,3,5,STIXMath-Regular,7.970099925994873,37.59,186.22,60.74,194.38,186.22,599.32,37.59,534.54,"= ( 𝐺,"
14,0,0,1,0,14,17,STIXMath-Regular,6.807791590690613,83.05,186.41,229.03,197.87,186.41,595.84,83.05,366.25,( ( 0 + 1 ) + ( 2 ( 0 + 1 ))))
14,0,1,1,1,2,5,STIXMath-Regular,7.970099925994873,50.08,213.88,60.74,222.04,213.88,571.66,50.08,534.54,"( 𝐺,"
14,0,0,1,0,4,17,STIXMath-Regular,7.471974968910217,83.05,214.07,204.58,223.55,214.07,570.15,83.05,390.7,( + 3 ))
14,0,1,1,1,3,5,STIXMath-Regular,7.970099925994873,37.59,241.54,60.74,249.7,241.54,544.0,37.59,534.54,"= ( 𝐺,"
14,0,0,1,0,6,5,STIXMath-Regular,7.970099925994873,83.05,241.73,214.49,249.7,241.73,544.0,83.05,380.78,( ( ) + ) +
14,0,0,1,0,6,17,STIXMath-Regular,7.571599960327148,46.53,261.28,179.32,270.77,261.28,522.93,46.53,415.95,( 2 ( ) + ))
14,0,1,1,1,6,17,STIXMath-Regular,7.6380166212717695,100.93,282.11,186.7,291.79,282.11,501.91,100.93,408.57,( .𝐺 + 3 .𝐺 ))
14,0,1,1,1,3,5,STIXMath-Regular,7.970099925994873,37.59,309.77,82.1,317.93,309.77,475.77,37.59,513.17,= ( .𝐺.
14,0,0,1,0,4,5,STIXMath-Regular,7.970099925994873,104.42,309.96,175.58,317.93,309.96,475.77,104.42,419.69,( ( + )
14,0,0,1,0,6,17,STIXMath-Regular,7.571599960327148,46.53,329.52,138.37,339.0,329.52,454.7,46.53,456.91,+ ( 2 ( + ))))
14,0,1,1,1,6,17,STIXMath-Regular,7.6380166212717695,100.93,350.35,186.7,360.02,350.35,433.68,100.93,408.57,( .𝐺 + 3 .𝐺 ))
14,0,1,1,0,3,5,STIXMath-Regular,7.970099925994873,37.59,378.01,80.41,386.17,378.01,407.53,37.59,514.87,"= ( ,"
14,0,1,1,0,8,17,STIXMath-Regular,7.3474374413490295,92.03,378.01,227.43,389.66,378.01,404.04,92.03,367.85,[ 1 + .ℎ 2 ( + )])
14,0,1,1,0,6,17,STIXMath-Regular,7.139883279800415,90.24,405.67,191.76,417.32,405.67,376.38,90.24,403.51,[ 2 + 3 ]) .
14,0,0,1,0,24,5,CharisSIL,7.970099925994873,37.59,429.31,288.66,449.62,429.31,344.08,37.59,306.61,"Since the above equation is valid, authenticates all member vehicles 1 , 2 , , 𝑉 in its cluster . Thus, the theorem follows."
14,0,1,1,0,7,5,CharisSIL-Italic,7.970099925994873,37.59,466.54,196.74,474.51,466.54,319.19,37.59,398.53,4.2. Formal security analysis using ROR model
14,0,0,1,0,63,5,CharisSIL,7.970099925994873,37.59,490.99,288.69,554.0,490.99,239.7,37.59,306.59,"This section describes the formal security analysis under the widely- accepted Real-Or-Random (ROR) model [ 29 ] to prove the group key security in the proposed scheme (BBAS-IoV). In the ROR model, an adversary, say , has access to different types of queries as listed in Table 3 . In the following, we now discuss briefly the components associated with the ROR model."
14,1,0,1,0,9,5,CharisSIL-Bold,7.970099925994873,53.53,563.49,288.67,571.48,563.49,222.22,53.53,306.61,"Participants. There are two types of participants, namely vehi-"
14,0,0,1,0,21,5,CharisSIL,7.970099925994873,57.51,574.31,288.69,593.16,574.31,200.54,57.51,306.58,"cles ( ) and an in a cluster , which are involved during the signing, V2V authentication and batch authentication phases."
14,0,0,1,0,4,17,CharisSIL,6.4756999015808105,57.51,595.42,116.4,604.01,595.42,189.69,57.51,478.87,Let 1 and 2
14,0,0,1,0,4,17,STIXMath-Regular,7.305933316548665,210.37,596.04,288.67,606.88,596.04,186.82,210.37,306.6,2 instances of and
14,0,0,1,0,10,5,CharisSIL,7.970099925994873,77.13,607.3,288.68,615.27,607.3,178.43,77.13,306.59,", respectively. These are also called as the ‘‘random oracles’’."
14,1,0,1,0,11,5,CharisSIL-Bold,7.970099925994873,53.53,618.32,288.68,626.31,618.32,167.39,53.53,306.6,"Accepted state. We say an instance is in an ‘‘accepted state’’,"
14,0,0,1,0,38,5,CharisSIL,7.970099925994873,57.51,629.17,288.69,669.7,629.17,124.0,57.51,306.59,"if it gets the last authenticated communicated message. Assume that all the communicated sent and received messages are con- catenated in sequentially order. We call these as a ‘‘session iden- tification, say of for a running current session’’."
14,1,0,1,0,13,17,CharisSIL-Bold,6.973833243052165,53.53,672.51,288.67,680.49,672.51,113.21,53.53,306.6,Partnering. We say two instances ( 1 and 2 ) are ‘‘partners to
14,0,0,1,0,8,5,CharisSIL,7.970099925994873,57.51,683.36,232.21,691.33,683.36,102.37,57.51,363.07,each other’’ if the following criteria are satisfied:
14,0,0,1,0,20,17,CharisSIL,6.774579906463623,73.45,700.11,288.67,718.79,700.11,74.92,73.45,306.61,Both 1 and 2 are in ‘‘accepted states’’. Both 1 and 2 share the same . They also require to
14,0,0,1,0,4,5,CharisSIL,7.970099925994873,77.44,721.67,205.79,729.64,721.67,64.06,77.44,389.49,‘‘mutually authenticate each other’’.
14,0,0,1,0,11,17,CharisSIL,6.774579906463623,73.45,732.45,288.68,740.42,732.45,53.29,73.45,306.6,Both 1 and 2 are also ‘‘mutual partners of each other’’.
14,0,0,1,0,6,10,CharisSIL,6.376100063323975,306.6,64.05,406.3,81.13,64.05,712.57,306.6,188.98,Queries and their purposes. Query Purpose
14,0,0,1,0,5,17,STIXMath-Regular,4.782050013542175,333.24,87.01,357.73,93.23,87.01,700.47,333.24,237.55,"( 1 , 𝛱 2"
14,0,0,1,0,17,10,STIXMath-Regular,6.376100063323975,365.79,87.01,552.28,101.97,87.01,691.73,365.79,43.0,) This query helps to eavesdrop (intercept) the messages communicated among a group of vehicles and their
14,0,0,1,0,36,10,STIXMath-Regular,6.376100063323975,323.3,116.03,549.15,160.01,116.03,633.69,323.3,46.12,"( ) Under this query, the group key shared between and its respective partner is known to ( ) This query allows to appeal for and provides a ‘‘random outcome of a flipped unbiased coin, say"
14,1,0,1,0,4,17,CharisSIL-Bold,6.973833243052165,322.55,188.29,408.91,196.91,188.29,596.8,322.55,186.36,Freshness. We say 1
14,0,1,1,0,28,5,CharisSIL,7.970099925994873,326.53,188.91,557.69,217.89,188.91,575.81,326.53,37.58,is fresh if the established group key among the vehicles and the is not disclosed to the adversary using the Reveal( ) query listed in Table 3 .
14,1,0,1,0,11,5,CharisSIL-Bold,7.970099925994873,322.55,220.67,557.69,228.69,220.67,565.01,322.55,37.59,Hash function. A ‘‘one-way cryptographic hash function ( ) ’’ is
14,0,0,1,0,33,5,CharisSIL,7.970099925994873,306.6,231.21,557.69,276.75,231.21,516.95,306.6,37.59,"modeled as a random oracle, say . Prior to proving Theorem 3 , we first define the computational ‘‘El- liptic Curve Discrete Logarithm Problem (ECDLP)’’ and the ‘‘semantic security’’ of our proposed BBAS-IoV."
14,1,1,1,0,11,5,CharisSIL-Bold,7.970099925994873,306.6,290.05,540.29,298.05,290.05,495.65,306.6,54.99,Definition 1 ( Elliptic Curve Discrete Logarithm Problem (ECDLP) ) .
14,0,0,1,0,85,5,CharisSIL,7.970099925994873,306.6,290.06,557.69,377.79,290.06,415.91,306.6,37.59,"Let a non-singular elliptic curve ( 𝑢, 𝑣 ) be of the form: 2 = 3 + + (mod ) such that 4 3 + 27 2 0 (mod ) . Given two points 𝑃, 𝑄 ( 𝑢, 𝑣 ) , the task is to find an integer such that = , where is called the discrete logarithm to the base . ECDLP becomes intractable when the chosen prime is large. For example, should be chosen at least 160 bits to make ECDLP computationally infeasible."
14,1,1,1,0,7,5,CharisSIL-Bold,7.970099925994873,306.6,391.09,426.42,399.09,391.09,394.61,306.6,168.85,Definition 2 ( Semantic Security ) .
14,0,0,1,0,72,5,CharisSIL,7.970099925994873,306.6,391.1,557.69,462.09,391.1,331.61,306.6,37.59,"Let ( ) denote the ‘‘advantage of an adversary running in polynomial time in breaking the semantic security of the proposed BBAS-IoV in order to derive the group key among a group of vehicles and an in a cluster . Then, ( ) = | 2 [ = ] −1 | , where and are respectively the ‘‘correct’’ and ‘‘guessed’’ bits, and [ ] denotes the probability of a random event ."
14,0,1,1,0,44,5,CharisSIL-Italic,7.970099925994873,306.6,475.39,557.69,517.03,475.39,276.67,306.6,37.59,"Suppose an adversary is running in polynomial time to derive the group key established among a road-side unit ( ) and its cluster member vehicles 1 , 2 , , in a cluster in the proposed scheme, BBAS-IoV. Let , | | , and"
14,0,1,1,0,44,5,STIXMath-Regular,7.970099925994873,306.6,506.88,557.71,556.88,506.88,236.82,306.6,37.57,"( ) denote ‘‘the number of queries, the range space of a one-way collision-resistant hash function, and the advantage of breaking the ‘‘Elliptic Curve Discrete Logarithm Problem (ECDLP)’’, respectively. The advantage of in deriving the group key in time can be then estimated by"
14,0,0,1,0,4,5,STIXMathExtensions-Regul,7.970099925994873,384.01,572.19,423.07,587.91,572.19,205.79,384.01,172.21,| | + 2
14,0,1,1,0,3,5,STIXMath-Regular,7.970099925994873,460.64,572.0,481.58,580.16,572.0,213.54,460.64,113.69,( ) .
14,1,0,1,0,14,5,CharisSIL-Bold,7.970099925994873,306.6,598.77,557.68,606.76,598.77,186.94,306.6,37.59,Proof. We follow the proof of this theorem in a similar way as that
14,0,0,1,0,34,5,CharisSIL,7.970099925994873,306.6,609.28,557.69,638.25,609.28,155.45,306.6,37.59,"was done in [ 51 , 53 , 69 71 ]. We define the three associated games, say , ( = 0 , 1 , 2) , where the starting and ending games are"
14,0,0,1,0,4,17,STIXMath-Regular,6.9738500118255615,490.15,630.28,557.69,641.12,630.28,152.58,490.15,37.59,"2 , respectively. Let"
14,0,0,1,0,39,5,CharisSIL,7.970099925994873,306.6,642.12,557.69,683.0,642.12,110.7,306.6,37.58,"be defined as ‘‘an event wherein can guess the random bit in the game correctly’’. Then, the advantage of in winning the game is defined as = [ ] . The detailed description of each game is elaborated below."
14,0,0,1,0,5,17,STIXMath-Regular,6.9738500118255615,345.74,691.78,419.82,702.63,691.78,91.08,345.74,175.45,0 : The starting game
14,0,0,1,0,7,17,STIXMath-Regular,6.9738500118255615,441.43,691.78,557.69,702.63,691.78,91.08,441.43,37.59,0 is the game corresponds to the
14,0,0,1,0,21,5,CharisSIL,7.970099925994873,326.53,702.29,557.69,739.75,702.29,53.95,326.53,37.59,"real attack. Therefore, the semantic security of BBAS-IoV defined in Definition 2 gives the following equation: ( ) = | 2"
14,0,1,1,0,3,5,STIXMath-Regular,7.970099925994873,460.41,728.46,476.17,739.75,728.46,53.95,460.41,119.11,−1 | .
15,0,1,1,0,7,11,CharisSIL-Italic,6.375999927520752,416.83,33.65,558.29,44.08,33.65,749.62,416.83,36.99,Journal of Systems Architecture 113 (2021) 101877
15,0,1,1,0,4,10,CharisSIL-Italic,6.376100063323975,37.59,36.3,78.55,42.68,36.3,751.02,37.59,516.72,P. Bagga et al.
15,0,0,1,0,10,17,STIXMath-Regular,6.9738500118255615,76.73,55.64,288.67,66.48,55.64,727.22,76.73,306.6,"1 : This game is modeled as an ‘eavesdropping attack’’,"
15,0,0,1,0,8,5,CharisSIL,7.970099925994873,57.51,65.97,288.68,73.94,65.97,719.77,57.51,306.59,wherein the adversary can eavesdrop all the communicated
15,0,0,1,0,11,17,CharisSIL,7.116157054901123,57.51,76.26,288.67,87.0,76.26,706.7,57.51,306.6,"messages: the hello message = { , 1 , 2 ,"
15,0,0,1,0,23,5,STIXMath-Regular,7.970099925994873,69.24,87.55,288.67,105.88,87.55,687.82,69.24,306.6,"} which is sent to all the members and by a vehicle in a cluster during the signing phase (see Section 3.3 ),"
15,0,1,1,0,12,17,CharisSIL,7.400814260755267,57.51,108.21,288.68,117.55,108.21,676.15,57.51,306.6,"and response message ,𝑉 = { , ,𝑉 } sent to all"
15,0,0,1,0,49,5,CharisSIL,7.970099925994873,57.51,118.56,288.67,167.84,118.56,625.86,57.51,306.6,"member vehicles by in the cluster during the group key management phase (see Section 3.5 ), with the help of the query as shown in Table 3 . At the end, needs to execute both the queries, namely and in order to assure if the derived group key ="
15,0,0,1,0,7,17,STIXMath-Regular,5.408271312713623,62.11,170.17,279.13,180.91,170.17,612.8,62.11,316.15,( 1 2 1 2 1 2
15,0,0,1,0,64,5,STIXMath-Regular,7.970099925994873,57.51,180.49,288.69,250.45,180.49,543.25,57.51,306.58,") is actual key or just a random number. Note that the group key security is based on both the long term secret of as well as the short term secrets and of , which cannot be revealed through the eavesdropping of the messages during communication. As a result, it is clear that an ‘‘eavesdropping attack’’ cannot increase ’s winning probability in the game"
15,0,0,1,0,9,17,STIXMath-Regular,6.9738500118255615,76.73,252.8,215.28,263.65,252.8,530.06,76.73,380.0,"1 . On the other side, both the games"
15,0,0,1,0,8,5,CharisSIL,7.970099925994873,57.51,263.13,276.49,271.1,263.13,522.6,57.51,318.78,"are ‘‘indistinguishable’’. Thus, the following result is obvious:"
15,0,0,1,0,12,17,STIXMath-Regular,7.305933316548665,76.73,298.84,288.68,309.68,298.84,484.02,76.73,306.6,"2 : In this game, the adversary needs to do the simulation"
15,0,0,1,0,103,5,CharisSIL,7.970099925994873,57.51,309.17,288.69,420.4,309.17,373.3,57.51,306.59,"of hash queries and also requires to solve the computational ECDLP defined in Definition 2 in order to derive the group key . The security of the group key hinges on both the long term secret of as well as the short term secrets and of . To derive and from the public = and = .𝐺 respectively, the adversary needs to solve the ECDLP in polynomial time , whose advantage is ( ) . Furthermore, obtaining is equivalent to finding the collision in the hash function. Thus, in the absence of the simulation of hash queries and solving ECDLP, both the games"
15,0,0,1,0,3,17,STIXMath-Regular,6.9738500118255615,212.53,412.43,288.67,423.27,412.43,370.43,212.53,306.61,2 are ‘‘indistinguish-
15,0,0,1,0,14,5,CharisSIL,7.970099925994873,57.51,422.76,288.66,441.06,422.76,352.65,57.51,306.61,"able’’. Therefore, if we apply the birthday paradox, we arrive to the following relation:"
15,0,0,1,0,4,5,STIXMath-Regular,7.970099925994873,177.45,454.72,214.33,470.44,454.72,323.26,177.45,380.94,2 | | +
15,0,1,1,0,4,5,STIXMath-Regular,7.970099925994873,253.27,454.52,288.67,462.71,454.52,330.99,253.27,306.6,( ) . (3)
15,0,0,1,0,33,5,CharisSIL,7.970099925994873,37.59,473.16,288.68,501.78,473.16,291.92,37.59,306.6,"Since all the relevant queries related to the above games are now executed, and it is only remaining in guessing the random bit once the and queries are executed. It thus follows that"
15,0,0,1,0,4,5,STIXMath-Regular,7.970099925994873,87.18,506.75,103.22,524.92,506.75,268.78,87.18,492.06,= 1 2 .
15,0,0,1,0,17,5,CharisSIL,7.970099925994873,37.59,511.4,288.67,559.5,511.4,234.21,37.59,306.6,"(4) Solving Eqs. (1) , (2) and (4) , we arrive to the following result: 1 2"
15,0,0,1,0,4,5,STIXMath-Regular,7.970099925994873,93.33,544.81,127.26,556.09,544.81,237.61,93.33,468.02,( ) = |
15,0,0,1,0,3,5,STIXMath-Regular,7.970099925994873,184.83,541.32,192.56,559.5,541.32,234.21,184.83,402.71,1 2 |
15,0,0,1,0,3,5,CharisSIL,7.970099925994873,115.76,545.97,288.67,571.84,545.97,221.86,115.76,306.6,(5) = |
15,0,1,1,0,13,5,STIXMathExtensions-Regul,7.970099925994873,37.59,560.55,251.62,612.94,560.55,180.76,37.59,343.65,"| . Furthermore, Eqs. (3) and (5) give the following derivation: 1 2"
15,0,0,1,0,4,5,STIXMath-Regular,7.970099925994873,123.36,599.39,160.65,615.11,599.39,178.59,123.36,434.62,2 | | +
15,0,1,1,0,4,5,STIXMath-Regular,7.970099925994873,200.0,599.2,288.67,607.39,599.2,186.32,200.0,306.6,( ) . (6)
15,0,0,1,0,24,5,CharisSIL,7.970099925994873,37.59,617.8,288.67,636.13,617.8,157.58,37.59,306.6,"Now, the final step is to multiply both sides of Eq. (6) by a factor of 2 to obtain the required result after simplification:"
15,0,0,1,0,4,5,STIXMathExtensions-Regul,7.970099925994873,114.99,649.71,154.05,665.43,649.71,128.27,114.99,441.22,| | + 2
15,0,1,1,0,3,5,STIXMath-Regular,7.970099925994873,191.63,649.52,212.57,657.68,649.52,136.02,191.63,382.71,( ) .
15,0,1,1,0,4,5,CharisSIL-Italic,7.970099925994873,37.59,672.35,141.11,680.32,672.35,113.38,37.59,454.17,4.3. Informal security analysis
15,0,0,1,0,20,5,CharisSIL,7.970099925994873,37.59,692.88,288.69,721.5,692.88,72.2,37.59,306.59,"We analyze the proposed BBAS-IoV informally in the following propositions, and show that BBAS-IoV is resilient against various known attacks."
15,0,1,1,0,6,5,CharisSIL-Italic,7.970099925994873,99.35,734.17,238.55,742.14,734.17,51.56,99.35,356.72,BBAS-IoV is secure against replay attack.
15,1,0,1,0,10,5,CharisSIL-Bold,7.970099925994873,306.6,55.64,557.69,63.63,55.64,730.07,306.6,37.59,Proof. The design of BBAS-IoV includes two messages being exchanged
15,0,0,1,0,37,5,CharisSIL,7.970099925994873,306.6,66.06,557.69,95.8,66.06,697.91,306.6,37.59,"between the entities and . The first message = { , 1 , 2 , } , where = { , , , , , , , } is formed by a vehicle, and the second message"
15,0,1,1,1,1,12,STIXMath-Italic,5.97760009765625,334.54,101.61,339.48,107.58,101.61,686.12,334.54,255.8,",𝑉"
15,0,0,1,0,106,5,STIXMath-Regular,7.970099925994873,306.6,98.25,557.71,211.56,98.25,582.14,306.6,37.57,"= { , ,𝑉 } , where = { , , 𝑃𝐵 , 𝑅 , 𝑅𝑁 , 𝑟𝑛 , 𝐸𝑃 ( )} is formed by during group key management. Both the messages include the current timestamps and . On receiving the messages, the entities check the validity of the message by comparing the received timestamp and the current timestamp. For a valid message and its freshness, the difference of the timestamp values should be a small value, . Hence, by including timestamp in every message, it is assured that BBAS-IoV is secured against replay attacks because no adversary can be successful in replaying the intercepted messages."
15,0,1,1,0,6,5,CharisSIL-Italic,7.970099925994873,368.36,224.81,553.09,232.78,224.81,560.92,368.36,42.19,BBAS-IoV is resilient against man-in-the-middle attack.
15,0,0,1,0,7,5,CharisSIL,7.970099925994873,336.81,246.0,557.69,254.0,246.0,539.71,336.81,37.59,Suppose an adversary intercepts a message =
15,0,0,1,0,15,17,STIXMath-Regular,7.305922137366401,306.6,257.29,557.7,268.03,257.29,525.67,306.6,37.58,"{ , 1 , 2 , } . Further, may try to create valid signature"
15,0,0,1,0,22,5,CharisSIL,7.970099925994873,306.6,267.76,557.7,286.18,267.76,507.52,306.6,37.58,"on behalf of to send it to as an authentication request message. may choose random nonces as , to generate the request"
15,0,0,1,0,30,17,CharisSIL,7.372339916229248,306.6,288.63,557.69,309.82,288.63,483.88,306.6,37.59,"message. Then, can compute 1 = ( + ) , 2 = ( ) , 2 = 2 ( 1 ) and 3 = 3 ( 1 2 ) ."
15,0,0,1,0,23,5,CharisSIL,7.970099925994873,315.65,309.56,557.7,329.46,309.56,464.24,315.65,37.57,"may then use the public parameter published by to compute = 4 ( ) . After these computations, may finally try to create"
15,0,0,1,0,45,17,CharisSIL,7.258485657828195,306.6,330.42,557.69,362.06,330.42,431.64,306.6,37.58,"a signature on as = ( + 2 ) ( 0 + 1 ) +( + 3 ) . But, the attempt to create 2 , will be impossible as the long term secrets and ( 0 , 1 ) are not known to the"
15,0,0,1,0,9,5,CharisSIL,7.970099925994873,306.61,361.79,557.7,380.21,361.79,413.49,306.61,37.58,"adversary . Thus, BBAS-IoV is secured against man-in-the-middle attack."
15,0,1,1,0,6,5,CharisSIL-Italic,7.970099925994873,368.36,393.13,548.43,401.1,393.13,392.6,368.36,46.85,BBAS-IoV is resilient against privileged-insider attack.
15,1,0,1,0,10,5,CharisSIL-Bold,7.970099925994873,306.61,414.34,539.71,422.33,414.34,371.37,306.61,55.57,"Proof. During the vehicle registration phase (see Section 3.2.1 ),"
15,0,0,1,0,134,17,CharisSIL,7.57159325281779,306.61,424.76,557.7,526.79,424.76,266.91,306.61,37.57,"loads the credentials { , , , ( 0 , 1 ) , , ( ) , 0 ( ) , 1 ( ) , 2 ( ) , 3 ( ) , 4 ( )} in the tamper-resistant on-board unit ( ) of a vehicle . So, a privileged insider user of the being an adversary will not know secrets stored in . Similarly, as described in registration phase (see Section 3.2.2 ), loads the credentials { , , , , ( ) , 0 ( ) , 1 ( ) , 2 ( ) , 3 ( ) , 4 ( )} in memory of while keeping as secret. In addi- tion, also deletes the random secrets and in order to thwart against other attacks. Thus, privileged-insider attack is resisted in BBAS-IoV."
15,0,1,1,0,7,5,CharisSIL-Italic,7.970099925994873,368.36,539.71,552.99,547.68,539.71,246.03,368.36,42.28,Vehicle impersonation attack is protected in BBAS-IoV.
15,1,0,1,0,11,5,CharisSIL-Bold,7.970099925994873,306.61,560.92,548.59,568.91,560.92,224.79,306.61,46.68,"Proof. In order to impersonate a registered vehicle , an adversary"
15,0,0,1,0,12,17,CharisSIL,7.116157054901123,306.61,571.34,557.69,582.08,571.34,211.62,306.61,37.58,"may intercept the request message = { , 1 , 2 ,"
15,0,0,1,0,24,5,STIXMath-Regular,7.970099925994873,306.61,583.99,557.69,602.43,583.99,191.27,306.61,37.58,"} on = { , , , , , , , } and try to create another valid request message, say = { ,"
15,0,0,1,0,42,5,STIXMath-Regular,7.970099925994873,306.61,606.96,557.69,661.84,606.96,131.86,306.61,37.58,"} on behalf of . Assume that picks a random nonce and generates the current timestamp value as to form = { , , , , , , , } . In addition, assume that also selects random secrets , to compute"
15,0,0,1,0,4,5,STIXMath-Regular,7.970099925994873,306.61,665.1,376.39,673.1,665.1,120.6,306.61,218.89,( + ) and
15,0,0,1,0,8,5,STIXMath-Regular,7.970099925994873,306.61,665.1,557.69,684.36,665.1,109.34,306.61,37.58,"( ) . Furthermore, may attempt to compute"
15,0,0,1,0,4,17,STIXMath-Regular,6.9738500118255615,354.87,676.36,386.01,687.23,676.36,106.47,354.87,209.26,2 = 2 (
15,0,0,1,0,3,17,STIXMath-Regular,6.973833243052165,427.57,676.36,449.88,688.34,676.36,105.36,427.57,145.4,1 ) and
15,0,0,1,0,4,17,STIXMath-Regular,6.9738500118255615,457.57,676.36,488.71,687.23,676.36,106.47,457.57,106.56,3 = 3 (
15,0,0,1,0,3,17,STIXMath-Regular,6.973833243052165,549.32,676.36,557.69,688.34,676.36,105.36,549.32,37.58,"2 ) ,"
15,0,0,1,0,8,5,CharisSIL,7.970099925994873,306.61,689.5,468.09,697.44,689.5,96.26,306.61,127.19,and a signature on as = ( +
15,0,0,1,0,8,17,STIXMath-Regular,6.641749938329061,473.46,689.47,541.04,700.34,689.47,93.36,473.46,54.23,2 ) ( 0 + 1 ) +(
15,0,0,1,0,13,5,STIXMath-Regular,7.970099925994873,311.21,689.47,557.69,711.6,689.47,82.1,311.21,37.59,"+ 3 ) , where = 4 ( ) . But, to create"
15,0,0,1,0,15,17,CharisSIL,7.305922137366401,306.61,713.26,557.69,724.0,713.26,69.7,306.61,37.58,"the adversary needs to know long term secrets and ( 0 , 1 ) ."
15,0,0,1,0,20,5,CharisSIL,7.970099925994873,306.61,723.73,557.7,742.15,723.73,51.55,306.61,37.58,"Therefore, it is computationally infeasible for the adversary to create another valid request message without knowing the long and short"
16,0,1,1,0,7,11,CharisSIL-Italic,6.375999927520752,416.83,33.65,558.29,44.08,33.65,749.62,416.83,36.99,Journal of Systems Architecture 113 (2021) 101877
16,0,1,1,0,4,10,CharisSIL-Italic,6.376100063323975,37.59,36.3,78.55,42.68,36.3,751.02,37.59,516.72,P. Bagga et al.
16,0,0,1,0,10,5,CharisSIL,7.970099925994873,37.59,55.64,288.68,74.09,55.64,719.61,37.59,306.6,"term secrets. Hence, BBAS-IoV is secured against vehicle impersonation attack."
16,0,1,1,0,7,5,CharisSIL-Italic,7.970099925994873,99.35,87.08,274.95,95.05,87.08,698.65,99.35,320.32,RSU impersonation attack is protected in BBAS-IoV.
16,1,0,1,0,10,5,CharisSIL-Bold,7.970099925994873,37.59,108.34,288.67,116.33,108.34,677.38,37.59,306.6,"Proof. In this attack, suppose an adversary intercepts the message"
16,0,1,1,1,1,12,STIXMath-Italic,5.97760009765625,65.53,122.16,70.46,128.13,122.16,665.57,65.53,524.82,",𝑉"
16,0,1,1,0,24,17,STIXMath-Regular,7.571599960327148,37.59,118.79,288.69,137.28,118.79,656.42,37.59,306.59,"= { , ,𝑉 } during the group key management phase described in Section 3.5 , and tries to create a valid message, say"
16,0,1,1,1,3,17,STIXMath-Italic,6.9738500118255615,65.53,139.76,87.41,150.34,139.76,643.36,65.53,507.87,",𝑉 = {"
16,0,0,1,0,104,5,CharisSIL,7.970099925994873,37.59,139.79,288.68,256.73,139.79,536.97,37.59,306.6,", ,𝑉 } on behalf of to send it to the mem- ber vehicles of . Note that = { , , 𝑅 , 𝑅𝑁 , 𝑟𝑛 , 𝐸𝑃 ( )} and the signature on for as ,𝑉 = + ( ) ∗ (mod ) . To do so, may attempt to generate a random nonce , a ran- dom secret key and current timestamp , and com- pute public = .𝐺 . However, to compute the signature ,𝑉 = + ( ) ∗ (mod ) , requires the long term private key of . In addition, cannot also compute the group key ="
16,0,0,1,0,7,17,STIXMath-Regular,5.408271312713623,42.19,259.21,259.2,269.95,259.21,523.75,42.19,336.07,( 1 2 1 2 1 2
16,0,0,1,0,35,5,STIXMath-Regular,7.970099925994873,37.59,269.7,288.68,309.15,269.7,484.55,37.59,306.6,") as it involves the long term private key of . As a result, will fail to create a legitimate message on behalf of , and hence, the proposed BBAS-IoV is resilient against impersonation attack."
16,0,1,1,0,9,5,CharisSIL-Italic,7.970099925994873,37.59,322.44,288.67,340.89,322.44,452.81,37.59,306.61,BBAS-IoV is resilient against ephemeral secret leakage (ESL) attack.
16,0,0,1,0,9,5,CharisSIL,7.970099925994873,68.36,353.9,288.67,361.87,353.9,431.83,68.36,306.61,During the group key management phase described in Sec-
16,0,0,1,0,11,17,CharisSIL,7.222899913787842,37.59,364.36,274.8,375.1,364.36,418.6,37.59,320.48,"tion 3.5 , generates a group key = ( 1 2"
16,0,0,1,0,4,14,STIXMath-Regular,4.981299877166748,80.22,380.6,186.25,385.58,380.6,408.12,80.22,409.02,1 2 1 2
16,0,0,1,0,36,5,STIXMath-Regular,7.970099925994873,37.59,385.33,288.67,424.78,385.33,368.92,37.59,306.6,) for all the vehicles of the cluster . The group key involves use of both long term secret and short term secrets and . The security of is then based on the following two cases:
16,1,0,1,0,11,5,CharisSIL-Bold,7.970099925994873,53.53,433.57,288.67,441.56,433.57,352.14,53.53,306.6,Case 1. If only the long term secret of is compro-
16,0,0,1,0,20,5,CharisSIL,7.970099925994873,57.51,444.06,288.67,462.51,444.06,331.19,57.51,306.61,"mised, without having the short term secrets and of , the group key cannot be derived by an adversary ."
16,1,0,1,0,11,5,CharisSIL-Bold,7.970099925994873,53.53,465.56,288.67,473.55,465.56,320.15,53.53,306.6,Case 2. If the adversary only knows the short term secrets
16,0,0,1,0,104,5,CharisSIL,7.970099925994873,37.59,476.05,288.69,584.36,476.05,209.34,37.59,306.59,"and of , derivation of cannot be done by without having the long term secret of . Thus, the adversary acquires both long term secret and short term secrets and , then only the group key is compro- mised. Therefore, based on the CK-adversary model [ 28 ] discussed in the threat model (see Section 1.2 ), even the adversary does the session hijacking attacks to compromise the short term secrets and of , the group key is still secure because it requires the long term secret of . As a result, ESL attack is protected in the proposed BBAS-IoV under the CK-adversary model."
16,1,0,1,0,8,5,CharisSIL-Bold,7.970099925994873,37.59,597.67,278.99,605.64,597.67,188.06,37.59,316.28,5. Formal security verification using AVISPA: simulation study
16,0,0,1,0,113,5,CharisSIL,7.970099925994873,37.59,618.8,288.69,742.15,618.8,51.55,37.59,306.58,"The formal security verification of the proposed scheme (BBAS- IoV) is done by using widely accepted simulation tool, known as ‘‘Automated Validation of Internet Security Protocols and Applications (AVISPA)’’ [ 30 ]. In this section, we describe the security validation of BBAS-IoV against an adversary who may be passive or active. The out- put of the simulation of BBAS-IoV on the push button tool assures the safety of the scheme against ‘‘replay’’ attack and ‘‘man-in-the-middle’’ attack. AVISPA tool consists of four back-ends: (a) ‘‘On-the-fly Model- Checker (OFMC)’’, (b) ‘‘Constraint Logic based Attack Searcher (CL- AtSe)’’, (c) ‘‘SAT-based Model-Checker (SATMC)’’, and (d) ‘‘Tree Au- tomata based on Automatic Approximations for the Analysis of Security"
16,1,0,1,0,12,10,CharisSIL-Bold,6.376100063323975,306.6,232.15,557.7,238.54,232.15,555.16,306.6,37.57,Fig. 5. Simulation results of the proposed BBAS-IoV under CL-AtSe and OFMC
16,0,0,1,0,421,5,CharisSIL,7.970099925994873,306.6,271.75,557.71,742.15,271.75,51.55,306.6,37.57,"Protocols (TA4SP)’’. The process of simulation of a protocol initiates by implementing the code in ‘‘High-Level Protocol Specification Language (HLPSL)’’ and then converting it into ‘‘Intermediate Format (IF)’’ with the help of HLPSL2IF translator. Following this, the code in the IF format is provided to any of the back-ends as input, and the output in the ‘‘Output Format (OF)’’ is collected. The result in the OF is displayed in various sections which are described below. First section is the ‘‘SUMMARY’’ section that displays whether the scheme is ‘‘safe, unsafe, or inconclusive’’. The next section is ‘‘DETAILS’’ that has a detailed explanation supporting the result displayed in the ‘‘SUMMARY’’ section, so as to why the protocol is safe or unsafe. The next section is ‘‘PROTOCOL’’ section that defines the ‘‘HLPSL specification of the target protocol in intermediate form’’. Following the section ‘‘PROTOCOL’’, there is a ‘‘GOAL’’ section that defines ‘‘the goal of the analysis which is being performed by AVISPA using HLPSL specification’’. ‘‘BACKEND’’ section displays the name of the back-end amongst the four mentioned backends (OFMC, Cl-AtSe, SATMC and TA4SP) is the last section in the result. The HLPSL implementation of the proposed BBAS-IoV consists of four basic roles for the , , and along with two mandatory roles of session and goal & environment . We have considered registra- tion phase described in Section 3.2 which is done through the secure channel, and the signing phase described in Section 3.3 , authentication phase for both V2V authentication phase explained in Section 3.4.1 and batch authentication phase referring to Section 3.4.2 and group key management phase in Section 3.5 that forms a group key and sends to each vehicle in the cluster. To verify the presence or absence of attack, an intruder ( ) in AVISPA takes an active role during communication among various enti- ties. The intruder is given all the knowledge of public parameters and is even designed to imitate all other roles. The ‘‘Dolev-Yao (DY) threat model’’ [ 27 ] is implemented in AVISPA, where the intruder cannot only eavesdrop the messages but is also given a privilege to modify, delete or insert false messages during communication. The broadly used ‘‘Security Protocol ANimator for AVISPA (SPAN)’’ tool [ 72 ] is used to perform formal security verification simulation. The results of simulation of the proposed BBAS-IoV is shown in Fig. 5 which clearly displays the output result via two broadly-used backends: OFMC and CL-AtSe. From the results, it is assured that BBAS-IoV is secured against replay and man-in-the-middle-attacks."
17,0,1,1,0,7,11,CharisSIL-Italic,6.375999927520752,416.83,33.65,558.29,44.08,33.65,749.62,416.83,36.99,Journal of Systems Architecture 113 (2021) 101877
17,0,1,1,0,4,10,CharisSIL-Italic,6.376100063323975,37.59,36.3,78.55,42.68,36.3,751.02,37.59,516.72,P. Bagga et al.
17,1,0,1,0,8,10,CharisSIL-Bold,6.376100063323975,91.0,252.51,235.27,258.9,252.51,534.8,91.0,360.01,Fig. 6. Experimental setup using Raspberry PI 3.
17,1,0,1,0,5,5,CharisSIL-Bold,7.970099925994873,37.59,284.94,183.97,292.91,284.94,500.79,37.59,411.3,6. Experimental results using MIRACL
17,0,0,1,0,181,5,CharisSIL,7.970099925994873,37.59,313.35,288.69,527.97,313.35,265.73,37.59,306.59,"Under this section, we evaluate various cryptographic primitives using the broadly-accepted ‘‘Multiprecision Integer and Rational Arith- metic Cryptographic Library (MIRACL)’’ [ 31 ] for their execution time. It is worth noticing that MIRACL, a C/C++ based programming soft- ware library, has been already recognized by the cryptographers as the ‘‘gold standard open source SDK for elliptic curve cryptography (ECC)’’. We utilize the symbols , , , , , , , , , and to denote the time required to execute ‘‘modular exponentiation’’, ‘‘elliptic curve point (scalar) multiplication’’, ‘‘elliptic curve point addition’’, ‘‘symmetric key (Advanced Encryption Stan- dard (AES-128)) encryption/decryption’’, ‘‘one-way hash function using SHA-256 hashing algorithm’’, ‘‘modular multiplication over ’’, ‘‘mod- ular addition over ’’, ‘‘bilinear pairing operation’’, ‘‘point-to-map function’’, ‘‘ECC encryption’’, and ‘‘ECC decryption’’, respectively. The elliptic curve point addition and multiplication are carried out a non- singular elliptic curve of the type: ‘‘ 2 = 3 + + (mod ) ’’ such that 4 3 + 27 2 0 (mod ) . Note that = 2 + and = + . We consider the following two platforms for MIRACL."
17,1,0,1,0,10,5,CharisSIL-Bold,7.970099925994873,53.53,542.09,288.67,550.08,542.09,243.62,53.53,306.61,Platform 1. The platform considered for MIRACL is as follows:
17,0,0,1,0,65,5,CharisSIL,7.970099925994873,57.51,553.38,288.68,629.12,553.38,164.58,57.51,306.6,"‘‘Ubuntu 18.04.4 LTS, with memory: 7.7 GiB, processor: Intel Core i7-8565U CPU @ 1.80 GHz 8, OS type: 64-bit and disk: 966.1 GB’’. The experiments are executed for each cryptographic primitive for 100 runs. After that the maximum, minimum and average run-time in milliseconds are recorded for each crypto- graphic primitive from these 100 runs. The experimental results are then tabulated in Table 4 ."
17,1,0,1,0,10,5,CharisSIL-Bold,7.970099925994873,53.53,632.45,288.67,640.44,632.45,153.26,53.53,306.61,Platform 2. The platform considered for MIRACL is as follows:
17,0,0,1,0,80,5,CharisSIL,7.970099925994873,57.51,643.74,288.69,730.78,643.74,62.92,57.51,306.58,"‘‘Model: Raspberry PI 3 B+ Rev 1.3, with CPU: 64-bit, Processor: 1.4 GHz Quad-core, 4 cores, Memory (RAM): 1 GB, and OS: Ubuntu 20.04 LTS, 64-bit’’. The experimental setup using Rasp- berry PI 3 is shown in Fig. 6 . The experiments are also executed for each cryptographic primitive for 100 runs. We calculate the maximum, minimum and average run-time in milliseconds for each cryptographic primitive from these 100 runs. Finally, the experimental results are provided in Table 5 ."
17,0,0,1,0,58,10,CharisSIL,6.376100063323975,306.6,64.05,557.69,195.82,64.05,597.88,306.6,37.59,Execution time (in milliseconds) for a server of cryptographic primitives using MIRACL. Primitive Max. time (ms) Min. time (ms) Average time (ms) 0.149 0.024 0.055 0.248 0.046 0.072 2.998 0.284 0.674 0.002 0.001 0.002 0.003 0.001 0.001 0.002 0.001 0.001 0.007 0.001 0.002 0.003 0.001 0.001 7.951 4.495 4.716 0.199 0.092 0.114 5.998 0.569 1.350 3.000 0.285 0.676
17,0,0,1,0,60,10,CharisSIL,6.376100063323975,306.6,222.91,557.69,354.69,222.91,439.01,306.6,37.59,Execution time (in milliseconds) for a Raspberry PI 3 of cryptographic primitives using MIRACL. Primitive Max. time (ms) Min. time (ms) Average time (ms) 0.643 0.274 0.309 0.493 0.178 0.228 4.532 2.206 2.288 0.021 0.015 0.016 0.038 0.017 0.018 0.054 0.009 0.014 0.016 0.009 0.011 0.013 0.008 0.010 32.790 27.606 32.084 0.406 0.381 0.385 8.885 4.427 4.592 4.453 2.221 2.304
17,1,0,1,0,3,5,CharisSIL-Bold,7.970099925994873,306.6,383.61,399.56,391.58,383.61,402.12,306.6,195.72,7. Comparative analysis
17,0,0,1,0,69,5,CharisSIL,7.970099925994873,306.6,405.31,557.7,466.03,405.31,327.68,306.6,37.57,"In this section, we give a detailed comparative study on ‘‘commu- nication and computational overheads’’, ‘‘storage overheads’’ and ‘‘se- curity and functionality features’’ among our proposed scheme (BBAS- IoV) and other existing competing authentication schemes in IoV- related environment, such as the schemes of Tan and Chung [ 45 ], Jiang et al. [ 37 ], Tzeng et al. [ 33 ] and Bayat et al. [ 18 ]."
17,0,1,1,0,4,5,CharisSIL-Italic,7.970099925994873,306.6,480.2,425.06,488.17,480.2,305.53,306.6,170.21,7.1. Storage overheads comparison
17,0,0,1,0,284,5,CharisSIL,7.970099925994873,306.6,501.93,557.7,742.15,501.93,51.55,306.6,37.57,"The basic entities involved in IoV system model shown in Fig. 1 are vehicles, s and s. Out of the three, the s are given huge computational power and sufficient amount of storage capacity, while s are more resource-rich than the vehicles. Thus, the vehicles are the resource constraint devices. Hence, it is important to analyze the storage overheads of vehicles and s. We analyze the storage overheads of our scheme (BBAS-IoV) and other considered schemes by calculating the amount of storage required by each vehicle and during the initial registration phase. For the proposed BBAS-IoV, in the vehicle registration phase defined in Section 3.2.1 , loads { , , , , ( 0 , 1 ) , , } in the of a deployed vehicle . The storage overhead for is then [160 + 320 + 160 + 160 + (160 + 160) + 160 + 320] = 1600 bits. To calculate the storage overheads for , loads { , , , , } in before deployment as described in Section 3.2.2 . The storage required for is [160 + 320 + 160 + 320 + 160] = 1120 bits. Similar calculation shows that in Tan and Chung’s scheme [ 45 ], a vehicle stores 320 bits and stores information of 1120 bits. In Tzeng et al.’s scheme [ 33 ], a vehicle and store 416 and 1152 bits of information, respectively. For Bayat et al.’s scheme [ 18 ], the storage cost of a vehicle and are 1120 and 1632 bits, respectively. Jiang et al.’s scheme [ 37 ] stores 896 bits in a vehicle and 1440 bit in an . The summarized storage overheads comparison is presented in Table 6 ."
18,0,1,1,0,7,11,CharisSIL-Italic,6.375999927520752,416.83,33.65,558.29,44.08,33.65,749.62,416.83,36.99,Journal of Systems Architecture 113 (2021) 101877
18,0,1,1,0,4,10,CharisSIL-Italic,6.376100063323975,37.59,36.3,78.55,42.68,36.3,751.02,37.59,516.72,P. Bagga et al.
18,0,0,1,0,47,10,CharisSIL,6.376100063323975,37.59,64.05,284.14,127.34,64.05,666.36,37.59,311.14,Storage overheads comparison. Scheme Vehicle’s storage (in bits) RSU’s storage (in bits) Bayat et al. [ 18 ] 1120 1632 Jiang et al. [ 37 ] 896 1140 Tzeng et al. [ 33 ] 416 1152 Tan and Chung [ 45 ] 320 1120 BBAS-IoV 1600 1120
18,0,0,1,0,18,10,CharisSIL,6.376100063323975,37.59,154.43,281.95,191.96,154.43,601.74,37.59,313.32,Communication costs comparison. Scheme Single verification Batch verification Group key management Bayat et al. [ 18 ] 992
18,0,0,1,0,10,10,CharisSIL,6.376100063323975,42.12,194.15,198.37,200.51,194.15,593.2,42.12,396.91,Jiang et al. [ 37 ] 3748 + 256 1440+
18,0,0,1,0,10,17,STIXMath-Regular,5.738466739654541,181.25,193.37,283.64,209.07,193.37,584.63,181.25,311.64,(900 + 256 ) a (2308 + 256 ) b
18,0,0,1,0,7,10,CharisSIL,6.376100063323975,42.12,211.29,129.89,217.66,211.29,576.04,42.12,465.38,Tzeng et al. [ 33 ] 1152
18,0,0,1,0,17,10,CharisSIL,6.376100063323975,42.12,219.85,283.7,234.8,219.85,558.9,42.12,311.57,Tan and Chung [ 45 ] 2496 1504 b + 992 3296 a + 448 BBAS-IoV 2912
18,0,0,1,0,4,17,STIXMath-Regular,5.419650077819824,181.25,227.64,263.82,234.78,227.64,558.92,181.25,331.45,2912 b 2752 a
18,0,1,1,0,23,10,CharisSIL-Italic,6.376100063323975,37.59,241.24,288.67,256.19,241.24,537.51,37.59,306.6,Note: : phase is not defined in the scheme; : degree of a polynomial used in Jiang et al.’s scheme [ 37 ].
18,0,0,1,0,11,17,CharisSIL,5.738466739654541,37.59,257.84,153.07,274.56,257.84,519.14,37.59,442.21,a Group key management for vehicles. b Batch verification of messages.
18,0,1,1,0,4,5,CharisSIL-Italic,7.970099925994873,37.59,300.57,166.43,308.54,300.57,485.16,37.59,428.84,7.2. Communication costs comparison
18,0,0,1,0,105,5,CharisSIL,7.970099925994873,37.59,321.49,288.69,429.88,321.49,363.82,37.59,306.59,"To calculate the communication costs in the proposed BBAS-IoV and other schemes, we assume that an identity, a random number (nonce/secret), the system timestamp, an ‘‘elliptic curve point of the form = ( , 𝑃 ) , where and co-ordinates of are and respectively’’ and the hash output (digest) using SHA-256 hashing algo- rithm [ 73 ] require 160 bits, 32 bits, (160+160) = 320 bits and 256 bits, respectively. Under these assumptions, we calculate the communication costs of the proposed BBAS-IoV for the signing, authentication and group key management phases as follows. During the signing phase described in Section 3.3 , a vehicle re-"
18,0,0,1,0,22,17,CharisSIL,7.372339916229248,57.51,432.34,288.67,455.72,432.34,337.98,57.51,306.6,"quires to broadcast the hello message = { , 1 , 2 , } to its cluster members including , where ="
18,0,0,1,0,310,5,STIXMath-Regular,7.970099925994873,37.59,455.44,288.69,742.15,455.44,51.55,37.59,306.58,"{ , , , , , , , } . It requires [(320 + 160 + 160 + 320 + 320 + 320 + 320 + 32) + (320 + 320 + 320)] = 2912 bits. During the group key management phase described in Section 3.5 , requires to send response messages ,𝑉 = { , ,𝑉 } to to its each vehicle of the cluster, where = { , 𝑃𝐵 , 𝑅 , 𝑅𝑁 , , 𝐸𝑃 ( )} . Each message requires the communication cost of [(32 + 160 + 320 + 320 + 320 + 320 + 320 + 160+(320+320))+160] = 2752 bits. The total communication cost due to response messages ,𝑉 is then 2752 bits. We have also calculated communication costs of other schemes to eval- uate their performance. The scheme proposed by Tan and Chung [ 45 ] requires the costs of 2496 , 1504 +992 and 3296 +448 bits for single veri- fication, batch verification and group key management, respectively. In Tzeng et al.’s scheme [ 33 ], a signed message needs 1152 bits that is sent from a vehicle to in single verification. And for batch verification of vehicles, the cost is 1152 bits. The communication cost of a single message broadcasted by vehicle in Bayat et al.’s scheme [ 18 ] requires (480 + 160 + 320 + 32) = 992 bits, and it is 992 bits for batch verification. In Jiang et al.’s scheme [ 37 ], the total communication cost is 3748+256 , where is the degree of the polynomial used during the mutual authentication phase. Moreover, the group key decryption only requires a single message of 900 + 256 bits to be received by a vehicle. Table 7 summarizes the communication costs of BBAS-IoV and other analyzed schemes for single verification, batch verification and group key management. It is"
18,0,0,1,0,128,10,CharisSIL,6.376100063323975,306.61,64.05,546.57,266.21,64.05,527.49,306.61,48.7,Computation costs in the proposed scheme (BBAS-IoV). Signing phase Entity Computational cost Individual vehicle ( ) 3 + 3 + 3 in a cluster ≈7 . 839 ms V2V Authentication phase Entity Computational cost Individual vehicle ( ) 3 + 4 + 4 + 3 in a cluster ≈106 . 395 ms Batch authentication phase Entity Computational cost Road-side Unit ( ) 3 + 5 + (3 + 1) + (2 + 1) in a cluster ≈(14 . 205 + 3 . 486 ) ms Group key management phase Entity Computational cost Road-side Unit ( ) + + ( + 1) in a cluster ≈(0 . 729 + 1 . 405 ) ms Individual vehicle ( ) 4 + 2 + in a cluster ≈11 . 488 ms
18,0,0,1,0,29,5,CharisSIL,7.970099925994873,306.6,295.14,557.69,334.97,295.14,458.74,306.6,37.58,"noticed that the communication costs needed for the proposed BBAS- IoV are comparable with other existing competing schemes during the single verification, batch verification and group key management phases."
18,0,1,1,0,4,5,CharisSIL-Italic,7.970099925994873,306.6,350.13,432.05,358.1,350.13,435.6,306.6,163.23,7.3. Computational costs comparison
18,0,0,1,0,398,5,CharisSIL,7.970099925994873,306.6,372.49,557.71,742.15,372.49,51.55,306.6,37.57,"For computational costs computation of the proposed BBAS-IoV and other existing competing schemes for various phases, we use the experimental results reported in Section 6 . The average execution time (in milliseconds) for a server of various cryptographic primitives using MIRACL reported in Table 4 are used for , whereas the average execution time (in milliseconds) for a Raspberry PI of various cryptographic primitives using MIRACL provided in Table 5 are used for an of a vehicle. It is worth noticing that a -degree polynomial computation denoted by requires = ( + ) , where and are the multiplication and addition in , respectively, and is computed using the Horner’s rule [ 74 ]. In Table 8 , we have shown the computational costs needed by each individual vehicle and an during the signing, V2V authentication and batch authentication phases of the proposed BBAS-IoV. Along with this, we have also analyzed the costs of single verification, batch verification and group key management of other existing schemes. Tan and Chung’s scheme needs the computational costs of 14 + 16 + 4 +2 +2 for single verification and (12 +2) +(12 +4) + (2 + 2) + 2 + 2 for batch verification. In addition, in their scheme the group key management requires the computational cost of (2 + 4 ) + 3 + (5 + 1) . In Tzeng et al.’s scheme [ 33 ], the total computation cost for signing and verifying comes out as 4 + + 2 + 2 + . The costs of generating and verifying a single message in Bayat et al.’s scheme [ 18 ] are 1 + 1 + 1 and 3 + 1 + 1 + 1 , respectively. In Jiang et al.’s scheme [ 37 ], the total cost of signing and verifying is 5 + 7 + 2 + 3 + + . We have divided the computational costs comparisons among the proposed BBAS-IoV and other existing schemes into three groups: (a) single verification which includes the total cost of verification between a vehicle and a RSU/vehicle (shown in Table 9 ), (b) batch verification includes the total cost of computation performed by vehicles and their in a group/cluster (shown in Table 10 ), and (c) group key management that represents the computation by and its members vehicles in the cluster/group (shown in Table 11 ). It is also"
19,0,1,1,0,7,11,CharisSIL-Italic,6.375999927520752,416.83,33.65,558.29,44.08,33.65,749.62,416.83,36.99,Journal of Systems Architecture 113 (2021) 101877
19,0,1,1,0,4,10,CharisSIL-Italic,6.376100063323975,37.59,36.3,78.55,42.68,36.3,751.02,37.59,516.72,P. Bagga et al.
19,0,0,1,0,121,10,CharisSIL,6.376100063323975,37.59,64.05,277.24,182.12,64.05,611.58,37.59,318.04,Computation costs comparison for V2V (single) authentication. Scheme Vehicle ( ) Bayat et al. [ 18 ] + + + + 3 + ≈2 . 553 ms ≈14 . 991 ms Jiang et al. [ 37 ] + 4 + + 2 + + 3 ≈9 . 477 ms ≈15 . 553 ms Tzeng et al. [ 33 ] 3 + + + + 2 + ≈7 . 558 ms ≈10 . 163 ms Tan and Chung [ 45 ] 8 + 9 + 2 4 + 3 + 2 + 2 ≈23 . 096 ms ≈11 . 818 ms BBAS-IoV 3 + 3 + 3 3 + 4 + 4 + 3 ≈7 . 839 ms ≈17 . 017 ms
19,0,0,1,0,155,10,CharisSIL,6.376100063323975,37.59,209.23,283.64,348.64,209.23,445.06,37.59,311.63,Computation costs comparison for V2RSU (batch) authentication. Scheme Group of vehicles Bayat et al. [ 18 ] ( + + ) a ( + + 3 + ) a ≈2 . 553 ms ≈14 . 991 ms Jiang et al. [ 37 ] ( + 4 + ) a ( + 2 + + 3 ) a ≈9 . 477 ms ≈15 . 553 ms Tzeng et al. [ 33 ] (3 + + ) a ( + + 2 + ) a ≈7 . 558 ms ≈10 . 163 ms Tan and Chung [ 45 ] (8 + 9 + 2 ) a (4 + 3 + 2 + 2 ) a ≈23 . 096 ms ≈11 . 818 ms BBAS-IoV (3 + 3 + 3 ) a (3 + 5 + (3 + 1) +(2 + 1) ) a ≈7 . 839 ms ≈(14 . 205 + 3 . 486 ) ms Note:
19,0,0,1,0,5,17,CharisSIL,5.738466739654541,37.59,351.04,132.34,358.21,351.04,435.5,37.59,462.94,a Batch verification of vehicles.
19,0,0,1,0,30,10,CharisSIL,6.376100063323975,37.59,381.04,252.04,421.6,381.04,372.1,37.59,343.24,Computation costs comparison for group key management. Scheme Group of vehicles Bayat et al. [ 18 ] Jiang et al. [ 37 ] (2 + ) a (2 + +
19,0,0,1,0,3,17,STIXMath-Regular,5.738466739654541,209.58,423.03,233.47,430.17,423.03,363.53,209.58,361.81,+ ) a
19,0,1,1,0,118,10,STIXMath-Regular,6.376100063323975,37.59,432.2,288.67,520.52,432.2,273.18,37.59,306.6,≈0 . 632 ms ≈(0 . 785 + 0 . 009 ) ms Tzeng et al. [ 33 ] Tan and Chung [ 45 ] (3 + 3 ) a (2 + + 3 ) a ≈7 . 791 ms ≈(0 . 784 + 0 . 009 2 ) ms BBAS-IoV (4 + 2 + ) a ( + + ( + 1) ) a ≈11 . 488 ms ≈(0 . 729 + 1 . 405 ) ms Note: : phase is not defined in the scheme; : degree of a polynomial used in Jiang et al.’s scheme [ 37 ]; : number of vehicles willing to be in group in Tan and Chung’s scheme [ 45 ].
19,0,0,1,0,6,17,CharisSIL,5.738466739654541,37.59,522.17,153.07,529.33,522.17,264.37,37.59,442.21,a Group key management for vehicles.
19,0,0,1,0,29,5,CharisSIL,7.970099925994873,37.59,555.35,288.69,594.78,555.35,198.92,37.59,306.59,"noticed that the computational costs needed for the proposed BBAS- IoV are comparable with other existing competing schemes during the single verification, batch verification and group key management phases."
19,0,1,1,0,6,5,CharisSIL-Italic,7.970099925994873,37.59,608.11,211.02,616.08,608.11,177.62,37.59,384.25,7.4. Security and functionality features comparison
19,0,0,1,0,29,5,CharisSIL,7.970099925994873,37.59,629.3,288.69,658.24,629.3,135.46,37.59,306.59,"In this section, we compare the proposed BBAS-IoV against other existing competing schemes on functionality and security features. The comparison is tabulated in Table 12 on various functionality and"
19,0,0,1,0,14,17,CharisSIL,6.9738500118255615,37.59,660.76,288.68,670.22,660.76,123.48,37.59,306.6,security features ( 1 12 ). It is worth to notice that the pro-
19,0,0,1,0,39,5,CharisSIL,7.970099925994873,37.59,671.25,288.69,710.69,671.25,83.02,37.59,306.59,"posed BBAS-IoV and Tan and Chung’s scheme implement blockchain. Moreover, only the proposed BBAS-IoV provides dynamic vehicle ad- dition phase, AI/ML based security for Big data analytics and for- mal security verification using AVISPA tool. Considering all the fea-"
19,0,0,1,0,12,17,CharisSIL,6.9738500118255615,37.59,713.2,288.68,722.66,713.2,71.04,37.59,306.6,"tures ( 1 12 ), BBAS-IoV provides better security and more func-"
19,0,0,1,0,11,5,CharisSIL,7.970099925994873,37.59,723.69,288.68,742.15,723.69,51.55,37.59,306.6,tionality features as compared to those for other existing competing schemes.
19,0,0,1,0,31,10,CharisSIL,6.376100063323975,306.6,64.05,553.17,89.76,64.05,703.94,306.6,42.11,Functionality & security features comparison. Feature Bayat Jiang Tzeng Tan and Chung BBAS-IoV et al. [ 18 ] et al. [ 37 ] et al. [ 33 ] [ 45 ]
19,0,0,1,0,12,15,STIXMath-Regular,4.463200092315674,324.53,98.29,329.0,197.0,98.29,596.7,324.53,266.28,1 2 3 4 5 6 7 8 9 10 11 12
19,0,0,1,0,74,17,CharisSIL,5.5562857900347025,306.6,202.33,557.7,252.66,202.33,541.04,306.6,37.58,Note: 1 : ‘‘Replay attack’’; 2 : ‘‘man-in-the-middle attack’’; 3 : ‘‘insider attack’’; 4 : ‘‘vehicle impersonation attack’’; 5 : ‘‘RSU impersonation attack’’; 6 : ‘‘dynamic vehicle addition phase’’; 7 : ‘‘batch verification’’; 8 : ‘‘group key management’’; 9 : ‘‘support to blockchain-based solution’’; 10 : ‘‘support to AI/ML based security for Big data analytics’’; 11 : ‘‘formal security verification using AVISPA tool’’; 12 : ‘‘ESL attack under the CK-adversary model for group key
19,0,0,1,0,21,10,CharisSIL,6.376100063323975,306.6,253.74,557.7,277.25,253.74,516.45,306.6,37.58,construction’’. : a scheme is secure or assists a feature; : a scheme is insecure or does not assist a feature.
19,1,0,1,0,3,5,CharisSIL-Bold,7.970099925994873,306.6,301.93,423.26,309.9,301.93,483.81,306.6,172.01,8. Blockchain implementation
19,0,0,1,0,445,5,CharisSIL,7.970099925994873,306.6,322.33,557.71,742.15,322.33,51.55,306.6,37.57,"In this section, we provide the blockchain implementation of our proposed BBAS-IoV using the popular Hyperledger Sawtooth [ 32 ]. We have considered the block version ( ), previous block hash ( ), timestamp ( ), Merkle tree root ( ), signer’s public key ( ), ECDSA block signature ( ) and current/last block hash ( ) using SHA-256 hashing algorithm are of sizes 32, 256, 32, 256, 320, 320, and 256 bits, respectively, for a full block as shown in Fig. 4 . In addition, each transaction in the block requires 2016 bits. Thus, the total block size of a block becomes 1472 + 2016 bits. We now discuss the practical implementation of our proposed scheme to estimate its impact on the performance parameters. We have simulated the implementation using Hyperledger Sawtooth [ 32 ], which is an enterprise blockchain platform for distributed applications. The architecture of Hyperledger Sawtooth is outlined in Fig. 7 . A typical Sawtooth network comprises of validator nodes, which are responsible for adding the blocks to the blockchain. The elegant feature of Sawtooth in separating the core system from the application level facilitates one to write custom transaction processors subject to the application requirements and register it with the validator nodes. Further, one can develop corresponding clients to generate transactions and send it to the validator nodes via REpresentational State Transfer (REST) inter- faces, which is ‘‘architectural style for distributed hypermedia systems’’. Validator nodes verify the transactions by contacting the corresponding registered transaction processors and upon successful verification they will provide the consensus. Hyperledger Sawtooth majorly supports ‘‘Practical Byzantine Fault Tolerance (PBFT)’’ [ 26 ], ‘‘Proof of Elapsed Time (PoET)’’ [ 75 ] and ‘‘Raft’’ [ 76 ] consensus algorithms. We have used the PBFT [ 26 ] consensus algorithm to execute the simulation of the proposed BBAS-IoV. In PBFT, one of the validator nodes acts as a leader node which is responsible for creating and adding a block to the blockchain. The leader role gets changed in a round-robin fashion among the validator nodes and a non-leader node has to wait for its turn to create and add a block the blockchain. The PBFT consensus algorithms allows at least 1∕3 of the nodes to be faulty, that is, a leader node inserts a block into the blockchain once it gets consensus from 2∕3 of the peer nodes in the Sawtooth network. We have simulated the proposed BBAS-IoV using five P2P servers, each of which acting as a validator node and having the configuration ‘‘Ubuntu 18.04, Intel(R) Core(TM) i9-9880H CPU @ 2.30 GHz, 2 GB RAM’’. The performance of the proposed BBAS-IoV is measured for the following two cases:"
20,0,1,1,0,7,11,CharisSIL-Italic,6.375999927520752,416.83,33.65,558.29,44.08,33.65,749.62,416.83,36.99,Journal of Systems Architecture 113 (2021) 101877
20,0,1,1,0,4,10,CharisSIL-Italic,6.376100063323975,37.59,36.3,78.55,42.68,36.3,751.02,37.59,516.72,P. Bagga et al.
20,1,0,1,0,10,10,CharisSIL-Bold,6.376100063323975,196.79,342.94,398.49,349.33,342.94,444.37,196.79,196.79,Fig. 7. Hyperledger Sawtooth blockchain platform architecture [ 32 ].
20,1,0,1,0,8,10,CharisSIL-Bold,6.376100063323975,93.12,521.86,233.15,528.25,521.86,265.45,93.12,362.13,Fig. 8. Blockchain simulation results in Case 1.
20,1,0,1,0,8,10,CharisSIL-Bold,6.376100063323975,93.12,710.73,233.15,717.13,710.73,76.58,93.12,362.13,Fig. 9. Blockchain simulation results in Case 2.
20,1,0,1,0,12,5,CharisSIL-Bold,7.970099925994873,322.55,364.4,557.68,372.39,364.4,421.31,322.55,37.59,"Case 1: In this case, we performed the simulation by having a"
20,0,0,1,0,50,5,CharisSIL,7.970099925994873,326.53,374.9,557.69,425.01,374.9,368.69,326.53,37.58,"fixed number of transactions per block, which is 60 . The simula- tion results listed in Fig. 8 shows the number of blocks mined into the blockchain versus the computational time (in milliseconds). It is noticed that the computational time linearly increases when the number of blocks mined also increases."
20,1,0,1,0,11,5,CharisSIL-Bold,7.970099925994873,322.55,427.57,557.68,435.56,427.57,358.14,322.55,37.6,"Case 2: In this scenario, we performed the simulation by mining"
20,0,0,1,0,68,5,CharisSIL,7.970099925994873,326.53,438.1,557.7,509.24,438.1,284.46,326.53,37.57,"a fixed number of blocks to the blockchain, which is 30, with the varied number of transactions per block. The simulation results are provided in Fig. 9 . The simulation results are based on the number of transactions containing in each block versus the computational time (in milliseconds). It is also noticed that the computational time linearly increases when the number of transactions containing in each block increases."
20,0,0,1,0,194,5,CharisSIL,7.970099925994873,306.6,544.67,557.72,742.15,544.67,51.55,306.6,37.56,"To enable smart city environment using intelligent vehicles, we designed a novel blockchain-enabled batch authentication scheme in AI-envisioned IoV-based smart city deployment. The proposed scheme (BBAS-IoV) registers the vehicles and s prior to their deployment. Each vehicle is a part of a dynamic cluster that broadcasts a message to get authenticated from its fellow vehicles and . We proposed both V2V single authentication and batch authentication in which cluster vehicles are authenticated by their simultaneously. Following to these procedures, we also provided a mechanism how can create a group key that to be shared by all the vehicles of the cluster. To make the proposed BBAS-IoV more effective, we incorporated the blockchaining mechanism using the fog servers and cloud computing as well. The blocks of transactions are mined by a voting-based PBFT consensus algorithm. The genuineness and authenticity of the huge amount of data stored in blockchain also gave us an opportunity to use big data analytics though AI/ML algorithms. The mingling of these technologies made the proposed BBAS-IoV efficient and smarter to work effectively in smart cities. Detailed security analysis and com- parative study exhibit the proposed BBAS-IoV is superior in terms of"
21,0,1,1,0,7,11,CharisSIL-Italic,6.375999927520752,416.83,33.65,558.29,44.08,33.65,749.62,416.83,36.99,Journal of Systems Architecture 113 (2021) 101877
21,0,1,1,0,4,10,CharisSIL-Italic,6.376100063323975,37.59,36.3,78.55,42.68,36.3,751.02,37.59,516.72,P. Bagga et al.
21,0,0,1,0,38,5,CharisSIL,7.970099925994873,37.59,55.64,288.69,105.89,55.64,687.81,37.59,306.58,"security, supports more functionality features and provides comparable storage, communication and computational overheads as compared to those for other existing competing schemes. The blockchain based simulation of the proposed BBAS-IoV shows its effectiveness in terms of computational time."
21,1,0,1,0,4,5,CharisSIL-Bold,7.970099925994873,37.59,120.39,166.14,128.36,120.39,665.34,37.59,429.13,Declaration of competing interest
21,0,0,1,0,27,5,CharisSIL,7.970099925994873,37.59,142.28,288.69,171.39,142.28,622.31,37.59,306.59,The authors declare that they have no known competing finan- cial interests or personal relationships that could have appeared to influence the work reported in this paper.
21,0,0,1,0,65,5,CharisSIL,7.970099925994873,37.59,207.78,288.68,289.74,207.78,503.96,37.59,306.6,"We thank the anonymous reviewers, the associate editor and the Editor-in-Chief for their valuable feedback on the paper. This work was supported by the Mathematical Research Impact Centric Support (MATRICS) project funded by the Science and Engineering Research Board (SERB), India (Reference No. MTR/2019/000699) and also by the Ripple Centre of Excellence Scheme, CoE in Blockchain (Sanc- tion No. IIIT/R&D Office/Internal Projects/001/2019), IIIT Hyderabad, India."
21,0,0,1,0,466,10,CharisSIL,6.376100063323975,38.99,325.53,288.71,741.76,325.53,51.94,38.99,306.57,"[1] R.S. Bali, N. Kumar, Secure clustering for efficient data dissemination in vehicular cyber-physical systems, Future Gener. Comput. Syst. 56 (2016) 476–492. [2] N. Kumar, N. Chilamkurti, J.H. Park, ALCA: agent learning–based clustering algorithm in vehicular ad hoc networks, Pers. Ubiquitous Comput. 17 (8) (2013) 1683–1692. [3] N. Kumar, R. Iqbal, S. Misra, J.J. Rodrigues, Bayesian coalition game for contention-aware reliable data forwarding in vehicular mobile cloud, Future Gener. Comput. Syst. 48 (2015) 60–72. [4] S. Garg, A. Singh, S. Batra, N. Kumar, L.T. Yang, UAV-empowered edge comput- ing environment for cyber-threat detection in smart vehicles, IEEE Network 32 (3) (2018) 42–51. [5] F. Yang, S. Wang, J. Li, Z. Liu, Q. Sun, An overview of internet of vehicles, China Commun. 11 (10) (2014) 1–15. [6] W. Zhang, X. Xi, The innovation and development of internet of vehicles, China Commun. 13 (5) (2016) 122–127. [7] N. Kumar, J.J.P.C. Rodrigues, N. Chilamkurti, Bayesian coalition game as-a- service for content distribution in internet of vehicles, IEEE Internet Things J. 1 (6) (2014) 544–555. [8] N. Kumar, R. Iqbal, S. Misra, J.J. Rodrigues, An intelligent approach for building a secure decentralized public key infrastructure in VANET, J. Comput. System Sci. 81 (6) (2015) 1042–1058. [9] S. Ibrahim, M. Hamdy, A comparison on VANET authentication schemes: public key vs. symmetric key, in: Tenth International Conference on Computer Engineering Systems (ICCES’15). Cairo, Egypt, 2015, pp. 341–345. [10] M. Asghar, L. Doss, R.R.M. Pan, A Scalable and Efficient PKI Based Authentica- tion Protocol for VANETs, in: 28th International Telecommunication Networks and Applications Conference (ITNAC’18). Sydney, NSW, Australia, 2018, pp. 1–3. [11] J. Li, Y. Ji, K.R. Choo, D. Hogrefe, CL-CPPA: certificate-less conditional privacy- preserving authentication protocol for the internet of vehicles, IEEE Internet Things J. 6 (6) (2019) 10332–10343. [12] X. Zhu, S. Jiang, L. Wang, H. Li, W. Zhang, Z. Li, Privacy-preserving authenti- cation based on group signature for VANETs, in: IEEE Global Communications Conference (GLOBECOM’13). Atlanta, GA, USA, 2013, pp. 4609–4614. [13] K. Lim, K.M. Tuladhar, X. Wang, W. Liu, A scalable and secure key distribution scheme for group signature based authentication in VANET, in: IEEE 8th An- nual Ubiquitous Computing, Electronics and Mobile Communication Conference (UEMCON’17). New York, USA, 2017, pp. 478–483. [14] X. Yue, B. Chen, X. Wang, Y. Duan, M. Gao, Y. He, An efficient and secure anonymous authentication scheme for VANETs based on the framework of group signatures, IEEE Access 6 (2018) 62584–62600. [15] N.B. Gayathri, G. Thumbur, P.V. Reddy, M.Z.U. Rahman, Efficient pairing-free certificateless authentication scheme with batch verification for vehicular Ad-Hoc networks, IEEE Access 6 (2018) 31808–31819. [16] A.K. Sutrala, P. Bagga, A.K. Das, N. Kumar, J.J.P.C. Rodrigues, P. Lorenz, On the design of conditional privacy preserving batch verification-based authentication scheme for internet of vehicles deployment, IEEE Trans. Veh. Technol. 69 (5) (2020) 5535–5548."
21,0,0,1,0,737,10,CharisSIL,6.376100063323975,308.01,56.84,557.72,741.76,56.84,51.94,308.01,37.55,"[17] S. Jiang, X. Zhu, L. Wang, A conditional privacy scheme based on anonymized batch authentication in Vehicular Ad Hoc Networks, in: EEE Wireless Commu- nications and Networking Conference (WCNC’13), Shanghai, China, 2013, pp. 2375–2380. [18] M. Bayat, M. Barmshoory, M. Rahimi, M.R. Aref, A secure authentication scheme for VANETs with batch verification, Wirel. Netw. 21 (5) (2015). [19] P.V. Kumar, M. Maheshwari, Prevention of Sybil attack and priority batch veri- fication in VANETs, in: International Conference on Information Communication and Embedded Systems (ICICES’14), Chennai, India, 2014, pp. 1–5. [20] N. Satoshi, Bitcoin: A peer-to-peer electronic cash system, 2018, URL: https: //git.dhimmel.com/bitcoin-whitepaper/ Accessed on 2020. [21] L. Lamport, R. Shostak, M. Pease, The Byzantine generals problem, ACM Trans. Program. Lang. Syst. 4 (3) (1982) 382–401. [22] X. Wang, P. Zeng, N. Patterson, F. Jiang, R. Doss, An improved authentication scheme for internet of vehicles based on blockchain technology, IEEE Access 7 (2019) 45061–45072. [23] G.S. Veronese, M. Correia, A.N. Bessani, L.C. Lung, P. Verissimo, Efficient byzantine fault-tolerance, IEEE Trans. Comput. 62 (1) (2011) 16–30. [24] Z. Zheng, S. Xie, H.N. Dai, X. Chen, H. Wang, Blockchain challenges and opportunities: A survey, Int. J. Web Grid Serv. 14 (4) (2018) 352–375. [25] R. Gasmi, M. Aliouat, Vehicular Adhoc networks versus Internet of Vehicles - A Comparative View, in: International Conference on Networking and Advanced Systems (ICNAS’19), Annaba, Algeria, 2019, pp. 1–6. [26] M. Castro, B. Liskov, Practical byzantine fault tolerance and proactive recovery, ACM Trans. Comput. Syst. 20 (4) (2002) 398–461. [27] D. Dolev, A. Yao, On the security of public key protocols, IEEE Trans. Inform. Theory 29 (2) (1983) 198–208. [28] R. Canetti, H. Krawczyk, Analysis of key-exchange protocols and their use for building secure channels, in: Advances in Cryptology – EUROCRYPT. Innsbruck (Tyrol), Springer Berlin, Austria, Heidelberg, 2001, pp. 453–474. [29] M. Abdalla, P.A. Fouque, D. Pointcheval, Password-based authenticated key exchange in the three-party setting, in: 8th International Workshop on Theory and Practice in Public Key Cryptography (PKC’05), in: Lecture Notes in Computer Science, vol. 3386, Les Diablerets, Switzerland, 2005, pp. 65–84. [30] Automated validation of internet security protocols and applications, 2019, URL: http://www.avispa-project.org/ Accessed on 2020. [31] MIRACL cryptographic SDK: Multiprecision integer and rational arithmetic cryp- tographic library, 2020, URL: https://github.com/miracl/MIRACL Accessed on 2020. [32] Hyperledger sawtooth architecture guide, intel corporation, 2020, URL: https:// sawtooth.hyperledger.org/docs/core/releases/1.1/architecture.html Accessed on 2020. [33] S. Tzeng, S. Horng, T. Li, X. Wang, P. Huang, M.K. Khan, Enhancing security and privacy for identity-based batch verification scheme in VANETs, IEEE Trans. Veh. Technol. 66 (4) (2017) 3235–3248. [34] C.C. Lee, Y.M. Lai, Toward a secure batch verification with group testing for VANET, Wirel. Netw. (2013) 19. [35] H. Zhong, J. Wen, J. Cui, S. Zhang, Efficient conditional privacy-preserving and authentication scheme for secure service provision in VANET, Tsinghua Sci. Technol. 21 (6) (2016) 620–629. [36] D. He, S. Zeadally, B. Xu, X. Huang, An efficient identity-based conditional privacy-preserving authentication scheme for vehicular Ad Hoc networks, IEEE Trans. Inf. Forensics Secur. 10 (12) (2015) 2681–2691. [37] S. Jiang, X. Zhu, L. Wang, An efficient anonymous batch authentication scheme based on HMAC for VANETs, IEEE Trans. Intell. Transp. Syst. 17 (8) (2016) 2193–2204. [38] J. Zhang, H. Zhong, J. Cui, Y. Xu, L. Liu, An extensible and effective anonymous batch authentication scheme for smart vehicular networksluo, IEEE Internet Things J. 7 (4) (2020) 3462–3473. [39] Bachira Guehguih, Hongwei Lu, Blockchain-based Privacy-Preserving Authenti- cation and Message Dissemination Scheme for VANET. Wuhan, China, 2019, pp. 16–21. [40] Z. Lu, Q. Wang, G. Qu, H. Zhang, Z. Liu, A blockchain-based privacy-preserving authentication scheme for VANETs, IEEE Trans. Very Large Scale Integr. (VLSI) Systems 27 (12) (2019) 2792–2801. [41] X. Wang, P. Zeng, N. Patterson, F. Jiang, R. Doss, An improved authentication scheme for internet of vehicles based on blockchain technology, IEEE Access 7 (2019) 45061–45072. [42] D. Zheng, C. Jing, R. Guo, S. Gao, L. Wang, A traceable blockchain-based access authentication system with privacy preservation in VANETs, IEEE Access 7 (2019) 117716–117726. [43] Q. Feng, D. He, S. Zeadally, K. Liang, BPAS: Blockchain-assisted privacy- preserving authentication system for vehicular ad hoc networks, IEEE Trans. Ind. Inf. 16 (6) (2020) 4146–4155. [44] B. Luo, X. Li, J. Weng, J. Guo, J. Ma, Blockchain enabled trust-based location privacy protection scheme in VANET, IEEE Trans. Veh. Technol. 69 (2) (2020) 2034–2048. [45] H. Tan, I. Chung, Secure authentication and key management with blockchain in VANETs, IEEE Access 8 (2020) 2482–2498."
22,0,1,1,0,7,11,CharisSIL-Italic,6.375999927520752,416.83,33.65,558.29,44.08,33.65,749.62,416.83,36.99,Journal of Systems Architecture 113 (2021) 101877
22,0,1,1,0,4,10,CharisSIL-Italic,6.376100063323975,37.59,36.3,78.55,42.68,36.3,751.02,37.59,516.72,P. Bagga et al.
22,0,0,1,0,774,10,CharisSIL,6.376100063323975,38.99,56.84,288.71,741.76,56.84,51.94,38.99,306.57,"[46] R. Sharma, S. Chakraborty, Blockapp: Using blockchain for authentication and privacy preservation in IoV, in: IEEE Global Communications Conference (IEEE GLOBECOM) Workshops, United Arab Emirates, Abu Dhabi, 2018, pp. 1–6. [47] D. He, Y. Zhang, D. Wang, K.K.R. Choo, Secure and efficient two-party signing protocol for the identity-based signature scheme in the IEEE p1363 standard for public key cryptography, IEEE Trans. Dependable Secure Comput. (2018) http://dx.doi.org/10.1109/TDSC.2018.2857775 . [48] Q. Feng, D. He, Z. Liu, D. Wang, K.K.R. Choo, Multi-party signing protocol for the identity-based signature scheme in IEEE P1363 standard, IET Inf. Secur. (2020) http://dx.doi.org/10.1049/iet-ifs.2019.0559 . [49] M. Wazid, P. Bagga, A.K. Das, S. Shetty, J.J.P.C. Rodrigues, Y. Park, AKM- IoV: Authenticated key management protocol in fog computing-based internet of vehicles deployment, IEEE Internet Things J. 6 (5) (2019) 8804–8817. [50] A. Dua, N. Kumar, A.K. Das, W. Susilo, Secure message communication pro- tocol among vehicles in smart city, IEEE Trans. Veh. Technol. 67 (5) (2018) 4359–4373. [51] C.C. Chang, H.D. Le, A provably secure, efficient, and flexible authentication scheme for ad hoc wireless sensor networks, IEEE Trans. Wireless Commun. 15 (1) (2016) 357–366. [52] N. Kumar, G.S. Aujla, A.K. Das, M. Conti, Eccauth: A secure authentication protocol for demand response management in a smart grid system, IEEE Trans. Ind. Inf. 15 (12) (2019) 6572–6582. [53] J. Srinivas, A.K. Das, N. Kumar, J.J.P.C. Rodrigues, TCALAS: Temporal credential- based anonymous lightweight authentication scheme for internet of drones environment, IEEE Trans. Veh. Technol. 68 (7) (2019) 6903–6916. [54] S. Challa, A.K. Das, V. Odelu, N. Kumar, S. Kumari, M.K. Khan, et al., An efficient ECC-based provably secure three-factor user authentication and key agreement protocol for wireless healthcare sensor networks, Comput. Electr. Eng. 69 (2018) 534–554. [55] M. Wazid, A.K. Das, S. Kumari, X. Li, F. Wu, Design of an efficient and provably secure anonymity preserving three-factor user authentication and key agreement scheme for TMIS, Secur. Commun. Netw. 9 (13) (2016) 1983–2001. [56] M. Wazid, A.K. Das, N. Kumar, V. Odelu, A. Goutham Reddy, Park K., et al., Design of lightweight authentication and key agreement protocol for vehicular Ad Hoc networks, IEEE Access 5 (2017) 14966–14980. [57] A.K. Das, S. Kumari, V. Odelu, X. Li, F. Wu, X. Huang, Provably secure user authentication and key agreement scheme for wireless sensor networks, Secur. Commun. Netw. 9 (16) (2016a) 3670–3687. [58] A.K. Das, A.K. Sutrala, S. Kumari, V. Odelu, M. Wazid, X. Li, An efficient multi- gateway-based three-factor user authentication and key agreement scheme in hierarchical wireless sensor networks, Secur. Commun. Netw. 9 (13) (2016) 2070–2092. [59] M. Wazid, A.K. Das, N. Kumar, J.J.P.C. Rodrigues, Secure three-factor user authentication scheme for renewable-energy-based smart grid environment, IEEE Trans. Ind. Inf. 13 (6) (2017) 3144–3153. [60] M.S. Kakkasageri, S.S. Manvi, Multiagent driven dynamic clustering of vehicles in VANETs, J. Netw. Comput. Appl. 35 (6) (2012) 1771–1780. [61] A. Menezes, An introduction to pairing-based cryptography, 2013, URL: https:// www.math.uwaterloo.ca/ajmeneze/publications/pairings.pdf Accessed on 2020. [62] D. Boneh, Pairing-based cryptography: past, present, and future, in: International Conference on the Theory and Application of Cryptology and Information Security (ASIACRYPT’12). Beijing, China, 2012, pp. 1–1. [63] H. Zhang, J. Wang, Y. Ding, Blockchain-based decentralized and secure keyless signature scheme for smart grid, Energy 180 (2019) 955–967. [64] X. Chen, C. Liu, B. Li, K. Lu, D. Song, Targeted backdoor attacks on deep learning systems using data poisoning, 2017, CoRR;abs/1712.05526. URL http: //arxiv.org/abs/1712.05526 . [65] S. Jangirala, A.K. Das, A.V. Vasilakos, Designing secure lightweight blockchain- enabled RFID-based authentication protocol for supply chains in 5G mobile edge computing environment, IEEE Trans. Ind. Inf. 16 (11) (2020) 7081–7093. [66] Y. Duan, J.S. Edwards, Y.K. Dwivedi, Artificial intelligence for decision making in the era of big data – evolution, challenges and research agenda, Int. J. Inf. Manage. 48 (2019) 63–71. [67] S. Tanwar, Q. Bhatia, P. Patel, A. Kumari, P.K. Singh, W. Hong, Machine learning adoption in blockchain-based smart applications: The challenges, and a way forward, IEEE Access 8 (2020) 474–488. [68] Y. Liu, F.R. Yu, X. Li, H. Ji, V.C.M. Leung, Blockchain and machine learning for communications and networking systems, IEEE Commun. Surv. Tutor. 22 (2) (2020) 1392–1431. [69] A.K. Das, M. Wazid, N. Kumar, A.V. Vasilakos, J.J.P.C. Rodrigues, Biometrics- based privacy-preserving user authentication scheme for cloud-based industrial internet of things deployment, IEEE Internet Things J. 5 (6) (2018) 4900–4913. [70] S. Malani, J. Srinivas, A.K. Das, K. Srinathan, M. Jo, Certificate-based anonymous device access control scheme for IoT environment, IEEE Internet Things J. 6 (6) (2019) 9762–9773. [71] M. Wazid, A.K. Das, V. Odelu, N. Kumar, W. Susilo, Secure remote user authenticated key establishment protocol for smart home environment, IEEE Trans. Dependable Secure Comput. 17 (2) (2020) 391–406."
22,0,0,1,0,108,10,CharisSIL,6.376100063323975,308.01,56.84,557.72,168.99,56.84,624.71,308.01,37.56,"[72] Span, the security protocol aNimator for AVISPA, 2019, URL: http://www.avispa- project.org/ Accessed on 2020. [73] W.E. May, Secure Hash Standard, FIPS PUB 180-1, National Institute of Standards and Technology (NIST), U.S. Department of Commerce, 2015, URL: http:// nvlpubs.nist.gov/nistpubs/FIPS/NIST.FIPS.180-4.pdf . Accessed on 2019. [74] D.E. Knuth, Seminumerical algorithms, in: The Art of Computer Programming, Volume II, third ed., Addison-Wesley, USA, ISBN: 0201896842, 1998. [75] B. Curran, What is proof of elapsed time consensus? (PoET) complete beginner’s guide, 2018, URL: https://blockonomi.com/proof-of-elapsed-time- consensus/ Accessed on 2020. [76] D. Ongaro, J. Ousterhout, In search of an understandable consensus algoritm, in: USENIX Annual Technical Conference (ATC’14). Philadelphia, PA, USA, 2014, pp. 305–319."
22,1,0,1,0,9,10,CharisSIL-Bold,6.376100063323975,385.15,195.01,557.7,201.4,195.01,592.3,385.15,37.58,Palak Bagga is currently a Ph.D. candidate in Computer
22,0,0,1,0,73,10,CharisSIL,6.376100063323975,385.15,203.58,557.7,278.5,203.58,515.2,385.15,37.58,"Science and Engineering at the Center for Security, The- ory and Algorithmic Research, IIIT Hyderabad, India. She received her M.Tech. degree in Computer Science and Engineering from Uttar Pradesh Technical University, India. She was a gold medalist in academics and also awarded by a Certificate of Merit. Her research interests include network security, and security in Internet of Things and Internet of Vehicles. She has published two journal articles in her research areas."
22,1,0,1,0,9,10,CharisSIL-Bold,6.376100063323975,385.15,331.72,557.68,338.11,331.72,455.59,385.15,37.59,Anil Kumar Sutrala received his Ph.D. degree in computer
22,0,0,1,0,66,10,CharisSIL,6.376100063323975,385.15,340.28,557.7,406.63,340.28,387.07,385.15,37.58,"science and engineering from the International Institute of Information Technology (IIIT), Hyderabad, India, in 2018 and also M.C.A. from the University of Hyderabad, India, in 2006. He is currently working as a principal software engineer with the CA Technologies — A Broad- com Company, Hyderabad 500 032, India. His research interests include cryptography and network security. He has published several journal articles in his research areas."
22,1,0,1,0,9,10,CharisSIL-Bold,6.376100063323975,385.15,461.21,557.68,467.61,461.21,326.09,385.15,37.59,Ashok Kumar Das received a Ph.D. degree in computer
22,0,0,1,0,249,10,CharisSIL,6.376100063323975,385.15,469.78,557.7,741.76,469.78,51.94,385.15,37.57,"science and engineering, an M.Tech. degree in computer science and data processing, and an M.Sc. degree in math- ematics from IIT Kharagpur, India. He is currently an Associate Professor with the Center for Security, Theory and Algorithmic Research, International Institute of Information Technology, Hyderabad, India. His current research interests include cryptography, network security, blockchain, security in Internet of Things (IoT), Internet of Vehicles (IoV), Internet of Drones (IoD), smart grids, smart city, cloud/fog computing and industrial wireless sensor networks, and intrusion detection. He has authored over 235 papers in international journals and conferences in the above ar- eas, including over 200 reputed journal papers. Some of his research findings are published in top cited journals, such as the IEEE Transactions on Information Forensics and Security, IEEE Transactions on Dependable and Se- cure Computing, IEEE Transactions on Smart Grid, IEEE Internet of Things Journal, IEEE Transactions on Industrial Informatics, IEEE Transactions on Vehicular Technology, IEEE Transactions on Consumer Electronics, IEEE Jour- nal of Biomedical and Health Informatics (formerly IEEE Transactions on Information Technology in Biomedicine), IEEE Consumer Electronics Magazine, IEEE Access, IEEE Communications Magazine, IEEE Systems Journal, Future Generation Computer Systems, Computers & Electrical Engi- neering, Computer Methods and Programs in Biomedicine, Computer Standards & Interfaces, Computer Networks, Ex- pert Systems with Applications, and Journal of Network and Computer Applications. He was a recipient of the Institute Silver Medal from IIT Kharagpur. He is on the editorial board of IEEE Systems Journal, Computer Commu- nications (Elsevier), IET Communications, KSII Transactions"
23,0,1,1,0,7,11,CharisSIL-Italic,6.375999927520752,416.83,33.65,558.29,44.08,33.65,749.62,416.83,36.99,Journal of Systems Architecture 113 (2021) 101877
23,0,1,1,0,4,10,CharisSIL-Italic,6.376100063323975,37.59,36.3,78.55,42.68,36.3,751.02,37.59,516.72,P. Bagga et al.
23,0,0,1,0,127,10,CharisSIL,6.376100063323975,116.14,56.84,288.69,191.74,56.84,601.96,116.14,306.59,"on Internet and Information Systems, and International Journal of Internet Technology and Secured Transactions (Inderscience), is a Guest Editor for Computers & Electrical Engineering (Elsevier) for the special issue on Big data and IoT in e-healthcare, ICT Express (Elsevier) for the special issue on Blockchain Technologies and Applications for 5G Enabled IoT and Wireless Communications and Mobile Computing (Wiley/Hindawi) for the special issue on Security and Privacy for Smart Mobile Devices: Attacks, Challenges, and New Designs, and has served as a Program Committee Member in many international conferences. He also severed as one of the Technical Program Committee Chairs of the International Congress on Blockchain and Ap- plications (BLOCKCHAIN’19), Avila, Spain, June 2019, and 2nd International Congress on Blockchain and Applications (BLOCKCHAIN 2020), L’Aquila, Italy, October 2020."
23,1,0,1,0,8,10,CharisSIL-Bold,6.376100063323975,385.15,57.08,557.68,63.47,57.08,730.23,385.15,37.59,Pandi Vijayakumar received the B.E. degree in computer
23,0,0,1,0,128,10,CharisSIL,6.376100063323975,385.15,65.64,557.7,200.54,65.64,593.16,385.15,37.57,"science and engineering from Madurai Kamaraj University, Madurai, India, in 2002, the M.E. degree in computer science and engineering from the Karunya Institute of Tech- nology, Coimbatore, India, in 2005, and the Ph.D. degree in computer science and engineering from Anna Univer- sity, Chennai, India, in 2013. He is the former Dean and presently working as Assistant Professor in the Department of Computer Science and Engineering at University College of Engineering Tindivanam, which is a constituent college of Anna University, Chennai, India. His current research interests include key management in network security, VANET security, and multicasting in computer networks. He has produced four Ph.D. candidates successfully. He has published various quality papers in reputed journals like IEEE Transactions/Journals, ACM transaction, Elsevier, Springer, IET, Taylor & Francis, Wiley, etc."
