page_number,is_bold,is_italic,is_underline,is_all_caps,word_count,norm_font_size,font,font_size,x0,y0,x1,y1,space_above,space_below,space_left,space_right,text
1,1,0,1,0,7,123,URWPalladioL-Bold,6.973800182342529,35.72,450.83,147.6,457.87,450.83,384.02,35.72,447.67,"Citation: Feng, X.; Cui, K.; Jiang, H.;"
1,0,0,1,0,16,123,URWPalladioL-Roma,6.973800182342529,35.72,462.82,143.87,505.57,462.82,336.32,35.72,451.4,"Li, Z. EBAS: An Efﬁcient Blockchain-Based Authentication Scheme for Secure Communication in Vehicular Ad Hoc Network."
1,1,0,1,0,7,123,URWPalladioL-Ital,6.973800182342529,35.52,510.41,140.57,517.5,510.41,324.39,35.52,454.7,"Symmetry 2022 , 14 , 1230. https://"
1,0,0,1,0,4,123,URWPalladioL-Roma,6.973800182342529,35.72,540.35,141.43,547.33,540.35,294.56,35.72,453.84,Academic Editor: Chin-Ling Chen
1,0,0,1,0,12,123,URWPalladioL-Roma,6.973800182342529,35.44,559.25,108.91,590.08,559.25,251.81,35.44,486.37,Received: 26 May 2022 Accepted: 7 June 2022 Published: 14 June 2022
1,1,0,1,0,5,123,URWPalladioL-Bold,6.973800182342529,35.72,600.94,151.94,607.98,600.94,233.91,35.72,443.34,Publisher’s Note: MDPI stays neutral
1,0,0,1,0,12,123,URWPalladioL-Roma,6.973800182342529,35.42,612.93,153.09,643.76,612.93,198.13,35.42,442.18,with regard to jurisdictional claims in published maps and institutional afﬁl- iations.
1,0,0,1,0,33,123,URWPalladioL-Roma,6.973800182342529,35.44,683.64,153.2,774.1,683.64,67.79,35.44,442.07,"© 2022 by the authors. Licensee MDPI, Basel, Switzerland. This article is an open access article distributed under the terms and conditions of the Creative Commons Attribution (CC BY) license (https:// creativecommons.org/licenses/by/ 4.0/)."
1,1,0,1,0,14,3,URWPalladioL-Bold,17.93280029296875,35.72,119.04,537.42,155.8,119.04,686.09,35.72,57.85,EBAS: An Efﬁcient Blockchain-Based Authentication Scheme for Secure Communication in Vehicular Ad Hoc Network
1,1,0,1,0,12,37,URWPalladioL-Bold,9.962599754333496,35.39,168.17,274.91,178.13,168.17,663.76,35.39,320.37,"Xia Feng * , Kaiping Cui , Haobin Jiang and Ze Li"
1,0,0,1,0,17,112,URWPalladioL-Roma,7.970099925994873,166.39,202.37,517.36,221.1,202.37,620.79,166.39,77.92,"School of Automotive and Trafﬁc Engineering, Jiangsu University, Zhenjiang 212013, China; 2212004078@stmail.ujs.edu.cn (K.C.); jianghb@ujs.edu.cn (H.J.); 2222004131@stmail.ujs.edu.cn (Z.L.)"
1,1,0,1,0,3,112,URWPalladioL-Bold,7.970099925994873,165.68,223.81,300.41,231.86,223.81,610.03,165.68,294.86,* Correspondence: xiazio@ujs.edu.cn
1,1,0,1,0,14,130,URWPalladioL-Bold,8.943927764892578,166.04,248.81,559.28,257.85,248.81,584.04,166.04,36.0,Abstract: A vehicular ad hoc network (VANET) is essential in building an intelligent transportation
1,0,0,1,0,258,88,URWPalladioL-Roma,8.916949272155762,166.02,261.9,560.85,504.32,261.9,337.57,166.02,34.43,"system that optimizes trafﬁc conditions and makes trafﬁc information conveniently accessible. How- ever, malicious vehicles may disrupt the trafﬁc order via propagating forged trafﬁc/road information. Therefore, using digital certiﬁcates based on cryptography, some existing authentication schemes were proposed to manage vehicles’ identities. At ﬁrst glance, these schemes can effectively identify malicious vehicles. However, these schemes require more computation and storage resources to maintain certiﬁcates. This is because the data storage of the database increases in a near-linear trend as the number of certiﬁcates grows. In this paper, we propose an efﬁcient blockchain-based authenti- cation scheme for secure communication in VANET (EBAS) to address the aforementioned issues. In EBAS, the regional trusted authority (RTA) receives trafﬁc messages uploaded by the vehicle, together with transactions constructed via the unspent transaction output (UTXO) model. The veriﬁer checks the legitimacy of the single input contained in the uploaded transaction to verify the legitimacy of the message sender’s identity. In terms of privacy preservation, a asymmetric key encryption technique, elliptic curve cryptography (ECC), is applied for constructing the transaction pseudonym, and users participate in the authentication process anonymously. In addition, our scheme guarantees the scalability of EBAS by proposing a transaction update mechanism, which can keep data storage at a stable level rather than near-linear growth. Under the simulation, the retrieving overhead remains at approximately 0.32 ms while the storage cost is stable at around 32.7 M for the blockchain state database. In terms of authentication efﬁciency, the average overhead of the proposed scheme is around 0.942 ms, which outperforms the existing schemes."
1,1,0,1,0,10,130,URWPalladioL-Bold,8.959670543670654,166.39,520.19,560.4,529.24,520.19,312.65,166.39,34.88,Keywords: vehicular ad hoc network (VANET); blockchain; authentication; asymmetric encryption;
1,0,0,1,0,186,57,URWPalladioL-Roma,9.862470626831055,166.39,598.25,560.93,771.36,598.25,70.53,166.39,34.34,"As the significant infrastructure of the Intelligent Transportation System (ITS), the vehicle ad hoc network (VANET) is the self-configuring network that has emerged as an advanced solution for improved driving safety and experience. VANET contains several heterogeneous entities, such as the trusted authority (TA), roadside units (RSUs), and vehicles [ 1 ]. Signifi- cantly, the vigorous development of wireless communication technology has allowed VANET to gain considerable attention from researchers in public and private sectors [ 2 ]. In VANET, each authorized vehicle can collect the time-critical road/traffic information and upload it to the TA or cloud server, to be utilized to analyze real-time road conditions. However, a range of challenges and threats to information security and system avail- ability are emerging [ 3 6 ], which is mainly reﬂected in three aspects. First, the messages should be authenticated by recipients. As mentioned in [ 7 ], malicious vehicles may propa- gate forged trafﬁc/road messages via impersonating others, as well as fooling the trusted authority into accepting false or pointless information without being caught. Moreover, the privacy-preserving and anti-tracking aspects are not negligible in the authentication"
1,1,0,1,0,7,112,URWPalladioL-Ital,7.970099925994873,35.49,814.77,260.7,822.88,814.77,19.01,35.49,334.58,"Symmetry 2022 , 14 , 1230. https://doi.org/10.3390/sym14061230"
2,1,0,1,0,6,112,URWPalladioL-Ital,7.970099925994873,35.49,57.12,118.96,65.23,57.12,776.66,35.49,476.31,"Symmetry 2022 , 14 , 1230"
2,0,0,1,0,3,112,URWPalladioL-Roma,7.970099925994873,536.33,57.26,559.28,65.23,57.26,776.66,536.33,36.0,2 of 22
2,0,0,1,0,511,41,URWPalladioL-Roma,9.942654609680176,165.98,97.69,561.02,597.2,97.69,244.69,165.98,34.26,"process. Attackers may track a vehicle’s trajectory to steal private information or fabricate trafﬁc scenes [ 8 ]. Second, the proposed scheme must be efﬁcient to satisfy the real-time nature of messages in VANET. Therefore, the algorithm contained in the proposed scheme must be efﬁciently executed while ensuring privacy security. Third, considering the sys- tem scalability, the proposed scheme should have an excellent information management mechanism to ensure that the scheme has stable performance and saves storage resources, especially based on the distributed system—the existing authentication scheme [ 9 11 ]. Numerous researchers have proposed various exploratory schemes to address in- formation security issues [ 12 14 ]. For example, as mentioned in [ 12 ], one message is accepted by the TA if the same information is broadcast by at least vehicles, and the TA analyzes real-time road condition information with the assistance of received messages. However, the architectural design of these approaches brings unaffordable costs, such as more computing and storage resources. Moreover, cryptography is utilized in privacy preservation during authentication [ 15 17 ]. Cryptography is a technique to convert plain text to ciphertext with the assistance of the key and algorithm [ 18 ], where the plain text is readable text and the ciphertext is unreadable text. Based on the cryptography technique, there are two types of authentication schemes: symmetric and asymmetric. In the schemes utilizing symmetric key cryptography, the same key is utilized in the encryption and decryption process of private information; on the contrary, in the asymmetric key cryptography scheme represented by public key infrastructure (PKI), the encryption and decryption processes are accomplished using public and private keys [ 19 ]. Blockchain technology originated from the paper “Bitcoin: A peer-to-peer electronic cash system”, published by Satoshi Nakamoto in 2008 [ 20 ]. Blockchain has become an ef- fective method of addressing vehicle management and data transfer security issues. Nu- merable researchers at home and abroad have proposed blockchain-based authentication schemes [ 11 , 21 23 ]. However, there are three limitations in existing approaches. First, due to the consensus mechanism, using smart contracts to accomplish the authentica- tion process would incur extra time overhead. Second, the existing schemes are short of scalability, which may lead to a scheme without long-term stable performance. Third, the schemes utilize vehicles/RSUs as the mining nodes, which lacks consideration of the limited computing power and bandwidth. From the above analysis, we can see that the existing approaches have the following restrictions. First, the existing methods have a prolonged delay, especially in authenticating and obtaining the related records. Second, the schemes lack sufﬁcient scalability, which is an issue faced by most schemes, especially blockchain-based distributed authentication schemes. The data storage of the database increases as the number of certiﬁcates grows, which necessitates more storage resources. Third, there are linkability risks with real identi- ties and certiﬁcates in the existing scheme. In this paper, to address the issues mentioned above, we propose an efﬁcient blockchain-based authentication scheme for secure communication in a vehicular ad hoc network (EBAS), which provides the following functionalities:"
2,1,0,1,0,12,130,URWPalladioL-Bold,10.012166023254395,188.02,604.68,559.28,614.77,604.68,227.12,188.02,36.0,Message authentication. The vehicle generates a trafﬁc message and uploads it to
2,0,0,1,0,42,17,URWPalladioL-Roma,10.061732292175293,188.02,617.26,560.93,664.95,617.26,176.94,188.02,34.35,"the Regional Trusted Authority (RTA) together with one transaction. The RTA can independently accomplish authentication by verifying the legality of the transac- tion. Furthermore, the RTA accepts the uploaded trafﬁc message sent by vehicles successfully authenticated; otherwise, the message would be discarded."
2,1,0,1,0,12,130,URWPalladioL-Bold,9.987444400787354,188.02,667.45,559.28,677.52,667.45,164.37,188.02,36.0,Scheme scalability. We proposed a transaction update mechanism in our scheme to
2,0,0,1,0,44,54,URWPalladioL-Roma,9.877554893493652,188.02,680.15,561.02,727.71,680.15,114.18,188.02,34.26,"enable scalability. With the assistance of the update mechanism, our scheme stabilizes the information retrieval efﬁciency of the system database and saves storage resources. Under the simulation, the retrieval overhead is maintained at around 0.32 ms while the storage cost is around 32.7 M."
2,1,0,1,0,11,130,URWPalladioL-Bold,10.012166023254395,188.02,730.21,561.02,740.3,730.21,101.59,188.02,34.26,Efﬁcient authentication. The transaction is generated based on the UTXO model.
2,0,0,1,0,37,17,URWPalladioL-Roma,10.061732292175293,187.71,742.79,560.93,777.95,742.79,63.94,187.71,34.35,"Therefore, based on asymmetric cryptography, the RTA checks the legitimacy of the message sender by verifying the validity of the single input contained in the trans- action uploaded together with trafﬁc messages. Under the simulation, one single"
3,1,0,1,0,6,112,URWPalladioL-Ital,7.970099925994873,35.49,57.12,118.96,65.23,57.12,776.66,35.49,476.31,"Symmetry 2022 , 14 , 1230"
3,0,0,1,0,3,112,URWPalladioL-Roma,7.970099925994873,536.33,57.26,559.28,65.23,57.26,776.66,536.33,36.0,3 of 22
3,0,0,1,0,20,42,URWPalladioL-Roma,9.937662124633789,188.02,97.69,559.47,120.19,97.69,721.7,188.02,35.8,"RTA can accomplish authentication within 0.942 ms. Moreover, compared with other related schemes, our proposal outperforms the existing common schemes."
3,1,0,1,0,13,130,URWPalladioL-Bold,10.028688112894693,188.02,122.54,560.93,132.77,122.54,709.12,188.02,34.35,Realization of the scheme prototype. We simulate the proposed scheme on the Hy-
3,0,0,1,0,116,43,URWPalladioL-Ital,9.932666778564453,166.39,135.18,560.93,250.7,135.18,591.19,166.39,34.34,"perledger Fabric 2.0 and Network Simulator 2 . In addition, we implement an exhaustive analysis of the efﬁciency and scalability of the proposed scheme. The security anal- ysis shows that our scheme can defend against common attacks in VANET with the assistance of the asymmetric key encryption technique. The remainder of this paper is organized as follows. Section 2 reviews the existing authentication schemes. Section 3 introduces the preliminaries and mathematical assump- tions of the proposed scheme. The EBAS framework and the security model are formalized in Section 4 . Section 5 introduces our EBAS scheme. In Section 6 , we analyze the safety and efﬁciency of our EBAS scheme. Finally, Section 7 concludes the paper."
3,1,0,1,0,3,37,URWPalladioL-Bold,9.962599754333496,166.39,263.06,255.25,273.02,263.06,568.87,166.39,340.03,2. Related Research
3,0,0,1,0,523,57,URWPalladioL-Roma,9.862470626831055,165.98,278.77,561.02,778.21,278.77,63.68,165.98,34.26,"Recently, numerous researchers have contributed a series of studies on the security and privacy-preserving issues in the VANET. In this section, we review some related research. Numerous researchers have focused on addressing the reliability issues [ 12 , 24 , 25 ]. Threshold authentication is a promising technology to achieve reliability in VANET, which has received widespread attention. Speciﬁcally, this involves the transmission of infor- mation via a non-fully-trusted communication environment in VANET. The threshold mechanism allows the message to be accepted only when the number of conﬁrmed ve- hicles exceeds the threshold value. Chen et al. [ 12 ] proposed a threshold anonymous announcement system. The recipient accepts the trafﬁc/road messages when the num- ber of vehicles that report the same message exceeds the threshold value. However, this scheme cannot revoke the certiﬁcates efﬁciently, which leads to the scheme being unable to resist frequent attacks. A one-time authentication and message-linkable group signatures scheme are proposed by Wu et al. [ 24 ], which can implement authentication efﬁciently. However, the scheme is inefﬁcient for tracing doubtable messages because the process requires multiple expensive pairing operations. Lin et al. [ 25 ] proposed a roadside unit (RSU)-aided protocol to achieve the local detection and efﬁcient traceability of malicious vehicles. However, the scheme is unsuitable for areas with sparse RSUs and cannot be bootstrapped by untrusted RSUs. More and more safety threats [ 26 29 ] have drawn widespread attention. Zhang et al. [ 30 ] proposed a scheme of addressing the linkability issue in vehicular announcement networks with the assistance of a group signature. However, the same private key needs to be shared in one group, which is unsafe. Success et al. [ 31 ] proposed an autonomous privacy- preserving authentication scheme to guarantee the vehicle’s traceability privacy. The vehi- cles can authenticate the messages securely and efﬁciently and renew their pseudonyms without interacting with trusted authorities. Jiang et al. [ 32 ] proposed a batch authenti- cation scheme for message signatures based on a binary authentication tree. However, this scheme relies on the participation of semi-trusted RSUs. Ying et al. [ 33 ] proposed a lightweight authentication scheme. Based on the characteristic of fast calculation of a hash function, this scheme realizes mutual authentication among the OBU, RSU and TA. However, this scheme cannot effectively resist replay attacks and tampering attacks. Blockchain [ 20 ] has promising adaptability in many ﬁelds. Plenty of existing schemes utilize blockchain and asymmetric key cryptography to mitigate the privacy and security issues in the VANET. Yao et al. [ 11 ] proposed a blockchain-based lightweight anonymous authentication scheme. This scheme can satisfy security requirements such as anonymity, authentication, and integrity. However, this scheme does not consider the linkability of vehicles during the authentication process. Attackers can track vehicles based on static pseudonyms, leading to the disclosure of vehicles’ private information. Lu et al. [ 21 ] pro- pose an authentication protocol utilizing the Merkle Patricia Tree (MPT) as the underlying data structure, which is efﬁcient and can save storage resources. However, the scheme cannot provide excellent scalability, and data processing in upper nodes may lead to more"
4,1,0,1,0,6,112,URWPalladioL-Ital,7.970099925994873,35.49,57.12,118.96,65.23,57.12,776.66,35.49,476.31,"Symmetry 2022 , 14 , 1230"
4,0,0,1,0,3,112,URWPalladioL-Roma,7.970099925994873,536.33,57.26,559.28,65.23,57.26,776.66,536.33,36.0,4 of 22
4,0,0,1,0,59,130,URWPalladioL-Roma,9.939312934875488,166.12,97.67,560.93,145.3,97.67,696.59,166.12,34.34,"time overhead following the data storage increase in MPT. Lei et al. [ 22 ] utilize blockchain to predigest the key management. Arora et al. [ 23 ] proposed a blockchain-based authenti- cation scheme. However, this scheme relies on a centralized authority to implement the vehicle registration process, which is prone to cause a single point of failure problem."
4,1,0,1,0,5,37,URWPalladioL-Bold,9.962599754333496,166.39,157.66,385.84,167.62,157.66,674.27,166.39,209.44,3. Preliminaries and Mathematical Assumptions
4,0,0,1,0,62,37,URWPalladioL-Ital,9.962599754333496,166.39,171.03,559.67,246.92,171.03,594.97,166.39,35.61,"3.1. UTXO Model UTXO is a special pattern of currency circulation. The transaction constructed with the UTXO model mainly relies on an InputSet and OutputSet to accomplish the currency circulation. Furthermore, the InputSet and OutputSet contain several Inputs and Outputs separately. We elaborate the details in the following section. Tables 1 and 2 present the notations and deﬁnitions covered in this section."
4,1,0,1,0,7,82,URWPalladioL-Bold,8.966400146484375,166.1,259.72,337.76,268.77,259.72,573.12,166.1,257.52,Table 1. Basic notations of UTXO structure.
4,0,0,1,0,11,82,URWPalladioL-Roma,8.966400146484375,233.27,296.85,487.17,316.77,296.85,525.12,233.27,108.11,"Transaction index. pk , sk The key pair of the user."
4,0,0,1,0,7,82,URWPalladioL-Roma,8.966400146484375,367.2,319.1,511.69,328.06,319.1,513.83,367.2,83.59,A signature signed by the secret key.
4,0,0,1,0,13,82,URWPalladioL-Roma,8.966400146484375,239.77,330.39,511.14,350.94,330.39,490.95,239.77,84.14,The hash value of public key. V The transaction value for one object.
4,0,0,1,0,6,82,URWPalladioL-Roma,8.966400146484375,367.76,352.94,511.13,361.9,352.94,479.99,367.76,84.14,The sequence number of the output.
4,0,0,1,0,8,82,URWPalladioL-Roma,8.966400146484375,328.87,363.9,550.02,372.86,363.9,469.03,328.87,45.25,A representative value for the transaction output object.
4,1,0,1,0,7,82,URWPalladioL-Bold,8.966400146484375,166.1,391.54,381.72,400.59,391.54,441.3,166.1,213.55,Table 2. Cryptographic algorithms of UTXO structure.
4,0,0,1,0,6,130,URWPalladioL-Ital,8.759833574295044,55.22,429.78,169.73,440.93,429.78,400.96,55.22,425.54,HashPubKey ( pk ) Hash lock
4,0,0,1,0,18,82,URWPalladioL-Roma,8.966400146484375,51.9,430.65,453.04,457.37,430.65,384.52,51.9,142.24,"Calculating the hash value of the public key. Compare ( Hash lock , H pk ) 0, 1"
4,0,0,1,0,31,130,URWPalladioL-Roma,8.445777773857117,57.52,441.46,535.52,479.04,441.46,362.85,57.52,59.76,"Comparing the public key hash value H pk and transaction output object representative value Hash lock for consistency. Veri f y ( pk , sk , PID t ) 0, 1"
4,0,0,1,0,16,82,URWPalladioL-Roma,8.966400146484375,207.22,463.53,523.7,483.46,463.53,358.43,207.22,71.57,"Verifying the signature. If the veriﬁcation result is true, it returns 1; otherwise, it returns 0."
4,0,0,1,0,16,37,URWPalladioL-Roma,9.962599754333496,166.39,503.98,560.51,530.77,503.98,311.12,166.39,34.77,"3.1.1. Output Output provides transaction object information, which contains two elements, V , H pk :"
4,0,0,1,0,7,130,URWPalladioL-Ital,9.740599768502372,319.97,541.57,405.46,553.78,541.57,288.11,319.97,189.82,"Output ( V , H pk )"
4,0,0,1,0,34,130,URWPalladioL-Roma,9.314785242080688,165.98,565.38,559.28,590.12,565.38,251.77,165.98,36.0,"where H pk is the hash value of the transaction object’s public key, which represents the target of this output, and V represents the transaction value for one object. Notably, both H pk and"
4,0,0,1,0,4,37,URWPalladioL-Ital,9.962599754333496,166.42,590.48,277.9,600.62,590.48,241.27,166.42,317.37,V are public information.
4,0,0,1,0,25,37,URWPalladioL-Roma,9.962599754333496,166.27,613.07,559.28,651.13,613.07,190.76,166.27,36.0,3.1.2. Input The Input of the current transaction is generated based on the previous transaction Output . We illustrate the speciﬁc composition of Input .
4,0,0,1,0,12,130,URWPalladioL-Ital,9.434599796930948,299.69,661.65,426.5,674.83,661.65,167.06,299.69,168.78,"Input ( PID t , N out , pk , sk )"
4,0,0,1,0,18,130,URWPalladioL-Ital,9.205248165130616,188.28,685.16,561.83,698.62,685.16,143.27,188.28,33.45,"Input contains four elements, PID t , sk . PID t represents the retrieval index of the trans-"
4,0,0,1,0,32,130,URWPalladioL-Roma,9.919287045796713,166.27,699.58,559.28,723.79,699.58,118.1,166.27,36.0,"action. The Input of the current transaction is generated based on the previous transaction Output . Therefore, N out is utilized to mark the position of the Output in the output set"
4,0,0,1,0,50,130,URWPalladioL-Roma,9.333285059247698,166.39,722.82,559.28,760.61,722.82,81.28,166.39,36.0,"of the previous transaction. pk is the public key to verify the signature sk , and the sk is the signature of PID t using the secret key corresponding the H pk , which is utilized to prove the legitimacy of the output that is marked by N out ."
5,1,0,1,0,6,112,URWPalladioL-Ital,7.970099925994873,35.49,57.12,118.96,65.23,57.12,776.66,35.49,476.31,"Symmetry 2022 , 14 , 1230"
5,0,0,1,0,3,112,URWPalladioL-Roma,7.970099925994873,536.33,57.26,559.28,65.23,57.26,776.66,536.33,36.0,5 of 22
5,0,0,1,0,68,37,URWPalladioL-Roma,9.962599754333496,166.12,97.67,560.93,173.39,97.67,668.5,166.12,34.34,"3.1.3. Veriﬁcation Mechanism Generally, the InputSet consists of multiple Input . The veriﬁer conﬁrms the legitimacy of the transaction through the following operations. First, it compares whether the hash value of pk in the current Input and H pk in Output that is marked by N out are consis- tent. Second, it veriﬁes the signature with the pk . We explain the veriﬁcation operation in Algorithm 1 ."
5,1,0,1,0,14,37,URWPalladioL-Bold,9.962599754333496,166.01,188.1,325.37,226.27,188.1,615.62,166.01,269.91,Algorithm 1 Veriﬁcation Algorithm. Require: R . Ensure: true or error _ code .
5,0,0,1,0,13,130,URWPalladioL-Roma,9.321945960705097,172.37,226.23,294.96,239.5,226.23,602.39,172.37,300.31,"1: R ( PID t , pk , H pk , sk )"
5,1,0,1,0,10,130,URWPalladioL-Roma,9.630516449610392,172.37,240.04,335.5,250.18,240.04,591.71,172.37,259.78,2: if formal check on the R is ok then
5,0,0,1,0,7,130,URWPalladioL-Roma,9.455956935882568,172.37,251.2,311.29,263.41,251.2,578.48,172.37,283.99,3: Hash lock HashPubKey ( pk )
5,1,0,1,0,37,130,URWPalladioL-Roma,9.564099788665771,172.37,263.95,349.22,317.34,263.95,524.55,172.37,246.05,"4: else return error _ code 5: if Compare ( Hash lock , H pk ) ? = true then 6: if Veri f y ( pk , sk ) ? = true then 7: return ture"
5,1,0,1,0,9,130,URWPalladioL-Roma,8.966349840164185,168.39,319.33,210.17,353.2,319.33,488.69,168.39,385.11,8: end if 9: end if 10: end if
5,1,0,1,0,5,130,URWPalladioL-Roma,9.564099788665771,168.39,355.12,258.42,365.25,355.12,476.64,168.39,336.85,11: return error _ code
5,0,0,1,0,31,37,URWPalladioL-Roma,9.962599754333496,166.39,382.57,559.28,417.64,382.57,424.25,166.39,36.0,"Algorithm 1 involves three main steps, described as follows. Step 1-1 (Step 1 in Algorithm 1 ): The user sends the tuple R to the object located within its communication range."
5,0,0,1,0,13,130,URWPalladioL-Ital,9.434599796930948,310.93,417.7,414.95,431.47,417.7,410.42,310.93,180.33,"R = ( PID t , pk , H pk , sk )"
5,0,0,1,0,45,37,URWPalladioL-Roma,9.962599754333496,166.39,420.23,559.28,488.22,420.23,353.67,166.39,36.0,"(3) After receiving the message, the veriﬁer performs a formal check on the R , which is to conﬁrm the integrity of the message. After this, Equation (4) is leveraged to calculate the hash value of pk . Hash lock = HashPubKey ( pk )"
5,0,0,1,0,112,37,URWPalladioL-Roma,9.962599754333496,165.98,476.72,560.52,595.5,476.72,246.39,165.98,34.75,"(4) The function HashPubKey is utilized to compute the hash value of the public key, which is constructed in a smart contract. Specifically, we implement the hash computation in the smart contract by considering the relevant functions in the standard cryptography library. After the smart contract is deployed to the blockchain, the corresponding public key hash value is obtained by considering the smart contract and using the pk as the input parameter of the smart contract. Step 1-2 (Step 5 in Algorithm 1 ): Comparing whether the hash value of pk in the current Input and H pk in Output that is marked by N out are consistent. Here, Equation (5) is"
5,0,0,1,0,11,130,URWPalladioL-Roma,9.279456956045967,166.39,595.8,430.2,608.02,595.8,233.87,166.39,165.08,leveraged to determine whether Hash lock and H pk are equal.
5,0,0,1,0,11,130,URWPalladioL-Ital,9.42464525049383,287.82,619.54,437.81,634.86,619.54,207.03,287.82,157.46,"Compare ( Hash lock , Hash pk ) ? = true"
5,0,0,1,0,25,22,URWPalladioL-Ital,10.037040710449219,166.39,646.4,559.28,669.15,646.4,172.74,166.39,36.0,"Step 1-3 (Step 6 in Algorithm 1 ): Next, Equation (6) is utilized to verify the validity of the signature based on the asymmetric cryptography."
5,0,0,1,0,12,130,URWPalladioL-Ital,9.57076644897461,314.51,681.39,559.28,695.42,681.39,146.47,314.51,36.0,"Veri f y ( pk , sk ) ? = true (6)"
5,0,0,1,0,15,17,URWPalladioL-Roma,10.061732292175293,166.39,708.4,560.93,730.99,708.4,110.9,166.39,34.35,"Thus, the recipient can verify whether the transaction is valid with the veriﬁca- tion mechanism."
5,0,0,1,0,30,37,URWPalladioL-Ital,9.962599754333496,166.39,743.27,560.93,781.5,743.27,60.39,166.39,34.35,"3.2. Asymmetric Key Encryption Symmetric and asymmetric encryption are the two basic forms of cryptographic en- cryption applications [ 34 ]. The asymmetric cryptographic system uses key pairs, the public"
6,1,0,1,0,6,112,URWPalladioL-Ital,7.970099925994873,35.49,57.12,118.96,65.23,57.12,776.66,35.49,476.31,"Symmetry 2022 , 14 , 1230"
6,0,0,1,0,3,112,URWPalladioL-Roma,7.970099925994873,536.33,57.26,559.28,65.23,57.26,776.66,536.33,36.0,6 of 22
6,0,0,1,0,104,39,URWPalladioL-Roma,9.952631950378418,166.07,97.68,560.93,195.51,97.68,646.38,166.07,34.35,"and private key. It is worth noting that the public key can be broadcast openly in the busi- ness. However, the private key is not publicly available information, and it is critical for the key owner to keep the private key secret. Generally, based on the large prime numbers, the asymmetric keys can be generated with cryptographic algorithms, which is further utilized in constructing the one-way cryptographic algorithm to achieve the asymmetric encryption [ 35 ]. Among various asymmetric encryption types, elliptic curve cryptography (ECC) is a lightweight asymmetric key cryptography method for data encryption and decryption that has received extensive attention and application."
6,0,0,1,0,15,37,URWPalladioL-Ital,9.962599754333496,166.39,207.79,548.39,233.47,207.79,608.42,166.39,46.89,3.3. Mathematical Assumptions We elaborate the following assumptions as the basic requirements for our scheme.
6,1,0,1,0,13,130,URWPalladioL-Bold,9.912535190582275,188.02,238.87,559.27,248.98,238.87,592.91,188.02,36.0,Elliptic Curve Discrete Logarithm Problem. Given a prime number q and one elliptic
6,0,0,1,0,55,130,URWPalladioL-Roma,10.029908657073975,187.72,250.63,559.28,286.67,250.63,555.22,187.72,36.0,"curve E , one point Q in the selected curve E satisﬁes Q = xP , where P , Q G . G is the additive cyclic group with prime order q , and P is the generator of G . If given parameter P and Q , it is difﬁcult to determine x ."
6,1,0,1,0,13,130,URWPalladioL-Bold,9.912535190582275,188.02,289.08,559.27,299.19,289.08,542.7,188.02,36.0,"Computational Difﬁe–Hellman Problem. Given a prime number p , q and one elliptic"
6,0,0,1,0,61,130,URWPalladioL-Roma,9.970605401431813,188.02,300.84,559.48,336.88,300.84,505.01,188.02,35.8,"curve E , two points Q and V in the selected curve E satisfy Q = xP and V = yP , where P , Q , V G . G is the additive cyclic group with prime order q , and P is the generator of G . It is difﬁcult to compute xyP G without x , y Z"
6,0,0,1,0,53,37,URWPalladioL-Ital,9.962599754333496,166.39,365.02,559.48,428.36,365.02,413.53,166.39,35.8,"4.1. Framework of EBAS System In this section, we illustrate the architecture and design goals of our proposal, which is shown in Figure 1 . Our proposal contains two layers, the computing layer and the user layer. The computing layer contains the RTAs and RA. The user layer contains the RSUs and OBUs."
6,1,0,1,0,13,130,URWPalladioL-Bold,10.012166023254395,188.02,435.83,559.28,445.92,435.83,395.97,188.02,36.0,The On-Board Unit (OBU). The On-Board Unit (OBU) is the hardware support to
6,0,0,1,0,42,17,URWPalladioL-Roma,10.061732292175293,188.02,448.41,559.28,496.1,448.41,345.79,188.02,36.0,"assist vehicles in realizing wireless communication. The vehicle equipped with the OBU acts as the launcher of the authentication request. Moreover, the OBU contains a tamper-proof device, which is utilized to store conﬁdential material, such as the secret key [ 36 ]."
6,1,0,1,0,13,130,URWPalladioL-Bold,10.012166023254395,188.02,498.6,559.47,508.68,498.6,333.21,188.02,35.81,Roadside Unit (RSU). The RSUs are stationary devices deployed along the road or
6,0,0,1,0,38,25,URWPalladioL-Roma,10.022196769714355,187.74,511.2,559.56,558.87,511.2,283.02,187.74,35.72,"intersections. RSUs are responsible for broadcasting essential messages within their communication range, such as the RTA’s public key. Moreover, the RSU can support vehicles in accomplishing the process of trafﬁc message uploading when the network environment is poor."
6,1,0,1,0,12,130,URWPalladioL-Bold,9.982485294342041,188.02,561.36,559.67,571.43,561.36,270.46,188.02,35.61,Regional Trusted Authority (RTA). The RTA is responsible for checking the validity
6,0,0,1,0,42,17,URWPalladioL-Roma,10.061732292175293,188.02,573.94,560.93,621.63,573.94,220.26,188.02,34.35,"of received messages and authenticating the message sender’s identity. Moreover, RTAs have sufﬁcient computing power and act as the consensus nodes to main- tain the blockchain. After the authentication, RTAs need to preprocess the trafﬁc messages and issue license coins to vehicles."
6,1,0,1,0,14,130,URWPalladioL-Bold,9.912535190582275,188.02,624.13,559.28,634.16,624.13,207.73,188.02,36.0,Root Authority (RA). The RA is the crucial institution that is responsible for analyzing
6,0,0,1,0,81,20,URWPalladioL-Roma,10.046924591064453,187.63,636.72,561.02,709.5,636.72,132.39,187.63,34.26,"real-time road conditions based on the trafﬁc information preprocessed by the RTA. After this, the RA can make rational responses to critical trafﬁc situations after being informed by the RTA [ 7 ]. Moreover, each vehicle participating in the VANET must be registered in the RA. Meanwhile, the RA is the only institute that can expose the real identity of vehicles. Together with the RTAs, the RA has sufﬁcient computing power and acts as the consensus node to maintain the blockchain."
7,1,0,1,0,6,112,URWPalladioL-Ital,7.970099925994873,35.49,57.12,118.96,65.23,57.12,776.66,35.49,476.31,"Symmetry 2022 , 14 , 1230"
7,0,0,1,0,3,112,URWPalladioL-Roma,7.970099925994873,536.33,57.26,559.28,65.23,57.26,776.66,536.33,36.0,7 of 22
7,0,0,1,0,4,122,TimesNewRomanPSMT,7.191897869110107,195.88,286.72,275.66,294.69,286.72,547.2,195.88,319.62,Vehicle with OBU installed
7,1,0,1,1,1,116,TimesNewRomanPS-BoldMT,7.817280292510986,456.94,222.64,472.57,231.3,222.64,610.59,456.94,122.71,RSU
7,0,0,1,0,3,122,TimesNewRomanPSMT,7.191897869110107,499.94,171.72,545.73,188.28,171.72,653.61,499.94,49.54,Application for registration
7,0,0,1,0,3,122,TimesNewRomanPSMT,7.191897869110107,354.12,161.15,390.91,177.71,161.15,664.18,354.12,204.37,Issuing license coins
7,1,0,1,0,6,82,URWPalladioL-Bold,8.966400146484375,166.39,320.34,296.29,329.39,320.34,512.5,166.39,298.99,Figure 1. The overview of EBAS.
7,0,0,1,0,136,37,URWPalladioL-Ital,9.962599754333496,166.39,339.16,561.02,491.26,339.16,350.63,166.39,34.26,"4.2. Formal Deﬁnitions of the Transaction and License Coin 4.2.1. Transaction Structure As in Figure 2 , we illustrate several parts contained in the transaction. Speciﬁcally, the TransactionPseudonym represents the transaction index, which is generated based on the asymmetric encryption ECC. It would be utilized in retrieving transactions stored in the blockchain state database. Moreover, the Root Authority (RA) can expose the real identity of malicious vehicles based on the TransactionPseudonym . ExpirationTime repre- sents the expiration time of the transaction. TransactionType represents the business type that the transaction would be used for, such as authentication, aggregating license coins, etc. Timestamp and Nonce denote the timestamp and sequence number of transaction genera- tion, respectively. InputSet and OutputSet contain several Inputs and Outputs separately, as elaborated in Section 3.1 . Other records extra information about the transaction."
7,0,1,1,0,4,130,Calibri,11.035752932230631,187.29,575.34,276.42,589.12,575.34,252.77,187.29,318.86,Expiration Time t e
7,0,0,1,0,7,4,Calibri,12.495320320129395,187.27,595.51,250.19,668.66,595.51,173.23,187.27,345.09,Input Set Output Set Timestamp t Nonce
7,0,0,1,0,3,12,Calibri,10.679760932922363,385.34,536.43,501.67,547.11,536.43,294.78,385.34,93.61,Pre-Transaction Output (1)
7,0,0,1,0,3,12,Calibri,10.679760932922363,385.34,551.58,501.67,562.26,551.58,279.63,385.34,93.61,Pre-Transaction Output (2)
7,0,0,1,0,3,12,Calibri,10.679760932922363,385.29,581.91,501.82,592.59,581.91,249.3,385.29,93.46,Pre-Transaction Output (n)
7,1,0,1,0,3,4,Calibri-Bold,12.495320320129395,182.08,700.9,332.88,713.39,700.9,128.5,182.08,262.4,Instant Transaction Structure
7,0,0,1,0,3,12,Calibri,10.679760932922363,385.35,621.81,483.88,632.49,621.81,209.4,385.35,111.4,Transaction Output (1)
7,0,0,1,0,3,12,Calibri,10.679760932922363,385.35,636.96,483.88,647.64,636.96,194.25,385.35,111.4,Transaction Output (2)
7,0,0,1,0,3,12,Calibri,10.679760932922363,385.32,667.29,484.03,677.97,667.29,163.92,385.32,111.25,Transaction Output (n)
7,1,0,1,0,6,82,URWPalladioL-Bold,8.966400146484375,166.39,726.54,335.36,735.59,726.54,106.3,166.39,259.91,Figure 2. The instant transaction structure.
7,0,0,1,0,22,37,URWPalladioL-Roma,9.962599754333496,166.39,745.54,560.52,783.62,745.54,58.27,166.39,34.75,"4.2.2. Transaction Function There are four transaction categories: instant transaction, authentication transaction, aggregation transaction, and original transaction. Speciﬁcally, the instant transaction is"
8,1,0,1,0,6,112,URWPalladioL-Ital,7.970099925994873,35.49,57.12,118.96,65.23,57.12,776.66,35.49,476.31,"Symmetry 2022 , 14 , 1230"
8,0,0,1,0,3,112,URWPalladioL-Roma,7.970099925994873,536.33,57.26,559.28,65.23,57.26,776.66,536.33,36.0,8 of 22
8,0,0,1,0,301,17,URWPalladioL-Roma,10.061732292175293,166.09,97.6,561.02,408.91,97.6,432.98,166.09,34.26,"generated with no speciﬁc functions. When performing one business task, the instant transaction would be redeﬁned as other transaction types. For instance, the instant transac- tion is utilized to participate in the authentication process, which would be redeﬁned as an authentication transaction. The instant transaction is used to aggregate the license coins owned by users, which would be redeﬁned as the aggregation transaction. After a speciﬁc business task, the RTA would upload the transaction to the blockchain state database. The transactions stored in the database are redeﬁned as original transactions, which would be utilized to generate one newest instant transaction. In our scheme, the aggregation transaction signiﬁcantly affects the authentication efﬁciency. The transaction is generated based on the UTXO model, and the veriﬁer needs to check the legitimacy of all Input contained in the InputSet during the authentication process. Therefore, the veriﬁcation for the single Input needs to be replayed multiple times, which consumes extra computing resources. Moreover, all Input in the InputSet are sourced from various previous transactions. These previous transactions need to be stored separately, which would consume additional storage resources. The aforementioned problems negatively affect the authentication efﬁciency. A license coin aggregation mechanism is proposed to address the above issues. The user could generate one instant transaction to aggregate license coins. All licensed coins owned by the user from different outputs would be contained in the Input of this latest instant transaction. It is worth noting that this latest instant transaction performs the aggregation function with one output. After this, this aggregation transaction would be stored in the blockchain state database. Obviously, based on this aggregation trans- action with a single Output , the next instant transaction generated by the user would contain one Input , which decreases the computing resources and time overhead during the authentication process."
8,0,0,1,0,226,37,URWPalladioL-Roma,9.962599754333496,166.27,421.36,561.02,647.71,421.36,194.18,166.27,34.26,"4.2.3. License Coin We deﬁne license coins as the circulating currency of the EBAS system. The license coins are generated by the RTA. The RTA issues license coins to newly registered vehicles or legitimate vehicles involved in the authentication via one transaction. Speciﬁcally, the RTA determines the amount of licensed coins to issue by setting the value of V in the transaction Output . It is worth noting that, based on the UTXO mechanism, the vehicle can only use the Output information in the original transaction to generate the Input of the newest instant transaction. Therefore, vehicles cannot issue or counterfeit license coins. Moreover, the vehicle can participate in the authentication process via consuming a certain amount of license coins. On the contrary, the vehicle cannot generate a valid transaction without license coins and cannot participate in the authentication process. Generally, each transaction generated based on the UTXO model has multiple Inputs and Outputs . The authentication is the outﬂow process, and the license coins are trans- ferred from the vehicles to the RTAs. On the contrary, the new coins are issued, and the license coins are transferred from the RTAs to the vehicles, which is the inﬂow process. In addition, because the transaction InputSet and OutputSet contain multiple Input and Output , respectively, the license coins can be transferred between various entities through one transaction."
8,0,0,1,0,45,37,URWPalladioL-Ital,9.962599754333496,166.04,659.99,559.28,723.33,659.99,118.56,166.04,36.0,"4.3. Formal Security Deﬁnitions Our scheme assumes that the adversary cannot break mathematical assumptions and standard cryptographic primitives. In order to ensure the communication security of the VANET, the proposed scheme should defend against several safety risks in the VANET and satisfy several design goals."
8,1,0,1,0,15,130,URWPalladioL-Bold,9.912535190582275,188.02,730.81,559.83,740.84,730.81,101.05,188.02,35.44,Robustness. The RTAs and RA act as the consensus nodes to jointly maintain the blockchain
8,0,0,1,0,25,17,URWPalladioL-Roma,10.061732292175293,188.02,743.38,559.27,765.97,743.38,75.92,188.02,36.0,"state database in our proposal. Therefore, the system could deal with the business normally when one RTA is in a power failure or downtime condition."
9,1,0,1,0,6,112,URWPalladioL-Ital,7.970099925994873,35.49,57.12,118.96,65.23,57.12,776.66,35.49,476.31,"Symmetry 2022 , 14 , 1230"
9,0,0,1,0,3,112,URWPalladioL-Roma,7.970099925994873,536.33,57.26,559.28,65.23,57.26,776.66,536.33,36.0,9 of 22
9,1,0,1,0,11,130,URWPalladioL-Bold,10.012166023254395,188.02,97.58,559.28,107.67,97.58,734.22,188.02,36.0,Conﬁdentiality. The conﬁdentiality issue of users contains two types: identity and
9,0,0,1,0,67,20,URWPalladioL-Roma,10.046924591064453,188.02,110.17,560.93,182.96,110.17,658.93,188.02,34.34,"location. The proposed scheme should guarantee that a vehicle’s real identity infor- mation can be kept secret. Moreover, because of the open nature of VANETs, internal attackers can obtain other vehicles’ action information by analyzing the broadcast mes- sages in VANETs [ 37 ]. Considering the conﬁdentiality of a user’s location information, the proposed scheme should have anti-tracking capabilities and achieve unlinkability between real identities and transactions."
9,1,0,1,0,11,130,URWPalladioL-Bold,9.912535190582275,188.02,185.45,559.27,195.48,185.45,646.41,188.02,36.0,"Efﬁciency and scalability. Generally, there are a range of authentication requirements"
9,0,0,1,0,42,17,URWPalladioL-Roma,10.061732292175293,188.02,198.03,559.27,245.72,198.03,596.17,188.02,36.0,"that need to be addressed by the RTA. Thus, the scheme should have an efﬁcient transaction veriﬁcation algorithm. Considering the scalability, the proposed scheme should have an effective data management mechanism to address the conﬂict between information retrieval efﬁciency and storage rises."
9,1,0,1,0,14,130,URWPalladioL-Bold,9.950130939483643,188.02,248.22,560.93,258.27,248.22,583.62,188.02,34.34,"Replay attack. The replay attack is a type of man-in-the-middle attack, where the ad-"
9,0,0,1,0,45,130,URWPalladioL-Roma,10.028688112894693,187.74,260.79,560.93,308.49,260.79,533.4,187.74,34.35,"versary maliciously repeats a valid data transmission [ 38 ]. In our scheme, the ad- versary creates one instant transaction to participate in the authentication process, and the transaction’s Input is generated based on one previous transaction output that has been used in another transaction."
9,1,0,1,0,11,130,URWPalladioL-Bold,10.012166023254395,188.02,310.98,559.47,321.07,310.98,520.82,188.02,35.8,Sybil attack. The adversary utilizes multiple identities to communicate with other
9,0,0,1,0,21,57,URWPalladioL-Roma,9.862470626831055,188.02,323.7,559.27,346.14,323.7,495.75,188.02,36.0,"entities simultaneously. Moreover, the adversary can use several identities to broadcast a series of false information and disturb the trafﬁc order."
9,1,0,1,0,11,130,URWPalladioL-Bold,10.012166023254395,188.02,348.64,559.67,358.72,348.64,483.17,188.02,35.61,Identity revealing attack. The attacker illegally obtains the vehicle’s real identity
9,0,0,1,0,15,17,URWPalladioL-Roma,10.061732292175293,188.02,361.22,559.27,383.8,361.22,458.09,188.02,36.0,"information. Furthermore, the attacker can easily track the entity based on the real identity information."
9,1,0,1,0,11,130,URWPalladioL-Bold,10.012166023254395,188.02,386.3,559.28,396.38,386.3,445.51,188.02,36.0,Location tracking attack. The attacker obtains the user’s trajectory by analyzing
9,0,0,1,0,11,37,URWPalladioL-Roma,9.962599754333496,188.02,398.95,496.02,408.91,398.95,432.98,188.02,99.25,"location and path information, which causes a threat to users’ privacy."
9,1,0,1,0,12,130,URWPalladioL-Bold,10.012166023254395,188.02,411.4,561.02,421.49,411.4,420.4,188.02,34.26,Repudiation attack. The entity denies messages or facts that have been presented.
9,0,0,1,0,14,22,URWPalladioL-Roma,10.037040710449219,187.63,424.0,559.27,446.57,424.0,395.32,187.63,36.01,Anonymous authentication techniques may be abused by malicious users to escape from their liabilities.
9,1,0,1,0,15,37,URWPalladioL-Bold,9.962599754333496,166.39,458.93,504.39,479.35,458.93,362.54,166.39,90.89,5. EBAS: An Efﬁcient Blockchain-Based Authentication Scheme for Secure Communication in Vehicular Ad Hoc Network
9,0,0,1,0,58,29,URWPalladioL-Roma,10.002370834350586,166.4,484.99,560.93,532.64,484.99,309.25,166.4,34.34,"Entities of the user layer must be registered in the RA. After the registration, the vehicles have the qualification to generate the instant transaction and participate in the authentica- tion process. We illustrate the entity registration process and several mechanisms related to the authentication in this section. Moreover, the notations and definitions are listed in Table 3 ."
9,1,0,1,0,8,82,URWPalladioL-Bold,8.966400146484375,166.1,546.87,364.29,555.92,546.87,285.97,166.1,230.99,Table 3. Basic notations and deﬁnitions of system.
9,0,0,1,0,6,82,URWPalladioL-Roma,8.966400146484375,351.13,584.0,499.42,592.96,584.0,248.93,351.13,95.86,The retrieval index of the transaction.
9,0,0,1,0,8,82,URWPalladioL-Roma,8.966400146484375,303.42,594.96,547.13,603.92,594.96,237.97,303.42,48.15,Encrypted ciphertext of identity information with master key.
9,0,0,1,0,5,130,URWPalladioL-Ital,8.169360160827637,212.91,616.72,245.24,626.5,616.72,215.39,212.91,350.04,"pk m , sk m"
9,0,0,1,0,6,82,URWPalladioL-Roma,8.966400146484375,364.61,616.87,485.93,625.84,616.87,216.05,364.61,109.35,The master key pair of system.
9,0,0,1,0,5,130,URWPalladioL-Ital,8.169360160827637,215.62,627.68,242.46,637.46,627.68,204.43,215.62,352.82,"pk r , sk r"
9,0,0,1,0,5,82,URWPalladioL-Roma,8.966400146484375,384.35,627.83,466.2,636.8,627.83,205.09,384.35,129.08,The key pair of RTA.
9,0,0,1,0,5,130,URWPalladioL-Ital,8.169360160827637,214.85,638.64,243.3,648.42,638.64,193.47,214.85,351.97,"pk v , sk v"
9,0,0,1,0,10,82,URWPalladioL-Roma,8.966400146484375,227.57,638.79,497.03,658.72,638.79,183.17,227.57,98.25,The key pair of vehicles. t Timestamp of transaction execution.
9,0,0,1,0,8,82,URWPalladioL-Roma,8.966400146484375,333.96,660.71,516.59,669.68,660.71,172.21,333.96,78.69,Codes of the region where entities are located.
9,0,0,1,0,9,82,URWPalladioL-Roma,8.966400146484375,225.01,671.67,508.31,691.59,671.67,150.3,225.01,86.96,The instant transaction for authentication. M Uploaded trafﬁc messages.
9,0,0,1,0,18,82,URWPalladioL-Roma,8.966400146484375,218.03,693.43,543.02,713.51,693.43,128.38,218.03,52.26,The signature for t and M generated by vehicle’s secret key. nonce The serial number of uploaded message.
9,0,0,1,0,21,37,URWPalladioL-Ital,9.962599754333496,166.1,731.87,559.67,770.1,731.87,71.79,166.1,35.61,"5.1. Initialization In the system initialization process, the RA is responsible for generating master key pairs and accomplishing user-layer entity registration."
10,1,0,1,0,6,112,URWPalladioL-Ital,7.970099925994873,35.49,57.12,118.96,65.23,57.12,776.66,35.49,476.31,"Symmetry 2022 , 14 , 1230"
10,0,0,1,0,3,112,URWPalladioL-Roma,7.970099925994873,532.34,57.26,559.28,65.23,57.26,776.66,532.34,36.0,10 of 22
10,0,0,1,0,20,37,URWPalladioL-Roma,9.962599754333496,166.39,97.67,560.93,123.15,97.67,718.74,166.39,34.35,"5.1.1. The Master Key Pair Generation In our scheme, the user’s private information (e.g., identity) is encrypted with the mas-"
10,0,0,1,0,183,130,URWPalladioL-Roma,9.321942329406738,166.39,125.6,560.53,242.82,125.6,599.07,166.39,34.75,"ter key pair ( sk m , pk m ). Moreover, the transaction pseudonym is also generated with the public key pk m . The master key pair generation details are as follows: The RA selects an elliptic curve E: y 2 = x 3 + Ax + B mod p , where p > 5 is a prime, A , B Z p and constants with 4 A 3 + 27 B 2 = 0. Let E ( Z p ) denote the set of pairs ( x , y ) Z p Z p along with O, which is the point at inﬁnity. The RA generates the master key pair ( sk m , pk m ) based on elliptic curve cryptography (ECC) [ 39 ]. The RTA chooses a random number as its secret key sk r E ( Z p ) , and then computes the corresponding public key pk r = sk r E ( Z p ) . The RTA stores the key pair ( sk r , pk r ) locally and broadcasts via the RSUs."
10,0,0,1,0,14,17,URWPalladioL-Roma,10.061732292175293,187.65,249.63,559.27,259.7,249.63,582.19,187.65,36.0,"In the master key pair generation procedure, the RA ﬁrst selects an elliptic curve"
10,0,0,1,0,44,130,URWPalladioL-Roma,9.321942329406738,166.39,262.09,559.67,285.46,262.09,556.43,166.39,35.61,"E. Based on the curve E, the RA generates the master key pair ( pk m , sk m ), and the RTA generates the key pair ( pk r , sk r ). The master key is mainly utilized to encrypt the user"
10,0,0,1,0,12,37,URWPalladioL-Roma,9.962599754333496,166.39,287.36,494.86,297.33,287.36,544.56,166.39,100.42,"identity, and the RTA’s key is mainly utilized in the transaction generation."
10,0,0,1,0,13,37,URWPalladioL-Roma,9.962599754333496,166.39,309.78,442.13,335.31,309.78,506.58,166.39,153.15,"5.1.2. User-Layer Entity Registration In effect, each RTA has a disjoint management region."
10,0,0,1,0,117,17,URWPalladioL-Roma,10.061732292175293,165.98,325.25,559.66,465.81,325.25,376.08,165.98,35.61,"Each entity participates in the registration process by submitting its real identity information to the RA. The RA generates the entity’s pseudonym via encrypting the received real identity information with the master key. After this, the RA forwards the registration results to the corresponding RTA. The RTA utilizes one registration transaction to issue n license coins to the registered entity to initialize authentication permissions. Moreover, this registration transaction would be uploaded to the database as the original pioneer transaction. The details of the user-layer entity registration are as follows: The entity in the user layer submits its real identity material to the RA. The RA veriﬁes the legitimacy of the received material. After this, the RA generates"
10,0,0,1,0,14,130,URWPalladioL-Roma,9.36484980583191,188.02,468.21,537.21,480.43,468.21,361.46,188.02,58.06,the E id via encrypting the entity’s real identity information with the master key.
10,0,0,1,0,48,37,URWPalladioL-Roma,9.962599754333496,188.02,480.94,559.28,528.56,480.94,313.33,188.02,36.0,"The RA gives authorization to the user for the transaction generation. The RA forwards the registration results to the corresponding RTA. The RTA utilizes one registration transaction to issue n license coins to the registered entity to initialize authentication permissions, which can be utilized in the authentication process."
10,0,0,1,0,21,130,URWPalladioL-Roma,9.36484980583191,187.65,535.96,411.47,571.1,535.96,270.79,187.65,183.81,We deﬁne the generation of E id as follows: Cipher id = E pk m ( m id || t )
10,0,0,1,0,6,130,CMR10,9.77334976196289,332.78,587.32,410.22,599.53,587.32,242.36,332.78,185.05,= Slice ( Cipher id )
10,0,0,1,0,17,37,URWPalladioL-Roma,9.962599754333496,165.98,588.29,559.67,619.16,588.29,222.73,165.98,35.61,(8) where t is the timestamp of the entity registration. m id represents the entity’s real identity
10,0,0,1,0,14,130,URWPalladioL-Roma,8.829176425933838,166.39,619.49,559.28,632.82,619.49,209.07,166.39,36.0,information. E pk m represents the encrypted operation. Cipher id is ciphertext. The operation
10,0,0,1,0,16,130,URWPalladioL-Roma,9.995725949605307,166.39,632.05,560.52,642.2,632.05,199.69,166.39,34.76,"of the function Slice is to intercept the ﬁrst 20 characters of the target ﬁeld (hexadecimal),"
10,0,0,1,0,26,130,URWPalladioL-Roma,9.36484980583191,165.98,644.6,559.28,669.35,644.6,172.54,165.98,36.0,"which is utilized to generate E id . Finally, the RA stores the entity’s E id and Cipher id as key value pairs in the blockchain"
10,0,0,1,0,17,17,URWPalladioL-Roma,10.061732292175293,166.39,669.81,559.27,679.87,669.81,162.02,166.39,36.0,"state database. It is worth noting that the RTAs and RA are the consensus node, so each"
10,0,0,1,0,11,130,URWPalladioL-Roma,9.36484980583191,166.39,682.26,416.0,694.48,682.26,147.41,166.39,179.28,RTA can retrieve the E id in the blockchain state database.
10,0,0,1,0,25,37,URWPalladioL-Ital,9.962599754333496,166.39,704.68,559.47,742.91,704.68,98.98,166.39,35.8,"5.2. Transaction Generation There are two computation operations in the transaction generation process, key pair generation and transaction pseudonym generation. The details are as follows."
11,1,0,1,0,6,112,URWPalladioL-Ital,7.970099925994873,35.49,57.12,118.96,65.23,57.12,776.66,35.49,476.31,"Symmetry 2022 , 14 , 1230"
11,0,0,1,0,3,112,URWPalladioL-Roma,7.970099925994873,532.34,57.26,559.28,65.23,57.26,776.66,532.34,36.0,11 of 22
11,0,0,1,0,131,37,URWPalladioL-Roma,9.962599754333496,166.39,97.67,560.93,232.95,97.67,608.94,166.39,34.35,"5.2.1. Key Pair Generation In our scheme, the newest instant transaction is generated based on the original transac- tion. The license coin information stored in the original transaction Output would be utilized in the newest instant transaction Input . The details of key pair generation are as follows: The vehicle calls the instant transaction generation algorithm. The OBU chooses a random number as its secret key sk v E ( Z p ) , and computes the corresponding public key pk v = sk v E ( Z p ) . The vehicle stores the key pair ( sk v , pk v ) locally. After this, the secret key is stored in the tamper-proof device. Moreover, we assume that this phase has no privacy disclosure and security attack risk threat."
11,0,0,1,0,52,37,URWPalladioL-Roma,9.962599754333496,166.09,245.4,561.02,308.56,245.4,533.33,166.09,34.26,"5.2.2. Transaction Pseudonym Generation The transaction pseudonym acts as the retrieval index of the transaction. Moreover, the transaction pseudonym is utilized for conditional privacy protection and non-reputation. The vehicle generates the transaction pseudonym using the RTA public key broadcast periodically via the RSU. The details of transaction pseudonym generation are as follows:"
11,0,0,1,0,15,130,URWPalladioL-Ital,9.198833147684732,310.82,320.51,415.02,333.57,320.51,508.32,310.82,180.26,EC trans = E pk r ( E id || t || C r )
11,0,0,1,0,6,130,CMR10,9.77334976196289,343.82,349.79,415.95,361.4,349.79,480.49,343.82,179.33,= Slice ( EC trans )
11,0,0,1,0,36,130,URWPalladioL-Ital,8.70589828491211,166.39,369.41,559.28,393.6,369.41,448.29,166.39,36.0,C r is the regional code where the vehicle is located. E pk r is an asymmetric encryption operation based on the RTA public key pk r . PS trans is the transaction pseudonym. PS trans
11,0,0,1,0,16,130,URWPalladioL-Roma,9.352380990982056,166.39,394.51,561.02,406.14,394.51,435.75,166.39,34.25,and the ciphertext EC trans are recorded in the blockchain state database as key value pairs.
11,0,0,1,0,22,37,URWPalladioL-Ital,9.962599754333496,166.39,416.93,559.27,455.16,416.93,386.73,166.39,36.0,"5.3. Message Authentication In the following section, we illustrate the authentication procedure and issuance of license coins. The details are as follows."
11,0,0,1,0,17,37,URWPalladioL-Roma,9.962599754333496,166.39,467.61,544.47,493.12,467.61,348.77,166.39,50.8,5.3.1. Authentication Operation We elaborate the authentication between the entity of the user layer and the RTA.
11,1,0,1,0,31,130,URWPalladioL-Bold,9.745236136696555,188.02,500.21,559.27,523.58,500.21,318.31,188.02,36.0,"Step1: The vehicle sends the message Trans au , t , nonce , M to the RTA. Step2: Based on the received Trans au , the RTA retrieves the original transactions"
11,0,0,1,0,40,130,URWPalladioL-Roma,10.028688112894693,187.72,525.31,559.27,560.58,525.31,281.31,187.72,36.0,"involved in the Input in the blockchain state database. Suppose that the retrieval procedure is successful, as described in Section 3.1.3 . In this case, the RTA checks the validity of the signature based on the asymmetric cryptography and compares"
11,0,0,1,0,33,130,URWPalladioL-Roma,9.36484980583191,188.02,562.97,558.68,591.02,562.97,250.87,188.02,36.59,"the hash value of the public key with the Hash lock stored in the original transaction. M is ciphertext for the trafﬁc report, which is generated with pk r . The signature au"
11,0,0,1,0,14,130,URWPalladioL-Roma,9.669045014814897,166.39,590.89,353.09,603.57,590.89,238.32,166.39,242.18,for ( t || M ) is generated using sk v . The au
11,0,0,1,0,35,130,URWPalladioL-Roma,9.475325372483995,166.01,592.75,561.02,627.99,592.75,213.9,166.01,34.26,"and sk v are contained in the Input of Trans au . Afterward, based on the transaction update mechanism, the vehicle generates one newest instant transaction to implement the next authentication or license coin aggregation."
11,0,0,1,0,21,37,URWPalladioL-Roma,9.962599754333496,166.39,640.44,559.27,678.5,640.44,163.39,166.39,36.0,"5.3.2. Issuance of License Coins The RTA will issue license coins to vehicles successfully authenticated, and the details are as follows:"
11,1,0,1,0,19,37,URWPalladioL-Bold,9.962599754333496,188.02,685.67,561.6,708.25,685.67,133.64,188.02,33.68,Step1: The RTA implements the authentication operations. Step2: The RTA generates one instant transaction locally and calculates the Lockinghash
11,0,0,1,0,6,37,URWPalladioL-Roma,9.962599754333496,188.02,710.87,334.25,720.83,710.87,121.06,188.02,261.02,based on the vehicle’s public key.
11,1,0,1,0,16,130,URWPalladioL-Bold,9.947633266448975,187.95,723.33,559.27,733.37,723.33,108.52,187.95,36.0,Step3: The RTA sends the instant transaction to the RTAs and stores it in the blockchain
11,0,0,1,0,14,17,URWPalladioL-Roma,10.061732292175293,188.03,735.9,560.93,758.49,735.9,83.4,188.03,34.35,state database. The RTAs broadcast the received instant transaction in the manage- ment region.
11,1,0,1,0,10,130,URWPalladioL-Bold,9.937630653381348,188.02,760.99,560.93,771.03,760.99,70.86,188.02,34.35,Step4: Vehicles accomplishing the authentication process execute the license aggrega-
12,1,0,1,0,6,112,URWPalladioL-Ital,7.970099925994873,35.49,57.12,118.96,65.23,57.12,776.66,35.49,476.31,"Symmetry 2022 , 14 , 1230"
12,0,0,1,0,3,112,URWPalladioL-Roma,7.970099925994873,532.34,57.26,559.28,65.23,57.26,776.66,532.34,36.0,12 of 22
12,0,0,1,0,105,37,URWPalladioL-Ital,9.962599754333496,166.01,97.5,561.02,241.14,97.5,600.75,166.01,34.26,"5.4. Transaction Conﬁrmation We deﬁne the process of checking the legitimacy of the transaction as transaction conﬁrmation, which contains several operations, such as retrieve, veriﬁcation, and storage. After the transaction conﬁrmation process, the original transaction would be replaced by the latest veriﬁed transaction. The details are as follows: In the blockchain state database, the previous transaction involved in Input would be retrieved through the transaction pseudonym. The system veriﬁes the signature and compares the hash value of public key, which has been illustrated in Section 3.1.3 . The transaction would be stored in the database as the latest original transaction to replace the previous one."
12,0,0,1,0,98,37,URWPalladioL-Ital,9.962599754333496,166.39,253.42,560.93,366.97,253.42,474.92,166.39,34.34,"5.5. Aggregation Transaction The RTA will issue license coins to the corresponding vehicle successfully authenti- cated through one instant transaction. The vehicle utilizes the aggregation transaction to aggregate all owned coins existing in other transactions. Based on the other transactions, the vehicle constructs several Input contained in the aggregation transaction. Afterward, the vehicle constructs aggregated transaction Output based on the local key pair. This ag- gregation transaction is uploaded to the RTA, and the RTA executes the transaction authen- tication process. Finally, this aggregation transaction would be stored in the blockchain state database as the newest original transaction."
12,0,0,1,0,133,37,URWPalladioL-Ital,9.962599754333496,166.39,379.25,560.52,560.54,379.25,281.35,166.39,34.75,"5.6. Transaction Update As shown in Figure 3 , we deﬁne the conversion between different types of transactions as an update process. Based on the transaction update mechanism, our proposal can guarantee scalability. The details of the transaction update are as follows: The instant transaction is utilized in authentication or in aggregating license coins, and the instant transaction is redeﬁned as an authentication transaction or aggregation transaction. Authentication or aggregating license coins would be accomplished via the transaction conﬁrmation process, and the transaction would be the newest original transaction stored in the blockchain state database. Based on the original transaction, the user can construct the Input , which would be contained in one newest instant transaction. Afterward, the newest instant transaction can be utilized in the next authentication process or license coin aggregation."
12,1,0,1,0,3,130,Calibri-Bold,6.758829355239868,201.47,618.59,241.41,627.32,618.59,214.57,201.47,353.87,Original TX 1
12,1,0,1,0,3,130,Calibri-Bold,6.758829355239868,202.89,643.74,239.98,652.5,643.74,189.39,202.89,355.29,Instant TX 1
12,1,0,1,0,3,130,Calibri-Bold,6.758829355239868,201.94,669.06,240.93,677.81,669.06,164.08,201.94,354.35,Specific TX 1
12,1,0,1,0,3,64,Calibri-Bold,9.585248947143555,174.61,726.49,300.85,736.08,726.49,105.81,174.61,294.42,Transaction Update Mechanism
12,1,0,1,1,1,8,Calibri-Bold,10.896052360534668,355.37,585.32,373.52,596.22,585.32,245.67,355.37,221.75,RTA
12,1,0,1,0,3,130,Calibri-Bold,6.758829355239868,289.81,619.29,329.74,628.05,619.29,213.84,289.81,265.54,Original TX 2
12,1,0,1,0,3,130,Calibri-Bold,6.758829355239868,291.22,644.46,328.31,653.2,644.46,188.69,291.22,266.97,Instant TX 2
12,1,0,1,0,3,130,Calibri-Bold,6.758829355239868,290.27,669.77,329.27,678.53,669.77,163.36,290.27,266.01,Specific TX 2
12,1,0,1,0,3,130,Calibri-Bold,6.758829355239868,377.91,618.6,417.84,627.36,618.6,214.53,377.91,177.43,Original TX 3
12,1,0,1,0,3,130,Calibri-Bold,6.758829355239868,379.33,643.78,416.41,652.53,643.78,189.36,379.33,178.86,Instant TX 3
12,1,0,1,0,3,130,Calibri-Bold,6.758829355239868,378.39,669.09,417.36,677.85,669.09,164.04,378.39,177.91,Specific TX 3
12,1,0,1,0,3,130,Calibri-Bold,6.758829355239868,487.52,618.8,527.62,627.56,618.8,214.33,487.52,67.66,Original TX n
12,1,0,1,0,3,130,Calibri-Bold,6.758829355239868,488.94,643.95,526.19,652.71,643.95,189.18,488.94,69.09,Instant TX n
12,1,0,1,0,3,130,Calibri-Bold,6.758829355239868,487.99,669.28,527.14,678.04,669.28,163.85,487.99,68.14,Specific TX n
12,1,0,1,0,6,82,URWPalladioL-Bold,8.966400146484375,166.39,748.87,346.02,757.92,748.87,83.97,166.39,249.26,Figure 3. The transaction update mechanism.
13,1,0,1,0,6,112,URWPalladioL-Ital,7.970099925994873,35.49,57.12,118.96,65.23,57.12,776.66,35.49,476.31,"Symmetry 2022 , 14 , 1230"
13,0,0,1,0,3,112,URWPalladioL-Roma,7.970099925994873,532.34,57.26,559.28,65.23,57.26,776.66,532.34,36.0,13 of 22
13,0,0,1,0,29,33,URWPalladioL-Roma,9.982504844665527,166.39,97.66,559.69,132.74,97.66,709.15,166.39,35.58,"Through the transaction update process, we achieve the replacement of old and new transaction data stored in the blockchain state database, thereby guaranteeing the scalability of the storage level."
13,1,0,1,0,6,37,URWPalladioL-Bold,9.962599754333496,166.39,145.1,388.36,155.06,145.1,686.83,166.39,206.92,6. Security Analysis and Performance Evaluation
13,0,0,1,0,21,44,URWPalladioL-Roma,9.927669525146484,166.39,160.76,559.28,183.25,160.76,658.64,166.39,36.0,"In this section, we implement the performance evaluation and prove that our scheme can effectively defend against several common security threats."
13,0,0,1,0,3,37,URWPalladioL-Ital,9.962599754333496,166.39,195.53,256.3,205.5,195.53,636.39,166.39,338.98,6.1. Security Analysis
13,1,0,1,0,13,37,URWPalladioL-Bold,9.962599754333496,166.07,211.08,468.15,221.12,211.08,620.77,166.07,127.13,Theorem 1. Our proposal can resist the replay attack and the Sybil attack.
13,1,0,1,0,13,130,URWPalladioL-Bold,9.937630653381348,166.39,235.66,560.93,245.71,235.66,596.18,166.39,34.35,"Proof. During the transaction conﬁrmation procedure, the RTA needs to retrieve the origi-"
13,0,0,1,0,95,43,URWPalladioL-Roma,9.932666778564453,166.1,248.33,560.93,358.7,248.33,483.19,166.1,34.35,"nal transaction. Moreover, the original transaction would be replaced after the transaction conﬁrmation process. Therefore, the attacker cannot utilize one previous Output from the transaction that is not stored in the blockchain state database to generate one valid transaction. Moreover, each transaction has its expiration time and timestamp. Our scheme can effectively resist replay attacks. Based on the transaction update mechanism, the newest instant transaction generation is executed based on the original transaction. Therefore, the attacker cannot forge multi- ple transactions to participate in the authentication process. Therefore, our scheme can effectively resist Sybil attacks."
13,1,0,1,0,13,130,URWPalladioL-Bold,9.925098896026611,166.07,373.12,560.52,383.11,373.12,458.78,166.07,34.76,"Theorem 2. Our scheme can effectively achieve privacy preservation in the authentication process,"
13,0,0,1,0,9,37,URWPalladioL-Ital,9.962599754333496,166.39,385.62,493.93,395.58,385.62,446.31,166.39,101.34,including defense against identity-revealing attacks and locating tracking attacks.
13,1,0,1,0,15,130,URWPalladioL-Bold,9.942634105682373,166.39,410.21,559.27,420.25,410.21,421.64,166.39,36.01,"Proof. In our proposal, the user’s real identity information is encrypted and stored by the"
13,0,0,1,0,27,17,URWPalladioL-Roma,10.061732292175293,166.39,422.79,561.02,445.37,422.79,396.52,166.39,34.25,"RA. The RA has sufﬁcient security levels, and the attacker cannot acquire the user’s real identity by obtaining the RA’s private key or breaking standard cryptographic primitives."
13,0,0,1,0,28,130,URWPalladioL-Roma,9.414416074752808,166.39,447.79,559.28,472.53,447.79,369.36,166.39,36.0,"Moreover, in the generation process of the PS trans , timestamp ﬁelds facilitate no critical connection between Cipher id and the real identity. Therefore, the proposed scheme achieves"
13,0,0,1,0,4,37,URWPalladioL-Roma,9.962599754333496,166.1,473.07,383.28,483.03,473.07,358.86,166.1,212.0,privacy-preserving and anti-tracking capabilities.
13,1,0,1,0,11,37,URWPalladioL-Bold,9.962599754333496,166.07,497.4,489.81,507.44,497.4,334.45,166.07,105.47,Theorem 3. Our scheme can ensure the non-repudiation of published messages.
13,1,0,1,0,16,130,URWPalladioL-Bold,9.524052810668945,166.39,521.91,559.28,534.16,521.91,307.73,166.39,36.0,"Proof. When a selﬁsh or malicious entity denies presented messages or facts, its E id can"
13,0,0,1,0,37,130,URWPalladioL-Roma,9.414416074752808,165.98,534.46,559.66,559.21,534.46,282.68,165.98,35.61,"be exposed via decrypting the EC trans . Therefore, the RTA can track the malicious entity with the assistance of the E id . Furthermore, the RTA forwards the E id to the RA, and the RA"
13,0,0,1,0,21,46,URWPalladioL-Roma,9.9176664352417,166.39,559.78,559.28,582.26,559.78,259.63,166.39,36.0,"can expose the real identity information of the malicious entity. Therefore, our scheme can effectively ensure the non-repudiation of published messages."
13,0,0,1,0,183,37,URWPalladioL-Ital,9.962599754333496,166.04,594.54,560.93,770.88,594.54,71.01,166.04,34.34,"6.2. Performance Evaluation In this subsection, through theoretical analysis and simulation, we evaluate the per- formance of the proposed scheme. We deploy the Hyperledger Fabric V2.0.0 on Ubuntu V16.04 running on a machine with Intel(R) Core(TM) i5-6200U CPU @ 2.30 GHz and 4 GB RAM. Furthermore, we construct a consortium blockchain with four peer nodes belonging to two organizations, namely org 1 and org 2, three order nodes, and one client node. The op- erations involved in our scheme are executed via chaincode . Moreover, we implement the communication simulation using NS-2, and measure the related communication delay. LevelDB is selected as the blockchain state database (statedb) to store the original transactions in the form of key / value . It is worth noting that the key utilized to retrieve the database is irregular and discontinuous, owing to the discreteness of the transaction pseudonym. However, the LevelDB has an excellent performance in reading/writing continuously, while it is poor for random keys [ 40 ]. Therefore, the scalability and efﬁciency of our scheme are inﬂuenced by the statedb performance. We address the above issues"
14,1,0,1,0,6,112,URWPalladioL-Ital,7.970099925994873,35.49,57.12,118.96,65.23,57.12,776.66,35.49,476.31,"Symmetry 2022 , 14 , 1230"
14,0,0,1,0,3,112,URWPalladioL-Roma,7.970099925994873,532.34,57.26,559.28,65.23,57.26,776.66,532.34,36.0,14 of 22
14,0,0,1,0,23,17,URWPalladioL-Roma,10.061732292175293,166.39,97.6,559.27,120.19,97.6,721.7,166.39,36.0,"and present the related simulation in the following section. In addition, we evaluate the authentication overhead and compare our scheme with related others."
14,0,0,1,0,51,37,URWPalladioL-Roma,9.962599754333496,166.39,132.64,559.27,183.23,132.64,658.66,166.39,36.0,"6.2.1. Storage Cost and Retrieval Overhead We implement a series of simulations to estimate the storage cost in the proposed scheme. As Figure 4 shows, original transactions are scaled from 10 to 12 10 4 , and the storage cost shows an upward tendency with a non-linear trend. Speciﬁcally, when original"
14,0,0,1,0,20,130,URWPalladioL-Roma,9.182183583577475,166.39,183.94,560.93,195.81,183.94,646.08,166.39,34.35,"transactions are in 10 5 , the static storage cost is 42.3 M, and it shows an upward trend fol-"
14,0,0,1,0,96,57,URWPalladioL-Roma,9.862470626831055,166.1,198.47,560.93,283.68,198.47,558.21,166.1,34.35,"lowing the increase in the number of original transactions. Moreover, based on the retrieval properties of the blockchain state database, we further simulate the retrieval performance under various orders of storage magnitude, which is shown in Figure 4 . Obviously, the time overhead of the retrieval operation is ever-mounting with the increase in storage. In par- ticular, the retrieval overhead presents a clear upward trend from the original transaction in 60 k. Furthermore, when the storage is large enough, the time delay shows an irregular upward trend, and the retrieval efﬁciency is degraded [ 40 ]."
14,1,0,1,0,4,16,Times-Bold,10.314159393310547,167.45,323.6,177.76,453.36,323.6,388.53,167.45,417.51,Storage cost of database(MB)
14,1,0,1,0,6,107,Times-Bold,8.43897533416748,223.64,309.27,310.6,327.58,309.27,514.31,223.64,284.68,Storage cost of database Retrieval time
14,1,0,1,0,8,82,URWPalladioL-Bold,8.966400146484375,166.39,520.0,363.03,529.05,520.0,312.84,166.39,232.25,Figure 4. The storage cost and retrieval overhead.
14,0,0,1,0,30,48,URWPalladioL-Roma,9.90765380859375,166.39,541.79,560.92,564.26,541.79,277.63,166.39,34.35,"Besides, as shown in Figure 5 , we also compare the retrieval overhead when the num- ber of vehicles varies. The single vehicle accomplishes the retrieval operation within 8 ms"
14,0,0,1,0,17,130,URWPalladioL-Roma,9.3236403465271,166.39,564.95,559.28,576.8,564.95,265.09,166.39,36.0,"under the condition of storage in 12 10 4 . Based on the simulation, the retrieval overhead"
14,0,0,1,0,6,37,URWPalladioL-Roma,9.962599754333496,166.39,579.41,349.8,589.37,579.41,252.52,166.39,245.48,is tolerable for the authentication process.
14,0,0,1,0,134,37,URWPalladioL-Roma,9.962599754333496,166.39,601.82,560.93,727.75,601.82,114.14,166.39,34.35,"6.2.2. Analysis of Scalability In our scheme, we construct a transaction update mechanism to maintain the stor- age of the blockchain state database at a stable level. The RTA needs to store the data in the blockchain state database with extra time overhead when the transaction conﬁr- mation process is executed. Without the transaction update mechanism, we observe that the amount of data stored in the database and the retrieval time overhead show a near-linear upward trend as the number of transaction conﬁrmations grows. Under the simulation, the storage cost increases by 5.8 M when the number of transaction conﬁrmations is scaled from 0 to 10,000. In addition, as the statedb has a data compression mechanism [ 41 ], the curve of storage cost has three descending processes, as shown in Figure 6 a."
15,1,0,1,0,6,112,URWPalladioL-Ital,7.970099925994873,35.49,57.12,118.96,65.23,57.12,776.66,35.49,476.31,"Symmetry 2022 , 14 , 1230"
15,0,0,1,0,3,112,URWPalladioL-Roma,7.970099925994873,532.34,57.26,559.28,65.23,57.26,776.66,532.34,36.0,15 of 22
15,1,0,1,0,15,97,Times-Bold,8.866259574890137,465.9,167.36,548.28,217.2,167.36,624.69,465.9,47.0,Number of vehicles=1 Number of vehicles=2 Number of vehicles=3 Number of vehicles=4 Number of vehicles=5
15,1,0,1,0,11,82,URWPalladioL-Bold,8.966400146484375,166.39,327.6,519.96,336.65,327.6,505.24,166.39,75.32,Figure 5. The retrieval overhead of multi-vehicles participating in authentication process.
15,1,0,1,0,6,119,TimesNewRomanPS-BoldMT,7.3244476318359375,75.06,470.64,276.74,477.97,470.64,363.92,75.06,318.54,0 2000 4000 6000 8000 10000
15,1,0,1,0,4,101,TimesNewRomanPS-BoldMT,8.779472351074219,102.01,477.8,238.28,486.58,477.8,355.31,102.01,357.0,Number of transaction confirmation
15,1,0,1,0,4,124,TimesNewRomanPS-BoldMT,6.855880260467529,218.2,445.24,253.69,461.32,445.24,380.57,218.2,341.58,Time delay Storage cost
15,1,0,1,0,3,112,URWPalladioL-Roma,7.970099925994873,164.16,491.35,173.46,499.4,491.35,342.49,164.16,421.82,( a )
15,1,0,1,0,6,121,TimesNewRomanPS-BoldMT,7.277184009552002,329.78,468.56,530.96,475.84,468.56,366.05,329.78,64.31,0 2000 4000 6000 8000 10000
15,1,0,1,0,4,102,TimesNewRomanPS-BoldMT,8.732621192932129,359.94,477.92,495.5,486.66,477.92,355.23,359.94,99.77,Number of transaction confirmation
15,1,0,1,0,4,127,TimesNewRomanPS-BoldMT,6.804166793823242,468.0,442.81,503.3,459.05,442.81,382.84,468.0,91.98,Time delay Storage cost
15,1,0,1,0,3,112,URWPalladioL-Roma,7.970099925994873,417.81,491.35,427.98,499.4,491.35,342.49,417.81,167.29,( b )
15,1,0,1,0,35,130,URWPalladioL-Bold,8.92360544204712,166.39,514.22,560.77,536.08,514.22,305.81,166.39,34.51,Figure 6. The storage cost and retrieval overhead of the blockchain state database. ( a ) presents the re- trieval overhead and storage cost of statedb without the transaction update mechanism; ( b ) presents
15,0,0,1,0,13,82,URWPalladioL-Roma,8.966400146484375,166.39,539.95,522.89,548.92,539.95,292.97,166.39,72.39,the retrieval overhead and storage cost of statedb with the transaction update mechanism.
15,0,0,1,0,111,17,URWPalladioL-Roma,10.061732292175293,166.09,559.86,561.02,657.74,559.86,184.15,166.09,34.26,"Based on the transaction update mechanism, we observe the time overhead and storage status of statedb with the constructed system under existing facility conditions, as shown in Figure 6 b. Contrary to Figure 6 a, the storage of the statedb shows a dynamic and stable status as the number of transaction conﬁrmations increases. Speciﬁcally, the retrieval operation is executed within 0.32 ms, while the storage cost is stable at around 32.7 M. Therefore, the storage cost would remain in a stable status under a certain vehicle order of magnitude. There would be no necessary connection between retrieval overhead and the number of transaction conﬁrmations, and our scheme can efﬁciently achieve scalability."
15,0,0,1,0,125,37,URWPalladioL-Roma,9.962599754333496,165.98,670.22,560.52,783.57,670.22,58.32,165.98,34.75,"6.2.3. Efﬁciency Analysis of License Coin Issuance Generally, the RTA constructs one transaction with a single output to issue license coins for each vehicle. However, it would cause unacceptable storage costs and communication overhead when more vehicles need to issue license coins. Based on the UTXO model, the RTA can create the transaction containing multi-outputs to accomplish the license coins’ issuance when there are multiple issuance objects. Therefore, we simulate the issuance process of license coins when transactions have different numbers of Output , as shown in Figure 7 . Under the simulation, the storage cost of the transaction with the multi-outputs does not alter significantly. On the contrary, if the RTA constructs one transaction with a single output to issue license coins for each"
16,1,0,1,0,6,112,URWPalladioL-Ital,7.970099925994873,35.49,57.12,118.96,65.23,57.12,776.66,35.49,476.31,"Symmetry 2022 , 14 , 1230"
16,0,0,1,0,3,112,URWPalladioL-Roma,7.970099925994873,532.34,57.26,559.28,65.23,57.26,776.66,532.34,36.0,16 of 22
16,0,0,1,0,52,57,URWPalladioL-Roma,9.862470626831055,166.4,97.75,559.46,145.3,97.75,696.59,166.4,35.81,"object, the storage cost of the transaction with a single output increases linearly with the number of objects. In addition, the communication overhead increases with the number of outputs in the transaction. The communication overhead is 57.21 ms and 300.23 ms when there are 10 and 100 objects receiving license coins, respectively."
16,1,0,1,0,10,63,Times-Bold,9.65160846710205,202.03,360.85,452.82,370.5,360.85,471.39,202.03,142.46,10 20 30 40 50 60 70 80 90 100
16,1,0,1,0,3,13,Times-Bold,10.61645793914795,282.66,372.87,369.93,383.49,372.87,458.4,282.66,225.34,Number of vehicles
16,1,0,1,0,4,13,Times-Bold,10.61645793914795,176.17,194.56,186.79,328.12,194.56,513.77,176.17,408.49,Storage cost of database(MB)
16,1,0,1,0,10,103,Times-Bold,8.68631362915039,238.91,174.93,344.35,203.99,174.93,637.9,238.91,250.93,Storage cost of single-output Storage cost of multi-output Time delay
16,1,0,1,0,12,82,URWPalladioL-Bold,8.966400146484375,166.39,391.57,485.84,400.62,391.57,441.27,166.39,109.44,Figure 7. The storage cost and communication overhead of license coin issuance.
16,0,0,1,0,32,37,URWPalladioL-Roma,9.962599754333496,166.39,411.23,560.93,461.87,411.23,380.02,166.39,34.35,"6.2.4. Authentication Overhead We evaluate the authentication overhead of our scheme for both the transaction conﬁrmation process and authentication of users. The transaction conﬁrmation process mainly contains two steps, public key match-"
16,0,0,1,0,13,130,URWPalladioL-Roma,9.198644002278646,166.39,462.39,515.17,474.42,462.39,367.47,166.39,80.1,"ing and signature veriﬁcation. We calculate the time overhead, which is T Au"
16,0,0,1,0,4,130,URWPalladioL-Ital,8.791882991790771,503.94,462.39,557.39,476.52,462.39,365.37,503.94,37.89,mat and T Au
16,0,0,1,0,7,37,URWPalladioL-Roma,9.962599754333496,166.39,476.98,387.76,486.94,476.98,354.95,166.39,207.51,respectively. The calculation details are as follows:
16,0,0,1,0,7,130,URWPalladioL-Ital,9.057456970214844,331.84,499.03,399.05,511.61,499.03,330.28,331.84,196.22,mat = T h + T mat
16,0,0,1,0,7,130,URWPalladioL-Ital,9.057456970214844,330.61,531.39,400.2,543.97,531.39,297.92,330.61,195.08,ver = T ret + T ver
16,0,0,1,0,50,130,URWPalladioL-Roma,9.36484980583191,166.39,551.01,560.93,587.75,551.01,254.14,166.39,34.34,"The T ver is the time overhead to implement the signature veriﬁcation, which is stable at around 0.62 ms. T ret is the retrieval overhead, which is around 0.32 ms. Moreover, T h is the time overhead for executing one hash operation. T mat is the time overhead for com-"
16,0,0,1,0,27,130,URWPalladioL-Roma,9.965919812520346,166.1,588.67,561.02,611.38,588.67,230.51,166.1,34.26,"paring the hash value of the public key and Lockinghash stored in the original transaction output. Moreover, the RTA may have a number of veriﬁcation missions simultaneously."
16,0,0,1,0,8,130,URWPalladioL-Roma,9.155622164408365,166.09,611.91,368.08,623.9,611.91,217.99,166.09,227.19,"Therefore, we compare the time overhead T Au"
16,0,0,1,0,4,130,URWPalladioL-Ital,8.871724843978882,356.85,611.91,398.95,626.04,611.91,215.85,356.85,196.32,mat + T Au
16,0,0,1,0,7,130,URWPalladioL-Ital,8.7521333694458,387.72,613.97,559.27,625.56,613.97,216.33,387.72,36.01,ver when there are multiple input loads
16,0,0,1,0,155,57,URWPalladioL-Roma,9.862470626831055,165.98,626.57,561.02,774.52,626.57,67.37,165.98,34.26,"in the transaction, as Figure 8 shows. The time overhead is 31 ms when there are 50 transac- tion veriﬁcation requests (Input Num=1). In general, the time overhead shows an upward linear trend as the number of transaction veriﬁcation requests increases. The authentication process for users mainly includes the transaction generation pro- cess, communication process, and transaction conﬁrmation process. We give details about the time overhead for the authentication process for users. Here, Equation (13) is the time overhead of a single authentication process without an aggregation mechanism. On the contrary, Equation (14) is the time overhead of a single authentication process with an ag- gregation mechanism. It is worth noting that the authentication transaction contains only one input (Input Num = 1) with the assistance of the license coin aggregation mechanism. Therefore, the authentication in our scheme can be accomplished more efﬁciently compared with multi-inputs. Under the simulation, considering the communication overhead, the sin-"
17,1,0,1,0,6,112,URWPalladioL-Ital,7.970099925994873,35.49,57.12,118.96,65.23,57.12,776.66,35.49,476.31,"Symmetry 2022 , 14 , 1230"
17,0,0,1,0,3,112,URWPalladioL-Roma,7.970099925994873,532.34,57.26,559.28,65.23,57.26,776.66,532.34,36.0,17 of 22
17,0,0,1,0,17,17,URWPalladioL-Roma,10.061732292175293,166.39,97.6,559.27,120.19,97.6,721.7,166.39,36.0,gle authentication is implemented within 29.142 ms. Figure 9 shows the authentication overhead considering the communication delay.
17,1,0,1,0,11,60,Times-Bold,9.817231178283691,196.72,335.11,449.18,344.93,335.11,496.96,196.72,146.1,0 5 10 15 20 25 30 35 40 45 50
17,1,0,1,0,3,10,Times-Bold,10.798636436462402,277.38,347.34,366.15,358.14,347.34,483.75,277.38,229.12,Number of vehicles
17,1,0,1,0,3,10,Times-Bold,10.798636436462402,167.93,179.31,178.73,288.46,179.31,553.43,167.93,416.54,Average time delay(ms)
17,1,0,1,0,10,99,Times-Bold,8.835371971130371,481.87,209.8,533.3,259.47,209.8,582.42,481.87,61.97,Input Num=1 Input Num=3 Input Num=5 Input Num=7 Input Num=9
17,1,0,1,0,12,82,URWPalladioL-Bold,8.966400146484375,166.39,365.1,516.14,374.15,365.1,467.74,166.39,79.14,Figure 8. The average time overhead to implement the transaction conﬁrmation process.
17,1,0,1,0,6,66,Times-Bold,9.512850761413574,195.24,578.52,446.15,588.04,578.52,253.85,195.24,149.13,0 10 20 30 40 50
17,1,0,1,0,3,14,Times-Bold,10.463825225830078,276.51,590.37,362.58,600.83,590.37,241.06,276.51,232.7,Number of vehicles
17,1,0,1,0,3,14,Times-Bold,10.463825225830078,167.31,427.66,177.77,533.37,427.66,308.52,167.31,417.5,Average time delay(ms)
17,1,0,1,0,12,106,Times-Bold,8.561437606811523,478.14,451.97,528.01,510.48,451.97,331.41,478.14,67.27,Input Num=1 Input Num=2 Input Num=3 Input Num=5 Input Num=7 Input Num=9
17,1,0,1,0,14,82,URWPalladioL-Bold,8.966400146484375,166.39,607.97,539.5,617.09,607.97,224.8,166.39,55.78,Figure 9. The time delay of authentication when the transaction has different Input quantities.
17,0,0,1,0,10,130,URWPalladioL-Ital,9.131749820709228,286.57,639.81,382.6,654.28,639.81,187.61,286.57,212.68,N agg = T gen + n ( T Au
17,0,0,1,0,4,130,URWPalladioL-Ital,8.871724843978882,371.37,639.81,413.46,653.95,639.81,187.94,371.37,181.81,mat + T Au
17,0,0,1,0,5,130,URWPalladioL-Ital,8.871724843978882,402.23,641.37,444.59,653.95,641.37,187.94,402.23,150.69,ver ) + T c
17,0,0,1,0,8,130,URWPalladioL-Ital,9.057456970214844,298.35,661.41,375.84,675.56,661.41,166.33,298.35,219.44,agg = T gen + ( T Au
17,0,0,1,0,4,130,URWPalladioL-Ital,8.871724843978882,364.61,661.41,406.7,675.56,661.41,166.33,364.61,188.57,mat + T Au
17,0,0,1,0,5,130,URWPalladioL-Ital,8.871724843978882,395.47,662.97,432.66,675.56,662.97,166.33,395.47,162.62,ver ) + T c
17,0,0,1,0,26,37,URWPalladioL-Roma,9.962599754333496,166.39,663.94,561.02,705.3,663.94,136.59,166.39,34.26,"(14) It is worth noting that the communication overhead increases as the data package size increases. Thus, the proportional coefﬁcient is utilized to represent the increments."
17,0,0,1,0,14,130,URWPalladioL-Roma,9.321942329406738,166.39,707.7,559.27,719.36,707.7,122.53,166.39,36.0,"Moreover, T c represents the time overhead of communication; T gen represents the time"
17,0,0,1,0,4,37,URWPalladioL-Roma,9.962599754333496,166.39,720.43,322.51,730.39,720.43,111.5,166.39,272.77,overhead of transaction generation.
17,0,0,1,0,32,37,URWPalladioL-Roma,9.962599754333496,166.39,742.84,560.93,780.93,742.84,60.96,166.39,34.35,"6.2.5. Computation Cost Analysis and Comparison In this subsection, we evaluate the computation overhead of our proposal. We cal- culate the execution time of several basic cryptographic operations with the JPBC li-"
18,1,0,1,0,6,112,URWPalladioL-Ital,7.970099925994873,35.49,57.12,118.96,65.23,57.12,776.66,35.49,476.31,"Symmetry 2022 , 14 , 1230"
18,0,0,1,0,3,112,URWPalladioL-Roma,7.970099925994873,532.34,57.26,559.28,65.23,57.26,776.66,532.34,36.0,18 of 22
18,0,0,1,0,40,130,URWPalladioL-Roma,9.925969123840332,166.39,97.67,559.27,132.74,97.67,709.15,166.39,36.0,"brary [ 42 ]. Then, we calculate the details of the authentication overhead for several related schemes, presented in Table 4 . Finally, we compare our scheme in batch authentication overhead with other related schemes. The details are as follows:"
18,0,0,1,0,104,130,URWPalladioL-Ital,9.165599822998047,188.27,140.14,561.02,241.09,140.14,600.8,188.27,34.25,T p is the time required to perform a bilinear pairing. T p 39.872 ms. T h is the time required to implement the hash function. T h 0.002 ms. T m is the time required to implement one elliptic curve point multiplication operation. T m 0.601 ms. T ep 1 is time required to implement one exponentiation in G 1 . T ep 1 20.311 ms. T ep 2 is time required to implement one exponentiation in G 2 . T ep 2 16.928 ms. T a is the time required to implement one elliptic curve point addition operation. T a 0.051 ms.
18,1,0,1,0,7,82,URWPalladioL-Bold,8.966400146484375,166.1,253.56,361.57,262.61,253.56,579.28,166.1,233.7,Table 4. Comparison for the computational costs.
18,1,0,1,0,9,82,URWPalladioL-Bold,8.966400146484375,191.87,274.64,551.76,283.61,274.64,558.28,191.87,43.52,Scheme For One Entity Authentication For n Entities Authentication
18,0,0,1,1,1,82,URWPalladioL-Roma,8.966400146484375,191.88,290.69,223.72,299.65,290.69,542.24,191.88,371.55,IBCPPA
18,0,0,1,0,12,130,URWPalladioL-Roma,8.364966869354248,295.06,289.82,364.97,300.96,289.82,540.93,295.06,230.31,3 T p + 2 T ep 1 + 2 T h
18,0,0,1,0,30,130,CMR10,8.649133576287163,196.57,289.82,548.16,312.34,289.82,529.55,196.57,47.12,( 2 + n ) T p + ( 2 n ) T ep 1 + 2 nT h BPPA 2 T m + T a + 25 T h
18,0,0,1,0,10,130,URWPalladioL-Roma,8.443940210342408,452.19,301.2,532.23,312.34,301.2,529.55,452.19,63.04,2 nT m + nT a + 25 nT h
18,0,0,1,1,1,82,URWPalladioL-Roma,8.966400146484375,195.38,313.03,220.23,321.99,313.03,519.9,195.38,375.05,EAAP
18,0,0,1,0,12,130,URWPalladioL-Roma,8.198916872342428,293.95,312.16,366.18,323.29,312.16,518.6,293.95,229.1,2 T p + 4 T ep 1 + T ep 2
18,0,0,1,0,16,130,CMR10,8.461400240659714,441.71,312.16,542.91,323.29,312.16,518.6,441.71,52.36,( 1 + n ) T p + 4 T ep 1 + nT ep 2
18,0,0,1,1,1,82,URWPalladioL-Roma,8.966400146484375,196.1,324.41,219.51,333.38,324.41,508.51,196.1,375.77,CPAV
18,0,0,1,0,11,130,URWPalladioL-Roma,8.310291116887873,297.31,323.54,362.73,334.69,323.54,507.2,297.31,232.55,2 T p + 2 T ep 1 + T h
18,0,0,1,0,28,130,CMR10,8.56057357788086,173.62,323.54,542.07,346.26,323.54,495.63,173.62,53.21,( 1 + n ) T p + 2 nT ep 1 + nT h EBAS (proposed) T mat + T h + T ver + T ret
18,0,0,1,0,11,130,URWPalladioL-Ital,8.344527504660867,438.07,334.92,546.46,346.26,334.92,495.63,438.07,48.82,nT mat + nT h + nT ver + nT ret
18,0,0,1,0,24,55,URWPalladioL-Roma,9.872529029846191,166.39,365.45,559.28,387.9,365.45,453.99,166.39,36.0,"For one single authentication, our scheme requires one hash operation, one key match operation, one signature veriﬁcation operation, and one retrieval operation. According to"
18,0,0,1,0,62,130,URWPalladioL-Roma,9.321942329406738,166.07,390.32,559.28,427.1,390.32,414.79,166.07,36.0,"the simulation, the average execution time of hash ( T h ), retrieval ( T ret ), and veriﬁcation ( T ver ) is 0.002 ms, 0.32 ms, and 0.62 ms, respectively. Thus, the total computation cost of EBAS is T mat + T h + T ver + T ret 0.942 ms. It should be noted that the execution time of"
18,0,0,1,0,43,37,URWPalladioL-Roma,9.962599754333496,166.39,428.15,560.52,463.25,428.15,378.64,166.39,34.76,"the match operation is negligible under the simulation. In addition, we analyze the calculation details of the compared schemes, IBCPPA [ 43 ], BPPA [ 21 ], EAAP [ 44 ], and CPAV [ 45 ]. For example, the EAAP requires two bilinear"
18,0,0,1,0,36,130,URWPalladioL-Roma,9.196999549865723,166.1,465.64,561.02,489.64,465.64,352.25,166.1,34.26,"pairing operations, four exponentiations in G 1 operations, and one exponentiation in G 2 hash operation. Thus, the total computational cost is 2 T p + 4 T ep 1 + T ep 2 177.916 ms."
18,0,0,1,0,16,130,URWPalladioL-Roma,10.175978933061872,166.39,489.95,560.93,500.9,489.95,340.99,166.39,34.35,"For batch authentication, the EAAP needs ( 1 + n ) bilinear pairing operations, four expo-"
18,0,0,1,0,53,130,URWPalladioL-Roma,9.42905224694146,166.39,503.3,560.51,538.53,503.3,303.36,166.39,34.77,"nentiations in G 1 operations, and n exponentiations in G 2 hash operations. Thus, the total computational cost is ( 1 + n ) T p + 4 T ep 1 + nT ep 2 . From Table 4 , it is seen that the computational cost of a single authentication in IBCPPA,"
18,0,0,1,0,126,21,URWPalladioL-Roma,10.041984558105469,165.9,541.07,560.93,664.07,541.07,177.82,165.9,34.35,"EAAP, CPAV, BPPA, and the proposed EBAS scheme is 160.242 ms, 177.916 ms, 120.368 ms, 1.303 ms, and 0.942 ms, respectively. Thus, the proposed scheme is characterized by lower computational overhead than the compared schemes. In addition, as shown in Figure 10 , we compare our proposal in batch authenti- cation with four existing schemes, IBCPPA, EAAP, CPAV, and BPPA. When there are 50 authentication requests, the time delay is 4104.644 ms, 3204.848 ms, 4064.672 ms, 65.15 ms, and 56.52 ms, respectively, for IBCPPA, EAAP, CPAV, BPPA, and the pro- posed scheme. Therefore, our scheme outperforms the other four schemes by at least ( 65.15 56.52 ) / 65.15 13.25%. Therefore, the proposed scheme is more efﬁcient than the compared schemes when the trafﬁc load increases."
18,0,0,1,0,59,37,URWPalladioL-Roma,9.962599754333496,166.39,676.52,559.27,739.68,676.52,102.21,166.39,36.0,"6.2.6. Authentication Analysis and Comparison We analyze the communication overhead of our scheme, compared to those of the IBCPPA, BPPA, EAAP, and CPAV schemes. The communication overhead refers to sending the information from a vehicle to an RTA. Table 5 lists the total communication overhead of all schemes in terms of sending out a single message and n messages."
19,1,0,1,0,6,112,URWPalladioL-Ital,7.970099925994873,35.49,57.12,118.96,65.23,57.12,776.66,35.49,476.31,"Symmetry 2022 , 14 , 1230"
19,0,0,1,0,3,112,URWPalladioL-Roma,7.970099925994873,532.34,57.26,559.28,65.23,57.26,776.66,532.34,36.0,19 of 22
19,1,0,1,0,3,5,Times-Bold,11.805373191833496,276.55,309.84,373.66,321.65,309.84,520.24,276.55,221.62,Number of vehicles
19,1,0,1,1,6,62,Times-Bold,9.65881633758545,482.88,167.11,534.14,224.06,167.11,617.83,482.88,61.13,IBCPPA EAAP CPAV BPPA Our Scheme
19,1,0,1,0,9,82,URWPalladioL-Bold,8.966400146484375,166.39,328.54,455.83,337.59,328.54,504.3,166.39,139.45,Figure 10. Comparison of computational cost between different schemes.
19,1,0,1,0,7,82,URWPalladioL-Bold,8.966400146484375,166.1,348.34,383.6,357.39,348.34,484.5,166.1,211.67,Table 5. Comparison for the communication overhead.
19,1,0,1,0,8,82,URWPalladioL-Bold,8.966400146484375,215.94,369.42,525.04,378.38,369.42,463.51,215.94,70.23,Scheme For One Single Message For n Messages
19,0,0,1,1,31,82,URWPalladioL-Roma,8.966400146484375,197.68,385.46,515.85,438.26,385.46,403.63,197.68,79.43,IBCPPA 833 bytes 833 n bytes BPPA 552 bytes 552 n bytes EAAP 220 bytes 220 n bytes CPAV 800 bytes 800 n bytes EBAS (proposed) 161 bytes 161 n bytes
19,0,0,1,0,146,39,URWPalladioL-Roma,9.952631950378418,165.98,458.9,561.02,581.83,458.9,260.06,165.98,34.26,"Generally, the communication overhead is caused by the identity information, certiﬁ- cate, pseudo identity, and timestamp, etc. The total packet sizes of IBCPPA and BPPA are 833 bytes and 552 bytes, respectively. The packet size of the EAAP scheme is 220 bytes, which contains a 20-byte signature, a 20-byte public key, and a 180-byte certiﬁcate. The total packet size of CPAV is 800 bytes, which consists of a 544-byte certiﬁcate and 256 bytes for other authentication parameters. The transaction involved in our scheme requires 161 bytes. Based on the parameters in Tables 5 and 6 , we use NS-2 to simulate the communication delay and compare the proposed scheme with other schemes in terms of communication overhead, as shown in Figure 11 . From Table 5 and Figure 11 , we can observe that our scheme has advantages over other schemes in terms of communication overhead."
19,1,0,1,0,6,82,URWPalladioL-Bold,8.966400146484375,166.1,597.23,369.88,606.28,597.23,235.61,166.1,225.4,Table 6. Parameters for communication simulation.
19,0,0,1,0,4,130,URWPalladioL-Roma,8.302200158437094,434.55,632.88,487.06,643.67,632.88,198.22,434.55,108.21,2500 16 m 2
19,0,0,1,0,50,82,URWPalladioL-Roma,8.966400146484375,201.16,645.66,477.2,764.22,645.66,77.67,201.16,118.07,No. of trafﬁc lane 4 No. of RSUs 4 No. of RTAs 1 Maximum no. of vehicles 25 Simulation time 100 s Communication protocol 802.11 p Channel bandwidth 6 Mbps Transmission range of OBU 300 m Transmission range of RTA 1000 m Minimum inter-vehicle distance 40 m Route protocol AODV
20,1,0,1,0,6,112,URWPalladioL-Ital,7.970099925994873,35.49,57.12,118.96,65.23,57.12,776.66,35.49,476.31,"Symmetry 2022 , 14 , 1230"
20,0,0,1,0,3,112,URWPalladioL-Roma,7.970099925994873,532.34,57.26,559.28,65.23,57.26,776.66,532.34,36.0,20 of 22
20,1,0,1,0,6,98,Times-Bold,8.844817161560059,192.88,277.5,421.14,286.35,277.5,555.54,192.88,174.14,0 5 10 15 20 25
20,1,0,1,0,3,61,Times-Bold,9.729013442993164,265.95,288.52,345.93,298.25,288.52,543.64,265.95,249.34,Number of vehicles
20,1,0,1,1,6,113,Times-Bold,7.960212707519531,224.45,107.1,266.68,152.16,107.1,689.73,224.45,328.6,IBCPPA BPPA EAAP CPAV Our Scheme
20,1,0,1,0,9,82,URWPalladioL-Bold,8.966400146484375,166.39,305.36,466.4,314.41,305.36,527.48,166.39,128.88,Figure 11. Comparison of communication delay between different schemes.
20,0,0,1,0,37,31,URWPalladioL-Roma,9.992443084716797,165.98,327.09,560.52,362.18,327.09,479.71,165.98,34.75,"Finally, considering the communication delay and computational costs, we compare the proposed scheme with others in terms of authentication overhead. From Figure 12 , we can observe that our scheme outperforms others in terms of authentication overhead."
20,1,0,1,0,6,104,Times-Bold,8.68283462524414,197.02,553.75,421.1,562.43,553.75,279.46,197.02,174.17,0 5 10 15 20 25
20,1,0,1,0,3,65,Times-Bold,9.550837516784668,268.75,564.57,347.27,574.12,564.57,267.77,268.75,248.0,Number of vehicles
20,1,0,1,1,6,117,Times-Bold,7.8144307136535645,228.01,386.46,269.47,430.7,386.46,411.19,228.01,325.81,IBCPPA BPPA EAAP CPAV Our Scheme
20,1,0,1,0,9,82,URWPalladioL-Bold,8.966400146484375,166.39,581.25,476.79,590.3,581.25,251.59,166.39,118.48,Figure 12. Comparison of authentication overhead between different schemes.
20,0,0,1,0,167,17,URWPalladioL-Roma,10.061732292175293,166.39,616.38,560.93,777.08,616.38,64.81,166.39,34.34,"In this article, we propose an efﬁcient blockchain-based authentication scheme for secure communication in a vehicular ad hoc network (EBAS). In our scheme, the enti- ties can accomplish authentication with the assistance of transactions constructed based on the UTXO model. The veriﬁer checks the validity of the single input contained in the up- loaded transaction to verify the legitimacy of the message sender’s identity. In terms of privacy preservation, based on the asymmetric key encryption technique, the transac- tion pseudonym is generated to assist users to participate in the authentication process anonymously. Moreover, our scheme guarantees the scalability of EBAS by proposing a transaction update mechanism, which can keep data storage and retrieval efﬁciency at a stable level rather than undergoing near-linear growth. Based on the security analysis, our scheme is more comprehensive in terms of privacy preservation and resisting com- mon attacks in the VANET. Regarding the authentication scheme, the simulations show that the average computational cost of the proposed scheme is around 0.942 ms, which"
21,1,0,1,0,6,112,URWPalladioL-Ital,7.970099925994873,35.49,57.12,118.96,65.23,57.12,776.66,35.49,476.31,"Symmetry 2022 , 14 , 1230"
21,0,0,1,0,3,112,URWPalladioL-Roma,7.970099925994873,532.34,57.26,559.28,65.23,57.26,776.66,532.34,36.0,21 of 22
21,0,0,1,0,53,23,URWPalladioL-Roma,10.032095909118652,166.39,97.62,560.93,157.85,97.62,684.04,166.39,34.34,"outperforms the existing schemes. Furthermore, we implement a simulation experiment to evaluate the communication delay and authentication overhead. Thus, compared with other existing schemes, our proposal has advantages in communication delay and authen- tication overhead. The future work will focus on adding an incentive module, which is a signiﬁcant step toward wider applications."
21,1,0,1,0,12,130,URWPalladioL-Bold,8.930389881134033,166.04,172.19,560.39,181.22,172.19,660.67,166.04,34.88,"Author Contributions: Conceptualization, X.F. and K.C.; methodology, X.F. and K.C.; software, K.C.;"
21,0,0,1,0,53,70,URWPalladioL-Roma,9.055620193481445,166.04,183.92,560.85,228.1,183.92,613.79,166.04,34.43,"validation, X.F., K.C., H.J. and Z.L.; formal analysis, X.F. and K.C.; investigation, X.F. and K.C.; data curation, K.C. and Z.L.; writing—original draft preparation, X.F. and K.C.; writing—review and editing, X.F. and K.C.; supervision, X.F.; project administration, X.F.; funding acquisition, X.F. All authors have read and agreed to the published version of the manuscript."
21,1,0,1,0,14,130,URWPalladioL-Bold,9.01101016998291,166.39,236.75,559.46,245.82,236.75,596.07,166.39,35.82,Funding: This research was funded by the National Natural Science Foundation of China under
21,1,0,1,0,28,82,URWPalladioL-Bold,8.966400146484375,166.04,266.16,559.27,328.31,266.16,513.58,166.04,36.0,Institutional Review Board Statement: Not applicable. Informed Consent Statement: Not applicable. Data Availability Statement: Not applicable. Acknowledgments: The authors thank the anonymous referees for their valuable comments and
21,1,0,1,0,10,82,URWPalladioL-Bold,8.966400146484375,166.39,348.65,418.09,357.7,348.65,484.19,166.39,177.19,Conﬂicts of Interest: The authors declare no conﬂict of interest.
21,0,0,1,0,17,82,URWPalladioL-Roma,8.966400146484375,35.72,385.64,559.27,394.59,385.64,447.3,35.72,36.0,"1. Tan, H.; Xuan, S.; Chung, I. Hcda: Efﬁcient pairing-free homographic key management for dynamic cross-domain authentication"
21,1,0,1,0,11,82,URWPalladioL-Roma,8.966400146484375,57.23,396.99,238.51,406.12,396.99,435.77,57.23,356.76,"in vanets. Symmetry 2020 , 12 , 1003. [ CrossRef ]"
21,0,0,1,0,15,82,URWPalladioL-Roma,8.966400146484375,35.72,408.66,560.77,417.6,408.66,424.29,35.72,34.51,"2. Al-shareeda, M.A.; Anbar, M.; Manickam, S.; Hasbullah, I.H. An efﬁcient identity-based conditional privacy-preserving authenti-"
21,1,0,1,0,20,82,URWPalladioL-Roma,8.966400146484375,57.23,420.01,484.24,429.13,420.01,412.76,57.23,111.03,"cation scheme for secure communication in a vehicular ad hoc network. Symmetry 2020 , 12 , 1687. [ CrossRef ]"
21,1,0,1,0,23,130,URWPalladioL-Roma,9.0407501856486,57.12,431.45,560.84,440.66,431.45,401.23,57.12,34.43,"Ashraf, M.; Bilal, H.; Khan, I.A.; Ahmad, F. Vanet challenges of availability and scalability. VFAST Trans. Softw. Eng. 2016 , 4 , 46–53."
21,0,0,1,0,26,82,URWPalladioL-Roma,8.966400146484375,35.72,443.18,560.39,486.66,443.18,355.23,35.72,34.88,"[ CrossRef ] 4. Dötzer, F. Privacy issues in vehicular ad hoc networks. In International Workshop on Privacy Enhancing Technologies ; Springer: Berlin/Heidelberg, Germany, 2005. 5."
21,1,0,1,0,20,130,URWPalladioL-Roma,9.0407501856486,57.23,477.48,560.85,486.69,477.48,355.2,57.23,34.43,"Hartenstein, H.; Laberteaux, K.P. A tutorial survey on vehicular ad hoc networks. IEEE Commun. Mag. 2008 , 46 , 164–171."
21,0,0,1,0,56,82,URWPalladioL-Roma,8.966400146484375,35.72,489.2,560.4,544.22,489.2,297.67,35.72,34.88,"[ CrossRef ] 6. Parno, B.; Perrig, A. Challenges in securing vehicular networks. In Workshop on Hot Topics in Networks (HotNets-IV) ; MD, USA, 2005; pp. 1–6. Available online: https://www.semanticscholar.org/paper/Challenges-in-Securing-Vehicular-Networks-Parno- Perrig/d49b53b33590a4aafe5f5779c41ae40f50af0d6a (accessed on 6 June 2022). 7. Wang, Y.; Ding, Y.; Wu, Q.; Wei, Y.; Qin, B.; Wang, H. Privacy-preserving cloud-based road condition monitoring with source"
21,1,0,1,0,16,82,URWPalladioL-Roma,8.966400146484375,57.23,546.58,403.92,555.71,546.58,286.18,57.23,191.35,"authentication in vanets. IEEE Trans. Inf. Forensics Secur. 2018 , 14 , 1779–1790. [ CrossRef ]"
21,0,0,1,0,16,82,URWPalladioL-Roma,8.966400146484375,35.72,558.25,559.28,567.24,558.25,274.65,35.72,36.0,"8. Motlagh, N.H.; Taleb, T.; Arouk, O. Low-altitude unmanned aerial vehicles-based internet of things services: Comprehensive"
21,1,0,1,0,16,82,URWPalladioL-Roma,8.966400146484375,57.23,569.6,382.72,578.72,569.6,263.17,57.23,212.56,"survey and future perspectives. IEEE Internet Things J. 2016 , 3 , 899–922. [ CrossRef ]"
21,0,0,1,0,20,82,URWPalladioL-Roma,8.966400146484375,35.72,581.26,559.27,590.2,581.26,251.69,35.72,36.0,"9. Horng, S.-J.; Tzeng, S.-F.; Huang, P.-H.; Wang, X.; Li, T.; Khan, M.K. An efﬁcient certiﬁcateless aggregate signature with conditional"
21,1,0,1,0,15,82,URWPalladioL-Roma,8.966400146484375,56.96,592.61,398.79,601.73,592.61,240.16,56.96,196.48,"privacy-preserving for vehicular sensor networks. Inf. Sci. 2015 , 317 , 48–66. [ CrossRef ]"
21,0,0,1,0,22,82,URWPalladioL-Roma,8.966400146484375,35.72,604.27,560.39,613.25,604.27,228.64,35.72,34.88,"10. Luo, B.; Li, X.; Weng, J.; Guo, J.; Ma, J. Blockchain enabled trust-based location privacy protection scheme in vanet. IEEE Trans."
21,1,0,1,0,10,82,URWPalladioL-Ital,8.966400146484375,56.59,615.62,230.52,624.75,615.62,217.14,56.59,364.75,"Veh. Technol. 2019 , 69 , 2034–2048. [ CrossRef ]"
21,0,0,1,0,18,82,URWPalladioL-Roma,8.966400146484375,35.72,627.29,559.28,636.28,627.29,205.61,35.72,36.0,"11. Yao, Y.; Chang, X.; Miši´c, J.; Miši´c, V.B.; Li, L. Bla: Blockchain-assisted lightweight anonymous authentication for distributed"
21,1,0,1,0,15,82,URWPalladioL-Roma,8.966400146484375,56.98,638.64,354.6,647.76,638.64,194.13,56.98,240.68,"vehicular fog services. IEEE Internet Things J. 2019 , 6 , 3775–3784. [ CrossRef ]"
21,1,0,1,0,21,130,URWPalladioL-Roma,9.0407501856486,57.23,650.08,560.84,659.29,650.08,182.6,57.23,34.43,"Chen, L.; Ng, S.-L.; Wang, G. Threshold anonymous announcement in vanets. IEEE J. Sel. Areas Commun. 2011 , 29 , 605–615."
21,0,0,1,0,4,82,URWPalladioL-Roma,8.966400146484375,35.72,661.81,98.71,682.28,661.81,159.61,35.72,496.57,[ CrossRef ] 13.
21,1,0,1,0,24,130,URWPalladioL-Roma,8.891303062438965,57.08,673.23,560.83,682.26,673.23,159.63,57.08,34.45,"Liu, Y.; Ling, J.; Wu, Q.; Qin, B. Scalable privacy-enhanced traffic monitoring in vehicular ad hoc networks. Soft Comput. 2016 , 20 , 3335–3346."
21,0,0,1,0,21,82,URWPalladioL-Roma,8.966400146484375,35.72,684.82,559.45,705.27,684.82,136.62,35.72,35.82,"[ CrossRef ] 14. Goumidi, H.; Harous, S.; Aliouat, Z.; Gueroui, A.M. Lightweight secure authentication and key distribution scheme for vehicular"
21,1,0,1,0,11,82,URWPalladioL-Roma,8.966400146484375,57.23,707.68,266.11,716.8,707.68,125.09,57.23,329.17,"cloud computing. Symmetry 2021 , 13 , 484. [ CrossRef ]"
21,0,0,1,0,39,82,URWPalladioL-Roma,8.966400146484375,35.72,719.34,560.4,751.31,719.34,90.58,35.72,34.88,"15. Adams, C.; Lloyd, S. Understanding Public-Key Infrastructure: Concepts, Standards, and Deployment Considerations ; Sams Publishing: Carmel, IN, USA, 1999. 16. Wu, L.; Fan, J.; Xie, Y.; Wang, J.; Liu, Q. Efﬁcient location-based conditional privacy-preserving authentication scheme for vehicle"
21,1,0,1,0,16,82,URWPalladioL-Roma,8.966400146484375,57.23,753.71,382.99,762.83,753.71,79.06,57.23,212.29,"ad hoc networks. Int. J. Distrib. Sens. Netw. 2017 , 13 , 1550147717700899. [ CrossRef ]"
22,1,0,1,0,6,112,URWPalladioL-Ital,7.970099925994873,35.49,57.12,118.96,65.23,57.12,776.66,35.49,476.31,"Symmetry 2022 , 14 , 1230"
22,0,0,1,0,3,112,URWPalladioL-Roma,7.970099925994873,532.34,57.26,559.28,65.23,57.26,776.66,532.34,36.0,22 of 22
22,0,0,1,0,90,82,URWPalladioL-Roma,8.966400146484375,35.72,98.39,560.85,176.37,98.39,665.52,35.72,34.43,"17. Zhang, C.; Lu, R.; Lin, X.; Ho, P.-H.; Shen, X. An efﬁcient identity-based batch veriﬁcation scheme for vehicular sensor networks. In Proceedings of the IEEE INFOCOM 2008—The 27th Conference on Computer Communications, Phoenix, AZ, USA, 13–18 April 2008; pp. 246–250. 18. Salim, A.; Tripathi, S.; Tiwari, R.K. Applying Geo-Encryption and Attribute Based Encryption to Implement Secure Access Control in the Cloud. SSRN 3459330. 2019. Available online: https://papers.ssrn.com/sol3/papers.cfm?abstract_id=3459330 (accessed on 6 June 2022). 19. Zukarnain, Z.A.; Muneer, A.; Aziz, M.K.A. Authentication securing methods for mobile identity: Issues, solutions and challenges."
22,1,0,1,0,9,82,URWPalladioL-Ital,8.966400146484375,56.98,178.78,192.9,187.9,178.78,653.99,56.98,402.37,"Symmetry 2022 , 14 , 821. [ CrossRef ]"
22,1,0,1,0,17,130,URWPalladioL-Roma,9.03777618408203,57.23,190.22,560.85,199.44,190.22,642.45,57.23,34.43,"Nakamoto, S. Bitcoin: A peer-to-peer electronic cash system. Decent. Bus. Rev. 2008 , 21260. Available online: https://www."
22,0,0,1,0,26,82,URWPalladioL-Roma,8.966400146484375,35.72,201.95,560.4,222.4,201.95,619.49,35.72,34.88,"microstrategy.com/en/bitcoin/documents/bitcoin-a-peer-to-peer-electronic-cash-system (accessed on 6 June 2022). 21. Lu, Z.; Wang, Q.; Qu, G.; Zhang, H.; Liu, Z. A blockchain-based privacy-preserving authentication scheme for vanets. IEEE Trans."
22,1,0,1,0,13,82,URWPalladioL-Ital,8.966400146484375,56.59,224.81,289.73,233.93,224.81,607.96,56.59,305.55,"Very Large Scale Integr. Syst. 2019 , 27 , 2792–2801. [ CrossRef ]"
22,0,0,1,0,20,82,URWPalladioL-Roma,8.966400146484375,35.72,236.47,559.45,245.46,236.47,596.43,35.72,35.82,"22. Lei, A.; Ogah, C.; Asuquo, P.; Cruickshank, H.; Sun, Z. A secure key management scheme for heterogeneous secure vehicular"
22,1,0,1,0,9,82,URWPalladioL-Roma,8.966400146484375,57.23,247.82,276.68,256.95,247.82,584.94,57.23,318.59,"communication systems. ZTE Commun. 2019 , 14 , 21–31."
22,0,0,1,0,52,82,URWPalladioL-Roma,8.966400146484375,35.72,259.49,560.76,291.45,259.49,550.44,35.72,34.51,"23. Arora, A.; Yadav, S.K. Block chain based security mechanism for internet of vehicles (iov). In Proceedings of 3rd the International Conference on Internet of Things and Connected Technologies (ICIoTCT), Jaipur, India, 26–27 March 2018; pp. 26–27. 24. Wu, Q.; Domingo-Ferrer, J.; Gonzalez-Nicolas, U. Balanced trustworthiness, safety, and privacy in vehicle-to-vehicle communica-"
22,1,0,1,0,10,82,URWPalladioL-Roma,8.966400146484375,57.23,293.85,249.52,302.97,293.85,538.92,57.23,345.75,"tions. IEEE Trans. Veh. Technol. 2010 , 59 , 559–573."
22,0,0,1,0,17,82,URWPalladioL-Roma,8.966400146484375,35.72,305.51,559.27,314.5,305.51,527.39,35.72,36.0,"25. Lin, X. Lsr: Mitigating zero-day sybil vulnerability in privacy-preserving vehicular peer-to-peer networks. IEEE J. Sel. Areas"
22,1,0,1,0,9,82,URWPalladioL-Ital,8.966400146484375,56.94,316.86,209.59,325.99,316.86,515.9,56.94,385.69,"Commun. 2013 , 31 , 237–246. [ CrossRef ]"
22,0,0,1,0,26,82,URWPalladioL-Roma,8.966400146484375,35.72,328.53,560.39,360.51,328.53,481.38,35.72,34.88,"26. Miller, C.; Valasek, C. Remote Exploitation of an Unaltered Passenger Vehicle. Black Hat USA. 2015. Available online: https: //dl.packetstormsecurity.net/papers/attack/Remote-Car-Hacking.pdf (accessed on 6 June 2022). 27."
22,1,0,1,0,21,82,URWPalladioL-Roma,8.966400146484375,57.24,351.39,541.27,360.51,351.39,481.38,57.24,54.01,"Engoulou, R.G.; Bellaieche, M.; Pierre, S.; Quintero, A. Vanet security surveys. Comput. Commun. 2014 , 44 , 1–13. [ CrossRef ]"
22,1,0,1,0,22,130,URWPalladioL-Roma,8.887548208236694,57.23,362.96,559.27,371.99,362.96,469.9,57.23,36.0,"Petit, J.; Shladover, S.E. Potential cyberattacks on automated vehicles. IEEE Trans. Intell. Transp. Syst. 2015 , 16 , 546–556. [ CrossRef ]"
22,0,0,1,0,18,82,URWPalladioL-Roma,8.966400146484375,35.72,374.55,560.77,383.51,374.55,458.38,35.72,34.51,"29. Jaballah, W.B.; Conti, M.; Mosbah, M.; Palazzi, C.E. Fast and secure multihop broadcast solutions for intervehicular communica-"
22,1,0,1,0,14,82,URWPalladioL-Roma,8.966400146484375,57.23,385.91,314.1,395.03,385.91,446.86,57.23,281.18,"tion. IEEE Trans. Intell. Transp. Syst. 2014 , 15 , 433–450. [ CrossRef ]"
22,0,0,1,0,51,82,URWPalladioL-Roma,8.966400146484375,35.72,397.57,560.85,429.53,397.57,412.36,35.72,34.43,"30. Zhang, L.; Wu, Q.; Qin, B.; Domingo-Ferrer, J. Appa: Aggregate privacy-preserving authentication in vehicular ad hoc networks. In Proceedings of the Information Security, 14th International Conference, ISC 2011, Xi’an, China, 26–29 October 2011. 31. Sucasas, V.; Mantas, G.; Saghezchi, F.B.; Radwan, A.; Rodriguez, J. An autonomous privacy-preserving authentication scheme for"
22,1,0,1,0,13,82,URWPalladioL-Roma,8.966400146484375,57.23,431.93,364.03,441.06,431.93,400.83,57.23,231.24,"intelligent transportation systems. Comput. Secur. 2016 , 60 , 93–205. [ CrossRef ]"
22,0,0,1,0,22,82,URWPalladioL-Roma,8.966400146484375,35.72,443.6,559.28,452.56,443.6,389.33,35.72,36.0,"32. Jiang, Y.; Shi, M.; Shen, X.; Lin, C. Bat: A robust signature scheme for vehicular networks using binary authentication tree. IEEE"
22,1,0,1,0,11,82,URWPalladioL-Ital,8.966400146484375,56.69,454.95,264.37,464.07,454.95,377.82,56.69,330.9,"Trans. Wirel. Commun. 2008 , 8 , 1974–1983. [ CrossRef ]"
22,1,0,1,0,21,130,URWPalladioL-Roma,8.91014846165975,57.03,466.5,560.83,475.56,466.5,366.33,57.03,34.44,"Ying, B.; Nayak, A. Anonymous and lightweight authentication for secure vehicular networks. IEEE Trans. Veh. Technol. 2017 , 66 , 10626–10636."
22,0,0,1,0,4,82,URWPalladioL-Roma,8.966400146484375,35.72,478.12,98.71,498.59,478.12,343.3,35.72,496.57,[ CrossRef ] 34.
22,1,0,1,0,17,82,URWPalladioL-Roma,8.966400146484375,57.24,489.47,468.44,498.59,489.47,343.3,57.24,126.84,"Simmons, G.J. Symmetric and asymmetric encryption. ACM Comput. Surv. 1997 , 11 , 305–330. [ CrossRef ]"
22,0,0,1,0,22,82,URWPalladioL-Roma,8.966400146484375,35.72,501.13,559.63,510.1,501.13,331.79,35.72,35.65,"35. Hasan, A.; Sabah, S.; Haque, R.U.; Daria, A.; Rasool, A.; Jiang, Q. Towards convergence of iot and blockchain for secure supply"
22,1,0,1,0,11,82,URWPalladioL-Roma,8.966400146484375,57.23,512.48,261.52,521.6,512.48,320.29,57.23,333.76,"chain transaction. Symmetry 2022 , 14 , 64. [ CrossRef ]"
22,0,0,1,0,21,82,URWPalladioL-Roma,8.966400146484375,35.72,524.14,560.39,533.09,524.14,308.8,35.72,34.88,"36. Liu, Y.; Wang, L.; Chen, H.-H. Message authentication using proxy vehicles in vehicular ad hoc networks. IEEE Trans. Veh. Technol."
22,1,0,1,0,8,82,URWPalladioL-Bold,8.966400146484375,57.23,535.5,179.95,544.62,535.5,297.27,57.23,415.33,"2014 , 64 , 3697–3710. [ CrossRef ]"
22,0,0,1,0,78,82,URWPalladioL-Roma,8.966400146484375,35.72,547.16,560.77,602.18,547.16,239.71,35.72,34.51,"37. Lu, Z.; Wang, Q.; Qu, G.; Liu, Z. Bars: A blockchain-based anonymous reputation system for trust management in vanets. In Proceedings of the 2018 17th IEEE International Conference On Trust, Security And Privacy In Computing And Communica- tions/12th IEEE International Conference On Big Data Science And Engineering (TrustCom/BigDataSE), New York, NY, USA, 1–3 August 2018; pp. 98–103. 38. Chuang, Y.-H.; Lei, C.-L.; Shiu, H., Jr. How to design a secure anonymous authentication and key agreement protocol for"
22,1,0,1,0,15,82,URWPalladioL-Roma,8.966400146484375,57.23,604.54,395.78,613.66,604.54,228.23,57.23,199.5,"multi-server environments and prove its security. Symmetry 2021 , 13 , 1629. [ CrossRef ]"
22,1,0,1,0,22,130,URWPalladioL-Roma,9.0407501856486,57.23,615.98,560.84,625.19,615.98,216.7,57.23,34.43,"Johnson, D.; Menezes, A.; Vanstone, S. The elliptic curve digital signature algorithm (ecdsa). Int. J. Inf. Secur. 2001 , 1 , 36–63."
22,0,0,1,0,24,82,URWPalladioL-Roma,8.966400146484375,35.72,627.71,560.85,648.19,627.71,193.7,35.72,34.43,"[ CrossRef ] 40. Liu, Y.; Guo, W.; Fan, C.-I.; Chang, L.; Cheng, C. A practical privacy-preserving data aggregation (3pda) scheme for smart grid."
22,1,0,1,0,12,82,URWPalladioL-Ital,8.966400146484375,57.23,650.56,274.46,659.69,650.56,182.2,57.23,320.82,"IEEE Trans. Ind. Inform. 2018 , 15 , 1767–1774. [ CrossRef ]"
22,0,0,1,0,21,82,URWPalladioL-Roma,8.966400146484375,35.72,662.23,560.39,671.21,662.23,170.68,35.72,34.88,"41. Gorenﬂo, C.; Lee, S.; Golab, L.; Keshav, S. Fastfabric: Scaling hyperledger fabric to 20,000 transactions per second. Int. J. Netw."
22,1,0,1,0,9,82,URWPalladioL-Ital,8.966400146484375,57.23,673.58,192.74,682.7,673.58,159.19,57.23,402.54,"Manag. 2020 , 30 , e2099. [ CrossRef ]"
22,0,0,1,0,32,82,URWPalladioL-Roma,8.966400146484375,35.72,685.24,559.28,717.22,685.24,124.67,35.72,36.0,"42. Caro, A.D.; Iovino, V. jpbc: Java pairing based cryptography. In Proceedings of the 2011 IEEE Symposium on Computers and Communications (ISCC), Kerkyra, Greece, 28 June 2011–1 July 2011; pp. 850–855. 43."
22,1,0,1,0,24,130,URWPalladioL-Roma,9.011098066965738,57.08,708.06,560.85,717.24,708.06,124.65,57.08,34.43,"Shao, J.; Lin, X.; Lu, R.; Zuo, C. A threshold anonymous authentication protocol for vanets. IEEE Trans. Veh. Technol. 2015 , 65 , 1711–1720."
22,0,0,1,0,18,82,URWPalladioL-Roma,8.966400146484375,35.72,719.76,559.27,740.22,719.76,101.67,35.72,36.0,"[ CrossRef ] 44. Azees, M.; Vijayakumar, P.; Deboarh, L.J. Eaap: Efﬁcient anonymous authentication with conditional privacy-preserving scheme"
22,1,0,1,0,18,82,URWPalladioL-Roma,8.966400146484375,57.23,742.62,426.21,751.74,742.62,90.15,57.23,169.06,"for vehicular ad hoc networks. IEEE Trans. Intell. Transp. Syst. 2017 , 18 , 2467–2476. [ CrossRef ]"
22,0,0,1,0,16,82,URWPalladioL-Roma,8.966400146484375,35.72,754.28,559.28,763.27,754.28,78.62,35.72,36.0,"45. Vijayakumar, P.; Chang, V.; Deborah, L.J.; Balusamy, B.; Shynu, P. Computationally efﬁcient privacy preserving anonymous"
22,1,0,1,0,22,130,URWPalladioL-Roma,8.887548208236694,57.23,765.7,559.27,774.73,765.7,67.16,57.23,36.0,"mutual and batch authentication schemes for vehicular ad hoc networks. Future Gener. Comput. Syst. 2018 , 78 , 943–955. [ CrossRef ]"
