page_number,is_bold,is_italic,is_underline,is_all_caps,word_count,norm_font_size,font,font_size,x0,y0,x1,y1,space_above,space_below,space_left,space_right,text
1,0,0,0,0,3,3,/PABHGQ+ArialMT-Identity-H,10.0,42.52,763.9,162.52,773.9,763.9,67.99,42.52,432.76,IET Information Security
1,1,0,0,0,5,1,/EPBUZU+Arial-BoldMT-Identity-H,18.0,42.52,690.6,465.52,708.6,690.6,133.29,42.52,129.76,Secure hierarchical authentication protocol in
1,0,1,0,0,6,6,/NPIXWA+Arial-ItalicMT-Identity-H,7.0,161.31,632.11,277.68,646.11,632.11,195.78,161.31,317.6,"3 1, Juntao Gao, Jie Niu"
1,0,1,0,0,39,8,/NPIXWA+Arial-ItalicMT-Identity-H,6.0,42.52,601.2,477.86,633.55,601.2,208.34,42.52,117.42,"1School of Mathematics and Statistics, Xidian University, Xi'an, Shaanxi, People's Republic of China 2Guangxi Key Laboratory of Cryptography and Information Security, Guilin, Guangxi, People's Republic of China 3School of Telecommunications Engineering, Xidian University, Xi'an, Shaanxi, People's Republic of China"
1,0,0,0,0,131,4,/PABHGQ+ArialMT-Identity-H,9.0,42.51,499.16,627.52,578.16,499.16,263.73,42.51,-32.24,"Abstract: The 5G technology will promote the development of vehicle ad hoc  networks (VANET). However, almost all the existing authentication protocols rely on a completely trusted a uthority (TA), which undoubtedly raises a heavy burden on the TA. On the other hand, these protocols can rarely resist some specia l attacks, such as registration authority leaks registration information attack and ephemeral secret leakage attack. To address these problems, based on the self-certified public keys and Schnorr signatures, the authors propose a hierarchical revocable auth entication protocol in VANET. The proposed protocol is provably secure in the random oracle model under the Diffie-Hell man assumption. Performance analysis illustrates that the protocol greatly saves computation resources and satisfies the well-kn own security requirements. Therefore, the proposed protocol is suitable for the VANET environment."
1,0,0,0,0,5,10,/WZZHEJ+STIX-Regular,5.0,43.93,450.96,178.93,459.96,450.96,381.93,43.93,416.35,^ admissible bilinear map from
1,0,0,0,0,5,4,/WTNFVY+STIX-Italic,9.0,42.52,445.95,229.46,456.2,445.95,385.69,42.52,365.82,G  G  to Ge1 ×12
1,0,1,0,0,6,4,/JNRQIE+TimesNewRomanPS-ItalicMT-Identity-H,9.0,42.52,436.65,152.17,445.65,436.65,396.24,42.52,443.11,P generator of group  G 1
1,0,0,0,0,8,4,/WZZHEJ+STIX-Regular,9.0,42.52,426.1,229.76,435.1,426.1,406.79,42.52,365.52,s system private key of central authority TA1
1,0,0,0,0,12,4,/WTNFVY+STIX-Italic,9.0,42.52,413.95,222.43,424.54,413.95,417.35,42.52,372.85,P P  s ⋅ Ppub system public key defined by pub =
1,0,0,0,0,15,4,/ANXBAP+TimesNewRomanPSMT-Identity-H,9.0,42.52,404.3,305.26,413.3,404.3,428.59,42.52,290.02,"U participant  U ∈ { C , S}, where C and S denote vehicle and"
1,0,0,0,0,12,4,/WZZHEJ+STIX-Regular,9.0,42.52,371.15,214.53,392.99,371.15,448.9,42.52,380.75,ID UU real identity of participant PID UU anonymous identity of participant
1,0,0,0,1,2,6,/PABHGQ+ArialMT-Identity-H,7.0,439.37,370.27,491.87,377.27,370.27,464.62,439.37,103.41,ISSN 1751-8709
1,0,1,0,0,12,4,/WTNFVY+STIX-Italic,9.0,42.52,348.65,172.94,370.5,348.65,471.39,42.52,422.34,d UU private key of participant d UtU time key of participant
1,0,0,0,0,4,4,/EPBUZU+Arial-BoldMT-Identity-H,9.0,42.52,330.6,170.74,348.6,330.6,493.29,42.52,424.54,VANETH1 map-to-point hash function
1,0,1,0,0,6,4,/WTNFVY+STIX-Italic,9.0,42.63,326.85,184.24,337.45,326.85,504.44,42.63,411.04,H i general one-way hash function
1,0,0,0,0,31,4,/WZZHEJ+STIX-Regular,9.0,42.52,283.94,530.37,326.2,283.94,515.69,42.52,64.91,CA 1 single top-layer central authority RA 2 multiple second-layer registration authorities Received on 16th May 2019 RA ID2 identity of second-layer registration authority P public key of second-layer registration authorityRAID2
1,0,0,0,0,12,4,/ANXBAP+TimesNewRomanPSMT-Identity-H,9.0,308.98,265.83,605.98,274.83,265.83,567.06,308.98,-10.7,side units (RSUs). The TA is not only responsible for vehicle and
1,1,0,0,0,10,3,/EPBUZU+Arial-BoldMT-Identity-H,10.0,42.52,255.83,592.48,266.21,255.83,575.68,42.52,2.8,"1௑Introduction RSU registration, but also for subsequent revocation. RSUs are"
1,0,0,0,0,64,4,/ANXBAP+TimesNewRomanPSMT-Identity-H,9.0,308.97,185.83,605.98,254.83,185.83,587.06,308.97,-10.7,"fixed roadside infrastructures and combine the functions of Revised 25th August 2019 sensing, analysis and communication. During the Mobile World Congress Shanghai 2018 conference [4], the world's first RSU commercial solution was launched to accelerate the commercialisation of Internet of vehicles technologies. OBUs are equipped on vehicles to do limited computation, storage and other processing. At the same time, information sharing can be achieved"
1,0,0,0,0,13,6,/PABHGQ+ArialMT-Identity-H,7.0,308.97,175.83,551.97,188.27,175.83,653.62,308.97,43.31,Accepted on 26th September 2019 between vehicles and RSUs using dedicated short range
1,0,0,0,0,4,4,/ANXBAP+TimesNewRomanPSMT-Identity-H,9.0,308.98,165.83,470.98,174.83,165.83,667.06,308.98,124.3,communications (DSRC) [5] protocol.
1,0,0,0,0,12,4,/ANXBAP+TimesNewRomanPSMT-Identity-H,9.0,320.98,155.83,599.98,164.83,155.83,677.06,320.98,-4.7,"As a new trend in future, although V ANET will enhance travel"
1,0,0,0,0,20,4,/ANXBAP+TimesNewRomanPSMT-Identity-H,9.0,308.98,135.83,619.48,154.83,135.83,687.06,308.98,-24.2,"safety and comfort for people's life, security issues should also be fully considered. In 2015, two network security engineers remotely"
1,0,0,0,0,82,4,/ANXBAP+TimesNewRomanPSMT-Identity-H,9.0,42.52,85.16,596.97,134.83,85.16,707.06,42.52,-1.69,"intruded a Cherokee (free light) [5] on the road and performed With the continuous exploration of 5G technology, the vehicle ad E-First on 12th November 2019 deceleration, engine shutdown and out of control operations. In hoc network (V ANET) has been further developed. 5G, short for 2017, Tencent Keen Security Lab successfully cracked Tesla's the 5th generation mobile networks, is the latest development in cellular technology to increase the speed of wireless networks. The international organisations are deeply involved in the 5G"
1,0,0,0,0,18,4,/ANXBAP+TimesNewRomanPSMT-Identity-H,9.0,308.98,5.83,610.48,24.83,5.83,817.06,308.98,-15.2,"autopilot system [6] twice, these researchers could open/close doors and control lighting system. Therefore, it is significant to"
1,0,0,0,0,17,4,/ANXBAP+TimesNewRomanPSMT-Identity-H,9.0,42.52,-4.84,610.47,4.83,-4.84,837.06,42.52,-15.19,establish a secure and effective authentication mechanism to avoid standardisation work now. The 3rd Generation Partnership Project
1,0,0,0,0,28,4,/ANXBAP+TimesNewRomanPSMT-Identity-H,9.0,42.52,-24.89,613.48,-5.17,-24.89,847.06,42.52,-18.2,"malicious intrusions. defined three 5G application scenarios, including eMBB (enhanced In the existing related researches [7–9], a central authority in Mobile Broadband), URLLC (Ultra Reliable Low Latency 1,21"
1,0,1,0,0,15,2,/NPIXWA+Arial-ItalicMT-Identity-H,11.0,42.52,-34.17,601.48,-20.89,-34.17,862.78,42.52,-6.2,"Xuelian Li , Yue Han two-layer structure is completely trusted, we call it as trusted"
1,0,0,0,0,86,4,/ANXBAP+TimesNewRomanPSMT-Identity-H,9.0,42.52,-84.84,610.48,-25.84,-84.84,867.73,42.52,-15.2,"Communications) and mMTC (massive Machine Type authority (TA). However, this authority may be compromised in Communications). In short, 5G will bring users higher bandwidth real-world scenarios and leak sensitive information to third party rates, lower and more reliable delays and meet requirements of without being legally authenticated. Especially, the TA may ‘Internet of everything’. Therefore, 5G can solve the disclose registered users’ private keys. This attack is denoted as communication latency problem in V ANET and achieve instant registration authority leaks registration information (RALRI) message services."
1,0,0,0,0,10,4,/ANXBAP+TimesNewRomanPSMT-Identity-H,9.0,54.52,-94.84,338.02,-85.84,-94.84,927.73,54.52,257.26,"V ANET [1, 2], a vital component of intelligent transportation"
1,0,0,0,0,44,4,/ANXBAP+TimesNewRomanPSMT-Identity-H,9.0,42.52,-144.84,339.52,-95.84,-144.84,937.73,42.52,255.76,"systems [3], can share information to ease traffic congestion and improve road efficiency. It provides vehicle-to-vehicle communication, vehicle-to-infrastructure communication and so on. Fig. 1 depicts a basic structure of V ANET system, which contains a trusted authority (TA), on board units (OBUs) and road"
1,0,0,0,0,125,4,/ANXBAP+TimesNewRomanPSMT-Identity-H,9.0,308.97,-294.17,610.47,-165.17,-294.17,1007.06,308.97,-15.19,"attack. Generally, the leakage of private key will cause seriously traffic security problem due to the false messages (i.e. wrong predictions) generated by illegal user. Secondly, participants usually local calculate and cache sensitive data in advance to improve communication efficiency, where the random numbers can be used to establish session keys in mutual authentication phase. While these random numbers can be obtained by attacker through a new type of attack called ephemeral-secret-leakage (ESL) attack [9]. Email is the most common way to implement such attacks. Thirdly, the validity period of private keys for RSU and OBU must be equal in update phase, which means the synchronous update must be performed between different entities. Obviously, this strong correlation will degrade the flexibility of V ANET system."
1,0,0,0,0,19,5,/PABHGQ+ArialMT-Identity-H,8.0,42.52,-333.38,551.86,-314.38,-333.38,1156.27,42.52,43.42,"IET Inf. Secur., 2020, Vol. 14 Iss. 1, pp. 99-110  99 © The Institution of Engineering and Technology 2019"
2,0,0,0,0,35,9,/Times-Roman,5.73,579.54,819.32,1562.24,825.05,819.32,16.84,579.54,-966.96,"17518717, 2020, 1, Downloaded from https://ietresearch.onlinelibrary.wiley.com/doi/10.1049/iet-ifs.2019.0249, Wiley Online Library on [01/07/2024]. See the Terms and Conditions (https://onlinelibrary.wiley.com/terms-and-conditions) on Wiley Online Library for rules of use; OA articles are governed by the applicable Creative Commons License"
2,1,0,0,0,5,5,/EPBUZU+Arial-BoldMT-Identity-H,8.0,42.52,550.76,168.08,558.76,550.76,283.13,42.52,427.2,Fig. 1௒Basic structure of VANETs
2,0,0,0,0,8,4,/ANXBAP+TimesNewRomanPSMT-Identity-H,9.0,54.52,529.48,302.02,538.48,529.48,303.41,54.52,293.26,Based on self-certified public keys (SCPK) and Schnorr
2,0,0,0,0,56,4,/ANXBAP+TimesNewRomanPSMT-Identity-H,9.0,42.52,389.48,353.02,528.48,389.48,313.41,42.52,242.26,"signatures, this paper proposes an efficient provably secure authentication protocol in V ANET. The protocol can resist the above attacks and update private keys independently between RSU and OBU. It is shown that the proposed protocol is very suitable for practical V ANET applications as it provides additional security requirements along with the reduced computation cost."
2,0,1,0,0,3,4,/NPIXWA+Arial-ItalicMT-Identity-H,9.0,42.52,191.12,137.02,200.12,191.12,641.77,42.52,458.26,1.1 Our contributions
2,0,0,0,0,9,4,/ANXBAP+TimesNewRomanPSMT-Identity-H,9.0,42.52,47.48,308.02,56.48,47.48,785.41,42.52,287.26,The contributions of this paper are summarised as follows:
2,0,0,0,0,12,5,/PABHGQ+ArialMT-Identity-H,8.0,42.52,34.99,578.16,42.99,34.99,798.9,42.52,17.12,"100 IET Inf. Secur. , 2020, Vol. 14 Iss. 1, pp. 99-110"
2,0,0,0,0,43,5,/PABHGQ+ArialMT-Identity-H,8.0,362.28,19.99,2420.28,31.99,19.99,809.9,362.28,-1825.0,"© The Institution of Engineering and Technology 2019 17518717, 2020, 1, Downloaded from https://ietresearch.onlinelibrary.wiley.com/doi/10.1049/iet-ifs.2019.0249, Wiley Online Library on [01/07/2024]. See the Terms and Conditions (https://onlinelibrary.wiley.com/terms-and-conditions) on Wiley Online Library for rules of use; OA articles are governed by the applicable Creative Commons License"
2,0,0,0,0,257,4,/ANXBAP+TimesNewRomanPSMT-Identity-H,9.0,42.51,-378.52,614.98,-123.52,-378.52,965.41,42.51,-19.7,"• We analyse the security flaws of Tseng et al. ’s scheme and propose a hierarchical revocable authentication protocol in V ANET using bilinear pairing. It enables multiple subordinate authorities to work independently and eases the computation burden of the original single authority. • We enhance the flexibility of private key update through embedding different validity periods in time keys. The validity period depends on the computation and storage capacity of specific devices. • Our protocol is provably secure under the computational DiffieHellman (CDH) assumption in the modified BR model. It is resistant to the well-known security attacks such as RALRI attack, ESL attack and so on. • Performance analysis shows that the protocol is significantly superior to most of the authentication schemes. It demonstrates that our protocol is suitable for the practical V ANET environment. The rest of this paper is organised as follows. Section 2 introduces infrastructure, PKI), (ii) symmetric cryptography (hash function) some background, including preliminary knowledge, security and (iii) identity-based cryptography (IBC) schemes. model, system model and design goals. Section 3 gives the detailed Asymmetric cryptography (also called the public key process of our proposed protocol. The modified adversary model infrastructure) is the most popular method to provide data security and security proof are presented in Section 4. The performance for communication networks. A pair of public/private keys can be analysis is presented in Sections 5. Conclusion is given in Section used to encrypt a message or generate a digital signature. More 6. specifically, PKI schemes depend on a trusted third party to"
2,0,0,0,0,51,4,/ANXBAP+TimesNewRomanPSMT-Identity-H,9.0,308.97,-438.52,587.98,-379.52,-438.52,1221.41,308.97,7.3,authenticate vehicles and infrastructure. Wasef and Shen [13] proposed an expedite message authentication protocol scheme which adopts PKI. It is known that CRLs are used to perform revocation checking process and is very time consuming. This scheme overcomes this problem by replacing the CRL checking process with hash message authentication code.
2,0,0,0,0,7,4,/ANXBAP+TimesNewRomanPSMT-Identity-H,9.0,320.97,-448.52,559.47,-439.52,-448.52,1281.41,320.97,35.81,The second authentication technique is the symmetric
2,0,0,0,0,35,4,/ANXBAP+TimesNewRomanPSMT-Identity-H,9.0,308.98,-568.52,610.48,-449.52,-568.52,1291.41,308.98,-15.2,"cryptography. It means that the same private key and simple algorithm are used to encrypt and decrypt message, and thereby the symmetric cryptography is more faster than asymmetric cryptography. Symmetric cryptography also has its limitations,"
2,0,1,0,0,3,4,/NPIXWA+Arial-ItalicMT-Identity-H,9.0,42.52,-573.88,114.52,-564.88,-573.88,1406.77,42.52,480.76,1.2 Related work
2,0,0,0,0,60,4,/ANXBAP+TimesNewRomanPSMT-Identity-H,9.0,308.97,-708.52,605.97,-569.52,-708.52,1411.41,308.97,-10.69,"such as it does not provide non-repudiation, and the leakage of private key could endanger all safety messages. Hash function based authentication scheme is one type of symmetric cryptography, and mainly used for checking the message integrity. In Chim et al.’s scheme [14], they used one-way hash function and secret key between vehicle and RSU to solve the problem of"
2,0,0,0,0,131,4,/ANXBAP+TimesNewRomanPSMT-Identity-H,9.0,42.52,-787.52,605.98,-708.52,-787.52,1550.41,42.52,-10.7,"In V ANET, authentication is a significant cryptographic process of communication overhead. Vighnesh et al. ’s scheme [15] utilised trust establishment between vehicles and infrastructure. Well- hash chain and authentication code to authenticate vehicles which designed authentication schemes can easily identify non-legitimate send message. This authentication code is attached to each safety nodes and fake message and thereby provide security for V ANET. message, and encrypted by the receiving vehicle. So far, many authentication schemes have been proposed to  IBC-based authentication scheme is similar to asymmetric provide secure communication. Depending on the research in cryptography except that public key of a user in IBC scheme is literatures [10–12], cryptography authentication schemes are divide easily derived from its personal information such as an email into three categories: (i) asymmetric cryptography (public key"
2,0,0,0,0,26,4,/ANXBAP+TimesNewRomanPSMT-Identity-H,9.0,308.97,-888.52,587.98,-859.52,-888.52,1701.41,308.97,7.3,"address. Compared with asymmetric cryptography, IBC system does not use certificates for message authentication and thus improves efficiency in V ANET communication. In [16], Huang et"
2,0,1,0,0,8,4,/JNRQIE+TimesNewRomanPS-ItalicMT-Identity-H,9.0,308.97,-898.52,583.73,-889.52,-898.52,1731.41,308.97,11.55,al. proposed a batch authenticated scheme which significantly
2,0,0,0,0,18,4,/ANXBAP+TimesNewRomanPSMT-Identity-H,9.0,308.98,-928.52,605.98,-899.52,-928.52,1741.41,308.98,-10.7,"reduced computation cost. In [17], Sun et al. ’s scheme used identity-based encryption for encryption, authentication and nonrepudiation."
2,0,0,0,0,10,4,/ANXBAP+TimesNewRomanPSMT-Identity-H,9.0,320.98,-938.52,595.48,-929.52,-938.52,1771.41,320.98,-0.2,Privacy protection of vehicle user should also be taken into
2,0,0,0,0,83,4,/ANXBAP+TimesNewRomanPSMT-Identity-H,9.0,308.97,-1108.53,610.48,-939.52,-1108.53,1781.41,308.97,-15.2,"account. This is because that user's personal data may be intercepted by malicious party during the information exchange. In [18], Lin et al. proposed a conditional privacy-preserving protocol for V ANETs. Their protocol uses short group signature to sign messages sent by vehicle and ensures the anonymity of signer. However, the verification of group signature is usually time consuming and not suitable to the high-mobility feature of V ANET. Pseudonym-based authentication scheme can achieve conditional privacy preserving by frequently changing pseudonyms for vehicle"
3,0,0,0,0,35,9,/Times-Roman,5.73,579.54,819.32,1562.24,825.05,819.32,16.84,579.54,-966.96,"17518717, 2020, 1, Downloaded from https://ietresearch.onlinelibrary.wiley.com/doi/10.1049/iet-ifs.2019.0249, Wiley Online Library on [01/07/2024]. See the Terms and Conditions (https://onlinelibrary.wiley.com/terms-and-conditions) on Wiley Online Library for rules of use; OA articles are governed by the applicable Creative Commons License"
3,0,0,0,0,17,4,/ANXBAP+TimesNewRomanPSMT-Identity-H,9.0,42.52,766.54,317.02,785.54,766.54,56.35,42.52,278.26,"users. Literatures in [19, 20] used this approach to provide conditional privacy and traceability for malicious users."
3,0,0,0,0,26,4,/ANXBAP+TimesNewRomanPSMT-Identity-H,9.0,42.52,698.54,335.02,737.54,698.54,104.35,42.52,260.26,"In this section, we compendiously introduce preliminary knowledge, security model, system model and design goals in this paper. Some necessary notations are listed in Nomenclature section."
3,0,1,0,0,3,4,/NPIXWA+Arial-ItalicMT-Identity-H,9.0,42.52,500.18,159.52,509.18,500.18,332.71,42.52,435.76,2.1 Preliminary knowledge
3,0,1,0,0,14,7,/WTNFVY+STIX-Italic,6.39,327.98,487.55,597.98,500.11,487.55,341.78,327.98,-2.7,"i  simply halt. Note that this query can also initiate a new U  U1,2"
3,0,0,0,0,7,4,/ANXBAP+TimesNewRomanPSMT-Identity-H,9.0,318.98,474.38,485.48,483.38,474.38,358.51,318.98,109.8,protocol by sending an empty message m.
3,0,1,0,0,3,4,/WTNFVY+STIX-Italic,9.0,308.98,463.38,553.03,474.64,463.38,367.25,308.98,42.25,i  returns  Reveal
3,0,0,0,0,12,4,/WZZHEJ+STIX-Regular,9.0,346.82,461.06,524.4,470.06,461.06,371.83,346.82,70.88,"(U , U , i): This query means that oracle 12U U1,2"
3,0,0,0,0,65,4,/ANXBAP+TimesNewRomanPSMT-Identity-H,9.0,318.97,388.91,606.98,457.91,388.91,383.98,318.97,-11.7,"previously established session key, while returning a null value if it did not accept any session keys. It models the ability of adversary finding session keys, in the sense that a compromised session key should not endanger other session keys, i.e. the known-session key security. Note that oracle can only accept a session key once (while principal can accept many session keys in different oracles)."
3,0,1,0,0,12,4,/WZZHEJ+STIX-Regular,9.0,308.97,377.91,566.47,386.91,377.91,454.98,308.97,28.81,"Corrupt (U , K ): This query allows adversary to corrupt 1E"
3,0,0,0,0,28,4,/WZZHEJ+STIX-Regular,9.0,78.41,366.66,590.18,378.44,366.66,463.45,78.41,5.1,"Adv  A (P, aP, bP) = abP  ∈ G , a, b ∈ Z ],1A = Pr [q principal U and learn its completely internal state at will."
3,0,0,0,0,49,4,/ANXBAP+TimesNewRomanPSMT-Identity-H,9.0,42.52,345.63,606.98,365.18,345.63,476.71,42.52,-11.7,"2.1.1 Bilinear pairings: Let  G  and  G  be additive and  Especially, this adversary can replace the long-term secret key 12 where the probability is measured over the random choices of(i.e. private key K) of U  with its choice. multiplicative cyclic groups of large prime order q, respectively. A 1"
3,0,0,0,0,37,4,/WZZHEJ+STIX-Regular,9.0,42.52,333.86,577.37,348.38,333.86,493.51,42.52,17.91,"^ :a, b ∈ Z  by adversary A. qmap e G G  G  is called an admissible bilinear map if it 1 ×1 →2 Test (U , U , i): This query means that adversary attempts to"
3,0,0,0,0,8,4,/ANXBAP+TimesNewRomanPSMT-Identity-H,9.0,42.52,324.95,549.63,334.57,324.95,507.32,42.52,45.65,i  from a satisfies the following three conditions:
3,0,0,0,0,10,4,/WTNFVY+STIX-Italic,9.0,318.98,320.99,525.5,329.99,320.99,511.9,318.98,69.78,"distinguish an accepted session key K by oracle sU  U1,2"
3,0,1,0,0,3,4,/NPIXWA+Arial-ItalicMT-Identity-H,9.0,42.52,313.96,105.52,322.96,313.96,518.93,42.52,489.76,2.2 BR93 model
3,0,0,0,0,32,4,/ANXBAP+TimesNewRomanPSMT-Identity-H,9.0,318.97,288.84,584.48,317.84,288.84,524.05,318.97,10.8,"random key with same distribution. This is the basis of determining security for protocol. Specifically, adversary chooses a randomly bit b. If b = 0 , then K is returned while ifs"
3,0,0,0,0,13,4,/WTNFVY+STIX-Italic,9.0,318.98,277.59,595.65,286.59,277.59,555.3,318.98,-0.37,"b = 1 , a random string is returned from the same distribution."
3,0,0,0,0,11,4,/WZZHEJ+STIX-Regular,9.0,308.98,252.97,559.24,261.97,252.97,579.92,308.98,36.04,"2.2.1 Definition of security: We define SID(∏  as the U U1,2"
3,0,1,0,0,4,7,/WTNFVY+STIX-Italic,6.39,491.54,243.08,550.04,252.08,243.08,589.81,491.54,45.24,"i , and denote"
3,0,0,0,0,9,7,/WTNFVY+STIX-Italic,6.39,308.98,238.49,524.98,247.49,238.49,594.4,308.98,70.3,"concatenation of all messages related to oracle U U1,2"
3,0,1,0,0,4,7,/WTNFVY+STIX-Italic,6.39,335.98,228.6,503.04,237.6,228.6,604.29,335.98,92.24,i ) i .
3,0,0,0,0,10,7,/WZZHEJ+STIX-Regular,6.39,308.98,224.02,518.35,233.02,224.02,608.87,308.98,76.93,"PID(∏  as the perceived partner of oracle U UU U1,21,2"
3,0,0,0,0,11,4,/ANXBAP+TimesNewRomanPSMT-Identity-H,9.0,320.98,211.87,581.98,220.87,211.87,621.02,320.98,13.3,The security of BR93 model and its variants depend on the
3,0,0,0,0,21,4,/ANXBAP+TimesNewRomanPSMT-Identity-H,9.0,308.97,181.87,592.48,210.87,181.87,631.02,308.97,2.8,"concept of partnership oracle, which is defined by different models. The BR93 model defines partnership using the notion of matching conversations."
3,0,0,0,0,26,4,/ANXBAP+TimesNewRomanPSMT-Identity-H,9.0,42.52,150.31,326.02,179.31,150.31,662.58,42.52,269.26,"The computational complexity analysis utilises deductive reasoning method. Although the method is proposed in 1980s, it became prevalent by Bellare and Rogaway (1993) [21] for key"
3,0,0,0,0,16,4,/WTNFVY+STIX-Italic,9.0,42.52,144.01,280.28,153.95,144.01,687.94,42.52,315.0,"i. bilinearity: for all  P, Q ∈ G  and  a, b ∈ Z , we have1q"
3,0,0,0,0,8,4,/ANXBAP+TimesNewRomanPSMT-Identity-H,9.0,42.52,140.31,326.02,149.31,140.31,692.58,42.52,269.26,"establishment protocols. In their literature, the first formal"
3,0,0,0,0,16,4,/WTNFVY+STIX-Italic,9.0,42.52,130.31,330.52,139.84,130.31,702.05,42.52,264.76,"e(aP, bQ) = e (P, Q) ; definition for adversary capability model was provided for two-"
3,0,0,0,0,9,10,/WZZHEJ+STIX-Regular,5.0,42.52,120.31,348.52,132.3,120.31,709.59,42.52,246.76,^party entity authentication protocols. The adversary is powerful to
3,0,0,0,0,16,4,/WZZHEJ+STIX-Regular,9.0,42.52,119.42,270.94,128.54,119.42,713.35,42.52,324.34,"ii. non-degeneracy : for some P, Q ∈ G , e(P, Q) ≠ 1 holds; 1"
3,0,0,0,0,19,4,/ANXBAP+TimesNewRomanPSMT-Identity-H,9.0,42.52,107.86,335.02,119.31,107.86,722.58,42.52,260.26,"learn some sensitive information from interacting communication. iii. computability: given P, Q ∈ G, there is an efficient algorithm"
3,0,0,0,0,7,10,/WZZHEJ+STIX-Regular,5.0,42.52,100.31,330.52,110.07,100.31,731.82,42.52,264.76,"^Therefore, proving the indistinguishability between session key"
3,0,0,0,0,4,4,/WTNFVY+STIX-Italic,9.0,57.52,97.19,134.75,106.19,97.19,735.7,57.52,460.53,"to compute e(P, Q)."
3,0,0,0,0,10,4,/ANXBAP+TimesNewRomanPSMT-Identity-H,9.0,42.52,90.31,335.02,99.31,90.31,742.58,42.52,260.26,and same random key distribution for the adversary is important.
3,0,1,0,0,4,7,/WTNFVY+STIX-Italic,6.39,488.28,84.04,548.45,93.13,84.04,748.76,488.28,46.83,"j , i  and"
3,0,1,0,0,21,4,/ANXBAP+TimesNewRomanPSMT-Identity-H,9.0,42.52,76.89,547.67,89.31,76.89,752.58,42.52,47.61,"Informally, adversary can fully control communication network Definition 1: (Partnership): Two oracles, U  U U  UNote that condition (1) implies that:"
3,0,0,0,0,4,10,/WZZHEJ+STIX-Regular,5.0,492.92,80.52,550.51,85.61,80.52,756.28,492.92,44.77,"1, 2 2, 1"
3,0,0,0,0,26,10,/WZZHEJ+STIX-Regular,5.0,42.52,67.22,610.48,79.65,67.22,762.24,42.52,-15.2,"^ ^ ^ ^ ^ ^by interacting with a series of oracles. Each oracle represents a  are partners, if both of the following requirements are satisfied:"
3,0,0,0,0,26,4,/WTNFVY+STIX-Italic,9.0,42.52,66.77,293.05,75.77,66.77,766.12,42.52,302.23,"e(P + Q , R) = e (P, R) ⋅ e(Q , R), and e(P, Q + R ) = e (P, Q) ⋅ e(P, R),"
3,0,0,0,0,5,4,/WTNFVY+STIX-Italic,9.0,279.15,59.0,525.6,71.58,59.0,770.31,279.15,69.68,s .  2Pr[success] − 1
3,0,0,0,0,18,4,/WTNFVY+STIX-Italic,9.0,42.52,56.46,285.54,66.99,56.46,774.9,42.52,309.74,"principal, who has an identity identifier U and oracle for all P, Q, R ∈ G. U 1"
3,0,0,0,0,7,4,/ANXBAP+TimesNewRomanPSMT-Identity-H,9.0,42.52,46.11,307.54,55.11,46.11,786.78,42.52,287.74,"Specifically, adversary A intercepts all messages transmitted"
3,0,1,0,0,3,7,/WTNFVY+STIX-Italic,6.39,255.84,38.37,282.84,47.37,38.37,794.52,255.84,312.44,"i , it"
3,0,0,0,0,117,4,/ANXBAP+TimesNewRomanPSMT-Identity-H,9.0,42.52,0.53,2597.41,43.0,0.53,798.89,42.52,-2002.13,"IET Inf. Secur., 2020, Vol. 14 Iss. 1, pp. 99-110  101 17518717, 2020, 1, Downloaded from https://ietresearch.onlinelibrary.wiley.com/doi/10.1049/iet-ifs.2019.0249, Wiley Online Library on [01/07/2024]. See the Terms and Conditions (https://onlinelibrary.wiley.com/terms-and-conditions) on Wiley Online Library for rules of use; OA articles are governed by the applicable Creative Commons License 2.1.2 Security assumptions: Let G and G be defined as above. between two parties by interacting with oracles 12U U1,2 In this part, we define security assumptions on which our scheme is © The Institution of Engineering and Technology 2019 represents the ith instance that principal U wants to establish a 1 based. session key with principal U. In the BR93 model, adversary can 2 adaptively perform the following oracle queries:"
3,0,0,0,1,3,4,/ANXBAP+TimesNewRomanPSMT-Identity-H,9.0,0.0,-9.0,22.5,0.0,-9.0,841.89,0.0,572.78,P (1)  .
3,0,0,0,0,11,4,/ANXBAP+TimesNewRomanPSMT-Identity-H,9.0,308.98,-112.78,565.48,-103.78,-112.78,945.67,308.98,29.8,(i) each one believes that the other is its partner (i.e.
3,0,0,0,0,18,4,/WTNFVY+STIX-Italic,9.0,42.52,-167.63,297.73,-157.68,-167.63,999.57,42.52,297.55,"• CDH problem: Given P, aP, bP ∈  G  for unknown a, b ∈ Z , the 1q"
3,0,0,0,0,20,4,/WZZHEJ+STIX-Regular,9.0,42.52,-179.47,278.01,-169.88,-179.47,1011.77,42.52,317.27,"CDH problem in G  is to compute abP. • Send (U, U, i, m): This query means that adversary 112"
3,0,0,0,0,24,4,/WTNFVY+STIX-Italic,9.0,42.52,-191.38,298.12,-181.02,-191.38,1022.91,42.52,297.16,"impersonates principal U for sending message m to principal• CDH assumption: Given 1P, aP, bP ∈ G for unknown a, b ∈ Z, 1q"
3,0,0,0,0,18,4,/ANXBAP+TimesNewRomanPSMT-Identity-H,9.0,52.52,-202.63,327.06,-191.58,-202.63,1033.47,52.52,268.22,"U , while the corresponding content is returned according to 2no probabilistic polynomial time (PPT) adversary A can"
3,0,1,0,0,3,7,/WTNFVY+STIX-Italic,6.39,258.31,-208.87,285.31,-199.87,-208.87,1041.76,258.31,309.97,i . If
3,0,0,0,0,16,4,/ANXBAP+TimesNewRomanPSMT-Identity-H,9.0,52.52,-213.45,300.02,-203.63,-213.45,1045.52,52.52,295.26,compute abP with a non-negligible probability . protocol specification. This query utilises the oracle U U
3,0,1,0,0,5,7,/WTNFVY+STIX-Italic,6.39,335.98,-219.92,439.88,-210.83,-219.92,1052.72,335.98,155.4,j ) =i ) =
3,0,0,0,0,28,4,/WZZHEJ+STIX-Regular,9.0,42.52,-225.6,475.14,-214.93,-225.6,1056.82,42.52,120.14,"• Adversary advantage: The successful probability of adversary APID(∏  U  and PID(∏  U ), the received message m is not of the expected format, the oracle21U UU U1,22,1"
3,0,0,0,0,3,4,/ANXBAP+TimesNewRomanPSMT-Identity-H,9.0,52.52,-233.93,138.02,-224.93,-233.93,1066.82,52.52,457.26,is presented below:
3,0,0,0,0,9,4,/ANXBAP+TimesNewRomanPSMT-Identity-H,9.0,308.98,-237.75,542.98,-228.75,-237.75,1070.64,308.98,52.3,(ii) they agree on the same session identifier (i.e.
3,0,1,0,0,5,7,/WTNFVY+STIX-Italic,6.39,335.97,-245.58,404.32,-236.49,-245.58,1078.38,335.97,190.96,j )i ) = SID(∏
3,0,0,0,1,6,7,/WZZHEJ+STIX-Regular,6.39,308.98,-250.16,428.37,-241.16,-250.16,1083.05,308.98,166.91,"SID(∏  U ). U U U1,22,1"
3,0,1,0,0,7,7,/WTNFVY+STIX-Italic,6.39,455.63,-280.14,568.13,-271.14,-280.14,1113.03,455.63,27.15,i  is fresh at the end of
3,0,1,0,0,6,4,/WTNFVY+STIX-Italic,9.0,320.98,-284.72,472.0,-275.72,-284.72,1117.61,320.98,123.28,"Definition 2: (Freshness):  Oracle  U  U1,2"
3,0,0,0,0,6,4,/ANXBAP+TimesNewRomanPSMT-Identity-H,9.0,308.98,-296.88,448.48,-287.88,-296.88,1129.77,308.98,146.8,"its execution, if and only if:"
3,0,1,0,0,8,7,/WTNFVY+STIX-Italic,6.39,376.31,-494.01,537.06,-484.92,-494.01,1326.81,376.31,58.22,j  have not been asked any i  and
3,0,0,0,0,6,7,/WTNFVY+STIX-Italic,6.39,308.98,-498.6,555.27,-489.6,-498.6,1331.49,308.98,40.01,"(i) Both oracles  RevealU UU U1,22,1"
3,0,0,0,0,14,4,/ANXBAP+TimesNewRomanPSMT-Identity-H,9.0,308.98,-620.39,555.25,-501.84,-620.39,1343.73,308.98,40.03,"queries, (ii) both principals U and U  have not been asked any Corrupt12 queries."
3,0,0,0,0,11,4,/ANXBAP+TimesNewRomanPSMT-Identity-H,9.0,320.97,-640.39,608.97,-631.39,-640.39,1473.28,320.97,-13.69,Security for protocol in BR93 model is defined by the following
3,0,0,0,0,10,4,/ANXBAP+TimesNewRomanPSMT-Identity-H,9.0,308.98,-650.39,566.72,-641.39,-650.39,1483.28,308.98,28.56,game G  played between adversary and a series of oracles.
3,0,1,0,0,28,4,/JNRQIE+TimesNewRomanPS-ItalicMT-Identity-H,9.0,308.97,-691.39,584.53,-661.39,-691.39,1503.28,308.97,10.75,"Stage 1: Firstly, adversary A sends any oracle queries, including Send, Reveal and Corrupt query. Stage 2:  Secondly, at some point in the game  G , adversary A"
3,0,0,0,0,36,4,/ANXBAP+TimesNewRomanPSMT-Identity-H,9.0,318.97,-731.39,597.98,-692.39,-731.39,1534.28,318.97,-2.7,"chooses a fresh session and sends a Test query to the associated oracle. In terms of the randomly chosen bit b, the adversary is given either actual session key or random key drawn from same distribution."
3,0,1,0,0,8,4,/JNRQIE+TimesNewRomanPS-ItalicMT-Identity-H,9.0,308.98,-742.39,566.48,-733.39,-742.39,1575.28,308.98,28.8,"Stage 3:  Next, adversary continues querying oracles excepting"
3,0,0,0,0,13,4,/ANXBAP+TimesNewRomanPSMT-Identity-H,9.0,318.98,-762.39,583.24,-743.39,-762.39,1585.28,318.98,12.04,for Corrupt and Reveal query that will eventually expose the tested session key.
3,0,1,0,0,11,4,/JNRQIE+TimesNewRomanPS-ItalicMT-Identity-H,9.0,308.98,-773.39,569.52,-764.39,-773.39,1606.28,308.98,25.76,"Stage 4: Finally, adversary terminates this game G and outputs a"
3,0,0,0,0,40,4,/ANXBAP+TimesNewRomanPSMT-Identity-H,9.0,308.98,-823.7,619.48,-774.39,-823.7,1616.28,308.98,-24.2,"guess value b of b. In this game G, success for adversary is measured by its advantage in distinguishing the tested session key from a random key, i.e. the probability in outputting b′ = b, then the advantage function for"
3,0,0,0,0,7,4,/WZZHEJ+STIX-Regular,9.0,308.98,-835.29,449.13,-822.74,-835.29,1664.63,308.98,146.15,Aadversary A is presented as Adv(k) =
4,0,0,0,0,35,9,/Times-Roman,5.73,579.54,819.32,1562.24,825.05,819.32,16.84,579.54,-966.96,"17518717, 2020, 1, Downloaded from https://ietresearch.onlinelibrary.wiley.com/doi/10.1049/iet-ifs.2019.0249, Wiley Online Library on [01/07/2024]. See the Terms and Conditions (https://onlinelibrary.wiley.com/terms-and-conditions) on Wiley Online Library for rules of use; OA articles are governed by the applicable Creative Commons License"
4,1,0,0,0,3,5,/EPBUZU+Arial-BoldMT-Identity-H,8.0,42.52,513.56,116.08,521.56,513.56,320.33,42.52,479.2,Fig. 2௒System model
4,0,1,0,0,9,4,/JNRQIE+TimesNewRomanPS-ItalicMT-Identity-H,9.0,54.52,482.27,198.52,491.27,482.27,350.62,54.52,396.76,Definition 3: (BR93 Security):  Secure protocol based on BR93
4,0,0,0,0,6,4,/ANXBAP+TimesNewRomanPSMT-Identity-H,9.0,42.52,472.27,263.02,481.27,472.27,360.62,42.52,332.26,model should satisfy the following requirements:
4,0,1,0,0,5,7,/WTNFVY+STIX-Italic,6.39,201.35,275.14,287.14,284.23,275.14,557.66,201.35,308.14,j  in the i  and
4,0,0,0,0,11,7,/WTNFVY+STIX-Italic,6.39,42.52,270.56,262.2,279.56,270.56,562.33,42.52,333.08,"(i) if protocol runs between two oracles U U U  U1,22,1"
4,0,1,0,0,4,7,/WTNFVY+STIX-Italic,6.39,209.59,260.48,282.1,269.57,260.48,572.32,209.59,313.18,j  can i  and
4,0,0,0,0,10,7,/WTNFVY+STIX-Italic,6.39,42.52,255.9,270.65,264.9,255.9,576.99,42.52,324.63,"absence of malicious adversary, then both U U U  U1,22,1"
4,0,0,0,0,15,4,/ANXBAP+TimesNewRomanPSMT-Identity-H,9.0,42.52,133.01,298.16,252.65,133.01,589.24,42.52,297.12,"accept same session key, A(ii) for any PPT adversary A, the advantage Adv(k) is negligible."
4,0,1,0,0,3,4,/NPIXWA+Arial-ItalicMT-Identity-H,9.0,42.52,110.66,114.52,119.66,110.66,722.23,42.52,480.76,2.3 System model
4,0,0,0,0,12,5,/PABHGQ+ArialMT-Identity-H,8.0,42.52,34.99,578.16,42.99,34.99,798.9,42.52,17.12,"102 IET Inf. Secur. , 2020, Vol. 14 Iss. 1, pp. 99-110"
4,0,0,0,0,43,5,/PABHGQ+ArialMT-Identity-H,8.0,362.29,19.99,2420.29,31.99,19.99,809.9,362.29,-1825.01,"© The Institution of Engineering and Technology 2019 17518717, 2020, 1, Downloaded from https://ietresearch.onlinelibrary.wiley.com/doi/10.1049/iet-ifs.2019.0249, Wiley Online Library on [01/07/2024]. See the Terms and Conditions (https://onlinelibrary.wiley.com/terms-and-conditions) on Wiley Online Library for rules of use; OA articles are governed by the applicable Creative Commons License"
4,0,0,0,0,32,4,/ANXBAP+TimesNewRomanPSMT-Identity-H,9.0,42.52,-142.98,348.52,-23.98,-142.98,865.87,42.52,246.76,"The system model of our protocol is given in Fig. 2. It consists of four entities: single central authority (CA), multiple registration authorities, RSUs and OBUs. The specific descriptions are as follows:"
4,0,0,0,0,13,4,/JNRQIE+TimesNewRomanPS-ItalicMT-Identity-H,9.0,42.52,-322.98,331.38,-313.98,-322.98,1155.87,42.52,263.9,Central authority (CA ): The single authority at the top layer of 1
4,0,0,0,0,9,4,/ANXBAP+TimesNewRomanPSMT-Identity-H,9.0,52.52,-333.53,336.02,-324.53,-333.53,1166.42,52.52,259.26,"system model. As the primary traffic administration bureau, the"
4,0,0,0,0,10,4,/WZZHEJ+STIX-Regular,9.0,52.52,-343.53,333.02,-334.53,-343.53,1176.42,52.52,262.26,CA  is responsible for initialising the system parameters and 1
4,0,0,0,0,9,4,/ANXBAP+TimesNewRomanPSMT-Identity-H,9.0,52.52,-364.09,322.52,-345.09,-364.09,1186.98,52.52,272.76,assigning private keys for all the subordinate registration authorities.
4,0,0,0,0,8,4,/JNRQIE+TimesNewRomanPS-ItalicMT-Identity-H,9.0,42.52,-375.09,294.94,-366.09,-375.09,1207.98,42.52,300.34,Subordinate registration authority ( RA): The second-layer 2
4,0,0,0,0,38,4,/ANXBAP+TimesNewRomanPSMT-Identity-H,9.0,52.52,-416.19,340.52,-376.64,-416.19,1218.53,52.52,254.76,"authority subject to central authority CA. As the regional traffic 1 management apartments, the authority generates private keys and time keys for all the registered vehicle users and RSUs. It also revokes malicious users once detecting illegal behaviours."
4,0,1,0,0,8,4,/JNRQIE+TimesNewRomanPS-ItalicMT-Identity-H,9.0,42.52,-427.19,332.01,-418.19,-427.19,1260.08,42.52,263.27,RSUs:  Fixed infrastructures located aside roads. RSUs collect
4,0,0,0,0,9,4,/ANXBAP+TimesNewRomanPSMT-Identity-H,9.0,52.52,-437.19,309.02,-428.19,-437.19,1270.08,52.52,286.26,and share messages in networks with vehicles using DSRC.
4,0,1,0,0,9,4,/JNRQIE+TimesNewRomanPS-ItalicMT-Identity-H,9.0,42.53,-448.19,320.52,-439.19,-448.19,1281.08,42.53,274.76,OBUs:  Installed on vehicles to compute and store necessary
4,0,0,0,0,20,4,/ANXBAP+TimesNewRomanPSMT-Identity-H,9.0,52.52,-478.19,313.52,-449.19,-478.19,1291.08,52.52,281.76,"values exchanging with RSUs. Note that these devices have limited computation and storage resources, so they cannot perform complex operations."
4,0,1,0,0,3,4,/NPIXWA+Arial-ItalicMT-Identity-H,9.0,42.52,-500.23,114.52,-491.23,-500.23,1333.12,42.52,480.76,2.4 Design goals
4,0,1,0,0,8,4,/JNRQIE+TimesNewRomanPS-ItalicMT-Identity-H,9.0,308.97,-520.75,503.48,-511.75,-520.75,1353.64,308.97,91.8,"Session key agreement:  To guarantee information security, our"
4,0,0,0,0,11,4,/ANXBAP+TimesNewRomanPSMT-Identity-H,9.0,318.97,-540.75,588.98,-521.75,-540.75,1363.64,318.97,6.3,protocol should establish secure session key to encrypt the exchanged message.
4,0,1,0,0,10,4,/JNRQIE+TimesNewRomanPS-ItalicMT-Identity-H,9.0,308.98,-551.75,521.47,-542.75,-551.75,1384.64,308.98,73.81,User anonymity:  The real identity of vehicle users must be
4,0,0,0,0,29,4,/ANXBAP+TimesNewRomanPSMT-Identity-H,9.0,318.97,-581.75,602.48,-552.75,-581.75,1394.64,318.97,-7.2,"associated with personal information, such as ID card, home address, financial status and so on. Therefore, we need to provide user anonymity to avoid the leakage of sensitive data."
4,0,1,0,0,7,4,/JNRQIE+TimesNewRomanPS-ItalicMT-Identity-H,9.0,308.98,-592.75,494.48,-583.75,-592.75,1425.64,308.98,100.8,Conditional privacy:  Malicious users may accidently cause
4,0,0,0,0,21,4,/ANXBAP+TimesNewRomanPSMT-Identity-H,9.0,318.98,-622.75,611.48,-593.75,-622.75,1435.64,318.98,-16.2,"severe traffic accidents and criminal behaviours. Therefore, the system should recover the real identity to take necessary punishments for malicious users."
4,0,1,0,0,10,4,/JNRQIE+TimesNewRomanPS-ItalicMT-Identity-H,9.0,308.98,-633.75,466.48,-624.75,-633.75,1466.64,308.98,128.8,Flexibility of private key update:  The private key should be
4,0,0,0,0,39,4,/ANXBAP+TimesNewRomanPSMT-Identity-H,9.0,42.52,-663.88,602.48,-634.75,-663.88,1476.64,42.52,-7.2,"updated flexibly for RSU and OBU according to their respective In order to achieve secure communication in V ANET network, we computing and storage capabilities, thus saving computation hope that our protocol could satisfy the following security resources. requirements:"
4,0,1,0,0,8,4,/JNRQIE+TimesNewRomanPS-ItalicMT-Identity-H,9.0,308.98,-674.75,489.98,-665.75,-674.75,1507.64,308.98,105.3,Perfect forward secrecy:  Our protocol should provide perfect
4,0,0,0,0,21,4,/ANXBAP+TimesNewRomanPSMT-Identity-H,9.0,318.98,-704.75,588.98,-675.75,-704.75,1517.64,318.98,6.3,"forward secrecy. That is, even though the private key are comprised in some way, the established session key is still secure."
4,0,1,0,0,9,4,/JNRQIE+TimesNewRomanPS-ItalicMT-Identity-H,9.0,308.98,-715.75,467.48,-706.75,-715.75,1548.64,308.98,127.8,Resistance of various attacks:  Our protocol should resist the
4,0,0,0,0,13,4,/ANXBAP+TimesNewRomanPSMT-Identity-H,9.0,318.98,-735.75,597.98,-716.75,-735.75,1558.64,318.98,-2.7,"well-known attacks, including that replay attack, man-in-themiddle attack, ESL attack and so on."
4,0,0,0,0,40,4,/ANXBAP+TimesNewRomanPSMT-Identity-H,9.0,308.97,-813.75,596.98,-764.75,-813.75,1606.64,308.97,-1.7,"In this section, we present a new hierarchical revocable authentication protocol in V ANET using bilinear pairing. Our protocol includes system initialisation, registration, time key update and revocation, and mutual authentication and key agreement. The detailed description is as follows."
4,0,1,0,0,7,4,/JNRQIE+TimesNewRomanPS-ItalicMT-Identity-H,9.0,42.53,-843.88,321.31,-834.88,-843.88,1676.77,42.53,273.97,Mutual authentication: Mutual authentication must be satisfied
4,0,0,0,0,18,4,/ANXBAP+TimesNewRomanPSMT-Identity-H,9.0,52.52,-953.88,349.53,-844.88,-953.88,1686.77,52.52,245.75,"between vehicle users and RSUs to identify legitimate participants, and prevent malicious parties from participating in communication process."
4,0,1,0,0,4,4,/NPIXWA+Arial-ItalicMT-Identity-H,9.0,308.98,-1012.11,448.48,-1003.11,-1012.11,1845.0,308.98,146.8,3.1 System initialisation phase
4,0,0,0,0,16,4,/ANXBAP+TimesNewRomanPSMT-Identity-H,9.0,308.98,-1165.75,619.48,-1146.75,-1165.75,1988.64,308.98,-24.2,"In this phase, the single central authority and all the registration authorities execute the system initialisation."
4,0,0,0,0,8,4,/NPIXWA+Arial-ItalicMT-Identity-H,9.0,308.98,-1364.11,571.15,-1355.11,-1364.11,2197.0,308.98,24.13,3.1.1 Central authority (CA) initialisation: The central authority1
4,0,0,0,0,11,4,/WZZHEJ+STIX-Regular,9.0,308.98,-1374.66,593.98,-1365.66,-1374.66,2207.55,308.98,1.3,"CA  selects same parameters as Section 2.1.1, and performs the 1"
4,0,0,0,0,27,4,/WTNFVY+STIX-Italic,9.0,308.98,-1586.58,576.39,-1564.74,-1586.58,2406.63,308.98,18.89,(i) Choose a random number s ∈ Z  as the system master key and q compute P  s ⋅ P as the system public key; pub =
4,0,0,0,0,14,4,/ANXBAP+TimesNewRomanPSMT-Identity-H,9.0,308.98,-1607.23,596.98,-1588.23,-1607.23,2430.12,308.98,-1.7,(ii) Choose a map-to-point hash function and eight general oneway hash functions as follows:
5,0,0,0,0,35,9,/Times-Roman,5.73,579.54,819.32,1562.24,825.05,819.32,16.84,579.54,-966.96,"17518717, 2020, 1, Downloaded from https://ietresearch.onlinelibrary.wiley.com/doi/10.1049/iet-ifs.2019.0249, Wiley Online Library on [01/07/2024]. See the Terms and Conditions (https://onlinelibrary.wiley.com/terms-and-conditions) on Wiley Online Library for rules of use; OA articles are governed by the applicable Creative Commons License"
5,0,1,0,0,19,4,/WTNFVY+STIX-Italic,9.0,57.81,773.99,271.08,784.59,773.99,57.3,57.81,324.2,"H  G , H  Z , ( i  = 2, 3, …, 9);1 : {0, 1}1i : {0, 1}q"
5,0,0,0,0,5,4,/ANXBAP+TimesNewRomanPSMT-Identity-H,9.0,42.52,763.34,200.02,772.34,763.34,69.55,42.52,395.26,(iii) Publish the system parameters
5,0,0,0,1,6,4,/WZZHEJ+STIX-Regular,9.0,128.3,743.94,508.74,755.74,743.94,86.15,128.3,86.54,"^ ID , S RA ;"
5,0,0,0,0,24,4,/WZZHEJ+STIX-Regular,9.0,61.36,742.87,499.94,751.87,742.87,90.02,61.36,95.34,"params = , G , e, q, P, P , H , H (i = 2, 3, …, 9) s j s j 2k121pubi"
5,0,0,0,0,14,4,/WTNFVY+STIX-Italic,9.0,308.98,729.15,559.51,739.75,729.15,102.14,308.98,35.77,"(ii) The authority RA  chooses an ephemeral secret y  Z , 2ks j ∈q"
5,0,1,0,0,24,4,/WTNFVY+STIX-Italic,9.0,42.52,717.9,578.96,728.58,717.9,113.31,42.52,16.32,3.1.2 Registration authority ( RA ) initialisation: The central  computes Y  y  P and generates private key with the format2s j =s j ⋅
5,0,0,0,0,36,4,/WZZHEJ+STIX-Regular,9.0,42.52,706.65,552.95,718.02,706.65,123.87,42.52,42.33,"authorities CA  assigns a pair of private/public key for each d y  H (ID , Y  S ) ⋅ d ) mod  q. Then, the RA13s j = (s j +s js j +s jURA 2k"
5,0,0,0,0,15,4,/WZZHEJ+STIX-Regular,9.0,42.52,695.7,381.55,707.47,695.7,134.42,42.52,213.73,"registration authority RA. The detailed procedures are depicted as 2returns d , Y , RA"
5,0,1,0,0,5,7,/WTNFVY+STIX-Italic,6.39,344.24,696.71,391.55,703.1,696.71,138.79,344.24,203.73,s j s j ID2k
5,0,0,0,0,9,4,/ANXBAP+TimesNewRomanPSMT-Identity-H,9.0,308.98,682.55,565.48,691.55,682.55,150.34,308.98,29.8,"(iii) After receiving it, RSU checks whether the equation"
5,0,1,0,0,27,4,/WTNFVY+STIX-Italic,9.0,308.98,670.95,581.85,681.55,670.95,160.34,308.98,13.43,"d  P = Y  H (ID , Y  S ) ⋅ P  holds or not. If holds, RSU 3s j ⋅s j +s js j +s jRA2k"
5,0,0,0,0,18,4,/ANXBAP+TimesNewRomanPSMT-Identity-H,9.0,308.97,648.81,575.94,669.4,648.81,172.49,308.97,19.34,"accepts the private key d. Otherwise, RSU rejects the message s j tuple.3.2.1 Registration phase for common RSU:"
5,0,0,0,0,14,4,/WZZHEJ+STIX-Regular,9.0,119.74,583.62,195.95,610.81,583.62,231.08,119.74,399.33,d  s ⋅ H (RA )1RAID2 =2 P  H (d ) ⋅ P2RARA2 =2
5,0,0,0,0,8,4,/ANXBAP+TimesNewRomanPSMT-Identity-H,9.0,42.52,573.32,274.93,582.32,573.32,259.57,42.52,320.35,(iii) The authority  RA  checks whether the equation2
5,0,0,0,0,30,4,/WZZHEJ+STIX-Regular,9.0,42.52,547.64,307.13,571.64,547.64,270.25,42.52,288.15,"e(d , P) = e (P , H (RA )) holds or not. If holds, then the 1RApubID22 authority generates the ultimate private key d H (d ). 2URARA2 =2"
5,0,0,0,0,7,4,/ANXBAP+TimesNewRomanPSMT-Identity-H,9.0,42.52,538.34,213.52,547.34,538.34,294.55,42.52,381.76,"Otherwise, it rejects the private key d.RA2"
5,0,0,0,0,11,4,/WZZHEJ+STIX-Regular,9.0,386.05,528.48,555.82,537.48,528.48,304.41,386.05,39.46,"PID , H (ID ), B , S RA ; 4uiuiuiui2e"
5,0,0,0,0,10,4,/ANXBAP+TimesNewRomanPSMT-Identity-H,9.0,42.52,514.15,547.73,525.23,514.15,316.66,42.52,47.55,"(ii) After receiving it, the authority  RA  computes2e3.2 Registration phase"
5,0,0,0,0,10,4,/WZZHEJ+STIX-Regular,9.0,42.52,507.92,403.58,517.28,507.92,324.61,42.52,191.7,−1(i) The registration authority RA sends its unique identifier RA2ID
5,0,0,0,0,14,4,/WTNFVY+STIX-Italic,9.0,283.8,504.03,583.58,514.07,504.03,327.82,283.8,11.7,2 A d  H (ID ))  B . The real identity of vehicle user
5,0,1,0,0,7,7,/WTNFVY+STIX-Italic,6.39,314.58,501.19,423.0,511.78,501.19,330.11,314.58,172.28,4ui = (U RA ui ui2e +
5,0,0,0,0,6,4,/ANXBAP+TimesNewRomanPSMT-Identity-H,9.0,42.52,495.77,155.02,504.77,495.77,337.12,42.52,440.26,to the central authority CA; 1
5,0,0,0,0,12,4,/WZZHEJ+STIX-Regular,9.0,308.98,490.28,477.92,500.88,490.28,341.01,308.98,117.36,could be obtained by ID  H (A ); 5ui = PIDui ⊕ui
5,0,0,0,0,11,4,/ANXBAP+TimesNewRomanPSMT-Identity-H,9.0,42.51,484.21,314.23,493.21,484.21,348.68,42.51,281.05,"(ii) After receiving it, the CA generates the following private/ 1"
5,0,0,0,0,12,4,/ANXBAP+TimesNewRomanPSMT-Identity-H,9.0,308.98,479.63,573.96,488.63,479.63,353.26,308.98,21.32,"(iii) For legal vehicle user, the authority RA selects an ephemeral 2e"
5,0,0,0,0,14,4,/WZZHEJ+STIX-Regular,9.0,42.52,473.66,286.3,482.66,473.66,359.23,42.52,308.98,public key pair for RA and transfers private key d to the RA2 2RA2
5,0,1,0,0,15,4,/WTNFVY+STIX-Italic,9.0,308.98,465.68,577.1,476.44,465.68,365.45,308.98,18.18,"secret y  Z  and computes Y  y  P, then returns private keyqui =ui ∈ui ⋅"
5,0,0,0,0,16,4,/WTNFVY+STIX-Italic,9.0,42.51,459.05,554.97,470.51,459.05,371.38,42.51,40.31,"through secure channel (i) The RSU selects an ephemeral secret s  Z , computess j ∈q"
5,0,1,0,0,39,4,/WTNFVY+STIX-Italic,9.0,308.97,447.41,566.39,465.03,447.41,376.86,308.97,28.89,"d y  H (PID , Y  S ) ⋅ d ) mod  q to vehicle via 3ui = (uiui +uiURAui +2e 3.2.2 Registration phase for anonymous vehicle: Vehicle user S s P and transfers s j =s j ⋅"
5,0,0,0,0,9,4,/ANXBAP+TimesNewRomanPSMT-Identity-H,9.0,308.98,440.79,560.98,452.88,440.79,389.01,308.98,34.3,secure channel.exploits pseudonym identity PID to protect its personal
5,0,0,0,0,11,4,/ANXBAP+TimesNewRomanPSMT-Identity-H,9.0,42.52,370.51,326.02,379.51,370.51,462.38,42.52,269.26,"In this phase, vehicle user (OBU) and RSU register to authority"
5,0,0,0,0,13,4,/WZZHEJ+STIX-Regular,9.0,42.52,360.51,354.52,369.51,360.51,472.38,42.52,240.76,"RA  to get their private keys. Without loss of generality, we assume 2"
5,0,0,0,0,45,4,/ANXBAP+TimesNewRomanPSMT-Identity-H,9.0,42.52,327.46,578.29,359.79,327.46,482.1,42.52,16.99,"information. Then, the authority TA verifies the legitimacy of that RSU with identity ID and vehicle user with ID register to 2es jui vehicle user and generates private key for it. authority RA and RA, respectively. The simplified process is 2k2e depicted in Fig. 3."
5,0,0,0,0,14,4,/WTNFVY+STIX-Italic,9.0,308.97,151.02,565.99,160.02,151.02,681.87,308.97,29.29,(i) The vehicle selects a random number a ∈ Z and an ephemeral q
5,0,1,0,0,50,4,/WTNFVY+STIX-Italic,9.0,308.98,115.14,544.13,147.83,115.14,694.06,308.98,51.15,"secret  s  Z , and computesui ∈q S  s  P, F  H (ID ) ⋅ P + P , A a + s ) ⋅ P , PID. 4ui =ui ⋅ui =uiRAui = (uiui2e = ID  H (A ), B a + s ) ⋅ F5ui ⊕uiui = (ui ui"
5,0,0,0,0,3,4,/ANXBAP+TimesNewRomanPSMT-Identity-H,9.0,308.97,104.58,398.97,113.58,104.58,728.31,308.97,196.31,"Then, vehicle sends"
5,1,0,0,0,3,5,/EPBUZU+Arial-BoldMT-Identity-H,8.0,42.52,71.53,140.08,79.53,71.53,762.36,42.52,455.2,Fig. 3௒Registration phase
5,1,1,0,0,12,6,/AMLXNC+TimesNewRomanPS-BoldItalicMT-Identity-H,7.0,42.52,62.53,311.02,69.53,62.53,772.36,42.52,284.26,"(a) Registration phase for common RSU, (b) Registration phase for anonymous vehicle"
5,0,0,0,0,54,5,/PABHGQ+ArialMT-Identity-H,8.0,42.52,24.0,2597.41,43.0,24.0,798.89,42.52,-2002.13,"IET Inf. Secur., 2020, Vol. 14 Iss. 1, pp. 99-110  103 17518717, 2020, 1, Downloaded from https://ietresearch.onlinelibrary.wiley.com/doi/10.1049/iet-ifs.2019.0249, Wiley Online Library on [01/07/2024]. See the Terms and Conditions (https://onlinelibrary.wiley.com/terms-and-conditions) on Wiley Online Library for rules of use; OA articles are governed by the applicable Creative Commons License © The Institution of Engineering and Technology 2019"
5,0,0,0,0,12,4,/ANXBAP+TimesNewRomanPSMT-Identity-H,9.0,0.0,-9.0,130.5,0.0,-9.0,841.89,0.0,464.78,G .  to authority   to RSU via secure channel;   to the authority
6,0,0,0,0,35,9,/Times-Roman,5.73,579.54,819.32,1562.24,825.05,819.32,16.84,579.54,-966.96,"17518717, 2020, 1, Downloaded from https://ietresearch.onlinelibrary.wiley.com/doi/10.1049/iet-ifs.2019.0249, Wiley Online Library on [01/07/2024]. See the Terms and Conditions (https://onlinelibrary.wiley.com/terms-and-conditions) on Wiley Online Library for rules of use; OA articles are governed by the applicable Creative Commons License"
6,1,0,0,0,6,5,/EPBUZU+Arial-BoldMT-Identity-H,8.0,42.52,612.2,188.08,620.2,612.2,221.69,42.52,407.2,Fig. 4௒Time key update and revocation
6,0,1,0,0,6,4,/WTNFVY+STIX-Italic,9.0,312.58,512.71,375.11,521.71,512.71,320.18,312.58,220.17,"d , V , t, RA2tuiuiID2e"
6,0,0,0,0,24,4,/ANXBAP+TimesNewRomanPSMT-Identity-H,9.0,308.98,499.56,628.48,510.1,499.56,331.79,308.98,-33.2,"The generation of time key for vehicle is similar to the above (iii) After receiving it, vehicle verifies the time key by the equation"
6,0,0,0,0,3,10,/WZZHEJ+STIX-Regular,5.0,308.97,491.1,385.47,502.23,491.1,339.66,308.97,209.81,?process for RSU:
6,0,1,0,0,16,4,/WTNFVY+STIX-Italic,9.0,308.98,486.74,459.76,497.34,486.74,344.55,308.98,135.52,"d  P = V  H (PID , V , t)) ⋅ P . 62tui ⋅ui +uiuiRA2e"
6,0,0,0,0,17,4,/ANXBAP+TimesNewRomanPSMT-Identity-H,9.0,308.98,456.18,623.98,475.18,456.18,366.71,308.98,-28.7,"Note that, if the equation does not hold, then the authority needs to update corresponding private key."
6,0,1,0,0,13,4,/WTNFVY+STIX-Italic,9.0,355.41,322.13,484.46,331.13,322.13,510.76,355.41,110.82,"M , d , V , t, PID, S , Y , RA2uituiuiuiuiuiID2e"
6,0,0,0,0,14,4,/ANXBAP+TimesNewRomanPSMT-Identity-H,9.0,308.97,309.98,539.89,320.1,309.98,521.79,308.97,55.39,(i) The authority RA selects validity period t for vehicle; message to RSU. 22e
6,0,0,0,0,11,4,/WTNFVY+STIX-Italic,9.0,308.97,296.31,553.05,306.9,296.31,534.99,308.97,42.23,(ii) The RA  selects ephemeral secret v Z  and computes2eui ∈q
6,0,1,0,0,10,4,/WTNFVY+STIX-Italic,9.0,308.98,285.06,516.91,295.66,285.06,546.23,308.98,78.37,"V  v  P. Then,  RA  generates time keyui =ui ⋅2e"
6,0,0,0,0,21,4,/WTNFVY+STIX-Italic,9.0,308.98,273.81,569.33,284.41,273.81,557.48,308.98,25.95,"d v  H (PID , V , t) ⋅ d )( mod q ), and sends the tuple62tui = (ui +uiuiURA2e"
6,1,0,0,0,7,5,/EPBUZU+Arial-BoldMT-Identity-H,8.0,42.52,272.02,248.08,280.02,272.02,561.87,42.52,347.2,Fig. 5௒Mutual authentication and key agreement phase
6,0,1,0,0,7,4,/NPIXWA+Arial-ItalicMT-Identity-H,9.0,308.98,257.83,529.48,266.83,257.83,575.06,308.98,65.8,3.4 Mutual authentication and key agreement phase
6,0,0,0,0,7,4,/WTNFVY+STIX-Italic,9.0,42.52,250.37,175.28,259.37,250.37,582.52,42.52,420.0,"(iv) Upon receiving d, Y , RAuiuiID2e"
6,0,1,0,0,21,4,/WTNFVY+STIX-Italic,9.0,42.52,236.62,304.94,247.22,236.62,594.67,42.52,290.34,"equation d  P = Y  H (PID , Y  S ) ⋅ P  holds or not. If 3ui ⋅ui +uiui +uiRA2e"
6,0,0,0,0,16,4,/ANXBAP+TimesNewRomanPSMT-Identity-H,9.0,42.52,214.82,299.71,235.07,214.82,606.82,42.52,295.57,"holds, the vehicle accepts the private key d. Otherwise, the ui vehicle user rejects the message."
6,0,1,0,0,22,4,/WTNFVY+STIX-Italic,9.0,365.11,164.29,521.25,173.29,164.29,668.6,365.11,74.03,"M , d , V , t, ID, S , Y , RA , Auth1s jts js js js js jIDs j2k"
6,0,0,0,0,17,4,/ANXBAP+TimesNewRomanPSMT-Identity-H,9.0,308.98,114.18,596.98,161.14,114.18,680.75,308.98,-1.7,"vehicle. Secondly, RSU performs the following procedures: In this section, the mutual authentication and key agreement is"
6,0,1,0,0,8,4,/WTNFVY+STIX-Italic,9.0,46.12,78.58,108.95,87.58,78.58,754.31,46.12,486.33,"d , V , t, RA1ts js jID2k"
6,0,0,0,0,12,4,/ANXBAP+TimesNewRomanPSMT-Identity-H,9.0,42.52,65.43,344.02,74.43,65.43,767.46,42.52,251.26,"(iii) After receiving it, RSU verifies the time key by the equation"
6,0,0,0,0,12,5,/PABHGQ+ArialMT-Identity-H,8.0,42.52,34.99,578.16,42.99,34.99,798.9,42.52,17.12,"104 IET Inf. Secur. , 2020, Vol. 14 Iss. 1, pp. 99-110"
6,0,0,0,0,52,4,/ANXBAP+TimesNewRomanPSMT-Identity-H,9.0,308.98,19.99,2420.29,33.18,19.99,808.71,308.98,-1825.01,"performed between vehicle and RSU without involvement of any © The Institution of Engineering and Technology 2019 17518717, 2020, 1, Downloaded from https://ietresearch.onlinelibrary.wiley.com/doi/10.1049/iet-ifs.2019.0249, Wiley Online Library on [01/07/2024]. See the Terms and Conditions (https://onlinelibrary.wiley.com/terms-and-conditions) on Wiley Online Library for rules of use; OA articles are governed by the applicable Creative Commons License"
6,0,1,0,0,15,4,/NPIXWA+Arial-ItalicMT-Identity-H,9.0,42.52,14.18,583.48,25.47,14.18,816.42,42.52,11.8,3.3 Time key update and revocation phase authority. This phase includes three handshakes and specific
6,0,0,0,0,6,4,/ANXBAP+TimesNewRomanPSMT-Identity-H,9.0,308.98,4.18,448.48,13.18,4.18,828.71,308.98,146.8,procedure is given in Fig. 5.
6,0,0,0,0,22,4,/ANXBAP+TimesNewRomanPSMT-Identity-H,9.0,0.0,-9.0,577.48,3.18,-9.0,838.71,0.0,17.8,"Firstly, vehicle user sends request information with its  , vehicle checks whether the   to RSU;   to vehicle;   as the request   to the"
6,0,0,0,0,5,4,/ANXBAP+TimesNewRomanPSMT-Identity-H,9.0,308.97,-15.82,410.95,-6.82,-15.82,848.71,308.97,184.33,anonymous identity PID : ui
6,0,0,0,0,11,4,/ANXBAP+TimesNewRomanPSMT-Identity-H,9.0,70.54,-27.86,578.98,-18.86,-27.86,860.75,70.54,16.3,"Next, vehicle user verifies RSU and computes a session key: ?"
6,0,1,0,0,29,4,/WTNFVY+STIX-Italic,9.0,42.52,-38.01,545.82,-26.61,-38.01,868.5,42.52,49.46,"d  P = V  H (ID , V , t) ⋅ P . 61ts j ⋅s j +s js jRA  Z , and compute(i) Choose an ephemeral secret r2k"
6,0,1,0,0,3,7,/WTNFVY+STIX-Italic,6.39,462.82,-39.61,487.32,-30.61,-39.61,872.5,462.82,107.96,ui ∈ q
6,0,0,0,0,22,4,/WTNFVY+STIX-Italic,9.0,308.98,-50.86,563.22,-40.26,-50.86,882.15,308.98,32.06,M r  s ) ⋅ P ; (i) Check the public key P  of authority RA  whose vehicle ui = (ui +uiRA2e
6,0,0,0,0,11,4,/ANXBAP+TimesNewRomanPSMT-Identity-H,9.0,308.98,-62.17,533.98,-52.87,-62.17,894.76,308.98,61.3,"(ii) Send registers with, and check the time key by equation"
6,0,0,0,0,20,4,/WZZHEJ+STIX-Regular,9.0,308.98,-73.76,560.11,-63.17,-73.76,905.06,308.98,35.17,"d (PID ) ⋅ P P = V H, V, t . If holds, the time key d62tui ⋅ui +uiuiRAtui2e"
6,0,0,0,0,35,4,/ANXBAP+TimesNewRomanPSMT-Identity-H,9.0,308.97,-106.47,583.47,-75.32,-106.47,917.21,308.97,11.81,"for vehicle is valid. If the public key P does not found or the RA2e equation does not hold, RSU terminates this session. That is because the authority RA or vehicle has been revoked; 2e"
6,0,1,0,0,11,4,/WTNFVY+STIX-Italic,9.0,308.98,-121.26,547.09,-110.66,-121.26,952.55,308.98,48.19,"(ii) Choose an ephemeral secret  r  Z , computes j ∈q"
6,0,0,0,0,11,4,/ANXBAP+TimesNewRomanPSMT-Identity-H,9.0,42.52,-127.18,344.02,-118.18,-127.18,960.07,42.52,251.26,"In order to assign different validity periods for private keys, we"
6,0,1,0,0,28,4,/WTNFVY+STIX-Italic,9.0,309.15,-132.51,546.51,-121.91,-132.51,963.8,309.15,48.77,"M r  s ) ⋅ P , R d  s ) ⋅ M  and its certificates j = (s j +s js j = (s j +s jui"
6,0,0,0,0,11,4,/ANXBAP+TimesNewRomanPSMT-Identity-H,9.0,42.52,-137.18,335.02,-128.18,-137.18,970.07,42.52,260.26,embed different time in time keys to ensure flexible update. The
6,0,0,0,0,22,4,/WZZHEJ+STIX-Regular,9.0,308.98,-143.76,516.12,-133.16,-143.76,975.05,308.98,79.16,"Auth  H (P , P , P , ID, PID, M , M , R ); 7s j =pubRARAs juis juis j2k2e"
6,0,0,0,0,19,4,/ANXBAP+TimesNewRomanPSMT-Identity-H,9.0,42.52,-157.18,367.47,-138.18,-157.18,980.07,42.52,227.81,time is selected based on actual computation and storage capability. (iii) Return This process is presented in Fig. 4:
6,0,0,0,0,12,4,/WZZHEJ+STIX-Regular,9.0,308.98,-207.86,552.06,-198.86,-207.86,1040.75,308.98,43.22,(i) Check the public key P  of authority RA  whose RSU RA2k2k
6,0,0,0,0,9,4,/ANXBAP+TimesNewRomanPSMT-Identity-H,9.0,308.97,-220.01,533.97,-211.01,-220.01,1052.9,308.97,61.31,"registers with, and check the time key by equation"
6,0,1,0,0,26,4,/WTNFVY+STIX-Italic,9.0,308.97,-311.61,560.58,-301.01,-311.61,1142.9,308.97,34.7,"d  P = V  H (ID , V , t) ⋅ P . If holds, the time key d61ts j ⋅s j +s js jURAts j2k"
6,0,0,0,0,15,4,/ANXBAP+TimesNewRomanPSMT-Identity-H,9.0,308.97,-322.16,569.27,-313.16,-322.16,1155.05,308.97,26.01,for RSU is valid. If the public key P does not found or the RA2k
6,0,0,0,0,20,4,/ANXBAP+TimesNewRomanPSMT-Identity-H,9.0,42.52,-337.18,601.47,-325.31,-337.18,1167.2,42.52,-6.19,"equation does not hold, vehicle terminates this session. That is (i) The authority RA selects validity period t for RSU;"
6,0,0,0,0,9,4,/ANXBAP+TimesNewRomanPSMT-Identity-H,9.0,308.98,-344.31,518.19,-335.31,-344.31,1177.2,308.98,77.09,because the authority RA or RSU has been revoked;2k
6,0,0,0,0,12,4,/WTNFVY+STIX-Italic,9.0,42.52,-351.97,286.67,-341.37,-351.97,1183.26,42.52,308.61,(ii) The RA  selects ephemeral secret v Z  and computes2ks j ∈q
6,0,1,0,0,13,4,/WTNFVY+STIX-Italic,9.0,42.52,-363.22,258.61,-352.62,-363.22,1194.51,42.52,336.67,"V  v  P. Then,  RA  generates the time keys j =s j ⋅2k"
6,0,0,0,0,24,4,/WTNFVY+STIX-Italic,9.0,42.52,-374.47,280.57,-363.87,-374.47,1205.76,42.52,314.71,"d v  H (ID , V , t) ⋅ d )( mod q ), and sends tuple61ts j = (s j +s js jURA2k"
7,0,0,0,0,35,9,/Times-Roman,5.73,579.54,819.32,1562.24,825.05,819.32,16.84,579.54,-966.96,"17518717, 2020, 1, Downloaded from https://ietresearch.onlinelibrary.wiley.com/doi/10.1049/iet-ifs.2019.0249, Wiley Online Library on [01/07/2024]. See the Terms and Conditions (https://onlinelibrary.wiley.com/terms-and-conditions) on Wiley Online Library for rules of use; OA articles are governed by the applicable Creative Commons License"
7,0,1,0,0,27,4,/WTNFVY+STIX-Italic,9.0,42.52,774.94,287.81,785.6,774.94,56.29,42.52,307.47,"′ = (r  s )(S  Y  H (ID , Y  S ) ⋅ P )(ii) Compute R3ui +uis j +s j +s js j +s jRAs j2k"
7,0,0,0,0,7,4,/ANXBAP+TimesNewRomanPSMT-Identity-H,9.0,42.52,764.39,259.24,773.39,764.39,68.5,42.52,336.04,and verify certificate  Auth  according tos j
7,0,0,0,0,15,4,/WZZHEJ+STIX-Regular,9.0,42.52,750.31,252.27,760.97,750.31,80.92,42.52,343.01,"′ ); Auth′H(P, P, P, ID, PID, M, M, R7s j =pubRARAs juis juis j2k2e"
7,0,0,0,0,8,4,/ANXBAP+TimesNewRomanPSMT-Identity-H,9.0,42.52,738.76,272.02,747.76,738.76,94.13,42.52,323.26,"(iii) If the above equation holds, vehicle computes"
7,0,1,0,0,23,4,/WTNFVY+STIX-Italic,9.0,42.52,727.16,253.62,737.76,727.16,104.13,42.52,341.66,"K r  s ) ⋅ M , R d  s ) ⋅ M , certificate12 = (ui +uis jui = (ui +uis j"
7,0,0,0,0,18,4,/WZZHEJ+STIX-Regular,9.0,42.52,715.91,281.69,726.57,715.91,115.32,42.52,313.59,"′ ), and Auth H(P, P, P, ID, PID, M, M, R, R8ui =pubRARAs juis juis js j2k2e"
7,0,0,0,0,23,4,/WZZHEJ+STIX-Regular,9.0,42.52,682.21,271.94,704.42,682.21,137.47,42.52,323.34,"′ , K ); SK H(P, P, P, ID, PID, M, M, R, R1212 =9pubRARAs juis juiuis j2k2e Auth(iv) Return its certification ui"
7,0,0,0,0,13,4,/ANXBAP+TimesNewRomanPSMT-Identity-H,9.0,42.52,650.96,344.02,669.96,650.96,171.93,42.52,251.26,"Finally, RSU agrees on a session key with vehicle by the following steps:"
7,0,1,0,0,13,4,/WTNFVY+STIX-Italic,9.0,58.92,497.41,134.97,508.01,497.41,333.88,58.92,460.31,R d  s ) ⋅ Ms j = (s j +s j ui
7,0,1,0,0,14,4,/WTNFVY+STIX-Italic,9.0,71.67,482.96,163.98,493.56,482.96,348.33,71.67,431.3,= (d  s ) ⋅ (r s ) ⋅ Ps j +s jui +ui
7,0,1,0,0,35,4,/WTNFVY+STIX-Italic,9.0,42.52,468.52,286.12,480.05,468.52,361.84,42.52,309.16,"′ = ((i) Compute Rr  s )(S  Y  H (ID , Y  S ) ⋅ P ); = (r s) ⋅ (d s) ⋅ P3s j +s jui +ui +uiui +uiRAuiui +uis j +s j2e"
7,0,0,0,0,4,4,/ANXBAP+TimesNewRomanPSMT-Identity-H,9.0,42.52,457.81,289.31,470.22,457.81,371.67,42.52,305.97,(2)(ii) Check the equation
7,0,1,0,0,28,4,/WTNFVY+STIX-Italic,9.0,71.67,452.82,265.87,464.67,452.82,377.22,71.67,329.41,"= (r  s ) ⋅ (y H (ID , Y  S ) ⋅ d  s ) ⋅ P3ui +uis j +s js j +s jU RAs j2k +"
7,0,0,0,0,6,4,/WTNFVY+STIX-Italic,9.0,72.61,448.23,560.58,460.48,448.23,381.41,72.61,34.7,"? P, aP, bP G  with"
7,0,0,0,0,16,4,/WZZHEJ+STIX-Regular,9.0,42.52,444.99,533.58,455.98,444.99,385.91,42.52,61.7,"1′ )Auth′H(P, P, P, ID, PID, M, M, R, R holds 8ui =pubRARAs juis juis jui"
7,0,1,0,0,16,4,/WTNFVY+STIX-Italic,9.0,71.67,440.32,259.79,452.74,440.32,389.15,71.67,335.49,"2k 2e= (r s) ⋅ (Y S  H (ID , Y  S ) ⋅ P )"
7,0,1,0,0,29,4,/WTNFVY+STIX-Italic,9.0,86.7,436.73,557.23,448.07,436.73,393.82,86.7,38.05,"3ui +uis j +s j + s j s j + s j T A2k unknown  a, b ∈ Z , the algorithm B attempts to derive abP by"
7,0,1,0,0,13,7,/WTNFVY+STIX-Italic,6.39,42.52,434.43,379.29,444.14,434.43,397.75,42.52,215.99,"qor not. If bolds, it turns to next step; otherwise, this session is"
7,0,0,0,0,8,4,/ANXBAP+TimesNewRomanPSMT-Identity-H,9.0,42.52,423.38,434.98,434.49,423.38,407.4,42.52,160.3,interacting with adversary. = Rterminated; s j .
7,0,0,0,0,17,4,/WZZHEJ+STIX-Regular,9.0,320.97,413.81,557.38,424.49,413.81,417.4,320.97,37.9,"We instantiate a CDH problem {P, Q  x ⋅ P, Q  y ⋅ P}. Let1 =2 ="
7,0,0,0,0,11,4,/WZZHEJ+STIX-Regular,9.0,308.98,408.85,590.87,417.85,408.85,424.04,308.98,4.41,"ESL( U ) query: Upon receiving this query, the oracle returns"
7,0,1,0,0,23,4,/WTNFVY+STIX-Italic,9.0,59.27,402.43,604.64,413.51,402.43,428.38,59.27,-9.36,"q , q , q  and q  denote the number of clients, servers, sessions and Rd s) ⋅ Mcisnsui = (ui +uis j"
7,0,0,0,0,10,4,/ANXBAP+TimesNewRomanPSMT-Identity-H,9.0,318.97,398.55,574.65,407.55,398.55,434.34,318.97,20.63,random numbers used by instance U to adversary. This query
7,0,1,0,0,16,4,/WTNFVY+STIX-Italic,9.0,71.88,389.59,551.79,402.03,389.59,439.86,71.88,43.49,"hash query  H , respectively. Simulation B randomly picksi= (d s) ⋅ (r s) ⋅ P"
7,0,1,0,0,12,7,/WTNFVY+STIX-Italic,6.39,87.97,387.99,548.47,397.55,387.99,444.34,87.97,46.81,models the ephemeral secret leakage (ESL) attacks. ui +uis j +s j
7,0,0,0,0,30,4,/WZZHEJ+STIX-Regular,9.0,308.98,381.79,557.83,390.79,381.79,451.1,308.98,37.45,"S′ ∈ {q , q …, q }, C ′ ∈ {q , q …, q }, and x, y ∈ { q , q …, q }. We csns121212"
7,0,1,0,0,24,4,/WTNFVY+STIX-Italic,9.0,71.89,372.57,600.76,384.14,372.57,457.75,71.89,-5.48,= (r  s ) ⋅ (d  s ) ⋅ Ps j +s jui +ui j  to indicate the ith instance of client i  and
7,0,0,0,0,15,4,/ANXBAP+TimesNewRomanPSMT-Identity-H,9.0,275.81,366.24,581.79,377.55,366.24,464.34,275.81,13.49,"For convenience, client and server represent the vehicle user and use the notations (3)S C"
7,0,1,0,0,34,4,/WTNFVY+STIX-Italic,9.0,71.88,357.85,614.97,369.7,357.85,472.19,71.88,-19.69,"= (r  s ) ⋅ (y H (ID , Y  S ) ⋅ d  s ) ⋅ P3s j +s juiui +uiU RAuiui + RSU, respectively, to illustrate the mutual authentication process. 2e +"
7,0,0,0,0,10,4,/ANXBAP+TimesNewRomanPSMT-Identity-H,9.0,308.98,356.11,610.48,365.11,356.11,476.78,308.98,-15.2,"(vehicle user) and the jth instance of server (RSU), respectively."
7,0,1,0,0,23,4,/WTNFVY+STIX-Italic,9.0,71.88,345.35,578.97,357.55,345.35,484.34,71.88,16.31,"Next, we describe some definitions [22] related to security x  and server instance= (r s) ⋅ (Y S H(ID, Y S) ⋅ P)"
7,0,1,0,0,15,7,/WTNFVY+STIX-Italic,6.39,86.92,343.75,497.97,353.1,343.75,488.79,86.92,97.31,"3 Meanwhile, we assume that client instance s j +s jui +ui +uiui +uiT A2eC"
7,0,1,0,0,3,7,/WTNFVY+STIX-Italic,6.39,318.13,334.16,390.13,343.16,334.16,498.73,318.13,205.15,y  are partners.
7,0,1,0,0,5,4,/WTNFVY+STIX-Italic,9.0,71.88,328.4,321.17,339.0,328.4,502.89,71.88,274.11,= R ui . S
7,0,1,0,0,19,4,/WTNFVY+STIX-Italic,9.0,42.52,323.84,301.83,334.43,323.84,507.46,42.52,293.45,(iii) Compute K r  s ) ⋅ M  and agree on the session key21 = (s j +s jui
7,0,0,0,0,21,4,/WZZHEJ+STIX-Regular,9.0,42.52,314.19,596.79,326.69,314.19,515.2,42.52,-1.51,"The simulation B initialises the system parameters as follows: ′ ,SK H(P, P, P, ID, PID, M, M, R, R K)."
7,0,0,0,0,7,7,/WZZHEJ+STIX-Regular,6.39,54.02,312.94,259.94,321.94,312.94,519.95,54.02,335.34,21 = 9 21pubRARAs juis juis jui2k2e
7,0,0,0,0,7,4,/ANXBAP+TimesNewRomanPSMT-Identity-H,9.0,42.52,304.43,530.54,316.69,304.43,525.2,42.52,64.74,simulation  B firstly generates system parameters4௑Security analysis
7,0,0,0,0,19,4,/WZZHEJ+STIX-Regular,9.0,308.98,297.21,505.68,306.22,297.21,535.67,308.98,89.6,"params = , G , e, q, P, P , H , H (i = 2, 3, …, 9)121pubi"
7,0,0,0,0,13,4,/ANXBAP+TimesNewRomanPSMT-Identity-H,9.0,42.52,290.71,330.52,301.04,290.71,540.85,42.52,264.76,"During the mutual authentication and key agreement phase, legal 4.1 Modified BR93 model"
7,0,0,0,0,16,4,/WZZHEJ+STIX-Regular,9.0,308.98,284.37,556.7,294.97,284.37,546.92,308.98,38.58,P  z ⋅ P as system public key for  CA  and  z is the 1pub =
7,0,1,0,0,16,4,/WTNFVY+STIX-Italic,9.0,42.52,280.44,301.06,291.12,280.44,550.77,42.52,294.22,. The specific   and R Rentity needs to ensure that R Rui =s j =s jui
7,0,0,0,0,6,4,/ANXBAP+TimesNewRomanPSMT-Identity-H,9.0,308.97,274.72,544.84,283.72,274.72,558.17,308.97,50.44,corresponding private key. Then  B generates
7,0,0,0,0,5,4,/ANXBAP+TimesNewRomanPSMT-Identity-H,9.0,42.52,270.7,200.02,279.7,270.7,562.19,42.52,395.26,correctness analysis is as follows:
7,0,0,0,0,12,4,/WZZHEJ+STIX-Regular,9.0,312.58,261.51,557.52,273.36,261.51,568.53,312.58,37.76,"RA , RA , P  z  P RA , where2k2kIDRAk ⋅2k2k ="
7,0,1,0,0,14,4,/ANXBAP+TimesNewRomanPSMT-Identity-H,9.0,308.98,251.26,564.53,260.26,251.26,581.63,308.98,30.75,"z and z  are random values in Z. Finally, simulation B sends the kq"
7,0,0,0,0,36,4,/ANXBAP+TimesNewRomanPSMT-Identity-H,9.0,308.98,228.55,610.48,249.01,228.55,592.88,308.98,-15.2,public parameters ‘params’ and public key of authority RA to Definition 4: (Client-to-server authentication):  Client-to-server 2k adversary A. Note that simulation B picks nine random oracles as authentication indicates that an adversary without the private key
7,0,0,0,0,25,4,/WTNFVY+STIX-Italic,9.0,308.97,218.55,614.98,227.76,218.55,614.13,308.97,-19.7,"hash functions H , i = 1, …, 9, and maintains nine lists L, forof a legitimate client cannot impersonate the client to communicate ii"
7,0,0,0,0,12,4,/ANXBAP+TimesNewRomanPSMT-Identity-H,9.0,308.98,207.52,492.14,217.55,207.52,624.34,308.98,103.14,"with server. i = 1, …, 9, which are initial empty list."
7,0,0,0,0,6,4,/ANXBAP+TimesNewRomanPSMT-Identity-H,9.0,320.97,197.21,482.97,206.21,197.21,635.68,320.97,112.31,"Next, we conceal the random instance"
7,0,0,0,0,18,4,/WZZHEJ+STIX-Regular,9.0,308.98,185.54,564.94,196.21,185.54,645.68,308.98,30.34,"{P, Q  x ⋅ P, Q  y ⋅ P} of CDH problem inside the specific 1 =2 ="
7,0,0,0,0,10,4,/ANXBAP+TimesNewRomanPSMT-Identity-H,9.0,308.98,176.24,601.48,185.24,176.24,656.65,308.98,-6.2,"queries. The adversary can send eight kinds of queries, including"
7,0,1,0,0,11,4,/JNRQIE+TimesNewRomanPS-ItalicMT-Identity-H,9.0,308.98,166.24,564.04,175.24,166.24,666.65,308.98,31.24,"Hash, Extract, Update, Corrupt, ESL , Send, Reveal and Test query."
7,0,0,0,0,9,4,/ANXBAP+TimesNewRomanPSMT-Identity-H,9.0,308.98,156.24,503.69,165.24,156.24,676.65,308.98,91.59,The response way of simulation B is as follows:
7,0,0,0,0,37,4,/ANXBAP+TimesNewRomanPSMT-Identity-H,9.0,42.52,136.24,565.5,156.07,136.24,685.82,42.52,29.78,"In this section, we improve the BR93 model by adding a series of new oracle queries. These oracles allow adversary to arbitrarily • • H(M ) query: The response to Hash query is the same as i"
7,0,1,0,0,11,4,/ANXBAP+TimesNewRomanPSMT-Identity-H,9.0,308.97,113.99,555.18,122.99,113.99,718.9,308.97,40.1,Extract (ID ) query: Simulation B maintains a list L aboutUe
7,0,1,0,0,5,4,/JNRQIE+TimesNewRomanPS-ItalicMT-Identity-H,9.0,320.97,108.55,536.97,117.55,108.55,724.34,320.97,58.31,Definition 5: (Server-to-client authentication):  Server-to-client
7,0,0,0,0,24,4,/WZZHEJ+STIX-Regular,9.0,318.98,102.74,559.51,111.74,102.74,730.15,318.98,35.77,"(ID , Y , S , r, d , RA ). Upon receiving  (ID , S ), 3s js js js jIDs js j2k"
7,0,0,0,0,41,4,/ANXBAP+TimesNewRomanPSMT-Identity-H,9.0,308.97,78.55,614.97,107.55,78.55,734.34,308.97,-19.69,"authentication means that an adversary without the private key of a simulation B returns the same response to adversary if this query legitimate server cannot impersonate the server to communicate has been asked before. Specifically, B firstly chooses random with client."
7,0,1,0,0,19,4,/WTNFVY+STIX-Italic,9.0,318.98,68.05,555.31,78.64,68.05,763.25,318.98,39.97,"a ⋅ P + b ⋅ P . Then, Bnumbers a, b ∈ Z, and computes Ys j =RAq2k"
7,0,0,0,0,17,4,/WTNFVY+STIX-Italic,9.0,318.98,55.89,551.06,66.49,55.89,775.4,318.98,44.22,"computes  d  a  mod  q,  r  b ) mod q  and records3 = ( −s j ="
7,0,0,0,0,78,4,/ANXBAP+TimesNewRomanPSMT-Identity-H,9.0,42.52,27.07,2597.41,56.07,27.07,785.82,42.52,-2002.13,"access the information he needs and thereby enhance its attack capacity. Except for the Send, Reveal, Corrupt and Test query same IET Inf. Secur., 2020, Vol. 14 Iss. 1, pp. 99-110  105 17518717, 2020, 1, Downloaded from https://ietresearch.onlinelibrary.wiley.com/doi/10.1049/iet-ifs.2019.0249, Wiley Online Library on [01/07/2024]. See the Terms and Conditions (https://onlinelibrary.wiley.com/terms-and-conditions) on Wiley Online Library for rules of use; OA articles are governed by the applicable Creative Commons License as the BR93 model, we define new oracle queries as follows:"
7,0,0,0,0,8,5,/PABHGQ+ArialMT-Identity-H,8.0,42.52,24.0,254.52,32.0,24.0,809.89,42.52,340.76,© The Institution of Engineering and Technology 2019
7,0,0,0,0,10,4,/ANXBAP+TimesNewRomanPSMT-Identity-H,9.0,0.0,-9.0,130.5,0.0,-9.0,841.89,0.0,464.78,"to the RSU.   in  G , where  for registration authority"
7,0,1,0,0,7,4,/JNRQIE+TimesNewRomanPS-ItalicMT-Identity-H,9.0,320.97,-21.45,509.97,-12.45,-21.45,854.34,320.97,85.31,Definition 6: (Implicit key confirmation):  Implicit key
7,0,0,0,0,19,4,/ANXBAP+TimesNewRomanPSMT-Identity-H,9.0,308.97,-41.45,619.47,-22.45,-41.45,864.34,308.97,-24.19,confirmation means that protocol assures that only the server/client can compute a session key that no others can produce.
7,0,1,0,0,9,4,/JNRQIE+TimesNewRomanPS-ItalicMT-Identity-H,9.0,320.98,-141.45,487.48,-132.45,-141.45,974.34,320.98,107.8,Definition 7: (Full forward secrecy):  If an adversary cannot
7,0,0,0,0,19,4,/WTNFVY+STIX-Italic,9.0,42.52,-152.93,596.98,-142.45,-152.93,984.34,42.52,-1.7,recover previous established session keys after corrupting both  Hash(M) query: This oracle maintains an initial empty list for i
7,0,0,0,0,44,4,/ANXBAP+TimesNewRomanPSMT-Identity-H,9.0,52.52,-184.18,632.98,-152.45,-184.18,994.34,52.52,-37.7,"private keys of client and server, we say that the protocol offers full each hash function. It responds to adversary with specific message according to the received M. Upon receiving this query, the same response is given if the query has been asked before."
7,0,1,0,0,12,4,/WTNFVY+STIX-Italic,9.0,52.52,-196.72,290.56,-186.13,-196.72,1028.02,52.52,304.72,"Otherwise, the oracle randomly selects a value r Z  and i ∈q"
7,0,0,0,0,15,4,/WTNFVY+STIX-Italic,9.0,52.52,-206.37,279.17,-197.37,-206.37,1039.26,52.52,316.11,"records (M , r) in the list L, while returning r to adversary A. iii"
7,0,1,0,0,9,4,/JNRQIE+TimesNewRomanPS-ItalicMT-Identity-H,9.0,42.52,-218.62,330.0,-209.62,-218.62,1051.51,42.52,265.28,"Extract(U) query: Upon receiving this query, the same response"
7,0,0,0,0,34,4,/ANXBAP+TimesNewRomanPSMT-Identity-H,9.0,52.52,-251.45,380.98,-219.62,-251.45,1061.51,52.52,214.3,"is given if the query has been asked before. Otherwise, the oracle computes private key d of U  and returns to adversary. U The difference between Extract and  Corrupt query is that forward secrecy."
7,0,1,0,0,20,4,/JNRQIE+TimesNewRomanPS-ItalicMT-Identity-H,9.0,52.52,-269.87,317.51,-250.87,-269.87,1092.76,52.52,277.77,"Extract query is sent before a session is established, while Corrupt query is sent after the session key agreement is"
7,0,0,0,0,12,4,/WZZHEJ+STIX-Regular,9.0,42.52,-290.87,330.61,-281.87,-290.87,1123.76,42.52,264.67,"Update (U , t) query: This query allows adversary to obtain time"
7,0,1,0,0,11,4,/WTNFVY+STIX-Italic,9.0,52.52,-301.17,331.52,-292.17,-301.17,1134.06,52.52,263.76,"key. Upon receiving this query, the oracle generates time key dtU"
7,0,0,0,0,8,4,/WZZHEJ+STIX-Regular,9.0,52.52,-312.42,241.88,-303.42,-312.42,1145.31,52.52,353.4,"associated with (U, t) and sends to adversary."
7,0,1,0,0,3,4,/NPIXWA+Arial-ItalicMT-Identity-H,9.0,308.98,-449.81,403.48,-440.81,-449.81,1282.7,308.98,191.8,4.2 Provable security
7,0,0,0,0,39,4,/ANXBAP+TimesNewRomanPSMT-Identity-H,9.0,308.97,-703.45,623.98,-584.45,-703.45,1426.34,308.97,-28.7,"In this section, we will show that our protocol is provably secure in the modified BR93 model under the CDH assumption. Therefore, we need to construct an algorithm (simulation) B to solve CDH problem. Namely, given a random instance"
8,0,0,0,0,35,9,/Times-Roman,5.73,579.54,819.32,1562.24,825.05,819.32,16.84,579.54,-966.96,"17518717, 2020, 1, Downloaded from https://ietresearch.onlinelibrary.wiley.com/doi/10.1049/iet-ifs.2019.0249, Wiley Online Library on [01/07/2024]. See the Terms and Conditions (https://onlinelibrary.wiley.com/terms-and-conditions) on Wiley Online Library for rules of use; OA articles are governed by the applicable Creative Commons License"
8,0,0,0,0,32,4,/WTNFVY+STIX-Italic,9.0,52.52,776.54,293.05,785.54,776.54,56.35,52.52,302.23,"(ID , Y , S , r) and (ID , Y , S , r, d , RA ) in L  and L , 333s js js js js js js jIDe2k"
8,0,0,0,0,16,4,/WZZHEJ+STIX-Regular,9.0,52.52,764.39,288.13,773.39,764.39,68.5,52.52,307.15,"respectively. Finally, simulation B returns (Y , d , RA ) to A. s js jID2k"
8,0,1,0,0,11,4,/WTNFVY+STIX-Italic,9.0,42.52,751.24,288.79,760.24,751.24,81.65,42.52,306.49,"Update (ID, t) query: Simulation B maintains a list L aboutt"
8,0,0,0,0,22,4,/WZZHEJ+STIX-Regular,9.0,52.52,739.99,293.05,748.99,739.99,92.9,52.52,302.23,"(ID , V , t, r, d , RA ). Upon receiving (ID , t, RA ), 161s js jts jIDs jID2k2k"
8,0,0,0,0,20,4,/ANXBAP+TimesNewRomanPSMT-Identity-H,9.0,52.52,717.84,337.05,736.84,717.84,105.05,52.52,258.23,"simulation B returns the same response to adversary if the query has been asked before. Generally, B firstly chooses random"
8,0,1,0,0,20,4,/WTNFVY+STIX-Italic,9.0,52.52,705.29,288.29,715.89,705.29,126.0,52.52,306.99,"numbers a, b ∈ Z  and computes V  a ⋅ P + b ⋅ P . Then, Bqs j =RA2k"
8,0,0,0,0,18,4,/WTNFVY+STIX-Italic,9.0,52.52,693.14,279.96,703.74,693.14,138.15,52.52,315.32,"computes  d  a mod q ,  r  b ) mod q  and records6 = ( −ts j ="
8,0,0,0,0,28,4,/WZZHEJ+STIX-Regular,9.0,52.52,683.49,293.05,692.49,683.49,149.4,52.52,302.23,"(ID , V , t, r) and  (ID , V , t, r, d , RA ) in L  and  L , 16166s js js js jts jIDt2k"
8,0,0,0,0,20,4,/WTNFVY+STIX-Italic,9.0,52.52,671.34,502.99,681.23,671.34,160.66,52.52,92.29,"i = ∏ x  and  j ≠ ∏ y , simulation respectively. Finally, simulation B returns the latter to adversary."
8,0,1,0,0,9,7,/WTNFVY+STIX-Italic,6.39,308.98,667.65,560.73,676.65,667.65,165.24,308.98,34.55,(iii) If   C  S B responds to C S
8,0,1,0,0,3,4,/WTNFVY+STIX-Italic,9.0,42.51,660.34,106.55,671.6,660.34,170.29,42.51,488.73,k ) Corrupt
8,0,0,0,0,13,4,/ANXBAP+TimesNewRomanPSMT-Identity-H,9.0,85.06,655.77,475.47,667.02,655.77,174.87,85.06,119.81,"(∏  query: Upon receiving this query, simulation BU adversary according to the protocol."
8,0,0,0,0,13,4,/ANXBAP+TimesNewRomanPSMT-Identity-H,9.0,52.52,643.44,394.98,655.13,643.44,186.76,52.52,200.3,returns both private key and time key of instance U to adversary.  Auth
8,0,0,0,0,3,4,/WZZHEJ+STIX-Regular,9.0,42.52,635.13,90.02,646.39,635.13,195.5,42.52,505.26,k ) ESL(∏
8,0,0,0,0,12,4,/ANXBAP+TimesNewRomanPSMT-Identity-H,9.0,81.02,632.81,319.42,641.81,632.81,200.08,81.02,275.86,: The response to ESL query is the same as Section U
8,0,0,0,0,5,4,/WTNFVY+STIX-Italic,9.0,52.52,620.92,553.79,633.45,620.92,208.44,52.52,41.49,k . k ) Reveal(∏4.1.
8,0,1,0,0,12,7,/WTNFVY+STIX-Italic,6.39,356.46,619.87,581.37,628.87,619.87,213.02,356.46,13.91,: There are four cases in terms of the instance U U
8,0,0,0,0,3,4,/WZZHEJ+STIX-Regular,9.0,42.52,609.92,92.01,621.19,609.92,220.7,42.52,503.27,"k , Send(∏"
8,0,0,0,0,19,4,/WTNFVY+STIX-Italic,9.0,88.92,607.6,437.05,618.25,607.6,223.64,88.92,158.23,"i ≠ ∏ x  and  j ≠ ∏ y ,  M): There are three cases according to the received"
8,0,1,0,0,10,7,/WTNFVY+STIX-Italic,6.39,83.01,604.67,587.66,614.37,604.67,227.52,83.01,7.62,U  (i) If   C  S B returns the established session
8,0,1,0,1,2,7,/WTNFVY+STIX-Italic,6.39,338.28,605.04,404.84,611.43,605.04,230.46,338.28,190.44,C  S
8,0,0,0,0,8,4,/ANXBAP+TimesNewRomanPSMT-Identity-H,9.0,52.52,595.04,566.17,604.72,595.04,237.17,52.52,29.11,"message M . k  accepts a session. Otherwise,"
8,0,1,0,0,6,4,/JNRQIE+TimesNewRomanPS-ItalicMT-Identity-H,9.0,308.97,590.46,551.76,599.46,590.46,242.43,308.97,43.52,Bkey SK once the instance U
8,0,0,0,0,8,4,/ANXBAP+TimesNewRomanPSMT-Identity-H,9.0,42.52,575.72,407.97,587.57,575.72,254.32,42.52,187.31,returns a null value. Case 1:M =′ begin.
8,0,1,0,0,5,7,/WTNFVY+STIX-Italic,6.39,71.98,557.67,111.78,566.67,557.67,275.22,71.98,483.5,"x , i ≠ ∏"
8,0,1,0,0,36,4,/WTNFVY+STIX-Italic,9.0,42.52,539.61,504.5,562.09,539.61,279.8,42.52,90.78,"B selects a random value r Z  and computes C(i) If ui ∈qC M r  s ) ⋅ P , then  B returns y , simulation j = ∏x  and i = ∏ui = (ui +ui"
8,0,1,0,0,8,7,/WTNFVY+STIX-Italic,6.39,308.97,535.88,558.74,544.88,535.88,297.01,308.97,36.54,B checks the  S C(iv) If S C
8,0,1,0,0,15,4,/WTNFVY+STIX-Italic,9.0,46.29,529.6,204.66,538.6,529.6,303.29,46.29,390.62,"M , d , V , t, PID, S , Y , RA A. 2uituiuiuiuiuiID2e"
8,0,0,0,0,15,4,/ANXBAP+TimesNewRomanPSMT-Identity-H,9.0,308.98,524.0,565.66,533.0,524.0,308.89,308.98,29.62,"authority RA  and time key d . If both of them are valid, B2kts j"
8,0,1,0,0,5,7,/WTNFVY+STIX-Italic,6.39,74.75,518.71,114.54,527.71,518.71,314.18,74.75,480.74,"i = ∏ x ,"
8,0,1,0,0,28,4,/WTNFVY+STIX-Italic,9.0,42.52,511.15,525.47,523.13,511.15,318.76,42.52,69.81,(ii) If   C B selects a random value a ∈ Z  and computes ′ = R  d ⋅ P and checks the equationcomputes RqC s j =s j
8,0,0,0,0,9,4,/WTNFVY+STIX-Italic,9.0,42.69,502.24,341.72,514.1,502.24,327.79,42.69,253.56,"?M a ⋅ P + Q, then B returns"
8,0,0,0,0,20,4,/WZZHEJ+STIX-Regular,9.0,50.23,498.62,554.72,509.64,498.62,332.25,50.23,40.56,"ui = 1 ′ ) holds or Auth′H(P, P, P, ID, PID, M, M, R7s j =pubRARAs juis juis j"
8,0,1,0,0,29,4,/WTNFVY+STIX-Italic,9.0,46.29,487.12,555.2,499.63,487.12,342.26,46.29,40.08,"M , d , V , t, PID, S , Y , RA , a A.2uituiuiuiuiuiID2e not. If holds, B chooses random values b, e ∈ Z  and computes"
8,0,1,0,0,9,4,/WTNFVY+STIX-Italic,9.0,309.15,474.27,387.83,484.87,474.27,357.02,309.15,207.45,"R  bP , K  eM ,12 =ui =s j"
8,0,0,0,0,27,4,/WZZHEJ+STIX-Regular,9.0,42.52,464.62,548.0,477.12,464.62,364.77,42.52,47.28,", d , V , t, PID, S , Y , RACase 2:M =2uituiuiuiuiuiID2e ′ ), and Auth H(P, P, P, ID, PID, M, M, R, R"
8,0,1,0,0,16,7,/WTNFVY+STIX-Italic,6.39,327.02,463.02,522.47,472.37,463.02,369.52,327.02,72.81,"8 y , j = ∏x  and i ≠ ∏ui =pubRARAs juis jui ui s j2k2e"
8,0,1,0,0,7,7,/WTNFVY+STIX-Italic,6.39,308.97,458.69,546.99,467.69,458.69,374.2,308.97,48.29,B returns S C(ii) If S C
8,0,0,0,0,26,4,/WZZHEJ+STIX-Regular,9.0,78.79,446.8,556.39,457.23,446.8,384.66,78.79,38.89,"x  and i ≠ ∏ y , simulation j ≠ ∏ ′ , K ) once SK H(P, P, P, ID, PID, M, M, R, R"
8,0,0,0,0,23,4,/WZZHEJ+STIX-Regular,9.0,42.52,442.47,538.39,454.55,442.47,387.34,42.52,56.89,"1212 =9pubRARAs juis juiuis j2k2e C(i) If  SB responds to ′ , K). SK H(P, P, P, ID, PID, M, M, R, R"
8,0,1,0,0,7,7,/WTNFVY+STIX-Italic,6.39,78.79,441.22,526.4,450.42,441.22,391.47,78.79,68.88,C  S  1212 =9pubRARAs juis juiuis j2k2e
8,0,1,0,0,5,7,/WTNFVY+STIX-Italic,6.39,394.69,436.91,511.69,445.91,436.91,395.98,394.69,83.59,"k  accepts a session, where"
8,0,0,0,0,12,4,/ANXBAP+TimesNewRomanPSMT-Identity-H,9.0,42.52,430.32,401.08,441.33,430.32,400.56,42.52,194.2,"the instance adversary according to the protocol specification. Finally, B returns  U"
8,0,0,0,0,23,4,/WTNFVY+STIX-Italic,9.0,309.15,418.77,501.34,429.5,418.77,412.39,309.15,93.94,"′ = (r  s )(Q  Y  H (ID , Y  Q ) ⋅ P ),R3ui +uis j +s js j +RAs j2 +22k"
8,0,1,0,0,23,4,/WTNFVY+STIX-Italic,9.0,309.15,406.69,471.33,417.29,406.69,424.6,309.15,123.95,"R d  s ) ⋅ M , K r  s ) ⋅ M . 12 = (ui = (ui +uis jui +uis j"
8,0,1,0,0,9,7,/WTNFVY+STIX-Italic,6.39,370.51,398.3,496.51,407.3,398.3,434.59,370.51,98.77,"y , j ≠ ∏x  and i = ∏"
8,0,1,0,0,7,7,/WTNFVY+STIX-Italic,6.39,308.97,393.72,547.24,402.72,393.72,439.17,308.97,48.04,S returns S C(iii) If S C
8,0,0,0,0,18,4,/WZZHEJ+STIX-Regular,9.0,308.98,380.59,538.39,390.92,380.59,450.97,308.98,56.89,"′ ,SK H(P, P, P, ID, PID, M, M, R, R K ), 21 =912pubRARAs juis juis jui2k2e"
8,0,0,0,0,22,4,/WTNFVY+STIX-Italic,9.0,308.97,368.01,555.0,378.77,368.01,463.12,308.97,40.28,"′ = (where Rr  s )(Q  Y  H (ID , Y  Q ) ⋅ P ),3s j +s jui +uiui +RA1 +1ui2e"
8,0,1,0,0,26,4,/WTNFVY+STIX-Italic,9.0,309.15,355.94,471.77,366.54,355.94,475.35,309.15,123.51,"R d  s ) ⋅ M , K r  s ) ⋅ M . 12 = (s j = (s j +s juis j +s jui"
8,0,1,0,0,35,4,/WTNFVY+STIX-Italic,9.0,103.11,347.55,498.38,356.57,347.55,485.32,103.11,96.9,"M , d , V , t, ID, S , Y , RA , Auth, c i = ∏ x  and  j = ∏ y , simulation 1s jts js js js js jIDs j2k"
8,0,1,0,0,10,7,/WTNFVY+STIX-Italic,6.39,308.98,342.97,567.55,351.97,342.97,489.92,308.98,27.73,(iv) If   C  S B returns a null C S
8,0,0,0,0,11,4,/ANXBAP+TimesNewRomanPSMT-Identity-H,9.0,42.52,335.42,326.02,344.42,335.42,497.47,42.52,269.26,"adversary. If the authority or time key is invalid, simulation B"
8,0,0,0,0,3,4,/ANXBAP+TimesNewRomanPSMT-Identity-H,9.0,42.52,325.42,155.02,334.42,325.42,507.47,42.52,440.26,terminates this session.
8,0,1,0,0,11,7,/WTNFVY+STIX-Italic,6.39,81.54,316.46,237.04,325.46,316.46,516.43,81.54,358.24,"i ≠ ∏ x  and  j = ∏ y , simulation"
8,0,1,0,0,9,7,/WTNFVY+STIX-Italic,6.39,42.52,311.88,291.78,320.88,311.88,521.01,42.52,303.5,(ii) If   C  S B checks the C S
8,0,0,0,0,14,4,/ANXBAP+TimesNewRomanPSMT-Identity-H,9.0,42.52,299.99,301.47,308.99,299.99,532.9,42.52,293.81,"authority RA  and time key d . When both of them are valid, B2etui"
8,0,0,0,0,10,4,/WTNFVY+STIX-Italic,9.0,42.52,287.8,267.71,296.8,287.8,545.09,42.52,327.57,"selects a random value  c ∈ Z , and computesq"
8,0,1,0,0,33,4,/WTNFVY+STIX-Italic,9.0,42.69,274.88,284.31,285.55,274.88,556.34,42.69,310.97,"M  cP +  Q , R r  s )(Q  Y  H (ID , Y  S ) ⋅ P3s j =s j = (ui +uis j +s js j +s j RA22 + 2k"
8,0,1,0,0,15,4,/WTNFVY+STIX-Italic,9.0,73.53,216.55,210.79,225.55,216.55,616.34,73.53,384.49,"M , d , V , t, PID, S , Y , TA , c2uituiuiuiuiuiID2e"
8,0,1,0,0,10,7,/WTNFVY+STIX-Italic,6.39,75.87,210.11,173.7,219.11,210.11,622.78,75.87,421.58,"i = ∏ x  and  j ≠ ∏ y ,"
8,0,1,0,0,49,4,/WTNFVY+STIX-Italic,9.0,42.52,193.65,296.42,214.53,193.65,627.36,42.52,298.86,"(iii) If  C  S B checks the authority RA and 2eC S Case 3:M = , d , V , t, I D, S , Y , RA , Authtime key d. When both of them are valid, simulation B responds 1s jts js js js js jIDs jtui2k"
8,0,0,0,0,6,4,/ANXBAP+TimesNewRomanPSMT-Identity-H,9.0,42.52,182.4,222.52,191.4,182.4,650.49,42.52,372.76,to adversary according to the protocol.
8,0,1,0,0,11,7,/WTNFVY+STIX-Italic,6.39,78.79,174.11,234.03,183.11,174.11,658.78,78.79,361.25,"i ≠ ∏ x  and  j ≠ ∏ y , simulation"
8,0,1,0,0,9,7,/WTNFVY+STIX-Italic,6.39,42.52,169.53,293.02,178.53,169.53,663.36,42.52,302.26,(i) If   C  S B responds to C S
8,0,0,0,0,24,4,/WZZHEJ+STIX-Regular,9.0,42.52,154.75,289.98,166.64,154.75,675.25,42.52,305.3,"adversary according to the protocol. and Auth H(P, P, P, ID, PID, M , M , R ). Then,7s j =pubRARAs juis juis j"
8,0,0,0,0,13,10,/WZZHEJ+STIX-Regular,5.0,139.37,151.08,605.98,162.5,151.08,679.39,139.37,-10.7,"2k 2e In the following content, we prove the security properties of the"
8,0,0,0,0,11,4,/ANXBAP+TimesNewRomanPSMT-Identity-H,9.0,42.52,141.08,610.47,152.8,141.08,689.09,42.52,-15.19,B returns  protocol with five theorems. The security properties includes: (i)
8,0,1,0,0,18,4,/WTNFVY+STIX-Italic,9.0,308.97,131.08,628.47,141.84,131.08,700.05,308.97,-33.19,"xyP =  R  d Q  aQ  ad Ps j −s js j1 −2 −server-to-client authentication, (ii) client-to-server authentication,"
8,0,0,0,0,9,4,/ANXBAP+TimesNewRomanPSMT-Identity-H,9.0,308.98,109.27,500.41,118.27,109.27,723.62,308.98,94.87,query. where d can be obtained by Corrupt(∏s jU
8,0,0,0,0,8,4,/ANXBAP+TimesNewRomanPSMT-Identity-H,9.0,320.98,97.38,559.48,106.38,97.38,735.51,320.98,35.8,"Therefore, if an adversary can impersonate server to"
8,0,0,0,0,18,4,/ANXBAP+TimesNewRomanPSMT-Identity-H,9.0,308.98,77.08,561.18,96.38,77.08,745.51,308.98,34.1,"authenticate with client in a non-negligible advantage , then simulation B can solve CDH problem in a non-negligible"
8,0,0,0,0,12,4,/WTNFVY+STIX-Italic,9.0,75.54,67.08,349.48,76.1,67.08,765.79,75.54,245.8,"i = ∏ x  and  j = ∏ y , simulation  advantage"
8,0,1,0,0,10,7,/WTNFVY+STIX-Italic,6.39,42.52,62.51,310.27,71.51,62.51,770.38,42.52,285.01,(iv) If   C  S B checks the validity C S
8,0,0,0,0,13,4,/ANXBAP+TimesNewRomanPSMT-Identity-H,9.0,42.52,50.63,301.4,59.63,50.63,782.26,42.52,293.88,of registration authority RA and time key d. When both of them 2etui
8,0,0,0,0,21,4,/WTNFVY+STIX-Italic,9.0,81.54,41.08,601.47,51.34,41.08,790.55,81.54,-6.19,"i ≠ ∏ x  and  j = ∏ y , simulation  (iii) key agreement, (iv) implicit key confirmation and (v) full"
8,0,1,0,0,19,4,/WTNFVY+STIX-Italic,9.0,42.52,37.76,291.78,47.43,37.76,794.46,42.52,303.5,"are valid, B selects random numbers c, d ∈ Z  and computes(ii) If  C SB checks the qC S"
8,0,0,0,0,14,5,/PABHGQ+ArialMT-Identity-H,8.0,42.52,31.08,578.16,43.0,31.08,798.89,42.52,17.12,"106 IET Inf. Secur. , 2020, Vol. 14 Iss. 1, pp. 99-110 forward secrecy."
8,0,1,0,0,30,4,/WTNFVY+STIX-Italic,9.0,42.52,25.59,299.2,36.18,25.59,805.71,42.52,296.08,"M  cP +  Q ,  S  Q ,  R  dP  andauthority RA and time key d. If both of them are valid, Bs j =s j =s j =222kts j"
8,0,0,0,0,43,5,/PABHGQ+ArialMT-Identity-H,8.0,362.29,20.0,2420.29,32.0,20.0,809.89,362.29,-1825.01,"© The Institution of Engineering and Technology 2019 17518717, 2020, 1, Downloaded from https://ietresearch.onlinelibrary.wiley.com/doi/10.1049/iet-ifs.2019.0249, Wiley Online Library on [01/07/2024]. See the Terms and Conditions (https://onlinelibrary.wiley.com/terms-and-conditions) on Wiley Online Library for rules of use; OA articles are governed by the applicable Creative Commons License"
8,0,0,0,0,42,4,/WZZHEJ+STIX-Regular,9.0,42.52,12.95,293.05,24.94,12.95,816.95,42.52,302.23,"Auth  H (P , P , P , ID, PID, M , M , R ). Then,  B7′ = (r s)(Q Y H(ID, Y Q) ⋅ P). computes Rs j =pubRARAs juis juis j32k2eui +uis j +s js j +RAs j2 +2"
8,0,0,0,0,6,4,/ANXBAP+TimesNewRomanPSMT-Identity-H,9.0,42.52,2.47,196.52,12.43,2.47,829.46,42.52,398.76,"returns Then,  B checks the equation"
8,0,0,0,0,31,4,/WZZHEJ+STIX-Regular,9.0,0.0,-10.35,288.27,0.31,-10.35,841.58,0.0,307.01,"′ ) holds or Auth′H(P, P, P, ID, PID, M, M, R  to   to adversary  M .   to   to adversary. M .   to adversary.  (4) 7s j =pubRARAs juis juis j2k2e"
8,0,1,0,0,18,4,/WTNFVY+STIX-Italic,9.0,42.52,-22.5,295.56,-11.9,-22.5,853.79,42.52,299.72,"not. If holds, B computes  K r  s ) ⋅ M . Otherwise, 12 = (ui +uis j"
8,0,0,0,0,5,4,/ANXBAP+TimesNewRomanPSMT-Identity-H,9.0,42.52,-32.15,205.27,-23.15,-32.15,865.04,42.52,390.01,simulation B terminates this session.
8,0,1,0,1,1,7,/WTNFVY+STIX-Italic,6.39,542.56,-173.92,551.52,-167.53,-173.92,1009.42,542.56,43.76,S2C
8,0,0,0,0,7,4,/NPIXWA+Arial-ItalicMT-Identity-H,9.0,308.97,-180.27,544.01,-171.27,-180.27,1013.16,308.97,51.27,4.2.1 Server-to-client authentication: Let the symbol Event
8,0,0,0,0,8,4,/ANXBAP+TimesNewRomanPSMT-Identity-H,9.0,308.97,-190.58,614.97,-181.58,-190.58,1023.47,308.97,-19.69,denote the event violating the server-to-client authentication when
8,0,1,0,0,9,7,/WTNFVY+STIX-Italic,6.39,353.73,-198.32,560.73,-189.32,-198.32,1031.21,353.73,34.55,i  accepts an adversary who does not possess a
8,0,0,0,0,13,4,/ANXBAP+TimesNewRomanPSMT-Identity-H,9.0,308.98,-214.78,614.98,-193.9,-214.78,1035.79,308.98,-19.7,instance  C legitimate private key of server. We denote the event probability as
8,0,0,0,0,3,4,/WZZHEJ+STIX-Regular,9.0,308.98,-224.78,349.89,-215.78,-224.78,1057.67,308.98,245.39,Pr [S2C ].
8,0,1,0,0,11,4,/JNRQIE+TimesNewRomanPS-ItalicMT-Identity-H,9.0,320.97,-245.09,578.41,-236.09,-245.09,1077.98,320.97,16.87,"Theorem 1: In the modified BR93 model, suppose that a PPT"
8,0,0,0,0,23,4,/ANXBAP+TimesNewRomanPSMT-Identity-H,9.0,308.97,-355.09,614.98,-246.09,-355.09,1087.98,308.97,-19.7,"adversary can violate the server-to-client authentication with nonnegligible advantage, then we can construct an algorithm to solve the CDH problem with non-negligible advantage."
8,0,0,0,0,11,4,/WZZHEJ+STIX-Regular,9.0,320.98,-455.09,571.29,-446.09,-455.09,1287.98,320.98,23.99,Proof: We discuss the event probability Pr [S2C ] of server-to-
8,0,1,0,0,5,7,/WTNFVY+STIX-Italic,6.39,502.29,-463.13,551.09,-454.13,-463.13,1296.02,502.29,44.19,i = ∏ x  and
8,0,1,0,0,7,7,/WTNFVY+STIX-Italic,6.39,308.98,-467.71,524.98,-458.71,-467.71,1300.6,308.98,70.3,client authentication. The probability of event  CC
8,0,1,0,0,7,7,/WTNFVY+STIX-Italic,6.39,318.79,-477.34,464.57,-468.34,-477.34,1310.23,318.79,130.71,y  happen simultaneously is j = ∏
8,0,1,0,0,9,4,/WTNFVY+STIX-Italic,9.0,317.98,-481.92,572.94,-472.92,-481.92,1314.81,317.98,22.34,1 /q q . If adversary do not  SnmS
8,0,1,0,0,3,7,/WTNFVY+STIX-Italic,6.39,359.26,-491.54,438.23,-482.54,-491.54,1324.43,359.26,157.05,k )k )
8,0,0,0,0,18,4,/ANXBAP+TimesNewRomanPSMT-Identity-H,9.0,308.97,-508.01,592.47,-487.12,-508.01,1329.01,308.97,2.81,"query, algorithm B will not  and Reveal(∏send ESL(∏U U terminate this game. Meanwhile, the probability of achieving a"
8,0,0,0,0,16,4,/WTNFVY+STIX-Italic,9.0,308.97,-606.53,557.22,-597.53,-606.53,1439.42,308.97,38.06,"successful session is 1 /q. As H  is a random oracle, B can find R3s js"
8,0,0,0,0,14,4,/ANXBAP+TimesNewRomanPSMT-Identity-H,9.0,308.97,-618.01,568.85,-609.01,-618.01,1450.9,308.97,26.43,"in the list L in the probability of 1 /q. Therefore, we can compute3i"
8,0,1,0,0,5,4,/JNRQIE+TimesNewRomanPS-ItalicMT-Identity-H,9.0,308.97,-629.47,443.96,-620.47,-629.47,1462.36,308.97,151.32,xyP in the following equation:
9,0,0,0,0,35,9,/Times-Roman,5.73,579.54,819.32,1562.24,825.05,819.32,16.84,579.54,-966.96,"17518717, 2020, 1, Downloaded from https://ietresearch.onlinelibrary.wiley.com/doi/10.1049/iet-ifs.2019.0249, Wiley Online Library on [01/07/2024]. See the Terms and Conditions (https://onlinelibrary.wiley.com/terms-and-conditions) on Wiley Online Library for rules of use; OA articles are governed by the applicable Creative Commons License"
9,0,0,0,0,7,4,/WZZHEJ+STIX-Regular,9.0,116.6,771.59,210.85,780.59,771.59,61.3,116.6,384.43,Pr [S2C ] = < ε .2
9,0,1,0,0,4,4,/WTNFVY+STIX-Italic,9.0,160.67,765.09,191.1,774.09,765.09,67.8,160.67,404.18,q q q qisnm
9,0,1,0,0,13,4,/WTNFVY+STIX-Italic,9.0,422.35,754.2,521.54,763.2,754.2,78.69,422.35,73.74,C 2S ∪ T ] ⋅ Pr [ C2S ∪ T ] +
9,0,0,0,0,9,4,/ANXBAP+TimesNewRomanPSMT-Identity-H,9.0,42.52,743.58,560.26,753.51,743.58,88.38,42.52,35.02,"(10) In summary, our protocol can achieve the server-to-client"
9,0,0,0,0,7,4,/WTNFVY+STIX-Italic,9.0,308.98,711.67,419.06,721.48,711.67,120.41,308.98,176.22,Accordingly ε ≤ Pr [ A succeeds
9,0,0,0,0,3,7,/WZZHEJ+STIX-Regular,6.39,332.51,708.38,526.59,717.38,708.38,124.51,332.51,68.69,2 + 2
9,0,0,0,0,27,4,/WZZHEJ+STIX-Regular,9.0,353.37,689.6,504.11,701.89,689.6,140.0,353.37,91.17,≤ Pr [ C 2S ∪ T ] +Pr [C2S] + Pr [ T ] ≥ Pr [ C 2S ∪ T ] ≥ ε  .2 .
9,0,0,0,0,11,4,/WZZHEJ+STIX-Regular,9.0,386.68,652.78,479.18,661.78,652.78,180.11,386.68,116.1,Pr [T ] ≥ ε  − Pr [ C 2S] .
9,0,0,0,0,12,4,/WZZHEJ+STIX-Regular,9.0,308.98,632.48,567.76,641.48,632.48,200.41,308.98,27.52,We have known that  Pr [C 2S] is negligible from Theorem 1.
9,0,0,0,0,17,4,/ANXBAP+TimesNewRomanPSMT-Identity-H,9.0,308.97,611.87,578.17,631.17,611.87,210.72,308.97,17.11,"Therefore, the probability Pr [T ] is non-negligible if adversary attacks successfully. Meanwhile, the probability of event"
9,0,0,0,0,9,4,/WZZHEJ+STIX-Regular,9.0,376.51,531.49,478.72,542.16,531.49,299.73,376.51,116.56,xyP =  K  aQ  cQ  acP12 −2 −1 −
9,0,1,0,1,2,7,/WTNFVY+STIX-Italic,6.39,276.1,528.58,286.22,534.97,528.58,306.92,276.1,309.06,C 2S
9,0,0,0,0,8,4,/WZZHEJ+STIX-Regular,9.0,42.52,519.49,434.78,531.23,519.49,310.66,42.52,160.5,4.2.2 Client-to-server authentication: Let the symbol Event or
9,0,0,0,0,8,4,/ANXBAP+TimesNewRomanPSMT-Identity-H,9.0,42.52,511.92,348.52,520.92,511.92,320.97,42.52,246.76,denote the event violating the client-to-server authentication when
9,0,1,0,0,34,4,/WTNFVY+STIX-Italic,9.0,88.22,504.18,560.6,515.49,504.18,326.4,88.22,34.68,xyP =  R  aQ  d Q  ad P (11) i = ∏x  and j = ∏y  happen simultaneously is s j −s js j2 −1 −j  accepts an adversary who does not possess a
9,0,1,0,0,10,7,/WTNFVY+STIX-Italic,6.39,42.52,499.6,560.18,509.99,499.6,331.9,42.52,35.1,C  S 1 /q q . The instance nmS C
9,0,1,0,0,15,4,/WTNFVY+STIX-Italic,9.0,87.4,495.51,222.09,506.37,495.51,335.52,87.4,373.19,S  xyP =  R  d Q  aQ  ad Ps j −s js j1 −2 −
9,0,0,0,0,24,4,/ANXBAP+TimesNewRomanPSMT-Identity-H,9.0,42.52,487.72,562.1,497.16,487.72,344.73,42.52,33.18,probability of achieving a successful session is 1 /q. As H  is a legitimate private key of client. We denote the event probability as9s
9,0,1,0,0,26,4,/WTNFVY+STIX-Italic,9.0,308.98,476.68,560.52,488.55,476.68,353.34,308.98,34.76,"xyP =  R  cQ  d Q  cd P .ui −uiui1 −2 −   in list L in random oracle, simulation B can find K, R and R"
9,0,1,0,0,13,4,/WTNFVY+STIX-Italic,9.0,103.66,468.57,222.57,479.24,468.57,362.65,103.66,372.71,xyP =  R  cQ  d Q  cd P .s j −uiui1 −2 −
9,0,0,0,0,26,4,/ANXBAP+TimesNewRomanPSMT-Identity-H,9.0,308.98,458.3,563.98,474.38,458.3,367.51,308.98,31.3,"the probability of 1 /q. Therefore, we can compute xyP in the 9 Therefore, if adversary A can correctly guess the bit b in a non-"
9,0,0,0,0,3,4,/ANXBAP+TimesNewRomanPSMT-Identity-H,9.0,205.2,451.26,394.48,463.3,451.26,378.59,205.2,200.8,following equation:k )
9,0,0,0,0,21,4,/ANXBAP+TimesNewRomanPSMT-Identity-H,9.0,42.51,446.67,564.4,457.3,446.67,384.59,42.51,30.88,"negligible advantage , then simulation B can solve CDH problem where, d, d can be obtained by Corrupt(∏ query. s jui"
9,0,0,0,0,12,4,/ANXBAP+TimesNewRomanPSMT-Identity-H,9.0,54.52,434.79,439.48,446.99,434.79,394.9,54.52,155.8,"in a non-negligible advantageTherefore, if an adversary can impersonate client to authenticate"
9,0,0,0,0,11,4,/ANXBAP+TimesNewRomanPSMT-Identity-H,9.0,42.52,424.79,293.5,433.79,424.79,408.1,42.52,301.78,"with server in a non-negligible advantage , then simulation B can"
9,0,0,0,0,9,4,/WZZHEJ+STIX-Regular,9.0,378.81,418.3,483.54,427.3,418.3,414.59,378.81,111.74,3 Pr [T ]  − Pr [ C 2S])
9,0,0,0,0,8,4,/ANXBAP+TimesNewRomanPSMT-Identity-H,9.0,42.52,411.52,560.26,423.48,411.52,418.41,42.52,35.02,solve CDH problem in a non-negligible advantage (12)
9,0,1,0,0,8,4,/WTNFVY+STIX-Italic,9.0,378.57,406.55,465.86,415.55,406.55,426.34,378.57,129.42,q q q q q q q qssnnmm44
9,0,0,0,0,3,4,/WZZHEJ+STIX-Regular,9.0,42.52,397.72,83.43,406.72,397.72,435.17,42.52,511.85,Pr [C 2S].
9,0,0,0,0,7,4,/WZZHEJ+STIX-Regular,9.0,116.6,389.54,210.85,398.54,389.54,443.35,116.6,384.43,Pr [C 2S] = < ε .2
9,0,1,0,0,9,4,/WTNFVY+STIX-Italic,9.0,160.67,383.04,538.48,394.04,383.04,447.85,160.67,56.8,"In summary, our protocol provides key agreement. □ qqqq"
9,0,1,0,0,11,4,/JNRQIE+TimesNewRomanPS-ItalicMT-Identity-H,9.0,54.52,377.41,311.95,386.41,377.41,455.48,54.52,283.33,"Theorem 2: In the modified BR93 model, suppose that a PPT"
9,0,0,0,0,34,4,/ANXBAP+TimesNewRomanPSMT-Identity-H,9.0,42.52,267.41,348.52,376.41,267.41,465.48,42.52,246.76,"adversary can violate the client-to-server authentication with nonIn summary, our protocol can achieve the client-to-server authentication. □ negligible advantage, then we can construct an algorithm B to solve the CDH problem with non-negligible advantage."
9,0,1,0,0,8,4,/JNRQIE+TimesNewRomanPS-ItalicMT-Identity-H,9.0,320.97,177.04,585.13,186.04,177.04,655.85,320.97,10.15,Theorem 4: Our protocol provides implicit key confirmation.
9,0,0,0,0,10,4,/WZZHEJ+STIX-Regular,9.0,54.52,167.41,306.2,176.41,167.41,665.48,54.52,289.08,Proof: We discuss the event probability Pr [C2S] of client-to-
9,0,0,0,0,19,4,/ANXBAP+TimesNewRomanPSMT-Identity-H,9.0,42.52,157.04,585.52,166.11,157.04,675.78,42.52,9.76,"server authentication. The proof process is similar to server-to- Proof: Combining Theorems 1 and 2, our protocol can achieve"
9,0,1,0,0,10,4,/NPIXWA+Arial-ItalicMT-Identity-H,9.0,42.52,153.17,310.4,162.17,153.17,679.72,42.52,284.88,4.2.3 Key agreement: We show that our protocol provides key
9,0,0,0,0,17,4,/ANXBAP+TimesNewRomanPSMT-Identity-H,9.0,42.52,147.04,592.48,156.11,147.04,685.78,42.52,2.8,client authentication in Theorem 1. The probability of eventmutual authentication under the CDH assumption in the modified
9,0,0,0,0,18,4,/WZZHEJ+STIX-Regular,9.0,42.52,142.96,321.52,152.17,142.96,689.72,42.52,273.76,agreement in the modified BR93 model under the Diffie-Hellman 1 / 2 + = Pr [ A succeeds]
9,0,0,0,0,22,4,/WTNFVY+STIX-Italic,9.0,51.52,137.04,596.97,148.37,137.04,693.52,51.52,-1.69,"i = ∏ x  and  j = ∏ y  happen simultaneously is  BR93 model, while adversary cannot get session key according to"
9,0,1,0,0,9,7,/WTNFVY+STIX-Italic,6.39,42.52,133.17,293.05,143.79,133.17,698.1,42.52,302.23,C  S 1 /q q . assumption. nmC S
9,0,0,0,0,26,4,/WZZHEJ+STIX-Regular,9.0,97.61,127.04,583.47,138.46,127.04,703.43,97.61,11.81,"= Pr [ A succeeds 2S ∪ T ] ⋅ Pr [ C2S ∪ T ]  (8)  Theorem 3. Therefore, we conclude that the proposed protocol"
9,0,0,0,0,9,4,/ANXBAP+TimesNewRomanPSMT-Identity-H,9.0,42.52,122.9,326.02,131.9,122.9,709.99,42.52,269.26,"Meanwhile, the probability of achieving a successful session is"
9,0,0,0,0,13,4,/WZZHEJ+STIX-Regular,9.0,55.25,114.97,466.47,126.04,114.97,715.85,55.25,128.81,offers implicit key confirmation. □22S ∪ TC2S ∪ T+ Pr [ A succeeds
9,0,0,0,0,20,4,/WTNFVY+STIX-Italic,9.0,42.52,111.95,294.87,121.01,111.95,720.88,42.52,300.41,"or R  in the list L in 1 /q. As H is a random oracle, B can find R33uis js"
9,0,0,0,0,32,4,/ANXBAP+TimesNewRomanPSMT-Identity-H,9.0,42.52,81.36,321.52,109.48,81.36,732.41,42.52,273.76,"the probability of 1 /q. Therefore, we can compute xyP in the i If adversary fails to impersonate client and fails to send an following equation:k ) query, we can geteffective Test(∏U"
9,0,0,0,0,8,4,/WZZHEJ+STIX-Regular,9.0,107.33,56.83,293.8,66.14,56.83,775.75,107.33,301.48,Pr [ A succeeds 2S ∪ T (9)
9,0,1,0,0,9,4,/JNRQIE+TimesNewRomanPS-ItalicMT-Identity-H,9.0,54.52,33.17,294.78,42.17,33.17,799.72,54.52,300.5,"Theorem 3:  In the modified BR93 model, assuming that"
9,0,0,0,0,12,4,/ANXBAP+TimesNewRomanPSMT-Identity-H,9.0,42.52,20.85,283.79,29.85,20.85,812.04,42.52,311.49,adversary can guess the correct bit b involved in the Test(∏ U
9,0,0,0,0,11,4,/WZZHEJ+STIX-Regular,9.0,42.52,8.96,330.52,20.32,8.96,821.57,42.52,264.76,"2 .query with a non-negligible advantage, then we can construct an"
9,0,0,0,0,15,4,/WZZHEJ+STIX-Regular,9.0,0.0,-9.0,36.0,0.0,-9.0,841.89,0.0,559.28,(5)  2 (7)  C C ] ⋅ pr[ ] C ] = 1  1  3(
9,0,0,0,0,26,4,/ANXBAP+TimesNewRomanPSMT-Identity-H,9.0,42.52,-91.32,584.91,-72.04,-91.32,913.93,42.52,10.37,algorithm B to solve the CDH problem with a non-negligible  4.2.5 Full forward secrecy: The following theorem indicates that advantage.  our protocol offers full forward secrecy.
9,0,1,0,0,10,4,/WTNFVY+STIX-Italic,9.0,192.84,-191.32,570.61,-179.78,-191.32,1021.67,192.84,24.67,k ) Theorem 5:  The proposed protocol provides full forward
9,0,0,0,0,11,4,/ANXBAP+TimesNewRomanPSMT-Identity-H,9.0,54.52,-193.36,296.24,-184.36,-193.36,1026.25,54.52,299.04,Proof: The adversary sends a Test(∏  query to simulation B. U
9,0,0,0,0,15,4,/WTNFVY+STIX-Italic,9.0,61.67,-202.99,475.47,-192.32,-202.99,1034.21,61.67,119.81,"secrecy based on the CDH assumption. k ≠ ∏x  and k ≠ ∏y , simulation"
9,0,1,0,0,9,7,/WTNFVY+STIX-Italic,6.39,42.52,-207.57,309.57,-198.57,-207.57,1040.46,42.52,285.71,If   C  S B aborts this session. U U
9,0,0,0,0,19,4,/ANXBAP+TimesNewRomanPSMT-Identity-H,9.0,42.52,-229.46,317.02,-210.46,-229.46,1052.35,42.52,278.26,"Otherwise, we suppose that adversary can correctly guess the established session key in a non-negligible advantage. Let T denote"
9,0,0,0,0,19,4,/ANXBAP+TimesNewRomanPSMT-Identity-H,9.0,42.52,-253.66,310.36,-232.78,-253.66,1074.67,42.52,284.92,"the event that adversary sends a Test(∏  query. According to the U formula of total probability, we can get"
9,0,1,0,0,11,4,/JNRQIE+TimesNewRomanPS-ItalicMT-Identity-H,9.0,320.98,-301.32,590.03,-292.32,-301.32,1134.21,320.98,5.25,"Proof: In the proof of Theorem 3, adversary may send Corrupt"
9,0,1,0,0,12,7,/WTNFVY+STIX-Italic,6.39,376.83,-309.06,590.16,-300.06,-309.06,1141.95,376.83,5.12,"x  and  y , so that he can know the private keys"
9,0,1,0,0,5,7,/WTNFVY+STIX-Italic,6.39,308.98,-313.64,413.2,-304.64,-313.64,1146.53,308.98,182.08,queries on both C S
9,0,0,0,0,10,4,/ANXBAP+TimesNewRomanPSMT-Identity-H,9.0,308.98,-325.53,574.48,-316.53,-325.53,1158.42,308.98,20.8,"of them. However, adversary is still unable to compute the"
9,0,1,0,0,6,7,/WTNFVY+STIX-Italic,6.39,481.36,-333.27,565.82,-324.27,-333.27,1166.16,481.36,29.46,y . That is x  and
9,0,1,0,0,7,7,/WTNFVY+STIX-Italic,6.39,308.97,-337.85,519.35,-328.85,-337.85,1170.74,308.97,75.93,associated established session keys of both  SC
9,0,0,0,0,22,4,/ANXBAP+TimesNewRomanPSMT-Identity-H,9.0,308.98,-359.73,560.67,-340.73,-359.73,1182.62,308.98,34.61,"because Test query must be issued before Corrupt query in a session, thus Theorem 3 still holds under the Corrupt query on"
9,0,1,0,0,13,7,/WTNFVY+STIX-Italic,6.39,336.44,-367.47,560.55,-358.47,-367.47,1200.36,336.44,34.73,"x  and  y . Hence, the corruption of both x  and  y  does"
9,0,1,0,0,5,7,/WTNFVY+STIX-Italic,6.39,308.98,-372.05,532.08,-363.05,-372.05,1204.94,308.98,63.2,both  C S C S
9,0,0,0,0,19,4,/ANXBAP+TimesNewRomanPSMT-Identity-H,9.0,308.98,-473.94,605.98,-374.94,-473.94,1216.83,308.98,-10.7,"not help the adversary recovering the session keys. Therefore, we conclude that our protocol offers full forward secrecy. □"
9,0,1,0,0,3,4,/NPIXWA+Arial-ItalicMT-Identity-H,9.0,308.98,-672.3,403.48,-663.3,-672.3,1505.19,308.98,191.8,4.3 Security analysis
9,0,0,0,0,17,4,/ANXBAP+TimesNewRomanPSMT-Identity-H,9.0,308.98,-905.94,623.98,-806.94,-905.94,1648.83,308.98,-28.7,"In this section, we illustrate that the proposed protocol can satisfy design goals described in Section 2.4."
9,0,0,0,0,54,5,/PABHGQ+ArialMT-Identity-H,8.0,42.52,-952.32,2597.41,-933.32,-952.32,1775.21,42.52,-2002.13,"IET Inf. Secur., 2020, Vol. 14 Iss. 1, pp. 99-110  107 17518717, 2020, 1, Downloaded from https://ietresearch.onlinelibrary.wiley.com/doi/10.1049/iet-ifs.2019.0249, Wiley Online Library on [01/07/2024]. See the Terms and Conditions (https://onlinelibrary.wiley.com/terms-and-conditions) on Wiley Online Library for rules of use; OA articles are governed by the applicable Creative Commons License © The Institution of Engineering and Technology 2019"
10,0,0,0,0,35,9,/Times-Roman,5.73,579.54,819.32,1562.24,825.05,819.32,16.84,579.54,-966.96,"17518717, 2020, 1, Downloaded from https://ietresearch.onlinelibrary.wiley.com/doi/10.1049/iet-ifs.2019.0249, Wiley Online Library on [01/07/2024]. See the Terms and Conditions (https://onlinelibrary.wiley.com/terms-and-conditions) on Wiley Online Library for rules of use; OA articles are governed by the applicable Creative Commons License"
10,0,1,0,0,25,4,/ANXBAP+TimesNewRomanPSMT-Identity-H,9.0,42.52,776.5,561.46,785.54,776.5,56.35,42.52,33.82,"and M , R , K  have a similar form. Assuming that entity A has 4.3.1 Mutual authentication: According to Theorems 1 and 2, BBB"
10,0,0,0,0,67,4,/ANXBAP+TimesNewRomanPSMT-Identity-H,9.0,42.51,744.04,610.48,775.5,744.04,66.39,42.51,-15.2,"any probability polynomial adversary cannot masquerade as  been compromised, and its private key and random values r are A vehicle user or RSU to authenticate others. Specifically, both obtained by adversary. To get session key SK, the adversary has to vehicle user and RSU verify each other's time key and certificate. use s to compute M , R  and K . However, it is difficult to derive"
10,0,1,0,1,4,7,/WTNFVY+STIX-Italic,6.39,327.03,745.05,430.09,751.44,745.05,90.45,327.03,165.19,A B B B
10,0,0,0,0,11,4,/ANXBAP+TimesNewRomanPSMT-Identity-H,9.0,42.52,736.5,292.8,745.5,736.5,96.39,42.52,302.48,We use notations  A and  B to represent two parties of
10,0,1,0,0,16,4,/WTNFVY+STIX-Italic,9.0,308.98,731.19,590.01,741.79,731.19,100.1,308.98,5.27,"s  from S  s  P due to the hardness of DL problem. Therefore, AA =A ⋅"
10,0,1,0,0,16,4,/WTNFVY+STIX-Italic,9.0,42.52,724.9,285.59,735.5,724.9,106.39,42.52,309.69,communication. The party B firstly computes R d  s ) ⋅ MB = (B +B A
10,0,0,0,0,7,4,/ANXBAP+TimesNewRomanPSMT-Identity-H,9.0,308.98,721.54,560.98,730.54,721.54,111.35,308.98,34.3,our proposed protocol provides perfect forward security.
10,0,0,0,0,43,4,/ANXBAP+TimesNewRomanPSMT-Identity-H,9.0,42.52,681.42,297.84,724.25,681.42,117.64,42.52,297.44,"and hashes it to get its certificate Auth, then B sends it to A. Next, B party A verifies the certificate Auth by deriving Auth′  from BB . Finally, computing RA compares the value Auth′  with its BB received message Auth . B"
10,0,0,0,0,10,4,/ANXBAP+TimesNewRomanPSMT-Identity-H,9.0,54.52,670.17,338.02,679.17,670.17,162.72,54.52,257.26,"During this process, due to the hardness of discrete logarithm"
10,0,0,0,0,16,4,/WTNFVY+STIX-Italic,9.0,42.52,658.58,288.08,669.17,658.58,172.72,42.52,307.2,"(DL) problem, it is impossible to get (r s) and (d  s ) fromA +AB +B"
10,0,1,0,0,23,4,/WTNFVY+STIX-Italic,9.0,42.69,647.33,302.19,657.93,647.33,183.96,42.69,293.09,"M r  s ) ⋅ P  and  R d  s ) ⋅ M , respectively. This A = (A +AB = (B +BA"
10,0,0,0,0,16,4,/ANXBAP+TimesNewRomanPSMT-Identity-H,9.0,42.52,627.68,312.52,646.68,627.68,195.21,42.52,282.76,"guarantees the security of random numbers and private keys. Therefore, the protocol can provide mutual authentication."
10,0,1,0,0,11,4,/NPIXWA+Arial-ItalicMT-Identity-H,9.0,308.98,523.19,593.37,532.19,523.19,309.7,308.98,1.91,4.3.8 RALRI attack: There is no authority involved in the mutual
10,0,0,0,0,54,4,/ANXBAP+TimesNewRomanPSMT-Identity-H,9.0,308.97,463.19,632.97,522.19,463.19,319.7,308.97,-37.69,"authentication process, and only the vehicle user and RSU exchange parameters to ensure the fairness of our protocol. According to the analysis of perfect forward security, even though registration authority leaks the private key of entity, the security of session key can still be guaranteed. Therefore, our proposed protocol can resist the RALRI attack."
10,0,1,0,0,9,4,/NPIXWA+Arial-ItalicMT-Identity-H,9.0,42.52,429.32,305.71,438.32,429.32,403.57,42.52,289.57,4.3.2 Session key agreement: Through the above analysis of
10,0,0,0,0,12,4,/ANXBAP+TimesNewRomanPSMT-Identity-H,9.0,42.52,409.32,344.02,428.32,409.32,413.57,42.52,251.26,"mutual authentication, both vehicle user and RSU can calculate the session key"
10,0,1,0,0,23,4,/WTNFVY+STIX-Italic,9.0,42.52,399.32,295.41,408.32,399.32,433.57,42.52,299.87,"SK = H (P , P , P , ID, PID, M , M , R , R , K), which is 9pubRARAABABAB2k2e"
10,0,0,0,0,13,4,/ANXBAP+TimesNewRomanPSMT-Identity-H,9.0,42.52,377.17,330.52,396.17,377.17,445.72,42.52,264.76,"used for future communication. Therefore, the proposed protocol can support session key agreement."
10,0,1,0,0,9,4,/NPIXWA+Arial-ItalicMT-Identity-H,9.0,308.98,264.83,587.78,273.83,264.83,568.06,308.98,7.5,4.3.9 Known session key security: Due to the collision-resistant
10,0,0,0,0,10,4,/ANXBAP+TimesNewRomanPSMT-Identity-H,9.0,308.98,254.83,614.98,263.83,254.83,578.06,308.98,-19.7,"property of hash function, adversary fails to find some information"
10,0,0,0,0,14,4,/WZZHEJ+STIX-Regular,9.0,308.98,244.83,564.7,253.83,244.83,588.06,308.98,30.58,"from the session key SK = H ( ⋅ ). Therefore, our proposed 9"
10,0,0,0,0,7,4,/ANXBAP+TimesNewRomanPSMT-Identity-H,9.0,308.98,234.28,524.98,243.28,234.28,598.61,308.98,70.3,protocol can achieve known session key security.
10,0,1,0,0,11,4,/NPIXWA+Arial-ItalicMT-Identity-H,9.0,42.52,178.82,340.1,187.82,178.82,654.07,42.52,255.18,"4.3.3 User anonymity: In the protocol, the real identity of vehicle"
10,0,0,0,0,24,4,/WTNFVY+STIX-Italic,9.0,42.52,167.22,293.05,177.82,167.22,664.07,42.52,302.23,"user is masked by PID  I D  H (A ), where A a + s ) ⋅ P . 5ui =ui ⊕uiui = (ui"
10,0,0,0,0,19,4,/ANXBAP+TimesNewRomanPSMT-Identity-H,9.0,42.52,146.32,293.05,166.57,146.32,675.32,42.52,302.23,"Therefore, recovering its real identity ID needs the value A . uiui However, it is difficult to compute because"
10,0,1,0,0,22,4,/WTNFVY+STIX-Italic,9.0,42.98,132.52,289.05,144.37,132.52,697.52,42.98,306.23,"A a + s ) ⋅ P = ( d  H (I D))  B , in which random 4ui = (uiURAuiui2e +"
10,0,0,0,0,14,4,/WTNFVY+STIX-Italic,9.0,42.52,123.22,321.42,132.22,123.22,709.67,42.52,273.86,"value a, s  and private key are not easily available due to the ui"
10,0,0,0,0,9,4,/ANXBAP+TimesNewRomanPSMT-Identity-H,9.0,42.52,111.97,317.02,120.97,111.97,720.92,42.52,278.26,"hardness of DL problem. Therefore, the proposed protocol can"
10,0,1,0,0,9,4,/WTNFVY+STIX-Italic,9.0,120.49,104.36,185.05,114.96,104.36,726.93,120.49,410.23,r  s ) ⋅ P MA = (A +A
10,0,0,0,0,3,4,/ANXBAP+TimesNewRomanPSMT-Identity-H,9.0,42.52,101.97,146.02,110.97,101.97,730.92,42.52,449.26,provide user anonymity.
10,0,1,0,0,21,4,/WTNFVY+STIX-Italic,9.0,121.87,75.47,293.81,100.51,75.47,741.38,121.87,301.47,R d  s ) ⋅ M (13) A = (A +AB K r  s ) ⋅ MA = (A +A B
10,0,1,0,0,9,4,/NPIXWA+Arial-ItalicMT-Identity-H,9.0,308.98,35.92,579.0,44.92,35.92,796.97,308.98,16.28,"4.3.10 ESL attack: Combined secret values and random numbers,"
10,0,0,0,0,16,4,/ANXBAP+TimesNewRomanPSMT-Identity-H,9.0,308.97,15.92,619.47,34.92,15.92,806.97,308.97,-24.19,"our protocol guarantees the security of private keys. Therefore, our proposed protocol can resist ESL attack."
10,0,0,0,0,35,4,/ANXBAP+TimesNewRomanPSMT-Identity-H,9.0,308.98,-52.08,623.98,-13.08,-52.08,854.97,308.98,-28.7,"This section analyses the efficiency of our authentication protocol with other related protocols according to security, functionality and computation cost. It should be noted that only our protocol provides maximum facility to achieve secure communication."
10,0,0,0,0,10,4,/ANXBAP+TimesNewRomanPSMT-Identity-H,9.0,320.98,-62.08,595.48,-53.08,-62.08,894.97,320.98,-0.2,"To achieve a reliable security level of AES128 algorithm, we"
10,0,0,0,0,27,4,/ANXBAP+TimesNewRomanPSMT-Identity-H,9.0,308.98,-82.08,578.98,-63.08,-82.08,904.97,308.98,16.3,"have utilised a Tate pairing on an MNT curve with embedding degree k = 2 . Further, we have also chosen a p = 1538  bits finite"
10,0,0,0,0,65,4,/ANXBAP+TimesNewRomanPSMT-Identity-H,9.0,42.52,-116.38,578.98,-84.33,-116.38,926.22,42.52,16.3,"field F  and a group  G  with order q = 2 + 2 + 1 that is 1p4.3.4 Conditional privacy: On the prerequisite of protecting generated from points on elliptic curve over a finite field F. We pprivacy for legitimate users, authority needs to recover the real use the following cryptographic operations to measure and identity of malicious user and take severe punishments to it."
10,0,0,0,0,4,4,/ANXBAP+TimesNewRomanPSMT-Identity-H,9.0,308.98,-125.82,443.98,-116.82,-125.82,958.71,308.98,151.3,compare the computation cost.
10,0,0,0,0,10,4,/ANXBAP+TimesNewRomanPSMT-Identity-H,9.0,42.52,-206.38,289.97,-197.38,-206.38,1039.27,42.52,305.31,"Specifically, the authority uses its private key d to computeURA2"
10,0,0,0,0,17,4,/WTNFVY+STIX-Italic,9.0,42.98,-220.13,306.82,-209.53,-220.13,1051.42,42.98,288.46,"A , and gets real identity by ID  H (A ). Therefore, the 5uiui = PIDui ⊕ui"
10,0,0,0,0,5,4,/ANXBAP+TimesNewRomanPSMT-Identity-H,9.0,42.52,-229.78,254.02,-220.78,-229.78,1062.67,42.52,341.26,proposed protocol supports conditional privacy.
10,0,0,0,0,9,4,/WTNFVY+STIX-Italic,9.0,308.98,-305.82,563.8,-296.82,-305.82,1138.71,308.98,31.48,T : Time for an admissible bilinear pairing operationpair
10,0,0,0,0,8,4,/WZZHEJ+STIX-Regular,9.0,318.98,-318.44,384.98,-308.19,-318.44,1150.08,318.98,210.3,e G  G  G . 1 ×1 →2
10,0,0,0,0,10,4,/WTNFVY+STIX-Italic,9.0,308.98,-328.74,577.25,-319.74,-328.74,1161.63,308.98,18.03,T : Time for elliptic curve scalar point multiplication mul
10,0,0,0,0,11,4,/WTNFVY+STIX-Italic,9.0,308.98,-350.99,607.09,-341.99,-350.99,1183.88,308.98,-11.81,T : Time for point multiplication operation based on bilinear emul
10,0,0,0,0,13,4,/WTNFVY+STIX-Italic,9.0,308.98,-373.24,568.53,-364.24,-373.24,1206.13,308.98,26.75,T : Time for a map-to-point hash function in G of bilinear 1mtp
10,0,0,0,0,20,4,/WTNFVY+STIX-Italic,9.0,308.97,-407.74,570.51,-386.49,-407.74,1228.38,308.97,24.77,T : Time for a modular exponentiation operation. exp T : Time for a general one-way hash function operation. h
10,0,0,0,0,129,4,/ANXBAP+TimesNewRomanPSMT-Identity-H,9.0,42.52,-569.94,601.48,-419.14,-569.94,1261.03,42.52,-6.2,"4.3.5 Flexibility of private key update: We enhance the  Cryptographic library MIRACL [22] is used to measure the flexibility of private key update through assigning different valid execution time of the above-mentioned cryptographic operations. periods to vehicle user and RSU. Specially, registration authority MIRACL is a C software library and regarded as the gold standard selects time t and t for vehicle user and RSU, which embedded in open source SDK for elliptic curve cryptography. The PC terminal 12 their own time keys d and d . Thus, entity can update its private and mobile device are adopted to simulate the computation power tuitsj of RSU and OBU. The specific test environment is as follows: key independently once time expires. Therefore, our protocol provides flexibility update for private keys."
10,0,0,0,0,11,4,/ANXBAP+TimesNewRomanPSMT-Identity-H,9.0,54.52,-579.94,351.52,-570.94,-579.94,1412.83,54.52,243.76,"Except for the above security goals, our protocol can also resist"
10,0,0,0,0,3,4,/ANXBAP+TimesNewRomanPSMT-Identity-H,9.0,42.52,-589.94,146.02,-580.94,-589.94,1422.83,42.52,449.26,the well-known attacks.
10,0,1,0,0,10,4,/JNRQIE+TimesNewRomanPS-ItalicMT-Identity-H,9.0,308.98,-658.98,530.48,-649.98,-658.98,1491.88,308.98,64.8,PC terminal:  The test code runs on virtual machine Ubuntu
10,0,0,0,0,30,4,/ANXBAP+TimesNewRomanPSMT-Identity-H,9.0,318.98,-768.98,593.48,-659.98,-768.98,1501.88,318.98,1.8,"14.04.3 LTS. The physical machine is equipped with a Core 3G I7 2.40 GHz processor, 8G DDR3 memory and the Window 7 Ultimate, 64-bit 6.1.7601, Service Pack 1 operating system."
10,0,1,0,0,9,4,/JNRQIE+TimesNewRomanPS-ItalicMT-Identity-H,9.0,308.98,-779.98,512.48,-770.98,-779.98,1612.88,308.98,82.8,Mobile terminal:  The operating system is based on Android
10,0,0,0,0,37,4,/ANXBAP+TimesNewRomanPSMT-Identity-H,9.0,42.52,-799.98,570.98,-779.29,-799.98,1621.18,42.52,24.3,"4.3.6 Replay attack: Replay attack means that the valid data is 6.0.1 MIUI 9 8.3.29 development version, the CPU is maliciously repeated or delayed by adversary. When sponsoring a Qualcomm Snapdragon 801 (2.5 GHz) processor, 2G running"
10,0,1,0,0,43,4,/WTNFVY+STIX-Italic,9.0,42.52,-820.98,485.48,-800.24,-820.98,1642.13,42.52,109.8,"new request, the new random numbers r, r  Z  are selected to  memory. uis j ∈q get the element M and M . The value of M and M  ensures the   Connection and compiler:  The connection tool is the Android uis juis j"
10,0,0,0,0,28,4,/ANXBAP+TimesNewRomanPSMT-Identity-H,9.0,42.52,-841.74,602.48,-821.98,-841.74,1663.88,42.52,-7.2,"Debug Bridge toolkit. The compiler environment for the PC and freshness of messages. Therefore, our protocol can resist replay mobile devices is gcc version 4.8.4 and arm-none-linux-gnueabi attack."
10,0,0,0,0,3,4,/ANXBAP+TimesNewRomanPSMT-Identity-H,9.0,318.97,-850.98,485.47,-841.98,-850.98,1683.88,318.97,109.81,"cross-compilation tool, respectively."
10,0,0,0,0,12,5,/PABHGQ+ArialMT-Identity-H,8.0,42.52,-893.95,578.16,-885.95,-893.95,1727.84,42.52,17.12,"108 IET Inf. Secur. , 2020, Vol. 14 Iss. 1, pp. 99-110"
10,0,0,0,0,43,5,/PABHGQ+ArialMT-Identity-H,8.0,362.29,-908.95,2420.29,-896.95,-908.95,1738.84,362.29,-1825.01,"© The Institution of Engineering and Technology 2019 17518717, 2020, 1, Downloaded from https://ietresearch.onlinelibrary.wiley.com/doi/10.1049/iet-ifs.2019.0249, Wiley Online Library on [01/07/2024]. See the Terms and Conditions (https://onlinelibrary.wiley.com/terms-and-conditions) on Wiley Online Library for rules of use; OA articles are governed by the applicable Creative Commons License"
10,0,1,0,0,8,4,/NPIXWA+Arial-ItalicMT-Identity-H,9.0,42.52,-1040.09,309.52,-1031.09,-1040.09,1872.98,42.52,285.76,4.3.7 Perfect forward security: Perfect forward security means
10,0,0,0,0,39,4,/ANXBAP+TimesNewRomanPSMT-Identity-H,9.0,42.52,-1080.09,344.02,-1041.09,-1080.09,1882.98,42.52,251.26,"that adversary cannot recover previously established session keys, even though private keys of entities have been corrupted. We use A and B to represent two parties of communication. In our protocol, A and  B agree on a session key"
10,0,0,0,0,21,4,/WZZHEJ+STIX-Regular,9.0,42.52,-1090.09,278.45,-1081.09,-1090.09,1922.98,42.52,316.83,"SK = H (P , P , P , ID, PID, M , M , R , R , K), where9pubTATAABABAB2k2e"
11,0,0,0,0,35,9,/Times-Roman,5.73,579.54,819.32,1562.24,825.05,819.32,16.84,579.54,-966.96,"17518717, 2020, 1, Downloaded from https://ietresearch.onlinelibrary.wiley.com/doi/10.1049/iet-ifs.2019.0249, Wiley Online Library on [01/07/2024]. See the Terms and Conditions (https://onlinelibrary.wiley.com/terms-and-conditions) on Wiley Online Library for rules of use; OA articles are governed by the applicable Creative Commons License"
11,1,0,0,0,4,4,/EPBUZU+Arial-BoldMT-Identity-H,9.0,42.52,655.9,194.36,664.9,655.9,176.99,42.52,400.92,Table 2 Functionality comparison
11,0,0,0,0,7,4,/PABHGQ+ArialMT-Identity-H,9.0,43.27,644.61,182.77,653.61,644.61,188.28,43.27,412.51,Functionality P1 P2 P3 P4 P5 P6
11,0,0,0,0,7,5,/PABHGQ+ArialMT-Identity-H,8.0,43.27,633.9,304.52,641.9,633.9,199.99,43.27,290.76,[23] ✓ ✓  × × × ×
11,0,0,0,0,12,5,/WZZHEJ+STIX-Regular,8.0,43.27,610.9,439.19,630.7,610.9,211.19,43.27,156.09,✓[24] ×  × × × × ✓  ✓[25] × ×  × ×
11,0,0,0,0,7,5,/PABHGQ+ArialMT-Identity-H,8.0,43.27,599.4,91.27,607.4,599.4,234.49,43.27,504.01,ours ✓ ✓ ✓ ✓ ✓ ✓
11,0,0,0,0,23,6,/ANXBAP+TimesNewRomanPSMT-Identity-H,7.0,42.52,588.13,634.02,595.13,588.13,246.76,42.52,-38.74,"P1: multi-authority structure, P2: mutual authentication, P3: conditional privacy, P4: independent update of private key, P5: resist RALRI attack, P6: resist ESL attack."
11,1,0,0,0,7,4,/EPBUZU+Arial-BoldMT-Identity-H,9.0,42.52,556.52,266.36,565.52,556.52,276.37,42.52,328.92,Table 3 Operation numbers in different protocols
11,0,0,0,0,3,4,/PABHGQ+ArialMT-Identity-H,9.0,43.27,545.23,169.27,554.23,545.23,287.66,43.27,426.01,Protocols Operation numbers
11,0,0,0,0,4,4,/PABHGQ+ArialMT-Identity-H,9.0,216.7,533.73,279.7,542.73,533.73,299.16,216.7,315.58,"OBU, s RSU, ms"
11,0,0,0,0,84,5,/WZZHEJ+STIX-Regular,8.0,43.27,485.09,516.83,531.02,485.09,310.87,43.27,78.45,[23] 2 T T  T ( ≃ 0.84 s = 840 ms) 2 T T  T ( ≃ 333.2 ms)emul + 2mtp +pairemul + 2mtp +pair [24] T T T ( ≃ 0.80 s = 800 ms) 2 T T ( ≃ 180.4 ms)mtp + 2pair + 5mulpair + 4mul [25] T ( ≃ 0.27 s = 270 ms) T  T  T ( ≃ 82.1 ms)mtppair +mul +exp ours 7 T ( ≃ 0.22 s = 220 ms) 7 T ( ≃ 93.8 ms)mulmul
11,1,0,0,0,7,4,/EPBUZU+Arial-BoldMT-Identity-H,9.0,42.52,456.5,284.37,465.5,456.5,376.39,42.52,310.91,Table 1 Computation cost of cryptographic operations
11,0,0,0,0,10,4,/PABHGQ+ArialMT-Identity-H,9.0,43.27,445.21,344.77,454.21,445.21,387.68,43.27,250.51,"Cryptographic operations Presentation form OBU time, s RSU time, ms"
11,0,0,0,1,1,10,/WZZHEJ+STIX-Regular,5.0,43.27,434.5,275.48,445.51,434.5,396.38,43.27,319.8,^T
11,0,0,0,0,10,5,/WZZHEJ+STIX-Regular,8.0,48.01,433.08,355.77,442.22,433.08,399.67,48.01,239.51,"(a ⋅ P, b ⋅ Q ) 0.181 63.4pair e"
11,0,0,0,0,9,5,/WTNFVY+STIX-Italic,8.0,43.27,407.79,339.56,430.16,407.79,411.73,43.27,255.72,⋅ P 0.032 13.4Tmul x Temul — 0.055 20.7
11,0,0,0,0,9,5,/WZZHEJ+STIX-Regular,8.0,43.27,394.13,365.38,407.12,394.13,434.77,43.27,229.9,"→T Gmtp H1 : {0, 1} 1 0.273 114.2"
11,0,0,0,0,9,5,/WTNFVY+STIX-Italic,8.0,43.27,370.43,366.9,391.08,370.43,450.81,43.27,228.38,"Texp — 0.012 5.3 → {0, 1}n 0.001 0.13T"
11,0,1,0,0,5,5,/WTNFVY+STIX-Italic,8.0,48.01,368.74,296.66,377.01,368.74,464.88,48.01,298.62,"h H  : {0, 1}"
11,1,0,0,0,6,5,/EPBUZU+Arial-BoldMT-Identity-H,8.0,42.52,267.19,216.08,275.19,267.19,566.7,42.52,379.2,Fig. 6௒Computation cost of different schemes
11,0,0,0,0,11,4,/ANXBAP+TimesNewRomanPSMT-Identity-H,9.0,42.52,235.9,357.52,254.9,235.9,586.99,42.52,237.76,Detailed testing results about cryptographic operations are listed in Table 1.
11,0,0,0,0,8,4,/ANXBAP+TimesNewRomanPSMT-Identity-H,9.0,54.52,225.9,333.52,234.9,225.9,606.99,54.52,261.76,The relatively lightweight operations such as general one-way
11,0,0,0,0,4,4,/ANXBAP+TimesNewRomanPSMT-Identity-H,9.0,42.52,215.9,164.02,224.9,215.9,616.99,42.52,431.26,hash function are ignored.
11,0,0,0,0,10,4,/ANXBAP+TimesNewRomanPSMT-Identity-H,9.0,54.52,205.9,338.02,214.9,205.9,626.99,54.52,257.26,"In Table 2, we compare the security requirements and functions"
11,0,0,0,0,83,4,/ANXBAP+TimesNewRomanPSMT-Identity-H,9.0,42.51,45.9,353.02,204.9,45.9,636.99,42.51,242.26,"of the proposed protocol with the existing related schemes [23–25]. For convenience, we let P1, P2, P3, P4, P5 and P6 represent these security requirements, respectively. In order to propose a secure and efficient scheme, the first goal is to satisfy the complete security requirements mentioned in Section 2, and the computation and communication cost may be increased due to desired property. In Table 2, all these cited schemes cannot resist cryptographic attacks such as ESL attack and RALRI attack, and cannot provide"
11,0,0,0,0,54,5,/PABHGQ+ArialMT-Identity-H,8.0,42.52,24.0,2597.41,43.0,24.0,798.89,42.52,-2002.13,"IET Inf. Secur., 2020, Vol. 14 Iss. 1, pp. 99-110  109 17518717, 2020, 1, Downloaded from https://ietresearch.onlinelibrary.wiley.com/doi/10.1049/iet-ifs.2019.0249, Wiley Online Library on [01/07/2024]. See the Terms and Conditions (https://onlinelibrary.wiley.com/terms-and-conditions) on Wiley Online Library for rules of use; OA articles are governed by the applicable Creative Commons License © The Institution of Engineering and Technology 2019"
11,0,0,0,0,30,4,/ANXBAP+TimesNewRomanPSMT-Identity-H,9.0,308.97,-14.1,583.47,14.9,-14.1,826.99,308.97,11.81,"RSU and OBU, while RSU in scheme [25] relatively spends less time than our scheme. However, all of these schemes are not suitable for practical implementation owing to the security"
11,0,0,0,0,22,4,/ANXBAP+TimesNewRomanPSMT-Identity-H,9.0,42.52,-54.1,348.52,-35.1,-54.1,876.99,42.52,246.76,"flexible update for private key. And only the scheme in [23] adopts the multi-authority structure. However, it is shown that all these"
11,0,0,0,0,22,4,/ANXBAP+TimesNewRomanPSMT-Identity-H,9.0,308.97,-124.1,601.48,-95.1,-124.1,936.99,308.97,-6.2,"loopholes listed in Table 2 except for our scheme. In short, our scheme has the best security with slightly compromise in efficiency."
11,0,0,0,0,8,4,/ANXBAP+TimesNewRomanPSMT-Identity-H,9.0,42.52,-148.42,368.98,-135.1,-148.42,976.99,42.52,226.3,security requirements are satisfied in our scheme.  6௑Conclusion
11,0,0,0,0,11,4,/ANXBAP+TimesNewRomanPSMT-Identity-H,9.0,54.52,-154.1,333.52,-145.1,-154.1,986.99,54.52,261.76,"In Table 3, the operation numbers of the proposed scheme with"
11,0,0,0,0,62,4,/ANXBAP+TimesNewRomanPSMT-Identity-H,9.0,42.52,-184.1,610.47,-153.1,-184.1,994.99,42.52,-15.19,"To improve the security and efficiency of communication in related schemes [23–25] are discussed. So, we further list the V ANET, we design a hierarchical revocable authentication protocol computation cost for OBU and RSU in Fig. 6. It is observed that based on the SCPK and Schnorr signatures. In the proposed our scheme is significantly superior to schemes [23, 24] for both"
11,0,0,0,0,61,4,/ANXBAP+TimesNewRomanPSMT-Identity-H,9.0,308.97,-252.1,614.98,-183.1,-252.1,1024.99,308.97,-19.7,"protocol, each registration authority can independently handle registration requests and thereby avoiding complete dependence on the single central authority. Meanwhile, it can resist the RALRI attack. The protocol can also resist the ESL attack by combining secret values with random numbers. Performances analysis shows that our protocol provides maximum facility according to computation cost and security property. It significantly reduces the"
12,0,0,0,0,35,9,/Times-Roman,5.73,579.54,819.32,1562.24,825.05,819.32,16.84,579.54,-966.96,"17518717, 2020, 1, Downloaded from https://ietresearch.onlinelibrary.wiley.com/doi/10.1049/iet-ifs.2019.0249, Wiley Online Library on [01/07/2024]. See the Terms and Conditions (https://onlinelibrary.wiley.com/terms-and-conditions) on Wiley Online Library for rules of use; OA articles are governed by the applicable Creative Commons License"
12,0,0,0,0,22,6,/ANXBAP+TimesNewRomanPSMT-Identity-H,7.0,42.52,776.54,581.98,787.1,776.54,54.79,42.52,13.3,"[12] Manvi, S.S., Tangade, S.: ‘A survey on authentication schemes in V ANETs computation cost compared with most of the schemes. Therefore,"
12,0,0,0,0,9,6,/ANXBAP+TimesNewRomanPSMT-Identity-H,7.0,332.98,772.1,522.52,779.1,772.1,62.79,332.98,72.76,"for secured communication’, Veh. Commun., 2017, 9, pp. 19–30"
12,0,0,0,0,11,6,/ANXBAP+TimesNewRomanPSMT-Identity-H,7.0,308.98,764.1,581.98,771.1,764.1,70.79,308.98,13.3,"[13] Wasef, A., Shen, X.: ‘EMAP: expedite message authentication protocol for"
12,0,0,0,0,14,6,/ANXBAP+TimesNewRomanPSMT-Identity-H,7.0,332.97,748.1,565.23,763.1,748.1,78.79,332.97,30.05,"vehicular ad hoc  networks’,  IEEE Trans. Mob. Comput. , 2011,  12, (1), pp. 78–89"
12,0,0,0,0,16,6,/ANXBAP+TimesNewRomanPSMT-Identity-H,7.0,308.98,740.1,562.98,747.1,740.1,94.79,308.98,32.3,"[14] Chim, T.W., Yiu, S.M., Hui, L.C.K. , et al. : ‘Security and privacy issues for"
12,0,0,0,0,27,6,/ANXBAP+TimesNewRomanPSMT-Identity-H,7.0,332.97,716.1,563.98,739.1,716.1,102.79,332.97,31.3,"inter-vehicle communications in V ANETs’. 2009 6th IEEE Annual Communications Society Conf. on Sensor, Mesh and Ad Hoc Communications and Networks Workshops, Rome, Italy, 2009, pp. 1–3"
12,0,0,0,0,16,6,/ANXBAP+TimesNewRomanPSMT-Identity-H,7.0,308.98,708.1,559.97,715.1,708.1,126.79,308.98,35.31,"[15] Vighnesh, N.V ., Kavita, N., Urs, S.R. , et al. : ‘A novel sender authentication"
12,0,0,0,0,11,6,/ANXBAP+TimesNewRomanPSMT-Identity-H,7.0,332.97,700.1,574.47,707.1,700.1,134.79,332.97,20.81,scheme based on hash chain for vehicular ad-hoc networks’. 2011 IEEE
12,0,0,0,0,19,6,/ANXBAP+TimesNewRomanPSMT-Identity-H,7.0,42.52,686.54,560.47,699.1,686.54,142.79,42.52,34.81,"Symp. on Wireless Technology and Applications (ISWTA), Langkawi, our protocol is feasible and effective for the V ANET environment."
12,0,0,0,0,4,6,/ANXBAP+TimesNewRomanPSMT-Identity-H,7.0,332.98,684.1,427.48,691.1,684.1,150.79,332.98,167.8,"Malaysia, 2011, pp. 96–101"
12,0,0,0,0,17,6,/ANXBAP+TimesNewRomanPSMT-Identity-H,7.0,308.98,676.1,542.02,683.1,676.1,158.79,308.98,53.26,"[16] Huang, J.L., Yeh, L.Y ., Chien, H.Y . , et al. : ‘ABAKA: an anonymous batch"
12,0,0,0,0,10,6,/ANXBAP+TimesNewRomanPSMT-Identity-H,7.0,42.52,662.21,567.47,675.1,662.21,166.79,42.52,27.81,authenticated and key agreement scheme for value-added services in 7௑Acknowledgments
12,0,0,0,0,13,6,/ANXBAP+TimesNewRomanPSMT-Identity-H,7.0,332.98,660.1,564.62,667.1,660.1,174.79,332.98,30.66,"vehicular ad hoc networks’, IEEE Trans. Veh. Technol. , 2011,  60, (1), pp."
12,0,0,0,0,37,6,/ANXBAP+TimesNewRomanPSMT-Identity-H,7.0,42.52,638.54,565.23,659.1,638.54,182.79,42.52,30.05,"248–262 This work was supported in part by the National Key Research and [17] Sun, J., Zhang, C., Zhang, Y . , et al. : ‘An identity-based security system for Development Program of China (no. 2016YFB0800601), the"
12,0,0,0,0,11,6,/ANXBAP+TimesNewRomanPSMT-Identity-H,7.0,332.98,636.1,570.82,643.1,636.1,198.79,332.98,24.46,"user privacy in vehicular ad hoc networks’, IEEE Trans. Parallel Distrib."
12,0,0,0,0,63,6,/ANXBAP+TimesNewRomanPSMT-Identity-H,7.0,42.52,598.54,560.05,637.54,598.54,204.35,42.52,35.23,"Natural Science Foundation of China (no. 61303217,61502372),  Syst., 2010, 21, (9), pp. 1227–1239 the Natural Science Foundation of Shaanxi province (no.  [18] Lin, X., Sun, X., Ho, P.-H. , et al. : ‘GSIS: a secure and privacy-preserving protocol for vehicular communications’, IEEE Trans. Veh. Technol., 2007, 56, 2013JQ8002,2014JQ8313) and the Guangxi Key Laboratory of (6), pp. 3442–3456 Cryptography and Information Security (no. GCIS201802)."
12,0,0,0,0,15,6,/ANXBAP+TimesNewRomanPSMT-Identity-H,7.0,308.98,596.1,561.23,603.1,596.1,238.79,308.98,34.05,"[19] Vijayakumar, P., Chang, V ., Deborah, L.J. , et al. : ‘Computation ally efficient"
12,0,0,0,0,10,6,/ANXBAP+TimesNewRomanPSMT-Identity-H,7.0,131.61,587.1,588.48,595.1,587.1,246.79,131.61,6.8,privacy preserving anonymous mutual and batch authentication schemes for https://www.huawei.com/en/press-events/news/2018/6/
12,0,0,0,0,131,6,/ANXBAP+TimesNewRomanPSMT-Identity-H,7.0,42.52,523.1,574.35,586.1,523.1,255.79,42.52,20.93,"Huawei-v2x-strategy-RSU-launch, accessed 12 March 2019 8௑References [5] ‘WIRED’. Available at  https://www.wired.com/2015/07/hackers-remotely[1] Hartenstein, H., Laberteaux, L.P.: ‘A tutorial survey on vehicular ad hockill-jeep-highway/, accessed 3 August 2019 networks’, IEEE Commun. Mag., 2008, 46, (6), pp. 164–171 [6] ‘electrek’. Available at https://electrek.co/2019/04/01/tesla-autopilot-hacker[2] Toh, C.K.: ‘ Ad Hoc mobile wireless networks: protocols and systemstricked/, accessed 3 August 2019 (Prentice Hall Ptr, Englewood Cliffs, NJ, USA, 2002) [7] Kenney, J.B.: ‘Dedicated short-range communications (DSRC) standards in vehicular ad hoc networks’, Future Gener. Comput. Syst., 2018, 78, pp. 943– [3] Martinez, F.J., Toh, C.K., Cano, J.C. , et al. : ‘Emergency services in future the United States’, Proc. IEEE, 2011, 99, (7), pp. 1162–1182 955  https://github.com/miracl/ intelligent transportation systems based on vehicular communication [8] Vijayakumara, P., Changb, V ., Deboraha, L.J. , et al. : ‘Computationally"
12,0,0,0,0,37,6,/ANXBAP+TimesNewRomanPSMT-Identity-H,7.0,66.52,515.1,556.33,523.1,515.1,318.79,66.52,38.95,"[20] Arain, Q.A., Zhongliang, D., Memon, I. , et al.MIRACL, accessed 16 December 2018  : ‘Privacy preserving dynamic networks’, IEEE Intell. Transp. Syst. Mag., 2010, 2, (2), pp. 6–20 efficient privacy preserving anonymous mutual and batch authentication"
12,0,0,0,0,36,6,/ANXBAP+TimesNewRomanPSMT-Identity-H,7.0,42.52,507.1,574.48,515.1,507.1,326.79,42.52,20.8,"[23] Tseng, Y .M., Huang, S.S., Tsai, T.T. , et al.pseudonym-based multiple mix-zones authentication protocol over road  : ‘List-free ID-based mutual [4] ‘Huwei’. Available at schemes for vehicular Ad hoc networks’, Future Gener. Comput. Syst., 2016,"
12,0,0,0,0,10,6,/ANXBAP+TimesNewRomanPSMT-Identity-H,7.0,66.52,499.1,588.48,507.1,499.1,334.79,66.52,6.8,"authentication and key agreement protocol for multiserver architectures’,78, pp. 943–955"
12,0,0,0,0,24,6,/ANXBAP+TimesNewRomanPSMT-Identity-H,7.0,42.52,491.1,519.91,499.1,491.1,342.79,42.52,75.37,"IEEE Trans. Emerg. Top. Comput., 2016, 4, (1), pp. 102–112 [9] Farooq, S.M., Hussain, S.M., Kiran, S. , et al. : ‘Certificate based security"
12,0,0,0,0,46,6,/ANXBAP+TimesNewRomanPSMT-Identity-H,7.0,66.52,475.1,599.47,491.1,475.1,350.79,66.52,-4.19,"[24] Han, M., Hua, L., Ma, S.: ‘A self-authentication and deniable efficient group mechanisms in vehicular ad-hoc networks based on IEC 61850 and IEEE key agreement protocol for V ANET’, KSII Trans. Internet Inf. Syst., 2017, 11, WA VE standards’, Electronics, 2019, 8, (1), p. 96"
12,0,0,0,0,19,6,/ANXBAP+TimesNewRomanPSMT-Identity-H,7.0,42.52,467.1,399.47,475.1,467.1,366.79,42.52,195.81,"(7), pp. 3678–3698 [10] Tzeng, S., Horng, S., Li, T. , et al. : ‘Enhancing security and privacy for"
12,0,0,0,0,51,6,/ANXBAP+TimesNewRomanPSMT-Identity-H,7.0,66.52,451.1,609.48,467.1,451.1,374.79,66.52,-14.2,"[25] Amin, R., Islam, S.H., Vijayakumar, P. , et al. : ‘A robust and efficient bilinear identity-based batch verification scheme in V ANETs’, IEEE Trans. Veh. pairing based mutual authentication and session key verification over insecure networks’, Wirel. Pers. Commun., 2017, 95, (2), pp. 505–521 Technol., 2017, 66, (4), pp. 3235–3248"
12,0,0,0,0,29,6,/ANXBAP+TimesNewRomanPSMT-Identity-H,7.0,42.52,443.1,602.98,451.1,443.1,390.79,42.52,-7.7,"[21] Bellare, M., Rogaway, P.: ‘Entity authentication and key distribution’. Annual communication’, Multimedia Tools Appl., 2018, 77, (9), pp. 11041–11066[11] Fujioka, A., Suzuki, K.: ‘Designing efficient authenticated key exchange"
12,0,0,0,0,35,6,/ANXBAP+TimesNewRomanPSMT-Identity-H,7.0,66.52,427.1,560.48,443.1,427.1,398.79,66.52,34.8,"Int. Cryptology Conf., Santa Barbara, CA, USA, 1993, pp. 232–249 resilient to leakage of ephemeral secret keys’. Int. Conf. on Topics in [22] ‘MIRACL Cryptographic SDK’. Available at Cryptology: CT-RSA, San Fransisco, CA, USA, 2011"
12,0,0,0,0,12,5,/PABHGQ+ArialMT-Identity-H,8.0,42.52,35.0,578.16,43.0,35.0,798.89,42.52,17.12,"110 IET Inf. Secur. , 2020, Vol. 14 Iss. 1, pp. 99-110"
12,0,0,0,0,43,5,/PABHGQ+ArialMT-Identity-H,8.0,362.29,20.0,2420.29,32.0,20.0,809.89,362.29,-1825.01,"© The Institution of Engineering and Technology 2019 17518717, 2020, 1, Downloaded from https://ietresearch.onlinelibrary.wiley.com/doi/10.1049/iet-ifs.2019.0249, Wiley Online Library on [01/07/2024]. See the Terms and Conditions (https://onlinelibrary.wiley.com/terms-and-conditions) on Wiley Online Library for rules of use; OA articles are governed by the applicable Creative Commons License"
