page_number,is_bold,is_italic,is_underline,is_all_caps,word_count,norm_font_size,font,font_size,x0,y0,x1,y1,space_above,space_below,space_left,space_right,text
1,0,0,0,0,5,5,/JJNDYT+CharisSIL,7.97,227.76,716.33,391.15,724.3,716.33,69.4,227.76,204.12,Contents lists available at ScienceDirect
1,0,0,0,0,4,1,/JJNDYT+CharisSIL,13.95,202.2,682.11,418.39,696.06,682.11,97.64,202.2,176.88,Journal of Systems Architecture
1,0,0,0,0,3,5,/NPMLNL+t1-uni-regular,7.97,200.96,661.44,392.24,669.41,661.44,124.29,200.96,203.04,journal homepage: www.elsevier.com/locate/sysarc
1,0,0,0,0,8,2,/JJNDYT+CharisSIL,13.45,37.59,602.89,515.05,616.34,602.89,177.36,37.59,80.23,Blockchain-based batch authentication protocol for Internet of Vehicles
1,0,0,0,0,13,7,/JJNDYT+CharisSIL,6.97,37.59,587.64,400.15,601.9,587.64,191.8,37.59,195.12,"a b a, cPalak Bagga, Anil Kumar Sutrala, Ashok Kumar Das, Pandi Vijayakumar"
1,0,0,0,0,44,11,/JJNDYT+CharisSIL,4.46,37.59,564.37,452.03,587.88,564.37,205.82,37.59,143.24,"a Center for Security, Theory and Algorithmic Research, International Institute of Information Technology, Hyderabad 500 032, India b CA Technologies – A Broadcom Company, Hyderabad 500 032, India c Department of Computer Science and Engineering, University College of Engineering Tindivanam, Villupuram 604 001, India"
1,0,0,0,1,18,4,/JJNDYT+CharisSIL,8.97,37.59,531.2,269.25,540.2,531.2,253.5,37.59,326.03,A B S T R A C TA R T I C L E I N F O
1,0,1,0,0,18,8,/JLCVTF+CharisSIL-Italic,6.38,37.59,513.96,585.76,521.5,513.96,272.2,37.59,9.52,Keywords: The vehicles in Internet of Vehicles (IoV) can be used to opportunistically gather and distribute the data
1,0,0,0,0,39,8,/JJNDYT+CharisSIL,6.38,37.59,489.42,571.41,512.93,489.42,280.77,37.59,23.86,"Internet of Vehicles (IoV)  in a smart city environment. However, at the same time, various security threats arise due to insecure Smart city  communication happening among various entities in an IoV-based smart city deployment. To address this Batch authentication"
1,0,0,0,0,15,6,/JJNDYT+CharisSIL,7.17,202.0,485.27,603.69,492.44,485.27,301.26,202.0,-8.41,"issue, we aim to design a novel blockchain-enabled batch authentication scheme in Artificial Intelligence (AI)-"
1,0,0,0,0,13,6,/JJNDYT+CharisSIL,7.17,202.0,475.7,582.17,482.88,475.7,310.82,202.0,13.1,envisioned IoV-based smart city deployment. The latest trends and revolutions in technologies incorporate
1,0,0,0,0,14,6,/JJNDYT+CharisSIL,7.17,202.0,466.14,582.17,473.31,466.14,320.39,202.0,13.1,"AI/Machine Learning (ML) in blockchaining to produce a secure, efficient and intelligent blockchain based"
1,0,0,0,0,19,6,/JJNDYT+CharisSIL,7.17,37.59,455.15,578.58,463.75,455.15,329.95,37.59,16.69,"system. The data stored in the blocks in the blockchain are authentic and genuine, which makes the AI/ML AVISPA"
1,0,0,0,0,261,6,/JJNDYT+CharisSIL,7.17,202.0,293.98,610.86,454.19,293.98,339.52,202.0,-15.59,"algorithms to work at their exceptions in order produce correct predictions on the blockchain data. Through the signing phase of the proposed scheme, each vehicle in a dynamically formed cluster broadcasts a message to its own member and respective road-side unit (RSU). In the proposed scheme, two types of authentication take place: vehicle to vehicle (V2V) authentication allows a vehicle to authenticate its neighbor vehicles in its cluster, while batch authentication permits a group of cluster vehicles to be authenticated by their. At the end, a group key is established among the vehicles and in their cluster.  then gathers securely data from its vehicles and form several transactions including the information of vehicles and its own given information to the cluster member vehicles. The transactions are formed later by the nearby fog server associated with and then by the cloud server to form a complete block. The created blocks are mined by the cloud servers in a Peer-to-Peer (P2P) cloud server network through the voting-based Practical Byzantine Fault Tolerance (PBFT) consensus algorithm. The authentic and genuine data of the blockchain are utilized for Big data analytics through AI/ML algorithms. It is shown that the proposed scheme is highly robust against various attacks through formal and informal security analysis, and also through formal security verification tool. A detailed comparative analysis reveals that the proposed scheme achieves superior security and functionality features, and offers comparable storage, communication and computational costs as compared to other existing competing schemes. Finally, the blockchain implementation has been carried out on the proposed scheme to show its effectiveness."
1,0,0,0,0,13,5,/GXLRMS+STIXMath-Regular,7.97,37.59,262.58,556.47,270.56,262.58,523.15,37.59,38.81,1. Introduction units ( ) and on board units ( )/vehicles. The registers
1,0,0,0,0,10,5,/JJNDYT+CharisSIL,7.97,306.6,250.77,593.53,258.74,250.77,534.96,306.6,1.75,and authenticates every other entity that participates in the paradigm.
1,0,0,0,0,24,5,/JJNDYT+CharisSIL,7.97,49.54,238.95,591.43,249.54,238.95,544.16,49.54,3.84,The increase in number of vehicles in the past years has been both The s are placed after every specified distance to manage vehicles
1,0,0,0,0,11,5,/JJNDYT+CharisSIL,7.97,37.59,231.1,312.56,239.07,231.1,554.63,37.59,282.72,beneficial and harmful to the world. Increase vehicles on roads have
1,0,0,0,0,12,5,/JJNDYT+CharisSIL,7.97,306.6,227.14,589.54,235.11,227.14,558.59,306.6,5.73,in their scope and control the flow of information within their zones.
1,0,0,0,0,12,5,/JJNDYT+CharisSIL,7.97,37.59,220.62,304.59,228.59,220.62,565.11,37.59,290.69,"inflated the number of accidents, and wait time of the drivers and"
1,0,0,0,0,11,5,/JJNDYT+CharisSIL,7.97,306.6,215.33,562.49,223.3,215.33,570.4,306.6,32.79,Each zone of  consists of some vehicles at every instance. s
1,0,0,0,0,11,5,/JJNDYT+CharisSIL,7.97,37.59,210.15,316.54,218.12,210.15,575.58,37.59,278.74,"passengers during traffic jams or blocked roads. However, at the same"
1,0,0,0,0,10,5,/JJNDYT+CharisSIL,7.97,306.6,203.51,597.51,211.48,203.51,582.22,306.6,-2.24,and trusted authorities are generally at fixed location whereas vehicles
1,0,0,0,0,112,5,/JJNDYT+CharisSIL,7.97,37.59,147.3,577.59,207.64,147.3,586.06,37.59,17.69,"time it has added to the luxury and ease in living of people. The moving do not have constant location and are free to move any where in the vehicles on the roads form a special type of mobile ad hoc network, network from one  zone to another [ 1–3]. The communication called as Vehicular Ad Hoc Network (VANET). The architecture of VANET is designed to provide better road environment, traffic safety between the  and  can be wired, whereas the vehicles and and maintaining the privacy of passengers and drivers. The traditional  communicate through wireless medium using the IEEE 802.11p architecture of VANET consists of a trusted authority ( ), road side"
1,0,1,0,0,11,6,/JLCVTF+CharisSIL-Italic,7.17,52.53,108.58,486.5,115.76,108.58,677.94,52.53,108.77,"E-mail addresses: palak.bagga@research.iiit.ac.in (P. Bagga), anilkumarsutrala@gmail.com (A.K. Sutrala), ashok.das@iiit.ac.in (A.K. Das),"
1,0,0,0,0,19,6,/JJNDYT+CharisSIL,7.17,37.59,72.64,349.62,106.19,72.64,687.51,37.59,245.66,vijibond2000@gmail.com (P. Vijayakumar). https://doi.org/10.1016/j.sysarc.2020.101877 Received 11 July 2020; Received in revised form 18 August 2020; Accepted 24 August 2020
1,0,0,0,0,7,6,/MTEMVB+CharisSIL,7.17,142.48,22.8,318.22,29.97,22.8,763.73,142.48,277.06,Journal of Systems Architecture 113 (2021) 101877
1,0,0,0,0,19,3,Unknown,12.0,0.0,-12.0,816.0,0.0,-12.0,793.7,0.0,-220.72,Journal of Systems Architecture 113 (2021) 101877 Available online 10 September 2020 1383-7621/© 2020 Elsevier B.V. All rights reserved.
1,0,0,0,0,12,6,/MTEMVB+CharisSIL,7.17,-34.48,-667.99,148.43,-651.28,-667.99,1444.98,-34.48,446.84,Available online 10 September 2020 1383-7621/© 2020 Elsevier B.V. All rights reserved.
2,0,1,0,0,4,8,/JLCVTF+CharisSIL-Italic,6.38,37.59,746.19,85.41,752.57,746.19,41.13,37.59,509.87,P. Bagga et al.
2,0,0,0,0,199,5,/JJNDYT+CharisSIL,7.97,37.59,628.49,597.51,732.03,628.49,61.67,37.59,-2.24,"time but also overcomes the shortcomings in the present schemes. protocol and Dedicated Short-Range Communications (DSRC). The vehicles also communicate to each other (V2V) and the infrastructure  The scheme should consider the exponential increase in the number (V2R) to ensure great on road experience and also to safeguard the  of vehicles, lack of trust among the participating entities as well as driver’s and passenger’s privacy [4]. The communication is basically computational power of , and vehicles. through messages based on the road conditions or the drivers travel in- Keeping in mind the above limitation, blockchain [20] came as formation. The messages being shared among the vehicles can generally a rescue where the participating entities have no trust and are also include some private details of the driver or the passenger. The new increasing rapidly in numbers. Therefore, blockchain fits best into such advancements which allow the sensors, infrastructure and intelligent areas and sounds advantageous where vehicles do not trust each other vehicles to communicate by sending messages formed a new paradigm,  and have to send heavy traffic messages to each other throughout. called the Internet of Vehicles (IoV) [5–7].  This technology offers a method to automatically inject trust, checks"
2,0,0,0,0,20,5,/JJNDYT+CharisSIL,7.97,49.54,617.9,577.59,627.64,617.9,166.06,49.54,17.69,"There have been various methods formulated in the history of IoV the credibility of the messages, monitors communication between the"
2,0,0,0,0,198,5,/JJNDYT+CharisSIL,7.97,37.59,522.59,601.5,617.2,522.59,176.5,37.59,-6.22,"that have worked on the vulnerable side of the paradigm. One of such entities and analyzes the behavior. It forms a distributed decentralized approaches is the public key infrastructure (PKI), where a certificate database by using various technologies, such as digital signatures, crypauthority provides a certificate that contains vehicle’s public key [8]. tographic techniques, hash function, Merkle tree root, and timestamps. The vehicle uses its private key to sign messages further [9,10]. On All the authorized nodes in the network are allowed to form blocks of the other side, few certificate less schemes, such as a scheme presented transactions which are combined to form a new data structure, called in [11], were designed in the recent trends to cope up with this. In chain. The blocks are combined in the chain in an order in which those schemes, a key generation center generates a partial private key they are created. Timestamp value in each block is used to determine for the vehicle. The vehicle uses its secret nonces to find the private the sequence of blocks in a blockchain. A link between two blocks key.  is formed by linking the block header with the hash value of the"
2,0,0,0,0,14,5,/JJNDYT+CharisSIL,7.97,49.54,515.28,336.47,523.25,515.28,270.45,49.54,258.81,As the trusted authority needs to keep the track of the vehicles in the
2,0,0,0,0,13,5,/JJNDYT+CharisSIL,7.97,306.6,512.0,585.56,519.97,512.0,273.73,306.6,9.72,previous block and so on. Every node gets to participate in the chain
2,0,0,0,0,9,5,/JJNDYT+CharisSIL,7.97,37.59,504.84,304.59,512.81,504.84,280.89,37.59,290.69,"network, the communication in IoV deployment requires the vehicles"
2,0,0,0,0,9,5,/JJNDYT+CharisSIL,7.97,306.6,501.41,585.56,509.38,501.41,284.32,306.6,9.72,forming after proving its authenticity. The technology attracted many
2,0,0,0,0,11,5,/JJNDYT+CharisSIL,7.97,37.59,494.4,312.56,502.37,494.4,291.33,37.59,282.72,to communicate using their identities and in some cases the messages
2,0,0,0,0,12,5,/JJNDYT+CharisSIL,7.97,306.6,490.82,577.59,498.79,490.82,294.91,306.6,17.69,researchers who were trying to solve the limitation in VANETs as to
2,0,0,0,0,11,5,/JJNDYT+CharisSIL,7.97,37.59,483.96,316.54,491.93,483.96,301.77,37.59,278.74,in the network might contain some secret information. The exposure of
2,0,0,0,0,8,5,/JJNDYT+CharisSIL,7.97,306.6,480.23,581.57,488.2,480.23,305.5,306.6,13.7,make the system decentralized. Blockchain technology distributes the
2,0,0,0,0,12,5,/JJNDYT+CharisSIL,7.97,37.59,473.52,328.5,481.49,473.52,312.21,37.59,266.78,secret information makes it easy for the attacker to modify or intercept
2,0,0,0,0,10,5,/JJNDYT+CharisSIL,7.97,306.6,469.64,597.51,477.61,469.64,316.09,306.6,-2.24,responsibility of maintaining privacy and security amongst all the enti-
2,0,0,0,0,13,5,/JJNDYT+CharisSIL,7.97,37.59,463.08,316.54,471.06,463.08,322.65,37.59,278.74,"the message flown within the network. So, this puts a big question on"
2,0,0,0,0,9,5,/JJNDYT+CharisSIL,7.97,306.6,459.05,573.6,467.02,459.05,326.68,306.6,21.67,ties in VANET unlike centralized functioning. Few added advantages
2,0,0,0,0,13,5,/JJNDYT+CharisSIL,7.97,37.59,452.65,328.5,460.62,452.65,333.08,37.59,266.78,"the privacy of the drivers and the fellow passengers. To deal with this,"
2,0,0,0,0,10,5,/JJNDYT+CharisSIL,7.97,306.6,448.46,585.56,456.43,448.46,337.27,306.6,9.72,"of the schemes using blockchain are single registration, time series,"
2,0,0,0,0,11,5,/JJNDYT+CharisSIL,7.97,37.59,442.21,296.62,450.18,442.21,343.52,37.59,298.66,a second approach based on identity based signature came where a
2,0,0,0,0,6,5,/JJNDYT+CharisSIL,7.97,306.6,437.87,593.53,445.84,437.87,347.86,306.6,1.75,"openness, transparency, traceability, immutability, encryption, message"
2,0,0,0,0,11,5,/JJNDYT+CharisSIL,7.97,37.59,431.77,320.53,439.74,431.77,353.96,37.59,274.75,private key generator generates a private key for every vehicle corre-
2,0,0,0,0,3,5,/JJNDYT+CharisSIL,7.97,306.6,427.28,438.11,435.25,427.28,358.45,306.6,157.17,"authentication, and scalability."
2,0,0,0,0,12,5,/JJNDYT+CharisSIL,7.97,37.59,421.33,324.51,429.3,421.33,364.4,37.59,270.77,sponding to its identity. This scenario often suffers with a key escrow
2,0,0,0,0,9,5,/JJNDYT+CharisSIL,7.97,318.56,416.43,569.62,424.4,416.43,369.3,318.56,25.66,"Blockchain technology can use any of the consensus algorithms,"
2,0,0,0,0,11,5,/JJNDYT+CharisSIL,7.97,37.59,410.89,316.54,418.86,410.89,374.84,37.59,278.74,"problem. But, all these scenarios could not overcome the obstacles in"
2,0,0,0,0,10,5,/JJNDYT+CharisSIL,7.97,306.6,405.84,565.63,413.81,405.84,379.89,306.6,29.64,such as Byzantine Fault Tolerance (BFT) [21] and Ripple Protocol
2,0,0,0,0,11,5,/JJNDYT+CharisSIL,7.97,37.59,400.45,320.53,408.42,400.45,385.28,37.59,274.75,the situation where more number of vehicles are participating. As more
2,0,0,0,0,9,5,/JJNDYT+CharisSIL,7.97,306.6,395.25,569.62,403.22,395.25,390.48,306.6,25.66,Consensus Algorithm (RPCA) [22]. The Byzantine algorithm works in
2,0,0,0,0,10,5,/JJNDYT+CharisSIL,7.97,37.59,390.01,336.47,397.98,390.01,395.72,37.59,258.81,"number of vehicles increases, the certificate issuing and revocation lists"
2,0,0,0,0,9,5,/JJNDYT+CharisSIL,7.97,306.6,384.66,573.6,392.63,384.66,401.07,306.6,21.67,"pre-prepare, prepare, commit and reply phases sequentially. A node"
2,0,0,0,0,12,5,/JJNDYT+CharisSIL,7.97,37.59,379.57,304.59,387.54,379.57,406.16,37.59,290.69,"also increase. On the other hand, it becomes important to trace an"
2,0,0,0,0,12,5,/JJNDYT+CharisSIL,7.97,306.6,374.07,581.57,382.04,374.07,411.66,306.6,13.7,broadcasts the request to other nodes. The nodes or the servers will
2,0,0,0,0,10,5,/JJNDYT+CharisSIL,7.97,37.59,369.13,324.51,377.1,369.13,416.6,37.59,270.77,"attacker’s identity that violated the paradigm. Therefore, it made very"
2,0,0,0,0,12,5,/JJNDYT+CharisSIL,7.97,306.6,363.48,593.53,371.45,363.48,422.25,306.6,1.75,receive requests from all the nodes on the network. If multiple servers
2,0,0,0,0,10,5,/JJNDYT+CharisSIL,7.97,37.59,358.69,304.59,366.66,358.69,427.04,37.59,290.69,clear to the researchers to work on conditional privacy management
2,0,0,0,0,11,5,/JJNDYT+CharisSIL,7.97,306.6,352.89,565.63,360.86,352.89,432.84,306.6,29.64,or the nodes receives same requests from the multiple nodes that
2,0,0,0,0,11,5,/JJNDYT+CharisSIL,7.97,37.59,348.25,300.6,356.23,348.25,437.48,37.59,294.68,schemes which safeguard the privacy but also made the identity of
2,0,0,0,0,12,5,/JJNDYT+CharisSIL,7.97,306.6,342.3,577.59,350.27,342.3,443.43,306.6,17.69,request is processed and the reply is sent. The node that initiated
2,0,0,0,0,10,5,/JJNDYT+CharisSIL,7.97,37.59,337.82,304.59,345.79,337.82,447.91,37.59,290.69,the attacker traceable. Few schemes based on group signatures [12–
2,0,0,0,0,11,5,/JJNDYT+CharisSIL,7.97,306.6,331.71,573.6,339.68,331.71,454.02,306.6,21.67,the request receives the reply from the nodes and multiple replies
2,0,0,0,0,9,5,/JJNDYT+CharisSIL,7.97,37.59,327.38,316.54,335.35,327.38,458.35,37.59,278.74,"14], certificate revocation list (CRL) and pseudonym generation based"
2,0,0,0,0,11,5,/JJNDYT+CharisSIL,7.97,306.6,321.12,573.6,329.09,321.12,464.61,306.6,21.67,forms a consensus. The algorithm can handle one-third of the error
2,0,0,0,0,8,5,/JJNDYT+CharisSIL,7.97,37.59,316.94,308.57,324.91,316.94,468.79,37.59,286.71,"authentication were formulated to preserve the privacy. Henceforth,"
2,0,0,0,0,10,5,/JJNDYT+CharisSIL,7.97,306.6,310.53,573.6,318.5,310.53,475.2,306.6,21.67,"nodes. Several consensus algorithms were derived from BFT, such as"
2,0,0,0,0,10,5,/JJNDYT+CharisSIL,7.97,37.59,306.5,296.62,314.47,306.5,479.23,37.59,298.66,with such complex schemes and increasing vehicles on road raised
2,0,0,0,0,7,5,/JJNDYT+CharisSIL,7.97,306.6,299.94,585.56,307.91,299.94,485.79,306.6,9.72,"‘‘Practical Byzantine Fault Tolerance (PBFT)’’, ‘‘Delegated Byzantine"
2,0,0,0,0,11,5,/JJNDYT+CharisSIL,7.97,37.59,296.06,324.51,304.03,296.06,489.67,37.59,270.77,"some issues like long CRL, and hence, more transmission delay, latency,"
2,0,0,0,0,8,5,/JJNDYT+CharisSIL,7.97,306.6,289.35,589.54,297.32,289.35,496.38,306.6,5.73,"Fault Tolerance (DBFT)’’, ‘‘Federated Byzantine Agreement (FBA)’’ [23,"
2,0,0,0,0,10,5,/JJNDYT+CharisSIL,7.97,37.59,285.62,320.53,293.59,285.62,500.11,37.59,274.75,swollen storage space and huge computational cost arise. Besides these
2,0,0,0,0,11,5,/JJNDYT+CharisSIL,7.97,306.6,278.76,577.59,286.73,278.76,506.97,306.6,17.69,"24]. On the other side, the ripple algorithm works specifically for"
2,0,0,0,0,11,5,/JJNDYT+CharisSIL,7.97,37.59,275.18,312.56,283.15,275.18,510.55,37.59,282.72,"factors, the processing time for the schemes based on such scenarios"
2,0,0,0,0,11,5,/JJNDYT+CharisSIL,7.97,306.6,268.17,585.56,276.14,268.17,517.56,306.6,9.72,verification nodes. Each verification node has a set of trusted nodes
2,0,0,0,0,11,5,/JJNDYT+CharisSIL,7.97,37.59,264.74,292.63,272.71,264.74,520.99,37.59,302.65,are more than the urgency of flow of information. The bandwidth
2,0,0,0,0,12,5,/JJNDYT+CharisSIL,7.97,306.6,257.58,585.56,265.55,257.58,528.15,306.6,9.72,on the networks. All the nodes receive the transaction on the network
2,0,0,0,0,102,5,/JJNDYT+CharisSIL,7.97,37.59,212.55,609.47,262.27,212.55,531.43,37.59,-14.19,"and computing power of vehicles are limited which make the schemes and updates its own local ledger. The local ledger is shared and each inefficient. Even the functioning of in the scenarios described are transaction that is present on the ledger of the trusted nodes gets a vote. not even clearly known to the vehicle because of security reasons. Due In recent years, the concept of smart cities came up as a plan to to this, the attacker can maliciously fool without any knowledge to mitigate the challenges of very fast and continuous urbanization while the vehicles and can enter the network."
2,0,0,0,0,22,5,/JJNDYT+CharisSIL,7.97,49.54,202.11,581.57,212.34,202.11,581.36,49.54,13.7,"keeping better quality of life to its citizens at the same time. IoV The present traditional schemes face two basic problems. Firstly,"
2,0,0,0,0,314,5,/JJNDYT+CharisSIL,7.97,37.59,45.52,589.54,201.75,45.52,591.95,37.59,5.73,"provides an enriched information environment by allowing the users the flow of the message is made anonymous to ensure the privacy, (drivers) to share massive information and make easy corresponding but this does not guarantee authentication and it does not avoid forge decision making. However, with the development of the architecture message to enter in the network. To deal with, the advancements in the risks are also increasing. In an IoV environment, the data is col- cryptography used aggregation technique as a benchmark in the evolulected, studied and analyzed to accomplish its goal. The major threat tion of security features in IoV. The researchers tried combining various to an IoV network is its vulnerable open wireless network. An attacker techniques to form the schemes to deal with the issue. They formed or any malicious vehicle can anytime intrude, intercept the network to the batch verification scheme [15–19], where the can verify harm the privacy of the drivers or to control the network. Considering the signatures in batches. Such designed schemes are able to deliver the discussed points, the researchers have developed many schemes average performance, but still to a little extent. They are unable to based on different techniques to ensure both the goal of providing overcome the shortcomings due to scalability issues or limited computa luxurious experience and to ensure the privacy of the drivers and ing power. Secondly, focus on conditional privacy and authentication customers [25]. To mitigate the above issues and enable smart city and centralized scenario has reduced the scalability and distribution of environment using intelligent vehicles, in this paper, we design a information. The single point of failure leaks the vehicular information new blockchain-enabled batch authentication scheme in AI-envisioned and hampers the authenticity. So, the need of an hour is to implement a scheme which not only delivers a satisfactory performance in minimum IoV-based smart city deployment, called BBAS-IoV."
2,0,1,0,0,7,8,/EMQPYA+CharisSIL-Italic,6.38,344.83,24.34,501.04,30.72,24.34,762.98,344.83,94.23,Journal of Systems Architecture 113 (2021) 101877
2,0,0,0,0,8,3,Unknown,12.0,0.0,-12.0,306.0,0.0,-12.0,793.7,0.0,289.28,Journal of Systems Architecture 113 (2021) 101877 2
3,0,1,0,0,4,8,/JLCVTF+CharisSIL-Italic,6.38,37.59,746.19,85.41,752.57,746.19,41.13,37.59,509.87,P. Bagga et al.
3,0,1,0,0,13,5,/JLCVTF+CharisSIL-Italic,7.97,37.59,724.06,597.51,732.03,724.06,61.67,37.59,-2.24,"1.1. Network model secret credentials, secret keys and session states. For an authenticated"
3,0,0,0,0,10,5,/JJNDYT+CharisSIL,7.97,306.6,713.14,569.62,721.11,713.14,72.59,306.6,25.66,"key agreement scheme, the leakage of some secret credentials from"
3,0,0,0,0,23,5,/JJNDYT+CharisSIL,7.97,49.54,702.23,573.6,711.54,702.23,82.16,49.54,21.67,The network model for the proposed BBAS-IoV is given in Fig. 1. The a session hijacking attack should definitely have a minimal impact
3,0,0,0,0,62,5,/JJNDYT+CharisSIL,7.97,37.59,662.31,589.54,701.23,662.31,92.47,37.59,5.73,"model consists of smart city managed by several trusted authorities. It on the security of the established session key. Therefore, it becomes has blockchain center where data securely collected from the vehicles important to consider this model to analyze the security of a designed and s are stored in the blocks. A smart city in BBAS-IoV has  authenticated key-exchange protocol. following entities."
3,1,0,0,0,11,5,/IOTZDA+CharisSIL-Bold,7.97,51.14,645.55,298.97,653.52,645.55,140.18,51.14,296.31,TA : A smart city is managed by various ‘‘trusted authorities
3,0,1,0,0,3,5,/JLCVTF+CharisSIL-Italic,7.97,306.6,642.14,414.2,650.11,642.14,143.59,306.6,181.08,1.3. Research contributions
3,0,0,0,0,10,5,/GXLRMS+STIXMath-Regular,7.97,57.51,635.23,317.28,643.2,635.23,150.5,57.51,277.99,( )’’ which are responsible to manage their assigned deployment
3,0,0,0,0,36,5,/JJNDYT+CharisSIL,7.97,57.51,604.28,509.84,632.89,604.28,160.81,57.51,85.43,areas in a city. Each has various responsibilities that include The main research contributions are given below.registerings and vehicles that are in its scope before deploying them in the network and initializing them with the system
3,0,0,0,0,11,5,/JJNDYT+CharisSIL,7.97,320.16,599.43,579.18,607.4,599.43,186.3,320.16,16.09,"In the proposed scheme (BBAS-IoV), we have two types of authen-"
3,0,0,0,0,8,5,/JJNDYT+CharisSIL,7.97,57.51,593.97,309.13,601.94,593.97,191.76,57.51,286.14,parameters. also forms and delivers certificates consisting of
3,0,0,0,0,8,5,/JJNDYT+CharisSIL,7.97,326.53,588.51,585.56,596.48,588.51,197.22,326.53,9.72,tication mechanisms: (a) vehicle to vehicle (V2V) authentication
3,0,0,0,0,10,5,/JJNDYT+CharisSIL,7.97,57.51,583.65,284.66,591.62,583.65,202.08,57.51,310.62,"identity, public key, private key to each vehicle and alls."
3,0,0,0,0,11,5,/JJNDYT+CharisSIL,7.97,326.53,577.6,605.48,585.57,577.6,208.13,326.53,-10.21,allows a vehicle to authenticate its neighbor vehicles in its cluster
3,0,0,0,0,11,5,/JJNDYT+CharisSIL,7.97,51.14,572.87,282.08,580.84,572.87,212.86,51.14,313.2,RSU : A city consists of multiple s. An  is responsible
3,0,0,0,0,10,5,/JJNDYT+CharisSIL,7.97,326.53,566.68,585.56,574.65,566.68,219.05,326.53,9.72,and (b) batch authentication permits a group of cluster vehicles
3,0,0,0,0,10,5,/JJNDYT+CharisSIL,7.97,57.51,562.55,312.56,570.52,562.55,223.18,57.51,282.72,to authenticate the messages flown by vehicles within its group
3,0,0,0,0,13,5,/JJNDYT+CharisSIL,7.97,326.53,555.76,567.89,563.73,555.76,229.97,326.53,27.39,"to be authenticated by their . At the end, a group key is"
3,0,0,0,0,261,5,/JJNDYT+CharisSIL,7.97,51.14,417.2,585.56,560.21,417.2,233.49,51.14,9.72,"or cluster which is dynamically formed with a set of moving established among the vehicles and in their cluster.vehicles. Likes, an also manages all the vehicles, and gathers securely data from its vehicles and form several trans- authenticates the vehicles under its scope. In the designed BBASactions including the information of vehicles and its own given IoV, an receives the messages from all the vehicles in its information to the cluster member vehicles. The transactions are cluster and authenticates them together in a batch. formed later by the nearby fog server associated with and  Vehicle: The design of the model consists of various vehicles then by the cloud server to form a complete (full) block.flowing in the network. A group of vehicles on the fly form a dynamic cluster. A vehicle receives a certificate from its associated In order to make the proposed BBAS-IoV more effective, we during the registration phase and uses the information in the  incorporate the blockchain technology using the fog servers and certificate to generate a hello message along with its signature for cloud servers as well. The blocks of transactions are mined by verification. Each vehicle within a cluster broadcasts the message  a voting-based PBFT consensus algorithm. The genuineness and and signature within its cluster members. The message is then  authenticity of the huge amount of data stored in the blocks in received by other neighbor vehicles and in its own cluster. the blockchain allows the use of big data analytics though AI/ML Fog server : One or more s are connected with a fog server,"
3,0,0,0,0,12,5,/JJNDYT+CharisSIL,7.97,57.51,406.88,329.52,414.85,406.88,378.85,57.51,265.76,"say , which receives a partial block containing a list of trans-"
3,0,0,0,0,8,5,/JJNDYT+CharisSIL,7.97,320.15,403.18,562.49,411.15,403.18,382.55,320.15,32.79,The proposed BBAS-IoV supports dynamic vehicles and s
3,0,0,0,0,10,5,/JJNDYT+CharisSIL,7.97,57.51,396.56,316.54,404.53,396.56,389.17,57.51,278.73,"actions and their compact signature. Upon receiving, the list of"
3,0,0,0,0,4,5,/JJNDYT+CharisSIL,7.97,326.53,392.26,462.02,400.23,392.26,393.47,326.53,133.25,addition after initial deployment.
3,0,0,0,0,9,5,/JJNDYT+CharisSIL,7.97,57.51,386.25,324.51,394.22,386.25,399.48,57.51,270.76,"transactions and their compact signature, it verifies the attached"
3,0,0,0,0,8,5,/JJNDYT+CharisSIL,7.97,320.15,381.48,571.21,389.45,381.48,404.25,320.15,24.06,A comprehensive security analysis through the formal security
3,0,0,0,0,10,5,/JJNDYT+CharisSIL,7.97,57.51,373.94,291.14,383.9,373.94,409.8,57.51,304.14,"signature and if the signature is valid, then forwards the"
3,0,0,0,0,7,5,/JJNDYT+CharisSIL,7.97,326.53,370.57,577.59,378.54,370.57,415.16,326.53,17.69,analysis under the widely-used ‘‘Real-Or-Random (ROR)’’ oracle
3,0,0,0,0,10,5,/JJNDYT+CharisSIL,7.97,57.51,363.62,282.48,373.58,363.62,420.12,57.51,312.8,partial block to a cloud server in the blockchain center.
3,0,0,0,0,7,5,/JJNDYT+CharisSIL,7.97,326.53,359.65,573.6,367.62,359.65,426.08,326.53,21.67,"model [29], non-mathematical (informal) security analysis and"
3,1,0,0,0,11,5,/IOTZDA+CharisSIL-Bold,7.97,51.14,354.59,256.77,362.56,354.59,431.14,51.14,338.51,Cloud server : Upon receiving the partial blocks from its re-
3,0,0,0,0,7,5,/JJNDYT+CharisSIL,7.97,326.53,348.73,581.57,356.7,348.73,437.0,326.53,13.7,formal security verification using the broadly-accepted ‘‘Auto-
3,0,0,0,0,10,5,/JJNDYT+CharisSIL,7.97,57.51,344.27,296.21,352.24,344.27,441.46,57.51,299.07,"spective fog server(s), a cloud server, say , converts the"
3,0,0,0,0,8,5,/JJNDYT+CharisSIL,7.97,326.53,337.81,585.56,345.78,337.81,447.92,326.53,9.72,mated Validation of Internet Security Protocols and Applications
3,0,0,0,0,13,5,/JJNDYT+CharisSIL,7.97,57.51,333.96,332.48,341.93,333.96,451.77,57.51,262.79,"partial block to its full block. After that, the full block is mined"
3,0,0,0,0,9,5,/JJNDYT+CharisSIL,7.97,326.53,326.89,581.57,334.86,326.89,458.84,326.53,13.7,(AVISPA)’’ [30] software tool reveals that BBAS-IoV can resists
3,0,0,0,0,33,5,/JJNDYT+CharisSIL,7.97,57.51,303.01,579.18,331.61,303.01,462.09,57.51,16.09,"through the voting based consensus algorithm, which is based various potential attacks against passive/active adversaries.on the widely-used ‘‘Practical Byzantine Fault Tolerance (PBFT) We evaluate various cryptographic primitives using the broadly- consensus algorithm’’ [26]."
3,0,0,0,0,7,5,/JJNDYT+CharisSIL,7.97,326.53,294.28,589.54,302.25,294.28,491.45,326.53,5.73,accepted ‘‘Multiprecision Integer and Rational Arithmetic Crypto-
3,0,0,0,0,13,5,/JJNDYT+CharisSIL,7.97,37.59,282.66,585.56,291.33,282.66,502.37,37.59,9.72,graphic Library (MIRACL)’’ [31] for their execution time under a 1.2. Threat model
3,0,0,0,0,6,5,/JJNDYT+CharisSIL,7.97,326.53,272.44,469.99,280.41,272.44,513.29,326.53,125.28,server and Raspberry PI 3 platforms.
3,0,0,0,0,19,5,/JJNDYT+CharisSIL,7.97,49.54,261.66,559.26,270.14,261.66,523.56,49.54,36.02,The threat model considered in the proposed scheme (BBAS-IoV) is   We then perform a detailed comparative study on ‘‘communi-
3,0,0,0,0,75,5,/JJNDYT+CharisSIL,7.97,37.59,210.59,585.56,259.83,210.59,533.87,37.59,9.72,"the widely accepted ‘‘Dolev-Yao threat (DY) model’’ [27]. According to  cation and computational overheads’’, ‘‘storage overheads’’ and this model, the end entities involved in the communication (vehicles  ‘‘security and functionality features’’ among BBAS-IoV and other and s) are not considered to be fully trusted. Moreover, they  existing competing authentication schemes in IoV-related enviare assumed to communicate over an insecure, open, public channel.  ronment. However, the trusted authorities ( ) are fully trusted, and the fog"
3,0,0,0,0,9,5,/JJNDYT+CharisSIL,7.97,320.15,207.07,575.2,215.04,207.07,578.66,320.15,20.08,"Finally, we provide the blockchain implementation of the BBAS-"
3,0,0,0,0,11,5,/JJNDYT+CharisSIL,7.97,37.59,200.27,308.57,208.24,200.27,585.46,37.59,286.7,servers and cloud servers are assumed to be semi-trusted. The model
3,0,0,0,0,7,5,/JJNDYT+CharisSIL,7.97,326.53,196.15,517.81,204.12,196.15,589.58,326.53,77.46,IoV using the popular Hyperledger Sawtooth [32].
3,0,0,0,0,54,5,/JJNDYT+CharisSIL,7.97,37.59,148.69,378.33,197.92,148.69,595.78,37.59,216.94,"also considers an adversary, say  , who has enough computational power that he/she can eavesdrop, update, replay, fabricate or delete the exchanged messages during transmission. This gives a privilege to1.4. Paper outline to tamper any message for own benefit. The s are assumed to be semi-trusted, whereas the vehicles are equipped with tamper-resistant"
3,0,0,0,0,12,5,/JJNDYT+CharisSIL,7.97,318.56,143.79,589.54,151.76,143.79,641.94,318.56,5.73,The remainder of the paper is sketched as follows. The next section
3,0,0,0,0,11,5,/JJNDYT+CharisSIL,7.97,37.59,138.37,314.04,146.34,138.37,647.36,37.59,281.24,onboard units ( ) where the secret credentials are stored. Further-
3,0,0,0,0,12,5,/JJNDYT+CharisSIL,7.97,306.6,132.87,585.56,140.84,132.87,652.86,306.6,9.72,gives an overview of the existing schemes relevant to an IoV environ-
3,0,0,0,0,13,5,/JJNDYT+CharisSIL,7.97,37.59,128.05,315.41,136.02,128.05,657.68,37.59,279.86,"more, it is assumed that the s will store the secret credentials in"
3,0,0,0,0,12,5,/JJNDYT+CharisSIL,7.97,306.6,121.95,597.51,129.92,121.95,663.78,306.6,-2.24,"ment. In Section 3, the detailed discussion on various phases related to"
3,0,0,0,0,12,5,/JJNDYT+CharisSIL,7.97,37.59,117.74,328.5,125.71,117.74,667.99,37.59,266.78,their secure memory (database) so that the stolen verifier attack is not
3,0,0,0,0,10,5,/JJNDYT+CharisSIL,7.97,306.6,111.03,589.54,119.0,111.03,674.7,306.6,5.73,"our scheme (BBAS-IoV) is provided. While the correctness proof, formal"
3,0,0,0,0,4,5,/JJNDYT+CharisSIL,7.97,37.59,107.42,94.56,115.39,107.42,678.31,37.59,500.72,possible by  .
3,0,0,0,0,19,5,/JJNDYT+CharisSIL,7.97,49.54,97.1,581.57,108.08,97.1,685.62,49.54,13.7,"and informal security analysis of the proposed BBAS-IoV are provided Another model, known as the ‘‘Canetti and Krawczyk’s adversary"
3,0,0,0,0,100,5,/JJNDYT+CharisSIL,7.97,37.59,45.52,589.54,97.16,45.52,696.54,37.59,5.73,"in Section 4, the formal security verification of BBAS-IoV is shown in model (CK-adversary model)’’ [28] has been also considered. It has Section 5. The experimental results using MIRACL provided in Section 6 become a ‘‘current de facto standard model in modeling authenticated are used in the comparative analysis in Section 7. Section 8 provides key-exchange protocols’’. The CK-adversary model is quite similar to the blockchain implementation of the proposed BBAS-IoV. Finally, the the DY threat model with the additional features wherein the adverpaper is concluded in Section 9.sary  cannot only send the messages, but also can compromise the"
3,0,1,0,0,7,8,/EMQPYA+CharisSIL-Italic,6.38,344.83,24.34,501.04,30.72,24.34,762.98,344.83,94.23,Journal of Systems Architecture 113 (2021) 101877
3,0,0,0,0,8,3,Unknown,12.0,0.0,-12.0,306.0,0.0,-12.0,793.7,0.0,289.28,Journal of Systems Architecture 113 (2021) 101877 3
4,0,1,0,0,4,8,/JLCVTF+CharisSIL-Italic,6.38,37.59,746.19,85.41,752.57,746.19,41.13,37.59,509.87,P. Bagga et al.
4,1,0,0,0,8,8,/IOTZDA+CharisSIL-Bold,6.38,187.2,427.18,403.99,433.55,427.18,360.15,187.2,191.29,Fig. 1. Blockchain-enabled AI-envisioned IoV-based smart city architecture.
4,0,0,0,0,13,5,/JJNDYT+CharisSIL,7.97,37.59,402.92,560.06,410.89,402.92,382.81,37.59,35.22,The verification process is performed by sequentially or in batches 2. Related work
4,0,0,0,0,3,5,/JJNDYT+CharisSIL,7.97,306.6,392.41,378.33,400.38,392.41,393.32,306.6,216.94,by using vectors.
4,0,0,0,0,21,5,/JJNDYT+CharisSIL,7.97,49.54,381.64,597.51,389.79,381.64,403.91,49.54,-2.24,Zhong et al. [35] proposed a secure and efficient conditional privacy This section describes a detailed review on the existing competing
4,0,0,0,0,50,5,/JJNDYT+CharisSIL,7.97,37.59,350.13,581.57,379.28,350.13,414.42,37.59,13.7,"preserving authentication scheme based on pseudonym signatures. TA’s schemes based on pseudonyms, certificate-less and batch verification in the model of the scheme are assumed to be credible and respon- Following to this are the schemes that have used blockchaining as a sible for vehicle registration, management and traceability.s are concept."
4,0,0,0,0,28,5,/JJNDYT+CharisSIL,7.97,49.54,339.55,569.62,347.76,339.55,445.94,49.54,25.66,deployed along the roads to manage area of about 300 to 500m. The Tzeng et al. [ 33] and Bayat et al. [ 18] identified the weakness of
4,0,0,0,0,604,5,/JJNDYT+CharisSIL,7.97,37.59,45.52,605.48,337.25,45.52,456.45,37.59,-10.21,"communication is from vehicle to other vehicle or . The first secret key in Lee and Lai [34] scheme where a malicious vehicle is able phase initializes the system parameters. loads the real identity, to form a signature on any message on behalf of legitimate vehicle if password and other secure material into TPD of each vehicle. TPD it gets exposed to any previous valid signature. Moreover the scheme of the vehicle executes the next phase to generate pseudonym and does not support traceability and could not safeguard the privacy, also accomplish key generation process. A vehicle acquires its secret key, is vulnerable to forgery attack. So the authors in [ 18] presented an pseudo identity which it can use to sign the message by executing enhanced batch authentication scheme improving the vulnerability in the next phase. TPD signs the message and sends a tuple consisting Lee et al. scheme to avoid vehicle impersonation attack. The scheme of signature, timestamp, message and pseudo ID. The receiving OBU runs three phases. initializes the public parameters and loads in or  checks the received message for its validity, and verifies the  and vehicles, each vehicle is also assigned with the real identities. signature. On receiving multiple requests, the scheme performs a batch After verifying real identity and password, tampered proof device of verification process to reduce computation overheads by using random each vehicle generates pseudonym in second phase. The vehicles use vectors and small exponent test. The scheme is safe against replay the pseudonym(pseudo identity and private key) to sign the message attacks, and is also traceable. and then send it to other vehicles or RSU’s. The receiver of the message He et al. [ 36] stressed on ID based conditional privacy preserving verifies the message individually or in batches using bilinear pairing authentication scheme without bilinear pairing. The scheme uses el- and timestamps. The authors successfully removed the weakness of liptic curve cryptographic techniques to accomplish the goal. is Lee et al. [34] scheme although [18] suffers from modification attack. again the most trusted and the only party that has the real identities Tzeng et al. [ 33] proposed a similar scheme whose system model of all the vehicles. The model in the scheme also uses application consists of redundant TA’s, application server, non trusted RSU’s and server that is present at the traffic management center to support traffic tampered proof OBU’s. The entities are assumed to be synchronized to a management. The  initializes the system parameters and forwards it certain extent. First phase similar to most of the authentication scheme to  and also loads the real identity, password and other public is where initializes the public parameters. Second phase is headed parameters in the tampered proof device of the vehicle. The tampered by tampered proof device that generates the pseudonym on getting proof device then generates an anonymous identity and secret key and the request from the vehicle. To add up to the security TPD’s passes hands it over to vehicle. The vehicle uses pseudo identity to generate the request of the vehicle to an authentication module. Authentication a digital signature on the message it wishes to send. The last phase is module checks for legality of the vehicles and then, anonymous identity performed by any  or vehicle who is the verifier of the received generation module generates an anonymous identity. Vehicles after message. The digital signature and the validity of the timestamp in receiving the pseudo identity from the second phase, uses message signing module to sign the traffic related message before broadcasting. the received messages are the criteria of the validation. The scheme"
4,0,1,0,0,7,8,/EMQPYA+CharisSIL-Italic,6.38,344.83,24.34,501.04,30.72,24.34,762.98,344.83,94.23,Journal of Systems Architecture 113 (2021) 101877
4,0,0,0,0,8,3,Unknown,12.0,0.0,-12.0,306.0,0.0,-12.0,793.7,0.0,289.28,Journal of Systems Architecture 113 (2021) 101877 4
5,0,1,0,0,4,8,/JLCVTF+CharisSIL-Italic,6.38,37.59,746.19,85.41,752.57,746.19,41.13,37.59,509.87,P. Bagga et al.
5,0,0,0,0,77,5,/JJNDYT+CharisSIL,7.97,37.59,692.29,601.5,732.03,692.29,61.67,37.59,-6.22,"vehicles by mentioning their pseudonymous certificate in revocation even supports batch verification to reduce the computation overheads. Although the scheme is secured from various attacks like replay, man- list. identifies the illegal vehicle by calculating its impact range area in-the-middle, modification, impersonation attack, but can still suffer considering the speed it is moving and the distance it covers in the time from physical capture insider attack.  the false information sent by vehicle is received by . Similarly,"
5,0,0,0,0,20,5,/JJNDYT+CharisSIL,7.97,49.54,681.7,571.29,690.28,681.7,103.42,49.54,23.99,Jiang et al. [37] prescribed an anonymous batch authentication  compromised  are revoked by sending the CRL to all other vehicles
5,0,0,0,0,320,5,/JJNDYT+CharisSIL,7.97,37.59,515.28,601.5,679.84,515.28,113.86,37.59,-6.22,"based on HMAC for VANETs (ABAH). The authors designed the scheme  and  which falls under the impact range area. in a way that it checks the integrity of the message before batch  Sutrala et al. [16] used batch verification to preserve privacy of the authentication to avoid unnecessary delay during rejections at the time vehicles in IoV paradigm. The scheme utilized less communication and of batch authentication. The continuous checking of CRL’s was also  computation overheads. The scheme starts with initializing the system replaced by group based mechanism to reduce the communication  parameters including the public and private keys of the, key genoverheads. The use of HMAC maintains the efficiency of the batch  eration center ( ) and for each . The registers the vehicle authentication process of the scheme by removing the messages that  using its private key and ’s public key. Further generates does not ensure integrity or are from the illegal vehicles. The system a partial private key and delivers to every legitimate vehicle before model consists of TA, ’s and vehicles. TA’s which are assumed to its communication with  or other vehicles. Then each vehicle be secured are responsible to generate secure materials for and  generates a public private pair key after receiving partial private key vehicles. performs batch authentication and validates multiple  from . To conserve the real identity of the vehicle authors added vehicle requests, and finally handovers a group key to the group of another phase to generate pseudo identities for each vehicle. A vehicle legitimate vehicles. Another set of batch authentication occurs between chooses some random nonces and requests the nearest for pseudo vehicles receiving multiple traffic related messages from the fellow identities. Finally the vehicle becomes eligible to send the message vehicles. In commencing phases, initializes the public parameters  and communicate with others in the group. The vehicle signs the and issues a certificate. The certificate consists of the domain number,"
5,0,0,0,0,12,5,/JJNDYT+CharisSIL,7.97,306.6,512.0,585.56,519.97,512.0,273.73,306.6,9.72,message and sends the message along with the signature and its pseudo
5,0,0,0,0,11,5,/JJNDYT+CharisSIL,7.97,37.59,504.84,287.19,512.81,504.84,280.89,37.59,308.09,"public key and signature of the corresponding . In third phase,"
5,0,0,0,0,10,5,/JJNDYT+CharisSIL,7.97,306.6,501.41,562.32,509.38,501.41,284.32,306.6,32.96,identity. is open to listening the broadcasted messages from the
5,0,0,0,0,13,5,/JJNDYT+CharisSIL,7.97,37.59,494.4,340.45,502.37,494.4,291.33,37.59,254.83,"divides the time into slots and delivers the pseudo identity, secret key to"
5,0,0,0,0,10,5,/JJNDYT+CharisSIL,7.97,306.6,490.82,581.57,498.79,490.82,294.91,306.6,13.7,vehicles. To reduce the computation overheads the scheme is designed
5,0,0,0,0,11,5,/JJNDYT+CharisSIL,7.97,37.59,483.96,324.51,491.93,483.96,301.77,37.59,270.77,the vehicle for different time slots at once. The mutual authentication
5,0,0,0,0,10,5,/JJNDYT+CharisSIL,7.97,306.6,480.23,560.64,488.2,480.23,305.5,306.6,34.64,to support batch verification. collects the messages to verify and
5,0,0,0,0,10,5,/JJNDYT+CharisSIL,7.97,37.59,473.52,279.42,481.49,473.52,312.21,37.59,315.86,process occurs between the vehicles and when a vehicle enters
5,0,0,0,0,9,5,/JJNDYT+CharisSIL,7.97,306.6,469.64,573.6,477.61,469.64,316.09,306.6,21.67,"validates them in batches against pseudo identities, timestamp and"
5,0,0,0,0,11,5,/JJNDYT+CharisSIL,7.97,37.59,463.08,315.37,471.06,463.08,322.65,37.59,279.91,any ’s domain and receives its broad casted certificate. It then
5,0,0,0,0,11,5,/JJNDYT+CharisSIL,7.97,37.59,452.65,320.53,460.62,452.65,333.08,37.59,274.75,verifies the certificate and sends message related to traffic or other
5,0,0,0,0,10,5,/JJNDYT+CharisSIL,7.97,318.56,448.2,581.57,456.17,448.2,337.53,318.56,13.7,Guehguih et al. [39] proposed a blockchain based privacy preserv-
5,0,0,0,0,9,5,/JJNDYT+CharisSIL,7.97,37.59,442.21,279.34,450.18,442.21,343.52,37.59,315.93,"details to corresponding domain . On receiving the message,"
5,0,0,0,0,9,5,/JJNDYT+CharisSIL,7.97,306.6,437.61,569.62,445.58,437.61,348.12,306.6,25.66,ing authentication and message dissemination scheme by using both
5,0,0,0,0,11,5,/JJNDYT+CharisSIL,7.97,37.59,431.77,328.5,439.74,431.77,353.96,37.59,266.78,checks the legitimacy of the vehicle’s pseudo identity in its revocation
5,0,0,0,0,11,5,/JJNDYT+CharisSIL,7.97,306.6,427.02,581.57,434.99,427.02,358.71,306.6,13.7,public and private blockchains. The use of blockchain waives off the
5,0,0,0,0,11,5,/JJNDYT+CharisSIL,7.97,37.59,421.33,304.59,429.3,421.33,364.4,37.59,290.69,list and distributes the group key to the authenticated group. The
5,0,0,0,0,11,5,/JJNDYT+CharisSIL,7.97,306.6,416.43,581.86,424.4,416.43,369.3,306.6,13.41,dependency entirely on s and also implements the role of traditional
5,0,0,0,0,14,5,/JJNDYT+CharisSIL,7.97,37.59,410.89,320.53,418.86,410.89,374.84,37.59,274.75,advantage of the scheme is that it does not broadcast the CRL to every
5,0,0,0,0,11,5,/JJNDYT+CharisSIL,7.97,324.74,405.84,579.44,413.81,405.84,379.89,324.74,15.83,s. is responsible to form a private blockchain by adding blocks
5,0,0,0,0,11,5,/JJNDYT+CharisSIL,7.97,37.59,400.45,312.56,408.42,400.45,385.28,37.59,282.72,entity of the network to avoid communication overhead. CRLs are only
5,0,0,0,0,11,5,/JJNDYT+CharisSIL,7.97,306.6,395.25,601.5,403.22,395.25,390.48,306.6,-6.22,that consists of the information only about the authenticated vehicles in
5,0,0,0,0,6,5,/JJNDYT+CharisSIL,7.97,37.59,390.01,179.82,397.98,390.01,395.72,37.59,415.46,sent to through secure wired links.
5,0,0,0,0,13,5,/JJNDYT+CharisSIL,7.97,306.6,384.66,593.53,392.63,384.66,401.07,306.6,1.75,the network. All other entities in the network have only read access to
5,0,0,0,0,11,5,/JJNDYT+CharisSIL,7.97,49.54,379.57,320.53,387.54,379.57,406.16,49.54,274.75,Gayathri et al. [15] designed a pairing free certificate less batch
5,0,0,0,0,11,5,/JJNDYT+CharisSIL,7.97,306.6,374.07,585.56,382.04,374.07,411.66,306.6,9.72,the private chain to get the information about authenticity of fellow
5,0,0,0,0,9,5,/JJNDYT+CharisSIL,7.97,37.59,369.13,316.54,377.1,369.13,416.6,37.59,278.74,"verification scheme, that does not provide mutual authentication. The"
5,0,0,0,0,10,5,/JJNDYT+CharisSIL,7.97,306.6,363.48,573.6,371.45,363.48,422.25,306.6,21.67,vehicles. The public blockchain known as road side unit blockchain
5,0,0,0,0,10,5,/JJNDYT+CharisSIL,7.97,37.59,358.69,287.15,366.66,358.69,427.04,37.59,308.13,scheme comprises of seven algorithms where in and key generation
5,0,0,0,0,14,5,/JJNDYT+CharisSIL,7.97,306.6,352.89,581.57,360.86,352.89,432.84,306.6,13.7,(RSU BC) is used to implement the role of RSU’s to monitor the event
5,0,0,0,0,12,5,/JJNDYT+CharisSIL,7.97,37.59,348.25,297.34,356.23,348.25,437.48,37.59,297.94,center ( ) are fully trusted. stores the real identities of the
5,0,0,0,0,10,5,/JJNDYT+CharisSIL,7.97,306.6,342.3,561.65,350.27,342.3,443.43,306.6,33.63,message dissemination and flow of messages in the network. Only
5,0,0,0,0,12,5,/JJNDYT+CharisSIL,7.97,37.59,337.82,275.17,345.79,337.82,447.91,37.59,320.11,vehicles and provides them with a token which is used by to
5,0,0,0,0,11,5,/JJNDYT+CharisSIL,7.97,306.6,331.71,601.5,339.68,331.71,454.02,306.6,-6.22,special vehicles called as miners are allowed to participate in formation
5,0,0,0,0,10,5,/JJNDYT+CharisSIL,7.97,37.59,327.38,300.45,335.35,327.38,458.35,37.59,294.82,provide partial private key. can also revoke the malicious vehicles.
5,0,0,0,0,11,5,/JJNDYT+CharisSIL,7.97,306.6,321.12,581.57,329.09,321.12,464.61,306.6,13.7,of public chains by broadcasting the mined blocks to other vehicles.
5,0,0,0,0,11,5,/JJNDYT+CharisSIL,7.97,37.59,316.94,276.53,324.91,316.94,468.79,37.59,318.75,It maintains a revocation list which is shared with and  via
5,0,0,0,0,11,5,/JJNDYT+CharisSIL,7.97,306.6,310.53,589.54,318.5,310.53,475.2,306.6,5.73,Miners initially confirm the authenticity of the vehicle that has sent
5,0,0,0,0,9,5,/JJNDYT+CharisSIL,7.97,37.59,306.5,291.86,314.47,306.5,479.23,37.59,303.41,secure channel. is responsible to handover pseudo identities to
5,0,0,0,0,11,5,/JJNDYT+CharisSIL,7.97,306.6,299.94,581.57,307.91,299.94,485.79,306.6,13.7,the event message through the private block chain. Each light weight
5,0,0,0,0,11,5,/JJNDYT+CharisSIL,7.97,37.59,296.06,312.56,304.03,296.06,489.67,37.59,282.72,the vehicles coming into their zone after checking the legitimacy of
5,0,0,0,0,11,5,/JJNDYT+CharisSIL,7.97,306.6,289.35,581.57,297.32,289.35,496.38,306.6,13.7,"vehicle not specifically the miner, adds the received block in their"
5,0,0,0,0,12,5,/JJNDYT+CharisSIL,7.97,37.59,285.62,328.5,293.59,285.62,500.11,37.59,266.78,the vehicle against the revocation list. A vehicle’s OBU stores a secret
5,0,0,0,0,11,5,/JJNDYT+CharisSIL,7.97,306.6,278.76,601.5,286.73,278.76,506.97,306.6,-6.22,chain. The transaction in blocks of private blockchain consist of authen-
5,0,0,0,0,11,5,/JJNDYT+CharisSIL,7.97,37.59,275.18,291.54,283.15,275.18,510.55,37.59,303.73,token and the signature received by and pseudo identity received by
5,0,0,0,0,10,5,/JJNDYT+CharisSIL,7.97,306.6,268.17,589.54,276.14,268.17,517.56,306.6,5.73,tication information where as the blocks of public blockchains consist
5,0,0,0,0,11,5,/JJNDYT+CharisSIL,7.97,55.72,264.74,326.7,272.71,264.74,520.99,55.72,268.57,. It signs the message using pseudo identity and private/public key
5,0,0,0,0,10,5,/JJNDYT+CharisSIL,7.97,306.6,257.58,573.6,265.55,257.58,528.15,306.6,21.67,of event messages. The scheme is secured against bogus information
5,0,0,0,0,55,5,/JJNDYT+CharisSIL,7.97,37.59,222.99,597.51,262.27,222.99,531.43,37.59,-2.24,"pair and other secret information from its. Similarly each vehicle attack, impersonation attack, non repudiation attack. verifies the messages and signature received by fellow vehicles. Lu et al. [40] eliminates the use of periodic certificate issuing and performs the batch verification after receiving 𝑛 different messages revocation in their blockchain-based privacy-preserving authentication from 𝑛 vehicles."
5,0,0,0,0,18,5,/JJNDYT+CharisSIL,7.97,49.54,212.55,561.65,222.93,212.55,570.77,49.54,33.63,scheme (BPPA). The transparency between the entities and variousZhang et al. [38] presented an effective and anonymous batch
5,0,0,0,0,349,5,/JJNDYT+CharisSIL,7.97,37.59,45.52,601.5,212.34,45.52,581.36,37.59,-6.22,"s is achieved by adding the activities or transactions performed authentication scheme based on pseudo identity generation using hash by s in block and further in permissioned blockchains which are functions and elliptic curve cryptography. Similar to Jiang et al. [37], verifiable by all the entities in the network. The transactions include  ’s divide their scope in domains and are assumed to have enough the issuing and revocation of certificates. The certificates are provided power to generate certificates for RSU’s; certificate, pseudonym and to the vehicle on its request to Law enforcement authority which directs secret key for each vehicle. contains a certificate revocation list CA to issue them. The certificates contain timestamps, link-ability to for both RSU’s and vehicles which depends on the number of vehicles identity, public key. The transactions made from the certificate author- ands. initializes the public parameters followed by the second ity are grouped into blocks by law enforcement authorities (LEA). The phase in which a certificate is issued. The certificate consists of the traceability between the certificates and the identities are encrypted domain number, public key and signature of the corresponding. using the secret key of LEA and also stored in blockchains.s have In the next phase, series of pseudo identities and secret keys is delivered authority to access blockchains to verify the activities of CA and LEA to to vehicle for every 𝑗 slots throughout the year at once during the time provide consensus and forward the updated blockchains to the vehicles. of registration via secure channel. The vehicle captures and verifies the Chronological Merkle Tree (CMT) and Merkle Patricia tree are used to certificate sent by in its domain. It signs and sends the traffic store the blocks. CMT stores the transaction root and MPT stores the related message and its signature to. Finally the performs certificate root. The scheme uses less time and storage as compared to a batch verification using exponent test after confirming the absence of vehicle in CRL issued by TA.  revokes the illegal  and  the usual schemes by using Merkle trees as a data structure. Conditional"
5,0,1,0,0,7,8,/EMQPYA+CharisSIL-Italic,6.38,344.83,24.34,501.04,30.72,24.34,762.98,344.83,94.23,Journal of Systems Architecture 113 (2021) 101877
5,0,0,0,0,8,3,Unknown,12.0,0.0,-12.0,306.0,0.0,-12.0,793.7,0.0,289.28,Journal of Systems Architecture 113 (2021) 101877 5
6,0,1,0,0,4,8,/JLCVTF+CharisSIL-Italic,6.38,37.59,746.19,85.41,752.57,746.19,41.13,37.59,509.87,P. Bagga et al.
6,0,0,0,0,35,5,/JJNDYT+CharisSIL,7.97,37.59,713.62,577.59,732.03,713.62,61.67,37.59,17.69,"with essential parameters for further processing. On receiving some privacy of the scheme is ensured by providing multiple certificates message related to traffic, or vehicle checks the timestamp value corresponding to identities to each vehicle."
6,0,0,0,0,18,5,/JJNDYT+CharisSIL,7.97,49.54,703.18,561.65,711.16,703.18,82.55,49.54,33.63,and forwards the message to blockchain managers. The blockchain Wang et al. [41] suggested an improved authentication mechanism
6,0,0,0,0,462,5,/JJNDYT+CharisSIL,7.97,37.59,483.96,609.47,700.72,483.96,92.98,37.59,-14.19,"managers eventually screen the message against the ABE and VPKT to based on blockchain technology. It improves the process by using know the legality of the sender and the message. public key pair authentication method based on crypto accumulator. Luo et al. in the paper [44] designed a blockchain based decen- The system architecture used for the scheme is trusted cloud providers (CA), road side units (RA) and vehicles. The authentication in the  tralized or distributed privacy protection scheme. Each vehicle uses scheme is divided into two parts one is between a vehicle and road  location information, trust worthiness of other vehicles to implement k-anonymity and forms anonymous cloaking region request utilizing side unit. Other is to verify RA and CA. A contract node group is location of 𝑘 − 1 near by vehicles. The system model has a registration formed that comprises of validated road side units, vehicles and trusted authority (RA) which provides a certificate containing pseudonym to providers. Any new node that wishes to join the network needs to vehicles and also forwards vehicle’s pseudonym and trust level to allsend the request to the contract nodes group basically. The s. The authors made this scheme distributed by replacing the request consists of vehicles public key, identity, random number and use of single trusted authority by many ’s handling blockchain.timestamps. Depending on the node’s history and credits a consensus is formed so as to whether to allow a node to join the network or not.  s store and add the blocks containing information about vehicle’s Subsequently, performs a validation and attaches the secret key  pseudonym and trust level in the form of a transaction by implementing consortium algorithm. A vehicle initiates request to form a cloaking along with the request message received from the vehicle and forwards region. The eligibility to participate in the region is based on the degree the request to cloud service providers. CA verifies the identity of the of trust level of both the requesting and nearby vehicles. Dirichlet vehicle and of RA in the corresponding blockchain and then issues distribution is used to calculate trust levels. The method uses both a digital certificate to the vehicles via RA. The issuer CA broadcasts current behavior and historical trust level of vehicle as the measuring the information to other CA’s to add it into their account book. Other criteria. Every time the current behavior of the vehicles is calculated receiving CA’s will only store the information in their books if they find the information to be relevant otherwise they will send a negative it is also saved in the blockchain by to maintain and update the feedback to the CA that is issuing the digital certificate.  historic data. Once the calculations are done the vehicles passing the"
6,0,0,0,0,22,5,/JJNDYT+CharisSIL,7.97,49.54,473.52,593.53,481.49,473.52,312.21,49.54,1.75,degree of trust level send their location to the requester. A requester Jheng et al. [42] proposed a secure access authentication scheme
6,0,0,0,0,545,5,/JJNDYT+CharisSIL,7.97,37.59,212.55,609.47,471.06,212.55,322.65,37.59,-14.19,"constructs an anonymous cloaking region using cooperating vehicles between vehicles and roadside units, which is decentralized as it does and forwards the request to location service provider. To safeguard the not fully depends on centralized authority. Their scheme also has a identity of the vehicle each vehicle undergoes a process to change its scenario of distributed cloud ledger that reduces the storage burden on pseudonym after participating in 𝑥cloaking regions by requesting .the blockchains. Alls form a peer to peer network that contributes delivers a new certificate containing a new pseudonym and updated in the formation of blockchain. The blocks in the blockchain are used trust level to both vehicle and to add in the blockchain. to store information about the vehicle’s identity and the link between the identity and pseudo identity. The network model consists of a  Tan and Chung [45] advanced the security properties of VANETs by certificate authority (CA) which issues a certificate to an authorized, presenting a mutual authentication and group key management scheme using features of cloud computing and edge computing layers fors. registered vehicles and also prepares a hash which is used by road side Instead of using certificates, cloud assisted infrastructure is used in the units (RSU) to form a blockchain after verification. CA produces two scheme. The system model divides the architecture into three layers. hash values one to send the pseudonym to the vehicle and other to store The first layer known as the cloud layer consists of TA. It performs all the mapping relationship of vehicle’s real identity and pseudonym. the important functions and is fully trusted. The second layer or edge A cloud server is used to store hash values produced by CA and is layer comprises of that forms the edge clusters making the scheme acquired bys during verifying the legality of the vehicle. on receiving the request from the vehicle initiates the verification process. decentralized. The last layer is the user layer consisting of vehicles. After the verification process, an integer negotiation process takes place The first phase of the scheme is the offline registration where a unique identity and partial secret is given to each and vehicle. Bothbetween and vehicle to confirm the integrity of message and and vehicle generates a temporary session ID using the assigned unique receiver. The random number in the process used is further used by ID and timestamp values to communicate. All important information the vehicle to announce the traffic. Finally the transaction including related to vehicle and is stored in cloud server. In the second pseudo identity, public key of the vehicle is added in the blockchain. phase vehicle validates the by verifying its publicly issued cer- The traffic announcements by vehicles are also verified bys and tificate. Following to this it sends a request to by creating its then hash value of the event transaction is added in the blockchains. The actual event details corresponding to the hash value is stored in signature. verifies the signature or a group of signatures in a batch the cloud server which is accessed by the fellow vehicles on getting a by forwarding the request to cloud server for actual identification. To isolate V2R communication a separate session key establishment notification of occurrence of any event by variouss."
6,0,0,0,0,18,5,/JJNDYT+CharisSIL,7.97,49.54,202.11,561.65,210.08,202.11,583.62,49.54,33.63,takes place amongst the group of vehicles(V2V) and their nearestFeng et al. [43] formulated a BPAS: Blockchain-Assisted Privacy-
6,0,0,0,0,296,5,/JJNDYT+CharisSIL,7.97,37.59,45.52,613.45,199.64,45.52,594.06,37.59,-18.18,"over an allocated channel by implementing Chinese remainder Preserving Authentication System for Vehicular Ad Hoc Networks using theorem and consortium blockchain algorithm for updation/revocation smart contract and hyperledger fabric as an open platform. Fuzzy the key while tracing real time group membership. Assigning heavy extractor and attribute-based encryption are the backbones of the computational tasks to (cloud layer), light computations like key protocol. The entities involved in the scheme ares,s, vehicles. Smart contracts are used to store vehicle public key table (VPKT) in management to vehicles and decentralization improves the response the form of blockchains which are appended by TAs. The use of smart time and lowers latency of the scheme. Sharma and Chakraborty [46] framed a Blockchain for Authentica- contract makes the scheme self-verifying, self executing and decention and Privacy Preservation (BlockAPP) protocol for IoV environment tralized by providing application binary interfaces (ABI). It manages to provide seamless access control. The system model in the protocol VPKT by implementing algorithms to insert, update and revoke entries consists of a registration server, service providers, vehicles. Registration in VPKT. makes use of the application to insert, revoke or verify server manages vehicle’s identity. A vehicle uses this identity to access the vehicle’s public key in the table. initializes the parameters service from service providers after being verified. Blockchain is stored along with setting up ABE and blockchain within the network using with central trusted authority which can be read and written by service practical Byzantine fault tolerance consensus. Further smart contract is deployed in the blockchain that forms a data structure to save  provider but can only be written by registration server. The transactions VPKT. The registration phase lets the to update the VPKT and OBU  can be of three types one for each phase: registration transaction"
6,0,1,0,0,7,8,/EMQPYA+CharisSIL-Italic,6.38,344.83,24.34,501.04,30.72,24.34,762.98,344.83,94.23,Journal of Systems Architecture 113 (2021) 101877
6,0,0,0,0,8,3,Unknown,12.0,0.0,-12.0,306.0,0.0,-12.0,793.7,0.0,289.28,Journal of Systems Architecture 113 (2021) 101877 6
7,0,1,0,0,4,8,/JLCVTF+CharisSIL-Italic,6.38,37.59,746.19,85.41,752.57,746.19,41.13,37.59,509.87,P. Bagga et al.
7,0,0,0,0,31,8,/JJNDYT+CharisSIL,6.38,37.59,695.81,539.21,724.83,695.81,68.87,37.59,56.07,Summary of characteristics of existing competing protocols. Scheme and year Cryptographic techniques Characteristics Zhang et al. [38] (2020) *Hash chains  It is an effective anonymous batch authentication scheme which provides message
7,0,0,0,0,14,8,/JJNDYT+CharisSIL,6.38,145.71,687.24,587.03,693.62,687.24,100.09,145.71,8.25,"*Elliptic curve cryptosystem  integration, identity revocation, unlinkability and backward secrecy. It avoids replay attack,"
7,0,0,0,0,11,8,/JJNDYT+CharisSIL,6.38,284.16,678.67,516.89,685.05,678.67,108.65,284.16,78.38,but involves huge computational overheads due to periodic issuing of CRL.
7,0,0,0,0,39,8,/JJNDYT+CharisSIL,6.38,42.12,658.22,590.22,673.16,658.22,120.54,42.12,5.06,Tan and Chung [45]  *Blockchaining  It is a light weight certificate less scheme that is unforged against chosen message attack. It (2020)  *Elliptic curve cryptography  reduces the latency by assigning heavy tasks to the and lighter task like key
7,0,0,0,0,10,8,/JJNDYT+CharisSIL,6.38,145.71,632.52,357.49,656.03,632.52,137.67,145.71,237.79,*Bilinear pairing  management to vehicles. *Hash functions *Chinese Remainder Theorem
7,0,0,0,0,21,8,/JJNDYT+CharisSIL,6.38,42.12,620.63,571.09,627.01,620.63,166.69,42.12,24.19,Feng et al. [43] (2020) *Blockchain technology  This scheme is based on blockchain that maintains the privacy using three factor security
7,0,0,0,0,23,8,/JJNDYT+CharisSIL,6.38,145.71,603.5,571.09,618.44,603.5,175.26,145.71,24.19,"*Fuzzy extractor  and verifies the messages. It has a mechanism to revoke the vehicles, but does not manage *Attribute based encryption  the keys."
7,0,0,0,0,18,8,/JJNDYT+CharisSIL,6.38,42.12,591.62,548.77,597.99,591.62,195.71,42.12,46.5,Luo et al. [44] (2020) *Blockchain  It is a blockchain enabled trust-based location privacy protection scheme that uses
7,0,0,0,0,14,8,/JJNDYT+CharisSIL,6.38,145.71,583.05,555.42,589.42,583.05,204.28,145.71,39.86,*Dirichlet distribution  -anonymity to construct cloaking regions based on trust value determined by current
7,0,0,0,0,15,8,/JJNDYT+CharisSIL,6.38,284.16,565.91,583.84,580.86,565.91,212.84,284.16,11.44,behavior and historic trust of the vehicles. It does not match authentication or verification criteria.
7,0,0,0,0,19,8,/JJNDYT+CharisSIL,6.38,42.12,554.03,548.77,560.41,554.03,233.29,42.12,46.5,Wang et al. [41] (2019) *Blockchain  It uses blockchain technology to authenticate any new node joining the network and
7,0,0,0,0,25,8,/JJNDYT+CharisSIL,6.38,145.71,536.89,571.09,551.84,536.89,241.86,145.71,24.19,*Digital certificates  improves key distribution. It does not have provision of batch authentication of messages *Public key pair crypto accumulator  and upgradation of the key.
7,0,0,0,0,18,8,/JJNDYT+CharisSIL,6.38,42.12,525.01,514.94,531.39,525.01,262.31,42.12,80.34,Their scheme uses blockchain to record the functionalities of the to provide Lu et al. [40] (2019) *Blockchaining
7,0,0,0,0,13,8,/JJNDYT+CharisSIL,6.38,145.71,490.74,325.61,522.82,490.74,270.88,145.71,269.67,transparency.*Secure hashing algorithm *Advanced encryption standard *Elliptic curve cryptography *Elliptic curve digital signature
7,0,0,0,0,35,8,/JJNDYT+CharisSIL,6.38,42.12,470.29,567.9,485.23,470.29,308.47,42.12,27.38,The scheme is free from deployment and is secured against bogus and impersonation Guehguih et al. [39] *Blockchaining attack. The scheme stores the event messages in the blockchain increasing the efficiency (2019) *Public key infrastructure
7,0,0,0,0,10,8,/JJNDYT+CharisSIL,6.38,145.71,453.15,418.06,468.1,453.15,325.6,145.71,177.21,but does not support batch authentication.*Elliptic curve cryptography *Hash function
7,0,0,0,0,20,8,/JJNDYT+CharisSIL,6.38,42.12,441.27,542.4,447.65,441.27,346.05,42.12,52.88,Their scheme provides secure and anonymous authentication along with the privacy Zheng et al. [42] (2019) *Elliptic curve cryptography (ECC)
7,0,0,0,0,28,8,/JJNDYT+CharisSIL,6.38,145.71,424.14,561.52,439.08,424.14,354.62,145.71,33.75,preservation. Blockchain holds the messages to be sent by the vehicles and forbids the *Public key infrastructure distribution of malicious message and also reduces the storage overheads.*Hash functions
7,0,0,0,0,34,8,/JJNDYT+CharisSIL,6.38,42.12,403.69,587.03,418.63,403.69,375.07,42.12,8.25,Their scheme is pairing-free certificateless authentication scheme with batch verification. It Gayathri et al. [15] *Elliptic curve cryptography faces communication overheads due to revocation list traveling from the to  and(2018) *Elliptic curve discrete logarithm
7,0,0,0,0,8,8,/JJNDYT+CharisSIL,6.38,145.71,395.12,421.59,401.49,395.12,392.21,145.71,173.68,", and might suffer from capture attack.problem (ECDLP)"
7,0,0,0,0,23,8,/JJNDYT+CharisSIL,6.38,42.12,383.23,561.52,389.61,383.23,404.09,42.12,33.75,Tzeng et al. [33] (2017) *Modules for each phase  Their scheme is a identity based batch verification scheme that is resistant to replay
7,0,0,0,0,25,8,/JJNDYT+CharisSIL,6.38,145.71,366.1,571.09,381.04,366.1,412.66,145.71,24.19,"*Small exponent test  attacks. But with large number of vehicles, their scheme can be inefficient due to use of *Bilinear pairing  vectors in batch verification."
7,0,0,0,0,16,8,/JJNDYT+CharisSIL,6.38,42.12,354.22,567.9,360.59,354.22,433.11,42.12,27.38,"Their scheme provides authentication, conditional privacy, identity revocation, backward Jiang et al. [37] (2016) *Bilinear pairing"
7,0,0,0,0,38,8,/JJNDYT+CharisSIL,6.38,145.71,302.81,577.46,352.03,302.81,441.68,145.71,17.81,"privacy, message integrity and supports batch verification. It is not scalable, has storage *Hash based message authentication overheads and suffers from Denial of Service (DoS) attack on .code *Elliptic curve discrete logarithm problem (ECDLP) *Computational Diffie–Hellman problem (CDH)"
7,0,0,0,0,19,8,/JJNDYT+CharisSIL,6.38,42.12,290.93,574.28,297.3,290.93,496.4,42.12,21.0,Zhong et al. [35] (2016) *Elliptic curve cryptography  Their batch verification scheme provides authentication and it follows conditional privacy
7,0,0,0,0,10,8,/JJNDYT+CharisSIL,6.38,145.71,282.36,446.75,288.74,282.36,504.96,145.71,148.52,"*Discrete logarithm problem  by being unlinkable yet traceable, non repudiation."
7,0,0,0,0,18,8,/JJNDYT+CharisSIL,6.38,42.12,270.48,545.58,276.85,270.48,516.85,42.12,49.69,"Bayat et al. [18] (2015) *Elliptic curve cryptography  Their authentication scheme resists replay attack, and verifies multiple messages"
7,0,0,0,0,25,8,/JJNDYT+CharisSIL,6.38,145.71,244.77,561.52,268.29,244.77,525.42,145.71,33.75,"*Computational Diffie–Hellman  simultaneously and preserves privacy. Their scheme has a slight computational delay in problem (CDH)  generating pseudonyms, and cannot resist modification attack. *Bilinear pairing"
7,0,0,0,0,256,5,/JJNDYT+CharisSIL,7.97,37.59,77.29,593.53,225.62,77.29,568.08,37.59,1.75,"generate a valid signature without revealing the entire private key of which is added by registration server for every vehicle registered, the user. Later, Feng et al. [48] also proposed a new share conver- authentication or authorization transaction which is read and written sion protocol and constructed the first multi-party distributed signing by service provider to authenticate the vehicle and to provide the protocol for the identity-based signature scheme in IEEE 1363 standard. service to the authorized vehicle. A vehicle after getting authenticated Table 1 summarizes the schemes described in related work. The by sends the registration request to the registration server to table contains the information related to the cryptographic techniques receive pseudo identity. After sending the pseudo identity, RS adds the applied and the limitations, benefits of the schemes.valid registration transaction to blockchain and removes the details. Next the vehicle sends the access request to the service provider. The service provider checks for the vehicle’s registration transaction in the 3. The proposed scheme blockchain to verify its authenticity. If valid, it adds an access log in the blockchain. A legitimate vehicle forms a digital signature on the service In this section, we propose a new blockchain-enabled privacyit needs and sends it to the service provider to avail the service. The preserving batch authentication in AI-envisioned IoV-based smart city service provider adds the authorization transaction in the blockchain environment. In short, we call this scheme as BBAS-IoV. BBAS-IoV and offers the service to the vehicle.  follows the architecture described in Section 1.1. We assume that"
7,0,0,0,0,24,5,/JJNDYT+CharisSIL,7.97,49.54,66.7,560.14,74.94,66.7,718.76,49.54,35.14,"To protect the private key in mobile devices, He et al. [47] proposed the trusted authorities ( ) have high computational power and are"
7,0,0,0,0,38,5,/JJNDYT+CharisSIL,7.97,37.59,45.52,581.57,64.22,45.52,729.48,37.59,13.7,"a novel two-party distributed signing protocol for the identity-based unconditionally secured. The proposed BBAS-IoV has following phases: signature scheme in IEEE 1363 standard, which allows two devices to (1) initial setup phase, (2) vehicle and registration, (3) message"
7,0,1,0,0,7,8,/EMQPYA+CharisSIL-Italic,6.38,344.83,24.34,501.04,30.72,24.34,762.98,344.83,94.23,Journal of Systems Architecture 113 (2021) 101877
7,0,0,0,0,8,3,Unknown,12.0,0.0,-12.0,306.0,0.0,-12.0,793.7,0.0,289.28,Journal of Systems Architecture 113 (2021) 101877 7
8,0,1,0,0,4,8,/JLCVTF+CharisSIL-Italic,6.38,37.59,746.19,85.41,752.57,746.19,41.13,37.59,509.87,P. Bagga et al.
8,0,0,0,0,9,5,/JJNDYT+CharisSIL,7.97,37.59,724.06,564.45,733.39,724.06,60.31,37.59,30.82,Table 2 : The  𝐸 ( ) of the
8,0,0,0,0,7,9,/GXLRMS+STIXMath-Regular,5.98,320.81,722.07,532.66,730.04,722.07,63.66,320.81,62.62,1  first chooses a non-singular elliptic curve
8,0,0,0,0,13,9,/GXLRMS+STIXMath-Regular,5.98,37.59,716.34,516.2,724.83,716.34,68.87,37.59,79.08,Notations and their meanings. 2 = 3 + 3 + 27 2 ≠
8,0,0,0,0,15,5,/GXLRMS+STIXMath-Regular,7.97,330.51,713.55,563.43,721.52,713.55,72.18,330.51,31.85,form: 𝑦  𝑥 + 𝑣 (mod 𝑞 ) such that 4  0 (mod 𝑞 ).
8,0,0,0,0,5,5,/JJNDYT+CharisSIL,7.97,42.12,703.04,391.63,714.07,703.04,79.64,42.12,203.65,"Symbol Description Next, the  𝐺"
8,0,0,0,0,9,5,/JJNDYT+CharisSIL,7.97,377.19,701.05,567.99,709.02,701.05,84.68,377.19,27.29,picks an additive group 1 with point at infinity
8,0,0,0,0,28,5,/JJNDYT+CharisSIL,7.97,51.22,682.02,559.46,700.59,682.02,93.11,51.22,35.82,Trusted authority  and a multiplicative group 𝐺  1  of prime order2 with identity Road Side Unit . It selects 𝐺 as a randomly-chosen generator of 𝐺  𝑒  as
8,0,1,0,0,7,8,/ESLNAJ+STIXMath-Italic,6.38,45.79,677.08,211.6,685.05,677.08,108.65,45.79,383.67,th vehicle in any cluster 𝐶 𝑗
8,0,0,0,0,20,5,/JJNDYT+CharisSIL,7.97,132.49,669.51,565.46,679.48,669.51,114.22,132.49,29.82,a bilinear mapping 𝑒 : 𝐺  𝐺  𝐺1 ×1 → 2 with the following three th cluster of vehicles of
8,0,0,0,0,7,8,/JJNDYT+CharisSIL,6.38,50.79,659.94,406.23,668.96,659.94,124.74,50.79,189.05,"properties [61,62]: 𝑉 Unique identity of vehicle"
8,0,0,0,0,7,8,/JJNDYT+CharisSIL,6.38,129.04,652.97,257.89,659.34,652.97,134.36,129.04,337.39,"Unique identity of , managing cluster 𝐶"
8,0,0,0,0,19,5,/GXLRMS+STIXMath-Regular,7.97,129.04,644.23,559.02,652.28,644.23,141.42,129.04,36.26,"Bilinearity: For all 𝑃,𝑄,𝑅 ∈  𝐺 , 𝑒 ( + 𝑄,𝑅 ) = 𝑒 ( )Pseudo identity of 𝑉1"
8,0,0,0,0,23,5,/GXLRMS+STIXMath-Regular,7.97,42.12,633.8,574.4,641.77,633.8,151.93,42.12,20.87,"( ) and 𝑒 ( +  𝑅 ) = ( ) ( ). In general, for all() Public and private keys pair of"
8,0,0,0,0,18,5,/GXLRMS+STIXMath-Regular,7.97,129.04,623.29,525.82,632.57,623.29,161.13,129.04,69.46,"Public key of vehicle 𝑉  ∈  𝑍 ,2, ,𝑞 − 1} , 𝑒( ) = ( ) ."
8,0,0,0,0,10,8,/GXLRMS+STIXMath-Regular,6.38,42.12,616.9,193.69,623.27,616.9,170.43,42.12,401.58,( ) Partial private key pair of a vehicle 𝑉
8,0,0,0,0,14,5,/GXLRMS+STIXMath-Regular,7.97,54.48,610.44,544.16,620.56,610.44,173.14,54.48,51.11,"0 1  Non-degeneracy : 𝑒( )  ≠ 1  𝑃  ∈ 𝐺 , where 1"
8,0,0,0,0,9,10,/GXLRMS+STIXMath-Regular,4.98,129.04,606.95,556.69,616.41,606.95,177.29,129.04,38.58,11 for all 1Private key of a vehicle 𝑉
8,0,0,0,0,5,5,/JJNDYT+CharisSIL,7.97,350.44,599.92,425.5,607.89,599.92,185.81,350.44,169.78,is the identity in 𝐺.1
8,0,0,0,0,4,8,/JJNDYT+CharisSIL,6.38,129.04,598.31,180.05,604.69,598.31,189.01,129.04,415.23,Public key of an
8,0,0,0,0,24,5,/JJNDYT+CharisSIL,7.97,129.04,578.45,580.11,596.94,578.45,196.77,129.04,15.17,"Computability : There is an efficient algorithm to computePrivate key of an Certificate for vehicle 𝑉 ( ) for all 𝑃,𝑄 ∈  𝐺 ."
8,0,0,0,0,4,8,/JJNDYT+CharisSIL,6.38,129.04,571.53,199.18,577.91,571.53,215.79,129.04,396.1,Signature generated by 𝑉
8,0,0,0,0,4,5,/JJNDYT+CharisSIL,7.97,324.3,561.52,557.27,572.28,561.52,221.42,324.3,38.0,"and sets: 𝑍, 𝑋,1}"
8,0,0,0,0,14,5,/GXLRMS+STIXMath-Regular,7.97,51.79,558.03,505.78,568.62,558.03,225.08,51.79,89.5,𝐶 2  then randomly selects  ∈ {0 Group key for members of cluster ∈
8,0,0,0,0,8,8,/GXLRMS+STIXMath-Regular,6.38,46.8,552.08,184.39,560.05,552.08,233.65,46.8,410.89,",𝐺1 2 An additive group and a multiplicative"
8,0,0,0,0,12,5,/JJNDYT+CharisSIL,7.97,346.19,547.52,589.28,555.49,547.52,238.21,346.19,5.99,as its private key. It then uses its private key to compute
8,0,0,0,0,18,5,/JJNDYT+CharisSIL,7.97,129.04,540.49,556.09,551.48,540.49,242.22,129.04,39.18,"group of prime order 𝑞 , respectively. its public key as  𝐺 , where 𝑘  ⋅ 𝐺 denotes"
8,0,0,0,0,6,5,/GXLRMS+STIXMath-Regular,7.97,42.12,536.54,463.36,544.98,536.54,248.72,42.12,131.91,=  ⋅ A generator of 𝐺
8,0,0,0,0,10,5,/ESLNAJ+STIXMath-Italic,7.97,330.52,529.98,557.66,537.95,529.98,255.75,330.52,37.61,the ‘‘elliptic curve point (scalar) multiplication’’ with 𝑘 ∈ 𝑍
8,0,0,0,0,21,8,/JJNDYT+CharisSIL,6.38,50.07,518.68,581.57,534.34,518.68,259.36,50.07,13.7,", 𝑟 Random nonces chosen by which is defined as repeated ‘‘elliptic curve point addition’’: 𝑘, 𝑏,Random nonces chosen by 𝑉"
8,0,0,0,0,11,5,/GXLRMS+STIXMath-Regular,7.97,129.04,508.96,395.03,516.93,508.96,276.77,129.04,200.25,= 𝐺 + 𝐺 + ⋯ + .Random nonces chosen by
8,0,0,0,0,5,8,/GXLRMS+STIXMath-Regular,6.38,45.8,500.64,152.86,507.02,500.64,286.68,45.8,442.41,"(),𝐻 (),𝐻 (), Secure cryptographic01"
8,0,0,0,0,6,8,/GXLRMS+STIXMath-Regular,6.38,47.69,492.07,161.73,498.45,492.07,295.25,47.69,433.54,"(),𝐻 (),𝐻 () One-way hash functions234"
8,0,0,0,0,13,5,/JJNDYT+CharisSIL,7.97,129.04,482.91,578.65,492.87,482.91,300.83,129.04,16.62,": Further,3  selects six ‘‘one-way collision-resistant crypto- Current system timestamps generated by 𝑉"
8,0,0,0,0,12,5,/ESLNAJ+STIXMath-Italic,7.97,330.52,474.39,559.44,485.15,474.39,308.55,330.52,35.83,"→graphic hash functions’’ defined by ℎ: {0,1} 𝑍 , 𝐻 ,𝐻 :"
8,0,0,0,0,4,8,/JJNDYT+CharisSIL,6.38,129.04,472.62,554.96,480.59,472.62,313.11,129.04,40.32,and 0 4 respectively
8,0,0,0,0,21,5,/ESLNAJ+STIXMath-Italic,7.97,42.12,463.88,559.44,474.64,463.88,319.06,42.12,35.83,"→  × () Signature generation algorithm in the elliptic {0,1} 𝐺, 𝐻: 𝐺 𝐺, 𝐻: {0,1} 𝐺  𝑍 , 𝐻 :"
8,0,0,0,0,9,9,/GXLRMS+STIXMath-Regular,5.98,377.91,461.89,554.96,469.86,461.89,323.84,377.91,40.32,1 1 1 → 1 2 1 → 3
8,0,0,0,0,9,5,/ESLNAJ+STIXMath-Italic,7.97,129.04,453.37,415.17,464.13,453.37,329.57,129.04,180.11,"×curve digital signature algorithm (ECDSA) .{0,1} 𝐺 𝐺 𝑍"
8,0,0,0,0,4,9,/GXLRMS+STIXMath-Regular,5.98,367.58,451.37,393.53,459.34,451.37,334.36,367.58,201.75,1 × 1 →
8,0,0,0,0,7,8,/GXLRMS+STIXMath-Regular,6.38,42.12,448.51,216.12,454.88,448.51,338.82,42.12,379.16,( ) Signature verification algorithm in ECDSA
8,0,0,0,0,32,5,/GXLRMS+STIXMath-Regular,7.97,51.8,430.0,563.67,448.48,430.0,345.22,51.8,31.61,": Finally,  { ,𝐺 ,𝑒,𝐺,𝐸 𝑞 ( ),𝑋 , 4 publicly publishes12()∕() ECC-based public key encryption/decryption function ,ℎ(),𝐻 (),𝐻 (),𝐻 (),𝐻 (),𝐻 ()} as the system param- ()∕() Symmetric key encryption/decryption function01234"
8,0,0,0,0,4,8,/JJNDYT+CharisSIL,6.38,42.12,419.49,354.43,429.18,419.49,364.52,42.12,240.85,Maximum transmission delay eters.
8,0,1,0,0,8,8,/ESLNAJ+STIXMath-Italic,6.38,47.4,414.24,251.43,420.61,414.24,373.09,47.4,343.84,"𝑦 Modular multiplication of elements 𝑥,𝑦  ∈  𝑍"
8,0,1,0,0,3,5,/JLCVTF+CharisSIL-Italic,7.97,306.61,397.86,398.26,405.83,397.86,387.87,306.61,197.01,3.2. Registration phase
8,0,0,0,0,10,5,/JJNDYT+CharisSIL,7.97,318.56,376.48,585.07,384.45,376.48,409.25,318.56,10.21,"In the registration phase, thes are responsible for registering the"
8,0,0,0,0,55,5,/JJNDYT+CharisSIL,7.97,37.59,337.29,581.57,375.56,337.29,418.14,37.59,13.7,"signing phase, (4) batch authentication phase, (5) group key manage- vehicles and RSUs prior to their deployment in the IoV-enabled smart ment phase, (6) blockchain formation phase, (7) AI-based secure big city environment. data analytics using blockchain phase, and (8) dynamic nodes addition phase. The notations used through out the description of the scheme is"
8,0,1,0,0,3,5,/JLCVTF+CharisSIL-Italic,7.97,306.61,333.82,414.2,341.79,333.82,451.91,306.61,181.07,3.2.1. Vehicle registration
8,0,0,0,0,4,5,/JJNDYT+CharisSIL,7.97,37.59,327.19,125.26,335.16,327.19,458.54,37.59,470.02,described in Table 2.
8,0,0,0,0,14,5,/JJNDYT+CharisSIL,7.97,318.56,321.21,563.62,331.17,321.21,462.53,318.56,31.65,"Suppose  𝑉 , 𝑉 , … ,𝑉 manages a group of vehicles12  that belong"
8,0,0,0,0,11,5,/JJNDYT+CharisSIL,7.97,49.54,317.09,308.57,325.06,317.09,468.64,49.54,286.7,"To protect the replay attacks against an adversary, we apply the"
8,0,0,0,0,13,5,/JJNDYT+CharisSIL,7.97,306.61,310.7,559.44,320.66,310.7,473.04,306.61,35.83,"to a particular region of a smart city.  𝑉 , registers each vehicle"
8,0,0,0,0,11,5,/JJNDYT+CharisSIL,7.97,37.59,306.99,304.59,314.96,306.99,478.74,37.59,290.69,"system current timestamps. For this goal, it is an assumption that"
8,0,0,0,0,15,5,/GXLRMS+STIXMath-Regular,7.97,306.61,302.18,568.54,310.15,302.18,483.55,306.61,26.73,"( = 1 ,2, ,𝑛 ) before deploying them in the network. In this phase,"
8,0,0,0,0,11,5,/JJNDYT+CharisSIL,7.97,37.59,296.9,312.56,304.87,296.9,488.83,37.59,282.72,all the involved entities in the network are synchronized with their
8,0,0,0,0,14,5,/JJNDYT+CharisSIL,7.97,317.98,289.67,566.97,299.63,289.67,494.07,317.98,28.3,𝑉 . It  chooses a unique identity and a public key for the vehicle
8,0,0,0,0,14,5,/JJNDYT+CharisSIL,7.97,37.59,286.8,328.5,294.77,286.8,498.93,37.59,266.78,clocks. It is a typical assumption that is applied in the design of many
8,0,0,0,0,11,5,/JJNDYT+CharisSIL,7.97,306.61,281.15,585.56,289.12,281.15,504.58,306.61,9.72,also performs some computations to generate a partial private key for
8,0,0,0,0,7,5,/JJNDYT+CharisSIL,7.97,37.59,276.7,312.56,284.67,276.7,509.03,37.59,282.72,authentication protocols in various networking environments [49–59].
8,0,0,0,0,13,5,/JJNDYT+CharisSIL,7.97,306.61,268.65,564.52,278.61,268.65,515.09,306.61,30.75,"each 𝑉 . At the end of the phase,  handovers a pseudo identity,"
8,0,0,0,0,9,5,/JJNDYT+CharisSIL,7.97,49.54,266.6,280.68,274.57,266.6,519.13,49.54,314.6,"In this paper, a dynamic clustering approach suggested by"
8,0,0,0,0,12,5,/JJNDYT+CharisSIL,7.97,306.61,260.13,589.54,268.1,260.13,525.6,306.61,5.73,"hashed public key, partial private keys packed in a certificate to the"
8,0,0,0,0,10,5,/JJNDYT+CharisSIL,7.97,37.59,256.5,304.59,264.47,256.5,529.23,37.59,290.69,Kakkasageri and Manvi [60] has been considered to generate various
8,0,0,0,0,13,5,/JJNDYT+CharisSIL,7.97,306.61,249.62,577.24,257.59,249.62,536.11,306.61,18.03,vehicle 𝑉 . The steps involved in the phase are described as follows.
8,0,0,0,0,23,5,/JJNDYT+CharisSIL,7.97,37.59,236.3,336.47,254.37,236.3,539.33,37.59,258.81,clusters of vehicles on the fly. Their approach allows the cluster members to be initially picked based on the ‘‘relative speed of vehicles’’
8,0,0,0,0,9,5,/JJNDYT+CharisSIL,7.97,320.81,229.49,559.12,239.45,229.49,554.25,320.81,36.15,:1  generates a random unique identity  for any vehicle
8,0,0,0,0,33,5,/JJNDYT+CharisSIL,7.97,37.59,216.11,574.2,234.18,216.11,559.52,37.59,21.08,along with the ‘‘direction for dynamic clustering’’. After that a cluster of the region of the smart city. It then calculates pseudo head may be picked among the available cluster members based on
8,0,0,0,0,15,5,/JJNDYT+CharisSIL,7.97,37.59,206.01,554.75,214.94,206.01,578.76,37.59,40.52,"corresponding to its unique identity by  =various metrics, such as ‘‘connectivity degree’’, ‘‘average speed’’ and"
8,0,0,0,0,36,5,/JJNDYT+CharisSIL,7.97,37.59,185.1,573.26,203.88,185.1,589.82,37.59,22.01,‘‘time to leave the road intersection’’. They also pointed out that the :  𝑃  𝑍  𝑉 . It then cal- 2 chooses a random keycluster members with similar mobility pattern can later reconnect with  for vehicle
8,0,0,0,0,21,5,/JJNDYT+CharisSIL,7.97,37.59,175.71,559.27,185.35,175.71,608.35,37.59,36.01,culates the public key corresponding to 𝑃  𝐻 ( ).the cluster head after ‘‘passing an intersection of the lane’’. Their 1
8,0,0,0,0,11,5,/JJNDYT+CharisSIL,7.97,37.59,164.01,328.29,173.59,164.01,620.11,37.59,266.99,simulation study showed that the cluster formation stage was efficient. :
8,0,0,0,0,11,9,/GXLRMS+STIXMath-Regular,5.98,320.81,162.01,580.99,169.98,162.01,623.72,320.81,14.29,3  also computes the partial private key pair for each vehicle
8,0,0,0,0,15,5,/JJNDYT+CharisSIL,7.97,37.59,153.49,521.68,163.49,153.49,630.21,37.59,73.59,"Hence, we consider here the dynamic clusters as it was the case in [50]  ."
8,0,0,0,0,8,5,/GXLRMS+STIXMath-Regular,7.97,335.1,150.01,496.03,159.47,150.01,634.23,335.1,99.25,as 0 =  ⋅  and 1 =  ⋅
8,0,0,0,0,6,5,/JJNDYT+CharisSIL,7.97,37.59,145.42,216.91,153.39,145.42,640.31,37.59,378.36,because the clusters are dynamically formed.
8,0,0,0,0,10,5,/JJNDYT+CharisSIL,7.97,320.81,137.33,551.74,148.09,137.33,645.61,320.81,43.54,": Next,  𝑟  𝑍4 generates a random secret  and computes"
8,0,0,0,0,9,5,/GXLRMS+STIXMath-Regular,7.97,49.54,135.32,485.01,144.61,135.32,649.09,49.54,110.26,∈Various phases associated with the proposed BBAS-IoV are elabo-
8,0,0,0,0,8,5,/JJNDYT+CharisSIL,7.97,345.77,127.62,539.28,137.58,127.62,656.12,345.77,56.0,"𝑟  for 𝑉 . Further,  computes a certificate"
8,0,0,0,0,6,5,/GXLRMS+STIXMath-Regular,7.97,37.59,125.22,368.76,134.1,125.22,659.6,37.59,226.52,=  ⋅rated in the subsections below.
8,0,0,0,0,9,5,/ESLNAJ+STIXMath-Italic,7.97,330.52,117.11,544.41,127.07,117.11,666.63,330.52,50.87,for vehicle 𝑉  ℎ ( ) ∗ 𝑟 as
8,0,0,0,0,6,5,/GXLRMS+STIXMath-Regular,7.97,37.59,105.75,360.61,116.56,105.75,677.14,37.59,234.67,(mod 𝑞 ).3.1. Initial setup phase
8,0,0,0,0,11,5,/JJNDYT+CharisSIL,7.97,320.81,96.09,559.44,106.05,96.09,687.65,320.81,35.83,":  { , 𝑅 , , ( ,5 loads the credentials"
8,0,0,0,0,4,10,/GXLRMS+STIXMath-Regular,4.98,526.14,94.59,557.29,102.56,94.59,691.14,526.14,37.99,"0 , 1 )"
8,0,0,0,0,30,5,/GXLRMS+STIXMath-Regular,7.97,49.54,85.91,555.34,95.54,85.91,698.16,49.54,39.93,", ℎ (), 𝐻 (), 𝐻 (), 𝐻 (), 𝐻 (), 𝐻 ()} in the tamper- This phase is performed by all the fully trusted TAs () to set 01234"
8,0,0,0,0,15,5,/JJNDYT+CharisSIL,7.97,37.59,75.06,570.94,85.03,75.06,708.67,37.59,24.34,resistant on-board unit (OBU) of the vehicleup the system parameters. Suppose the before its deploy-
8,0,0,0,0,4,5,/JJNDYT+CharisSIL,7.97,189.02,73.82,300.6,81.79,73.82,711.91,189.02,294.68,manages registering of the
8,0,0,0,0,35,5,/JJNDYT+CharisSIL,7.97,37.59,55.62,567.6,74.51,55.62,719.19,37.59,27.68,"ment in the smart city environment. In addition,vehicles containing in a particular zone of the smart city. It performs  also deletes the private key 𝑟the following steps to generate the system parameters and compute its"
8,0,0,0,0,6,5,/JJNDYT+CharisSIL,7.97,394.08,52.55,581.38,60.52,52.55,733.18,394.08,13.9,in order to thwart against privileged-insider
8,0,0,0,0,6,5,/JJNDYT+CharisSIL,7.97,37.59,45.52,358.41,53.49,45.52,740.21,37.59,236.87,public and private keys pair. attack.
8,0,1,0,0,7,8,/EMQPYA+CharisSIL-Italic,6.38,344.83,24.34,501.04,30.72,24.34,762.98,344.83,94.23,Journal of Systems Architecture 113 (2021) 101877
8,0,0,0,0,8,3,Unknown,12.0,0.0,-12.0,306.0,0.0,-12.0,793.7,0.0,289.28,Journal of Systems Architecture 113 (2021) 101877 8
9,0,1,0,0,4,8,/JLCVTF+CharisSIL-Italic,6.38,37.59,746.19,85.41,752.57,746.19,41.13,37.59,509.87,P. Bagga et al.
9,0,0,0,0,13,5,/JJNDYT+CharisSIL,7.97,51.8,722.07,406.23,732.03,722.07,61.67,51.8,189.04,"3.4.1. V2V authentication: 𝑉 𝑍, computes the 6 chooses a random private key"
9,0,0,0,0,19,5,/JJNDYT+CharisSIL,7.97,61.5,711.66,566.28,722.02,711.66,71.68,61.5,29.0,"corresponding public key , and sets its private key  In V2V authentication, if any vehicle 𝑉 receives the broadcasted"
9,0,0,0,0,19,5,/JJNDYT+CharisSIL,7.97,61.5,703.26,570.74,712.01,703.26,81.69,61.5,24.54,"as { ,( . Finally, the tamper-resistant of  𝑉 hello message from its neighbor 𝑉 , it authenticates and"
9,0,0,0,0,4,10,/GXLRMS+STIXMath-Regular,4.98,109.0,700.55,141.23,708.52,700.55,85.18,109.0,454.05,"0 ,𝑝𝑝 1 )}"
9,0,0,0,0,22,5,/JJNDYT+CharisSIL,7.97,61.5,691.97,593.53,702.0,691.97,91.7,61.5,1.75,"contains the information { , 𝑅 , , , ( , verifies the signature received in the message. The following steps are"
9,0,0,0,0,4,10,/GXLRMS+STIXMath-Regular,4.98,259.04,690.54,288.27,698.51,690.54,95.19,259.04,307.0,"0 , 1 )"
9,0,0,0,0,18,5,/GXLRMS+STIXMath-Regular,7.97,81.62,681.57,402.25,691.98,681.57,101.72,81.62,193.03,", , ℎ (), 𝐻 (), 𝐻 (), 𝐻 (), 𝐻 (), 𝐻 ()}.01234 performed in this phase:"
9,0,0,0,0,12,5,/JJNDYT+CharisSIL,7.97,37.59,662.9,533.1,672.86,662.9,120.84,37.59,62.17,": Suppose 𝑉 = { ,3.2.2. RSU registration1 receives a hello message"
9,0,0,0,0,22,5,/JJNDYT+CharisSIL,7.97,60.92,652.87,566.91,661.57,652.87,132.13,60.92,28.37,} from its neighbor vehicle 𝑉 . After reception of is also responsible to register all the RSUs that are under its
9,0,0,0,0,15,5,/JJNDYT+CharisSIL,7.97,37.59,642.86,424.6,652.82,642.86,140.88,37.59,170.68,"region. , say at time , 𝑉 registers an which falls under a region of"
9,0,0,0,0,5,5,/JJNDYT+CharisSIL,7.97,425.79,641.21,577.23,649.18,641.21,144.52,425.79,18.05,first verifies the received timestamp
9,0,0,0,0,14,5,/JJNDYT+CharisSIL,7.97,37.59,631.87,554.96,642.81,631.87,150.89,37.59,40.31,"the smart city by executing following steps.  | | ≤ , where  is the"
9,0,0,0,0,3,5,/JJNDYT+CharisSIL,7.97,344.79,628.38,416.52,636.35,628.38,157.35,344.79,178.75,by the condition:
9,0,0,0,0,18,5,/JJNDYT+CharisSIL,7.97,51.8,614.6,573.6,628.58,614.6,165.12,51.8,21.67,maximum transmission delay associated with a message. If the : 1  generates a random unique identity  for an
9,0,0,0,0,11,5,/JJNDYT+CharisSIL,7.97,61.5,608.07,541.74,618.19,608.07,175.51,61.5,53.53,"timestamp is valid, 𝑉 further validates the certificateand calculates pseudo identity"
9,0,0,0,0,4,5,/JJNDYT+CharisSIL,7.97,207.91,604.58,556.54,614.7,604.58,179.0,207.91,38.74,of corresponding to its
9,0,0,0,0,12,5,/GXLRMS+STIXMath-Regular,7.97,61.5,597.83,556.21,607.79,597.83,185.91,61.5,39.06,= +unique identity by 𝐻(). attached in the message by the condition:
9,0,0,0,0,10,5,/GXLRMS+STIXMath-Regular,7.97,335.11,589.42,599.57,597.39,589.42,196.31,335.11,-4.3,"( ) . If the certificate is legitimate, the next"
9,0,0,0,0,10,5,/JJNDYT+CharisSIL,7.97,51.8,582.76,294.66,593.52,582.76,200.18,51.8,300.62,:  𝑃  𝑍2 chooses a random key  and calculates its
9,0,0,0,0,14,5,/JJNDYT+CharisSIL,7.97,61.5,575.54,589.54,586.02,575.54,207.68,61.5,5.73,"step is followed; otherwise, the phase is instantly terminated byrespective public key for 𝐻()."
9,0,0,0,0,3,5,/GXLRMS+STIXMath-Regular,7.97,169.25,572.05,233.36,581.52,572.05,212.18,169.25,361.91,as 1 =
9,0,0,0,0,10,5,/JJNDYT+CharisSIL,7.97,51.8,560.25,283.37,571.01,560.25,222.69,51.8,311.9,:  𝑟  𝑍3 also generates a random secret  and computes
9,0,0,0,0,10,5,/ESLNAJ+STIXMath-Italic,7.97,210.84,556.63,516.54,567.52,556.63,226.18,210.84,78.73,∈ : 𝑉  ℎ  𝐻 (  and ℎ  𝐻 (
9,0,0,0,0,15,5,/GXLRMS+STIXMath-Regular,7.97,88.41,553.02,558.0,562.6,553.02,231.1,88.41,37.27,"2  computes 2 = 2  ∥ 3 = 31 ) 1 ‖ 𝑟 𝐺. Furthermore,"
9,0,0,0,0,5,5,/JJNDYT+CharisSIL,7.97,80.34,549.54,291.33,559.0,549.54,234.7,80.34,303.94,computes a certificate = ⋅
9,0,0,0,0,11,5,/JJNDYT+CharisSIL,7.97,354.47,544.24,559.21,554.2,544.24,239.5,354.47,36.06,". Then, it uses the public parameter 𝑋 published by the"
9,0,0,0,0,7,5,/GXLRMS+STIXMath-Regular,7.97,123.42,541.02,356.3,550.98,541.02,242.72,123.42,238.98,+ ( ) ∗ 2 ) as
9,0,0,0,0,11,5,/GXLRMS+STIXMath-Regular,7.97,77.69,529.51,455.06,547.49,529.51,246.21,77.69,140.22,for  =  ∥ 𝐻 ( ). to compute4 𝑞). = (mod
9,0,0,0,0,17,5,/JJNDYT+CharisSIL,7.97,51.8,518.5,572.81,530.43,518.5,263.27,51.8,22.47,": 𝑉: {,, 𝑅,3  verifies the signature by using bilinear pairing through 4 then loads the credentials"
9,0,0,0,0,12,5,/GXLRMS+STIXMath-Regular,7.97,92.26,510.48,422.17,520.04,510.48,273.66,92.26,173.1,"the following equation:, ℎ(), 𝐻(), 𝐻(), 𝐻(), 𝐻(), 𝐻()} in the memory"
9,0,0,0,0,5,9,/GXLRMS+STIXMath-Regular,5.98,122.44,510.48,219.64,516.46,510.48,277.24,122.44,375.64,0 1 2 3 4
9,0,0,0,0,11,5,/JJNDYT+CharisSIL,7.97,61.5,498.48,304.81,508.44,498.48,285.26,61.5,290.46,of  prior to its deployment in the smart city region. In
9,0,0,0,0,9,5,/GXLRMS+STIXMath-Regular,7.97,334.06,493.83,525.19,503.79,493.83,289.91,334.06,70.08,( ) = 𝑒 (  ℎ ( ))2 ⋅
9,0,0,0,0,4,5,/GXLRMS+STIXMath-Regular,7.97,61.5,490.46,492.83,500.31,490.46,293.39,61.5,102.44,"1 +  +addition, 𝑟"
9,0,0,0,0,8,5,/JJNDYT+CharisSIL,7.97,108.73,486.97,292.42,496.43,486.97,297.27,108.73,302.85,also deletes the private key  in order to
9,0,0,0,0,7,5,/GXLRMS+STIXMath-Regular,7.97,61.5,480.44,487.31,490.41,480.44,303.29,61.5,107.97,(  ℎ ).thwart against privileged-insider attack.3 ⋅
9,0,0,0,0,12,5,/JJNDYT+CharisSIL,7.97,51.8,466.88,314.71,477.64,466.88,316.06,51.8,280.56,":  𝑍5 chooses a random  and sets it as its secret key,"
9,0,0,0,0,13,5,/JJNDYT+CharisSIL,7.97,168.61,464.2,572.27,474.16,464.2,319.54,168.61,23.0,"If the signature is valid, 𝑉 ∈ knows about the presence of legiti-"
9,0,0,0,0,7,5,/JJNDYT+CharisSIL,7.97,61.5,459.65,275.47,467.62,459.65,326.08,61.5,319.81,"and computes the public key . Finally,"
9,0,0,0,0,8,5,/JJNDYT+CharisSIL,7.97,189.88,453.8,450.7,464.14,453.8,329.56,189.88,144.57,=  ⋅ mate vehicle 𝑉  in its cluster.
9,0,0,0,0,9,5,/JJNDYT+CharisSIL,7.97,61.5,449.64,290.43,457.61,449.64,336.09,61.5,304.85,"contains the information { , , , 𝑅 ,"
9,0,0,0,0,25,5,/GXLRMS+STIXMath-Regular,7.97,92.26,439.42,589.54,447.6,439.42,346.1,92.26,5.73,", ℎ (), 𝐻 (), 𝐻 (), 𝐻 (), 𝐻 (), 𝐻 ()}. Similarly, all other vehicles come to know about the other neighboring 01234"
9,0,0,0,0,5,5,/JJNDYT+CharisSIL,7.97,306.61,429.02,442.1,436.99,429.02,356.71,306.61,153.18,vehicles present in their cluster.
9,0,1,0,0,3,5,/JLCVTF+CharisSIL-Italic,7.97,37.59,420.5,109.32,428.47,420.5,365.23,37.59,485.96,3.3. Signing phase
9,0,1,0,0,3,5,/JLCVTF+CharisSIL-Italic,7.97,306.61,408.36,414.2,416.33,408.36,377.37,306.61,181.07,3.4.2. Batch authentication
9,0,0,0,0,37,5,/JJNDYT+CharisSIL,7.97,49.54,390.91,531.98,408.9,390.91,384.8,49.54,63.29,"Assume that a cluster 𝐶  𝑛 vehicles, say 𝑉 , 𝑉 , … ,𝑉 has12  and their Vehicle to (V2RSU) authentication is the process where , say , where the cluster can be formed using the methods"
9,0,0,0,0,9,5,/JJNDYT+CharisSIL,7.97,306.61,387.56,563.92,395.53,387.56,398.17,306.61,31.36,receives the broadcasted hello message(s) from one or more
9,0,0,0,0,3,5,/JJNDYT+CharisSIL,7.97,37.59,380.9,125.26,388.87,380.9,404.83,37.59,470.02,"described in [50,60]."
9,0,0,0,0,6,5,/JJNDYT+CharisSIL,7.97,306.61,374.27,453.7,384.24,374.27,409.46,306.61,141.58,vehicles 𝑉  present under its cluster.
9,0,0,0,0,16,5,/JJNDYT+CharisSIL,7.97,49.54,368.9,291.39,378.86,368.9,414.84,49.54,303.89,"This phase is performed by all the vehicles 𝑉 , 𝑉 , … ,𝑉12  of the"
9,0,0,0,0,11,5,/JJNDYT+CharisSIL,7.97,318.56,365.87,573.6,373.84,365.87,419.86,318.56,21.67,"In order to save time and lower the computational overheads, we"
9,0,0,0,0,13,5,/JJNDYT+CharisSIL,7.97,37.59,358.88,295.71,368.85,358.88,424.85,37.59,299.57,"cluster 𝐶 . In this phase, each vehicle 𝑉 broadcasts a hello message"
9,0,0,0,0,9,5,/JJNDYT+CharisSIL,7.97,306.61,353.48,568.84,363.44,353.48,430.26,306.61,26.44,propose a batch authentication in which  authenticates all the
9,0,0,0,0,11,5,/JJNDYT+CharisSIL,7.97,37.59,350.86,294.88,358.83,350.86,434.87,37.59,300.4,to all the neighboring vehicles and its corresponding . We solve
9,0,0,0,0,15,5,/JJNDYT+CharisSIL,7.97,306.61,343.08,562.43,353.05,343.08,440.65,306.61,32.85,"vehicles 𝑉 , 𝑉 , … ,𝑉  𝐶12 of a cluster  simultaneously. When all the"
9,0,0,0,0,12,5,/JJNDYT+CharisSIL,7.97,37.59,340.85,328.5,348.82,340.85,444.88,37.59,266.78,"two purposes by executing this phase. First, each vehicle in the cluster"
9,0,0,0,0,8,5,/JJNDYT+CharisSIL,7.97,306.61,332.69,561.74,342.65,332.69,451.05,306.61,33.53,"vehicles broadcast their hello messages,  𝑛  signatures  receives"
9,0,0,0,0,11,5,/JJNDYT+CharisSIL,7.97,37.59,330.84,312.56,338.81,330.84,454.89,37.59,282.72,"knows about the fellow vehicles of the same cluster. Secondly, after"
9,0,0,0,0,17,5,/JJNDYT+CharisSIL,7.97,306.61,322.29,568.44,332.25,322.29,461.45,306.61,26.84,"from vehicles 𝑉 , 𝑉 , … ,𝑉  𝐶 . Thus, the signatures 12 of the cluster"
9,0,0,0,0,30,5,/JJNDYT+CharisSIL,7.97,37.59,310.82,554.97,328.8,310.82,464.9,37.59,40.3,"receiving hello messages from all the vehicles of a cluster, received by  … , , , … , are12  fromauthenticates the vehicles in a batch before receiving any traffic related"
9,0,0,0,0,5,5,/JJNDYT+CharisSIL,7.97,400.57,310.4,472.35,318.37,310.4,475.33,400.57,122.93,"1 , 2 ,  on"
9,0,0,0,0,41,5,/JJNDYT+CharisSIL,7.97,37.59,280.78,570.93,311.46,280.78,482.24,37.59,24.34,", 𝑉 , … , 𝑉 , respectively.12information from them. We describe authentication in the next section. performs the following steps to authenticate the received The steps executed by any vehicle 𝑉 𝐶 of the cluster coming under message(s):the scope of"
9,0,0,0,0,4,5,/JJNDYT+CharisSIL,7.97,100.52,278.79,200.15,286.76,278.79,506.94,100.52,395.13,is described as follows.
9,0,0,0,0,10,5,/JJNDYT+CharisSIL,7.97,55.28,263.78,537.05,273.91,263.78,519.79,55.28,58.22,",: After reception of the messagesat time1: Vehicle 𝑉 𝑍"
9,0,0,0,0,8,5,/GXLRMS+STIXMath-Regular,7.97,51.8,260.29,287.79,269.76,260.29,523.94,51.8,307.49,1  randomly chooses a random nonce  and  ∈
9,0,0,0,0,13,5,/JJNDYT+CharisSIL,7.97,61.5,253.77,477.96,262.62,253.77,531.08,61.5,117.31,first verifies the received timestampgenerates the current timestamp value as. It then forms
9,0,0,0,0,3,5,/JJNDYT+CharisSIL,7.97,485.23,251.16,556.96,259.13,251.16,534.57,485.23,38.31,by the condition:
9,0,0,0,0,20,5,/JJNDYT+CharisSIL,7.97,71.16,241.76,572.11,252.22,241.76,541.48,71.16,23.16,"| | ≤  for all vehicles 𝑉 , 𝑉 , … ,𝑉 . If the times- ,,,, 𝑅,,,}.12 = {"
9,0,0,0,0,16,5,/JJNDYT+CharisSIL,7.97,55.28,230.39,562.27,240.96,230.39,552.74,55.28,33.01,"tamp validation is successful,  proceeds to the next step.: To compute a signature on, vehicle 𝑉"
9,0,0,0,0,4,9,/GXLRMS+STIXMath-Regular,5.98,51.8,228.39,292.84,236.36,228.39,557.34,51.8,302.43,2  randomly chooses two
9,0,0,0,0,21,5,/JJNDYT+CharisSIL,7.97,61.5,219.98,559.44,229.94,219.98,563.76,61.5,35.83,": To verify all the signatures,  𝑤 , 𝑤 ,fresh random nonces as 𝑎, 𝑏 𝑍. It computes 𝑎2 chooses random12"
9,0,0,0,0,3,5,/GXLRMS+STIXMath-Regular,7.97,171.1,216.89,269.76,224.86,216.89,568.84,171.1,325.52,∈ 1 =
9,0,0,0,0,22,5,/GXLRMS+STIXMath-Regular,7.97,61.5,209.58,552.33,219.55,209.58,574.15,61.5,42.94,",𝑤  𝑍 . Then, for all 𝑗 = 1 ,2, ,𝑛 , it calculates ℎ(+) and 𝑏(). Furthermore, it com-  ∈2 ="
9,0,0,0,0,3,5,/GXLRMS+STIXMath-Regular,7.97,153.34,206.87,202.84,214.84,206.87,578.86,153.34,392.44,2 =  ⋅
9,0,0,0,0,19,5,/GXLRMS+STIXMath-Regular,7.97,61.5,198.36,566.41,209.15,198.36,584.55,61.5,28.87,"(  and ℎ  𝐻 ( . Furthermore, putes ℎ 𝐻( and ℎ 𝐻(. 2 ∥3 =32 =2 ∥3 =3"
9,0,0,0,0,9,10,/GXLRMS+STIXMath-Regular,4.98,159.45,196.86,508.46,205.66,196.86,588.04,159.45,86.81,1 ) 1 ‖ 2 )1 )1 ‖2 )
9,0,0,0,0,20,5,/JJNDYT+CharisSIL,7.97,61.5,187.81,553.82,198.31,187.81,595.39,61.5,41.45,"Then, it uses the public parameter 𝑋 it uses the public parameter 𝑋 published by to  published by  to compute"
9,0,0,0,0,12,5,/GXLRMS+STIXMath-Regular,7.97,61.5,179.41,394.5,188.29,179.41,605.41,61.5,200.77,"compute  𝐻 ( ). After these computations, it finally   𝐻 ( ).44"
9,0,0,0,0,7,5,/JJNDYT+CharisSIL,7.97,61.5,168.32,269.23,178.28,168.32,615.42,61.5,326.04,generates a signature  ℎ ) ( as2
9,0,0,0,0,19,5,/GXLRMS+STIXMath-Regular,7.97,154.48,166.04,583.33,174.8,166.04,618.9,154.48,11.95,on  = (  + 0 + : The validity of batch of signatures is checked by checking the 3
9,0,0,0,0,3,5,/GXLRMS+STIXMath-Regular,7.97,104.07,160.3,174.0,168.27,160.3,625.43,104.07,421.27,ℎ ) .3
9,0,0,0,0,9,5,/GXLRMS+STIXMath-Regular,7.97,74.97,155.64,469.99,164.78,155.64,628.92,74.97,125.28,1 ) +(  + validity of the following equation:
9,0,0,0,0,10,5,/JJNDYT+CharisSIL,7.97,51.8,144.94,291.18,154.9,144.94,638.8,51.8,304.09,": Lastly, vehicle 𝑉 = 3 broadcasts the hello message"
9,0,0,0,0,14,5,/GXLRMS+STIXMath-Regular,7.97,61.5,132.36,469.05,142.32,132.36,651.38,61.5,126.23,"(𝐺, ) = 𝑒 ( , [{,} to its cluster members including ⋅  ⋅"
9,0,0,0,0,3,10,/GXLRMS+STIXMath-Regular,4.98,102.52,130.8,490.38,138.83,130.8,654.87,102.52,104.89,"11 ,2 ,"
9,0,0,0,0,5,5,/GXLRMS+STIXMath-Regular,7.97,406.75,114.79,500.81,122.76,114.79,670.94,406.75,94.47,+ 𝑤 ( )]) ⋅2
9,0,1,0,0,3,5,/JLCVTF+CharisSIL-Italic,7.97,37.59,105.15,137.21,113.12,105.15,680.58,37.59,458.06,3.4. Authentication phase
9,0,0,0,0,4,5,/GXLRMS+STIXMath-Regular,7.97,410.3,91.78,467.25,101.74,91.78,691.96,410.3,128.02,"( , [  ⋅"
9,0,0,0,0,10,5,/JJNDYT+CharisSIL,7.97,49.54,85.57,449.08,93.54,85.57,700.16,49.54,146.19,We describe authentication procedure in two instant scenarios: (a)  =1
9,0,0,0,0,14,5,/GXLRMS+STIXMath-Regular,7.97,37.59,74.22,472.75,83.53,74.22,710.17,37.59,122.53,vehicle to vehicle (V2V) authentication that is between two vehicles of  + 𝑤 ]).
9,0,0,0,0,3,5,/VBWMKL+STIXMathScript-Regular,7.97,419.71,72.23,444.28,80.2,72.23,713.5,419.71,151.0,⋅ 3 ⋅
9,0,0,0,0,43,5,/JJNDYT+CharisSIL,7.97,37.59,45.52,565.37,73.52,45.52,720.18,37.59,29.9,"the same cluster, and (b) vehicle to (V2RSU) authentication that If the verification is successful, considers all its membersis performed between a vehicle and its in a cluster. The following , 𝑉 , … ,𝑉12  as authentic.sections describe both the scenarios in detail."
9,0,1,0,0,7,8,/EMQPYA+CharisSIL-Italic,6.38,344.83,24.34,501.04,30.72,24.34,762.98,344.83,94.23,Journal of Systems Architecture 113 (2021) 101877
9,0,0,0,0,8,3,Unknown,12.0,0.0,-12.0,306.0,0.0,-12.0,793.7,0.0,289.28,Journal of Systems Architecture 113 (2021) 101877 9
10,0,1,0,0,4,8,/JLCVTF+CharisSIL-Italic,6.38,37.59,746.19,85.41,752.57,746.19,41.13,37.59,509.87,P. Bagga et al.
10,1,0,0,0,14,8,/IOTZDA+CharisSIL-Bold,6.38,140.89,162.21,443.76,168.59,162.21,625.11,140.89,151.52,"Fig. 2. Signing, V2V authentication, batch authentication and group key management phases in BBAS-IoV."
10,0,0,0,0,16,5,/JJNDYT+CharisSIL,7.97,37.59,135.97,563.5,145.93,135.97,647.77,37.59,31.77,"3.5. Group key management phase :  𝑍 , a random 1 initially generates a random nonce"
10,0,0,0,0,14,5,/JJNDYT+CharisSIL,7.97,330.51,115.12,563.43,134.51,115.12,659.19,330.51,31.85,"secret key  𝑍 ,  and the current timestamp value as and computes public .𝐺."
10,0,0,0,0,9,5,/JJNDYT+CharisSIL,7.97,49.54,109.79,440.66,119.76,109.79,673.94,49.54,154.62,The above described batch authentication phase allows  = to
10,0,0,0,0,15,5,/JJNDYT+CharisSIL,7.97,37.59,100.62,559.44,110.59,100.62,683.11,37.59,35.83,":  𝑉 ,verify all the members 𝑉2 then derives the group key for the vehicles1"
10,0,0,0,0,7,5,/JJNDYT+CharisSIL,7.97,128.9,98.75,304.24,106.72,98.75,686.98,128.9,291.03,of the group simultaneously. After all the
10,0,0,0,0,65,5,/JJNDYT+CharisSIL,7.97,37.59,65.62,565.63,99.17,65.62,694.53,37.59,29.64,", … ,𝑉  𝐶members of the cluster are authenticated by, it generates a group 2 which are members of the cluster  using its own private key , the generated random secret keyand other key 𝐶. The group  for the vehicles that are members of the cluster information received from its cluster members (vehicles) askey is shared with all the vehicles of the group and which"
10,0,0,0,0,14,5,/GXLRMS+STIXMath-Regular,7.97,37.59,54.95,370.03,64.91,54.95,728.79,37.59,225.24,ℎ (is then used for further communication in the network. The steps to  =
10,0,0,0,0,9,10,/GXLRMS+STIXMath-Regular,4.98,388.87,53.45,556.69,61.42,53.45,732.28,388.87,38.58,1 ‖ 2 ‖ 1 ‖ 2 ‖ 1
10,0,0,0,0,10,5,/JJNDYT+CharisSIL,7.97,37.59,43.53,541.08,53.49,43.53,740.21,37.59,54.2,generate a group key ). executed by are as follows.
10,0,1,0,0,7,8,/EMQPYA+CharisSIL-Italic,6.38,344.83,24.34,501.04,30.72,24.34,762.98,344.83,94.23,Journal of Systems Architecture 113 (2021) 101877
10,0,0,0,0,8,3,Unknown,12.0,0.0,-12.0,312.0,0.0,-12.0,793.7,0.0,283.28,Journal of Systems Architecture 113 (2021) 101877 10
11,0,1,0,0,4,8,/JLCVTF+CharisSIL-Italic,6.38,37.59,746.19,85.41,752.57,746.19,41.13,37.59,509.87,P. Bagga et al.
11,0,0,0,0,20,5,/JJNDYT+CharisSIL,7.97,51.8,722.07,565.58,732.03,722.07,61.67,51.8,29.7,Each vehicle 𝑉  𝐶:3 further computes the encrypted group key for all legiti-  in a cluster  sends the encrypted transactions
11,0,0,0,0,19,5,/JJNDYT+CharisSIL,7.97,61.5,711.41,557.16,721.74,711.41,71.96,61.5,38.12,[ ] securely to itsmate vehicles of the cluster 𝐶  by means of encrypt-  using each vehicle’s public key
11,0,0,0,0,6,5,/JJNDYT+CharisSIL,7.97,118.16,702.74,338.49,711.45,702.74,82.25,118.16,256.79,"ing(). Finally, for each vehicle 𝑉"
11,0,0,0,0,8,5,/JJNDYT+CharisSIL,7.97,76.41,699.25,566.66,707.96,699.25,85.74,76.41,28.61,using the AES-128 symmetric encryption with the  as
11,0,0,0,0,12,5,/JJNDYT+CharisSIL,7.97,61.5,691.19,562.89,701.15,691.19,92.55,61.5,32.39,"help of the already established group keyin its cluster,,   during the batch"
11,0,0,0,0,3,5,/JJNDYT+CharisSIL,7.97,131.58,689.45,187.18,697.42,689.45,96.28,131.58,408.1,forms  = {
11,0,0,0,0,10,5,/JJNDYT+CharisSIL,7.97,88.46,680.78,562.31,690.86,680.78,102.84,88.46,32.96,"authentication phase. On the other side,  also sends the ,𝑅("
11,0,0,0,0,14,5,/GXLRMS+STIXMath-Regular,7.97,87.82,669.49,571.5,680.57,669.49,113.13,87.82,23.78,"encrypted transactions [ ] securely to its cluster ,𝑉)} and the signature on 𝑉+"
11,0,0,0,0,4,5,/JJNDYT+CharisSIL,7.97,179.18,666.0,255.23,675.47,666.0,118.23,179.18,340.05,"for  as ,𝑉 ="
11,0,0,0,0,5,5,/JJNDYT+CharisSIL,7.97,326.53,660.31,450.69,670.27,660.31,123.43,326.53,144.59,member vehicles 𝑉  by encrypting
11,0,0,0,0,7,5,/GXLRMS+STIXMath-Regular,7.97,66.1,656.84,560.76,666.8,656.84,126.9,66.1,34.52,( ) ∗  using the AES-128  ∥
11,0,0,0,0,4,5,/GXLRMS+STIXMath-Regular,7.97,117.73,655.34,220.19,663.31,655.34,130.39,117.73,375.09,∥  ∥  ∥  ∥
11,0,0,0,0,10,5,/JJNDYT+CharisSIL,7.97,326.53,652.01,585.56,659.98,652.01,133.72,326.53,9.72,symmetric encryption with the help of the same established group
11,0,0,0,0,10,5,/GXLRMS+STIXMath-Regular,7.97,61.5,648.17,290.43,656.14,648.17,137.56,61.5,304.85,"(mod 𝑞 ), and then sends the response message ,,𝑉"
11,0,0,0,0,3,5,/GXLRMS+STIXMath-Regular,7.97,256.91,641.72,338.49,652.65,641.72,141.05,256.91,256.79,= { key
11,0,0,0,0,5,5,/JJNDYT+CharisSIL,7.97,96.79,637.5,425.39,647.7,637.5,146.0,96.79,169.89,with its members.} to 𝑉.
11,0,1,0,1,1,9,/ESLNAJ+STIXMath-Italic,5.98,88.62,637.5,94.6,643.48,637.5,150.22,88.62,500.67,",𝑉"
11,0,0,0,0,7,5,/JJNDYT+CharisSIL,7.97,320.15,628.7,559.02,638.67,628.7,155.03,320.15,36.26,"Next, [ ] decrypts the encrypted transactions"
11,0,0,0,0,13,5,/JJNDYT+CharisSIL,7.97,51.8,622.14,309.6,632.1,622.14,161.6,51.8,285.67,": When a vehicle 𝑉 , it first checks 4 receives the message,𝑉"
11,0,0,0,0,11,5,/JJNDYT+CharisSIL,7.97,326.53,618.41,560.53,628.37,618.41,165.33,326.53,34.75,received from its member vehicles 𝑉 using the group key  to
11,0,0,0,0,6,5,/JJNDYT+CharisSIL,7.97,61.5,613.47,212.93,621.44,613.47,172.26,61.5,382.35,the validity of the received timestamp
11,0,0,0,0,7,5,/JJNDYT+CharisSIL,7.97,224.6,609.98,491.77,618.08,609.98,175.62,224.6,103.51,obtain [ [ ]]. by the condition
11,0,0,0,0,8,5,/RWVPXA+STIXMathExtensions-Regular,7.97,61.5,602.81,297.16,610.78,602.81,182.92,61.5,298.12,"| | ≤ , where denotes the received"
11,0,0,0,0,10,5,/JJNDYT+CharisSIL,7.97,320.16,594.75,558.92,604.71,594.75,188.99,320.16,36.35,"Assume that , where creates a pool of transactions, say"
11,0,0,0,0,13,5,/JJNDYT+CharisSIL,7.97,61.5,590.15,299.67,600.11,590.15,193.59,61.5,295.6,"time of the message . If it is valid, 𝑉,𝑉 checks the valid-"
11,0,0,0,0,10,5,/GXLRMS+STIXMath-Regular,7.97,336.57,584.45,563.22,594.42,584.45,199.28,336.57,32.05,"}. Let a block, say , be formed  ∈ {,𝑉"
11,0,0,0,0,7,5,/JJNDYT+CharisSIL,7.97,61.5,579.49,287.2,589.45,579.49,204.25,61.5,308.08,ity of the certificate = + by
11,0,0,0,0,3,5,/JJNDYT+CharisSIL,7.97,160.85,576.15,346.46,585.96,576.15,207.74,160.85,248.82,of using 𝑛
11,0,0,0,0,8,5,/JJNDYT+CharisSIL,7.97,351.66,574.16,582.6,582.13,574.16,211.57,351.66,12.67,transactions  from the transactions pool. For this pur-
11,0,0,0,0,8,5,/GXLRMS+STIXMath-Regular,7.97,66.1,570.82,303.7,578.79,570.82,214.91,66.1,291.58,( ) ⋅ . Upon successful verification of
11,0,0,0,0,7,5,/JJNDYT+CharisSIL,7.97,363.84,563.87,566.67,571.84,563.87,221.86,363.84,28.61,generates a compact signature on these transactions
11,0,0,0,0,10,5,/JJNDYT+CharisSIL,7.97,92.26,558.16,286.48,568.12,558.16,225.58,92.26,308.79,", 𝑉  also checks the validity of the signature ,𝑉"
11,0,0,0,0,10,5,/JJNDYT+CharisSIL,7.97,326.53,555.57,581.57,563.54,555.57,230.16,326.53,13.7,using the ECDSA signature generation algorithm with the help of
11,0,0,0,0,7,5,/JJNDYT+CharisSIL,7.97,61.5,547.5,250.86,557.46,547.5,236.24,61.5,344.41,"on the received = by the condition:,𝑉"
11,0,0,0,0,9,5,/GXLRMS+STIXMath-Regular,7.97,229.75,543.28,557.46,553.97,543.28,239.73,229.75,37.82,⋅  + its private key [{ | =  =
11,0,0,0,0,17,5,/GXLRMS+STIXMath-Regular,7.97,78.16,534.79,559.95,544.81,534.79,248.89,78.16,35.33,"∥  ∥  ∥  ∥  ∥ 1,2, ,𝑛 }].  ⟨ { | = 1 ,2, ,𝑛 }  to"
11,0,0,0,0,10,5,/JJNDYT+CharisSIL,7.97,61.5,526.17,295.25,536.13,526.17,257.57,61.5,300.03,"If the signature is valid, 𝑉 considers  as legitimate and"
11,0,0,0,0,11,5,/JJNDYT+CharisSIL,7.97,326.53,522.5,567.74,532.46,522.5,261.24,326.53,27.54,"its nearby fog server, say  for mining purpose in the public"
11,0,0,0,0,5,5,/JJNDYT+CharisSIL,7.97,61.5,517.5,165.11,525.47,517.5,268.23,61.5,430.17,proceeds to the next step.
11,0,0,0,0,11,5,/JJNDYT+CharisSIL,7.97,326.53,514.2,577.59,522.17,514.2,271.53,326.53,17.69,blockchain. Note that we do not require here to send encrypted
11,0,0,0,0,13,5,/JJNDYT+CharisSIL,7.97,51.8,503.91,386.31,514.77,503.91,278.93,51.8,208.97,: 𝑉5  extracts the group key  by decrypting the encrypted group  transactions to
11,0,0,0,0,8,5,/JJNDYT+CharisSIL,7.97,392.91,501.91,576.22,509.88,501.91,283.82,392.91,19.06,because the blockchain is public and also in
11,0,0,0,0,17,5,/JJNDYT+CharisSIL,7.97,61.5,493.61,573.6,504.11,493.61,289.59,61.5,21.67,key using its own private key  ( ) = between the communication the transactions cannot be modified
11,0,0,0,0,20,5,/GXLRMS+STIXMath-Regular,7.97,84.61,482.35,573.6,492.31,482.35,301.39,84.61,21.67,[ ( )]. 𝑉 = by an adversary as there is an attachment of the compact sig-  then checks if
11,0,0,0,0,21,5,/JJNDYT+CharisSIL,7.97,61.5,470.51,577.59,481.0,470.51,312.7,61.5,17.69,"nature. The signature cannot be created by the adversary as it and=. If both are valid, 𝑉 stores this group key"
11,0,0,0,0,16,5,/JJNDYT+CharisSIL,7.97,73.58,459.85,447.35,470.7,459.85,323.0,73.58,147.93,"requires the private key of . in its memory. Similarly, all other vehicles of the cluster"
11,0,0,0,0,17,5,/JJNDYT+CharisSIL,7.97,61.5,449.19,556.94,459.68,449.19,334.02,61.5,38.34,"After receiving 𝑛extract and store the same group key  transactions with their compact signature, in their memory."
11,0,0,0,0,13,5,/JJNDYT+CharisSIL,7.97,326.53,441.42,579.63,449.39,441.42,344.31,326.53,15.64,"creates a partial block , say . The structure of such a block"
11,0,0,0,0,30,5,/JJNDYT+CharisSIL,7.97,37.59,421.48,402.25,442.11,421.48,351.59,37.59,193.03,"It is also worth noticing that each vehicle in the cluster can use the same is shown in Fig. 3. group key  for secure communication with its neighbor vehicles, as"
11,0,0,0,0,12,5,/JJNDYT+CharisSIL,7.97,337.79,418.35,572.91,426.32,418.35,367.38,337.79,22.37,then sends the created partial block shown in Fig. 3 to a
11,0,0,0,0,12,5,/JJNDYT+CharisSIL,7.97,37.59,410.05,394.28,420.78,410.05,372.92,37.59,201.0,"well as for the secure communication with their .  cloud server, say"
11,0,0,0,0,9,5,/JJNDYT+CharisSIL,7.97,398.14,408.06,585.43,416.03,408.06,377.67,398.14,9.84,"for mining the full block. The full block, say"
11,0,0,0,0,11,5,/JJNDYT+CharisSIL,7.97,49.54,399.76,530.11,409.71,399.76,383.99,49.54,65.16,"The signing, V2V authentication, batch authentication and group   created by  contains"
11,0,0,0,0,5,5,/JJNDYT+CharisSIL,7.97,415.25,397.77,494.95,405.74,397.77,387.96,415.25,100.33,is shown in Fig. 4.
11,0,0,0,0,11,5,/JJNDYT+CharisSIL,7.97,37.59,389.47,410.22,399.05,389.47,394.65,37.59,185.06,key management phases are summarized in Fig. 2. the following fields:
11,1,0,0,0,8,5,/IOTZDA+CharisSIL-Bold,7.97,338.49,372.71,477.96,380.68,372.71,413.02,338.49,117.31,– Block header: This has the following components:
11,0,1,0,0,7,5,/JLCVTF+CharisSIL-Italic,7.97,37.59,367.32,288.65,375.29,367.32,418.41,37.59,306.63,3.6. Incorporating batch authentication in blockchain formation
11,0,0,0,0,10,5,/JJNDYT+CharisSIL,7.97,385.42,355.95,588.66,363.92,355.95,429.78,385.42,6.62,": It presents the block version, which is a unique"
11,0,0,0,0,9,5,/JJNDYT+CharisSIL,7.97,49.54,344.58,422.17,353.63,344.58,440.07,49.54,173.1,"serial number.Through the signing, V2V authentication, batch authentication and"
11,0,0,0,0,28,5,/JJNDYT+CharisSIL,7.97,37.59,323.25,581.27,343.34,323.25,450.36,37.59,14.01,": It is the hash of the previous block in the group key management phases in the proposed scheme (BBAS-IoV), all public blockchain.the vehicles () and their 𝐶"
11,0,0,0,0,7,5,/JJNDYT+CharisSIL,7.97,147.46,321.26,301.51,329.23,321.26,464.47,147.46,293.76,in a cluster establish a shared group
11,0,0,0,0,18,5,/JJNDYT+CharisSIL,7.97,37.59,312.59,543.42,322.34,312.59,471.36,37.59,51.85,": It denotes the time when the block, has key. Using this authentic group key, a vehicle 𝑉"
11,0,0,0,0,3,5,/JJNDYT+CharisSIL,7.97,239.66,310.6,295.45,318.57,310.6,475.13,239.66,299.82,can send the
11,0,0,0,0,6,5,/JJNDYT+CharisSIL,7.97,37.59,301.93,444.64,312.05,301.93,481.65,37.59,150.63,been created by .data securely to
11,0,0,0,0,8,5,/JJNDYT+CharisSIL,7.97,115.09,299.94,302.16,307.91,299.94,485.79,115.09,293.11,and also  can also send the data securely
11,0,0,0,0,12,5,/JJNDYT+CharisSIL,7.97,37.59,291.27,569.71,301.03,291.27,492.67,37.59,25.56,: This is the Merkle tree root for all the 𝑛to 𝑉.
11,0,0,0,0,21,5,/JJNDYT+CharisSIL,7.97,49.54,280.2,564.75,290.74,280.2,502.96,49.54,30.53,"transactions { | = 1 ,2, ,𝑛 } stored in the block We consider the following two types of transactions (,"
11,0,1,0,1,1,9,/ESLNAJ+STIXMath-Italic,5.98,62.62,269.54,68.6,275.51,269.54,518.19,62.62,526.68,",𝑉"
11,0,0,0,0,10,5,/JJNDYT+CharisSIL,7.97,393.34,261.69,563.25,269.66,261.69,524.04,393.34,32.03,": This is the public key of , which is"
11,0,0,0,0,16,5,/JJNDYT+CharisSIL,7.97,51.14,249.78,585.56,259.37,249.78,534.33,51.14,9.72,needed for compact signature verification of the block. Transactional data from a vehicle 𝑉: This transaction
11,0,0,0,0,5,5,/JJNDYT+CharisSIL,7.97,57.51,239.12,161.12,247.09,239.12,546.61,57.51,434.15,has the format as follows.
11,0,0,0,0,13,5,/GXLRMS+STIXMath-Regular,7.97,338.49,234.64,556.96,242.61,234.64,551.09,338.49,38.31,"– Block payload : The payload contains { | = 1,2, ,𝑛 }."
11,0,0,0,0,5,5,/JJNDYT+CharisSIL,7.97,133.91,228.46,287.2,236.43,228.46,557.27,133.91,308.08,", , , , ="
11,0,0,0,0,12,5,/GXLRMS+STIXMath-Regular,7.97,88.16,223.62,577.51,232.94,223.62,560.76,88.16,17.77,= { : This field is the compact signature on the block
11,0,0,0,0,13,5,/GXLRMS+STIXMath-Regular,7.97,113.62,213.33,466.72,223.78,213.33,569.92,113.62,128.55,"[ , , , ]}, where transactions, { | = 1,2, ,𝑛 }."
11,0,0,0,0,17,5,/JJNDYT+CharisSIL,7.97,80.92,202.31,597.27,212.49,202.31,581.21,80.92,-1.99,", , , are the pseudo  : This is the hash of the current entire block includ-"
11,0,0,0,0,41,5,/JJNDYT+CharisSIL,7.97,57.51,171.9,572.81,201.2,171.9,592.5,57.51,22.46,"identity of 𝑉 , transaction creation time, information (data), pub-  ing . lic key of 𝑉 and signature using the ECDSA signature generation applies the voting based consensus algorithm as described algorithm with the help of the private key 𝑉, respectively."
11,0,0,0,0,10,5,/JJNDYT+CharisSIL,7.97,326.53,164.72,573.6,172.69,164.72,621.01,326.53,21.67,"in Algorithm 1, which is based on the widely-used ‘‘Practical"
11,1,0,0,0,11,5,/IOTZDA+CharisSIL-Bold,7.97,51.14,156.54,297.26,166.5,156.54,627.2,51.14,298.01,Transactional data from  𝑉 : This kind of  to a vehicle
11,0,0,0,0,8,5,/JJNDYT+CharisSIL,7.97,326.53,154.43,581.57,162.4,154.43,631.3,326.53,13.7,Byzantine Fault Tolerance (PBFT) consensus algorithm’’ [26]. We
11,0,0,0,0,5,5,/JJNDYT+CharisSIL,7.97,57.51,147.87,204.96,155.84,147.87,637.86,57.51,390.32,transaction has the following format.
11,0,0,0,0,10,5,/JJNDYT+CharisSIL,7.97,326.53,142.14,558.23,152.11,142.14,641.59,326.53,37.04,assume that the each cloud server  has its own ECC-based
11,0,0,0,0,14,5,/JJNDYT+CharisSIL,7.97,82.54,133.72,557.62,145.18,133.72,648.52,82.54,37.65,", , , ,,𝑉 private–public keys pair ( ,  𝐺 ), where = {"
11,0,0,0,1,5,5,/GXLRMS+STIXMath-Regular,7.97,111.38,123.55,359.73,134.51,123.55,659.19,111.38,235.55,"= [ , ,  𝑍"
11,0,0,0,0,10,5,/JJNDYT+CharisSIL,7.97,342.47,120.06,560.01,128.73,120.06,664.97,342.47,35.27,is the private key and ∈  is made public to
11,0,0,0,0,19,5,/JJNDYT+CharisSIL,7.97,89.91,113.26,593.53,123.85,113.26,669.85,89.91,1.75,", ]}, where , , , all other cloud servers in the P2P CS network. At first, a leader,"
11,0,0,0,0,8,5,/JJNDYT+CharisSIL,7.97,146.47,102.96,338.49,113.19,102.96,680.51,146.47,256.79,"represent the pseudo identity of ,  say 𝐿"
11,0,0,0,0,10,5,/JJNDYT+CharisSIL,7.97,81.93,100.97,566.11,109.7,100.97,684.0,81.93,29.16,and  is selected among a group of Peer-to-Peer (P2P) cloud
11,0,0,0,0,32,5,/JJNDYT+CharisSIL,7.97,57.51,82.38,593.53,102.53,82.38,691.17,57.51,1.75,"transaction creation time, information (data), public key of servers network in the blockchain center using the existing leader and signature using the ECDSA signature generation algorithm  selection algorithm provided in [63]. 𝐿"
11,0,0,0,0,4,5,/JJNDYT+CharisSIL,7.97,469.97,80.38,557.64,88.35,80.38,705.35,469.97,37.63,later sends the block
11,0,0,0,0,19,5,/JJNDYT+CharisSIL,7.97,57.51,72.08,557.66,81.2,72.08,712.5,57.51,37.61,"with the help of the private key , respectively.   to its peer nodes. Next, via block verification the block"
11,0,0,0,0,8,5,/JJNDYT+CharisSIL,7.97,326.53,61.79,521.8,69.76,61.79,723.94,326.53,73.48,is committed and added in the public blockchain.
11,0,0,0,0,22,5,/JJNDYT+CharisSIL,7.97,37.59,45.52,328.5,64.15,45.52,729.55,37.59,266.78,"In order to create a block, and then to verify and add that block in the blockchain, the following steps are executed:"
11,0,1,0,0,7,8,/EMQPYA+CharisSIL-Italic,6.38,344.83,24.34,501.04,30.72,24.34,762.98,344.83,94.23,Journal of Systems Architecture 113 (2021) 101877
11,0,0,0,0,8,3,Unknown,12.0,0.0,-12.0,312.0,0.0,-12.0,793.7,0.0,283.28,Journal of Systems Architecture 113 (2021) 101877 11
12,0,1,0,0,4,8,/JLCVTF+CharisSIL-Italic,6.38,37.59,746.19,85.41,752.57,746.19,41.13,37.59,509.87,P. Bagga et al.
12,1,0,0,0,9,5,/IOTZDA+CharisSIL-Bold,7.97,306.6,724.59,505.86,732.56,724.59,61.14,306.6,89.42,Algorithm 1 Consensus for block verification and addition in
12,0,0,0,0,9,6,/ESLNAJ+STIXMath-Italic,7.17,306.6,705.35,559.48,712.53,705.35,81.17,306.6,35.79,"Input: A full block,  = { , 𝑃𝐵 ,"
12,0,0,0,0,15,6,/GXLRMS+STIXMath-Regular,7.17,306.6,694.0,563.07,702.96,694.0,90.74,306.6,32.21,"{  = 1 , 2 , , 𝑛} }; private–public key pairs ( ,  |"
12,0,0,0,0,12,6,/GXLRMS+STIXMath-Regular,7.17,332.82,684.43,554.85,693.4,684.43,100.3,332.82,40.42,= ) of all other cloud servers  in the P2P CS network;
12,0,0,0,0,12,6,/JJNDYT+CharisSIL,7.17,319.23,676.66,545.18,683.83,676.66,109.87,319.23,50.1,: number of faulty cloud servers (nodes) in the P2P CS network.
12,1,0,0,0,5,6,/IOTZDA+CharisSIL-Bold,7.17,306.6,667.1,421.37,674.27,667.1,119.43,306.6,173.9,Output: Commitment for block addition.
12,0,0,0,0,11,6,/JJNDYT+CharisSIL,7.17,309.17,644.74,539.84,653.71,644.74,139.99,309.17,55.44,"1: 𝐿  𝑍 , a current timestamp generates a random number"
12,0,0,0,0,5,6,/JJNDYT+CharisSIL,7.17,318.8,636.97,422.65,644.14,636.97,149.56,318.8,172.63,and a voting request .
12,0,0,0,0,8,6,/JJNDYT+CharisSIL,7.17,309.17,625.61,446.12,634.58,625.61,159.12,309.17,149.15,2: for each peer cloud server node  do
12,0,0,0,0,12,8,/JJNDYT+CharisSIL,6.38,64.5,622.98,263.17,629.36,622.98,164.34,64.5,332.11,"Fig. 3. Structure of a partial block,  by a fog server ."
12,0,0,0,0,9,6,/JJNDYT+CharisSIL,7.17,309.17,616.05,567.73,625.02,616.05,168.69,309.17,27.54,"3: 𝐿 , and using the ECC-based encryption  encrypts"
12,0,0,0,0,11,6,/JJNDYT+CharisSIL,7.17,326.77,606.48,530.07,615.45,606.48,178.25,326.77,65.2,algorithm with the help of the public key of  = as
12,0,0,0,0,10,6,/GXLRMS+STIXMath-Regular,7.17,356.84,598.71,574.48,605.89,598.71,187.81,356.84,20.8,"[ , 𝑇𝑆 ] and sends a block verification request"
12,0,0,0,0,7,6,/JJNDYT+CharisSIL,7.17,326.77,587.36,540.71,596.32,587.36,197.38,326.77,54.57,message { } to  via open channel.
12,0,0,0,0,25,6,/JJNDYT+CharisSIL,7.17,309.17,560.46,541.44,586.76,560.46,206.94,309.17,53.83,4: end for 5: for each follower node  do in the P2P CS network 6: Let the message {  𝐿 } be received at time
12,0,0,0,0,26,6,/JJNDYT+CharisSIL,7.17,309.17,520.41,562.76,548.5,520.41,245.2,309.17,32.51,7: by the condition: | | ≤ .  checks validity of 8: if  timestamp is valid then 9:  using its own private key to retrieve decrypts
12,0,0,0,1,6,6,/GXLRMS+STIXMath-Regular,7.17,334.74,512.64,484.67,519.81,512.64,273.89,334.74,110.61,"[ ] . ] =, 𝑇𝑆["
12,0,0,0,0,3,6,/IOTZDA+CharisSIL-Bold,7.17,306.6,503.07,408.82,510.25,503.07,283.46,306.6,186.46,= then10: if
12,0,0,0,0,6,6,/JJNDYT+CharisSIL,7.17,306.6,491.71,524.38,500.68,491.71,293.02,306.6,70.89,11:  on the block verifies and
12,0,0,0,0,9,6,/JJNDYT+CharisSIL,7.17,306.6,472.59,491.19,481.55,472.59,312.15,306.6,104.09,12: if  all the verifications by  then are successful
12,0,0,0,0,20,8,/JJNDYT+CharisSIL,6.38,64.53,463.02,552.29,471.99,463.02,321.71,64.53,42.98,"13:  sends a voting response cum block verification sta- Fig. 4. Structure of a full block, by a cloud server."
12,0,0,0,0,7,6,/GXLRMS+STIXMath-Regular,7.17,350.68,455.25,555.05,462.42,455.25,331.28,350.68,40.22,tus message { [ ]} to the
12,0,0,0,0,15,6,/JJNDYT+CharisSIL,7.17,350.68,436.12,576.84,452.86,436.12,340.84,350.68,18.43,"leader 𝐿 , where and are the voting response corresponding to and block verification status,"
12,0,1,0,0,9,5,/JLCVTF+CharisSIL-Italic,7.97,37.59,426.56,400.89,436.4,426.56,357.3,37.59,194.39,3.7. AI-based secure big data analytics using blockchain respectively.
12,0,0,0,0,3,6,/JJNDYT+CharisSIL,7.17,306.6,416.99,331.71,424.17,416.99,369.53,306.6,263.57,14: end if
12,0,0,0,0,14,6,/JJNDYT+CharisSIL,7.17,49.54,407.43,331.71,415.8,407.43,377.9,49.54,263.57,"For smart applications such as smart city, data trading, device per- 15: end if"
12,0,0,0,0,47,6,/JJNDYT+CharisSIL,7.17,37.59,376.78,552.69,405.45,376.78,388.25,37.59,42.58,"sonalization and product manufacturing, IoV produces huge amount of 16: end if 17: end fordata everyday. The data is so enormous and complex that it cannot be 18: Initialize = 0 , where represents the number of valid votes. processed by present traditional data processing solutions. Blockchain"
12,0,0,0,0,12,5,/JJNDYT+CharisSIL,7.97,37.59,366.43,288.65,374.4,366.43,419.3,37.59,306.63,is one such kind of technology that stores huge amount of data
12,0,0,0,0,19,6,/JJNDYT+CharisSIL,7.17,37.59,356.08,531.88,366.78,356.08,426.92,37.59,63.4,19: for each voting response cum block verification status message {within distributed ledger. The centerpieces of the blockchaining like
12,0,0,0,0,8,6,/GXLRMS+STIXMath-Regular,7.17,318.8,348.25,536.79,357.22,348.25,436.48,318.8,58.48,[ ]} from the follower peer nodes  do
12,0,0,0,0,9,5,/JJNDYT+CharisSIL,7.97,37.59,345.72,308.57,353.69,345.72,440.01,37.59,286.71,"immutability, decentralization, and transparency make it the one of"
12,0,0,0,0,12,6,/JJNDYT+CharisSIL,7.17,306.6,338.69,563.24,347.65,338.69,446.05,306.6,32.04,20: 𝐿 to re-  decrypts the message using its own private key
12,0,0,0,0,10,5,/JJNDYT+CharisSIL,7.97,37.59,335.37,320.53,343.34,335.37,450.36,37.59,274.75,"the potential choices for such scenarios. But due to decentralization,"
12,0,0,0,0,4,6,/GXLRMS+STIXMath-Regular,7.17,326.77,330.92,563.07,338.09,330.92,455.61,326.77,32.21,", ] =[[trieve ["
12,0,0,0,0,11,5,/JJNDYT+CharisSIL,7.97,37.59,325.02,332.48,332.99,325.02,460.71,37.59,262.8,"public blockchains are prone to various security issues, such as majority"
12,0,0,0,0,11,5,/JJNDYT+CharisSIL,7.97,37.59,314.67,324.51,322.64,314.67,471.06,37.59,270.77,"attack, fake identity generation through Sybil attack to change or con-"
12,0,0,0,0,14,6,/GXLRMS+STIXMath-Regular,7.17,306.6,311.79,558.58,318.96,311.79,474.74,306.6,36.7,21: if  ( ( = ) and ( = ) and ( = ))
12,0,0,0,0,9,5,/JJNDYT+CharisSIL,7.97,37.59,302.22,341.11,312.29,302.22,481.41,37.59,254.16,"trol the consensus voting, double-spending attacks, client-side security then"
12,0,0,0,0,12,6,/JJNDYT+CharisSIL,7.17,37.59,292.66,423.56,301.94,292.66,491.77,37.59,171.71,"threats, and mining pool attacks [64,65].  22: Set  =  + 1 ."
12,0,0,0,0,14,6,/JJNDYT+CharisSIL,7.17,49.54,283.1,331.71,291.58,283.1,502.12,49.54,263.57,"To address the above concerns, the latest trends and revolutions in 23: end if"
12,0,0,0,0,76,6,/JJNDYT+CharisSIL,7.17,37.59,231.85,507.45,281.23,231.85,512.47,37.59,87.83,"technologies incorporate Artificial Intelligence (AI)/Machine Learning 24: end for 25: if  (  ≥  2 ∗ + 1) then(ML) in blockchaining to produce a secure, efficient and intelligent 26: Add the block  to the blockchain. blockchain based system. ML is a branch of science that deals in making 27: Broadcast commitment message to the P2P CS network. a computer learn through past experiences, supervised or unsupervised 28: end iflearning without any program or human interventions. It possesses"
12,0,0,0,0,31,5,/JJNDYT+CharisSIL,7.97,37.59,200.8,320.53,229.47,200.8,564.23,37.59,274.75,"high power data processing capabilities. The combination of both the technologies works by keeping blockchain as an integral part of the system, and adopts ML/AI algorithms to upgrade efficiency and security"
12,0,0,0,0,8,5,/JJNDYT+CharisSIL,7.97,306.6,197.41,589.54,205.38,197.41,588.32,306.6,5.73,"issues like identifying blockchain breaches automatically, detects the"
12,0,0,0,0,14,5,/JJNDYT+CharisSIL,7.97,37.59,190.45,324.51,198.42,190.45,595.28,37.59,270.77,of an application. ML can be used to detect any data security issue and
12,0,0,0,0,9,5,/JJNDYT+CharisSIL,7.97,306.6,186.61,589.54,194.58,186.61,599.12,306.6,5.73,"cybercrime activities in bitcoin system, and enhances the capabilities"
12,0,0,0,0,9,5,/JJNDYT+CharisSIL,7.97,37.59,180.09,312.56,188.07,180.09,605.64,37.59,282.72,"monitor blockchain system, for predictions and decision making [66]."
12,0,0,0,0,12,5,/JJNDYT+CharisSIL,7.97,306.6,175.81,589.54,183.78,175.81,609.92,306.6,5.73,of an application by making it faster and smarter and building exactly
12,0,0,0,0,10,5,/JJNDYT+CharisSIL,7.97,37.59,169.74,300.6,177.71,169.74,615.99,37.59,294.68,Blockchain ensures the security of data by building in confidence
12,0,0,0,0,8,5,/JJNDYT+CharisSIL,7.97,306.6,165.01,497.89,172.98,165.01,620.72,306.6,97.39,trained ML models to bring out advantages [68].
12,0,0,0,0,10,5,/JJNDYT+CharisSIL,7.97,37.59,159.39,296.62,167.36,159.39,626.34,37.59,298.66,where as AI/ML identifies untrusted nodes based on past learning
12,0,0,0,0,11,5,/JJNDYT+CharisSIL,7.97,318.56,153.53,585.56,161.5,153.53,632.2,318.56,9.72,"There exists a potential attack in AI/ML security, known as ‘‘data"
12,0,0,0,0,10,5,/JJNDYT+CharisSIL,7.97,37.59,149.04,308.57,157.01,149.04,636.69,37.59,286.71,and experiences. The technology sounds promising in the cases where
12,0,0,0,0,11,5,/JJNDYT+CharisSIL,7.97,306.6,142.73,577.59,150.7,142.73,643.0,306.6,17.69,"poisoning attack’’ [64], in which malicious data can be injected by"
12,0,0,0,0,13,5,/JJNDYT+CharisSIL,7.97,37.59,138.69,328.5,146.66,138.69,647.04,37.59,266.78,deterministic algorithms are not up to the mark in terms of security and
12,0,0,0,0,11,5,/JJNDYT+CharisSIL,7.97,306.6,131.93,577.59,139.9,131.93,653.8,306.6,17.69,illegal users to delude the ‘‘training data sets for puzzling AI/ML
12,0,0,0,0,21,5,/JJNDYT+CharisSIL,7.97,49.54,117.98,593.53,129.1,117.98,664.61,49.54,1.75,"algorithms’’. This may lead to ‘‘incorrect predications’’ on data sets. In IoV paradigm, the AI/ML algorithm works by taking huge amount"
12,0,0,0,0,148,5,/JJNDYT+CharisSIL,7.97,37.59,45.52,597.51,118.29,45.52,675.41,37.59,-2.24,"As a result, such an attack may play a crucial factor for damaging of data, called as Big data, collected from various deployed sensors, the businesses and organizations for ‘‘financial terms’’. In proposed vehicles and other entities stored on a blockchain as input, analyzing BBAS-IoV, the transactions {( , )} stored in the public it statistically by applying Big data analytic without the use of human ,𝑉 blockchain are genuine and authentic as the signature verification intervention, and produces predictions or decisions as an output quickly and block verification assure the legitimacy of these transactions. This and accurately. Big data analytics basically enhances the capability of suggests that data poising attacks are prevented from injecting mali- final decision making on the trusted huge volume of data. The combination of Big data, blockchain and AI/ML technologies addresses the cious transactions in the blocks. Thus, the authentic and genuine data"
12,0,1,0,0,7,8,/EMQPYA+CharisSIL-Italic,6.38,344.83,24.34,501.04,30.72,24.34,762.98,344.83,94.23,Journal of Systems Architecture 113 (2021) 101877
12,0,0,0,0,8,3,Unknown,12.0,0.0,-12.0,312.0,0.0,-12.0,793.7,0.0,283.28,Journal of Systems Architecture 113 (2021) 101877 12
13,0,1,0,0,4,8,/JLCVTF+CharisSIL-Italic,6.38,37.59,746.19,85.41,752.57,746.19,41.13,37.59,509.87,P. Bagga et al.
13,1,0,0,0,13,5,/IOTZDA+CharisSIL-Bold,7.97,37.59,724.06,386.31,732.03,724.06,61.67,37.59,208.97,4. Security analysiscontaining in the blocks in the blockchain in the proposed BBAS-IoV
13,0,0,0,0,10,5,/JJNDYT+CharisSIL,7.97,37.59,713.05,264.73,721.02,713.05,72.68,37.59,330.54,are then useful for correct predictions on the data sets.
13,0,0,0,0,10,5,/JJNDYT+CharisSIL,7.97,318.56,702.4,577.59,710.37,702.4,83.33,318.56,17.69,We first provide the correctness proof of our V2V authentication
13,0,0,0,0,10,5,/JJNDYT+CharisSIL,7.97,306.61,691.85,573.6,699.82,691.85,93.88,306.61,21.67,and batch authentication phases that are described in Section 3.4.
13,0,1,0,0,17,5,/JLCVTF+CharisSIL-Italic,7.97,37.59,681.31,569.62,692.38,681.31,101.33,37.59,25.66,"3.8. Dynamic nodes addition phase Next, we prove the group key security of the proposed scheme dur-"
13,0,0,0,0,9,5,/JJNDYT+CharisSIL,7.97,306.61,670.76,581.57,678.73,670.76,114.97,306.61,13.7,ing the batch authentication phase under the widely-accepted ‘‘Real-
13,0,0,0,0,16,5,/JJNDYT+CharisSIL,7.97,49.54,658.52,561.65,668.19,658.52,125.51,49.54,33.63,"Or-Random (ROR) random oracle model’’ [29]. We also provide the The phase allows the respective, say"
13,0,0,0,0,3,5,/JJNDYT+CharisSIL,7.97,202.3,656.52,301.93,664.5,656.52,129.21,202.3,293.35,to dynamically register
13,0,0,0,0,21,5,/JJNDYT+CharisSIL,7.97,37.59,647.5,597.51,657.65,647.5,136.05,37.59,-2.24,‘‘informal (non-mathematical) security analysis’’ to show the robustness new vehicles and new RSUs in a particular region of the smart city.
13,0,0,0,0,8,5,/JJNDYT+CharisSIL,7.97,306.61,639.13,525.78,647.1,639.13,146.6,306.61,69.49,of the proposed scheme against other potential attacks.
13,0,1,0,0,7,5,/JLCVTF+CharisSIL-Italic,7.97,37.59,617.05,394.28,626.83,617.05,166.87,37.59,201.0,3.8.1. New vehicle addition 4.1. Correctness proof
13,0,0,0,0,12,5,/JJNDYT+CharisSIL,7.97,49.54,604.74,287.48,614.7,604.74,179.0,49.54,307.8,Suppose a new vehicle 𝑉  wishes to join the network that is
13,0,0,0,0,33,5,/JJNDYT+CharisSIL,7.97,37.59,584.71,577.59,603.69,584.71,190.01,37.59,17.69,"managed by . The steps involved in the phase are described as  In this section, we provide the correctness proof of our V2V authentication and batch authentication phases that are described in follows."
13,0,0,0,0,7,5,/JJNDYT+CharisSIL,7.97,306.61,574.3,446.08,582.27,574.3,211.43,306.61,149.19,Section 3.4 using Theorems 1 and 2.
13,0,0,0,0,12,5,/JJNDYT+CharisSIL,7.97,51.8,564.62,300.19,574.58,564.62,219.12,51.8,295.09,:  𝑉 . It then 1 generates a random unique identity for
13,0,0,0,0,13,5,/JJNDYT+CharisSIL,7.97,61.5,552.97,525.78,563.57,552.97,230.13,61.5,69.49,calculates pseudo identity Theorem 1. During the V2V authentication phase described in Sec-
13,0,0,0,0,4,5,/JJNDYT+CharisSIL,7.97,177.41,552.11,292.97,560.08,552.11,233.62,177.41,302.3,corresponding to its unique
13,0,0,0,0,10,5,/JJNDYT+CharisSIL,7.97,61.5,542.43,383.0,552.56,542.43,241.14,61.5,212.28,"identity by  𝐻 ( ).0 tion 3.4.1 , a vehicle"
13,0,1,0,0,9,5,/JLCVTF+CharisSIL-Italic,7.97,123.03,540.44,589.04,549.07,540.44,244.63,123.03,6.24,=  in a cluster authenticates its other neighbor vehicle
13,0,0,0,0,22,5,/JJNDYT+CharisSIL,7.97,51.8,529.29,561.59,540.05,529.29,253.65,51.8,33.69,":  𝑃  𝑍  𝑉 , if the received message = { , } is 2 chooses a random key to  for vehicle"
13,0,0,0,0,5,5,/GXLRMS+STIXMath-Regular,7.97,177.03,528.4,525.94,536.57,528.4,257.13,177.03,69.33,"∈ 1 , 2 ,"
13,0,0,0,0,12,5,/GXLRMS+STIXMath-Regular,7.97,61.5,520.6,330.52,529.04,520.6,264.66,61.5,264.76,calculate the public key as  𝐻 ( ). It also calculates valid.1
13,0,0,0,0,10,5,/JJNDYT+CharisSIL,7.97,61.5,508.06,261.33,518.03,508.06,275.67,61.5,333.94,the partial private keys pair for vehicle 𝑉 = as
13,0,0,0,0,9,5,/JJNDYT+CharisSIL,7.97,135.59,497.52,529.15,507.49,497.52,286.21,135.59,66.12,Proof. A vehicle 𝑉=.  receives the broadcasted hello message
13,0,0,0,0,14,5,/JJNDYT+CharisSIL,7.97,55.28,485.13,573.66,496.19,485.13,297.51,55.28,21.61,"= { , } from another vehicle 𝑉 . It authenticates : 𝑟 𝑍"
13,0,0,0,0,12,5,/GXLRMS+STIXMath-Regular,7.97,51.8,481.65,387.68,492.71,481.65,300.99,51.8,207.6,"1 , 2 ,3 generates a random secret and computes pub-  ∈"
13,0,0,0,0,11,5,/JJNDYT+CharisSIL,7.97,306.61,477.68,573.6,485.65,477.68,308.05,306.61,21.67,and verifies the signature received in the message by the equation:
13,0,0,0,0,9,5,/JJNDYT+CharisSIL,7.97,61.5,472.13,286.5,482.09,472.13,311.61,61.5,308.77,"lic 𝑅  𝑟  𝐺 for 𝑉 . Furthermore,  computes"
13,0,0,0,0,13,5,/GXLRMS+STIXMath-Regular,7.97,61.5,460.99,501.28,471.08,460.99,322.62,61.5,93.99,a certificate  𝑉  as ( ) = 𝑒 (  ℎ ( )) ⋅
13,0,0,0,0,8,5,/GXLRMS+STIXMath-Regular,7.97,127.82,457.51,468.92,467.59,457.51,326.11,127.82,126.35,for vehicle  =  + 2 ⋅1 +  +
13,0,0,0,0,5,5,/GXLRMS+STIXMath-Regular,7.97,66.1,452.09,213.26,460.06,452.09,333.64,66.1,382.02,( ) ∗  𝑞 ).
13,0,0,0,0,5,5,/GXLRMS+STIXMath-Regular,7.97,170.07,445.47,461.12,456.58,445.47,337.12,170.07,134.16,"(mod (  ℎ ),3 ⋅"
13,0,0,0,0,11,5,/JJNDYT+CharisSIL,7.97,51.8,437.6,290.43,447.56,437.6,346.14,51.8,304.85,":  { , 𝑅 , , ( ,4 loads the credentials"
13,0,0,0,0,15,5,/GXLRMS+STIXMath-Regular,7.97,85.27,428.78,528.51,438.74,428.78,354.96,85.27,66.77,"where + ) ( + ) ,23),, ℎ(), 𝐻(), 𝐻(), 𝐻(), 𝐻(), 𝐻()} in the"
13,0,0,0,0,9,9,/GXLRMS+STIXMath-Regular,5.98,151.66,427.29,554.5,435.26,427.29,358.44,151.66,40.78,= ( 0 + 1 ) +( 1 =01234
13,0,0,0,0,15,5,/GXLRMS+STIXMath-Regular,7.97,61.5,418.01,483.46,428.2,418.01,365.5,61.5,111.82,( + ) and  𝑏 ( ). tamper-resistant on-board unit (OBU) of the vehicle 𝑉
13,0,0,0,0,4,5,/GXLRMS+STIXMath-Regular,7.97,253.04,416.02,465.74,424.71,416.02,368.99,253.04,129.54,2 =  ⋅ before
13,0,0,0,0,9,5,/JJNDYT+CharisSIL,7.97,61.5,407.0,334.5,417.66,407.0,376.04,61.5,260.78,"Now,its deployment in the smart city environment. In addition,"
13,0,0,0,0,8,5,/GXLRMS+STIXMath-Regular,7.97,61.5,393.0,357.86,403.96,393.0,389.74,61.5,237.41,also deletes the private key 𝑟 ( )
13,0,0,0,0,5,5,/JJNDYT+CharisSIL,7.97,176.34,392.5,287.93,400.47,392.5,393.23,176.34,307.35,in order to thwart against
13,0,0,0,0,7,5,/GXLRMS+STIXMath-Regular,7.97,306.61,379.47,376.64,387.44,379.47,406.26,306.61,218.64,"= 𝑒 (𝐺, (  ℎ ) ⋅(2"
13,0,0,0,0,18,5,/GXLRMS+STIXMath-Regular,7.97,51.8,370.71,434.66,383.95,370.71,409.75,51.8,160.62,"+ 0 + 1 ) + : 𝑉 𝑍, computes the 5  chooses a random private key  ∈"
13,0,0,0,0,11,5,/GXLRMS+STIXMath-Regular,7.97,61.5,363.18,402.54,373.91,363.18,419.79,61.5,192.73,"(  ℎ ) ) 3corresponding public key, and sets its private"
13,0,0,0,0,4,5,/GXLRMS+STIXMath-Regular,7.97,167.98,359.7,369.6,370.42,359.7,423.28,167.98,225.67,+  ⋅ = ⋅
13,0,0,0,0,13,5,/GXLRMS+STIXMath-Regular,7.97,61.5,350.41,471.76,360.37,350.41,433.33,61.5,123.52,"= 𝑒 (𝐺, ( ( (  ⋅key as {,()}. Finally, the tamper-resistant2 ⋅"
13,0,0,0,0,9,10,/GXLRMS+STIXMath-Regular,4.98,140.04,348.92,472.26,356.89,348.92,436.81,140.04,123.02,0 + 1 ) + 0 + 1 ))01
13,0,0,0,0,14,5,/JJNDYT+CharisSIL,7.97,61.5,338.87,478.56,349.33,338.87,444.37,61.5,116.72,"of  𝑉  { , 𝑅 , , contains the information (𝐺, (  ℎ )))"
13,0,0,0,0,6,5,/VBWMKL+STIXMathScript-Regular,7.97,340.92,335.38,437.65,344.85,335.38,448.85,340.92,157.63,3 ⋅ ⋅ ⋅ +  ⋅
13,0,0,0,0,13,5,/GXLRMS+STIXMath-Regular,7.97,81.63,330.34,290.43,338.31,330.34,455.39,81.63,304.85,", ( , ), , , ℎ(), 𝐻 (), 𝐻 (), 𝐻 (),012"
13,0,0,0,0,7,5,/GXLRMS+STIXMath-Regular,7.97,108.42,325.34,461.94,333.31,325.34,460.39,108.42,133.33,"= 𝑒 (𝐺, ( ( ) +01"
13,0,0,0,1,4,5,/GXLRMS+STIXMath-Regular,7.97,71.94,319.63,428.32,329.82,319.63,463.88,71.94,166.96,"⋅  +  ⋅(), 𝐻()}."
13,0,0,0,0,4,5,/GXLRMS+STIXMath-Regular,7.97,320.15,309.81,445.69,319.78,309.81,473.92,320.15,149.58,( )) ⋅2 ⋅
13,0,0,0,0,3,5,/VBWMKL+STIXMathScript-Regular,7.97,350.48,308.32,416.05,316.29,308.32,477.41,350.48,179.22,⋅  +  ⋅
13,0,0,0,0,7,5,/GXLRMS+STIXMath-Regular,7.97,319.1,296.28,460.68,306.24,296.28,487.46,319.1,134.59,"( ,( + ℎ ))) 3 ⋅"
13,0,0,0,0,3,5,/VBWMKL+STIXMathScript-Regular,7.97,358.8,294.79,437.65,302.76,294.79,490.94,358.8,157.63,⋅  ⋅  ⋅
13,0,1,0,0,3,5,/JLCVTF+CharisSIL-Italic,7.97,37.59,290.98,114.8,298.95,290.98,494.75,37.59,480.47,3.8.2. New  addition
13,0,0,0,0,7,5,/GXLRMS+STIXMath-Regular,7.97,306.61,284.74,432.76,292.71,284.74,500.99,306.61,162.51,"= 𝑒 ( 𝐺, ( ( )"
13,0,0,0,0,3,5,/VBWMKL+STIXMathScript-Regular,7.97,140.69,278.86,400.4,289.22,278.86,504.48,140.69,194.87,"⋅  +, say"
13,0,0,0,0,8,5,/JJNDYT+CharisSIL,7.97,60.92,276.86,291.93,284.83,276.86,508.87,60.92,303.35,registers a new  under a region by executing
13,0,0,0,0,6,5,/GXLRMS+STIXMath-Regular,7.97,315.55,269.22,402.09,279.18,269.22,514.52,315.55,193.19,+ ℎ ( )) ⋅2 ⋅
13,0,0,0,0,3,5,/JJNDYT+CharisSIL,7.97,37.59,267.72,369.73,275.81,267.72,517.89,37.59,225.55,following steps.  +
13,0,0,0,0,7,5,/GXLRMS+STIXMath-Regular,7.97,319.1,255.68,460.69,265.65,255.68,528.05,319.1,134.59,"( ,( + ℎ ))) 3 ⋅"
13,0,0,0,0,3,5,/VBWMKL+STIXMathScript-Regular,7.97,358.8,254.19,437.65,262.16,254.19,531.54,358.8,157.62,⋅  ⋅  ⋅
13,0,0,0,0,6,5,/JJNDYT+CharisSIL,7.97,51.8,247.99,212.35,257.95,247.99,535.75,51.8,382.93,:1  generates a random unique identity
13,0,0,0,0,9,5,/GXLRMS+STIXMath-Regular,7.97,249.6,244.14,460.8,254.47,244.14,539.23,249.6,134.47,for an = 𝑒 (  ℎ ( )) ⋅
13,0,0,0,0,4,5,/GXLRMS+STIXMath-Regular,7.97,368.57,240.66,428.44,250.12,240.66,543.58,368.57,166.83,2 ⋅1 +  +
13,0,0,0,0,5,5,/JJNDYT+CharisSIL,7.97,78.75,235.48,286.17,244.95,235.48,548.75,78.75,309.11,and calculates pseudo identity  correspond-
13,0,0,0,0,11,5,/GXLRMS+STIXMath-Regular,7.97,61.5,227.96,421.14,238.58,227.96,555.12,61.5,174.14,(  ℎ ).2 +3 ⋅ing to its unique identity by 𝐻().
13,0,0,0,0,22,5,/JJNDYT+CharisSIL,7.97,51.8,212.66,562.95,223.42,212.66,570.28,51.8,32.32,":  𝑃  𝑍 Since the above equation is valid, 𝑉  𝑉 . Hence, the 2 chooses a random key and calculates its"
13,0,0,0,0,11,5,/JJNDYT+CharisSIL,7.97,61.5,202.45,370.37,212.41,202.45,581.29,61.5,224.91,respective public key for  𝐻 ( ). theorem follows. □ as1
13,0,0,0,0,10,5,/JJNDYT+CharisSIL,7.97,51.8,189.15,284.59,199.91,189.15,593.79,51.8,310.69,:  𝑟  𝑍3 also generates a random secret  and computes
13,0,0,0,0,12,5,/IOTZDA+CharisSIL-Bold,7.97,92.26,180.92,533.75,190.26,180.92,603.44,92.26,61.52,"Theorem 2. During the batch authentication phase described in Sec-  𝑟. Furthermore,"
13,0,0,0,0,5,5,/JJNDYT+CharisSIL,7.97,80.34,177.44,295.49,186.9,177.44,606.8,80.34,299.78,computes a certificate = ⋅
13,0,1,0,0,13,5,/JLCVTF+CharisSIL-Italic,7.97,227.42,169.76,559.34,179.72,169.76,613.98,227.42,35.93,"tion 3.4.2 , a road-side unit  𝑛  member vehicles ℎ( authenticates its all"
13,0,0,0,0,5,5,/GXLRMS+STIXMath-Regular,7.97,89.72,166.42,279.89,175.89,166.42,617.81,89.72,315.39,as for  =  +  ∥
13,0,1,0,0,18,5,/GXLRMS+STIXMath-Regular,7.97,97.44,158.9,585.32,169.18,158.9,624.52,97.44,9.96,", 𝑉 , … ,𝑉  𝐶12 in a cluster provided that all the received hello messages) ∗ 𝑞)."
13,0,0,0,0,12,5,/GXLRMS+STIXMath-Regular,7.97,350.59,150.66,565.73,158.63,150.66,635.07,350.59,29.55,"= { , }, ( = 1 ,2, ,𝑛 ), from the"
13,0,0,0,1,5,5,/GXLRMS+STIXMath-Regular,7.97,55.28,146.39,435.93,155.15,146.39,638.55,55.28,159.34,"1 , 2 ,: {,𝑅,"
13,0,0,0,0,5,9,/GXLRMS+STIXMath-Regular,5.98,51.8,144.4,180.47,152.37,144.4,641.33,51.8,414.81,4  then loads the credentials
13,0,1,0,0,3,5,/JLCVTF+CharisSIL-Italic,7.97,306.61,139.38,382.32,147.35,139.38,646.35,306.61,212.95,vehicles are valid.
13,0,0,0,0,10,5,/GXLRMS+STIXMath-Regular,7.97,99.27,135.38,286.63,143.35,135.38,650.35,99.27,308.64,",ℎ(),𝐻 (),𝐻 (),𝐻 (),𝐻 (),𝐻 ()} in the memory of01234"
13,0,0,0,0,10,5,/JJNDYT+CharisSIL,7.97,78.75,122.37,293.95,130.34,122.37,663.36,78.75,301.33,prior to its deployment in the smart city region. In
13,0,0,0,0,8,5,/JJNDYT+CharisSIL,7.97,306.61,116.3,559.45,126.26,116.3,667.44,306.61,35.83,"Proof.  𝑛 signatures  … , , , receives12"
13,0,0,0,0,6,5,/JJNDYT+CharisSIL,7.97,61.5,113.35,519.32,122.77,113.35,670.93,61.5,75.96,"1 , 2 ,  onaddition, 𝑟"
13,0,0,0,0,8,5,/JJNDYT+CharisSIL,7.97,108.03,109.87,287.52,119.33,109.87,674.37,108.03,307.75,also deletes the private key  in order to
13,0,0,0,0,16,5,/JJNDYT+CharisSIL,7.97,314.58,105.75,572.14,115.72,105.75,677.98,314.58,23.13,",  𝑉 , 𝑉 , … ,𝑉  𝐶 , respectively.  from the vehicles12 in the cluster"
13,0,0,0,0,4,5,/JJNDYT+CharisSIL,7.97,61.5,102.34,224.89,110.31,102.34,683.39,61.5,370.39,thwart against privileged-insider attack.
13,0,0,0,0,12,5,/JJNDYT+CharisSIL,7.97,306.61,97.2,597.51,105.17,97.2,688.53,306.61,-2.24,It authenticates all the vehicles simultaneously in a batch by using the
13,0,0,0,0,10,5,/JJNDYT+CharisSIL,7.97,51.8,88.77,296.8,99.53,88.77,694.17,51.8,298.48,:  𝑍5 chooses a random  and sets it as its
13,0,0,0,0,3,5,/GXLRMS+STIXMath-Regular,7.97,184.74,86.66,382.32,96.05,86.66,697.65,184.74,212.95,∈ following equation:
13,0,0,0,0,7,5,/JJNDYT+CharisSIL,7.97,61.5,80.55,216.92,88.52,80.55,705.18,61.5,378.36,"secret key, and computes the public key"
13,0,0,0,0,8,5,/JJNDYT+CharisSIL,7.97,67.51,67.55,290.43,77.51,67.55,716.19,67.51,304.85,". Finally,  { , , has the credentials"
13,0,0,0,0,9,5,/GXLRMS+STIXMath-Regular,7.97,310.15,63.08,445.14,73.05,63.08,720.65,310.15,150.14,"(𝐺, ) = 𝑒 ( , [ ⋅  ⋅"
13,0,0,0,0,7,5,/GXLRMS+STIXMath-Regular,7.97,97.44,58.53,466.48,69.56,58.53,724.14,97.44,128.8,"1, 𝑅,, ℎ(), 𝐻(), 𝐻(), 𝐻(), 𝐻(),"
13,0,0,0,0,6,9,/GXLRMS+STIXMath-Regular,5.98,204.76,57.92,426.97,64.5,57.92,729.2,204.76,168.31,0 1 2 3 =1 =1
13,0,0,0,0,6,5,/GXLRMS+STIXMath-Regular,7.97,68.46,45.52,482.72,55.48,45.52,738.22,68.46,112.56,()}.4 + 𝑤 ( )]) ⋅
13,0,0,0,0,3,5,/GXLRMS+STIXMath-Regular,7.97,403.59,42.03,446.38,51.5,42.03,742.2,403.59,148.9,2 ⋅  +
13,0,1,0,0,7,8,/EMQPYA+CharisSIL-Italic,6.38,344.83,24.34,501.04,30.72,24.34,762.98,344.83,94.23,Journal of Systems Architecture 113 (2021) 101877
13,0,0,0,0,8,3,Unknown,12.0,0.0,-12.0,312.0,0.0,-12.0,793.7,0.0,283.28,Journal of Systems Architecture 113 (2021) 101877 13
14,0,1,0,0,4,8,/JLCVTF+CharisSIL-Italic,6.38,37.59,746.19,85.41,752.57,746.19,41.13,37.59,509.87,P. Bagga et al.
14,0,0,0,0,4,5,/GXLRMS+STIXMath-Regular,7.97,117.37,718.4,174.33,728.37,718.4,65.33,117.37,420.95,"( , [  ⋅"
14,0,0,0,0,5,10,/GXLRMS+STIXMath-Regular,4.98,193.17,718.45,392.68,724.88,718.45,68.82,193.17,202.59,2 Queries and their purposes.
14,0,0,0,0,5,5,/GXLRMS+STIXMath-Regular,7.97,113.82,698.85,179.82,708.81,698.85,84.89,113.82,415.46,+ 𝑤 ]). ⋅3 ⋅
14,0,0,0,0,12,8,/GXLRMS+STIXMath-Regular,6.38,333.24,695.47,558.95,704.14,695.47,89.56,333.24,36.32,"1 2(,𝛱 ) This query helps   to eavesdrop (intercept) the messages"
14,0,0,0,0,11,8,/JJNDYT+CharisSIL,6.38,49.54,683.23,543.84,693.28,683.23,100.42,49.54,51.44,"communicated among a group of vehicles 𝑉  and theirNow, we have,"
14,0,0,0,0,11,8,/GXLRMS+STIXMath-Regular,6.38,330.11,664.86,538.16,672.83,664.86,120.87,330.11,57.12,"( ) Under this query, the group key  𝛱 shared between"
14,0,0,0,1,2,5,/GXLRMS+STIXMath-Regular,7.97,50.08,661.5,111.82,669.47,661.5,124.23,50.08,483.45,"(𝐺, )"
14,0,0,0,0,8,8,/JJNDYT+CharisSIL,6.38,383.79,657.89,504.94,664.26,657.89,129.44,383.79,90.34,and its respective partner is known to 
14,0,0,0,0,9,8,/JJNDYT+CharisSIL,6.38,323.3,646.0,518.66,654.61,646.0,139.09,323.3,76.62,for() This query allows  to appeal 𝛱  𝛱
14,0,0,0,0,13,5,/GXLRMS+STIXMath-Regular,7.97,37.59,633.84,562.32,643.81,633.84,149.89,37.59,32.96,"provides a ‘‘random outcome of a flipped unbiased coin, = 𝑒(𝐺,(( ℎ) ⋅("
14,0,0,0,0,6,5,/GXLRMS+STIXMath-Regular,7.97,95.8,630.35,181.31,639.82,630.35,153.88,95.8,413.96,2 + 0 + 1 )
14,0,0,0,0,6,5,/GXLRMS+STIXMath-Regular,7.97,46.53,614.29,146.29,622.26,614.29,171.44,46.53,448.98,+ (  ℎ ) )) 3
14,0,0,0,0,15,5,/GXLRMS+STIXMath-Regular,7.97,37.59,590.79,558.37,601.62,590.79,192.08,37.59,36.9,"1 2= 𝑒(𝐺,((( ⋅2 ⋅ Freshness. We say 𝛱 𝛱  fresh if the established group"
14,0,0,0,0,12,5,/GXLRMS+STIXMath-Regular,7.97,112.5,587.56,441.65,597.75,587.56,195.95,112.5,153.62,0 + 1 ) + ( 0 + 1 ))))  or  is
14,0,0,0,0,23,5,/JJNDYT+CharisSIL,7.97,326.53,569.78,572.18,588.25,569.78,205.45,326.53,23.1,key  𝑉 among the vehicles  and the  is not disclosed to the adversary  using the Reveal( ) query listed in Table 3.
14,0,0,0,0,5,5,/GXLRMS+STIXMath-Regular,7.97,50.08,565.61,211.23,573.58,565.61,220.12,50.08,384.05,"(𝐺, (  ℎ )) 3"
14,0,0,0,0,11,5,/GXLRMS+STIXMath-Regular,7.97,134.58,559.0,569.71,570.09,559.0,223.61,134.58,25.56,+  Hash function. A ‘‘one-way cryptographic hash function 𝐻 ()’’ is
14,0,0,0,0,8,5,/JJNDYT+CharisSIL,7.97,326.53,548.5,461.57,556.47,548.5,237.23,326.53,133.71,"modeled as a random oracle, say  ."
14,0,0,0,0,9,5,/GXLRMS+STIXMath-Regular,7.97,37.59,537.95,220.55,545.92,537.95,247.78,37.59,374.73,"= 𝑒 (𝐺, ( ( ) + ) +"
14,0,0,0,0,13,5,/VBWMKL+STIXMathScript-Regular,7.97,114.71,531.93,589.54,542.43,531.93,251.27,114.71,5.73,"⋅  ⋅ Prior to proving Theorem 3, we first define the computational ‘‘El-"
14,0,0,0,0,12,5,/GXLRMS+STIXMath-Regular,7.97,46.53,518.39,581.57,529.4,518.39,264.3,46.53,13.7,liptic Curve Discrete Logarithm Problem (ECDLP)’’ and the ‘‘semantic (() +)) ⋅
14,0,0,0,0,4,5,/VBWMKL+STIXMathScript-Regular,7.97,53.79,514.9,152.34,524.37,514.9,269.33,53.79,442.93,2 ⋅  ⋅  ⋅
14,0,0,0,0,5,5,/JJNDYT+CharisSIL,7.97,306.6,510.92,450.07,518.89,510.92,274.81,306.6,145.21,security’’ of our proposed BBAS-IoV.
14,0,0,0,0,8,5,/GXLRMS+STIXMath-Regular,7.97,50.08,497.37,193.35,505.34,497.37,288.36,50.08,401.93,"( , ( .𝐺 + ℎ .𝐺)) 3"
14,0,0,0,0,12,5,/JJNDYT+CharisSIL,7.97,82.89,489.64,557.68,497.61,489.64,296.09,82.89,37.59,Definition 1 ( Elliptic Curve Discrete Logarithm Problem (ECDLP) ). Let =1
14,0,0,0,0,16,5,/GXLRMS+STIXMath-Regular,7.97,306.6,479.14,553.95,489.9,479.14,303.8,306.6,41.33,2 = 3 +a non-singular elliptic curve 𝐸() be of the form: 𝑦 𝑥 + 𝑣
14,0,0,0,0,20,5,/GXLRMS+STIXMath-Regular,7.97,37.59,468.63,540.15,479.39,468.63,314.31,37.59,55.12,"3 + 27 2 ≠(() = 𝑒(.𝐺.(mod 𝑞) such that 4 0 (mod 𝑞 ). Given two points 𝑃,𝑄 ∈"
14,0,0,0,0,17,5,/GXLRMS+STIXMath-Regular,7.97,86.38,458.13,563.43,468.53,458.13,325.17,86.38,31.85,"=1 ( ), the task is to find an integer 𝑘 ∈ 𝑍  𝑄  =  𝑘 ,"
14,0,0,0,0,17,5,/GXLRMS+STIXMath-Regular,7.97,46.53,447.63,510.34,458.12,447.63,335.58,46.53,84.94,+ ( ( )))) ⋅2 ⋅ where 𝑘  is called the discrete logarithm to the base 𝑃.
14,0,0,0,0,13,5,/ESLNAJ+STIXMath-Italic,7.97,50.08,429.13,562.75,438.86,429.13,354.84,50.08,32.53,"ECDLP becomes intractable when the chosen prime 𝑞  is large. (.𝐺+ ℎ.𝐺)) (,"
14,0,0,0,0,14,5,/JJNDYT+CharisSIL,7.97,82.89,420.39,546.03,428.36,420.39,365.34,82.89,49.25,"For example, 𝑞  should be chosen at least 160  bits to make ECDLP =1"
14,0,0,0,0,8,5,/GXLRMS+STIXMath-Regular,7.97,37.59,399.48,231.42,409.44,399.48,384.26,37.59,363.85,"[  𝑤 .ℎ ( )]) ⋅= 𝑒(,2 ⋅"
14,0,0,0,0,3,5,/GXLRMS+STIXMath-Regular,7.97,123.85,397.99,195.08,405.96,397.99,387.74,123.85,400.19,1 +  +
14,0,0,0,0,10,5,/JJNDYT+CharisSIL,7.97,306.6,388.6,560.18,396.57,388.6,397.13,306.6,35.09,Definition 2 ( Semantic Security ). Let ) denote the
14,0,0,0,0,11,5,/JJNDYT+CharisSIL,7.97,306.6,376.11,551.22,386.07,376.11,407.63,306.6,44.06,‘‘advantage of an adversary  running in polynomial time 𝑡  in
14,0,0,0,0,5,5,/GXLRMS+STIXMath-Regular,7.97,50.08,371.82,193.76,381.78,371.82,411.92,50.08,401.52,"[  𝑤 ]).(, ⋅3 ⋅"
14,0,0,0,0,13,5,/GXLRMS+STIXMath-Regular,7.97,122.06,367.6,577.59,378.3,367.6,415.4,122.06,17.69,2 + breaking the semantic security of the proposed BBAS-IoV in order to
14,0,0,0,0,12,5,/JJNDYT+CharisSIL,7.97,306.6,355.1,562.24,365.06,355.1,428.64,306.6,33.03,derive the group key  among a group of vehicles and an  in
14,0,0,0,0,11,5,/JJNDYT+CharisSIL,7.97,37.59,348.4,482.7,358.36,348.4,435.34,37.59,112.58,"Since the above equation is valid,  𝑛  member   = authenticates all"
14,0,0,0,0,15,5,/JJNDYT+CharisSIL,7.97,306.6,346.59,554.22,354.56,346.59,439.14,306.6,41.05,"a cluster 𝐶 . Then, ) =|2 [  𝑐 ] − 1|, where 𝑐  and"
14,0,0,0,0,25,5,/JJNDYT+CharisSIL,7.97,37.59,337.55,545.43,347.51,337.55,446.19,37.59,49.85,"vehicles 𝑉 , 𝑉 , … ,𝑉  𝐶 . Thus, the theorem follows. □  are respectively the ‘‘correct’’ and ‘‘guessed’’ bits, and12 in its cluster"
14,0,0,0,0,3,5,/GXLRMS+STIXMath-Regular,7.97,516.77,336.09,561.46,344.06,336.09,449.64,516.77,33.81,[ ] denotes
14,0,0,0,0,7,5,/JJNDYT+CharisSIL,7.97,306.6,325.58,440.38,333.55,325.58,460.15,306.6,154.9,the probability of a random event 𝐸.
14,0,1,0,0,7,5,/JLCVTF+CharisSIL-Italic,7.97,37.59,313.15,216.92,321.12,313.15,472.58,37.59,378.36,4.2. Formal security analysis using ROR model
14,0,1,0,0,24,5,/JLCVTF+CharisSIL-Italic,7.97,306.6,291.8,559.02,312.27,291.8,481.43,306.6,36.26,Theorem 3. Suppose an adversary   is running in polynomial time 𝑡 to derive the group key  ( ) established among a road-side unit
14,0,0,0,0,10,5,/JJNDYT+CharisSIL,7.97,49.54,288.71,328.5,296.68,288.71,497.02,49.54,266.78,This section describes the formal security analysis under the widely-
14,0,1,0,0,19,5,/JLCVTF+CharisSIL-Italic,7.97,306.6,281.3,561.79,291.26,281.3,502.44,306.6,33.49,"and its cluster 𝑛 member vehicles 𝑉 , 𝑉 , … , 𝑉  𝐶12 in a cluster  in the"
14,0,0,0,0,10,5,/JJNDYT+CharisSIL,7.97,37.59,277.86,292.63,285.83,277.86,507.87,37.59,302.64,accepted Real-Or-Random (ROR) model [29] to prove the group key
14,0,1,0,0,10,5,/JLCVTF+CharisSIL-Italic,7.97,306.6,272.79,562.38,280.76,272.79,512.94,306.6,32.9,"proposed scheme, BBAS-IoV. Let 𝑞, | |, and ) denote"
14,0,0,0,0,6,5,/GXLRMS+STIXMath-Regular,7.97,37.59,267.01,499.07,277.5,267.01,516.2,37.59,96.21,(security in the proposed scheme (BBAS-IoV).
14,0,1,0,0,12,5,/JLCVTF+CharisSIL-Italic,7.97,306.6,262.29,595.66,270.26,262.29,523.44,306.6,-0.38,"‘‘the number of  queries, the range space of a one-way collision-resistant"
14,0,0,0,0,12,5,/JJNDYT+CharisSIL,7.97,49.54,255.38,314.0,263.35,255.38,530.35,49.54,281.28,"In the ROR model, an adversary, say, has access to different types"
14,0,1,0,0,11,5,/JLCVTF+CharisSIL-Italic,7.97,306.6,251.78,605.48,259.75,251.78,533.95,306.6,-10.21,"hash function, and the advantage of breaking the ‘‘Elliptic Curve Discrete"
14,0,0,0,0,14,5,/JJNDYT+CharisSIL,7.97,37.59,244.53,332.48,252.5,244.53,541.2,37.59,262.79,"of queries as listed in Table 3. In the following, we now discuss briefly"
14,0,1,0,0,10,5,/JLCVTF+CharisSIL-Italic,7.97,306.6,241.28,565.33,249.25,241.28,544.45,306.6,29.95,"Logarithm Problem (ECDLP)’’, respectively. The advantage of  in deriving"
14,0,1,0,0,11,5,/JJNDYT+CharisSIL,7.97,37.59,230.78,381.18,241.65,230.78,552.05,37.59,214.1,the components associated with the ROR model. the group key  𝑡
14,0,1,0,0,7,5,/JLCVTF+CharisSIL-Italic,7.97,366.81,228.78,501.14,236.75,228.78,556.95,366.81,94.13,in time  can be then estimated by
14,0,0,0,0,21,5,/GXLRMS+STIXMath-Regular,7.97,51.14,204.48,483.58,225.45,204.48,568.25,51.14,111.7,"2 Participants. There are two types of participants, namely vehi).) ≤cles () and an 𝐶, which are involved during  ( ("
14,0,0,0,0,7,5,/RWVPXA+STIXMathExtensions-Regular,7.97,133.15,201.91,422.28,211.34,201.91,582.36,133.15,173.0,in a cluster | | + 2
14,0,0,0,0,8,5,/JJNDYT+CharisSIL,7.97,57.51,194.51,316.54,202.48,194.51,591.22,57.51,278.73,"the signing, V2V authentication and batch authentication phases."
14,0,0,0,0,9,5,/ESLNAJ+STIXMath-Italic,7.97,57.51,183.66,227.41,194.5,183.66,599.2,57.51,367.86,1 2Let 𝛱and 𝛱 represent the 𝑙  𝑙  𝑉
14,0,0,0,0,19,5,/JJNDYT+CharisSIL,7.97,182.6,180.28,553.68,189.64,180.28,604.06,182.6,41.6,and Proof. We follow the proof of this theorem in a similar way as that 1 and2 instances of
14,0,0,0,0,13,5,/JJNDYT+CharisSIL,7.97,77.13,170.43,414.2,180.37,170.43,613.33,77.13,181.08,", respectively. These are also called as the ‘‘random oracles’’.was done in [51,53,69–71]."
14,0,0,0,0,12,5,/JJNDYT+CharisSIL,7.97,51.14,161.38,314.88,172.14,161.38,621.56,51.14,280.4,"is in an ‘‘accepted state’’,  Accepted state. We say an instance 𝛱"
14,0,0,0,0,11,5,/GXLRMS+STIXMath-Regular,7.97,318.56,159.92,563.67,167.89,159.92,625.81,318.56,31.6,"We define the three associated games, say  ( = 0,1,2), where"
14,0,0,0,0,15,5,/JJNDYT+CharisSIL,7.97,57.51,149.42,438.11,158.5,149.42,635.2,57.51,157.17,if it gets the last authenticated communicated message. Assume the starting and ending games are
14,0,0,0,0,6,9,/GXLRMS+STIXMath-Regular,5.98,447.75,146.04,569.86,154.01,146.04,639.69,447.75,25.42,"0 and 2 , respectively. Let"
14,0,0,0,0,16,5,/JJNDYT+CharisSIL,7.97,57.51,137.58,559.3,147.65,137.58,646.05,57.51,35.97,that all the communicated sent and received messages are con-     can guess the random bit
14,0,0,0,0,6,5,/JJNDYT+CharisSIL,7.97,323.13,134.31,454.64,142.28,134.31,651.42,323.13,140.64,be defined as ‘‘an event wherein
14,0,0,0,0,17,5,/JJNDYT+CharisSIL,7.97,57.51,126.88,557.75,136.8,126.88,656.9,57.51,37.52,catenated in sequentially order. We call these as a ‘‘session iden-     in winning  in the game
14,0,0,0,0,10,5,/JJNDYT+CharisSIL,7.97,139.02,120.76,520.47,131.62,120.76,662.08,139.02,74.81,"correctly’’. Then, the advantage of for a running current session’’."
14,0,0,0,0,9,5,/JJNDYT+CharisSIL,7.97,57.51,115.18,530.8,125.94,115.18,667.76,57.51,64.47,"tification, say of  𝛱 the game = [ ."
14,0,0,0,0,4,5,/JJNDYT+CharisSIL,7.97,361.25,111.91,510.66,119.92,111.91,673.78,361.25,84.62,is defined as  ]
14,0,0,0,0,14,5,/JJNDYT+CharisSIL,7.97,51.14,107.2,307.66,116.46,107.2,677.24,51.14,287.61,1 and 2 ) are ‘‘partners to  Partnering. We say two instances ( 𝛱
14,0,0,0,0,9,5,/JJNDYT+CharisSIL,7.97,318.56,104.67,549.69,112.65,104.67,681.06,318.56,45.58,The detailed description of each game is elaborated below.
14,0,0,0,0,8,5,/JJNDYT+CharisSIL,7.97,57.51,96.34,268.72,104.31,96.34,689.39,57.51,326.56,each other’’ if the following criteria are satisfied:
14,0,0,0,0,12,9,/GXLRMS+STIXMath-Regular,5.98,345.75,84.54,568.96,92.51,84.54,701.19,345.75,26.32,0 : The starting game 0 is the game corresponds to the
14,0,0,0,0,10,5,/JJNDYT+CharisSIL,7.97,69.47,79.59,249.14,88.85,79.59,704.85,69.47,346.14,1 and 2 are in ‘‘accepted states’’. Both 𝛱 𝛱
14,0,0,0,0,9,5,/JJNDYT+CharisSIL,7.97,326.53,77.41,589.54,85.39,77.41,708.32,326.53,5.73,"real attack. Therefore, the semantic security of BBAS-IoV defined"
14,0,0,0,0,14,5,/JJNDYT+CharisSIL,7.97,69.47,68.89,303.03,78.15,68.89,715.55,69.47,292.24,1 and 2 share the same Both 𝛱 𝛱 . They also require to
14,0,0,0,0,7,5,/JJNDYT+CharisSIL,7.97,326.53,66.91,505.86,74.88,66.91,718.82,326.53,89.42,in Definition 2 gives the following equation:
14,0,0,0,0,4,5,/JJNDYT+CharisSIL,7.97,77.44,58.04,224.89,66.01,58.04,727.69,77.44,370.39,‘‘mutually authenticate each other’’.
14,0,0,0,0,16,5,/GXLRMS+STIXMath-Regular,7.97,69.47,47.06,490.12,58.04,47.06,735.66,69.47,105.16,− 1|. (1)) =|21 and2 are also ‘‘mutual partners of each other’’. Both 𝛱 𝛱 (
14,0,1,0,0,7,8,/EMQPYA+CharisSIL-Italic,6.38,344.83,24.34,501.04,30.72,24.34,762.98,344.83,94.23,Journal of Systems Architecture 113 (2021) 101877
14,0,0,0,0,8,3,Unknown,12.0,0.0,-12.0,312.0,0.0,-12.0,793.7,0.0,283.28,Journal of Systems Architecture 113 (2021) 101877 14
15,0,1,0,0,4,8,/JLCVTF+CharisSIL-Italic,6.38,37.59,746.19,85.41,752.57,746.19,41.13,37.59,509.87,P. Bagga et al.
15,1,0,0,0,10,5,/IOTZDA+CharisSIL-Bold,7.97,306.6,724.06,553.68,732.03,724.06,61.67,306.6,41.6,Proof. The design of BBAS-IoV includes two messages being exchanged
15,0,0,0,0,10,9,/GXLRMS+STIXMath-Regular,5.98,76.73,720.69,295.91,728.66,720.69,65.04,76.73,299.37,"1 : This game is modeled as an ‘eavesdropping attack’’,"
15,0,0,0,0,37,5,/JJNDYT+CharisSIL,7.97,57.51,700.33,559.44,721.71,700.33,71.99,57.51,35.83,"wherein the adversary   can eavesdrop all the communicated  between the entities . The first message = { , and messages: the hello message = { , }, where , , , , 𝑅 , = {"
15,0,0,0,0,8,10,/GXLRMS+STIXMath-Regular,4.98,255.96,698.84,359.11,707.89,698.84,85.81,255.96,236.16,"1 , 2 , 1 , 2 ,"
15,0,0,0,0,24,5,/JJNDYT+CharisSIL,7.97,76.32,690.13,565.71,700.09,690.13,93.61,76.32,29.57,"} which is sent to all the members and , , } is formed by a vehicle, and the second message by a vehicle"
15,0,0,0,0,18,5,/ESLNAJ+STIXMath-Italic,7.97,62.1,679.44,563.67,689.76,679.44,103.94,62.1,31.61,"𝐶 , }, where ,  in a cluster during the signing phase (see Section 3.3), ,𝑉,𝑉 = {"
15,0,0,0,0,10,5,/JJNDYT+CharisSIL,7.97,57.51,670.98,501.64,679.44,670.98,114.26,57.51,93.64,"and response message , } sent to all  ,𝑅 (,𝑉,𝑉"
15,0,0,0,0,15,5,/JJNDYT+CharisSIL,7.97,57.51,659.15,384.74,669.11,659.15,124.59,57.51,210.54,member vehicles 𝑉  𝐶 )} is formed by by in the cluster during the group
15,0,0,0,0,5,5,/JJNDYT+CharisSIL,7.97,413.39,657.7,552.87,665.67,657.7,128.03,413.39,42.41,during group key management. Both
15,0,0,0,0,19,5,/JJNDYT+CharisSIL,7.97,57.51,649.24,561.13,658.78,649.24,134.92,57.51,34.15,"key management phase (see Section 3.5), with the help of the the messages include the current timestamps . On"
15,0,0,0,0,74,5,/JJNDYT+CharisSIL,7.97,57.51,607.45,593.53,648.46,607.45,145.24,57.51,1.75,"query as shown in Table 3.  receiving the messages, the entities check the validity of the message At the end,  needs to execute both the queries, namely by comparing the received timestamp and the current timestamp. For a and  in order to assure if the derived group key valid message and its freshness, the difference of the timestamp values  = ( should be a small value, . Hence, by including timestamp in every"
15,0,0,0,0,12,10,/GXLRMS+STIXMath-Regular,4.98,84.94,606.02,284.61,613.99,606.02,179.71,84.94,310.67,1 ‖ 2 ‖ 1 ‖ 2 ‖ 1 ‖ 2 ‖
15,0,0,0,0,16,5,/JJNDYT+CharisSIL,7.97,229.57,597.0,589.54,607.15,597.0,186.55,229.57,5.73,") is actual key or  message, it is assured that BBAS-IoV is secured against replay attacks"
15,0,0,0,0,33,5,/JJNDYT+CharisSIL,7.97,57.51,576.11,577.59,596.83,576.11,196.87,57.51,17.69,just a random number. Note that the group key security is  because no adversary can be successful in replaying the intercepted based on both the long term secret  as well as  messages. □
15,0,0,0,0,8,5,/JJNDYT+CharisSIL,7.97,57.51,568.2,292.02,576.17,568.2,217.53,57.51,303.25,"the short term secrets  of , which cannot"
15,0,0,0,0,37,5,/JJNDYT+CharisSIL,7.97,57.51,537.22,529.77,565.85,537.22,227.85,57.51,65.51,"be revealed through the eavesdropping of the messages during  Proposition 2. BBAS-IoV is resilient against man-in-the-middle attack. communication. As a result, it is clear that an ‘‘eavesdropping attack’’ cannot increase  ’s winning probability in the game"
15,0,0,0,0,9,5,/JJNDYT+CharisSIL,7.97,306.6,533.68,560.2,541.65,533.68,252.05,306.6,35.08,Proof. Suppose an adversary   intercepts a message =
15,0,0,0,0,23,5,/GXLRMS+STIXMath-Regular,7.97,76.73,522.39,575.07,531.49,522.39,262.21,76.73,20.21,"1 . On the other side, both the games 0 and 1 { , }. Further,  may try to create valid signature"
15,0,0,0,0,11,5,/JJNDYT+CharisSIL,7.97,57.51,516.57,378.68,526.87,516.57,266.83,57.51,216.6,"1 , 2 ,are ‘‘indistinguishable’’. Thus, the following result is obvious:"
15,0,0,0,0,13,5,/JJNDYT+CharisSIL,7.97,306.6,509.95,572.44,519.91,509.95,273.79,306.6,22.83,on behalf of 𝑉 to send it to  as an authentication request message.
15,0,0,0,0,14,5,/JJNDYT+CharisSIL,7.97,107.1,498.7,568.43,509.46,498.7,284.24,107.1,26.85,"may choose random nonces as 𝑎 , 𝑏  𝑍=. (2)  to generate the request"
15,0,0,0,0,8,5,/JJNDYT+CharisSIL,7.97,306.6,491.04,527.98,499.01,491.04,294.69,306.6,67.29,"message. Then,  can compute  𝑎 ( ),"
15,0,0,0,0,6,5,/GXLRMS+STIXMath-Regular,7.97,437.78,487.56,554.5,495.53,487.56,298.17,437.78,40.78,1 =  ⋅  + 2 =
15,0,0,0,0,34,5,/GXLRMS+STIXMath-Regular,7.97,76.73,477.11,559.44,488.83,477.11,304.87,76.73,35.83,"  needs to do the simulation  ( ), ℎ  𝐻 (  and ℎ  𝐻 ( .2 =2 ∥3 =3 2 : In this game, the adversary  ⋅  ⋅ 1 ) 1 ‖ 2 )"
15,0,0,0,0,47,5,/JJNDYT+CharisSIL,7.97,57.51,459.7,571.05,478.5,459.7,315.2,57.51,24.22,"of hash queries  and also requires to solve the computational   may then use the public parameter 𝑋  published by  to compute ECDLP defined in Definition 2 in order to derive the group key  𝐻 ( ). After these computations,  may finally try to create 4"
15,0,0,0,0,18,5,/JJNDYT+CharisSIL,7.97,73.33,447.26,559.02,457.85,447.26,335.85,73.33,36.26,. The security of the group key a signature ) ( ) hinges on both the long  as23
15,0,0,0,0,10,5,/GXLRMS+STIXMath-Regular,7.97,363.39,445.76,541.72,453.73,445.76,339.97,363.39,53.56,on  = (  + 0 + 1 ) +(  +
15,0,0,0,0,15,5,/JJNDYT+CharisSIL,7.97,57.51,437.56,460.54,447.52,437.56,346.18,57.51,134.73,"term secret . But, the attempt to create as well as the short term secrets"
15,0,0,0,0,6,5,/JJNDYT+CharisSIL,7.97,118.57,435.32,567.87,444.04,435.32,349.66,118.57,27.41,"of 2 ,  will be impossible"
15,0,0,0,0,16,5,/JJNDYT+CharisSIL,7.97,57.51,428.36,561.04,437.2,428.36,356.5,57.51,34.23,and  of . To derive as the long term secrets  (  are not known to the
15,0,0,0,0,9,5,/JJNDYT+CharisSIL,7.97,181.35,424.87,477.86,433.71,424.87,359.99,181.35,117.42,"and  from the public  and 0 , 1 )"
15,0,0,0,0,13,5,/JJNDYT+CharisSIL,7.97,127.78,417.91,567.41,426.87,417.91,366.83,127.78,27.86,"and .𝐺 respectively, the  adversary  . Thus, BBAS-IoV is secured against man-in-the-middle"
15,0,0,0,0,3,5,/GXLRMS+STIXMath-Regular,7.97,81.93,415.41,187.54,423.38,415.41,370.32,81.93,407.73,=  ⋅  =
15,0,0,0,0,20,5,/JJNDYT+CharisSIL,7.97,57.51,398.25,334.5,416.54,398.25,377.16,57.51,260.78,"adversary   needs to solve the ECDLP in polynomial time 𝑡 ,  attack. □ whose advantage is ). Furthermore, obtaining"
15,0,0,0,0,44,5,/JJNDYT+CharisSIL,7.97,57.51,365.36,541.72,395.89,365.36,397.81,57.51,53.55,"is equivalent to finding the collision in the hash function. Thus, Proposition 3. BBAS-IoV is resilient against privileged-insider attack. in the absence of the simulation of hash queries  and solving ECDLP, both the games Proof. During the vehicle registration phase (see Section 3.2.1),"
15,0,0,0,0,5,9,/GXLRMS+STIXMath-Regular,5.98,167.21,363.89,300.2,371.86,363.89,421.84,167.21,295.08,1 and 2 are ‘‘indistinguish-
15,0,0,0,0,24,5,/JJNDYT+CharisSIL,7.97,57.51,354.91,559.44,364.91,354.91,428.79,57.51,35.83,"able’’. Therefore, if we apply the birthday paradox, we arrive to loads the credentials { , 𝑅 , , ( , , ℎ (),"
15,0,0,0,0,4,10,/GXLRMS+STIXMath-Regular,4.98,481.96,351.42,512.92,359.39,351.42,434.31,481.96,82.36,"0 , 1 )"
15,0,0,0,0,17,5,/GXLRMS+STIXMath-Regular,7.97,57.51,344.46,566.33,354.59,344.46,439.11,57.51,28.95,"the following relation: (), 𝐻 (), 𝐻 (), 𝐻 (), 𝐻 ()} in the tamper-resistant on-board unit"
15,0,0,0,0,5,9,/GXLRMS+STIXMath-Regular,5.98,313.56,344.46,409.47,350.44,344.46,443.26,313.56,185.81,0 1 2 3 4
15,0,0,0,0,17,5,/GXLRMS+STIXMath-Regular,7.97,192.05,334.02,553.17,342.92,334.02,450.78,192.05,42.1,"2 ( ) of a vehicle 𝑉 . So, a privileged insider user of the being an"
15,0,0,0,0,17,5,/JJNDYT+CharisSIL,7.97,57.51,321.95,574.88,332.93,321.95,460.77,57.51,20.39,"). (3) || ≤ adversary will not know secrets stored in 𝑉. Similarly, as described in ("
15,0,0,0,0,5,5,/GXLRMS+STIXMath-Regular,7.97,95.53,319.38,211.73,328.43,319.38,465.27,95.53,383.54,1 2 2| | +
15,0,0,0,0,8,5,/JJNDYT+CharisSIL,7.97,306.61,311.13,564.92,321.09,311.13,472.61,306.61,30.36,"registration phase (see Section 3.2.2),  loads the credentials"
15,0,0,0,0,12,5,/JJNDYT+CharisSIL,7.97,37.59,306.55,300.6,314.52,306.55,479.18,37.59,294.68,Since all the relevant queries related to the above games are now
15,0,0,0,0,16,5,/GXLRMS+STIXMath-Regular,7.97,306.61,302.67,559.44,310.64,302.67,483.06,306.61,35.83,"{ , , 𝑅 , , ℎ (), 𝐻 (), 𝐻 (), 𝐻 (), 𝐻 (),0123"
15,0,0,0,0,13,5,/JJNDYT+CharisSIL,7.97,37.59,296.22,289.3,304.19,296.22,489.51,37.59,305.98,"executed, and it is only remaining in guessing the random bit 𝑐 once"
15,0,0,0,0,6,5,/GXLRMS+STIXMath-Regular,7.97,313.56,290.23,458.32,300.19,290.23,493.51,313.56,136.95,()} in memory of4  while keeping
15,0,0,0,0,13,5,/JJNDYT+CharisSIL,7.97,37.59,285.89,569.87,296.71,285.89,496.99,37.59,25.4,as secret. In addi- the and queries are executed. It thus follows that
15,0,0,0,0,8,5,/JJNDYT+CharisSIL,7.97,306.61,279.78,486.07,289.75,279.78,503.95,306.61,109.21,"tion,  𝑟  𝑟 also deletes the random secrets"
15,0,0,0,0,4,5,/JJNDYT+CharisSIL,7.97,471.15,278.29,562.87,286.26,278.29,507.44,471.15,32.4,and  in order to
15,0,0,0,0,12,5,/JJNDYT+CharisSIL,7.97,87.18,268.3,601.5,279.3,268.3,514.4,87.18,-6.22,"thwart against other attacks. Thus, privileged-insider attack is resisted = 1 (4)"
15,0,0,0,0,6,5,/GXLRMS+STIXMath-Regular,7.97,73.05,260.88,354.43,271.77,260.88,521.93,73.05,240.85,2 2 . in BBAS-IoV. □
15,0,0,0,0,12,5,/JJNDYT+CharisSIL,7.97,37.59,251.39,296.62,259.37,251.39,534.34,37.59,298.66,"Solving Eqs. (1), (2) and (4), we arrive to the following result:"
15,0,0,0,0,9,5,/IOTZDA+CharisSIL-Bold,7.97,38.78,238.35,525.78,247.96,238.35,545.74,38.78,69.49,Proposition 4. Vehicle impersonation attack is protected in BBAS-IoV.1
15,0,0,0,0,7,5,/GXLRMS+STIXMath-Regular,7.97,60.42,230.72,205.95,241.7,230.72,552.0,60.42,389.32,) = | − 1  (5) (
15,0,0,0,0,3,5,/GXLRMS+STIXMath-Regular,7.97,38.78,228.15,192.8,237.2,228.15,556.5,38.78,402.47,02 2 |
15,0,0,0,0,14,5,/JJNDYT+CharisSIL,7.97,115.76,217.98,554.58,226.75,217.98,566.95,115.76,40.7,"Proof. In order to impersonate a registered vehicle 𝑉 , an adversary = ||."
15,0,0,0,0,8,5,/JJNDYT+CharisSIL,7.97,306.61,208.33,506.17,216.3,208.33,577.4,306.61,89.11,"may intercept the request message = { ,"
15,0,0,0,0,12,5,/JJNDYT+CharisSIL,7.97,37.59,201.94,559.94,212.82,201.94,580.88,37.59,35.33,"1 , 2 ,Furthermore, Eqs. (3) and (5) give the following derivation:"
15,0,0,0,0,13,5,/JJNDYT+CharisSIL,7.97,325.41,193.7,557.85,203.66,193.7,590.04,325.41,37.43,"} on , , , , 𝑅 , , , } = {"
15,0,0,0,0,12,5,/JJNDYT+CharisSIL,7.97,38.78,184.91,559.44,193.21,184.91,600.49,38.78,35.83,"and try to create another valid request message, say = { ,1"
15,0,0,0,0,6,5,/GXLRMS+STIXMath-Regular,7.97,60.42,177.28,238.87,188.26,177.28,605.44,60.42,356.41,) ≤ ). (6)  ( (
15,0,0,0,0,12,5,/GXLRMS+STIXMath-Regular,7.97,38.78,172.71,445.69,182.68,172.71,611.02,38.78,149.59,"2 2| | + , , } on behalf of 𝑉 ."
15,0,0,0,0,24,5,/JJNDYT+CharisSIL,7.97,37.59,161.46,490.61,169.84,161.46,623.86,37.59,104.67,"Now, the final step is to multiply both sides of Eq. (6) by a factor of 2Assume that   picks a random nonce  𝑍"
15,0,0,0,0,16,5,/JJNDYT+CharisSIL,7.97,37.59,150.2,559.44,159.52,150.2,634.18,37.59,35.83,"to obtain the required result after simplification: the current timestamp value as to form , ,"
15,0,0,0,0,13,5,/JJNDYT+CharisSIL,7.97,127.6,137.09,557.48,147.93,137.09,645.77,127.6,37.79,"2 , , 𝑅 , , , }. In addition, assume that "
15,0,0,0,0,6,5,/GXLRMS+STIXMath-Regular,7.97,52.05,126.96,218.54,137.94,126.96,655.76,52.05,376.73,) ≤ ). □ ( (
15,0,0,0,0,14,5,/ESLNAJ+STIXMath-Italic,7.97,114.99,123.04,543.56,133.8,123.04,659.9,114.99,51.72,"also selects random secrets 𝑎 , 𝑏  𝑍 = 𝑎|| + 2 to compute"
15,0,0,0,0,12,5,/GXLRMS+STIXMath-Regular,7.97,306.61,114.57,556.41,122.54,114.57,671.16,306.61,38.87,"( + ) and = 𝑏 ( ). Furthermore,  may attempt"
15,0,0,0,0,4,10,/GXLRMS+STIXMath-Regular,4.98,37.59,107.34,398.65,117.82,107.34,675.88,37.59,196.63,24.3. Informal security analysis
15,0,0,0,0,13,5,/GXLRMS+STIXMath-Regular,7.97,306.61,100.4,563.43,111.28,100.4,682.42,306.61,31.85,"to compute ℎ  𝐻 ( ) and ℎ  𝐻 ( ), 23 ∥"
15,0,0,0,0,6,10,/GXLRMS+STIXMath-Regular,4.98,354.87,99.93,551.81,107.9,99.93,685.8,354.87,43.47,2 = 3 =1 1 2
15,0,0,0,0,11,5,/GXLRMS+STIXMath-Regular,7.97,306.61,87.29,556.22,98.17,87.29,695.53,306.61,39.06,and a signature on = ( + ) ( + as
15,0,0,0,0,15,5,/GXLRMS+STIXMath-Regular,7.97,49.54,86.71,544.5,94.8,86.71,698.9,49.54,50.77,We analyze the proposed BBAS-IoV informally in the following  2 0 + 1 ) +(
15,0,0,0,0,20,5,/GXLRMS+STIXMath-Regular,7.97,37.59,76.5,563.43,86.91,76.5,706.79,37.59,31.85,") , where  𝐻 ( ). But, to create , 4propositions, and show that BBAS-IoV is resilient against various known"
15,0,0,0,0,12,5,/JJNDYT+CharisSIL,7.97,37.59,66.17,563.43,74.39,66.17,719.31,37.59,31.85,the adversary  needs to know long term secrets  ( . attacks.
15,0,0,0,0,5,5,/GXLRMS+STIXMath-Regular,7.97,491.17,62.93,557.29,70.9,62.93,722.8,491.17,37.99,"and 0 , 1 )"
15,0,0,0,0,10,5,/JJNDYT+CharisSIL,7.97,306.61,55.97,561.94,63.94,55.97,729.76,306.61,33.33,"Therefore, it is computationally infeasible for the adversary to create"
15,0,0,0,0,18,5,/IOTZDA+CharisSIL-Bold,7.97,37.59,45.52,561.65,53.49,45.52,740.21,37.59,33.63,Proposition 1. BBAS-IoV is secure against replay attack. another valid request message without knowing the long and short
15,0,1,0,0,7,8,/EMQPYA+CharisSIL-Italic,6.38,344.83,24.34,501.04,30.72,24.34,762.98,344.83,94.23,Journal of Systems Architecture 113 (2021) 101877
15,0,0,0,0,8,3,Unknown,12.0,0.0,-12.0,312.0,0.0,-12.0,793.7,0.0,283.28,Journal of Systems Architecture 113 (2021) 101877 15
16,0,1,0,0,4,8,/JLCVTF+CharisSIL-Italic,6.38,37.59,746.19,85.41,752.57,746.19,41.13,37.59,509.87,P. Bagga et al.
16,0,0,0,0,11,5,/JJNDYT+CharisSIL,7.97,37.59,713.58,320.53,732.03,713.58,61.67,37.59,274.75,"term secrets. Hence, BBAS-IoV is secured against vehicle impersonation attack. □"
16,1,0,0,0,9,5,/IOTZDA+CharisSIL-Bold,7.97,37.59,692.61,240.82,700.58,692.61,93.12,37.59,354.45,Proposition 5. RSU impersonation attack is protected in BBAS-IoV.
16,0,0,0,0,11,5,/JJNDYT+CharisSIL,7.97,37.59,671.37,289.91,679.34,671.37,114.36,37.59,305.36,"Proof. In this attack, suppose an adversary   intercepts the message"
16,0,0,0,0,8,5,/JJNDYT+CharisSIL,7.97,65.53,660.88,281.42,668.85,660.88,124.85,65.53,313.86,", } during the group key management ,𝑉,𝑉"
16,0,0,0,0,13,5,/JJNDYT+CharisSIL,7.97,37.59,650.4,324.51,658.37,650.4,135.33,37.59,270.77,"phase described in Section 3.5, and tries to create a valid message, say"
16,0,0,0,0,13,5,/JJNDYT+CharisSIL,7.97,75.91,637.92,302.81,647.88,637.92,145.82,75.91,292.47,"= { , } on behalf of  to send it to the mem-"
16,0,1,0,1,2,9,/ESLNAJ+STIXMath-Italic,5.98,65.53,638.68,137.75,644.65,638.68,149.05,65.53,457.53,",𝑉 ,𝑉"
16,0,0,0,0,10,5,/JJNDYT+CharisSIL,7.97,37.59,626.66,294.65,636.62,626.66,157.08,37.59,300.63,"ber vehicles 𝑉 . Note that ,  of = {"
16,0,0,0,0,4,5,/GXLRMS+STIXMath-Regular,7.97,64.55,618.17,283.32,626.14,618.17,167.56,64.55,311.95,",𝑅 ( )} and"
16,0,0,0,0,9,5,/JJNDYT+CharisSIL,7.97,37.59,604.88,249.5,614.85,604.88,178.85,37.59,345.77,"the signature on  𝑉  ℎ ( for as,𝑉  ∥"
16,0,0,0,0,10,5,/GXLRMS+STIXMath-Regular,7.97,174.85,596.39,289.72,611.36,596.39,182.34,174.85,305.56,"=  +  ∥ ) ∗  𝑞 ). To do so,"
16,0,0,0,0,4,5,/GXLRMS+STIXMath-Regular,7.97,56.3,592.9,233.61,600.87,592.9,192.83,56.3,361.66,∥  ∥  ∥  (mod
16,0,0,0,0,17,5,/JJNDYT+CharisSIL,7.97,37.59,575.42,295.64,593.88,575.42,199.82,37.59,299.63,"may attempt to generate a random nonce  𝑍 , a ran∈dom secret key 𝑍 , and com-"
16,0,0,0,0,3,5,/JJNDYT+CharisSIL,7.97,128.38,572.63,216.05,580.6,572.63,213.1,128.38,379.23,and current timestamp
16,0,0,0,0,9,5,/JJNDYT+CharisSIL,7.97,37.59,564.93,293.39,572.9,564.93,220.8,37.59,301.88,"pute public = .𝐺. However, to compute the signature"
16,0,0,0,0,4,5,/GXLRMS+STIXMath-Regular,7.97,77.01,552.46,144.4,562.42,552.46,231.28,77.01,450.87,=  ℎ (  ∥
16,0,0,0,0,30,5,/GXLRMS+STIXMath-Regular,7.97,63.91,541.78,523.39,559.19,541.78,234.51,63.91,71.88,",𝑉  +  ∥  ∥  ∥ Fig. 5. Simulation results of the proposed BBAS-IoV under CL-AtSe and OFMC ) ∗ (mod 𝑞 ),  requires the long term private key backends."
16,0,0,0,0,12,5,/JJNDYT+CharisSIL,7.97,37.59,528.95,283.25,538.91,528.95,254.79,37.59,312.03,"of . In addition,  cannot also compute the group key  ="
16,0,0,0,0,12,10,/GXLRMS+STIXMath-Regular,4.98,65.01,516.97,264.68,524.94,516.97,268.76,65.01,330.59,1 ‖ 2 ‖ 1 ‖ 2 ‖ 1 ‖ 2 ‖
16,0,0,0,0,17,5,/JJNDYT+CharisSIL,7.97,204.44,507.95,601.5,517.95,507.95,275.76,204.44,-6.22,) as it involves the long  Protocols (TA4SP)’’. The process of simulation of a protocol initiates by
16,0,0,0,0,20,5,/JJNDYT+CharisSIL,7.97,37.59,497.27,585.56,507.46,497.27,286.24,37.59,9.72,"term private key . As a result,  will fail to create  implementing the code in ‘‘High-Level Protocol Specification Language"
16,0,0,0,0,40,5,/JJNDYT+CharisSIL,7.97,37.59,475.92,593.53,496.98,475.92,296.73,37.59,1.75,"a legitimate message on behalf of , and hence, the proposed  (HLPSL)’’ and then converting it into ‘‘Intermediate Format (IF)’’ with BBAS-IoV is resilient against impersonation attack. □ the help of HLPSL2IF translator. Following this, the code in the IF"
16,0,0,0,0,13,5,/JJNDYT+CharisSIL,7.97,306.6,465.24,577.59,473.21,465.24,320.49,306.6,17.69,"format is provided to any of the back-ends as input, and the output"
16,0,0,0,0,16,5,/IOTZDA+CharisSIL-Bold,7.97,37.59,454.56,481.95,465.23,454.56,328.48,37.59,113.33,Proposition 6. BBAS-IoV is resilient against ephemeral secret leakage  in the ‘‘Output Format (OF)’’ is collected.
16,0,0,0,0,12,5,/JJNDYT+CharisSIL,7.97,318.56,443.45,573.6,451.43,443.45,342.28,318.56,21.67,The result in the OF is displayed in various sections which are
16,1,0,0,0,10,5,/IOTZDA+CharisSIL-Bold,7.97,37.59,425.8,264.73,433.77,425.8,359.93,37.59,330.54,Proof. During the group key management phase described in Sec-
16,0,0,0,0,19,5,/JJNDYT+CharisSIL,7.97,37.59,413.32,591.14,423.66,413.32,370.04,37.59,4.14,"First section is the ‘‘SUMMARY’’ section that displays whether the tion 3.5 , ℎ( generates a group key ="
16,0,0,0,0,4,10,/GXLRMS+STIXMath-Regular,4.98,244.48,411.83,280.28,419.8,411.83,373.9,244.48,315.0,1 ‖ 2 ‖
16,0,0,0,0,6,5,/JJNDYT+CharisSIL,7.97,326.53,405.01,501.87,412.98,405.01,380.72,326.53,93.4,"scheme is ‘‘safe, unsafe, or inconclusive’’."
16,0,0,0,0,8,10,/GXLRMS+STIXMath-Regular,4.98,80.22,401.34,191.73,409.31,401.34,384.39,80.22,403.54,1 ‖ 2 ‖ 1 ‖ 2 ‖
16,0,0,0,0,21,5,/JJNDYT+CharisSIL,7.97,138.19,392.35,579.18,402.31,392.35,391.39,138.19,16.09,) for all the vehicles 𝑉  𝐶 .   The next section is ‘‘DETAILS’’ that has a detailed explanation  of the cluster
16,0,0,0,0,20,5,/JJNDYT+CharisSIL,7.97,37.59,381.87,589.54,391.83,381.87,401.87,37.59,5.73,"The group key supporting the result displayed in the ‘‘SUMMARY’’ section, so as  involves use of both long term secret"
16,0,0,0,0,19,5,/JJNDYT+CharisSIL,7.97,37.59,371.38,477.96,381.34,371.38,412.36,37.59,117.32,short term secrets . The security of to why the protocol is safe or unsafe. is then based on
16,0,0,0,0,14,5,/JJNDYT+CharisSIL,7.97,37.59,362.2,587.15,370.86,362.2,422.84,37.59,8.12,the following two cases:  The next section is ‘‘PROTOCOL’’ section that defines the ‘‘HLPSL
16,0,0,0,0,8,5,/JJNDYT+CharisSIL,7.97,326.53,351.53,565.63,359.5,351.53,434.2,326.53,29.64,specification of the target protocol in intermediate form’’.
16,0,0,0,0,10,5,/JJNDYT+CharisSIL,7.97,51.14,344.14,292.87,354.1,344.14,439.6,51.14,302.4,Case 1. If only the long term secret  is compro-
16,0,0,0,0,10,5,/JJNDYT+CharisSIL,7.97,211.93,340.75,579.18,350.62,340.75,443.08,211.93,16.09,"of  Following the section ‘‘PROTOCOL’’, there is a ‘‘GOAL’’ section"
16,0,0,0,0,8,5,/JJNDYT+CharisSIL,7.97,57.51,335.65,282.18,343.62,335.65,450.08,57.51,313.09,"mised, without having the short term secrets  of"
16,0,0,0,0,12,5,/JJNDYT+CharisSIL,7.97,247.24,330.07,585.56,340.13,330.07,453.57,247.24,9.72,and that defines ‘‘the goal of the analysis which is being performed
16,0,0,0,0,12,5,/JJNDYT+CharisSIL,7.97,77.12,323.17,289.69,333.13,323.17,460.57,77.12,305.59,", the group key   . cannot be derived by an adversary"
16,0,0,0,0,5,5,/JJNDYT+CharisSIL,7.97,326.53,319.39,477.96,327.36,319.39,466.34,326.53,117.32,by AVISPA using HLPSL specification’’.
16,0,0,0,0,12,5,/JJNDYT+CharisSIL,7.97,51.14,314.14,287.27,322.11,314.14,471.59,51.14,308.01,Case 2. If the adversary   only knows the short term secrets
16,0,0,0,0,9,5,/JJNDYT+CharisSIL,7.97,320.15,308.61,571.21,316.58,308.61,477.12,320.15,24.06,‘‘BACKEND’’ section displays the name of the back-end amongst
16,0,0,0,0,9,5,/JJNDYT+CharisSIL,7.97,99.11,301.66,277.22,311.62,301.66,482.08,99.11,318.06,"of , derivation of   cannot be done by"
16,0,0,0,0,9,5,/JJNDYT+CharisSIL,7.97,77.67,297.94,541.72,308.14,297.94,485.56,77.67,53.55,"and the four mentioned backends (OFMC, Cl-AtSe, SATMC and"
16,0,0,0,0,7,5,/JJNDYT+CharisSIL,7.97,57.51,293.17,251.04,301.14,293.17,492.56,57.51,344.24,without having the long term secret .
16,0,0,0,0,9,5,/JJNDYT+CharisSIL,7.97,208.66,287.26,493.9,297.65,287.26,496.05,208.66,101.37,of TA4SP) is the last section in the result.
16,0,0,0,0,9,5,/JJNDYT+CharisSIL,7.97,37.59,276.71,233.62,284.68,276.71,509.02,37.59,361.66,"Thus, the adversary  acquires both long term secret"
16,0,0,0,0,11,5,/JJNDYT+CharisSIL,7.97,250.04,270.17,565.63,281.19,270.17,512.51,250.04,29.64,and short  The HLPSL implementation of the proposed BBAS-IoV consists of
16,0,0,0,0,10,5,/JJNDYT+CharisSIL,7.97,37.59,264.23,291.38,274.19,264.23,519.51,37.59,303.89,"term secrets , then only the group key  is compro-"
16,0,0,0,0,13,5,/JJNDYT+CharisSIL,7.97,306.6,257.5,562.67,267.47,257.5,526.23,306.6,32.6,"four basic roles for the, 𝑉 , 𝑉 and  along with two mandatory"
16,0,0,0,0,11,5,/JJNDYT+CharisSIL,7.97,37.59,255.74,312.56,263.71,255.74,529.99,37.59,282.72,"mised. Therefore, based on the CK-adversary model [ 28] discussed in"
16,0,0,0,0,12,5,/JJNDYT+CharisSIL,7.97,306.6,248.82,507.11,256.79,248.82,536.91,306.6,88.17,roles of session and  goal & environment . We have considered registra-
16,0,0,0,0,12,5,/JJNDYT+CharisSIL,7.97,37.59,245.25,324.51,253.22,245.25,540.48,37.59,270.77,"the threat model (see Section 1.2), even the adversary does the session"
16,0,0,0,0,12,5,/JJNDYT+CharisSIL,7.97,306.6,238.14,581.57,246.11,238.14,547.59,306.6,13.7,tion phase described in Section 3.2 which is done through the secure
16,0,0,0,0,8,5,/JJNDYT+CharisSIL,7.97,37.59,234.77,252.78,242.74,234.77,550.96,37.59,342.5,hijacking attacks to compromise the short term secrets
16,0,0,0,0,14,5,/JJNDYT+CharisSIL,7.97,37.59,224.28,593.53,235.43,224.28,558.27,37.59,1.75,"channel, and the signing phase described in Section 3.3, authentication of, the group key"
16,0,0,0,0,8,5,/JJNDYT+CharisSIL,7.97,135.47,222.29,318.79,230.26,222.29,563.44,135.47,276.49,is still secure because it requires the long
16,0,0,0,0,22,5,/JJNDYT+CharisSIL,7.97,37.59,213.8,589.54,224.76,213.8,568.94,37.59,5.73,"phase for both V2V authentication phase explained in Section 3.4.1 and term secret. As a result, ESL attack is protected in the"
16,0,0,0,0,17,5,/JJNDYT+CharisSIL,7.97,37.59,203.31,577.59,214.08,203.31,579.62,37.59,17.69,batch authentication phase referring to Section 3.4.2 and group key proposed BBAS-IoV under the CK-adversary model. □
16,0,0,0,0,13,5,/JJNDYT+CharisSIL,7.97,306.6,195.43,577.59,203.4,195.43,590.3,306.6,17.69,management phase in Section 3.5 that forms a group key and sends to
16,0,0,0,0,13,5,/JJNDYT+CharisSIL,7.97,37.59,182.05,422.17,192.73,182.05,600.97,37.59,173.11,each vehicle in the cluster. 5. Formal security verification using AVISPA: simulation study
16,0,0,0,0,13,5,/JJNDYT+CharisSIL,7.97,318.56,173.65,559.52,181.62,173.65,612.08,318.56,35.76,"To verify the presence or absence of attack, an intruder ( ) in"
16,0,0,0,0,19,5,/JJNDYT+CharisSIL,7.97,49.54,160.91,581.57,170.94,160.91,622.76,49.54,13.7,AVISPA takes an active role during communication among various enti- The formal security verification of the proposed scheme (BBAS-
16,0,0,0,0,141,5,/JJNDYT+CharisSIL,7.97,37.59,87.51,597.51,160.26,87.51,633.44,37.59,-2.24,"ties. The intruder 𝑖is given all the knowledge of public parameters and IoV) is done by using widely accepted simulation tool, known as is even designed to imitate all other roles. The ‘‘Dolev-Yao (DY) threat ‘‘Automated Validation of Internet Security Protocols and Applications model’’ [27] is implemented in AVISPA, where the intruder 𝑖 cannot (AVISPA)’’ [30]. In this section, we describe the security validation of only eavesdrop the messages but is also given a privilege to modify, BBAS-IoV against an adversary who may be passive or active. The outdelete or insert false messages during communication. The broadly put of the simulation of BBAS-IoV on the push button tool assures the used ‘‘Security Protocol ANimator for AVISPA (SPAN)’’ tool [ 72] is safety of the scheme against ‘‘replay’’ attack and ‘‘man-in-the-middle’’ used to perform formal security verification simulation. The results of attack."
16,0,0,0,0,21,5,/JJNDYT+CharisSIL,7.97,49.54,76.98,581.57,85.52,76.98,708.18,49.54,13.7,simulation of the proposed BBAS-IoV is shown in Fig. 5 which clearly AVISPA tool consists of four back-ends: (a) ‘‘On-the-fly Model-
16,0,0,0,0,50,5,/JJNDYT+CharisSIL,7.97,37.59,45.52,601.5,74.84,45.52,718.86,37.59,-6.22,"displays the output result via two broadly-used backends: OFMC and Checker (OFMC)’’, (b) ‘‘Constraint Logic based Attack Searcher (CLCL-AtSe. From the results, it is assured that BBAS-IoV is secured against AtSe)’’, (c) ‘‘SAT-based Model-Checker (SATMC)’’, and (d) ‘‘Tree Automata based on Automatic Approximations for the Analysis of Securityreplay and man-in-the-middle-attacks."
16,0,1,0,0,7,8,/EMQPYA+CharisSIL-Italic,6.38,344.83,24.34,501.04,30.72,24.34,762.98,344.83,94.23,Journal of Systems Architecture 113 (2021) 101877
16,0,0,0,0,8,3,Unknown,12.0,0.0,-12.0,312.0,0.0,-12.0,793.7,0.0,283.28,Journal of Systems Architecture 113 (2021) 101877 16
17,0,1,0,0,4,8,/JLCVTF+CharisSIL-Italic,6.38,37.59,746.19,85.41,752.57,746.19,41.13,37.59,509.87,P. Bagga et al.
17,0,0,0,0,58,8,/JJNDYT+CharisSIL,6.38,306.6,591.46,561.65,724.83,591.46,68.87,306.6,33.63,Execution time (in milliseconds) for a server of cryptographic primitives using MIRACL. Primitive Max. time (ms) Min. time (ms) Average time (ms) 0.149 0.024 0.055 0.248 0.046 0.072 2.998 0.284 0.674 0.002 0.001 0.002 0.003 0.001 0.001 0.002 0.001 0.001 0.007 0.001 0.002 0.003 0.001 0.001 7.951 4.495 4.716 0.199 0.092 0.114 5.998 0.569 1.350 3.000 0.285 0.676
17,0,0,0,0,24,8,/JJNDYT+CharisSIL,6.38,306.6,540.32,587.15,565.96,540.32,227.74,306.6,8.12,Execution time (in milliseconds) for a Raspberry PI 3 of cryptographic primitives using MIRACL. Primitive Max. time (ms) Min. time (ms) Average time (ms)
17,1,0,0,0,8,8,/IOTZDA+CharisSIL-Bold,6.38,91.0,529.99,221.71,536.37,529.99,257.33,91.0,373.57,Fig. 6. Experimental setup using Raspberry PI 3.
17,0,0,0,0,12,8,/JJNDYT+CharisSIL,6.38,314.64,501.14,372.03,533.22,501.14,260.48,314.64,223.25,0.643 0.274 0.309 0.493 0.178 0.228 4.532 2.206 2.288 0.021 0.015 0.016
17,1,0,0,0,5,5,/IOTZDA+CharisSIL-Bold,7.97,37.59,494.78,181.05,502.75,494.78,290.95,37.59,414.23,6. Experimental results using MIRACL
17,0,0,0,0,9,8,/JJNDYT+CharisSIL,6.38,314.64,475.44,372.03,498.95,475.44,294.75,314.64,223.25,0.038 0.017 0.018 0.054 0.009 0.014 0.016 0.009 0.011
17,0,0,0,0,11,5,/JJNDYT+CharisSIL,7.97,49.54,466.35,372.03,474.32,466.35,319.38,49.54,223.25,"Under this section, we evaluate various cryptographic primitives   0.013 0.008 0.010"
17,0,0,0,0,10,8,/JJNDYT+CharisSIL,6.38,37.59,455.05,381.59,464.68,455.05,329.02,37.59,213.68,32.790 27.606 32.084using the broadly-accepted ‘‘Multiprecision Integer and Rational Arith-
17,0,0,0,0,3,8,/JJNDYT+CharisSIL,6.38,314.64,449.73,372.03,456.11,449.73,337.59,314.64,223.25,0.406 0.381 0.385
17,0,0,0,0,10,5,/JJNDYT+CharisSIL,7.97,37.59,443.76,320.53,451.73,443.76,341.97,37.59,274.75,metic Cryptographic Library (MIRACL)’’ [ 31] for their execution time.
17,0,0,0,0,3,8,/JJNDYT+CharisSIL,6.38,314.64,441.16,372.03,447.54,441.16,346.16,314.64,223.25,8.885 4.427 4.592
17,0,0,0,0,35,5,/JJNDYT+CharisSIL,7.97,37.59,409.87,372.03,440.43,409.87,353.27,37.59,223.25,"It is worth noticing that MIRACL, a C/C++ based programming soft-   4.453 2.221 2.304 ware library, has been already recognized by the cryptographers as the ‘‘gold standard open source SDK for elliptic curve cryptography (ECC)’’."
17,0,0,0,0,34,5,/JJNDYT+CharisSIL,7.97,49.54,383.62,398.26,404.88,383.62,388.82,49.54,197.02,"We utilize the symbols , 𝑇 , 𝑇 , 𝑇 , 𝑇 , 𝑇 , 𝑇 , 𝑇 , 7. Comparative analysis , 𝑇  𝑇 and  to denote the time required to execute ‘‘modular"
17,0,0,0,0,84,5,/JJNDYT+CharisSIL,7.97,37.59,329.14,593.53,382.36,329.14,411.34,37.59,1.75,"In this section, we give a detailed comparative study on ‘‘commu- exponentiation’’, ‘‘elliptic curve point (scalar) multiplication’’, ‘‘elliptic nication and computational overheads’’, ‘‘storage overheads’’ and ‘‘se- curve point addition’’, ‘‘symmetric key (Advanced Encryption Stancurity and functionality features’’ among our proposed scheme (BBAS- dard (AES-128)) encryption/decryption’’, ‘‘one-way hash function using IoV) and other existing competing authentication schemes in IoV- SHA-256 hashing algorithm’’, ‘‘modular multiplication over’’, ‘‘modrelated environment, such as the schemes of Tan and Chung [45], Jiang ular addition over 𝑍’’, ‘‘bilinear pairing operation’’, ‘‘point-to-map"
17,0,0,0,0,14,5,/JJNDYT+CharisSIL,7.97,306.6,321.65,525.78,329.62,321.65,464.08,306.6,69.49,"et al. [37], Tzeng et al. [ 33] and Bayat et al. [ 18]."
17,0,0,0,0,19,5,/JJNDYT+CharisSIL,7.97,37.59,306.55,332.48,325.81,306.55,467.89,37.59,262.8,"function’’, ‘‘ECC encryption’’, and ‘‘ECC decryption’’, respectively. The elliptic curve point addition and multiplication are carried out a non-"
17,0,0,0,0,6,5,/GXLRMS+STIXMath-Regular,7.97,168.92,298.04,438.11,307.46,298.04,486.24,168.92,157.17,7.1. Storage overheads comparison2 =3 +
17,0,0,0,0,16,5,/ESLNAJ+STIXMath-Italic,7.97,37.59,295.25,297.31,303.22,295.25,490.48,37.59,297.96,singular elliptic curve of the type: ‘‘ 𝑦 𝑥 + 𝑣 (mod 𝑞 )’’ such that
17,0,0,0,0,14,5,/GXLRMS+STIXMath-Regular,7.97,37.59,283.96,274.02,294.72,283.96,498.98,37.59,321.26,3 + 27 2 ≠4 0 (mod 𝑞 ). Note that 𝑇  𝑇  𝑇
17,0,0,0,0,5,5,/GXLRMS+STIXMath-Regular,7.97,161.73,281.97,256.89,289.94,281.97,503.76,161.73,338.39,= 2  +  and  =
17,0,0,0,0,12,5,/JJNDYT+CharisSIL,7.97,318.56,277.77,573.6,285.75,277.77,507.96,318.56,21.67,The basic entities involved in IoV system model shown in Fig. 1
17,0,0,0,0,13,5,/JJNDYT+CharisSIL,7.97,306.6,267.23,567.02,275.2,267.23,518.5,306.6,28.26,"are vehicles, s and s. Out of the three, thes are given huge"
17,0,0,0,0,17,5,/JJNDYT+CharisSIL,7.97,49.54,256.68,577.59,267.67,256.68,526.03,49.54,17.69,"We consider the following two platforms for MIRACL. computational power and sufficient amount of storage capacity, while"
17,0,0,0,0,10,5,/JJNDYT+CharisSIL,7.97,324.74,246.13,575.79,254.1,246.13,539.6,324.74,19.48,"s are more resource-rich than the vehicles. Thus, the vehicles"
17,0,0,0,0,143,5,/JJNDYT+CharisSIL,7.97,51.14,169.84,597.51,245.59,169.84,548.12,51.14,-2.24,"Platform 1. The platform considered for MIRACL is as follows:  are the resource constraint devices. Hence, it is important to analyze ‘‘Ubuntu 18.04.4 LTS, with memory: 7.7 GiB, processor: Intel ® the storage overheads of vehicles and s. We analyze the storage Core i7-8565U CPU @ 1.80 GHz ×  8, OS type: 64-bit and disk:  overheads of our scheme (BBAS-IoV) and other considered schemes by calculating the amount of storage required by each vehicle and966.1 GB’’. The experiments are executed for each cryptographic during the initial registration phase. For the proposed BBAS-IoV, in the primitive for 100 runs. After that the maximum, minimum and vehicle registration phase defined in Section 3.2.1 , loads { ,average run-time in milliseconds are recorded for each crypto, , , ( , , } in the of a deployed graphic primitive from these 100 runs. The experimental results"
17,0,0,0,0,4,10,/GXLRMS+STIXMath-Regular,4.98,384.85,168.8,414.37,176.77,168.8,616.93,384.85,180.9,"0 , 1 )"
17,0,0,0,0,23,5,/JJNDYT+CharisSIL,7.97,57.51,158.55,552.19,169.71,158.55,623.99,57.51,43.09,vehicle 𝑉 . The storage overhead for 𝑉  [160 + 320 + 160 + 160 +  is thenare then tabulated in Table 4.
17,0,0,0,0,14,5,/GXLRMS+STIXMath-Regular,7.97,306.6,151.19,580.32,159.16,151.19,634.54,306.6,14.96,(160 + 160) + 160 + 320] = 1600bits. To calculate the storage overheads
17,1,0,0,0,10,5,/IOTZDA+CharisSIL-Bold,7.97,51.14,147.25,260.75,155.22,147.25,638.48,51.14,334.53,Platform 2. The platform considered for MIRACL is as follows:
17,0,0,0,0,11,5,/JJNDYT+CharisSIL,7.97,306.6,140.64,556.04,148.61,140.64,645.09,306.6,39.24,"for , loads { , , , 𝑅 , } in"
17,0,0,0,0,11,5,/JJNDYT+CharisSIL,7.97,57.51,135.96,316.54,143.93,135.96,649.77,57.51,278.73,"‘‘Model: Raspberry PI 3 B+ Rev 1.3, with CPU: 64-bit, Processor:"
17,0,0,0,0,10,5,/JJNDYT+CharisSIL,7.97,323.86,128.1,574.92,136.07,128.1,657.63,323.86,20.36,before deployment as described in Section 3.2.2 . The storage
17,0,0,0,0,11,5,/JJNDYT+CharisSIL,7.97,57.51,124.66,280.68,132.63,124.66,661.07,57.51,314.6,"1.4 GHz Quad-core, 4 cores, Memory (RAM): 1 GB, and OS:"
17,0,0,0,0,14,5,/JJNDYT+CharisSIL,7.97,306.6,117.55,536.28,127.51,117.55,666.19,306.6,59.0,required for  [160 + 320 + 160 + 320 + 160] = 1120bits.  is
17,0,0,0,0,9,5,/JJNDYT+CharisSIL,7.97,57.51,113.37,308.57,121.34,113.37,672.36,57.51,286.7,"Ubuntu 20.04 LTS, 64-bit’’. The experimental setup using Rasp-"
17,0,0,0,0,11,5,/JJNDYT+CharisSIL,7.97,318.56,108.81,573.6,116.78,108.81,676.92,318.56,21.67,"Similar calculation shows that in Tan and Chung’s scheme [ 45],"
17,0,0,0,0,14,5,/JJNDYT+CharisSIL,7.97,57.51,102.07,320.53,110.05,102.07,683.66,57.51,274.75,berry PI 3 is shown in Fig. 6 . The experiments are also executed
17,0,0,0,0,12,5,/JJNDYT+CharisSIL,7.97,306.6,98.27,553.09,106.24,98.27,687.46,306.6,42.19,a vehicle stores 320 bits and  stores information of 1120  bits. In
17,0,0,0,0,88,5,/JJNDYT+CharisSIL,7.97,57.51,56.07,601.5,98.75,56.07,694.95,57.51,-6.22,"for each cryptographic primitive for 100 runs. We calculate the Tzeng et al.’s scheme [ 33], a vehicle and store 416  and 1152 bits maximum, minimum and average run-time in milliseconds for  of information, respectively. For Bayat et al.’s scheme [18], the storage each cryptographic primitive from these 100 runs. Finally, the cost of a vehicle and are  1120 and  1632 bits, respectively. Jiang experimental results are provided in Table 5 . et al.’s scheme [37] stores 896 bits in a vehicle and 1440 bit in an ."
17,0,0,0,0,10,5,/JJNDYT+CharisSIL,7.97,306.6,45.52,577.59,53.49,45.52,740.21,306.6,17.69,The summarized storage overheads comparison is presented in Table 6.
17,0,1,0,0,7,8,/EMQPYA+CharisSIL-Italic,6.38,344.83,24.34,501.04,30.72,24.34,762.98,344.83,94.23,Journal of Systems Architecture 113 (2021) 101877
17,0,0,0,0,8,3,Unknown,12.0,0.0,-12.0,312.0,0.0,-12.0,793.7,0.0,283.28,Journal of Systems Architecture 113 (2021) 101877 17
18,0,1,0,0,4,8,/JLCVTF+CharisSIL-Italic,6.38,37.59,746.19,85.41,752.57,746.19,41.13,37.59,509.87,P. Bagga et al.
18,1,0,0,0,4,8,/IOTZDA+CharisSIL-Bold,6.38,37.59,727.02,328.92,733.39,727.02,60.31,37.59,266.35,Table 6 Table 8
18,0,0,0,0,34,8,/JJNDYT+CharisSIL,6.38,37.59,687.24,472.38,724.83,687.24,68.87,37.59,122.89,Storage overheads comparison. Computation costs in the proposed scheme (BBAS-IoV). Signing phaseScheme Vehicle’s storage (in bits) RSU’s storage (in bits) Entity Computational costBayat et al. [18] 1120 1632 Jiang et al. [37] 896 1140
18,0,0,0,0,10,8,/GXLRMS+STIXMath-Regular,6.38,311.14,682.39,484.68,690.36,682.39,103.34,311.14,110.59,Individual vehicle ( ) 3 𝑇  + 3  + 3
18,0,0,0,0,6,8,/JJNDYT+CharisSIL,6.38,42.12,678.67,128.2,685.05,678.67,108.65,42.12,467.08,Tzeng et al. [33] 416 1152
18,0,0,0,0,8,8,/ESLNAJ+STIXMath-Italic,6.38,311.14,673.82,473.66,681.79,673.82,111.91,311.14,121.61,in a cluster 𝐶 .839 ms ≈ 7
18,0,0,0,0,11,8,/JJNDYT+CharisSIL,6.38,42.12,661.53,387.65,676.48,661.53,117.22,42.12,207.63,Tan and Chung [45] 320 1120 V2V Authentication phaseBBAS-IoV 1600 1120
18,0,0,0,0,3,8,/JJNDYT+CharisSIL,6.38,311.14,651.65,390.84,658.03,651.65,135.67,311.14,204.44,Entity Computational cost
18,0,0,0,0,12,8,/GXLRMS+STIXMath-Regular,6.38,311.14,638.18,503.36,646.15,638.18,147.55,311.14,91.92,Individual vehicle ( ) 3 𝑇  + 4  + 4  + 3
18,0,0,0,0,8,8,/ESLNAJ+STIXMath-Italic,6.38,311.14,629.61,480.04,637.58,629.61,156.12,311.14,115.24,in a cluster 𝐶 .395 ms ≈ 106
18,0,0,0,0,12,8,/JJNDYT+CharisSIL,6.38,37.59,617.37,394.03,634.45,617.37,159.26,37.59,201.25,Communication costs comparison. Batch authentication phaseScheme Single verification Batch verification Group key
18,0,0,0,0,4,8,/JJNDYT+CharisSIL,6.38,245.63,607.44,390.84,615.18,607.44,178.52,245.63,204.44,management Entity Computational cost
18,0,0,0,0,7,8,/JJNDYT+CharisSIL,6.38,42.12,596.92,200.36,605.53,596.92,188.17,42.12,394.92,b −Bayat et al. [18] 992 992
18,0,0,0,0,16,8,/GXLRMS+STIXMath-Regular,6.38,311.14,593.96,548.23,601.93,593.96,191.77,311.14,47.04,Road-side Unit ( ) 3 𝑇 + 1) + 1) + 5 + (3 + (2
18,0,0,0,0,12,8,/GXLRMS+STIXMath-Regular,6.38,42.12,588.35,283.6,596.96,588.35,196.74,42.12,311.68,aJiang et al. [37] 3748 + 256 1440+ (900 + 256 𝑡)
18,0,0,0,0,11,8,/GXLRMS+STIXMath-Regular,6.38,311.14,585.39,506.88,593.36,585.39,200.34,311.14,88.4,in a cluster 𝐶 .205 + 3.486 ) ms ≈ (14
18,0,0,0,0,3,8,/GXLRMS+STIXMath-Regular,6.38,181.25,579.78,222.41,588.39,579.78,205.31,181.25,372.87,b(2308 + 256)
18,0,0,0,0,5,8,/JJNDYT+CharisSIL,6.38,197.17,573.45,394.03,581.48,573.45,212.22,197.17,201.25,Group key management phaseb −
18,0,0,0,0,27,8,/JJNDYT+CharisSIL,6.38,42.12,554.08,390.84,577.59,554.08,216.11,42.12,204.44,Tzeng et al. [33] 1152 1152 b + a + Entity Computational costTan and Chung [45] 2496 1504 992 3296 𝑛 448 b 2752 aBBAS-IoV 2912 2912
18,0,0,0,0,10,8,/GXLRMS+STIXMath-Regular,6.38,311.14,549.75,506.23,557.72,549.75,235.98,311.14,89.05,Road-side Unit ( ) 𝑇 + 1) + + (
18,0,0,0,0,27,8,/GXLRMS+STIXMath-Regular,6.38,37.59,541.18,503.69,549.15,541.18,244.55,37.59,91.59,in a cluster 𝐶 .729 + 1.405 ) msNote: −: phase is not defined in the scheme; 𝑡: degree of a polynomial used in Jiang  ≈ (0
18,0,0,0,0,11,8,/JJNDYT+CharisSIL,6.38,37.59,531.21,486.53,539.07,531.21,254.63,37.59,108.75,et al.’s scheme [37]. Individual vehicle ( ) 4 𝑇  𝑇
18,0,0,0,0,3,8,/GXLRMS+STIXMath-Regular,6.38,450.31,529.62,478.31,536.0,529.62,257.7,450.31,116.97,+ 2  +
18,0,0,0,0,6,8,/JJNDYT+CharisSIL,6.38,37.59,523.88,154.72,532.49,523.88,261.21,37.59,440.55,aGroup key management for 𝑛  vehicles.
18,0,0,0,0,8,8,/ESLNAJ+STIXMath-Italic,6.38,311.14,521.05,476.85,529.02,521.05,264.68,311.14,118.43,in a cluster 𝐶 .488 ms ≈ 11
18,0,0,0,0,5,8,/JJNDYT+CharisSIL,6.38,37.59,514.31,134.2,522.92,514.31,270.78,37.59,461.08,bBatch verification of 𝑛 messages.
18,0,0,0,0,10,5,/JJNDYT+CharisSIL,7.97,306.6,484.56,573.6,492.54,484.56,301.17,306.6,21.67,noticed that the communication costs needed for the proposed BBAS-
18,0,1,0,0,4,5,/JLCVTF+CharisSIL-Italic,7.97,37.59,479.12,177.06,487.09,479.12,306.61,37.59,418.21,7.2. Communication costs comparison
18,0,0,0,0,18,5,/JJNDYT+CharisSIL,7.97,306.6,463.33,581.57,481.92,463.33,311.79,306.6,13.7,"IoV are comparable with other existing competing schemes during the single verification, batch verification and group key management"
18,0,0,0,0,9,5,/JJNDYT+CharisSIL,7.97,49.54,458.21,296.62,466.18,458.21,327.52,49.54,298.66,To calculate the communication costs in the proposed BBAS-IoV
18,0,0,0,0,21,5,/JJNDYT+CharisSIL,7.97,37.59,437.29,320.53,455.72,437.29,337.98,37.59,274.75,"and other schemes, we assume that an identity, a random number (nonce/secret), the system timestamp, an ‘‘elliptic curve point of the"
18,0,1,0,0,17,5,/ESLNAJ+STIXMath-Italic,7.97,37.59,426.84,446.08,437.53,426.84,356.17,37.59,149.2,"7.3. Computational costs comparisonform 𝑃 = (,𝑃), where 𝑥 and 𝑦 co-ordinates of 𝑃 are 𝑃 𝑃"
18,0,0,0,0,84,5,/JJNDYT+CharisSIL,7.97,37.59,374.55,593.53,424.35,374.55,369.35,37.59,1.75,"respectively’’ and the hash output (digest) using SHA-256 hashing algoFor computational costs computation of the proposed BBAS-IoV rithm [73] require 160 bits, 32 bits, (160+160) = 320bits and 256 bits, and other existing competing schemes for various phases, we use the respectively. Under these assumptions, we calculate the communication experimental results reported in Section 6. The average execution costs of the proposed BBAS-IoV for the signing, authentication and time (in milliseconds) for a server of various cryptographic primitives group key management phases as follows."
18,0,0,0,0,12,5,/JJNDYT+CharisSIL,7.97,306.6,364.74,563.06,372.71,364.74,420.99,306.6,32.22,"using MIRACL reported in Table 4 are used for , whereas the"
18,0,0,0,0,11,5,/JJNDYT+CharisSIL,7.97,51.14,355.8,294.23,365.76,355.8,427.94,51.14,301.05,"During the signing phase described in Section 3.3, a vehicle re-"
18,0,0,0,0,11,5,/JJNDYT+CharisSIL,7.97,306.6,354.12,589.54,362.09,354.12,431.61,306.6,5.73,average execution time (in milliseconds) for a Raspberry PI of various
18,0,0,0,0,9,5,/JJNDYT+CharisSIL,7.97,57.51,347.33,264.21,355.3,347.33,438.4,57.51,331.06,"quires to broadcast the hello message = { ,"
18,0,0,0,0,12,5,/JJNDYT+CharisSIL,7.97,282.95,343.5,573.6,351.82,343.5,441.88,282.95,21.67,"1 , cryptographic primitives using MIRACL provided in Table 5 are used"
18,0,0,0,0,21,5,/JJNDYT+CharisSIL,7.97,101.72,332.7,565.29,342.66,332.7,451.04,101.72,29.98,"} to its cluster members including , where for an of a vehicle. It is worth noticing that a-degree polynomial  ="
18,0,0,0,0,24,5,/JJNDYT+CharisSIL,7.97,57.51,322.26,542.71,332.2,322.26,461.5,57.51,52.57,"{ , , , , 𝑅 , , , }. It requires computation denoted by 𝑇  𝑇  𝑡 ( + 𝑇 ), where 𝑇"
18,0,0,0,0,27,5,/JJNDYT+CharisSIL,7.97,57.51,311.64,567.31,321.74,311.64,471.96,57.51,27.97,"[(320 + 160 + 160 + 320 + 320 + 320 + 320 + 32) + (320 + 320 + 320)] and 𝑇  𝑍 , respectively, and"
18,0,0,0,0,6,5,/JJNDYT+CharisSIL,7.97,327.29,309.65,482.7,317.62,309.65,476.08,327.29,112.57,are the multiplication and addition in
18,0,0,0,0,3,5,/GXLRMS+STIXMath-Regular,7.97,57.51,303.32,103.71,311.29,303.32,482.41,57.51,491.57,= 2912 bits.
18,0,0,0,0,7,5,/JJNDYT+CharisSIL,7.97,310.99,299.03,482.35,307.0,299.03,486.7,310.99,112.93,is computed using the Horner’s rule [74].
18,0,0,0,0,22,5,/JJNDYT+CharisSIL,7.97,51.14,290.08,577.59,300.83,290.08,492.87,51.14,17.69,"During the group key management phase described in Section 3.5, In Table 8, we have shown the computational costs needed by each"
18,0,0,0,0,16,5,/JJNDYT+CharisSIL,7.97,74.77,279.46,558.42,290.37,279.46,503.33,74.77,36.86,"𝑛  response messages , requires to send,𝑉 individual vehicle and an during the signing, V2V authentication"
18,0,0,0,0,22,5,/JJNDYT+CharisSIL,7.97,84.64,268.85,561.65,279.91,268.85,513.79,84.64,33.63,"} to 𝑉  𝑉,𝑉 to its each vehicle of the cluster, where  =  and batch authentication phases of the proposed BBAS-IoV. Along"
18,0,1,0,1,3,5,/ESLNAJ+STIXMath-Italic,7.97,57.51,261.49,277.46,269.46,261.49,524.24,57.51,317.81,"{ ,𝑅 ,"
18,0,0,0,0,12,5,/JJNDYT+CharisSIL,7.97,306.6,258.23,597.51,266.2,258.23,527.5,306.6,-2.24,"with this, we have also analyzed the costs of single verification, batch"
18,0,0,0,0,6,5,/GXLRMS+STIXMath-Regular,7.97,100.82,251.03,285.9,259.0,251.03,534.7,100.82,309.37,( )}. Each message requires the
18,0,0,0,0,10,5,/JJNDYT+CharisSIL,7.97,306.6,247.61,581.57,255.58,247.61,538.12,306.6,13.7,verification and group key management of other existing schemes. Tan
18,0,0,0,0,26,5,/JJNDYT+CharisSIL,7.97,57.51,236.99,509.84,247.71,236.99,545.99,57.51,85.43,communication cost of [(32 + 160 + 320 + 320 + 320 + 320 + 320 +  and Chung’s scheme needs the computational costs of 14
18,0,0,0,0,3,5,/GXLRMS+STIXMath-Regular,7.97,514.59,234.99,552.1,242.96,234.99,550.74,514.59,43.17,+ 16  +
18,0,0,0,0,16,5,/GXLRMS+STIXMath-Regular,7.97,57.51,226.37,560.2,237.25,226.37,556.45,57.51,35.08,160+(320+320))+160] = 2752 bits. The total communication cost  4 +2 +2  (12 +2) +(12 +4) +
18,0,0,0,0,4,5,/JJNDYT+CharisSIL,7.97,360.8,224.37,472.38,232.34,224.37,561.36,360.8,122.9,for single verification and
18,0,0,0,0,11,5,/JJNDYT+CharisSIL,7.97,57.51,215.75,334.92,226.79,215.75,566.91,57.51,260.36,"due to 𝑛  response messages  2752  bits. ,𝑉 (2 + 2)"
18,0,0,0,0,13,5,/JJNDYT+CharisSIL,7.97,190.54,213.76,582.79,223.3,213.76,570.4,190.54,12.49,"is then  + 2  + 2  for batch verification. In addition, in their"
18,0,0,0,0,20,5,/JJNDYT+CharisSIL,7.97,37.59,202.39,561.65,213.1,202.39,580.6,37.59,33.63,scheme the group key management requires the computational cost We have also calculated communication costs of other schemes to eval-
18,0,0,0,0,28,5,/GXLRMS+STIXMath-Regular,7.97,37.59,191.93,572.58,202.48,191.93,591.22,37.59,22.69,"of (2 + 4 )  + 1) . In Tzeng et al.’s scheme [33],  + 3 + (5uate their performance. The scheme proposed by Tan and Chung [45]"
18,0,0,0,0,21,5,/JJNDYT+CharisSIL,7.97,37.59,181.47,565.63,191.86,181.47,601.84,37.59,29.64,"the total computation cost for signing and verifying comes out asrequires the costs of2496, 1504+992 and 3296+448 bits for single veri-"
18,0,0,0,0,25,5,/GXLRMS+STIXMath-Regular,7.97,37.59,171.01,581.27,181.24,171.01,612.46,37.59,14.01,"4  𝑇  𝑇 . The costs of generating and verifying a  + + 2 + 2 +fication, batch verification and group key management, respectively. In"
18,0,0,0,0,27,5,/JJNDYT+CharisSIL,7.97,37.59,160.56,554.2,170.62,160.56,623.08,37.59,41.07,"single message in Bayat et al.’s scheme [18] are 1 + 1 + 1  andTzeng et al.’s scheme [33], a signed message needs1152 bits that is sent"
18,0,0,0,0,49,5,/GXLRMS+STIXMath-Regular,7.97,37.59,139.42,588.58,160.0,139.42,633.7,37.59,6.7,"3  + 1 , respectively. In Jiang et al.’s scheme [37], from a vehicle to in single verification. And for batch verification  + 1 + 1 the total cost of signing and verifying is 5of 𝑛 vehicles, the cost is 1152 bits.  + 7  + 2  + 3  +"
18,0,0,0,0,191,5,/JJNDYT+CharisSIL,7.97,37.59,45.52,601.5,138.76,45.52,654.94,37.59,-6.22,"𝑇 . The communication cost of a single message broadcasted by vehicle + We have divided the computational costs comparisons among the  (480 + 160 + 320 + 32) =  in Bayat et al.’s scheme [18] requires proposed BBAS-IoV and other existing schemes into three groups: (a) 992 bits, and it is 992 bits for batch verification. In Jiang et al.’s single verification which includes the total cost of verification between scheme [37], the total communication cost is 3748+256 𝑡, where 𝑡is the a vehicle and a RSU/vehicle (shown in Table 9), (b) batch verification degree of the polynomial used during the mutual authentication phase. includes the total cost of computation performed by 𝑛 vehicles and Moreover, the group key decryption only requires a single message their in a group/cluster (shown in Table 10), and (c) group of 900 + 256 bits to be received by a vehicle. Table 7 summarizes key management that represents the computation by  and its 𝑛the communication costs of BBAS-IoV and other analyzed schemes for single verification, batch verification and group key management. It ismembers vehicles in the cluster/group (shown in Table 11). It is also"
18,0,1,0,0,7,8,/EMQPYA+CharisSIL-Italic,6.38,344.83,24.34,501.04,30.72,24.34,762.98,344.83,94.23,Journal of Systems Architecture 113 (2021) 101877
18,0,0,0,0,8,3,Unknown,12.0,0.0,-12.0,312.0,0.0,-12.0,793.7,0.0,283.28,Journal of Systems Architecture 113 (2021) 101877 18
19,0,1,0,0,4,8,/JLCVTF+CharisSIL-Italic,6.38,37.59,746.19,85.41,752.57,746.19,41.13,37.59,509.87,P. Bagga et al.
19,1,0,0,0,4,8,/IOTZDA+CharisSIL-Bold,6.38,37.59,727.02,332.11,733.39,727.02,60.31,37.59,263.17,Table 9 Table 12
19,0,0,0,0,24,8,/JJNDYT+CharisSIL,6.38,37.59,707.69,467.35,724.83,707.69,68.87,37.59,127.92,Computation costs comparison for V2V (single) authentication. Functionality & security features comparison. Scheme Vehicle ( ) Feature Bayat Jiang Tzeng Tan and Chung BBAS-IoV
19,0,0,0,0,10,8,/JJNDYT+CharisSIL,6.38,344.09,699.12,471.61,705.5,699.12,88.2,344.09,123.66,et al. [18] et al. [37] et al. [33] [45]
19,0,0,0,0,16,8,/ESLNAJ+STIXMath-Italic,6.38,42.12,694.21,268.71,702.18,694.21,91.52,42.12,326.56,Bayat et al. [18] 𝑇  𝑇  𝑇  𝑇  𝑇 + + 𝑇 + + 3 +
19,0,0,0,0,14,8,/GXLRMS+STIXMath-Regular,6.38,131.5,686.04,354.42,693.61,686.04,100.09,131.5,240.86,≈ 2.553 ms ≈ 14 . 991 ms 1     
19,0,0,0,0,12,8,/ESLNAJ+STIXMath-Italic,6.38,42.12,675.68,354.42,683.45,675.68,110.25,42.12,240.86,2     Jiang et al. [37] 𝑇 𝑇 𝑇
19,0,0,0,1,9,8,/GXLRMS+STIXMath-Regular,6.38,135.01,674.09,264.72,680.46,674.09,113.24,135.01,330.56,+ 4  +  𝑇  + 2  +  + 3
19,0,0,0,0,5,9,/GXLRMS+STIXMath-Regular,5.98,324.53,668.91,475.53,676.48,668.91,117.22,324.53,119.75,×  3   
19,0,0,0,0,8,8,/GXLRMS+STIXMath-Regular,6.38,131.5,667.11,246.29,673.49,667.11,120.21,131.5,348.99,≈ 9.477 ms ≈ 15 . 553 ms
19,0,0,0,0,6,11,/GXLRMS+STIXMath-Regular,4.46,324.53,660.34,354.42,666.32,660.34,127.38,324.53,240.86,4     
19,0,0,0,0,16,8,/GXLRMS+STIXMath-Regular,6.38,42.12,653.96,264.54,661.93,653.96,131.77,42.12,330.74,Tzeng et al. [33] 3  𝑇  𝑇  𝑇  𝑇 + + 𝑇 + + 2 +
19,0,0,0,0,6,11,/GXLRMS+STIXMath-Regular,4.46,324.53,651.77,354.42,657.75,651.77,135.95,324.53,240.86,5     
19,0,0,0,0,8,8,/GXLRMS+STIXMath-Regular,6.38,131.5,646.99,246.29,653.36,646.99,140.34,131.5,348.99,≈ 7.558 ms ≈ 10 . 163 ms
19,0,0,0,0,5,9,/GXLRMS+STIXMath-Regular,5.98,324.53,642.8,350.07,650.78,642.8,142.93,324.53,245.21,6 × × × ×
19,0,0,0,0,22,8,/GXLRMS+STIXMath-Regular,6.38,42.12,633.84,354.42,641.81,633.84,151.89,42.12,240.86,Tan and Chung [45] 8 7      + 9 + 2 4 + 3 + 2 + 2
19,0,0,0,0,11,8,/GXLRMS+STIXMath-Regular,6.38,131.5,625.67,439.69,633.64,625.67,160.06,131.5,155.59,  ×   ≈ 23.096 ms ≈ 11 .818 ms8 ×
19,0,0,0,0,5,9,/GXLRMS+STIXMath-Regular,5.98,324.53,617.1,356.05,625.07,617.1,168.63,324.53,239.23, 9 × × ×
19,0,0,0,0,13,8,/GXLRMS+STIXMath-Regular,6.38,42.12,613.71,272.8,621.68,613.71,172.02,42.12,322.48,BBAS-IoV 3  + 3  + 3  3  + 4  + 4  + 3
19,0,0,0,0,5,9,/GXLRMS+STIXMath-Regular,5.98,324.53,608.53,350.07,616.5,608.53,177.2,324.53,245.21,10 × × × ×
19,0,0,0,0,8,8,/GXLRMS+STIXMath-Regular,6.38,131.5,606.74,246.29,613.12,606.74,180.58,131.5,348.99,≈ 7.839 ms ≈ 17 . 017 ms
19,0,0,0,0,10,9,/GXLRMS+STIXMath-Regular,5.98,324.53,591.4,433.71,607.94,591.4,185.76,324.53,161.57,11 × × × ×   × ×  12 ×
19,0,0,0,0,11,8,/JJNDYT+CharisSIL,6.38,37.59,580.17,567.09,588.22,580.17,205.48,37.59,28.18,Table 10 Note: : ‘‘Replay attack’’; : ‘‘man-in-the-middle attack’’; : ‘‘insider
19,0,0,0,0,3,11,/GXLRMS+STIXMath-Regular,4.46,339.83,580.49,528.34,584.95,580.49,208.75,339.83,66.94,1 2 3
19,0,0,0,0,16,8,/JJNDYT+CharisSIL,6.38,37.59,571.6,565.87,579.65,571.6,214.05,37.59,29.4,Computation costs comparison for V2RSU (batch) authentication. attack’’; : ‘‘vehicle impersonation attack’’; : ‘‘RSU impersonation attack’’;
19,0,0,0,0,15,8,/JJNDYT+CharisSIL,6.38,42.12,562.57,564.83,569.41,562.57,224.29,42.12,30.44,: ‘‘dynamic vehicle addition phase’’; : ‘‘batch verification’’; : ‘‘group Scheme Group of 𝑛 vehicles678
19,0,0,0,0,11,8,/JJNDYT+CharisSIL,6.38,171.26,552.92,565.75,560.84,552.92,232.86,171.26,29.52,key management’’; : ‘‘support to blockchain-based solution’’; : ‘‘support a (a910
19,0,0,0,0,17,8,/GXLRMS+STIXMath-Regular,6.38,42.12,549.1,269.83,557.07,549.1,236.63,42.12,325.45,Bayat et al. [18] (  𝑇  𝑇 )  𝑇  𝑇 ) + + + + 3 +
19,0,0,0,0,13,8,/JJNDYT+CharisSIL,6.38,306.6,545.9,575.83,552.28,545.9,241.43,306.6,19.45,to AI/ML based security for Big data analytics’’; : ‘‘formal security verification 11
19,0,0,0,0,8,8,/GXLRMS+STIXMath-Regular,6.38,121.32,542.12,236.11,548.5,542.12,245.2,121.32,359.17,≈ 2.553 ms ≈ 14 . 991 ms
19,0,0,0,0,14,8,/JJNDYT+CharisSIL,6.38,306.6,537.33,570.88,543.71,537.33,249.99,306.6,24.39,using AVISPA tool’’; : ‘‘ESL attack under the CK-adversary model for group key 12
19,0,0,0,0,9,8,/GXLRMS+STIXMath-Regular,6.38,42.12,530.57,276.9,539.17,530.57,254.53,42.12,318.37,a ( aJiang et al. [37] ( 𝑇) 𝑇)
19,0,0,0,0,36,8,/GXLRMS+STIXMath-Regular,6.38,121.32,520.19,575.13,535.35,520.19,258.35,121.32,20.15,+ 4  +  + 2  +  + 3 construction’’. ≈ 9.477 ms ≈ 15 . 553 ms : a scheme is secure or assists a feature; ×: a scheme is insecure or does not assist a
19,0,0,0,0,12,8,/JJNDYT+CharisSIL,6.38,42.12,510.44,332.11,519.05,510.44,274.65,42.12,263.17,a ( a feature.Tzeng et al. [33] (3 𝑇 𝑇) 𝑇 𝑇)
19,0,0,0,0,6,8,/GXLRMS+STIXMath-Regular,6.38,130.14,508.85,250.28,515.22,508.85,278.48,130.14,344.99,+  +  +  + 2  +
19,0,0,0,0,8,8,/GXLRMS+STIXMath-Regular,6.38,121.32,501.87,236.11,508.25,501.87,285.45,121.32,359.17,≈ 7.558 ms ≈ 10 . 163 ms
19,0,0,0,0,7,8,/GXLRMS+STIXMath-Regular,6.38,42.12,490.32,283.6,498.93,490.32,294.77,42.12,311.67,a (4 aTan and Chung [45] (8))
19,0,0,0,0,10,8,/GXLRMS+STIXMath-Regular,6.38,130.14,488.72,263.03,495.1,488.72,298.6,130.14,332.24,+ 9  + 2  + 3  + 2  + 2
19,0,0,0,0,11,8,/GXLRMS+STIXMath-Regular,6.38,121.32,477.8,418.19,488.13,477.8,305.57,121.32,177.09,≈ 23.096 ms ≈ 11 . 818 ms 8. Blockchain implementation
19,0,0,0,0,5,8,/GXLRMS+STIXMath-Regular,6.38,42.12,470.19,271.11,478.8,470.19,314.9,42.12,324.17,a (3BBAS-IoV (3) + 1)
19,0,0,0,0,8,8,/GXLRMS+STIXMath-Regular,6.38,130.14,468.6,249.47,474.98,468.6,318.72,130.14,345.81,+ 3  + 3  + 5  + (3
19,0,0,0,0,10,5,/JJNDYT+CharisSIL,7.97,318.56,457.37,577.59,465.34,457.37,328.36,318.56,17.69,"In this section, we provide the blockchain implementation of our"
19,0,0,0,0,11,8,/GXLRMS+STIXMath-Regular,6.38,121.32,453.06,266.13,459.43,453.06,334.27,121.32,329.14,≈ 7.839 ms ≈ (14 . 205 + 3.486 ) ms
19,0,0,0,0,8,5,/JJNDYT+CharisSIL,7.97,306.6,447.07,557.66,455.04,447.07,338.66,306.6,37.61,proposed BBAS-IoV using the popular Hyperledger Sawtooth [32].
19,0,0,0,0,12,5,/JJNDYT+CharisSIL,7.97,37.59,436.78,570.45,446.61,436.78,347.09,37.59,24.82,"Note: We have considered the block version ( ), previous block hash"
19,0,0,0,0,5,8,/JJNDYT+CharisSIL,6.38,37.59,430.67,133.99,439.28,430.67,354.42,37.59,461.29,aBatch verification of 𝑛 vehicles.
19,0,0,0,0,22,5,/JJNDYT+CharisSIL,7.97,306.6,416.18,571.5,434.45,416.18,359.25,306.6,23.77,"( ), timestamp ( ), Merkle tree root ( ), signer’s public key ( ), ECDSA block signature ( ) and current/last"
19,0,0,0,0,14,5,/JJNDYT+CharisSIL,7.97,37.59,405.89,579.78,416.4,405.89,377.3,37.59,15.5,"Table 11 block hash ( ) using SHA-256 hashing algorithm are of sizes 32,"
19,0,0,0,0,7,8,/JJNDYT+CharisSIL,6.38,37.59,401.46,209.74,407.83,401.46,385.87,37.59,385.53,Computation costs comparison for group key management.
19,0,0,0,0,14,5,/JJNDYT+CharisSIL,7.97,306.6,395.59,593.53,403.56,395.59,390.14,306.6,1.75,"256, 32, 256, 320, 320, and 256 bits, respectively, for a full block as"
19,0,0,0,0,5,8,/JJNDYT+CharisSIL,6.38,42.12,390.7,179.31,397.07,390.7,396.63,42.12,415.96,Scheme Group of 𝑛  vehicles
19,0,0,0,0,12,5,/JJNDYT+CharisSIL,7.97,306.6,385.29,577.59,393.27,385.29,400.44,306.6,17.69,"shown in Fig. 4. In addition, each transaction in the block requires2016"
19,0,0,0,0,19,8,/JJNDYT+CharisSIL,6.38,42.12,375.0,509.84,385.19,375.0,408.51,42.12,85.43,"Bayat et al. [18] − − bits. Thus, the total block size of a block becomes 1472 + 2016"
19,0,0,0,0,6,8,/GXLRMS+STIXMath-Regular,6.38,42.12,367.26,171.97,375.87,367.26,417.84,42.12,423.31,a (2Jiang et al. [37] (2)
19,0,0,0,0,12,8,/GXLRMS+STIXMath-Regular,6.38,134.16,364.7,557.66,372.67,364.7,421.03,134.16,37.61,We now discuss the practical implementation of our proposed  + + +
19,0,0,0,0,11,5,/JJNDYT+CharisSIL,7.97,306.6,354.41,581.57,362.38,354.41,431.32,306.6,13.7,scheme to estimate its impact on the performance parameters. We have
19,0,0,0,0,11,8,/GXLRMS+STIXMath-Regular,6.38,122.18,350.12,275.71,356.5,350.12,437.2,122.18,319.56,≈ 0.632 ms ≈ (0 . 785 + 0.009 ) ms
19,0,0,0,0,8,5,/JJNDYT+CharisSIL,7.97,306.6,344.11,577.59,352.08,344.11,441.62,306.6,17.69,"simulated the implementation using Hyperledger Sawtooth [32], which"
19,0,0,0,0,15,8,/JJNDYT+CharisSIL,6.38,42.12,333.81,589.54,344.94,333.81,448.76,42.12,5.73,Tzeng et al. [33] − − is an enterprise blockchain platform for distributed applications. The
19,0,0,0,0,8,8,/GXLRMS+STIXMath-Regular,6.38,42.12,327.01,271.14,335.62,327.01,458.08,42.12,324.14,a (2 aTan and Chung [45] (3) 𝑇)
19,0,0,0,0,16,8,/GXLRMS+STIXMath-Regular,6.38,135.52,323.52,585.56,331.79,323.52,461.91,135.52,9.72,+ 3  +  + 3 architecture of Hyperledger Sawtooth is outlined in Fig. 7. A typical
19,0,0,0,0,9,8,/GXLRMS+STIXMath-Regular,6.38,122.18,318.44,274.64,327.05,318.44,466.65,122.18,320.64,2≈ 7.791 ms ≈ (0 .784 + 0.009) ms
19,0,0,0,0,9,5,/JJNDYT+CharisSIL,7.97,306.6,313.22,581.57,321.19,313.22,472.51,306.6,13.7,"Sawtooth network comprises of validator nodes, which are responsible"
19,0,0,0,0,6,8,/GXLRMS+STIXMath-Regular,6.38,42.12,306.88,283.6,315.49,306.88,478.21,42.12,311.68,a ( aBBAS-IoV (4 𝑇)+ 1))
19,0,0,0,0,18,8,/GXLRMS+STIXMath-Regular,6.38,130.99,302.92,597.51,311.67,302.92,482.04,130.99,-2.24,+ 2  +  +  + ( for adding the blocks to the blockchain. The elegant feature of Sawtooth
19,0,0,0,0,11,8,/GXLRMS+STIXMath-Regular,6.38,122.18,298.32,270.55,304.69,298.32,489.01,122.18,324.73,≈ 11.488 ms ≈ (0 . 729 + 1.405 ) ms
19,0,0,0,0,10,5,/JJNDYT+CharisSIL,7.97,306.6,292.63,581.57,300.6,292.63,493.1,306.6,13.7,in separating the core system from the application level facilitates
19,0,0,0,0,45,8,/JJNDYT+CharisSIL,6.38,37.59,276.93,585.56,291.87,276.93,501.83,37.59,9.72,Note: − : phase is not defined in the scheme; 𝑡: degree of a polynomial used in Jiang  one to write custom transaction processors subject to the application et al.’s scheme [37]; 𝑚: number of vehicles willing to be in group in Tan and Chung’s
19,0,0,0,0,11,5,/JJNDYT+CharisSIL,7.97,306.6,272.04,593.53,280.01,272.04,513.69,306.6,1.75,"requirements and register it with the validator nodes. Further, one can"
19,0,0,0,0,11,5,/JJNDYT+CharisSIL,7.97,37.59,261.74,585.56,269.71,261.74,523.99,37.59,9.72,develop corresponding clients to generate transactions and send it to a
19,0,0,0,0,6,8,/JJNDYT+CharisSIL,6.38,40.36,259.55,154.72,265.92,259.55,527.78,40.36,440.55,Group key management for 𝑛  vehicles.
19,0,0,0,0,26,5,/JJNDYT+CharisSIL,7.97,306.6,230.85,609.47,259.41,230.85,534.29,306.6,-14.19,"the validator nodes via REpresentational State Transfer (REST) interfaces, which is ‘‘architectural style for distributed hypermedia systems’’. Validator nodes verify the transactions by contacting the corresponding"
19,0,0,0,0,10,5,/JJNDYT+CharisSIL,7.97,37.59,224.36,304.59,232.33,224.36,561.37,37.59,290.69,noticed that the computational costs needed for the proposed BBAS-
19,0,0,0,0,8,5,/JJNDYT+CharisSIL,7.97,306.6,220.56,593.53,228.53,220.56,565.17,306.6,1.75,registered transaction processors and upon successful verification they
19,0,0,0,0,9,5,/JJNDYT+CharisSIL,7.97,37.59,213.87,292.63,221.84,213.87,571.86,37.59,302.65,IoV are comparable with other existing competing schemes during
19,0,0,0,0,8,5,/JJNDYT+CharisSIL,7.97,306.6,210.26,569.62,218.23,210.26,575.47,306.6,25.66,will provide the consensus. Hyperledger Sawtooth majorly supports
19,0,0,0,0,9,5,/JJNDYT+CharisSIL,7.97,37.59,203.38,312.56,211.35,203.38,582.35,37.59,282.72,"the single verification, batch verification and group key management"
19,0,0,0,0,9,5,/JJNDYT+CharisSIL,7.97,306.6,199.96,593.53,207.93,199.96,585.77,306.6,1.75,"‘‘Practical Byzantine Fault Tolerance (PBFT)’’ [26], ‘‘Proof of Elapsed"
19,0,0,0,0,21,5,/JJNDYT+CharisSIL,7.97,306.6,179.37,577.59,197.64,179.37,596.06,306.6,17.69,Time (PoET)’’ [75] and ‘‘Raft’’ [76] consensus algorithms. We have used the PBFT [26] consensus algorithm to execute the simulation of
19,0,1,0,0,19,5,/JLCVTF+CharisSIL-Italic,7.97,37.59,169.07,581.57,179.55,169.07,614.15,37.59,13.7,"7.4. Security and functionality features comparison the proposed BBAS-IoV. In PBFT, one of the validator nodes acts as a"
19,0,0,0,0,12,5,/JJNDYT+CharisSIL,7.97,306.6,158.78,577.59,166.75,158.78,626.95,306.6,17.69,leader node which is responsible for creating and adding a block to
19,0,0,0,0,21,5,/JJNDYT+CharisSIL,7.97,49.54,148.48,585.56,158.38,148.48,635.32,49.54,9.72,"In this section, we compare the proposed BBAS-IoV against other  the blockchain. The leader role gets changed in a round-robin fashion"
19,0,0,0,0,199,5,/JJNDYT+CharisSIL,7.97,37.59,45.52,585.56,147.89,45.52,645.81,37.59,9.72,"existing competing schemes on functionality and security features.  among the validator nodes and a non-leader node has to wait for its The comparison is tabulated in Table 12 on various functionality and turn to create and add a block the blockchain. The PBFT consensus security features ( ). It is worth to notice that the pro- algorithms allows at least 1∕3 of the nodes to be faulty, that is, a leader 112 posed BBAS-IoV and Tan and Chung’s scheme implement blockchain.  node inserts a block into the blockchain once it gets consensus from2∕3 Moreover, only the proposed BBAS-IoV provides dynamic vehicle ad-  of the peer nodes in the Sawtooth network. dition phase, AI/ML based security for Big data analytics and for-  We have simulated the proposed BBAS-IoV using five P2P servers, mal security verification using AVISPA tool. Considering all the fea- each of which acting as a validator node and having the configuration tures ( ), BBAS-IoV provides better security and more func- ‘‘Ubuntu 18.04, Intel(R) Core(TM) i9-9880H CPU @ 2.30 GHz, 2 GB 112 tionality features as compared to those for other existing competing RAM’’. The performance of the proposed BBAS-IoV is measured for the following two cases:schemes."
19,0,1,0,0,7,8,/EMQPYA+CharisSIL-Italic,6.38,344.83,24.34,501.04,30.72,24.34,762.98,344.83,94.23,Journal of Systems Architecture 113 (2021) 101877
19,0,0,0,0,8,3,Unknown,12.0,0.0,-12.0,312.0,0.0,-12.0,793.7,0.0,283.28,Journal of Systems Architecture 113 (2021) 101877 19
20,0,1,0,0,4,8,/JLCVTF+CharisSIL-Italic,6.38,37.59,746.19,85.41,752.57,746.19,41.13,37.59,509.87,P. Bagga et al.
20,1,0,0,0,9,8,/IOTZDA+CharisSIL-Bold,6.38,196.79,439.56,391.27,445.94,439.56,347.76,196.79,204.01,Fig. 7. Hyperledger Sawtooth blockchain platform architecture [ 32].
20,1,0,0,0,12,5,/IOTZDA+CharisSIL-Bold,7.97,320.15,415.3,545.71,423.27,415.3,370.43,320.15,49.57,"Case 1: In this case, we performed the simulation by having a"
20,0,0,0,0,48,5,/JJNDYT+CharisSIL,7.97,326.53,362.66,597.51,412.75,362.66,380.95,326.53,-2.24,"fixed number of transactions per block, which is 60. The simulation results listed in Fig. 8 shows the number of blocks mined into the blockchain versus the computational time (in milliseconds). It is noticed that the computational time linearly increases when the number of blocks mined also increases."
20,1,0,0,0,11,5,/IOTZDA+CharisSIL-Bold,7.97,320.15,352.13,553.68,360.1,352.13,433.6,320.15,41.6,"Case 2: In this scenario, we performed the simulation by mining"
20,0,0,0,0,68,5,/JJNDYT+CharisSIL,7.97,326.53,278.43,589.54,349.57,278.43,444.13,326.53,5.73,"a fixed number of blocks to the blockchain, which is 30, with the varied number of transactions per block. The simulation results are provided in Fig. 9 . The simulation results are based on the number of transactions containing in each block versus the computational time (in milliseconds). It is also noticed that the computational time linearly increases when the number of transactions containing in each block increases."
20,1,0,0,0,10,8,/IOTZDA+CharisSIL-Bold,6.38,93.12,256.56,358.41,267.02,256.56,526.68,93.12,236.87,Fig. 8. Blockchain simulation results in Case 1. 9. Conclusion
20,0,0,0,0,9,5,/JJNDYT+CharisSIL,7.97,318.56,235.03,573.6,243.0,235.03,550.7,318.56,21.67,"To enable smart city environment using intelligent vehicles, we"
20,0,0,0,0,154,5,/JJNDYT+CharisSIL,7.97,306.6,77.11,597.51,232.47,77.11,561.23,306.6,-2.24,"designed a novel blockchain-enabled batch authentication scheme in AI-envisioned IoV-based smart city deployment. The proposed scheme (BBAS-IoV) registers the vehicles and s prior to their deployment. Each vehicle is a part of a dynamic cluster that broadcasts a message to get authenticated from its fellow vehicles and. We proposed both V2V single authentication and batch authentication in which cluster vehicles are authenticated by their simultaneously. Following to these procedures, we also provided a mechanism how  can create a group key that to be shared by all the vehicles of the cluster. To make the proposed BBAS-IoV more effective, we incorporated the blockchaining mechanism using the fog servers and cloud computing as well. The blocks of transactions are mined by a voting-based PBFT consensus algorithm. The genuineness and authenticity of the huge amount of data stored in blockchain also gave us an opportunity to use big data analytics though AI/ML algorithms. The mingling of these"
20,1,0,0,0,8,8,/IOTZDA+CharisSIL-Bold,6.38,93.12,71.77,223.83,78.14,71.77,715.56,93.12,371.44,Fig. 9. Blockchain simulation results in Case 2.
20,0,0,0,0,29,5,/JJNDYT+CharisSIL,7.97,306.6,45.52,585.56,74.55,45.52,719.15,306.6,9.72,technologies made the proposed BBAS-IoV efficient and smarter to work effectively in smart cities. Detailed security analysis and comparative study exhibit the proposed BBAS-IoV is superior in terms of
20,0,1,0,0,7,8,/EMQPYA+CharisSIL-Italic,6.38,344.83,24.34,501.04,30.72,24.34,762.98,344.83,94.23,Journal of Systems Architecture 113 (2021) 101877
20,0,0,0,0,8,3,Unknown,12.0,0.0,-12.0,312.0,0.0,-12.0,793.7,0.0,283.28,Journal of Systems Architecture 113 (2021) 101877 20
21,0,1,0,0,4,8,/JLCVTF+CharisSIL-Italic,6.38,37.59,746.19,85.41,752.57,746.19,41.13,37.59,509.87,P. Bagga et al.
21,0,0,0,0,22,5,/JJNDYT+CharisSIL,7.97,37.59,724.06,566.24,732.03,724.06,61.67,37.59,29.03,"security, supports more functionality features and provides comparable [17] S. Jiang, X. Zhu, L. Wang, A conditional privacy scheme based on anonymized"
21,0,0,0,0,18,8,/JJNDYT+CharisSIL,6.38,37.59,713.49,564.67,723.27,713.49,70.43,37.59,30.61,"batch authentication in Vehicular Ad Hoc Networks, in: EEE Wireless Commu- storage, communication and computational overheads as compared"
21,0,0,0,0,9,8,/JJNDYT+CharisSIL,6.38,325.56,708.12,561.48,714.5,708.12,79.2,325.56,33.8,"nications and Networking Conference (WCNC’13), Shanghai, China, 2013, pp."
21,0,0,0,0,10,5,/JJNDYT+CharisSIL,7.97,37.59,702.92,308.57,710.89,702.92,82.81,37.59,286.71,to those for other existing competing schemes. The blockchain based
21,0,0,0,0,36,5,/JJNDYT+CharisSIL,7.97,37.59,681.78,572.62,700.32,681.78,93.38,37.59,22.66,"simulation of the proposed BBAS-IoV shows its effectiveness in terms [18] M. Bayat, M. Barmshoory, M. Rahimi, M.R. Aref, A secure authentication scheme of computational time. for VANETs with batch verification, Wirel. Netw. 21 (5) (2015)."
21,0,0,0,0,13,8,/JJNDYT+CharisSIL,6.38,308.01,673.43,575.81,679.81,673.43,113.89,308.01,19.47,"[19] P.V. Kumar, M. Maheshwari, Prevention of Sybil attack and priority batch veri-"
21,0,0,0,0,9,8,/JJNDYT+CharisSIL,6.38,325.56,664.67,574.23,671.04,664.67,122.66,325.56,21.04,"fication in VANETs, in: International Conference on Information Communication"
21,1,0,0,0,4,5,/IOTZDA+CharisSIL-Bold,7.97,37.59,659.33,169.09,667.3,659.33,126.4,37.59,426.18,Declaration of competing interest
21,0,0,0,0,9,8,/JJNDYT+CharisSIL,6.38,325.56,655.9,532.79,662.27,655.9,131.43,325.56,62.49,"and Embedded Systems (ICICES’14), Chennai, India, 2014, pp. 1–5."
21,0,0,0,0,12,8,/JJNDYT+CharisSIL,6.38,308.01,647.32,572.62,653.7,647.32,140.0,308.01,22.66,"[20] N. Satoshi, Bitcoin: A peer-to-peer electronic cash system, 2018, URL: https:"
21,0,0,0,0,14,5,/JJNDYT+CharisSIL,7.97,49.54,637.42,504.09,645.39,637.42,148.31,49.54,91.18,The authors declare that they have no known competing finan-  //git.dhimmel.com/bitcoin-whitepaper/ Accessed on 2020.
21,0,0,0,0,23,8,/JJNDYT+CharisSIL,6.38,37.59,626.85,569.43,636.35,626.85,157.35,37.59,25.84,"[21] L. Lamport, R. Shostak, M. Pease, The Byzantine generals problem, ACM Trans. cial interests or personal relationships that could have appeared to"
21,0,0,0,0,7,8,/JJNDYT+CharisSIL,6.38,325.56,621.21,462.65,627.58,621.21,166.12,325.56,132.63,Program. Lang. Syst. 4 (3) (1982) 382–401.
21,0,0,0,0,7,5,/JJNDYT+CharisSIL,7.97,37.59,616.28,204.96,624.25,616.28,169.45,37.59,390.32,influence the work reported in this paper.
21,0,0,0,0,14,8,/JJNDYT+CharisSIL,6.38,308.01,612.63,572.62,619.01,612.63,174.69,308.01,22.66,"[22] X. Wang, P. Zeng, N. Patterson, F. Jiang, R. Doss, An improved authentication"
21,0,0,0,0,12,8,/JJNDYT+CharisSIL,6.38,325.56,603.86,574.23,610.24,603.86,183.46,325.56,21.04,"scheme for internet of vehicles based on blockchain technology, IEEE Access 7"
21,1,0,0,0,3,5,/IOTZDA+CharisSIL-Bold,7.97,37.59,593.83,389.32,601.8,593.83,191.9,37.59,205.95,Acknowledgments (2019) 45061–45072.
21,0,0,0,0,12,8,/JJNDYT+CharisSIL,6.38,308.01,586.52,566.24,592.89,586.52,200.81,308.01,29.03,"[23] G.S. Veronese, M. Correia, A.N. Bessani, L.C. Lung, P. Verissimo, Efficient"
21,0,0,0,0,9,8,/JJNDYT+CharisSIL,6.38,325.56,577.75,542.35,584.13,577.75,209.57,325.56,52.92,"byzantine fault-tolerance, IEEE Trans. Comput. 62 (1) (2011) 16–30."
21,0,0,0,0,10,5,/JJNDYT+CharisSIL,7.97,49.54,571.92,300.6,579.89,571.92,213.81,49.54,294.67,"We thank the anonymous reviewers, the associate editor and the"
21,0,0,0,0,14,8,/JJNDYT+CharisSIL,6.38,308.01,569.17,553.49,575.55,569.17,218.15,308.01,41.79,"[24] Z. Zheng, S. Xie, H.N. Dai, X. Chen, H. Wang, Blockchain challenges and"
21,0,0,0,0,44,5,/JJNDYT+CharisSIL,7.97,37.59,550.78,569.43,569.32,550.78,224.38,37.59,25.84,"Editor-in-Chief for their valuable feedback on the paper. This work  opportunities: A survey, Int. J. Web Grid Serv. 14 (4) (2018) 352–375. was supported by the Mathematical Research Impact Centric Support  [25] R. Gasmi, M. Aliouat, Vehicular Adhoc networks versus Internet of Vehicles -"
21,0,0,0,0,35,8,/JJNDYT+CharisSIL,6.38,37.59,529.64,567.86,549.44,529.64,244.26,37.59,27.42,"A Comparative View, in: International Conference on Networking and Advanced (MATRICS) project funded by the Science and Engineering Research Systems (ICNAS’19), Annaba, Algeria, 2019, pp. 1–6. Board (SERB), India (Reference No. MTR/2019/000699) and also by"
21,0,0,0,0,12,8,/JJNDYT+CharisSIL,6.38,308.01,525.71,585.37,532.09,525.71,261.61,308.01,9.9,"[26] M. Castro, B. Liskov, Practical byzantine fault tolerance and proactive recovery,"
21,0,0,0,0,10,5,/JJNDYT+CharisSIL,7.97,37.59,519.07,296.62,527.04,519.07,266.66,37.59,298.66,"the Ripple Centre of Excellence Scheme, CoE in Blockchain (Sanc-"
21,0,0,0,0,8,8,/JJNDYT+CharisSIL,6.38,325.56,516.95,478.59,523.32,516.95,270.38,325.56,116.69,ACM Trans. Comput. Syst. 20 (4) (2002) 398–461.
21,0,0,0,0,22,5,/JJNDYT+CharisSIL,7.97,37.59,508.37,575.81,516.47,508.37,277.23,37.59,19.47,"tion No. IIIT/R&D Office/Internal Projects/001/2019), IIIT Hyderabad, [27] D. Dolev, A. Yao, On the security of public key protocols, IEEE Trans. Inform."
21,0,0,0,0,6,8,/JJNDYT+CharisSIL,6.38,37.59,497.93,421.21,505.98,497.93,287.72,37.59,174.07,Theory 29 (2) (1983) 198–208. India.
21,0,0,0,0,13,8,/JJNDYT+CharisSIL,6.38,308.01,491.02,572.62,497.4,491.02,296.3,308.01,22.66,"[28] R. Canetti, H. Krawczyk, Analysis of key-exchange protocols and their use for"
21,0,0,0,0,10,8,/JJNDYT+CharisSIL,6.38,325.56,482.26,567.86,488.63,482.26,305.07,325.56,27.42,"building secure channels, in: Advances in Cryptology – EUROCRYPT. Innsbruck"
21,0,0,0,0,8,8,/JJNDYT+CharisSIL,6.38,325.56,473.49,535.98,479.87,473.49,313.83,325.56,59.3,"(Tyrol), Springer Berlin, Austria, Heidelberg, 2001, pp. 453–474."
21,0,0,0,0,10,8,/JJNDYT+CharisSIL,6.38,308.01,464.91,559.87,471.29,464.91,322.41,308.01,35.41,"[29] M. Abdalla, P.A. Fouque, D. Pointcheval, Password-based authenticated key"
21,0,0,0,0,24,8,/JJNDYT+CharisSIL,6.38,42.58,456.14,574.23,463.34,456.14,330.36,42.58,21.04,"[1] R.S. Bali, N. Kumar, Secure clustering for efficient data dissemination in vehicular exchange in the three-party setting, in: 8th International Workshop on Theory"
21,0,0,0,0,21,8,/JJNDYT+CharisSIL,6.38,56.55,447.38,580.61,454.58,447.38,339.12,56.55,14.67,"cyber-physical systems, Future Gener. Comput. Syst. 56 (2016) 476–492.  and Practice in Public Key Cryptography (PKC’05), in: Lecture Notes in Computer"
21,0,0,0,0,20,8,/JJNDYT+CharisSIL,6.38,42.58,438.61,535.98,445.37,438.61,348.33,42.58,59.3,"[2] N. Kumar, N. Chilamkurti, J.H. Park, ALCA: agent learning–based clustering  Science, vol. 3386, Les Diablerets, Switzerland, 2005, pp. 65–84."
21,0,0,0,0,28,8,/JJNDYT+CharisSIL,6.38,56.55,421.26,582.18,436.6,421.26,357.1,56.55,13.09,"algorithm in vehicular ad hoc networks, Pers. Ubiquitous Comput. 17 (8) (2013) [30] Automated validation of internet security protocols and applications, 2019, URL: 1683–1692.  http://www.avispa-project.org/ Accessed on 2020."
21,0,0,0,0,23,8,/JJNDYT+CharisSIL,6.38,42.58,412.26,575.81,419.06,412.26,374.64,42.58,19.47,"[31] MIRACL cryptographic SDK: Multiprecision integer and rational arithmetic cryp- [3] N. Kumar, R. Iqbal, S. Misra, J.J. Rodrigues, Bayesian coalition game for"
21,0,0,0,0,23,8,/JJNDYT+CharisSIL,6.38,56.55,394.72,564.67,410.3,394.72,383.4,56.55,30.61,"tographic library, 2020, URL: https://github.com/miracl/MIRACL Accessed on contention-aware reliable data forwarding in vehicular mobile cloud, Future 2020. Gener. Comput. Syst. 48 (2015) 60–72."
21,0,0,0,0,24,8,/JJNDYT+CharisSIL,6.38,42.58,385.52,579.0,392.95,385.52,400.75,42.58,16.28,"[32] Hyperledger sawtooth architecture guide, intel corporation, 2020, URL: https:// [4] S. Garg, A. Singh, S. Batra, N. Kumar, L.T. Yang, UAV-empowered edge comput-"
21,0,0,0,0,18,8,/JJNDYT+CharisSIL,6.38,56.55,367.98,574.23,384.18,367.98,409.52,56.55,21.04,"sawtooth.hyperledger.org/docs/core/releases/1.1/architecture.html Accessed on ing environment for cyber-threat detection in smart vehicles, IEEE Network 32 2020. (3) (2018) 42–51."
21,0,0,0,0,32,8,/JJNDYT+CharisSIL,6.38,42.58,358.78,566.24,366.84,358.78,426.86,42.58,29.03,"[33] S. Tzeng, S. Horng, T. Li, X. Wang, P. Huang, M.K. Khan, Enhancing security [5] F. Yang, S. Wang, J. Li, Z. Liu, Q. Sun, An overview of internet of vehicles,"
21,0,0,0,0,17,8,/JJNDYT+CharisSIL,6.38,56.55,350.01,580.61,358.07,350.01,435.63,56.55,14.67,"and privacy for identity-based batch verification scheme in VANETs, IEEE Trans. China Commun. 11 (10) (2014) 1–15."
21,0,0,0,0,20,8,/JJNDYT+CharisSIL,6.38,42.58,340.81,449.9,349.3,340.81,444.4,42.58,145.38,"Veh. Technol. 66 (4) (2017) 3235–3248. [6] W. Zhang, X. Xi, The innovation and development of internet of vehicles, China"
21,0,0,0,0,19,8,/JJNDYT+CharisSIL,6.38,56.55,332.04,572.62,340.73,332.04,452.97,56.55,22.66,"[34] C.C. Lee, Y.M. Lai, Toward a secure batch verification with group testing for Commun. 13 (5) (2016) 122–127."
21,0,0,0,0,5,8,/JJNDYT+CharisSIL,6.38,325.56,325.58,424.39,331.96,325.58,461.74,325.56,170.88,"VANET, Wirel. Netw. (2013) 19."
21,0,0,0,0,11,8,/JJNDYT+CharisSIL,6.38,42.58,322.83,297.63,329.21,322.83,464.49,42.58,297.65,"[7] N. Kumar, J.J.P.C. Rodrigues, N. Chilamkurti, Bayesian coalition game as-a-"
21,0,0,0,0,12,8,/JJNDYT+CharisSIL,6.38,308.01,317.0,569.43,323.38,317.0,470.32,308.01,25.84,"[35] H. Zhong, J. Wen, J. Cui, S. Zhang, Efficient conditional privacy-preserving"
21,0,0,0,0,13,8,/JJNDYT+CharisSIL,6.38,56.55,314.07,324.34,320.44,314.07,473.26,56.55,270.93,"service for content distribution in internet of vehicles, IEEE Internet Things J. 1"
21,0,0,0,0,11,8,/JJNDYT+CharisSIL,6.38,325.56,308.24,577.42,314.61,308.24,479.09,325.56,17.86,"and authentication scheme for secure service provision in VANET, Tsinghua Sci."
21,0,0,0,0,3,8,/JJNDYT+CharisSIL,6.38,56.55,305.3,120.31,311.68,305.3,482.02,56.55,474.97,(6) (2014) 544–555.
21,0,0,0,0,5,8,/JJNDYT+CharisSIL,6.38,325.56,299.47,427.58,305.85,299.47,487.85,325.56,167.69,Technol. 21 (6) (2016) 620–629.
21,0,0,0,0,14,8,/JJNDYT+CharisSIL,6.38,42.58,296.1,319.94,302.47,296.1,491.23,42.58,275.33,"[8] N. Kumar, R. Iqbal, S. Misra, J.J. Rodrigues, An intelligent approach for building"
21,0,0,0,0,13,8,/JJNDYT+CharisSIL,6.38,308.01,290.89,569.43,297.27,290.89,496.43,308.01,25.84,"[36] D. He, S. Zeadally, B. Xu, X. Huang, An efficient identity-based conditional"
21,0,0,0,0,11,8,/JJNDYT+CharisSIL,6.38,56.55,287.33,302.03,293.7,287.33,500.0,56.55,293.25,"a secure decentralized public key infrastructure in VANET, J. Comput. System"
21,0,0,0,0,9,8,/JJNDYT+CharisSIL,6.38,325.56,282.13,571.04,288.5,282.13,505.2,325.56,24.23,"privacy-preserving authentication scheme for vehicular Ad Hoc networks, IEEE"
21,0,0,0,0,5,8,/JJNDYT+CharisSIL,6.38,56.55,278.56,152.19,284.94,278.56,508.76,56.55,443.09,Sci. 81 (6) (2015) 1042–1058.
21,0,0,0,0,8,8,/JJNDYT+CharisSIL,6.38,325.56,273.36,500.91,279.73,273.36,513.97,325.56,94.37,Trans. Inf. Forensics Secur. 10 (12) (2015) 2681–2691.
21,0,0,0,0,11,8,/JJNDYT+CharisSIL,6.38,42.58,269.36,272.12,275.73,269.36,517.97,42.58,323.15,"[9] S. Ibrahim, M. Hamdy, A comparison on VANET authentication schemes:"
21,0,0,0,0,13,8,/JJNDYT+CharisSIL,6.38,308.01,264.78,572.62,271.16,264.78,522.54,308.01,22.66,"[37] S. Jiang, X. Zhu, L. Wang, An efficient anonymous batch authentication scheme"
21,0,0,0,0,11,8,/JJNDYT+CharisSIL,6.38,56.55,260.59,302.03,266.97,260.59,526.73,56.55,293.25,"public key vs. symmetric key, in: Tenth International Conference on Computer"
21,0,0,0,0,13,8,/JJNDYT+CharisSIL,6.38,325.56,256.01,561.48,262.39,256.01,531.31,325.56,33.8,"based on HMAC for VANETs, IEEE Trans. Intell. Transp. Syst. 17 (8) (2016)"
21,0,0,0,0,8,8,/JJNDYT+CharisSIL,6.38,56.55,251.82,263.77,258.2,251.82,535.5,56.55,331.51,"Engineering Systems (ICCES’15). Cairo, Egypt, 2015, pp. 341–345."
21,0,0,0,0,14,8,/JJNDYT+CharisSIL,6.38,38.99,242.62,306.79,248.99,242.62,544.71,38.99,288.49,"[10] M. Asghar, L. Doss, R.R.M. Pan, A Scalable and Efficient PKI Based Authentica-"
21,0,0,0,0,16,8,/JJNDYT+CharisSIL,6.38,308.01,238.67,582.18,245.04,238.67,548.66,308.01,13.09,"[38] J. Zhang, H. Zhong, J. Cui, Y. Xu, L. Liu, An extensible and effective anonymous"
21,0,0,0,0,9,8,/JJNDYT+CharisSIL,6.38,56.55,233.85,298.84,240.23,233.85,553.47,56.55,296.44,"tion Protocol for VANETs, in: 28th International Telecommunication Networks"
21,0,0,0,0,9,8,/JJNDYT+CharisSIL,6.38,325.56,229.9,564.67,236.28,229.9,557.42,325.56,30.61,"batch authentication scheme for smart vehicular networksluo, IEEE Internet"
21,0,0,0,0,10,8,/JJNDYT+CharisSIL,6.38,56.55,225.08,308.4,231.46,225.08,562.24,56.55,286.87,"and Applications Conference (ITNAC’18). Sydney, NSW, Australia, 2018, pp. 1–3."
21,0,0,0,0,6,8,/JJNDYT+CharisSIL,6.38,325.56,221.13,433.96,227.51,221.13,566.19,325.56,161.32,Things J. 7 (4) (2020) 3462–3473.
21,0,0,0,0,13,8,/JJNDYT+CharisSIL,6.38,38.99,215.88,322.73,222.25,215.88,571.45,38.99,272.55,"[11] J. Li, Y. Ji, K.R. Choo, D. Hogrefe, CL-CPPA: certificate-less conditional privacy-"
21,0,0,0,0,8,8,/JJNDYT+CharisSIL,6.38,308.01,212.56,566.24,218.93,212.56,574.77,308.01,29.03,"[39] Bachira Guehguih, Hongwei Lu, Blockchain-based Privacy-Preserving Authenti-"
21,0,0,0,0,10,8,/JJNDYT+CharisSIL,6.38,56.55,207.11,308.4,213.49,207.11,580.21,56.55,286.87,"preserving authentication protocol for the internet of vehicles, IEEE Internet"
21,0,0,0,0,11,8,/JJNDYT+CharisSIL,6.38,325.56,203.79,564.67,210.16,203.79,583.54,325.56,30.61,"cation and Message Dissemination Scheme for VANET. Wuhan, China, 2019, pp."
21,0,0,0,0,6,8,/JJNDYT+CharisSIL,6.38,56.55,198.34,171.32,204.72,198.34,588.98,56.55,423.96,Things J. 6 (6) (2019) 10332–10343.
21,0,0,0,0,15,8,/JJNDYT+CharisSIL,6.38,38.99,189.14,309.98,195.52,189.14,598.18,38.99,285.3,"[12] X. Zhu, S. Jiang, L. Wang, H. Li, W. Zhang, Z. Li, Privacy-preserving authenti-"
21,0,0,0,0,14,8,/JJNDYT+CharisSIL,6.38,308.01,186.44,575.81,192.82,186.44,600.88,308.01,19.47,"[40] Z. Lu, Q. Wang, G. Qu, H. Zhang, Z. Liu, A blockchain-based privacy-preserving"
21,0,0,0,0,11,8,/JJNDYT+CharisSIL,6.38,56.55,180.37,295.65,186.75,180.37,606.95,56.55,299.63,"cation based on group signature for VANETs, in: IEEE Global Communications"
21,0,0,0,0,11,8,/JJNDYT+CharisSIL,6.38,325.56,177.68,574.23,184.05,177.68,609.65,325.56,21.04,"authentication scheme for VANETs, IEEE Trans. Very Large Scale Integr. (VLSI)"
21,0,0,0,0,8,8,/JJNDYT+CharisSIL,6.38,56.55,171.6,263.77,177.98,171.6,615.72,56.55,331.51,"Conference (GLOBECOM’13). Atlanta, GA, USA, 2013, pp. 4609–4614."
21,0,0,0,0,5,8,/JJNDYT+CharisSIL,6.38,325.56,168.91,433.96,175.28,168.91,618.42,325.56,161.32,Systems 27 (12) (2019) 2792–2801.
21,0,0,0,0,29,8,/JJNDYT+CharisSIL,6.38,38.99,160.33,572.62,168.78,160.33,624.92,38.99,22.66,"[13] K. Lim, K.M. Tuladhar, X. Wang, W. Liu, A scalable and secure key distribution  [41] X. Wang, P. Zeng, N. Patterson, F. Jiang, R. Doss, An improved authentication"
21,0,0,0,0,55,8,/JJNDYT+CharisSIL,6.38,56.55,134.22,574.23,160.01,134.22,633.69,56.55,21.04,"scheme for group signature based authentication in VANET, in: IEEE 8th An-  scheme for internet of vehicles based on blockchain technology, IEEE Access 7 nual Ubiquitous Computing, Electronics and Mobile Communication Conference  (2019) 45061–45072. (UEMCON’17). New York, USA, 2017, pp. 478–483.  [42] D. Zheng, C. Jing, R. Guo, S. Gao, L. Wang, A traceable blockchain-based"
21,0,0,0,0,27,8,/JJNDYT+CharisSIL,6.38,38.99,125.45,574.23,133.27,125.45,660.43,38.99,21.04,"[14] X. Yue, B. Chen, X. Wang, Y. Duan, M. Gao, Y. He, An efficient and secure  access authentication system with privacy preservation in VANETs, IEEE Access"
21,0,0,0,0,32,8,/JJNDYT+CharisSIL,6.38,56.55,108.11,559.87,124.5,108.11,669.2,56.55,35.41,"anonymous authentication scheme for VANETs based on the framework of group  7 (2019) 117716–117726. signatures, IEEE Access 6 (2018) 62584–62600.  [43] Q. Feng, D. He, S. Zeadally, K. Liang, BPAS: Blockchain-assisted privacy-"
21,0,0,0,0,22,8,/JJNDYT+CharisSIL,6.38,38.99,99.34,583.8,106.53,99.34,687.17,38.99,11.48,"[15] N.B. Gayathri, G. Thumbur, P.V. Reddy, M.Z.U. Rahman, Efficient pairing-free  preserving authentication system for vehicular ad hoc networks, IEEE Trans. Ind."
21,0,0,0,0,35,8,/JJNDYT+CharisSIL,6.38,56.55,81.99,575.81,97.76,81.99,695.94,56.55,19.47,"certificateless authentication scheme with batch verification for vehicular Ad-Hoc  Inf. 16 (6) (2020) 4146–4155. networks, IEEE Access 6 (2018) 31808–31819.  [44] B. Luo, X. Li, J. Weng, J. Guo, J. Ma, Blockchain enabled trust-based location"
21,0,0,0,0,27,8,/JJNDYT+CharisSIL,6.38,38.99,73.23,567.86,79.79,73.23,713.91,38.99,27.42,"[16] A.K. Sutrala, P. Bagga, A.K. Das, N. Kumar, J.J.P.C. Rodrigues, P. Lorenz, On the  privacy protection scheme in VANET, IEEE Trans. Veh. Technol. 69 (2) (2020)"
21,0,0,0,0,42,8,/JJNDYT+CharisSIL,6.38,56.55,47.11,563.05,71.02,47.11,722.68,56.55,32.22,"design of conditional privacy preserving batch verification-based authentication  2034–2048. scheme for internet of vehicles deployment, IEEE Trans. Veh. Technol. 69 (5)  [45] H. Tan, I. Chung, Secure authentication and key management with blockchain (2020) 5535–5548.  in VANETs, IEEE Access 8 (2020) 2482–2498."
21,0,1,0,0,7,8,/EMQPYA+CharisSIL-Italic,6.38,344.83,24.34,501.04,30.72,24.34,762.98,344.83,94.23,Journal of Systems Architecture 113 (2021) 101877
21,0,0,0,0,8,3,Unknown,12.0,0.0,-12.0,312.0,0.0,-12.0,793.7,0.0,283.28,Journal of Systems Architecture 113 (2021) 101877 21
22,0,1,0,0,4,8,/JLCVTF+CharisSIL-Italic,6.38,37.59,746.19,85.41,752.57,746.19,41.13,37.59,509.87,P. Bagga et al.
22,0,0,0,0,22,8,/JJNDYT+CharisSIL,6.38,38.99,725.66,575.81,732.03,725.66,61.67,38.99,19.47,"[46] R. Sharma, S. Chakraborty, Blockapp: Using blockchain for authentication and  [72] Span, the security protocol aNimator for AVISPA, 2019, URL: http://www.avispa-"
22,0,0,0,0,37,8,/JJNDYT+CharisSIL,6.38,56.55,707.98,579.0,723.27,707.98,70.43,56.55,16.28,"privacy preservation in IoV, in: IEEE Global Communications Conference (IEEE  project.org/ Accessed on 2020. GLOBECOM) Workshops, United Arab Emirates, Abu Dhabi, 2018, pp. 1–6.  [73] W.E. May, Secure Hash Standard, FIPS PUB 180-1, National Institute of Standards"
22,0,0,0,0,24,8,/JJNDYT+CharisSIL,6.38,38.99,699.21,551.92,705.59,699.21,88.11,38.99,43.36,"[47] D. He, Y. Zhang, D. Wang, K.K.R. Choo, Secure and efficient two-party signing  and Technology (NIST), U.S. Department of Commerce, 2015, URL: http://"
22,0,0,0,0,46,8,/JJNDYT+CharisSIL,6.38,56.55,672.77,563.06,696.83,672.77,96.87,56.55,32.22,"protocol for the identity-based signature scheme in the IEEE p1363 standard  nvlpubs.nist.gov/nistpubs/FIPS/NIST.FIPS.180-4.pdf. Accessed on 2019. for public key cryptography, IEEE Trans. Dependable Secure Comput. (2018)  [74] D.E. Knuth, Seminumerical algorithms, in: The Art of Computer Programming, http://dx.doi.org/10.1109/TDSC.2018.2857775.  Volume II, third ed., Addison-Wesley, USA, ISBN: 0201896842, 1998."
22,0,0,0,0,28,8,/JJNDYT+CharisSIL,6.38,38.99,663.86,540.74,670.39,663.86,123.31,38.99,54.54,"[48] Q. Feng, D. He, Z. Liu, D. Wang, K.K.R. Choo, Multi-party signing protocol for the [75] B. Curran, What is proof of elapsed time consensus? (PoET) complete"
22,0,0,0,0,20,8,/JJNDYT+CharisSIL,6.38,56.55,646.33,564.67,661.62,646.33,132.08,56.55,30.61,"identity-based signature scheme in IEEE P1363 standard, IET Inf. Secur. (2020)  beginner’s guide, 2018, URL: https://blockonomi.com/proof-of-elapsed-timehttp://dx.doi.org/10.1049/iet-ifs.2019.0559.  consensus/ Accessed on 2020."
22,0,0,0,0,27,8,/JJNDYT+CharisSIL,6.38,38.99,637.42,582.18,643.95,637.42,149.76,38.99,13.09,"[49] M. Wazid, P. Bagga, A.K. Das, S. Shetty, J.J.P.C. Rodrigues, Y. Park, AKM-  [76] D. Ongaro, J. Ousterhout, In search of an understandable consensus algoritm, in:"
22,0,0,0,0,31,8,/JJNDYT+CharisSIL,6.38,56.55,619.89,574.23,635.18,619.89,158.52,56.55,21.04,"IoV: Authenticated key management protocol in fog computing-based internet  USENIX Annual Technical Conference (ATC’14). Philadelphia, PA, USA, 2014, pp. of vehicles deployment, IEEE Internet Things J. 6 (5) (2019) 8804–8817.  305–319."
22,0,0,0,0,13,8,/JJNDYT+CharisSIL,6.38,38.99,611.13,287.66,617.5,611.13,176.2,38.99,307.61,"[50] A. Dua, N. Kumar, A.K. Das, W. Susilo, Secure message communication pro-"
22,0,0,0,0,14,8,/JJNDYT+CharisSIL,6.38,56.55,593.59,298.84,608.74,593.59,184.96,56.55,296.44,"tocol among vehicles in smart city, IEEE Trans. Veh. Technol. 67 (5) (2018) 4359–4373."
22,1,0,0,0,9,8,/IOTZDA+CharisSIL-Bold,6.38,385.15,587.49,525.43,593.87,587.49,199.83,385.15,69.85,Palak Bagga is currently a Ph.D. candidate in Computer
22,0,0,0,0,12,8,/JJNDYT+CharisSIL,6.38,38.99,584.69,306.79,591.07,584.69,202.64,38.99,288.48,"[51] C.C. Chang, H.D. Le, A provably secure, efficient, and flexible authentication"
22,0,0,0,0,9,8,/JJNDYT+CharisSIL,6.38,385.15,578.92,566.87,585.3,578.92,208.4,385.15,28.4,"Science and Engineering at the Center for Security, The-"
22,0,0,0,0,12,8,/JJNDYT+CharisSIL,6.38,56.55,575.92,298.84,582.3,575.92,211.4,56.55,296.44,"scheme for ad hoc wireless sensor networks, IEEE Trans. Wireless Commun. 15"
22,0,0,0,0,8,8,/JJNDYT+CharisSIL,6.38,385.15,570.36,566.87,576.73,570.36,216.97,385.15,28.4,"ory and Algorithmic Research, IIIT Hyderabad, India. She"
22,0,0,0,0,3,8,/JJNDYT+CharisSIL,6.38,56.55,567.15,120.31,573.53,567.15,220.17,56.55,474.97,(1) (2016) 357–366.
22,0,0,0,0,8,8,/JJNDYT+CharisSIL,6.38,385.15,561.79,550.93,568.16,561.79,225.54,385.15,44.34,received her M.Tech. degree in Computer Science and
22,0,0,0,0,13,8,/JJNDYT+CharisSIL,6.38,38.99,558.25,294.04,564.62,558.25,229.08,38.99,301.24,"[52] N. Kumar, G.S. Aujla, A.K. Das, M. Conti, Eccauth: A secure authentication"
22,0,0,0,0,7,8,/JJNDYT+CharisSIL,6.38,385.15,553.22,576.44,559.6,553.22,234.1,385.15,18.84,"Engineering from Uttar Pradesh Technical University, India."
22,0,0,0,0,12,8,/JJNDYT+CharisSIL,6.38,56.55,549.48,298.84,555.86,549.48,237.84,56.55,296.44,"protocol for demand response management in a smart grid system, IEEE Trans."
22,0,0,0,0,12,8,/JJNDYT+CharisSIL,6.38,385.15,544.65,573.25,551.03,544.65,242.67,385.15,22.03,She was a gold medalist in academics and also awarded by a
22,0,0,0,0,6,8,/JJNDYT+CharisSIL,6.38,56.55,540.71,171.32,547.09,540.71,246.61,56.55,423.96,Ind. Inf. 15 (12) (2019) 6572–6582.
22,0,0,0,0,8,8,/JJNDYT+CharisSIL,6.38,385.15,536.08,579.63,542.46,536.08,251.24,385.15,15.65,Certificate of Merit. Her research interests include network
22,0,0,0,0,12,8,/JJNDYT+CharisSIL,6.38,38.99,531.81,316.36,538.18,531.81,255.52,38.99,278.92,"[53] J. Srinivas, A.K. Das, N. Kumar, J.J.P.C. Rodrigues, TCALAS: Temporal credential-"
22,0,0,0,0,9,8,/JJNDYT+CharisSIL,6.38,385.15,527.52,570.06,533.89,527.52,259.81,385.15,25.21,"security, and security in Internet of Things and Internet"
22,0,0,0,0,9,8,/JJNDYT+CharisSIL,6.38,56.55,523.04,289.27,529.42,523.04,264.28,56.55,306.0,based anonymous lightweight authentication scheme for internet of drones
22,0,0,0,0,10,8,/JJNDYT+CharisSIL,6.38,385.15,518.95,573.25,525.33,518.95,268.38,385.15,22.03,of Vehicles. She has published two journal articles in her
22,0,0,0,0,9,8,/JJNDYT+CharisSIL,6.38,56.55,514.27,260.58,520.65,514.27,273.05,56.55,334.69,"environment, IEEE Trans. Veh. Technol. 68 (7) (2019) 6903–6916."
22,0,0,0,0,17,8,/JJNDYT+CharisSIL,6.38,38.99,505.37,322.73,511.74,505.37,281.96,38.99,272.54,"[54] S. Challa, A.K. Das, V. Odelu, N. Kumar, S. Kumari, M.K. Khan, et al., An efficient"
22,0,0,0,0,21,8,/JJNDYT+CharisSIL,6.38,56.55,479.07,314.78,502.98,479.07,290.72,56.55,280.5,"ECC-based provably secure three-factor user authentication and key agreement protocol for wireless healthcare sensor networks, Comput. Electr. Eng. 69 (2018) 534–554."
22,0,0,0,0,17,8,/JJNDYT+CharisSIL,6.38,38.99,470.16,313.17,476.54,470.16,317.16,38.99,282.11,"[55] M. Wazid, A.K. Das, S. Kumari, X. Li, F. Wu, Design of an efficient and provably"
22,0,0,0,0,28,8,/JJNDYT+CharisSIL,6.38,56.55,450.79,509.49,467.77,450.79,325.93,56.55,85.79,"secure anonymity preserving three-factor user authentication and key agreement scheme for TMIS, Secur. Commun. Netw. 9 (13) (2016) 1983–2001.  Anil Kumar Sutrala received his Ph.D. degree in computer"
22,0,0,0,0,23,8,/JJNDYT+CharisSIL,6.38,38.99,442.22,566.87,450.1,442.22,343.6,38.99,28.4,"[56] M. Wazid, A.K. Das, N. Kumar, V. Odelu, A. Goutham Reddy, Park K., et al.,  science and engineering from the International Institute"
22,0,0,0,0,34,8,/JJNDYT+CharisSIL,6.38,56.55,425.08,560.5,441.33,425.08,352.37,56.55,34.78,"Design of lightweight authentication and key agreement protocol for vehicular  of Information Technology (IIIT), Hyderabad, India, in Ad Hoc networks, IEEE Access 5 (2017) 14966–14980.  2018 and also M.C.A. from the University of Hyderabad,"
22,0,0,0,0,26,8,/JJNDYT+CharisSIL,6.38,38.99,416.51,560.5,423.65,416.51,370.05,38.99,34.78,"[57] A.K. Das, S. Kumari, V. Odelu, X. Li, F. Wu, X. Huang, Provably secure user  India, in 2006. He is currently working as a principal"
22,0,0,0,0,32,8,/JJNDYT+CharisSIL,6.38,56.55,399.38,557.31,414.89,399.38,378.81,56.55,37.97,"authentication and key agreement scheme for wireless sensor networks, Secur.  software engineer with the CA Technologies — A BroadCommun. Netw. 9 (16) (2016a) 3670–3687.  com Company, Hyderabad 500 032, India. His research"
22,0,0,0,0,24,8,/JJNDYT+CharisSIL,6.38,38.99,390.81,576.44,397.21,390.81,396.49,38.99,18.84,"[58] A.K. Das, A.K. Sutrala, S. Kumari, V. Odelu, M. Wazid, X. Li, An efficient multi-  interests include cryptography and network security. He has"
22,0,0,0,0,27,8,/JJNDYT+CharisSIL,6.38,56.55,364.54,566.87,388.62,364.54,405.08,56.55,28.4,"published several journal articles in his research areas.gateway-based three-factor user authentication and key agreement scheme in hierarchical wireless sensor networks, Secur. Commun. Netw. 9 (13) (2016) 2070–2092."
22,0,0,0,0,12,8,/JJNDYT+CharisSIL,6.38,38.99,355.63,294.04,362.01,355.63,431.69,38.99,301.24,"[59] M. Wazid, A.K. Das, N. Kumar, J.J.P.C. Rodrigues, Secure three-factor user"
22,0,0,0,0,15,8,/JJNDYT+CharisSIL,6.38,56.55,338.1,305.21,353.24,338.1,440.46,56.55,290.06,"authentication scheme for renewable-energy-based smart grid environment, IEEE Trans. Ind. Inf. 13 (6) (2017) 3144–3153."
22,0,0,0,0,11,8,/JJNDYT+CharisSIL,6.38,38.99,329.19,306.79,335.57,329.19,458.13,38.99,288.48,"[60] M.S. Kakkasageri, S.S. Manvi, Multiagent driven dynamic clustering of vehicles"
22,0,0,0,0,19,8,/JJNDYT+CharisSIL,6.38,56.55,320.42,503.11,327.66,320.42,466.04,56.55,92.16,"Ashok Kumar Das received a Ph.D. degree in computer in VANETs, J. Netw. Comput. Appl. 35 (6) (2012) 1771–1780."
22,0,0,0,0,19,8,/JJNDYT+CharisSIL,6.38,38.99,311.52,560.5,319.1,311.52,474.61,38.99,34.78,"science and engineering, an M.Tech. degree in computer [61] A. Menezes, An introduction to pairing-based cryptography, 2013, URL: https://"
22,0,0,0,0,14,8,/JJNDYT+CharisSIL,6.38,56.55,302.75,570.06,310.53,302.75,483.17,56.55,25.21,"science and data processing, and an M.Sc. degree in math- www.math.uwaterloo.ca/ajmeneze/publications/pairings.pdf Accessed on 2020."
22,0,0,0,0,20,8,/JJNDYT+CharisSIL,6.38,38.99,293.84,557.31,301.96,293.84,491.74,38.99,37.97,"ematics from IIT Kharagpur, India. He is currently an [62] D. Boneh, Pairing-based cryptography: past, present, and future, in: International"
22,0,0,0,0,32,8,/JJNDYT+CharisSIL,6.38,56.55,276.31,579.63,293.39,276.31,500.31,56.55,15.65,"Associate Professor with the Center for Security, Theory and Conference on the Theory and Application of Cryptology and Information Algorithmic Research, International Institute of Information Security (ASIACRYPT’12). Beijing, China, 2012, pp. 1–1."
22,0,0,0,0,19,8,/JJNDYT+CharisSIL,6.38,38.99,267.4,579.63,276.26,267.4,517.44,38.99,15.65,"Technology, Hyderabad, India. His current research interests [63] H. Zhang, J. Wang, Y. Ding, Blockchain-based decentralized and secure keyless"
22,0,0,0,0,6,8,/JJNDYT+CharisSIL,6.38,385.15,261.31,579.63,267.69,261.31,526.01,385.15,15.65,"include cryptography, network security, blockchain, security"
22,0,0,0,0,9,8,/JJNDYT+CharisSIL,6.38,56.55,258.64,247.83,265.01,258.64,528.69,56.55,347.45,"signature scheme for smart grid, Energy 180 (2019) 955–967."
22,0,0,0,0,9,8,/JJNDYT+CharisSIL,6.38,385.15,252.74,566.87,259.12,252.74,534.58,385.15,28.4,"in Internet of Things (IoT), Internet of Vehicles (IoV),"
22,0,0,0,0,16,8,/JJNDYT+CharisSIL,6.38,38.99,249.73,290.85,256.11,249.73,537.59,38.99,304.43,"[64] X. Chen, C. Liu, B. Li, K. Lu, D. Song, Targeted backdoor attacks on deep"
22,0,0,0,0,9,8,/JJNDYT+CharisSIL,6.38,385.15,244.18,579.63,250.55,244.18,543.15,385.15,15.65,"Internet of Drones (IoD), smart grids, smart city, cloud/fog"
22,0,0,0,0,9,8,/JJNDYT+CharisSIL,6.38,56.55,240.96,298.84,247.34,240.96,546.36,56.55,296.44,"learning systems using data poisoning, 2017, CoRR;abs/1712.05526. URL http:"
22,0,0,0,0,7,8,/JJNDYT+CharisSIL,6.38,385.15,235.61,560.5,241.98,235.61,551.72,385.15,34.78,"computing and industrial wireless sensor networks, and"
22,0,0,0,0,9,8,/JJNDYT+CharisSIL,6.38,385.15,227.04,563.69,233.42,227.04,560.28,385.15,31.59,intrusion detection. He has authored over 235 papers in
22,0,0,0,0,11,8,/JJNDYT+CharisSIL,6.38,38.99,223.29,313.17,229.67,223.29,564.03,38.99,282.11,"[65] S. Jangirala, A.K. Das, A.V. Vasilakos, Designing secure lightweight blockchain-"
22,0,0,0,0,8,8,/JJNDYT+CharisSIL,6.38,385.15,218.47,563.69,224.85,218.47,568.85,385.15,31.59,international journals and conferences in the above ar-
22,0,0,0,0,11,8,/JJNDYT+CharisSIL,6.38,56.55,214.52,308.4,220.9,214.52,572.8,56.55,286.87,enabled RFID-based authentication protocol for supply chains in 5G mobile edge
22,0,0,0,0,9,8,/JJNDYT+CharisSIL,6.38,385.15,209.9,563.69,216.28,209.9,577.42,385.15,31.59,"eas, including over 200 reputed journal papers. Some of"
22,0,0,0,0,10,8,/JJNDYT+CharisSIL,6.38,56.55,205.76,282.9,212.13,205.76,581.57,56.55,312.38,"computing environment, IEEE Trans. Ind. Inf. 16 (11) (2020) 7081–7093."
22,0,0,0,0,9,8,/JJNDYT+CharisSIL,6.38,385.15,201.34,573.25,207.71,201.34,585.99,385.15,22.03,"his research findings are published in top cited journals,"
22,0,0,0,0,12,8,/JJNDYT+CharisSIL,6.38,38.99,196.85,313.17,203.23,196.85,590.47,38.99,282.11,"[66] Y. Duan, J.S. Edwards, Y.K. Dwivedi, Artificial intelligence for decision making"
22,0,0,0,0,8,8,/JJNDYT+CharisSIL,6.38,385.15,192.77,560.5,199.15,192.77,594.56,385.15,34.78,such as the IEEE Transactions on Information Forensics
22,0,0,0,0,15,8,/JJNDYT+CharisSIL,6.38,56.55,188.08,314.78,194.46,188.08,599.24,56.55,280.5,"in the era of big data – evolution, challenges and research agenda, Int. J. Inf."
22,0,0,0,0,8,8,/JJNDYT+CharisSIL,6.38,385.15,184.2,557.31,190.58,184.2,603.12,385.15,37.97,"and Security, IEEE Transactions on Dependable and Se-"
22,0,0,0,0,4,8,/JJNDYT+CharisSIL,6.38,56.55,179.32,136.25,185.69,179.32,608.01,56.55,459.03,Manage. 48 (2019) 63–71.
22,0,0,0,0,8,8,/JJNDYT+CharisSIL,6.38,385.15,175.63,557.31,182.01,175.63,611.69,385.15,37.97,"cure Computing, IEEE Transactions on Smart Grid, IEEE"
22,0,0,0,0,15,8,/JJNDYT+CharisSIL,6.38,38.99,170.41,313.17,176.79,170.41,616.91,38.99,282.11,"[67] S. Tanwar, Q. Bhatia, P. Patel, A. Kumari, P.K. Singh, W. Hong, Machine learning"
22,0,0,0,0,8,8,/JJNDYT+CharisSIL,6.38,385.15,167.06,576.44,173.44,167.06,620.26,385.15,18.84,"Internet of Things Journal, IEEE Transactions on Industrial"
22,0,0,0,0,10,8,/JJNDYT+CharisSIL,6.38,56.55,161.64,295.65,168.02,161.64,625.68,56.55,299.63,"adoption in blockchain-based smart applications: The challenges, and a way"
22,0,0,0,0,6,8,/JJNDYT+CharisSIL,6.38,385.15,158.5,563.69,164.87,158.5,628.83,385.15,31.59,"Informatics, IEEE Transactions on Vehicular Technology,"
22,0,0,0,0,6,8,/JJNDYT+CharisSIL,6.38,56.55,152.88,180.88,159.25,152.88,634.45,56.55,414.4,"forward, IEEE Access 8 (2020) 474–488."
22,0,0,0,0,7,8,/JJNDYT+CharisSIL,6.38,385.15,149.93,557.31,156.31,149.93,637.4,385.15,37.97,"IEEE Transactions on Consumer Electronics, IEEE Jour-"
22,0,0,0,0,15,8,/JJNDYT+CharisSIL,6.38,38.99,143.97,300.42,150.35,143.97,643.35,38.99,294.86,"[68] Y. Liu, F.R. Yu, X. Li, H. Ji, V.C.M. Leung, Blockchain and machine learning"
22,0,0,0,0,8,8,/JJNDYT+CharisSIL,6.38,385.15,141.36,563.69,147.74,141.36,645.96,385.15,31.59,nal of Biomedical and Health Informatics (formerly IEEE
22,0,0,0,0,26,8,/JJNDYT+CharisSIL,6.38,56.55,124.23,563.69,141.58,124.23,652.12,56.55,31.59,"for communications and networking systems, IEEE Commun. Surv. Tutor. 22 (2)  Transactions on Information Technology in Biomedicine), (2020) 1392–1431.  IEEE Consumer Electronics Magazine, IEEE Access, IEEE"
22,0,0,0,0,18,8,/JJNDYT+CharisSIL,6.38,38.99,115.66,557.31,123.91,115.66,669.79,38.99,37.97,"[69] A.K. Das, M. Wazid, N. Kumar, A.V. Vasilakos, J.J.P.C. Rodrigues, Biometrics-  Communications Magazine, IEEE Systems Journal, Future"
22,0,0,0,0,33,8,/JJNDYT+CharisSIL,6.38,56.55,98.52,570.06,115.14,98.52,678.56,56.55,25.21,"based privacy-preserving user authentication scheme for cloud-based industrial  Generation Computer Systems, Computers & Electrical Engiinternet of things deployment, IEEE Internet Things J. 5 (6) (2018) 4900–4913.  neering, Computer Methods and Programs in Biomedicine,"
22,0,0,0,0,20,8,/JJNDYT+CharisSIL,6.38,38.99,89.95,563.69,97.47,89.95,696.24,38.99,31.59,"[70] S. Malani, J. Srinivas, A.K. Das, K. Srinathan, M. Jo, Certificate-based anonymous  Computer Standards & Interfaces, Computer Networks, Ex-"
22,0,0,0,0,32,8,/JJNDYT+CharisSIL,6.38,56.55,72.82,560.5,88.7,72.82,705.0,56.55,34.78,"device access control scheme for IoT environment, IEEE Internet Things J. 6 (6)  pert Systems with Applications, and Journal of Network (2019) 9762–9773.  and Computer Applications. He was a recipient of the"
22,0,0,0,0,24,8,/JJNDYT+CharisSIL,6.38,38.99,64.25,563.69,71.03,64.25,722.68,38.99,31.59,"[71] M. Wazid, A.K. Das, V. Odelu, N. Kumar, W. Susilo, Secure remote user  Institute Silver Medal from IIT Kharagpur. He is on the"
22,0,0,0,0,30,8,/JJNDYT+CharisSIL,6.38,56.55,47.11,573.25,62.26,47.11,731.44,56.55,22.03,"authenticated key establishment protocol for smart home environment, IEEE  editorial board of IEEE Systems Journal, Computer CommuTrans. Dependable Secure Comput. 17 (2) (2020) 391–406.  nications (Elsevier), IET Communications, KSII Transactions"
22,0,1,0,0,7,8,/EMQPYA+CharisSIL-Italic,6.38,344.83,24.34,501.04,30.72,24.34,762.98,344.83,94.23,Journal of Systems Architecture 113 (2021) 101877
22,0,0,0,0,8,3,Unknown,12.0,0.0,-12.0,312.0,0.0,-12.0,793.7,0.0,283.28,Journal of Systems Architecture 113 (2021) 101877 22
23,0,1,0,0,4,8,/JLCVTF+CharisSIL-Italic,6.38,37.59,746.19,85.41,752.57,746.19,41.13,37.59,509.87,P. Bagga et al.
23,0,0,0,0,254,8,/JJNDYT+CharisSIL,6.38,116.14,596.91,576.44,732.03,596.91,61.67,116.14,18.84,"on Internet and Information Systems, and International  Pandi Vijayakumar received the B.E. degree in computer Journal of Internet Technology and Secured Transactions  science and engineering from Madurai Kamaraj University, (Inderscience), is a Guest Editor for Computers & Electrical  Madurai, India, in 2002, the M.E. degree in computer Engineering (Elsevier) for the special issue on Big data  science and engineering from the Karunya Institute of Techand IoT in e-healthcare, ICT Express (Elsevier) for the  nology, Coimbatore, India, in 2005, and the Ph.D. degree special issue on Blockchain Technologies and Applications  in computer science and engineering from Anna Univerfor 5G Enabled IoT and Wireless Communications and  sity, Chennai, India, in 2013. He is the former Dean and Mobile Computing (Wiley/Hindawi) for the special issue  presently working as Assistant Professor in the Department on Security and Privacy for Smart Mobile Devices: Attacks,  of Computer Science and Engineering at University College Challenges, and New Designs, and has served as a Program  of Engineering Tindivanam, which is a constituent college Committee Member in many international conferences. He  of Anna University, Chennai, India. His current research also severed as one of the Technical Program Committee  interests include key management in network security, Chairs of the International Congress on Blockchain and Ap-  VANET security, and multicasting in computer networks. plications (BLOCKCHAIN’19), Avila, Spain, June 2019, and  He has produced four Ph.D. candidates successfully. He 2nd International Congress on Blockchain and Applications  has published various quality papers in reputed journals (BLOCKCHAIN 2020), L’Aquila, Italy, October 2020. like IEEE Transactions/Journals, ACM transaction, Elsevier,"
23,0,0,0,0,7,8,/JJNDYT+CharisSIL,6.38,385.15,588.34,525.43,594.72,588.34,198.99,385.15,69.85,"Springer, IET, Taylor & Francis, Wiley, etc."
23,0,1,0,0,7,8,/EMQPYA+CharisSIL-Italic,6.38,344.83,24.34,501.04,30.72,24.34,762.98,344.83,94.23,Journal of Systems Architecture 113 (2021) 101877
23,0,0,0,0,8,3,Unknown,12.0,0.0,-12.0,312.0,0.0,-12.0,793.7,0.0,283.28,Journal of Systems Architecture 113 (2021) 101877 23
