page_number,is_bold,is_italic,is_underline,is_all_caps,word_count,norm_font_size,font,font_size,x0,y0,x1,y1,space_above,space_below,space_left,space_right,text
1,1,0,0,0,13,1,/OWEWED+URWPalladioL-Bold,17.93,35.02,673.24,537.14,710.01,673.24,131.88,35.02,58.14,Blockchain-Based Decentralized Identiﬁcation in IoT: An Overview of Existing Frameworks and Their Limitations
1,1,0,0,0,7,12,/OWEWED+URWPalladioL-Bold,7.57,35.72,654.6,293.83,664.56,654.6,177.33,35.72,301.45,"Seyed Mohammad Hosseini 1, *  2  3"
1,0,0,0,0,25,14,/HCDARG+URWPalladioL-Roma,5.98,166.39,616.98,588.81,635.71,616.98,206.18,166.39,6.47,"1 Instituto de Telecomunicações, Universidade de Aveiro, 3810-193 Aveiro, Portugal 2 Instituto de Telecomunicações, Escola Superior de Tecnologia e Gestão de Águeda, Universidade de Aveiro,"
1,0,0,0,0,3,11,/HCDARG+URWPalladioL-Roma,7.97,179.94,603.33,279.57,611.3,603.33,230.59,179.94,315.71,"3810-193 Aveiro, Portugal"
1,0,0,0,0,11,14,/HCDARG+URWPalladioL-Roma,5.98,166.39,595.46,584.82,603.43,595.46,238.46,166.39,10.45,"3 Instituto de Telecomunicações, Departamento de Eletrónica, Telecomunicações e Informática, Universidade"
1,0,0,0,0,5,11,/HCDARG+URWPalladioL-Roma,7.97,179.94,581.81,323.4,589.78,581.81,252.11,179.94,271.87,"de Aveiro, 3810-193 Aveiro, Portugal"
1,1,0,0,0,3,11,/OWEWED+URWPalladioL-Bold,7.97,165.68,571.05,289.22,579.02,571.05,262.87,165.68,306.06,* Correspondence: hosseini@ua.pt
1,0,0,0,0,169,9,/HCDARG+URWPalladioL-Roma,8.97,166.04,389.61,632.65,554.23,389.61,287.66,166.04,-37.37,"Abstract: The popularity of the Internet of Things  (IoT) and  Industrial IoT (IIoT) has caused a rapid increase in connected entities and exposed its lack of adequate Identity Management (IdM). Traditional IdM systems are highly dependent on central authorities; any failure can potentially compromise the entire system. To eliminate the drawback of central authorities and evolve IdM systems to meet increasingly stringent security requirements, theDecentralized Identiﬁcation approach has been proposed. This approach often relies on blockchain technology to provide a secure and tamper-proof method of managing and verifying identities. Therefore, this article investigates the capabilities of blockchain-based decentralized identiﬁcation for the IoT domain, with an emphasis on the heterogeneity of online devices. It describes a number of features and speciﬁcations of decentralized identiﬁcation with a speciﬁc focus on Self-Sovereign Identity (SSI), a model in which entities own their identities. The article concludes with a discussion of technical aspects as well as potential obstacles and constraints to the implementation of decentralized identiﬁcation in the context of the Internet of Things."
1,1,0,0,0,10,9,/OWEWED+URWPalladioL-Bold,8.97,166.39,364.68,560.92,373.65,364.68,468.24,166.39,34.36,Keywords: security and privacy; cyber-physical systems; secure communications; embedded devices;
1,0,0,0,0,8,9,/HCDARG+URWPalladioL-Roma,8.97,166.39,351.71,471.25,360.68,351.71,481.21,166.39,124.02,device security; constrained devices; Internet of Things; blockchain
1,1,0,0,0,5,13,/OWEWED+URWPalladioL-Bold,6.97,35.72,335.27,143.81,342.24,335.27,499.65,35.72,451.47,"Citation: Hosseini, S.M.; Ferreira, J.;"
1,0,0,0,0,8,13,/HCDARG+URWPalladioL-Roma,6.97,35.72,311.42,161.24,330.32,311.42,511.57,35.72,434.03,"Bartolomeu, P .C. Blockchain-Based Decentralized Identiﬁcation in IoT:"
1,0,0,0,0,4,13,/HCDARG+URWPalladioL-Roma,6.97,35.44,299.49,119.13,306.46,299.49,535.42,35.44,476.15,An Overview of Existing
1,0,0,0,0,18,7,/HCDARG+URWPalladioL-Roma,9.96,35.72,285.07,621.03,295.03,285.07,546.86,35.72,-25.75,"In the last few years, the Internet has experienced exponential growth with respect to Frameworks and Their Limitations."
1,0,0,0,0,36,13,/HCDARG+URWPalladioL-Roma,6.97,35.5,259.97,639.62,282.61,259.97,559.28,35.5,-44.34,"Electronics 2023 , 12, 1283. https://  the adoption of the Internet of Things (IoT) and  Industrial IoT (IIoT) technologies. By 2023, doi.org/10.3390/electronics12061283  there will be almost 3.6 billion Internet users worldwide [1] and businesses will increasingly"
1,0,0,0,0,14,7,/HCDARG+URWPalladioL-Roma,9.96,166.39,247.41,609.73,257.38,247.41,584.51,166.39,-14.45,rely on virtual and decentralized operating modes [2]. These trends create a new digital
1,0,0,0,0,4,13,/HCDARG+URWPalladioL-Roma,6.97,35.72,245.81,143.81,252.79,245.81,589.1,35.72,451.47,Academic Editor: Antonio Brogi
1,0,0,0,0,16,7,/HCDARG+URWPalladioL-Roma,9.96,166.39,234.86,531.87,244.82,234.86,597.07,166.39,63.4,"environment, where the core element is identity . A Digital Identity [3] is an alternative legal"
1,0,0,0,0,62,13,/HCDARG+URWPalladioL-Roma,6.97,35.44,184.65,634.64,233.89,184.65,608.0,35.44,-39.36,"Received: 14 February 2023  token (discrete identiﬁable unit) used for authentication and authorization, designed for Revised: 2 March 2023  the age of the Internet and corresponds to the real identity of an entity. An entity can be a Accepted: 4 March 2023  person, organization, application, or device and must always be unique for being accessible Published: 7 March 2023 and interacted with."
1,0,0,0,0,11,7,/HCDARG+URWPalladioL-Roma,9.96,187.65,172.09,586.16,182.06,172.09,659.83,187.65,9.12,"The use of a username and password pair, multi-factor authentication, biometric"
1,0,0,0,0,10,7,/HCDARG+URWPalladioL-Roma,9.96,166.39,159.54,599.77,169.5,159.54,672.39,166.39,-4.49,"authentication, location-based authentication [ 4], or hardware authentication, such as"
1,0,0,0,0,127,7,/HCDARG+URWPalladioL-Roma,9.96,35.44,71.67,619.69,156.95,71.67,684.94,35.44,-24.42,"Physical Unclonable Functions (PUF) [5], are examples of different digital identiﬁcation Copyright: © 2023 by the authors. approaches used in different scopes to assign unique identities. These approaches enable Licensee MDPI, Basel, Switzerland. access control to the network, resources, and services, determining whether an entity is This article is an open access article who or what it claims to be. Over the years, some of these approaches have been updated distributed under the terms and and improved, while others have become less utilized due to their increasing obsolescence. conditions of the Creative Commons As shown in Figure 1, digital identity systems can be classiﬁed into three types due Attribution (CC BY) license (https:// creativecommons.org/licenses/by/  to their basic structure: Centralized , Federated, and Decentralized . In centralized identity"
1,0,0,0,0,15,13,/HCDARG+URWPalladioL-Roma,6.97,35.72,59.12,629.65,69.76,59.12,772.13,35.72,-34.38,"4.0/).electronics systems, such as domain name registrations or certiﬁcate authorities, all events occur in one"
1,0,0,0,0,7,11,/RKGOSO+URWPalladioL-Ital,7.97,35.47,-16.12,467.55,21.26,-16.12,820.63,35.47,127.72,"Electronics 2023 , 12, 1283. https://doi.org/10.3390/electronics12061283 https://www.mdpi.com/journal/electronicselectronics"
1,1,0,0,0,7,7,/OWEWED+URWPalladioL-Bold,9.96,0.0,-9.96,119.55,0.0,-9.96,841.89,0.0,475.72,", Joaquim Ferreira and Paulo C. Bartolomeu"
2,0,0,0,0,5,11,/RKGOSO+URWPalladioL-Ital,7.97,35.47,770.94,124.84,778.91,770.94,62.98,35.47,470.44,"Electronics 2023 , 12, 1283"
2,0,0,0,0,113,7,/HCDARG+URWPalladioL-Roma,9.96,166.09,651.79,1376.85,737.07,651.79,104.82,166.09,-781.57,"environment, and a central Identity Provider (IdP) is responsible for collecting, establishing, and managing identity information from entities. Although centralized identity systems provide great convenience to entities, managing multiple accounts between different service providers has become problematic. A Federated Identity Management (FIM) system is proposed as a means of enabling mutual trust between two or more centralized identity systems. This system, also known as a federated Single Sign-On (SSO), is an authentication scheme that allows entities to securely log into multiple applications using one identity.Digital Identity Systems Centralized Systems Federated Systems Decentralized Systems Domain Name  Registrations   Certificate Authorities Single Sign-On Systems such as Google Account Blockchain Based Systems such as  Ethereum Account Examples"
2,1,0,0,0,8,9,/OWEWED+URWPalladioL-Bold,8.97,166.39,432.46,368.14,441.43,432.46,400.46,166.39,227.14,Figure 1. Different types of digital identity systems.
2,0,0,0,0,11,7,/HCDARG+URWPalladioL-Roma,9.96,187.65,409.09,581.18,419.05,409.09,422.84,187.65,14.1,"Identity management means creating, managing, and deleting the elements of the"
2,0,0,0,0,28,7,/HCDARG+URWPalladioL-Roma,9.96,166.39,383.98,624.67,406.5,383.98,435.39,166.39,-29.4,"identity by the owner at any time and anywhere. The identity is existential and, therefore, its control must be with the owner. However, in centralized and federated approaches,"
2,0,0,0,0,19,7,/HCDARG+URWPalladioL-Roma,9.96,61.5,361.0,614.71,381.39,361.0,460.5,61.5,-19.44,large amounts of data are kept centrally and only a few parties or IdPs have control over  Certificate Authorities
2,0,0,0,0,10,7,/HCDARG+URWPalladioL-Roma,9.96,166.39,358.88,485.2,368.84,358.88,473.05,166.39,110.08,"them, making the entire identity system signiﬁcantly vulnerable. Decentralized Identiﬁcation"
2,1,0,0,0,31,3,/AAAAAA+Arial-BoldMT,16.0,166.39,331.5,758.17,357.0,331.5,484.89,166.39,-162.9,"Google Accountbased on blockchain technologies presents a new opportunity to address these concerns. It Ethereum Accountis a step forward in the realm of digital identity management, which is capable of providing"
2,1,0,0,0,3,3,/AAAAAA+Arial-BoldMT,16.0,396.2,319.0,888.97,338.0,319.0,503.89,396.2,-293.69,such as Examples
2,0,0,0,0,14,7,/HCDARG+URWPalladioL-Roma,9.96,166.39,312.5,732.98,331.18,312.5,510.71,166.39,-137.71,all the functionality of federated identity while being independent of central authorities.  such as
2,1,0,0,0,17,3,/AAAAAA+Arial-BoldMT,16.0,187.65,303.0,626.01,319.0,303.0,522.89,187.65,-30.73,Single Sign-On SystemsA blockchain is a distributed ledger that can be used to store and manage decentralized
2,1,0,0,0,19,3,/AAAAAA+Arial-BoldMT,16.0,91.42,291.5,788.95,309.5,291.5,532.39,91.42,-193.68,Blockchain Based Systems Registrations identity information in a secure and transparent manner. As a result of its decentralized and
2,0,0,0,0,14,7,/HCDARG+URWPalladioL-Roma,9.96,93.64,272.5,609.73,293.52,272.5,548.37,93.64,-14.45,"secure nature, blockchain is an ideal technology for the implementation of decentralized Domain Name"
2,0,0,0,0,64,7,/HCDARG+URWPalladioL-Roma,9.96,166.39,220.8,624.67,280.97,220.8,560.92,166.39,-29.4,"identity systems, which provide entities with control and ownership over their own identity information, while storing and verifying that information in an encrypted, transparent, and tamper-proof manner [6]. With the use of blockchain technology, identity attributes, such as name, date of birth, or government-issued identiﬁcation, can be stored in a secure and decentralized manner, which allows for more efﬁcient and secure validation of identity."
2,0,0,0,0,10,7,/HCDARG+URWPalladioL-Roma,9.96,187.65,208.24,621.03,218.21,208.24,623.68,187.65,-25.75,The potential for blockchain-based decentralized identiﬁcation to manage identities is
2,0,0,0,0,14,7,/HCDARG+URWPalladioL-Roma,9.96,166.39,195.69,609.73,205.65,195.69,636.24,166.39,-14.45,"rapidly evolving, and a number of studies have been conducted to provide a comprehensive"
2,0,0,0,0,15,7,/HCDARG+URWPalladioL-Roma,9.96,63.84,171.5,619.69,193.1,171.5,648.79,63.84,-24.42,"understanding of this emerging technology. For example, Gilani et al. [7] explores various Centralized Systems"
2,0,0,0,0,97,7,/HCDARG+URWPalladioL-Roma,9.96,166.39,82.71,639.62,180.55,82.71,661.34,166.39,-44.34,"blockchain-based identity management solutions, their limitations, and their potential applications. Another notable study by Alanzi et al. [8] presents an analysis of the strengths and weaknesses of decentralized identity management systems in terms of privacy and security. Furthermore, Alharbi et al. [9] provides an overview of the current state of the art in blockchain-based identity management for personal data, while Yang et al. [10] delves into various blockchain-based identity management approaches and their suitability for speciﬁc use cases. In general, these studies demonstrate the potential for blockchain-based decentralized identiﬁcation to provide secure and efﬁcient identity management solutions."
2,0,0,0,0,13,7,/HCDARG+URWPalladioL-Roma,9.96,187.65,70.16,591.14,80.12,70.16,761.77,187.65,4.14,The purpose of our work is to provide an overview of blockchain-based decentral-
2,0,0,0,0,13,7,/HCDARG+URWPalladioL-Roma,9.96,166.39,57.61,599.77,67.57,57.61,774.32,166.39,-4.49,"ized identiﬁcation approaches in the ﬁeld of online IoT, where devices are continuously"
2,1,0,0,0,3,2,/AAAAAA+Arial-BoldMT,17.0,328.11,21.5,532.11,38.5,21.5,803.39,328.11,63.17,Digital Identity Systems
2,1,0,0,0,7,2,/AAAAAA+Arial-BoldMT,17.0,0.0,-17.0,187.0,0.0,-17.0,841.89,0.0,408.28,2 of 18 Federated Systems Decentralized Systems
3,0,0,0,0,5,11,/RKGOSO+URWPalladioL-Ital,7.97,35.47,770.94,124.84,778.91,770.94,62.98,35.47,470.44,"Electronics 2023 , 12, 1283"
3,0,0,0,0,28,7,/HCDARG+URWPalladioL-Roma,9.96,166.39,699.01,604.75,737.07,699.01,104.82,166.39,-9.47,or intermittently connected to the Internet. The main contributions of this paper are summarized below. • A list of features and speciﬁcations for decentralized identiﬁcation is provided with
3,0,0,0,0,6,7,/HCDARG+URWPalladioL-Roma,9.96,188.02,686.46,307.57,696.42,686.46,145.47,188.02,287.7,an emphasis on Self-Sovereign Identity (SSI).
3,0,0,0,0,12,7,/HCDARG+URWPalladioL-Roma,9.96,166.39,673.9,599.77,683.87,673.9,158.02,166.39,-4.49,• A review of advanced research in decentralized identiﬁcation frameworks is presented
3,0,0,0,0,12,7,/HCDARG+URWPalladioL-Roma,9.96,187.6,661.35,556.22,671.31,661.35,170.58,187.6,39.06,with an emphasis on the heterogeneity of online connected devices in IoT.
3,0,0,0,0,13,7,/HCDARG+URWPalladioL-Roma,9.96,166.39,648.8,614.71,658.76,648.8,183.13,166.39,-19.44,• Discuss and investigate the challenges associated with the use of decentralized identi-
3,0,0,0,0,22,7,/HCDARG+URWPalladioL-Roma,9.96,187.65,620.7,616.04,646.21,620.7,195.68,187.65,-20.77,ﬁcation approaches in the context of digital identity. The remainder of the paper is organized as follows. Section 2 describes the methodol-
3,0,0,0,0,90,7,/HCDARG+URWPalladioL-Roma,9.96,166.09,520.28,639.62,618.11,520.28,223.78,166.09,-44.34,"ogy of the study. Section 3 discusses the concept of decentralized identiﬁcation. In addition, a review of the SSI concept is provided in this section. Section 4 analyzes the existing support structures and mechanisms, where a classiﬁcation is made within the existing frameworks according to the range of target devices and environments. Section 5 examines the key challenge of adopting decentralized identiﬁcation in IoT environments and provides a comparison between decentralized identiﬁcation approaches and several characteristics. Finally, Section 6 concludes this article with a summary of its contributions and conclusions."
3,0,0,0,0,14,7,/HCDARG+URWPalladioL-Roma,9.96,187.65,482.32,601.1,492.29,482.32,349.6,187.65,-5.82,The objective of this overview is to improve the comprehension of the reader about
3,0,0,0,0,47,7,/HCDARG+URWPalladioL-Roma,9.96,166.09,432.11,634.64,479.73,432.11,362.16,166.09,-39.36,"decentralized identiﬁcation based on blockchains in the context of the Internet of Things. To achieve this goal, we outline our research questions, the data sources used to retrieve articles, the search strategy, the inclusion and exclusion criteria and the ﬁnal selection as part of our overview approach."
3,0,0,0,0,3,7,/RKGOSO+URWPalladioL-Ital,9.96,166.39,409.69,280.96,419.66,409.69,422.23,166.39,314.31,2.1. Research Questions
3,0,0,0,0,14,7,/HCDARG+URWPalladioL-Roma,9.96,192.62,394.15,621.01,404.12,394.15,437.77,192.62,-25.74,"As a ﬁrst step in reviewing the literature, we identiﬁed research questions. The main"
3,0,0,0,0,11,7,/HCDARG+URWPalladioL-Roma,9.96,166.12,381.6,455.03,391.56,381.6,450.33,166.12,140.25,question of this study is: “ Can blockchain-based decentralized identiﬁcation manage-
3,1,0,0,0,14,7,/OWEWED+URWPalladioL-Bold,9.96,166.39,369.05,455.31,379.01,369.05,462.88,166.39,139.97,"ment solutions provide a practical solution to IoT domain? ”. To answer the question,"
3,0,0,0,0,17,7,/HCDARG+URWPalladioL-Roma,9.96,166.39,338.96,604.75,366.46,338.96,475.43,166.39,-9.47,three guiding questions were developed. • What are the key technical features of a blockchain-based decentralized identiﬁcation
3,0,0,0,0,10,7,/HCDARG+URWPalladioL-Roma,9.96,188.02,326.41,486.9,336.37,326.41,505.52,188.02,108.38,system and how do they differ from traditional IdM systems?
3,0,0,0,0,11,7,/HCDARG+URWPalladioL-Roma,9.96,166.39,313.85,594.79,323.82,313.85,518.07,166.39,0.49,• What are the potential beneﬁts of implementing blockchain-based decentralized iden-
3,0,0,0,0,6,7,/HCDARG+URWPalladioL-Roma,9.96,188.02,301.3,352.4,311.26,301.3,530.63,188.02,242.87,tiﬁcation in the context of IoT?
3,0,0,0,0,14,7,/HCDARG+URWPalladioL-Roma,9.96,166.39,288.75,609.73,298.71,288.75,543.18,166.39,-14.45,• What are the practical challenges and obstacles that must be addressed to successfully
3,0,0,0,0,9,7,/HCDARG+URWPalladioL-Roma,9.96,188.02,276.2,591.51,286.16,276.2,555.73,188.02,3.77,deploy a blockchain-based decentralized identiﬁcation system in IoT applications?
3,0,0,0,0,3,7,/RKGOSO+URWPalladioL-Ital,9.96,166.39,253.78,266.02,263.74,253.78,578.15,166.39,329.26,2.2. Search Strategy
3,0,0,0,0,14,7,/HCDARG+URWPalladioL-Roma,9.96,187.65,238.24,591.14,248.2,238.24,593.69,187.65,4.14,"To conduct a comprehensive review of the literature, it is necessary to adopt an"
3,0,0,0,0,92,7,/HCDARG+URWPalladioL-Roma,9.96,164.9,137.81,614.71,235.65,137.81,606.24,164.9,-19.44,"inclusive perspective. This involves selecting an adequate number of databases before starting the search, which increases the chances of identifying highly relevant articles. As part of this process, a detailed examination of the sources in Scopus was performed, using logic expressions for efﬁcient search. We identiﬁed relevant articles using a set of keywords, namely: “decentralized identiﬁcation”, “blockchain”, “Internet of Things”, “self-sovereign identity”, and “Identity Management”. The search was reﬁned and made more accurate using Boolean operators, including AND, OR, and NOT. We narrowed our search to article titles, keywords, abstracts, and conclusions."
3,0,0,0,0,3,7,/RKGOSO+URWPalladioL-Ital,9.96,166.39,115.4,330.78,125.36,115.4,716.53,166.39,264.5,2.3. Inclusion/Exclusion Criteria
3,0,0,0,0,17,7,/HCDARG+URWPalladioL-Roma,9.96,187.65,99.86,645.93,109.82,99.86,732.07,187.65,-50.66,"We found that not all articles were related to the subject, so it was necessary to identify"
3,0,0,0,0,17,7,/HCDARG+URWPalladioL-Roma,9.96,166.39,74.75,589.8,97.27,74.75,744.62,166.39,5.47,"articles that matched the objectives of our study. Therefore, we deﬁne the following inclusion and exclusion criteria:"
3,0,0,0,0,3,11,/HCDARG+URWPalladioL-Roma,7.97,0.0,-7.97,31.88,0.0,-7.97,841.89,0.0,563.4,3 of 18
4,0,0,0,0,5,11,/RKGOSO+URWPalladioL-Ital,7.97,35.47,770.94,124.84,778.91,770.94,62.98,35.47,470.44,"Electronics 2023 , 12, 1283"
4,0,0,0,0,13,7,/HCDARG+URWPalladioL-Roma,9.96,166.39,711.56,589.8,737.07,711.56,104.82,166.39,5.47,2.3.1. Inclusion Criteria • Articles introducing a new blockchain-based decentralized identiﬁcation method for
4,0,0,0,0,3,7,/HCDARG+URWPalladioL-Roma,9.96,188.02,699.01,262.74,708.97,699.01,132.92,188.02,332.54,IoT use cases.
4,0,0,0,0,15,7,/HCDARG+URWPalladioL-Roma,9.96,166.39,686.46,614.71,696.42,686.46,145.47,166.39,-19.44,• Since recent articles are more likely to reﬂect current trends in research and advances
4,0,0,0,0,18,7,/HCDARG+URWPalladioL-Roma,9.96,188.02,661.35,626.38,683.87,661.35,158.02,188.02,-31.1,"in the ﬁeld, we chose to include recent articles. Therefore, research published between 2018 and 2022 was considered."
4,0,0,0,0,30,7,/HCDARG+URWPalladioL-Roma,9.96,166.39,609.22,614.71,658.76,609.22,183.13,166.39,-19.44,"• The scope of the research was limited to conference papers and journal articles. 2.3.2. Exclusion Criteria • Survey, review, and press articles that did not provide speciﬁc technological contribu-"
4,0,0,0,0,6,7,/HCDARG+URWPalladioL-Roma,9.96,188.02,596.66,387.27,606.63,596.66,235.26,188.02,208.0,tions were excluded from the selection.
4,0,0,0,0,14,7,/HCDARG+URWPalladioL-Roma,9.96,166.39,584.11,579.84,594.07,584.11,247.82,166.39,15.43,• We excluded studies that were outdated or did not contribute signiﬁcantly to the
4,0,0,0,0,5,7,/HCDARG+URWPalladioL-Roma,9.96,188.02,571.56,322.52,581.52,571.56,260.37,188.02,272.76,current state of the ﬁeld.
4,0,0,0,0,7,7,/HCDARG+URWPalladioL-Roma,9.96,166.39,559.01,345.72,568.97,559.01,272.92,166.39,249.56,• Articles that were not in English.
4,0,0,0,0,3,7,/RKGOSO+URWPalladioL-Ital,9.96,166.39,526.0,291.77,544.93,526.0,296.96,166.39,303.51,2.4. Final Selection(n=5)
4,0,0,0,0,18,7,/HCDARG+URWPalladioL-Roma,9.96,3.64,511.0,621.03,529.39,511.0,312.5,3.64,-25.75,"As shown in Figure 2, through the search, a total of 193 items were detected, of which Included"
4,0,0,0,0,85,7,/HCDARG+URWPalladioL-Roma,9.96,166.39,469.21,1675.73,516.83,469.21,325.06,166.39,-1080.45,"46 were considered appropriate for review. These 46 items comprised 22 conference papers Articles included in final review and 24 journal articles. Despite the variety of available approaches, many of them share similarities. It was determined that ﬁve articles would be reviewed for the ﬁnal review, including [11–15].Articles identified through keyword search (n=193) Articles screened by inclusion and exclusion criteria (n=46) Articles included in final review (n=5) IdentificationEligibilityIncluded Articles remaining after duplicates (n=192) Screening Number of conference paper : 22 Number of journal articles: 24"
4,0,0,0,0,11,4,/AAAAAA+ArialMT,15.0,344.0,414.0,576.5,450.0,414.0,391.89,344.0,18.78,Number of journal articles: 24 Number of conference paper : 22
4,0,0,0,0,7,4,/AAAAAA+ArialMT,15.0,100.66,326.0,498.16,341.0,326.0,500.89,100.66,97.12,Articles screened by inclusion and exclusion criteria
4,0,0,0,0,4,4,/AAAAAA+ArialMT,15.0,159.44,180.0,421.94,195.0,180.0,646.89,159.44,173.34,Articles remaining after duplicates
4,1,0,0,0,10,9,/OWEWED+URWPalladioL-Bold,8.97,166.39,130.38,412.97,139.35,130.38,702.54,166.39,182.31,Figure 2. Diagram depicting the selection of studies for review.
4,1,0,0,0,3,7,/OWEWED+URWPalladioL-Bold,9.96,166.39,109.1,251.08,119.07,109.1,722.82,166.39,344.2,3. Basic Concepts
4,0,0,0,0,11,7,/HCDARG+URWPalladioL-Roma,9.96,187.65,93.56,616.04,103.52,93.56,738.37,187.65,-20.77,Blockchain technologies have attracted considerable attention due to their ability to
4,0,0,0,0,25,7,/HCDARG+URWPalladioL-Roma,9.96,166.39,68.46,624.67,90.97,68.46,750.92,166.39,-29.4,"simplify trade, increase the efﬁciency of supply chains, improve traceability, and improve ﬁnancial transactions [16]. A blockchain consists of blocks that contain details of transac-"
4,0,0,0,0,5,4,/AAAAAA+ArialMT,15.0,133.17,30.0,448.17,45.0,30.0,796.89,133.17,147.1,Articles identified through keyword search
4,0,0,0,0,3,11,/HCDARG+URWPalladioL-Roma,7.97,0.0,-7.97,31.88,0.0,-7.97,841.89,0.0,563.4,4 of 18
5,0,0,0,0,5,11,/RKGOSO+URWPalladioL-Ital,7.97,35.47,770.94,124.84,778.91,770.94,62.98,35.47,470.44,"Electronics 2023 , 12, 1283"
5,0,0,0,0,29,7,/HCDARG+URWPalladioL-Roma,9.96,166.39,714.55,619.69,737.07,714.55,104.82,166.39,-24.42,"tions that have occurred on the network. Any type of data or token exchange can be treated as transaction information. In general, there are four types of blockchain [17,18]:"
5,1,0,0,0,13,7,/ZFYIZV+URWPalladioL-BoldItal,9.96,166.39,699.01,602.12,708.97,699.01,132.92,166.39,-6.84,Public Blockchains : A public blockchain is a permissionless blockchain in which all
5,0,0,0,0,53,7,/HCDARG+URWPalladioL-Roma,9.96,186.82,636.25,611.43,696.42,636.25,145.47,186.82,-16.16,"participants can access the content of the blockchain and publish blocks. Bitcoin (https: //bitcoin.org/en/ (accessed 13 February 2023)) and Ethereum (https://ethereum.org/ en/ (accessed 13 February 2023)) are examples of public blockchains. To mitigate the risks associated with the use of public blockchains, a large number of anonymous nodes are needed to accommodate them."
5,1,0,0,0,12,7,/ZFYIZV+URWPalladioL-BoldItal,9.96,166.39,623.69,592.05,633.65,623.69,208.24,166.39,3.23,Private Blockchains : A private blockchain is a permissioned network. The entities
5,0,0,0,0,36,7,/HCDARG+URWPalladioL-Roma,9.96,187.72,573.48,611.43,621.1,573.48,220.79,187.72,-16.16,are only allowed to join the network once their identities and other information are veriﬁed. Hyperledger Fabric (https://www.hyperledger.org/use/fabric (accessed 13 February 2023)) and R3 Corda (https://corda.net/ (accessed 13 February 2023)) are popular examples of private blockchains.
5,1,0,0,0,10,7,/ZFYIZV+URWPalladioL-BoldItal,9.96,166.39,560.93,586.83,570.89,560.93,271.0,166.39,8.44,"Consortium Blockchains : These blockchains, also known as federated blockchains,"
5,0,0,0,0,24,7,/HCDARG+URWPalladioL-Roma,9.96,188.02,523.27,621.39,558.34,523.27,283.55,188.02,-26.12,are similar to private blockchains in that they are permissioned networks. Several organizations are participating in consortium networks that help maintain transparency between them.
5,1,0,0,0,14,7,/ZFYIZV+URWPalladioL-BoldItal,9.96,166.39,510.72,625.37,520.68,510.72,321.21,166.39,-30.09,"Hybrid Blockchain : In the context of blockchain technology , the term hybrid blockchain"
5,0,0,0,0,54,7,/HCDARG+URWPalladioL-Roma,9.96,187.65,457.52,656.26,508.13,457.52,333.76,187.65,-60.99,"refers to a network that is a combination of the ideal parts of private and public blockchain solutions. In a hybrid blockchain, transactions and records are made private, but can be verified when involved, for example, by enabling access through contracts. Several blockchains are available that support Smart Contracts (SC). A smart contract is"
5,0,0,0,0,50,7,/HCDARG+URWPalladioL-Roma,9.96,166.39,407.3,634.64,454.93,407.3,386.96,166.39,-39.36,"a programmable application stored on the blockchain that manages transactions according to certain terms and conditions [ 19]. Unlike traditional contracts enforced by central authorities, smart contracts on blockchain networks do not require a third party to supervise the implementation of the terms. Several platforms, such as Ethereum and  Hyperledger"
5,0,0,0,0,7,7,/RKGOSO+URWPalladioL-Ital,9.96,166.12,394.75,559.64,404.71,394.75,437.18,166.12,35.64,"Fabric (https://www.hyperledger.org/use/fabric (accessed 13 February 2023)), support"
5,0,0,0,0,27,7,/HCDARG+URWPalladioL-Roma,9.96,166.39,369.64,614.71,392.16,369.64,449.73,166.39,-19.44,the development of smart contracts. Any participant can invoke the functions written in a smart contract at any time once the code is deployed on the blockchain.
5,0,0,0,0,15,7,/HCDARG+URWPalladioL-Roma,9.96,187.65,357.09,626.01,367.05,357.09,474.84,187.65,-30.73,"As a result of the advent of blockchain technologies and smart contracts, it has become"
5,0,0,0,0,23,7,/HCDARG+URWPalladioL-Roma,9.96,166.09,331.99,624.37,354.5,331.99,487.39,166.09,-29.1,possible to create new identiﬁcation systems that are decentralized. The key properties and characteristics of such systems are brieﬂy described in the following.
5,0,0,0,0,4,7,/RKGOSO+URWPalladioL-Ital,9.96,166.39,309.57,345.72,319.53,309.57,522.36,166.39,249.56,3.1. Decentralized Identiﬁers (DIDs)
5,0,0,0,0,14,7,/HCDARG+URWPalladioL-Roma,9.96,187.65,294.03,596.12,303.99,294.03,537.9,187.65,-0.84,DIDs are a new type of identiﬁer (a scheme with several attributes) that provides
5,0,0,0,0,93,7,/HCDARG+URWPalladioL-Roma,9.96,164.9,206.16,629.65,291.44,206.16,550.45,164.9,-34.38,"unique, veriﬁable, and decentralized identities. These identiﬁers can be cryptographically secured and are independent of any certiﬁcation authority. DIDs are fully under the control of the DID subject and resolve DID documents. W3C [ 20] deﬁnes the DID subject as “denoted with the id property” such as a person, device, organization, object, data model, or abstract entity and the DID document as “a data set describing the DID subject, including mechanisms, such as public keys and pseudonymous biometrics, that the DID subject can use to authenticate and prove their association with the DID”."
5,0,0,0,0,14,7,/HCDARG+URWPalladioL-Roma,9.96,187.55,193.6,625.91,203.57,193.6,638.32,187.55,-30.63,There are different types of DID structures. The complete specification can be found at
5,0,0,0,0,17,7,/HCDARG+URWPalladioL-Roma,9.96,165.9,181.05,609.23,191.01,181.05,650.88,165.9,-13.95,W3C [21]. Below is a simple example of a DID structure for addressing a W3C DID document.
5,1,0,0,0,8,7,/ZFYIZV+URWPalladioL-BoldItal,9.96,281.07,160.53,451.97,170.49,160.53,671.4,281.07,143.31,did :  example : 123456789 abcde f ghi
5,0,0,0,0,14,7,/HCDARG+URWPalladioL-Roma,9.96,187.65,140.01,534.71,149.97,140.01,691.92,187.65,60.57,"In the structure, did is a URL schema identiﬁer to identify a source,example introduces"
5,0,0,0,0,58,7,/HCDARG+URWPalladioL-Roma,9.96,166.39,89.79,609.73,137.41,89.79,704.48,166.39,-14.45,"an identiﬁer for the DID method, and 123456789abcdefghi is the DID’s method-speciﬁc identiﬁer. DIDs can be used as a new type of Public Key Infrastructure (PKI). Conventional PKI is based on a central trusted party to manage identiﬁers, where it can become a central point of failure and compromise the integrity and security of the system. A De-"
5,0,0,0,0,13,7,/RKGOSO+URWPalladioL-Ital,9.96,166.39,77.24,445.35,87.2,77.24,754.69,166.39,149.93,centralized Public Key Infrastructure (DPKI) is an alternative approach to design better PKI
5,0,0,0,0,23,7,/HCDARG+URWPalladioL-Roma,9.96,165.97,52.13,604.75,74.65,52.13,767.24,165.97,-9.47,"systems. DPKI is based on DIDs and allows each entity to act as its own root authority, without relying on third parties [22]."
5,0,0,0,0,3,11,/HCDARG+URWPalladioL-Roma,7.97,0.0,-7.97,31.88,0.0,-7.97,841.89,0.0,563.4,5 of 18
6,0,0,0,0,5,11,/RKGOSO+URWPalladioL-Ital,7.97,35.47,770.94,124.84,778.91,770.94,62.98,35.47,470.44,"Electronics 2023 , 12, 1283"
6,0,0,0,0,3,7,/RKGOSO+URWPalladioL-Ital,9.96,166.39,727.11,330.78,737.07,727.11,104.82,166.39,264.5,3.2. Decentralized Authentication
6,0,0,0,0,12,7,/HCDARG+URWPalladioL-Roma,9.96,187.65,711.56,626.01,721.53,711.56,120.36,187.65,-30.73,Authentication is the process of verifying credentials to conﬁrm identity before grant-
6,0,0,0,0,19,7,/HCDARG+URWPalladioL-Roma,9.96,166.39,686.46,609.73,708.97,686.46,132.92,166.39,-14.45,"ing entities access to resources. Conventional (centralized or federated) authentication approaches include Single-Factor Authentication (SFA), such as username/password, Two-"
6,0,0,0,0,9,7,/RKGOSO+URWPalladioL-Ital,9.96,166.12,673.9,499.86,683.87,673.9,158.02,166.12,95.41,"Factor Authentication (TFA), such as Google 2-Step Veriﬁcation (https://www.google.com/"
6,0,0,0,0,37,7,/HCDARG+URWPalladioL-Roma,9.96,166.39,623.69,604.75,671.31,623.69,170.58,166.39,-9.47,"landing/2step/ (accessed 13 February 2023)), or Multi-Factor Authentication (MFA), such as Duo Security (https://duo.com/ (accessed 13 February 2023)). However, security challenges in these authentication methods have been proven to allow attackers to steal information from entities [23]."
6,0,0,0,0,10,7,/HCDARG+URWPalladioL-Roma,9.96,187.65,611.14,601.1,621.1,611.14,220.79,187.65,-5.82,A decentralized authentication approach is administered by a blockchain. Key-pairs
6,0,0,0,0,60,7,/HCDARG+URWPalladioL-Roma,9.96,166.39,548.38,634.64,608.55,548.38,233.34,166.39,-39.36,"are generated for an entity and the public keys are registered on a blockchain, which guarantees that the stored information is available to all participating nodes on the network and that the information is protected from modiﬁcations. In these approaches, when an entity needs to access the network, it will be authenticated on the blockchain network through a smart contract."
6,0,0,0,0,3,7,/RKGOSO+URWPalladioL-Ital,9.96,166.39,525.96,325.8,535.92,525.96,305.97,166.39,269.48,3.3. Decentralized Authorization
6,0,0,0,0,15,7,/HCDARG+URWPalladioL-Roma,9.96,187.65,510.42,621.03,520.38,510.42,321.51,187.65,-25.75,"Authorization is part of the process of verifying which entity has access to the data,"
6,0,0,0,0,22,7,/HCDARG+URWPalladioL-Roma,9.96,165.97,485.31,594.37,507.83,485.31,334.06,165.97,0.91,"whether these systems are centralized or distributed, and whether it occurs after authentication is successful. Conventional authorization approaches, such as HTTP Basic"
6,0,0,0,0,12,7,/RKGOSO+URWPalladioL-Ital,9.96,166.03,472.76,584.58,482.72,472.76,359.17,166.03,10.69,"Authentication and API Keys Authentication , are implemented in centralized or federated"
6,0,0,0,0,78,7,/HCDARG+URWPalladioL-Roma,9.96,166.09,397.44,629.65,470.17,397.44,371.72,166.09,-34.38,"parties and rely on a few encryption methods to delegate authorization to access a protected resource [24]. These approaches are based on one or some of the parties and make them the target of the attack. To address this issue and provide customized access control during the authorization process, decentralized authorization approaches have been proposed, allowing the resource owner to decide who can use the resource (access to speciﬁc resources or all), even without trusting third parties [25]."
6,0,0,0,0,4,7,/RKGOSO+URWPalladioL-Ital,9.96,166.39,375.02,335.76,384.99,375.02,456.9,166.39,259.52,3.4. Self-Sovereign Identity (SSI)
6,0,0,0,0,17,7,/HCDARG+URWPalladioL-Roma,9.96,187.65,359.48,575.06,369.44,359.48,472.44,187.65,20.21,"SSI is a new user-centric concept of digital identity, built on claims and proofs , to place"
6,0,0,0,0,149,7,/HCDARG+URWPalladioL-Roma,9.96,166.06,221.4,649.58,356.89,221.4,485.0,166.06,-54.3,"the identity owner at the center of digital identity control without the need for a third party. Figure 3 shows the relationship between the different components of an SSI architecture versus a central/federated architecture. In SSI, the blockchain acts as a replacement for the registration authority in centralized/federated systems, called Registry, and the claim refers to an assertion made by an entity (person or device) that something is true. The claim is based on user-speciﬁc attributes issued by Issuer. The proof is cryptography evidence or an argument and demonstrates that a computational fact is true. In other words, the proof provides evidence for the claims. The true identity claim is held in a user-controlled space, typically occurring in a cryptographic network, which moves assets off the blockchain (off-chain) for privacy. A Veriﬁer can compare the publicly available identiﬁer with the identiﬁer in the claim the user has submitted [26]."
6,0,0,0,0,18,7,/HCDARG+URWPalladioL-Roma,9.96,187.65,208.85,611.06,218.81,208.85,623.08,187.65,-15.79,"From a technical point of view, SSI is based on the use of DIDs. Since DIDs are just"
6,0,0,0,0,75,7,/HCDARG+URWPalladioL-Roma,9.96,166.39,133.53,644.6,206.26,133.53,635.63,166.39,-49.32,"foundation identiﬁers of decentralized identity that act as an initial step in describing their subjects, W3C has published multiple drafts of Veriﬁable Credentials (VCs) to develop a framework for signing and verifying credentials and integration with DIDs. Therefore, VCs are a set of claims that cryptographically prove who issued them and allow the entity to authenticate and/or authorize another entity without the need for a central authority or third parties during the authorization process [27]."
6,0,0,0,0,14,7,/HCDARG+URWPalladioL-Roma,9.96,187.65,120.98,601.1,130.94,120.98,710.95,187.65,-5.82,"Although the term SSI remains poorly deﬁned, this term is explained in [28], where"
6,0,0,0,0,15,7,/HCDARG+URWPalladioL-Roma,9.96,166.39,108.42,564.9,118.39,108.42,723.5,166.39,30.38,SSI is “ an identity management system which allows individuals to fully own and manage
6,0,0,0,0,14,7,/RKGOSO+URWPalladioL-Ital,9.96,166.39,95.87,505.12,105.83,95.87,736.06,166.39,90.15,"their digital identity ”. SSI allows entities to store, manage, and verify their personal"
6,0,0,0,0,33,7,/HCDARG+URWPalladioL-Roma,9.96,165.19,58.21,614.71,93.28,58.21,748.61,165.19,-19.44,"identity using issued certiﬁcates. In this context, digital identity can be extended with security and privacy to IoT devices and not just to people. Hyperledger Indy (https: //www.hyperledger.org/use/hyperledger-indy (accessed 13 February 2023)), Veramo"
6,0,0,0,0,3,11,/HCDARG+URWPalladioL-Roma,7.97,0.0,-7.97,31.88,0.0,-7.97,841.89,0.0,563.4,6 of 18
7,0,0,0,0,5,11,/RKGOSO+URWPalladioL-Ital,7.97,35.47,770.94,124.84,778.91,770.94,62.98,35.47,470.44,"Electronics 2023 , 12, 1283"
7,0,0,0,0,72,7,/HCDARG+URWPalladioL-Roma,9.96,165.9,676.89,804.0,737.07,676.89,104.82,165.9,-208.72,"(https://veramo.io/ (accessed 13 February 2023)), Serto (https://www.serto.id/ (accessed 13 February 2023)), Veres One (https://veres.one/ (accessed 13 February 2023)), and Jolocom (https://jolocom.io/ (accessed 13 February 2023)) are some examples of the SSI platform, where each is characterized by a different cost (free up to a few dollars) and transaction delay (a few seconds up to hours) [27].Verifier Verifier Issuer User  Prove User Issuer  Prove   Prove  Central / Federated Model Self-Sovereign Model  Registry Prove"
7,1,0,0,0,7,9,/OWEWED+URWPalladioL-Bold,8.97,166.39,447.85,466.77,456.81,447.85,385.07,166.39,128.51,Figure 3. Central/Federated architecture versus Self-Sovereign architecture.
7,1,0,0,0,4,7,/OWEWED+URWPalladioL-Bold,9.96,166.39,426.57,340.74,436.53,426.57,405.36,166.39,254.54,4. Decentralized Identity Solutions
7,0,0,0,0,12,7,/HCDARG+URWPalladioL-Roma,9.96,187.65,411.03,616.04,420.99,411.03,420.9,187.65,-20.77,Traditional identity solutions are challenged by the heterogeneity of IoT devices and
7,0,0,0,0,93,7,/HCDARG+URWPalladioL-Roma,9.96,165.97,323.16,624.25,408.44,323.16,433.45,165.97,-28.98,"the need for scalability of identiﬁers. This is especially evident when these technologies must be deployed in unreliable or constrained environments or when they need to interact with other devices in different ecosystems. IoT nodes often have limited hardware resources (memory and storage space, power, transmission capabilities, and processing power) and are not capable of processing digital identities or veriﬁable claims directly using common security protocols such as Transport Layer Security (TLS) [29]. Although efforts have been made to adapt these methods to constrained devices, they still depend on one or a few"
7,0,0,0,0,16,7,/RKGOSO+URWPalladioL-Ital,9.96,166.06,310.6,529.7,320.56,310.6,521.33,166.06,65.58,"Central Authorities (CA), which is considered a failure point [ 30]. Trust in the system is"
7,0,0,0,0,16,7,/HCDARG+URWPalladioL-Roma,9.96,166.09,285.5,574.86,308.01,285.5,533.88,166.09,20.42,undermined when CA operations are attacked by hackers or subject to government or private sector inﬂuence.
7,0,0,0,0,12,7,/HCDARG+URWPalladioL-Roma,9.96,187.65,272.94,611.06,282.91,272.94,558.98,187.65,-15.79,Decentralized identities have been suggested as a possible solution to address these
7,0,0,0,0,64,7,/HCDARG+URWPalladioL-Roma,9.96,165.97,210.18,634.22,270.35,210.18,571.54,165.97,-38.94,"vulnerabilities. A decentralized identity method based on DIDs and VCs provides entities with the ability to generate unique cryptographic keys that can be used to verify information and ensure the security of communications. These approaches can be classiﬁed into two categories: relaxed and  constrained , reﬂecting the limitations of the solution’s operational requirements. The ﬁrst category represents the approaches and models applied in IoT"
7,0,0,0,0,14,7,/HCDARG+URWPalladioL-Roma,9.96,40.11,197.63,604.75,207.59,197.63,634.3,40.11,-9.47,"scenarios where computational and connectivity resources are generally available, while Central / Federated Model"
7,0,0,0,0,10,7,/HCDARG+URWPalladioL-Roma,9.96,166.39,185.07,579.84,195.03,185.07,646.86,166.39,15.43,the second category documents solutions targeting limited devices and environments.
7,0,0,0,0,4,8,/AAAAAA+ArialMT,9.0,166.39,162.66,350.7,175.0,162.66,666.89,166.39,244.57,Issuer4.1. Relaxed Operational Requirements
7,0,0,0,0,11,7,/HCDARG+URWPalladioL-Roma,9.96,187.65,147.11,626.01,157.08,147.11,684.81,187.65,-30.73,"Devices in this category are less computationally constrained, have Internet connectiv-"
7,0,0,0,0,15,7,/HCDARG+URWPalladioL-Roma,9.96,166.39,134.56,629.65,144.52,134.56,697.37,166.39,-34.38,"ity, are not limited by battery power, and are capable of supporting stacks of communication"
7,0,0,0,0,38,7,/HCDARG+URWPalladioL-Roma,9.96,166.09,96.9,629.36,131.97,96.9,709.92,166.09,-34.08,"protocols. These IoT devices are mainly controlled by traditional access control scheme models, such as Capability-Based Access Control (CBAC),  Attribute-Based Access Control (ABAC), and Role-Based Access Control (RBAC) [31]. In these models, access rights can be granted to"
7,0,0,0,0,29,7,/HCDARG+URWPalladioL-Roma,9.96,166.39,59.24,614.71,94.31,59.24,747.58,166.39,-19.44,"entities under speciﬁc conditions. However, these models are only capable of providing basic access control characteristics, and a CA is usually required to validate the access rights of entities."
7,0,0,0,0,7,8,/AAAAAA+ArialMT,9.0,0.0,-9.0,84.0,0.0,-9.0,841.89,0.0,511.28,7 of 18 Verifier  Prove  Self-Sovereign Model
8,0,0,0,0,5,11,/RKGOSO+URWPalladioL-Ital,7.97,35.47,770.94,124.84,778.91,770.94,62.98,35.47,470.44,"Electronics 2023 , 12, 1283"
8,0,0,0,0,12,7,/HCDARG+URWPalladioL-Roma,9.96,187.65,727.11,591.14,737.07,727.11,104.82,187.65,4.14,For the purpose of providing a distributed and reliable access control mechanism
8,0,0,0,0,25,7,/HCDARG+URWPalladioL-Roma,9.96,166.39,702.0,599.77,724.51,702.0,117.38,166.39,-4.49,"for large-scale connected IoT devices (Microgrid), Zhang et al. [ 11] proposed a smart contract-based access control framework consisting of multiple contracts, named Fast and"
8,0,0,0,0,12,7,/RKGOSO+URWPalladioL-Ital,9.96,166.0,689.45,469.86,699.41,689.45,142.48,166.0,125.41,Dynamic Access Control (FDAC). The framework replaces the CA in traditional schema
8,0,0,0,0,184,7,/HCDARG+URWPalladioL-Roma,9.96,165.97,513.7,629.65,686.86,513.7,155.03,165.97,-34.38,"models with a private Ethereum. Within the FDAC, smart contracts provide access control methods for subject–object pairs, which can validate static access rights based on predeﬁned access control policies, as well as dynamic access rights by assessing the behavior of the subject. Here, the subject is an entity that has access to resources, while the object is an entity that holds resources. Due to the case study, which envisages access control between multiple Ethereum nodes, the evaluation shows that the framework requires an amount of “gas“ for deploying the smart contracts and storage policies between peers. This amount is equivalent to 9,500,000 in the ideal implementation of the framework, excluding the storage cost. More precisely, the concept of gas refers to the cost required by miners to execute a transaction or contract by solving complex mathematical problems, including it in a block, and adding blocks to the Ethereum. According to the amount of gas reported for FDAC, storing all policies between pairs in Ethereum and running SCs would incur signiﬁcant costs. FDAC will become more expensive as the number of nodes and transactions increases."
8,0,0,0,0,12,7,/HCDARG+URWPalladioL-Roma,9.96,187.65,501.15,576.19,511.11,501.15,330.78,187.65,19.08,To maximize the security of decentralized IdM and minimize data disclosure by
8,0,0,0,0,51,7,/HCDARG+URWPalladioL-Roma,9.96,166.39,450.94,634.64,498.56,450.94,343.33,166.39,-39.36,"third parties, Kassem et al. [ 12] introduced an Ethereum-based IdM framework similar to domain name systems, named DNS-IdM . Within DNS-IdM, entities can create claims and veriﬁcation based on real-world identity attributes, while each attribute is validated by a specialized contract. According to the DNS-IdM architecture (Figure 4), a Permissioned"
8,0,0,0,0,14,7,/RKGOSO+URWPalladioL-Ital,9.96,166.12,438.39,609.45,448.35,438.39,393.54,166.12,-14.17,Ledger is required to register accounts and maintain the identity information of the entities.
8,0,0,0,0,145,7,/HCDARG+URWPalladioL-Roma,9.96,166.06,300.3,624.67,435.8,300.3,406.09,166.06,-29.4,"This ledger is on a private Ethereum network and a Permissionless Ledger is required to store attribute-speciﬁc veriﬁcation contracts. In addition, an Inter Planetary File System (IPFS) is connected to a permissioned ledger to store and share data in a distributed ﬁle system, and an Identity Validation Provider is required for validation schemes that are speciﬁcally related to a particular type of attribute. To prevent phishing, it usesProxy Server to contact the identity validation provider to handle queries and set permissions to access the network. These permissions are restricted to the client’s address. In the identity data ledger for third-party applications, an Access Layer on the service provider side provides conditional access. According to the evaluations performed on DNS-IdM, the framework requires approximately 170,000 gas only to run SCs (no information is provided regarding the amount of gas required for data storage or data recovery)."
8,0,0,0,0,13,7,/HCDARG+URWPalladioL-Roma,9.96,187.65,287.75,601.1,297.71,287.75,544.18,187.65,-5.82,"In addition to the solutions described above, other similar methods have been pro-"
8,0,0,0,0,87,7,/HCDARG+URWPalladioL-Roma,9.96,166.09,199.88,614.71,285.16,199.88,556.73,166.09,-19.44,"posed with the aim of introducing decentralized IdM solutions [ 32–34]. While these solutions offer several advantages, including decentralization and data privacy, they assume that each entity has access to computational resources, is always connected to the Internet, and has direct access to distributed systems. However, some IoT devices, such as drones, robots, and low-cost computing devices, have limited processing capabilities, limited bandwidth, and limited power, and may not be connected to the Internet at all times. Consequently, these solutions are not applicable in constrained IoT environments."
8,0,0,0,0,3,11,/HCDARG+URWPalladioL-Roma,7.97,0.0,-7.97,31.88,0.0,-7.97,841.89,0.0,563.4,8 of 18
9,0,0,0,0,46,11,/HCDARG+URWPalladioL-Roma,7.97,35.47,770.94,1819.52,778.91,770.94,62.98,35.47,-1224.24,"Electronics 2023 , 12, 1283 Proxy Proxy Identity Validation Provider Calls Validation Process Client App Read/Write Permissioned Ledger Stamp Claim IPFS Transaction ID  Identity Validators and Public Keys ID  Permission-less Ledger TransactionTransaction ID ID  Distributed Database Refers Access Calls Trusted third party App Verify Stamp Read/Write"
9,1,0,0,0,7,9,/OWEWED+URWPalladioL-Bold,8.97,166.39,520.93,354.69,529.9,520.93,311.99,166.39,240.59,Figure 4. DNS-IdM architecture (adapted from [12]).
9,0,0,0,0,4,7,/RKGOSO+URWPalladioL-Ital,9.96,166.39,500.55,370.63,510.51,500.55,331.38,166.39,224.65,4.2. Constrained Operational Requirements
9,0,0,0,0,15,7,/HCDARG+URWPalladioL-Roma,9.96,187.65,485.01,591.14,494.97,485.01,346.92,187.65,4.14,For the purpose of providing a method that can be used within an constrained IoT
9,0,0,0,0,9,7,/HCDARG+URWPalladioL-Roma,9.96,166.39,472.45,544.97,482.42,472.45,359.47,166.39,50.3,"environment, Authentication and Authorization for Constrained Environment (ACE) Working"
9,0,0,0,0,9,7,/RKGOSO+URWPalladioL-Ital,9.96,166.03,459.9,574.5,469.86,459.9,372.03,166.03,20.77,Group (https://tools.ietf.org/wg/ace/ (accessed 13 February 2023)) developed a speciﬁc
9,0,0,0,0,13,7,/HCDARG+URWPalladioL-Roma,9.96,166.39,447.35,498.84,457.31,447.35,384.58,166.39,96.43,"framework called ACE-OAuth . This framework is based on OAuth 2.0, Constrained Ap-"
9,0,0,0,0,26,7,/RKGOSO+URWPalladioL-Ital,9.96,166.39,422.24,549.95,444.76,422.24,397.13,166.39,45.32,"plication Protocol (CoAP), Concise Binary Object Representation (CBOR), and  Object Signing and Encryption (COSE) [35]. To be precise, CoAP is a lightweight web transfer protocol for"
9,0,0,0,0,12,7,/HCDARG+URWPalladioL-Roma,9.96,166.39,409.69,495.16,419.65,409.69,422.24,166.39,100.12,"constrained networks and nodes (e.g., IoT devices), which uses the Representational State"
9,0,0,0,0,14,7,/RKGOSO+URWPalladioL-Ital,9.96,165.79,397.14,454.7,407.1,397.14,434.79,165.79,140.57,Transfer (REST) architectural style and is typically run on top of User Datagram Protocol
9,0,0,0,0,44,7,/HCDARG+URWPalladioL-Roma,9.96,166.06,346.92,634.64,394.55,346.92,447.34,166.06,-39.36,"(UDP) [36]. CBOR is a binary data serialization format based on JavaScript Object Notation (JSON) that enables fast data transfer in a simple and concise manner [37]. COSE provides object-level layer security on the ACE-OAuth to securely transfer claims (e.g., authorization details) between entities."
9,0,0,0,0,11,7,/HCDARG+URWPalladioL-Roma,9.96,187.65,334.37,591.14,344.33,334.37,497.56,187.65,4.14,ACE-OAuth introduces several ﬂows to support the grant of approval authorization
9,0,0,0,0,92,7,/HCDARG+URWPalladioL-Roma,9.96,166.06,259.05,610.61,331.78,259.05,510.11,166.06,-15.34,"to Clients. A client can be any type of entity (application/device/third party) that needs access to protected resources that are hosted by Resource Servers (RS). ACE-OAuth ﬂows are shown in Figure 5. In steps (1) and (2), the client interacts with an Authorization Server (AS) that grants an Access Token to access protected resources in step (3). An access token indicates the permission of a particular application to access speciﬁc parts of the user data (scope). In steps (4) and (5), which are optional and can be omitted, an RS may be"
9,0,0,0,0,17,7,/HCDARG+URWPalladioL-Roma,9.96,166.39,246.5,639.62,256.46,246.5,585.43,166.39,-44.34,conﬁgured to verify the access token by including it in a request at the AS. The authorization
9,1,0,0,0,33,7,/Helvetica-Bold,9.96,25.38,221.0,634.64,243.91,221.0,597.98,25.38,-39.36,"server’s response contains some parameters, such as scope, validity, etc. If all the previous ProviderKeys steps occur and the RS authorizes the client’s request, it fulﬁlls the request and returns an Validationand Public"
9,1,0,0,0,16,7,/Helvetica-Bold,9.96,31.22,208.84,520.07,222.0,208.84,619.89,31.22,75.21,ValidatorsIdentityappropriate response in step (6) [35].Client Authorization  Server  Resource  Server   3   4   5   6   1   2
9,0,0,0,1,2,8,/Helvetica,9.0,173.5,187.0,247.0,196.0,187.0,645.89,173.5,348.28,ID  ID
9,1,0,0,0,3,5,/AAAAAA+Arial-BoldMT,13.0,-30.52,161.0,278.77,174.0,161.0,667.89,-30.52,316.51,6 Validation Process
9,1,0,0,1,1,6,/Helvetica-Bold,10.0,225.88,132.0,245.88,142.0,132.0,699.89,225.88,349.4,IPFS
9,1,0,0,0,4,5,/Helvetica-Bold,13.0,31.31,100.0,377.77,116.0,100.0,725.89,31.31,217.51,Proxy Proxy  5  2
9,1,0,0,0,3,10,/Helvetica-Bold,8.0,155.55,89.0,486.31,101.0,89.0,740.89,155.55,108.96,Transaction TransactionServer ServerRead/Write
9,1,0,0,0,7,9,/OWEWED+URWPalladioL-Bold,8.97,46.33,81.0,314.34,95.14,81.0,746.75,46.33,280.94,Figure 5. Basic protocol ﬂow of ACE-OAuth.Client
9,0,0,0,0,14,5,/AAAAAA+Arial-BoldMT,13.0,156.27,61.0,601.1,76.0,61.0,765.89,156.27,-5.82,4  1 ID ID Although ACE-OAuth appears to perform identiﬁcation operations in restricted envi-
9,0,0,0,0,14,7,/HCDARG+URWPalladioL-Roma,9.96,166.39,51.15,614.71,61.11,51.15,780.78,166.39,-19.44,"ronments and has become widely popular, it still faces security and privacy concerns [38]."
9,1,0,0,0,3,8,/Helvetica-Bold,9.0,259.27,1.0,382.75,16.0,1.0,825.89,259.27,212.53,Trusted third  3
9,1,0,0,0,5,11,/HCDARG+URWPalladioL-Roma,7.97,0.0,-12.0,84.0,0.0,-12.0,841.89,0.0,511.28,9 of 18 Access Authorization
10,0,0,0,0,5,11,/RKGOSO+URWPalladioL-Ital,7.97,35.47,770.94,124.84,778.91,770.94,62.98,35.47,470.44,"Electronics 2023 , 12, 1283"
10,0,0,0,0,163,7,/HCDARG+URWPalladioL-Roma,9.96,165.97,576.47,639.62,737.07,576.47,104.82,165.97,-44.34,"According to the implementation, ACE-OAuth is dependent on central or federal service providers for identity management, access permissions, and data storage, which means that some third parties have control over all user data that can leak or change at will, being vulnerable to hacks. To overcome these concerns, the OAuth Working Group has introduced a user-centered decentralized service architecture, named Decentralized OAuth . This service works as an alternative decentralized service architecture based on User Managed Access (UMA2.0). UMA 2.0 is a standard federated authorization protocol over OAuth 2.0, which allows users to control their online data from a single hub, regardless of where they are located on the Web [39]. This new service “proposes the use of a peer-to-peer (P2P) service architecture to provide service decentralization and data portability, using digital smart contracts as a legal mechanism to bind services” [ 40]. However, decentralized OAuth remains a proposal and no implementation or evaluation of its performance has been provided in real-world scenarios."
10,0,0,0,0,11,7,/HCDARG+URWPalladioL-Roma,9.96,187.65,563.92,616.04,573.88,563.92,268.01,187.65,-20.77,"As discussed above, DIDs provide decentralized and veriﬁable digital identities. How-"
10,0,0,0,0,268,7,/HCDARG+URWPalladioL-Roma,9.96,165.97,325.41,634.64,561.33,325.41,280.56,165.97,-39.36,"ever, the results show that DID alone may not be sufﬁcient to protect the privacy of entities in some situations [41]. Furthermore, the direct use of DIDs in constrained IoT devices has been shown to be problematic due to the overhead and resource management associated with it [42]. To ensure that DIDs and VCs are available to systems with constrained IoT devices, Lagutin et al. [13] proposed an OAuth-based user authentication method based on Hyperledger Indy. This method moves the processing and management of the DID and VC access policy to the authorization server. Therefore, systems with limited IoT devices can beneﬁt from DIDs and VCs. Hyperledger Indy, which is a decentralized ledger-based identity system, has been used to create, manage, and use digital identities. According to the provided example, where an entity (lecturer) attempts to access a constrained device (printer) via a service (printing service), the entity sends an “authorization request for the constrained device (printer)” using OAuth to authorization server, including some proofs (DID is used to issue a veriﬁable credential). The authorization server veriﬁes the proofs of the users and returns a Proof-of-Possession (PoP) access token, which allows users to communicate with the printer. This approach allows the constrained device (printer) to use DIDs and VCs even if it does not comprehend them, and the user has to disclose only the minimum amount of information (PoP access token) while being ensured that it is connected to a trusted device (based on proofs provided by the authorization server). At the time of writing this article, the cost of the proposed method has not yet been published."
10,0,0,0,0,13,7,/HCDARG+URWPalladioL-Roma,9.96,187.65,312.86,576.19,322.82,312.86,519.07,187.65,19.08,A common security drawback in the ACE-OAuth framework is the inability to se-
10,0,0,0,0,178,7,/HCDARG+URWPalladioL-Roma,9.96,166.0,149.67,659.54,310.27,149.67,531.62,166.0,-64.27,"curely communicate and protect data over unencrypted networks and unauthenticated channels [43]. As part of the ACE framework, clients are required to establish an encrypted and authenticated channel with a trusted authorization server to securely exchange owner permissions and access tokens. Furthermore, rogue authorization servers are capable of freely issuing access tokens for any protected resource. As a solution to this problem, Alphand et al. developed a secure End-2-End (E2E) scheme on top of ACE-OAuth and the blockchain to provide secure authorization access to resources in restricted environments, named IoTChain [14]. The scheme replaces the single trusted authorization server in ACEOAuth with a blockchain. IoTChain automatically generates access tokens for the client based on the access rights described in the SC by the resource owner if certain conditions are met. The internal storage of a SC is used to securely store the access token, rather than transmitting it to the client, as is done with ACE. It is possible for other entities to check the validity of tokens by querying the SC. Furthermore, IoTChain utilizes the Object Security"
10,0,0,0,0,14,7,/RKGOSO+URWPalladioL-Ital,9.96,166.03,137.12,415.1,147.08,137.12,694.81,166.03,180.18,Architecture for the Internet of Things (OSCAR) modal [44] with a self-healing group key
10,0,0,0,0,50,7,/HCDARG+URWPalladioL-Roma,9.96,166.39,86.9,624.67,134.53,86.9,707.36,166.39,-29.4,distribution scheme to facilitate efﬁcient multi-casting of IoT resources. The distribution of self-healing group key is a method for creating secure multi-cast communication keys for large dynamic groups of users over unreliable networks [45]. The cost of the proposed method has not yet been published at the time of writing.
10,0,0,0,0,10,7,/HCDARG+URWPalladioL-Roma,9.96,187.65,74.35,601.1,84.31,74.35,757.58,187.65,-5.82,Smart contracts improve blockchain technology by encapsulating policies and logic.
10,0,0,0,0,14,7,/HCDARG+URWPalladioL-Roma,9.96,166.39,61.8,604.75,71.76,61.8,770.13,166.39,-9.47,"However, the transaction cost to execute smart contracts on a public blockchain is high."
10,0,0,0,0,3,11,/HCDARG+URWPalladioL-Roma,7.97,0.0,-7.97,35.87,0.0,-7.97,841.89,0.0,559.41,10 of 18
11,0,0,0,0,5,11,/RKGOSO+URWPalladioL-Ital,7.97,35.47,770.94,124.84,778.91,770.94,62.98,35.47,470.44,"Electronics 2023 , 12, 1283"
11,0,0,0,0,224,7,/HCDARG+URWPalladioL-Roma,9.96,165.97,513.7,634.64,737.07,513.7,104.82,165.97,-39.36,"Multiple blockchains can be interconnected through interledger mechanisms, allowing smart contracts to be implemented on private or permissioned blockchains with a lower execution cost. With the use of interledger mechanisms, Siris et al. [15] proposed decentralized authorization models for constrained IoT devices based on the OAuth 2.0 framework that uses two blockchains and a multiple authorization server. According to the model, clients request access to resources through a smart contract placed on an authorization blockchain , while payments are made through a payment blockchain . Within their framework, more than one authorization server is responsible for providing authorization for the resource access request. Multi-authorization server architectures are designed to provide a higher level of resilience to node failures than a single-authorization server architecture. A key point to note is that the authorization functionality cannot be moved into the blockchain due to the fact that it involves processing secret data, such as keys used to generate token signatures and keys shared with IoT devices. The authors evaluated the proposed model using public blockchains (Rinkeby (https://www.rinkeby.io/#stats (accessed 13 February 2023)) and Ropsten (https://github.com/ethereum/ropsten) (accessed 13 February 2023)) as the payment chain and a private Ethereum network as the authorization chain to determine the cost and delay involved. Results indicate that running their framework requires 447,940 gas, while running smart contracts and mining blocks requires 44.7 s."
11,0,0,0,0,12,7,/HCDARG+URWPalladioL-Roma,9.96,187.65,475.75,616.04,485.71,475.75,356.18,187.65,-20.77,Table 1 provides a comparison between several characteristics of the presented decen-
11,0,0,0,0,15,7,/HCDARG+URWPalladioL-Roma,9.96,166.39,446.27,587.9,473.16,446.27,368.73,166.39,7.37,"tralized identiﬁcation approaches, namely: : The use of blockchain technology has become increasingly  Blockchain Technology"
11,0,0,0,0,47,7,/HCDARG+URWPalladioL-Roma,9.96,187.6,396.06,615.99,443.68,396.06,398.21,187.6,-20.72,"widespread in recent years. Due to the explosive popularity of blockchain technology, various blockchain platforms have emerged, each with its own advantages and disadvantages. Since the methods presented are based on Ethereum or  Hyperledger Indy, they will be discussed from a variety of perspectives in the following."
11,1,0,0,0,13,7,/ZFYIZV+URWPalladioL-BoldItal,9.96,186.53,380.51,614.34,390.48,380.51,451.41,186.53,-19.06,Throughput : Each blockchain has the capacity to process a number of transactions
11,0,0,0,0,74,7,/HCDARG+URWPalladioL-Roma,9.96,208.29,292.64,622.04,377.92,292.64,463.97,208.29,-26.76,"per unit of time (second), named Throughput or  Transactions Per Second (TPS). This character becomes increasingly critical where the ledger is required to support an increasing number of transactions per second. Therefore, decentralized identiﬁcation approaches cannot be implemented in large-scale IoT networks, such as smart cities, if transactions take a considerable amount of time. According to reports, Hyperledger’s throughput is approximately 3500 TPS [46], while Ethereum is able to deliver around 14 TPS [47]."
11,1,0,0,0,15,7,/ZFYIZV+URWPalladioL-BoldItal,9.96,186.53,280.09,612.64,290.05,280.09,551.84,186.53,-17.36,Latency : It is the time that has elapsed between the submission of a transaction
11,0,0,0,0,54,7,/HCDARG+URWPalladioL-Roma,9.96,208.59,229.88,627.02,277.5,229.88,564.39,208.59,-31.75,"and its conﬁrmation by a blockchain network. When a device needs to transmit a large number of transactions in a short period of time, long delays can be problematic. This causes the device to run slower, affecting its performance. The latency of Ethereum has been shown to be higher than that of Hyperledger [48]."
11,1,0,0,0,14,7,/ZFYIZV+URWPalladioL-BoldItal,9.96,186.53,217.33,613.02,227.29,217.33,614.6,186.53,-17.74,Cost : Running a smart contract on Ethereum is costly. Approaches related to this
11,0,0,0,0,40,7,/HCDARG+URWPalladioL-Roma,9.96,208.59,167.11,622.04,214.74,167.11,627.15,208.59,-26.76,"blockchain technology require a fee to execute smart contracts. A cost analysis of Ethereum is presented in [49], which concludes that “data storage in Ethereum is expensive”. Regarding Hyperledger Indy, it does not have the capability to support smart contracts."
11,1,0,0,0,13,7,/OWEWED+URWPalladioL-Bold,9.96,166.39,151.57,602.27,161.53,151.57,680.36,166.39,-7.0,Scalability Evaluation : Scalability is one of the major problems faced by blockchain
11,0,0,0,0,100,7,/HCDARG+URWPalladioL-Roma,9.96,188.02,51.15,636.34,148.98,51.15,692.91,188.02,-41.06,"technologies and refers to the size of a blockchain network and the number of entities it can support. In IoT applications, a large number of entities need to communicate through the network to identify, authorize, authenticate, share data, or possibly execute smart contracts. Evaluations have indicated that common blockchain technologies are generally not suitable solutions for managing identity and access in large-scale networks that include limited devices due to their consensus mechanisms, which need to be modiﬁed [50]. Hence, decentralized identiﬁcation approaches must present an efﬁcient solution to handle the massive amounts of data collected by a large network of"
11,0,0,0,0,3,11,/HCDARG+URWPalladioL-Roma,7.97,0.0,-7.97,35.87,0.0,-7.97,841.89,0.0,559.41,11 of 18
12,0,0,0,0,5,11,/RKGOSO+URWPalladioL-Ital,7.97,35.47,770.94,124.84,778.91,770.94,62.98,35.47,470.44,"Electronics 2023 , 12, 1283"
12,0,0,0,0,226,7,/HCDARG+URWPalladioL-Roma,9.96,187.6,501.15,631.36,737.07,501.15,104.82,187.6,-36.08,"entities. A number of approaches can be employed to achieve scalability in blockchain networks, including sharding, horizontal, and vertical scaling [51]. During sharding, the data are partitioned and distributed among the nodes in order to allow parallel processing. On horizontal scaling, more nodes are added to the network in order to increase network capacity. Vertical scaling refers to adding more processing power and memory to a single node so that its performance can be enhanced. The achievement of scalability in a blockchain network requires maintaining a delicate balance between keeping sufﬁcient computational resources available and minimizing costs associated with transaction processing. However, only Kassem et al. [12] evaluated the scalability of their solution. They examined the scalability of their system by the amount of energy consumption, and their results showed a linear relationship between cost and system operations, where the cost remains constant as the frequency of operations increases. Regarding the scalability evaluation of the presented blockchain networks, Ethereum has faced scalability issues due to its consensus algorithm (low TPS, high latency, and high cost). In contrast, Hyperledger uses a modular architecture, which permits different consensus algorithms and components to be integrated according to speciﬁc use cases. Furthermore, compared to public blockchain networks such as Ethereum, Hyperledger provides support for private and permissioned blockchain networks, which offer greater control over the network and superior performance [52]."
12,0,0,0,0,13,7,/HCDARG+URWPalladioL-Roma,9.96,166.39,488.6,611.85,498.56,488.6,343.33,166.39,-16.58,: It is stated that the decentralization of the identiﬁcation pro-  Security Evaluation
12,0,0,0,0,210,7,/HCDARG+URWPalladioL-Roma,9.96,187.72,262.65,626.38,486.01,262.65,355.88,187.72,-31.1,"cess can increase the level of privacy and security, allowing selective disclosure of information and protection against data manipulation [53]. Securing a network with billions of devices, where many of them have limited resources and cannot perform heavy calculations is a challenge considering that current state-of-the-art security protocols are based on a high degree of complexity [54,55]. In this regard, a practical decentralized approach needs immunity from all viable attacks and, at the same time, does not depend on heavy computing. Despite the importance of security aspects, such as privacy and anonymity, only Kassem et al. [12] and Zhang et al. [11] considered this issue in their solution and claimed to be able to avoid conventional security threats. These approaches enable authentication protection to resist different attacks and provide ownership protection by using some digital signature algorithm and keeping identities and their information in a secure and authorized ledger. Regarding the security evaluations of Ethereum and Hyperledger, these blockchain platforms employ different security methodologies. Overall, both platforms are robustly secured and have been thoroughly evaluated. As Hyperledger uses permissioned blockchain frameworks and focuses on enterprise security, it prioritizes enterprise security, while Ethereum provides excellent security guarantees, but it is vulnerable to attacks as it is a public blockchain platform [56]."
12,1,0,0,0,16,7,/OWEWED+URWPalladioL-Bold,9.96,166.39,250.09,606.72,260.06,250.09,581.84,166.39,-11.44,Trust Evaluation : It has always been a main topic of interest in the research commu-
12,0,0,0,0,177,7,/HCDARG+URWPalladioL-Roma,9.96,187.6,61.8,641.32,247.5,61.8,594.39,187.6,-46.04,"nity on how to promote and manage trust in distributed systems. The term trust refers to the ability of an entity to engage in an interactive relationship based on certain expectations and taking risks [57]. There is the possibility that interactions and collaborations may be unreliable due to the use of malicious behavior by some entities. Blockchain technology presents a potential alternative to transferring trust between entities to a protocol [ 58]. However, there are many malicious activities, such as phishing attacks, smart contract attacks, and consensus mechanism attacks, that target trust on blockchain technologies [59,60]. Furthermore, given the diversity and scale of the IoT system, trustworthiness is an important concern that must be addressed both in the design stage and during the implementation phase [61]. Therefore, to achieve a decentralized trusted identiﬁcation framework, IoT must be seamlessly integrated with blockchain technology. Trust evaluation was not explicitly referenced in any of the articles reviewed. Regarding the trust evaluations of Ethereum and Hyperledger, although both platforms are designed to address different use cases and have different technical archi-"
12,0,0,0,0,3,11,/HCDARG+URWPalladioL-Roma,7.97,0.0,-7.97,35.87,0.0,-7.97,841.89,0.0,559.41,12 of 18
13,0,0,0,0,5,11,/RKGOSO+URWPalladioL-Ital,7.97,35.47,770.94,124.84,778.91,770.94,62.98,35.47,470.44,"Electronics 2023 , 12, 1283"
13,0,0,0,0,89,7,/HCDARG+URWPalladioL-Roma,9.96,188.02,651.79,646.3,737.07,651.79,104.82,188.02,-51.02,"tectures, trust is a common element for both. The trustworthiness of Ethereum is spread among a large network of validators or miners who collaborate to maintain the credibility of the platform. However, the trustworthiness of Hyperledger is based on the credibility of its network participants who must verify their identity before being granted access to the network. Thus, the level of trust of Hyperledger is more centralized than that of Ethereum, as it relies on a smaller group of reliable participants to ensure the integrity of the blockchain [62]."
13,1,0,0,0,12,7,/OWEWED+URWPalladioL-Bold,9.96,166.39,639.23,576.87,649.2,639.23,192.69,166.39,18.41,Ofﬂine IoTs : It should be noted that blockchain-based DID-IdM methods require
13,0,0,0,0,174,7,/HCDARG+URWPalladioL-Roma,9.96,187.6,463.49,626.38,636.64,463.49,205.25,187.6,-31.1,"online ledger operations, making them incompatible with ofﬂine IoT environments. DIDs are designed to provide proof of identity and full control over the identity in a secure and user-friendly manner between entities, regardless of whether the network is online or ofﬂine. The idea of placing SSI-based DID ofﬂine has recently been researched, but the methods are still in their infancy. For example, Alexander et al. [63] developed an ofﬂine mobile access control system based on SSI, DIDs, and VCs that uses Bluetooth Low Energy (BLE) to transfer data without depending on a certain transport-speciﬁc protocol. However, these ofﬂine methods raise concerns that must be addressed, including ensuring that the device is connected to the correct DID device when initializing the connection and designing a feasible data ﬂow between entities for practical applications. Finally, none of the reviewed approaches provide a solution to the problem of serving a large number of devices in ofﬂine mode. In other words, all approaches assume that the device is connected to the Internet, even if that connection is limited."
13,1,0,0,0,7,9,/OWEWED+URWPalladioL-Bold,8.97,166.1,437.37,408.19,446.33,437.37,395.56,166.1,187.09,Table 1. Comparison of decentralized identiﬁcation frameworks.
13,1,0,0,0,20,11,/OWEWED+URWPalladioL-Bold,7.97,124.52,416.34,499.11,424.31,416.34,417.58,124.52,96.17,Zhang et al. [11] Kassem et al. [12] Lagutin et al. [13] Alphand et al. [14] Siris et al. [15]
13,0,0,0,0,4,11,/HCDARG+URWPalladioL-Roma,7.97,41.69,395.32,514.34,403.29,395.32,438.6,41.69,80.93,Hyperledger  Ethereum  Ethereum Blockchain
13,0,0,0,0,4,11,/HCDARG+URWPalladioL-Roma,7.97,41.69,385.86,534.27,393.83,385.86,448.06,41.69,61.01,Indy  (permissioned)  (permissioned)Technology Ethereum
13,0,0,0,0,7,11,/HCDARG+URWPalladioL-Roma,7.97,41.69,357.24,89.51,374.68,357.24,467.21,41.69,505.76,Scalability Evaluation     
13,0,0,0,0,7,11,/HCDARG+URWPalladioL-Roma,7.97,124.52,332.82,272.78,350.25,332.82,491.64,124.52,322.49,Resists Against : Protection of: - Collusion
13,0,0,0,0,11,11,/HCDARG+URWPalladioL-Roma,7.97,124.52,322.85,452.93,331.57,322.85,510.32,124.52,142.35,- Authentication - Replay Attack  Not provided Not provided Not provided
13,0,0,0,0,8,11,/HCDARG+URWPalladioL-Roma,7.97,124.52,304.42,260.83,322.11,304.42,519.78,124.52,334.45,- Ownership - Modiﬁcation Attack - Masquerade Attack
13,0,0,0,0,14,11,/HCDARG+URWPalladioL-Roma,7.97,41.69,275.49,105.45,297.93,275.49,543.96,41.69,489.82,Trust Evaluation      Ofﬂine IoTs     
13,0,0,0,0,6,11,/HCDARG+URWPalladioL-Roma,7.97,213.01,259.83,373.23,267.8,259.83,574.09,213.01,222.05,- Limited Devices  - Limited Devices
13,0,0,0,0,6,11,/HCDARG+URWPalladioL-Roma,7.97,389.99,254.48,550.21,262.45,254.48,579.44,389.99,45.07,- Limited Devices  - Limited Devices
13,0,0,0,0,10,11,/HCDARG+URWPalladioL-Roma,7.97,41.69,249.07,369.24,258.34,249.07,583.55,41.69,226.03,- Privacy protection  - Dynamic Access Advantage - Dynamic Access
13,0,0,0,0,10,11,/HCDARG+URWPalladioL-Roma,7.97,124.52,245.01,542.24,252.98,245.01,588.91,124.52,53.04,- Low time delay  - Privacy protection  - Data Reduction
13,0,0,0,0,6,11,/HCDARG+URWPalladioL-Roma,7.97,213.01,240.9,385.18,248.87,240.9,593.02,213.01,210.09,- Real-world identity - Privacy protection
13,0,0,0,0,4,11,/HCDARG+URWPalladioL-Roma,7.97,124.52,225.24,248.87,233.21,225.24,608.68,124.52,346.4,- Costly  - Costly
13,0,0,0,0,8,11,/HCDARG+URWPalladioL-Roma,7.97,301.5,219.89,514.34,227.86,219.89,614.03,301.5,80.93,- Lack of scalability - Costly  - Costly
13,0,0,0,0,11,11,/HCDARG+URWPalladioL-Roma,7.97,41.69,214.48,300.68,223.75,214.48,618.14,41.69,294.6,- Lack of support for - Lack of support for Disadvantage
13,0,0,0,0,10,11,/HCDARG+URWPalladioL-Roma,7.97,301.5,210.42,526.3,218.39,210.42,623.5,301.5,68.98,- No evaluation report - High delay  - High delay
13,0,0,0,0,4,11,/HCDARG+URWPalladioL-Roma,7.97,124.52,206.31,276.77,214.28,206.31,627.61,124.52,318.51,limited devices  limited devices
13,0,0,0,0,14,7,/HCDARG+URWPalladioL-Roma,9.96,187.65,169.98,581.18,179.94,169.98,661.95,187.65,14.1,The adoption of any new technology is always subject to a period of maturation
13,0,0,0,0,36,7,/HCDARG+URWPalladioL-Roma,9.96,166.09,132.32,634.33,167.39,132.32,674.5,166.09,-39.05,"and technological conﬁrmation during which a number of requirements must be met. The adoption and use of decentralized identiﬁcation in the context of IoT, in addition to its beneﬁts, raises several concerns, which are listed below."
13,1,0,0,0,10,7,/OWEWED+URWPalladioL-Bold,9.96,166.39,114.79,599.8,124.75,114.79,717.14,166.39,-4.52,"Technical : Currently, the most signiﬁcant technical challenge facing decentralized"
13,0,0,0,0,63,7,/HCDARG+URWPalladioL-Roma,9.96,188.02,52.02,636.34,112.2,52.02,729.69,188.02,-41.06,"identiﬁcation approaches is their infancy and inability to be widely adopted. Despite the continued efforts to add new features and resolve existing issues, none of the identiﬁed frameworks has a substantial adoption base, making it difﬁcult to predict the impact on the scalability of billions of heterogeneous devices spread across multiple environments. In addition, there is no speciﬁc standard for writing smart contracts,"
13,0,0,0,0,3,11,/HCDARG+URWPalladioL-Roma,7.97,0.0,-7.97,35.87,0.0,-7.97,841.89,0.0,559.41,13 of 18
14,0,0,0,0,5,11,/RKGOSO+URWPalladioL-Ital,7.97,35.47,770.94,124.84,778.91,770.94,62.98,35.47,470.44,"Electronics 2023 , 12, 1283"
14,0,0,0,0,41,7,/HCDARG+URWPalladioL-Roma,9.96,187.71,689.45,611.43,737.07,689.45,104.82,187.71,-16.16,"raising some concerns about data security. Smart contracts are immutable and heavily depend on developers, who can make mistakes and expose smart contracts to bugs. This makes any mistake costly for entities and allows saboteurs to steal and misuse digital assets."
14,1,0,0,0,11,7,/OWEWED+URWPalladioL-Bold,9.96,166.39,676.89,588.96,686.86,676.89,155.03,166.39,6.31,"Best Practices and Standardization : Currently, a comprehensive and sustainable de-"
14,0,0,0,0,84,7,/HCDARG+URWPalladioL-Roma,9.96,188.02,589.02,646.3,674.3,589.02,167.59,188.02,-51.02,"centralized identiﬁcation approach is not available for use in borderless environments for different types of entity. This implies that, without the reliance on a central authority, the entity always has access to the identiﬁcation method, regardless of geography, the laws, and the type of connection. In general, efforts should be directed at consolidating the existing speciﬁcations and establishing best practices that will not only meet these speciﬁcations, but also reﬂect on the supporting frameworks to ensure that the GDPR requirements are met in full."
14,1,0,0,0,10,7,/OWEWED+URWPalladioL-Bold,9.96,166.39,576.47,600.05,586.43,576.47,255.46,166.39,-4.78,"Central Authoritarians : As stated above, decentralized identiﬁcation eliminates the"
14,0,0,0,0,109,7,/HCDARG+URWPalladioL-Roma,9.96,187.65,445.96,626.38,573.88,445.96,268.01,187.65,-31.1,"power of central authoritarians. However, governments and large corporations will be the main obstacle to these changes. Large companies and governments can try to enforce strict regulations on decentralized mechanisms, such as decentralized identiﬁcation, which means that they can demand access to protected data. Furthermore, since they have ﬁnancial resources, they may decide to introduce their own technology, which competes with other decentralized mechanisms that still give them an element of control. It can be concluded that decentralized identiﬁcation, although well designed and implemented, will not be very effective without the support of governments and large corporations. In general, IoT devices can be authenticated and identiﬁed securely and reliably"
14,0,0,0,0,12,7,/HCDARG+URWPalladioL-Roma,9.96,166.39,420.85,589.8,443.37,420.85,398.52,166.39,5.47,through blockchain-based decentralized identiﬁcation while preserving the privacy of entities and data.
14,1,0,0,0,5,7,/OWEWED+URWPalladioL-Bold,9.96,166.39,398.44,315.83,408.4,398.44,433.49,166.39,279.44,6. Conclusions and Future Work
14,0,0,0,0,13,7,/HCDARG+URWPalladioL-Roma,9.96,187.65,382.9,621.03,392.86,382.9,449.03,187.65,-25.75,"Identity is an essential aspect associated with entities such as human users, devices,"
14,0,0,0,0,134,7,/HCDARG+URWPalladioL-Roma,9.96,165.9,244.81,634.64,380.31,244.81,461.58,165.9,-39.36,"and services. It should be available anytime, anywhere, and managed by the identity owner. Therefore, various identity management systems have been developed. However, these systems are highly dependent on central authorities, leading to many shortcomings, including identity theft, fraud, lack of control, and loss of data. With the intention of addressing these problems and providing persistent, immutable, veriﬁable, self-owned, and independent identities, the decentralized identiﬁcation approach has been proposed. Within this approach, entities can create and manage their own digital identities through the use of distributed ledger technology, such as a blockchain. This approach allows entities to remain more anonymous, where they can select which information to share with others and can revoke access at any time. Thus, identity theft can be prevented and the risks associated with centralized data storage can be reduced."
14,0,0,0,0,11,7,/HCDARG+URWPalladioL-Roma,9.96,187.65,232.26,596.12,242.22,232.26,599.67,187.65,-0.84,Although decentralized identiﬁcation offers a number of potential beneﬁts for the
14,0,0,0,0,30,7,/HCDARG+URWPalladioL-Roma,9.96,166.39,191.61,634.64,229.67,191.61,612.22,166.39,-39.36,"Internet of Things, it still faces several signiﬁcant challenges and limitations that require further work and development, including: • The interoperability of various systems and platforms is essential. Currently, there"
14,0,0,0,0,35,7,/HCDARG+URWPalladioL-Roma,9.96,188.02,153.95,611.43,189.02,153.95,652.87,188.02,-16.16,"is no interoperability between the existing solutions. Efforts should be made in the future work to achieve interoperability among various systems, so that entities can utilize their digital identities across a wide range of platforms."
14,0,0,0,0,12,7,/HCDARG+URWPalladioL-Roma,9.96,166.39,141.4,589.8,151.36,141.4,690.53,166.39,5.47,• Although decentralized systems can generally be considered more secure than tradi-
14,0,0,0,0,23,7,/HCDARG+URWPalladioL-Roma,9.96,188.02,116.29,621.39,138.81,116.29,703.08,188.02,-26.12,"tional systems, the development of new cryptographic techniques or the integration of biometric authentication techniques into decentralized systems is left to future work."
14,0,0,0,0,17,7,/HCDARG+URWPalladioL-Roma,9.96,166.39,103.74,609.73,113.7,103.74,728.19,166.39,-14.45,• The adoption of the new approach will be one of the biggest challenges to its success.
14,0,0,0,0,43,7,/HCDARG+URWPalladioL-Roma,9.96,187.71,53.53,626.38,101.15,53.53,740.74,187.71,-31.1,"The effectiveness of decentralized identiﬁcation depends on its wide adoption and integration into a wide range of services and platforms. Efforts can be directed toward promoting the beneﬁts of decentralized identiﬁcation and making adoption easier for government, individuals, and organizations in the future."
14,0,0,0,0,3,11,/HCDARG+URWPalladioL-Roma,7.97,0.0,-7.97,35.87,0.0,-7.97,841.89,0.0,559.41,14 of 18
15,0,0,0,0,5,11,/RKGOSO+URWPalladioL-Ital,7.97,35.47,770.94,124.84,778.91,770.94,62.98,35.47,470.44,"Electronics 2023 , 12, 1283"
15,0,0,0,0,12,7,/HCDARG+URWPalladioL-Roma,9.96,187.65,727.11,626.01,737.07,727.11,104.82,187.65,-30.73,"Finally, this article examines the literature, models, and approaches and discusses the"
15,0,0,0,0,23,7,/HCDARG+URWPalladioL-Roma,9.96,166.39,702.0,614.71,724.51,702.0,117.38,166.39,-19.44,"challenges faced by blockchain-based decentralized identities in the IoT domain. Based on operational requirements, the approaches presented are classiﬁed into two categories: Re-"
15,0,0,0,0,13,7,/RKGOSO+URWPalladioL-Ital,9.96,166.39,689.45,600.53,699.41,689.45,142.48,166.39,-5.25,laxed and Constrained . The most promising approaches in different categories are compared
15,0,0,0,0,6,7,/HCDARG+URWPalladioL-Roma,9.96,166.39,676.89,365.65,686.86,676.89,155.03,166.39,229.63,on the basis of several characteristics.
15,1,0,0,0,13,9,/OWEWED+URWPalladioL-Bold,8.97,166.04,654.22,497.8,663.18,654.22,178.71,166.04,97.48,Author Contributions: All authors conceived of the presented idea. S.M.H. wrote the manuscript
15,0,0,0,0,30,9,/HCDARG+URWPalladioL-Roma,8.97,166.02,630.79,623.3,651.47,630.79,190.42,166.02,-28.03,with support from J.F. and P .C.B. All authors discussed the results and commented on the manuscript. All authors have read and agreed to the published version of the manuscript.
15,1,0,0,0,13,9,/OWEWED+URWPalladioL-Bold,8.97,166.39,613.09,538.5,622.06,613.09,219.83,166.39,56.78,"Funding: This work is supported by the European Regional Development Fund (FEDER), through"
15,0,0,0,0,29,9,/HCDARG+URWPalladioL-Roma,8.97,166.39,577.94,578.85,610.34,577.94,231.55,166.39,16.43,the Regional Operational Programme of Lisbon (POR LISBOA 2020) and the Regional Operational Programme of Centre (CENTRO 2020) of the Portugal 2020 framework [Project COMSOLVE with Nr. 047019 (CENTRO-01-0247-FEDER-047019)]
15,1,0,0,0,15,9,/OWEWED+URWPalladioL-Bold,8.97,166.39,560.25,475.73,569.22,560.25,272.67,166.39,119.54,Data Availability Statement: The data used in this research article was obtained from the Scopus
15,0,0,0,0,48,9,/HCDARG+URWPalladioL-Roma,8.97,166.39,513.39,605.75,557.5,513.39,284.39,166.39,-10.47,"database. The Scopus database can be accessed through a subscription. The raw data used in this study is not publicly available due to restrictions from the Scopus database licensing agreement. However, the search query and methodology used to collect the data is available upon request from the authors."
15,1,0,0,0,16,9,/OWEWED+URWPalladioL-Bold,8.97,166.39,495.69,502.63,504.66,495.69,337.23,166.39,92.64,Conﬂicts of Interest: The authors declare that the research was conducted in the absence of any
15,0,0,0,0,14,9,/HCDARG+URWPalladioL-Roma,8.97,166.39,483.98,596.78,492.94,483.98,348.95,166.39,-1.51,commercial or ﬁnancial relationships that could be construed as a potential conﬂict of interest.
15,0,0,0,0,79,9,/HCDARG+URWPalladioL-Roma,8.97,165.8,212.96,421.34,453.73,212.96,388.16,165.8,173.93,The following abbreviations are used in this manuscript: ACE Authentication and Authorization for Constrained AS Authorization Server BLE Bluetooth Low Energy CA Central Authorities CBOR Concise Binary Object Representation CoAP Constrained Application Protocol COSE Object Signing and Encryption DID Decentralized Identiﬁer FIM Federated Identity Management IdM Identity Management IdP Identity Provider IIoT Industrial Internet of Things IoT Internet of Things OAuth Open Authorization RS Resource Servers SC Smart Contracts SSI Self-Sovereign Identity UDP User Datagram Protocol VC Veriﬁable Credential
15,0,0,0,0,35,9,/HCDARG+URWPalladioL-Roma,8.97,35.72,163.17,627.5,183.64,163.17,658.25,35.72,-32.22,"1. Cisco. Cisco Annual Internet Report (2018–2023) White Paper ; Cisco: San Jose, CA, USA, 2020. 2. Anitha, A.; Haritha, T. The Integration of Blockchain With IoT in Smart Appliances: A Systematic Review. Blockchain Technologies"
15,0,0,0,0,19,9,/HCDARG+URWPalladioL-Roma,8.97,57.23,140.16,604.18,160.63,140.16,681.26,57.23,-8.91,for Sustainable Development in Smart Cities. IGI Global. 2022. pp. 223–246. Available online: https://www.igi-global.com/ chapter/the-integration-of-blockchain-with-iot-in-smart-appliances/297436 (accessed 13 February 2023).
15,0,0,0,0,37,9,/HCDARG+URWPalladioL-Roma,8.97,35.72,117.14,618.53,137.62,117.14,704.27,35.72,-23.26,"3. Grassi, P .; Garcia, M.; Fenton, J. Digital identity guidelines. NIST Spec. Publ. 2017 , 800, 63–3. 4. Weerapanpisit, P .; Trilles, S.; Huerta, J.; Painho, M. A Decentralized Location-Based Reputation Management System in the IoT"
15,0,0,0,0,11,9,/HCDARG+URWPalladioL-Roma,8.97,57.23,105.63,364.41,114.6,105.63,727.29,57.23,230.87,"Using Blockchain. IEEE Internet Things J. 2022 , 9, 15100–15115. [CrossRef]"
15,0,0,0,0,16,9,/HCDARG+URWPalladioL-Roma,8.97,35.72,94.13,600.6,103.09,94.13,738.8,35.72,-5.32,"5. Michailidis, E.T.; Vouyioukas, D. A Review on Software-Based and Hardware-Based Authentication Mechanisms for the Internet"
15,0,0,0,0,8,9,/HCDARG+URWPalladioL-Roma,8.97,57.23,82.62,233.49,91.59,82.62,750.3,57.23,361.78,"of Drones. Drones 2022 , 6, 41. [CrossRef]"
15,0,0,0,0,19,9,/HCDARG+URWPalladioL-Roma,8.97,35.72,71.11,456.48,80.08,71.11,761.81,35.72,138.79,"6. Xu, M.; Chen, X.; Kou, G. A systematic review of blockchain. Financ. Innov. 2019 , 5, 27. [CrossRef]"
15,0,0,0,0,3,11,/HCDARG+URWPalladioL-Roma,7.97,0.0,-7.97,35.87,0.0,-7.97,841.89,0.0,559.41,15 of 18
16,0,0,0,0,5,11,/RKGOSO+URWPalladioL-Ital,7.97,35.47,770.94,124.84,778.91,770.94,62.98,35.47,470.44,"Electronics 2023 , 12, 1283"
16,0,0,0,0,19,9,/HCDARG+URWPalladioL-Roma,8.97,35.72,728.1,609.57,737.07,728.1,104.82,35.72,-14.29,"7. Gilani, K.; Bertin, E.; Hatin, J.; Crespi, N. A survey on blockchain-based identity management and decentralized privacy for"
16,0,0,0,0,27,9,/HCDARG+URWPalladioL-Roma,8.97,56.96,705.09,608.4,725.56,705.09,116.33,56.96,-13.12,"personal data. In Proceedings of the 2020 2nd Conference on Blockchain Research & Applications for Innovative Networks and Services (BRAINS), Paris, France, 28–30 September 2020; pp. 97–101."
16,0,0,0,0,17,9,/HCDARG+URWPalladioL-Roma,8.97,35.72,693.58,605.08,702.55,693.58,139.34,35.72,-9.81,"8. Alanzi, H.; Alkhatib, M. Towards Improving Privacy and Security of Identity Management Systems Using Blockchain Technology:"
16,0,0,0,0,10,9,/HCDARG+URWPalladioL-Roma,8.97,56.88,682.07,306.03,691.04,682.07,150.85,56.88,289.25,"A Systematic Review. Appl. Sci. 2022 , 12, 12415. [CrossRef]"
16,0,0,0,0,18,9,/HCDARG+URWPalladioL-Roma,8.97,35.72,670.57,475.07,679.53,670.57,162.36,35.72,120.21,"9. Alharbi, M.; Hussain, F.K. Blockchain-based identity management for personal data: A survey. In Advances on Broad-Band Wireless"
16,0,0,0,0,12,9,/RKGOSO+URWPalladioL-Ital,8.97,56.94,659.06,506.88,668.03,659.06,173.86,56.94,88.4,"Computing, Communication and Applications. BWCCA 2021; Springer: Cham, Switzerland, 2022; pp. 167–178."
16,0,0,0,0,20,9,/HCDARG+URWPalladioL-Roma,8.97,35.72,647.55,605.08,656.52,647.55,185.37,35.72,-9.81,"10. Liu, Y.; He, D.; Obaidat, M.S.; Kumar, N.; Khan, M.K.; Choo, K.K.R. Blockchain-based identity management systems: A review. J."
16,0,0,0,0,8,9,/RKGOSO+URWPalladioL-Ital,8.97,57.23,636.05,269.06,645.01,636.05,196.88,57.23,326.21,"Netw. Comput. Appl. 2020 , 166, 102731. [CrossRef]"
16,0,0,0,0,20,9,/HCDARG+URWPalladioL-Roma,8.97,35.72,624.54,555.77,633.51,624.54,208.38,35.72,39.51,"11. Zhang, K.; Yu, J.; Lin, C.; Ning, J. Blockchain-based access control for dynamic device management in microgrid. Peer-Netw. Appl."
16,0,0,0,0,4,9,/HCDARG+URWPalladioL-Roma,8.97,57.23,613.03,196.21,622.0,613.03,219.89,57.23,399.07,"2022, 15, 1653–1668. [CrossRef]"
16,0,0,0,0,19,9,/HCDARG+URWPalladioL-Roma,8.97,35.72,601.53,614.05,610.49,601.53,231.4,35.72,-18.77,"12. Alsayed Kassem, J.; Sayeed, S.; Marco-Gisbert, H.; Pervez, Z.; Dahal, K. DNS-IdM: A Blockchain Identity Management System to"
16,0,0,0,0,14,9,/HCDARG+URWPalladioL-Roma,8.97,57.23,590.02,385.67,598.99,590.02,242.9,57.23,209.61,"Secure Personal Data Sharing in a Network. Appl. Sci. 2019 , 9, 2953. [CrossRef]"
16,0,0,0,0,18,9,/HCDARG+URWPalladioL-Roma,8.97,35.72,578.51,640.95,587.48,578.51,254.41,35.72,-45.67,"13. Lagutin, D.; Kortesniemi, Y.; Fotiou, N.; Siris, V .A. Enabling Decentralised Identiﬁers and Veriﬁable Credentials for Constrained"
16,0,0,0,0,31,9,/HCDARG+URWPalladioL-Roma,8.97,57.23,555.5,599.7,575.97,555.5,265.92,57.23,-4.42,"Internet-of-Things Devices using OAuth-based Delegation. In Proceedings of the Workshop on Decentralized IoT Systems and Security (DISS 2019), in Conjunction with the NDSS Symposium, San Diego, CA, USA, 24 February 2019."
16,0,0,0,0,21,9,/HCDARG+URWPalladioL-Roma,8.97,35.72,543.99,658.88,552.96,543.99,288.93,35.72,-63.6,"14. Alphand, O.; Amoretti, M.; Claeys, T.; Dall’Asta, S.; Duda, A.; Ferrari, G.; Rousseau, F.; Tourancheau, B.; Veltri, L.; Zanichelli, F."
16,0,0,0,0,28,9,/HCDARG+URWPalladioL-Roma,8.97,57.23,520.98,613.15,541.45,520.98,300.44,57.23,-17.87,"IoTChain: A blockchain security architecture for the Internet of Things. In Proceedings of the IEEE Wireless Communications and Networking Conference (WCNC), Barcelona, Spain, 15–18 April 2018; pp. 1–6."
16,0,0,0,0,19,9,/HCDARG+URWPalladioL-Roma,8.97,35.72,509.47,654.4,518.44,509.47,323.45,35.72,-59.12,"15. Siris, V .A.; Dimopoulos, D.; Fotiou, N.; Voulgaris, S.; Polyzos, G.C. Interledger smart contracts for decentralized authorization to"
16,0,0,0,0,24,9,/HCDARG+URWPalladioL-Roma,8.97,56.94,486.46,563.83,506.93,486.46,334.96,56.94,31.44,"constrained things. In Proceedings of the IEEE INFOCOM 2019-IEEE Conference on Computer Communications Workshops (INFOCOM WKSHPS), Paris, Francem, 29 April–2 May 2019; pp. 336–341."
16,0,0,0,0,18,9,/HCDARG+URWPalladioL-Roma,8.97,35.72,474.95,631.98,483.92,474.95,357.97,35.72,-36.71,"16. Agi, M.A.; Jha, A.K. Blockchain technology in the supply chain: An integrated theoretical perspective of organizational adoption."
16,0,0,0,0,9,9,/RKGOSO+URWPalladioL-Ital,8.97,57.23,463.44,256.1,472.41,463.44,369.48,57.23,339.18,"Int. J. Prod. Econ. 2022 , 247, 108458. [CrossRef]"
16,0,0,0,0,21,9,/HCDARG+URWPalladioL-Roma,8.97,35.72,451.94,654.4,460.9,451.94,380.99,35.72,-59.12,"17. Ali, M.S.; Vecchio, M.; Pincheira, M.; Dolui, K.; Antonelli, F.; Rehmani, M.H. Applications of blockchains in the Internet of Things:"
16,0,0,0,0,12,9,/HCDARG+URWPalladioL-Roma,8.97,56.88,440.43,407.11,449.4,440.43,392.49,56.88,188.17,"A comprehensive survey. IEEE Commun. Surv. Tutor. 2018 , 21, 1676–1717. [CrossRef]"
16,0,0,0,0,21,9,/HCDARG+URWPalladioL-Roma,8.97,35.72,428.92,645.43,437.89,428.92,404.0,35.72,-50.16,"18. Alkhateeb, A.; Catal, C.; Kar, G.; Mishra, A. Hybrid blockchain platforms for the internet of things (IoT): A systematic literature"
16,0,0,0,0,7,9,/HCDARG+URWPalladioL-Roma,8.97,57.23,417.42,236.24,426.38,417.42,415.51,57.23,359.03,"review. Sensors 2022 , 22, 1304. [CrossRef]"
16,0,0,0,0,35,9,/HCDARG+URWPalladioL-Roma,8.97,35.72,394.4,627.5,414.88,394.4,427.01,35.72,-32.22,"19. Capocasale, V .; Perboli, G. Standardizing smart contracts. IEEE Access 2022 , 10, 91203–91212. [CrossRef] 20. Sporny, M.; Longley, D.; Sabadello, M.; Reed, D.; Steele, O.; Allen, C. Decentralized Identiﬁers (DIDs) v1.0 Core Architecture,"
16,0,0,0,0,15,9,/HCDARG+URWPalladioL-Roma,8.97,57.23,371.39,599.7,391.86,371.39,450.03,57.23,-4.42,"Data Model, and Representations. W3C Working Draft. 2022. Available online: https://www.w3.org/TR/did-core/ (accessed 13 February 2023)."
16,0,0,0,0,21,9,/HCDARG+URWPalladioL-Roma,8.97,35.72,359.88,623.02,368.85,359.88,473.04,35.72,-27.74,"21. Sporny, M.; Noble, G.; Longley, D.; Burnett, D.C.; Zundel, B.; Hartog, K.D. Veriﬁable Credentials Data Model v1. 1. World Wide"
16,0,0,0,0,10,9,/HCDARG+URWPalladioL-Roma,8.97,56.78,348.37,527.52,357.34,348.37,484.55,56.78,67.76,Web Consortium. 2022 Available online: https://www.w3.org/TR/vc-data-model/ (accessed 13 February 2023).
16,0,0,0,0,16,9,/HCDARG+URWPalladioL-Roma,8.97,35.72,336.87,587.15,345.83,336.87,496.06,35.72,8.13,"22. Shi, J.; Zeng, X.; Han, R. A Blockchain-Based Decentralized Public Key Infrastructure for Information-Centric Networks."
16,0,0,0,0,6,9,/RKGOSO+URWPalladioL-Ital,8.97,57.23,325.36,214.89,334.33,325.36,507.56,57.23,380.39,"Information 2022 , 13, 264. [CrossRef]"
16,0,0,0,0,18,9,/HCDARG+URWPalladioL-Roma,8.97,35.72,313.85,627.5,322.82,313.85,519.07,35.72,-32.22,"23. Zhaofeng, M.; Jialin, M.; Jihui, W.; Zhiguang, S. Blockchain-based decentralized authentication modeling scheme in edge and IoT"
16,0,0,0,0,10,9,/HCDARG+URWPalladioL-Roma,8.97,57.23,302.35,337.19,311.31,302.35,530.58,57.23,258.09,"environment. IEEE Internet Things J. 2020 , 8, 2116–2123. [CrossRef]"
16,0,0,0,0,17,9,/HCDARG+URWPalladioL-Roma,8.97,35.72,290.84,591.63,299.81,290.84,542.08,35.72,3.64,"24. Trnka, M.; Abdelfattah, A.S.; Shrestha, A.; Coffey, M.; Cerny, T. Systematic Review of Authentication and Authorization"
16,0,0,0,0,12,9,/HCDARG+URWPalladioL-Roma,8.97,56.88,279.33,370.96,288.3,279.33,553.59,56.88,224.31,"Advancements for the Internet of Things. Sensors 2022 , 22, 1361. [CrossRef]"
16,0,0,0,0,26,9,/HCDARG+URWPalladioL-Roma,8.97,35.72,267.83,618.53,276.79,267.83,565.1,35.72,-23.26,"25. Chen, F.; Xiao, Z.; Cui, L.; Lin, Q.; Li, J.; Yu, S. Blockchain for Internet of Things applications: A review and open issues. J. Netw."
16,0,0,0,0,7,9,/RKGOSO+URWPalladioL-Ital,8.97,56.94,256.32,244.32,265.29,256.32,576.6,56.94,350.96,"Comput. Appl. 2020 , 172, 102839. [CrossRef]"
16,0,0,0,0,24,9,/HCDARG+URWPalladioL-Roma,8.97,35.72,244.81,627.5,253.78,244.81,588.11,35.72,-32.22,"26. Bai, Y.; Lei, H.; Li, S.; Gao, H.; Li, J.; Li, L. Decentralized and Self-Sovereign Identity in the Era of Blockchain: A Survey."
16,0,0,0,0,18,9,/HCDARG+URWPalladioL-Roma,8.97,56.96,221.8,595.22,242.27,221.8,599.62,56.96,0.06,"In Proceedings of the 2022 IEEE International Conference on Blockchain (Blockchain), Espoo, Finland, 22–25 August 2022; pp. 500–507."
16,0,0,0,0,17,9,/HCDARG+URWPalladioL-Roma,8.97,35.72,210.29,631.98,219.26,210.29,622.63,35.72,-36.71,"27. Bartolomeu, P .C.; Vieira, E.; Hosseini, S.M.; Ferreira, J. Self-Sovereign Identity: Use-cases, Technologies, and Challenges for"
16,0,0,0,0,24,9,/HCDARG+URWPalladioL-Roma,8.97,56.94,187.28,599.7,207.75,187.28,634.14,56.94,-4.42,"Industrial IoT. In Proceedings of the 24th IEEE International Conference on Emerging Technologies and Factory Automation (ETFA), Zaragoza, Spain, 10–13 September 2019; pp. 1173–1180."
16,0,0,0,0,20,9,/HCDARG+URWPalladioL-Roma,8.97,35.72,175.77,569.22,184.74,175.77,657.15,35.72,26.06,"28. Mühle, A.; Grüner, A.; Gayvoronskaya, T.; Meinel, C. A survey on essential components of a self-sovereign identity. Comput. Sci."
16,0,0,0,0,6,9,/RKGOSO+URWPalladioL-Ital,8.97,56.94,164.26,196.46,173.23,164.26,668.66,56.94,398.81,"Rev. 2018 , 30, 80–86. [CrossRef]"
16,0,0,0,0,18,9,/HCDARG+URWPalladioL-Roma,8.97,35.72,152.76,569.22,161.72,152.76,680.17,35.72,26.06,"29. Grande, E.; Beltrán, M. Edge-centric delegation of authorization for constrained devices in the Internet of Things. Comput."
16,0,0,0,0,6,9,/RKGOSO+URWPalladioL-Ital,8.97,56.94,141.25,230.34,150.22,141.25,691.67,56.94,364.94,"Commun. 2020 , 160, 464–474. [CrossRef]"
16,0,0,0,0,20,9,/HCDARG+URWPalladioL-Roma,8.97,35.72,129.74,614.05,138.71,129.74,703.18,35.72,-18.77,"30. Restuccia, G.; Tschofenig, H.; Baccelli, E. Low-power IoT communication security: On the performance of DTLS and TLS 1.3. In"
16,0,0,0,0,23,9,/HCDARG+URWPalladioL-Roma,8.97,57.23,106.73,604.18,127.2,106.73,714.69,57.23,-8.91,"Proceedings of the 9th IFIP International Conference on Performance Evaluation and Modeling in Wireless Networks (PEMWN), Berlin, Germany, 1–3 December 2020; pp. 1–6."
16,0,0,0,0,19,9,/HCDARG+URWPalladioL-Roma,8.97,35.72,95.22,569.22,104.19,95.22,737.7,35.72,26.06,"31. Ameer, S.; Benson, J.; Sandhu, R. An Attribute-Based Approach toward a Secured Smart-Home IoT Access Control and a"
16,0,0,0,0,11,9,/HCDARG+URWPalladioL-Roma,8.97,57.23,83.72,381.22,92.68,83.72,749.21,57.23,214.06,"Comparison with a Role-Based Approach. Information 2022 , 13, 60. [CrossRef]"
16,0,0,0,0,19,9,/HCDARG+URWPalladioL-Roma,8.97,35.72,72.21,618.53,81.17,72.21,760.72,35.72,-23.26,"32. Dehalwar, V .; Kolhe, M.L.; Deoli, S.; Jhariya, M.K. Blockchain-based trust management and authentication of devices in smart"
16,0,0,0,0,9,9,/HCDARG+URWPalladioL-Roma,8.97,57.23,60.7,274.92,69.67,60.7,772.22,57.23,320.36,"grid. Clean. Eng. Technol. 2022 , 8, 100481. [CrossRef]"
16,0,0,0,0,3,11,/HCDARG+URWPalladioL-Roma,7.97,0.0,-7.97,35.87,0.0,-7.97,841.89,0.0,559.41,16 of 18
17,0,0,0,0,5,11,/RKGOSO+URWPalladioL-Ital,7.97,35.47,770.94,124.84,778.91,770.94,62.98,35.47,470.44,"Electronics 2023 , 12, 1283"
17,0,0,0,0,38,9,/HCDARG+URWPalladioL-Roma,8.97,35.72,716.59,575.77,737.07,716.59,104.82,35.72,19.51,"33. Venkatraman, S.; Parvin, S. Developing an IoT Identity Management System Using Blockchain. Systems 2022 , 10, 39. [CrossRef] 34. Geetha, R.; Padmavathy, T.; Umarani Srikanth, G. A Scalable Block Chain Framework for User Identity Management in a"
17,0,0,0,0,10,9,/HCDARG+URWPalladioL-Roma,8.97,57.23,705.09,384.64,714.05,705.09,127.84,57.23,210.64,"Decentralized Network. Wirel. Pers. Commun. 2022 , 123, 3719–3736. [CrossRef]"
17,0,0,0,0,17,9,/HCDARG+URWPalladioL-Roma,8.97,35.72,693.58,623.02,702.55,693.58,139.34,35.72,-27.74,"35. Seitz, L.; Selander, G.; Wahlstroem, E.; Erdtman, S.; Tschofenig, H. Authentication and Authorization for Constrained Environ-"
17,0,0,0,0,22,9,/HCDARG+URWPalladioL-Roma,8.97,57.23,670.57,441.68,691.04,670.57,150.85,57.23,153.6,ments (ACE) using the OAuth 2.0 Framework (ACE-OAuth). Internet Engineering Task Force (IETF) August 2022. Available online: https://www.rfc-editor.org/rfc/rfc9200.pdf (accessed 13 February 2023).
17,0,0,0,0,17,9,/HCDARG+URWPalladioL-Roma,8.97,35.72,659.06,609.57,668.03,659.06,173.86,35.72,-14.29,"36. Amsüss, C.; Mattsson, J.P .; Selander, G. Constrained Application Protocol (CoAP): Echo, Request-Tag, and Token Processing."
17,0,0,0,0,14,9,/HCDARG+URWPalladioL-Roma,8.97,56.78,636.05,622.12,656.52,636.05,185.37,56.78,-26.84,Internet Engineering Task Force (IETF). February 2022. Available online: https://www.rfc-editor.org/rfc/rfc9175.pdf (accessed 13 February 2023).
17,0,0,0,0,18,9,/HCDARG+URWPalladioL-Roma,8.97,35.72,624.54,618.53,633.51,624.54,208.38,35.72,-23.26,"37. Bormann, C.; Hoffman, P . Concise Binary Object Representation (CBOR). Internet Engineering Task Force (IETF). December 2020."
17,0,0,0,0,7,9,/HCDARG+URWPalladioL-Roma,8.97,56.88,613.03,460.37,622.0,613.03,219.89,56.88,134.91,Available online: https://www.rfc-editor.org/rfc/rfc8949.pdf (accessed 13 February 2023).
17,0,0,0,0,19,9,/HCDARG+URWPalladioL-Roma,8.97,35.72,601.53,605.08,610.49,601.53,231.4,35.72,-9.81,"38. Patel, S.; Sahoo, A.; Mohanta, B.K.; Panda, S.S.; Jena, D. DAuth: A decentralized web authentication system using Ethereum"
17,0,0,0,0,25,9,/HCDARG+URWPalladioL-Roma,8.97,57.23,578.51,595.22,598.99,578.51,242.9,57.23,0.06,"based blockchain. In Proceedings of the International Conference on Vision Towards Emerging Trends in Communication and Networking (ViTECoN), Vellore, India, 30–31 March 2019; pp. 1–5."
17,0,0,0,0,19,9,/HCDARG+URWPalladioL-Roma,8.97,35.72,567.0,623.02,575.97,567.0,265.92,35.72,-27.74,"39. Maler, E.; Machulak, M.; Richer, J. User-Managed Access (UMA) 2.0 Grant for OAuth 2.0 Authorization. Kantara Initiative, Draft"
17,0,0,0,0,9,9,/HCDARG+URWPalladioL-Roma,8.97,56.78,543.99,599.7,564.47,543.99,277.42,56.78,-4.42,Recommendation. 2017. Available online: https://docs.kantarainitiative.org/uma/wg/rec-oauth-uma-grant-2.0.html (accessed 13 February 2023).
17,0,0,0,0,15,9,/HCDARG+URWPalladioL-Roma,8.97,35.72,532.48,631.98,541.45,532.48,300.44,35.72,-36.71,"40. Hardjono, T. Decentralized Service Architecture for OAuth2. 0. IETF Draft. 2018. Available online: https://datatracker.ietf.org/"
17,0,0,0,0,5,9,/HCDARG+URWPalladioL-Roma,8.97,57.23,520.98,393.47,529.94,520.98,311.95,57.23,201.8,doc/pdf/draft-hardjono-oauth-decentralized-02 (accessed 13 February 2023).
17,0,0,0,0,16,9,/HCDARG+URWPalladioL-Roma,8.97,35.72,509.47,564.73,518.44,509.47,323.45,35.72,30.54,"41. Biswas, S. Enhancing the Privacy of Decentralized Identiﬁers with Ring Signatures. 2020. Available online: https:"
17,0,0,0,0,5,9,/HCDARG+URWPalladioL-Roma,8.97,56.15,486.46,526.88,506.93,486.46,334.96,56.15,68.39,//aaltodoc.aalto.ﬁ/bitstream/handle/123456789/46100/master_Biswas_Shamim_2020.pdf?sequence=1&isAllowed=y (accessed 13 February 2023).
17,0,0,0,0,21,9,/HCDARG+URWPalladioL-Roma,8.97,35.72,474.95,573.7,483.92,474.95,357.97,35.72,21.58,"42. Kortesniemi, Y.; Lagutin, D.; Elo, T.; Fotiou, N. Improving the privacy of iot with decentralised identiﬁers (dids). J. Comput. Netw."
17,0,0,0,0,6,9,/RKGOSO+URWPalladioL-Ital,8.97,56.94,463.44,234.82,472.41,463.44,369.48,56.94,360.46,"Commun. 2019 , 2019, 8706760. [CrossRef]"
17,0,0,0,0,19,9,/HCDARG+URWPalladioL-Roma,8.97,35.72,451.94,623.02,460.9,451.94,380.99,35.72,-27.74,"43. Claeys, T.; Rousseau, F.; Tourancheau, B. Securing complex IoT platforms with token based access control and authenticated key"
17,0,0,0,0,20,9,/HCDARG+URWPalladioL-Roma,8.97,57.23,428.92,613.15,449.4,428.92,392.49,57.23,-17.87,"establishment. In Proceedings of the International Workshop on Secure Internet of Things (SIoT), Oslo, Norway, 15 September 2017; pp. 1–9."
17,0,0,0,0,21,9,/HCDARG+URWPalladioL-Roma,8.97,35.72,417.42,623.02,426.38,417.42,415.51,35.72,-27.74,"44. Vuˇ cini´ c, M.; Tourancheau, B.; Rousseau, F.; Duda, A.; Damon, L.; Guizzetti, R. OSCAR: Object security architecture for the"
17,0,0,0,0,11,9,/HCDARG+URWPalladioL-Roma,8.97,57.23,405.91,305.43,414.88,405.91,427.01,57.23,289.85,"Internet of Things. Ad Hoc Netw. 2015 , 32, 3–16. [CrossRef]"
17,0,0,0,0,21,9,/HCDARG+URWPalladioL-Roma,8.97,35.72,394.4,562.59,403.37,394.4,438.52,35.72,32.68,"45. Rams, T.; Pacyna, P . A survey of group key distribution schemes with self-healing property.IEEE Commun. Surv. Tutor. 2012 ,"
17,0,0,0,0,3,9,/RKGOSO+URWPalladioL-Ital,8.97,56.78,382.89,164.38,391.86,382.89,450.03,56.78,430.9,"15, 820–842. [CrossRef]"
17,0,0,0,0,22,9,/HCDARG+URWPalladioL-Roma,8.97,35.72,371.39,578.18,380.35,371.39,461.54,35.72,17.09,"46. Gorenﬂo, C.; Lee, S.; Golab, L.; Keshav, S. FastFabric: Scaling hyperledger fabric to 20 000 transactions per second. Int. J. Netw."
17,0,0,0,0,6,9,/RKGOSO+URWPalladioL-Ital,8.97,57.23,359.88,209.19,368.85,359.88,473.04,57.23,386.08,"Manag. 2020 , 30, e2099. [CrossRef]"
17,0,0,0,0,18,9,/HCDARG+URWPalladioL-Roma,8.97,35.72,348.37,566.74,357.34,348.37,484.55,35.72,28.54,"47. Kılıç, B.; Özturan, C.; Sen, A. Parallel analysis of Ethereum blockchain transaction data using cluster computing.Clust. Comput."
17,0,0,0,0,4,9,/HCDARG+URWPalladioL-Roma,8.97,57.23,336.87,196.21,345.83,336.87,496.06,57.23,399.07,"2022, 25, 1885–1898. [CrossRef]"
17,0,0,0,0,22,9,/HCDARG+URWPalladioL-Roma,8.97,35.72,325.36,640.95,334.33,325.36,507.56,35.72,-45.67,"48. Dinh, T.T.A.; Wang, J.; Chen, G.; Liu, R.; Ooi, B.C.; Tan, K.L. Blockbench: A framework for analyzing private blockchains. In Pro-"
17,0,0,0,0,19,9,/HCDARG+URWPalladioL-Roma,8.97,57.23,313.85,604.18,322.82,313.85,519.07,57.23,-8.91,"ceedings of the 2017 ACM International Conference on Management of Data, Chicago, IL, USA, 14–19 May 2017; pp. 1085–1100."
17,0,0,0,0,20,9,/HCDARG+URWPalladioL-Roma,8.97,35.72,302.35,627.5,311.31,302.35,530.58,35.72,-32.22,"49. Kostamis, P .; Sendros, A.; Efraimidis, P . Exploring Ethereum’s Data Stores: A Cost and Performance Comparison. In Proceedings"
17,0,0,0,0,19,9,/HCDARG+URWPalladioL-Roma,8.97,56.96,279.33,622.12,299.81,279.33,542.08,56.96,-26.84,"of the Blockchain Research & Applications for Innovative Networks and Services (BRAINS), Paris, France, 27–30 September 2021; pp. 53–60."
17,0,0,0,0,22,9,/HCDARG+URWPalladioL-Roma,8.97,35.72,267.83,645.43,276.79,267.83,565.1,35.72,-50.16,"50. Puthal, D.; Mohanty, S.P .; Yanambaka, V .P .; Kougianos, E. Poah: A novel consensus algorithm for fast scalable private blockchain"
17,0,0,0,0,8,9,/HCDARG+URWPalladioL-Roma,8.97,57.23,256.32,312.4,265.29,256.32,576.6,57.23,282.87,"for large-scale iot frameworks. arXiv 2020 , arXiv:2001.07297."
17,0,0,0,0,19,9,/HCDARG+URWPalladioL-Roma,8.97,35.72,244.81,596.12,253.78,244.81,588.11,35.72,-0.84,"51. Diaconita, V .; Belciu, A.; Stoica, M.G. Trustful Blockchain-Based Framework for Privacy Enabling Voting in a University.J. Theor."
17,0,0,0,0,9,9,/RKGOSO+URWPalladioL-Ital,8.97,56.91,233.31,298.51,242.27,233.31,599.62,56.91,296.77,"Appl. Electron. Commer. Res. 2023 , 18, 150–169. [CrossRef]"
17,0,0,0,0,18,9,/HCDARG+URWPalladioL-Roma,8.97,35.72,221.8,591.63,230.76,221.8,611.12,35.72,3.64,"52. Malik, H.; Manzoor, A.; Ylianttila, M.; Liyanage, M. Performance analysis of blockchain based smart grids with Ethereum"
17,0,0,0,0,25,9,/HCDARG+URWPalladioL-Roma,8.97,56.95,198.78,572.8,219.26,198.78,622.63,56.95,22.48,"and Hyperledger implementations. In Proceedings of the 2019 IEEE International Conference on Advanced Networks and Telecommunications Systems (ANTS), Goa, India, 16–19 December 2019; pp. 1–5."
17,0,0,0,0,18,9,/HCDARG+URWPalladioL-Roma,8.97,35.72,187.28,596.12,196.24,187.28,645.65,35.72,-0.84,"53. Elisa, N.; Yang, L.; Chao, F.; Cao, Y. A framework of blockchain-based secure and privacy-preserving E-government system."
17,0,0,0,0,6,9,/RKGOSO+URWPalladioL-Ital,8.97,56.81,175.77,217.16,184.74,175.77,657.15,56.81,378.11,"Wireless Netw. 2018 , 1–11. [CrossRef]"
17,0,0,0,0,37,9,/HCDARG+URWPalladioL-Roma,8.97,35.72,152.76,562.59,173.23,152.76,668.66,35.72,32.68,"54. Salimitari, M.; Chatterjee, M. A survey on consensus protocols in blockchain for iot networks. arXiv 2018, arXiv:1809.05613. 55. Bouraga, S. A taxonomy of blockchain consensus protocols: A survey and classiﬁcation framework. Expert Syst. Appl. 2021 ,"
17,0,0,0,0,3,9,/RKGOSO+URWPalladioL-Ital,8.97,56.78,141.25,164.38,150.22,141.25,691.67,56.78,430.9,"168, 114384. [CrossRef]"
17,0,0,0,0,19,9,/HCDARG+URWPalladioL-Roma,8.97,35.72,129.74,609.57,138.71,129.74,703.18,35.72,-14.29,"56. Abhishek, P .; Narayan, D.; Altaf, H.; Somashekar, P . Performance Evaluation of Ethereum and Hyperledger Fabric Blockchain"
17,0,0,0,0,23,9,/HCDARG+URWPalladioL-Roma,8.97,56.94,106.73,608.67,127.2,106.73,714.69,56.94,-13.39,"Platforms. In Proceedings of the 2022 13th International Conference on Computing Communication and Networking Technologies (ICCCNT), Kharagpur, India, 3–5 October 2022; pp. 1–5."
17,0,0,0,0,20,9,/HCDARG+URWPalladioL-Roma,8.97,35.72,95.22,571.16,104.19,95.22,737.7,35.72,24.11,"57. Mayer, R.C.; Davis, J.H.; Schoorman, F.D. An integrative model of organizational trust. Acad. Manag. Rev. 1995 , 20, 709–734."
17,0,0,0,0,3,11,/HCDARG+URWPalladioL-Roma,7.97,0.0,-7.97,35.87,0.0,-7.97,841.89,0.0,559.41,17 of 18
18,0,0,0,0,5,11,/RKGOSO+URWPalladioL-Ital,7.97,35.47,770.94,124.84,778.91,770.94,62.98,35.47,470.44,"Electronics 2023 , 12, 1283"
18,0,0,0,0,20,9,/HCDARG+URWPalladioL-Roma,8.97,35.72,728.1,605.08,737.07,728.1,104.82,35.72,-9.81,"58. Ranathunga, T.; Marﬁevici, R.; McGibney, A.; Rea, S. A DLT-based trust framework for IoT ecosystems. In Proceedings of the"
18,0,0,0,0,20,9,/HCDARG+URWPalladioL-Roma,8.97,57.23,705.09,635.56,725.56,705.09,116.33,57.23,-40.29,"2020 International Conference on Cyber Security and Protection of Digital Services (Cyber Security), Dublin, Ireland, 15–19 June 2020; pp. 1–8."
18,0,0,0,0,21,9,/HCDARG+URWPalladioL-Roma,8.97,35.72,693.58,618.53,702.55,693.58,139.34,35.72,-23.26,"59. Moubarak, J.; Filiol, E.; Chamoun, M. On blockchain security and relevant attacks. In Proceedings of the IEEE Middle East and"
18,0,0,0,0,12,9,/HCDARG+URWPalladioL-Roma,8.97,57.23,682.07,487.62,691.04,682.07,150.85,57.23,107.66,"North Africa Communications Conference (MENACOMM), Jounieh, Lebanon, 18–20 April 2018; pp. 1–6."
18,0,0,0,0,18,9,/HCDARG+URWPalladioL-Roma,8.97,35.72,670.57,627.5,679.53,670.57,162.36,35.72,-32.22,"60. Haugum, T.; Hoff, B.; Alsadi, M.; Li, J. Security and Privacy Challenges in Blockchain Interoperability-A Multivocal Literature"
18,0,0,0,0,21,9,/HCDARG+URWPalladioL-Roma,8.97,57.23,647.55,599.7,668.03,647.55,173.86,57.23,-4.42,"Review. In Proceedings of the International Conference on Evaluation and Assessment in Software Engineering, Gothenburg, Sweden, 13–15 June 2022; pp. 347–356."
18,0,0,0,0,20,9,/HCDARG+URWPalladioL-Roma,8.97,35.72,636.05,560.25,645.01,636.05,196.88,35.72,35.03,"61. Rodrigues, B.; Franco, M.; Killer, C.; Scheid, E.J.; Stiller, B. On Trust, Blockchain, and Reputation Systems. In Handbook on"
18,0,0,0,0,7,9,/RKGOSO+URWPalladioL-Ital,8.97,56.95,624.54,320.29,633.51,624.54,208.38,56.95,274.99,"Blockchain; Springer: Cham, Switzerland, 2022; pp. 299–337."
18,0,0,0,0,20,9,/HCDARG+URWPalladioL-Roma,8.97,35.72,613.03,623.02,622.0,613.03,219.89,35.72,-27.74,"62. Zhong, B.; Wu, H.; Ding, L.; Luo, H.; Luo, Y.; Pan, X. Hyperledger fabric-based consortium blockchain for construction quality"
18,0,0,0,0,10,9,/HCDARG+URWPalladioL-Roma,8.97,57.23,601.53,366.21,610.49,601.53,231.4,57.23,229.06,"information management. Front. Eng. Manag.  2020 , 7, 512–527. [CrossRef]"
18,0,0,0,0,18,9,/HCDARG+URWPalladioL-Roma,8.97,35.72,590.02,605.08,598.99,590.02,242.9,35.72,-9.81,"63. Enge, A.; Satybaldy, A.; Nowostawski, M. An ofﬂine mobile access control system based on self-sovereign identity standards."
18,0,0,0,0,7,9,/RKGOSO+URWPalladioL-Ital,8.97,56.94,578.51,241.33,587.48,578.51,254.41,56.94,353.95,"Comput. Netw. 2022 , 219, 109434. [CrossRef]"
18,1,0,0,0,17,9,/OWEWED+URWPalladioL-Bold,8.97,35.72,554.45,484.04,563.42,554.45,278.47,35.72,111.24,"Disclaimer/Publisher’s Note: The statements, opinions and data contained in all publications are solely those of the individual"
18,0,0,0,0,36,9,/HCDARG+URWPalladioL-Roma,8.97,35.45,531.44,640.95,551.91,531.44,289.98,35.45,-45.67,"author(s) and contributor(s) and not of MDPI and/or the editor(s). MDPI and/or the editor(s) disclaim responsibility for any injury to people or property resulting from any ideas, methods, instructions or products referred to in the content."
18,0,0,0,0,3,11,/HCDARG+URWPalladioL-Roma,7.97,0.0,-7.97,35.87,0.0,-7.97,841.89,0.0,559.41,18 of 18
