page_number,is_bold,is_italic,is_underline,is_all_caps,word_count,norm_font_size,font,font_size,x0,y0,x1,y1,space_above,space_below,space_left,space_right,text
1,0,0,0,0,9,9,/SourceSansPro-Regular,8.0,65.0,1158.0,297.0,1166.0,1158.0,-374.0,65.0,315.0,The user has requested enhancement of the downloaded file.
1,0,0,0,0,14,5,/SourceSansPro-Regular,10.0,65.0,1133.0,431.09,1143.0,1133.0,-351.0,65.0,180.91,All content following this page was uploaded by Badis Hammi on 24 September 2021.
1,0,0,0,1,4,9,/SourceSansPro-Regular,8.0,111.0,518.0,556.0,526.0,518.0,266.0,111.0,56.0,SEE PROFILE SEE PROFILE
1,1,0,0,1,6,7,/SourceSansPro-Semibold,9.0,100.0,493.0,632.02,502.0,493.0,290.0,100.0,-20.02,"57 PUBLICATIONS 1,049CITATIONS 213 PUBLICATIONS 3,445CITATIONS"
1,0,0,0,0,8,5,/SourceSansPro-Regular,10.0,100.0,458.0,701.0,484.0,458.0,308.0,100.0,-89.0,MINES ParisTech Institut Mines-Télécom/Telecom-ParisTech Patrick Bellot Ahmed Serhrouchni
1,0,0,0,1,4,9,/SourceSansPro-Regular,8.0,111.0,423.0,556.0,431.0,423.0,361.0,111.0,56.0,SEE PROFILE SEE PROFILE
1,1,0,0,1,7,7,/SourceSansPro-Semibold,9.0,100.0,398.0,627.41,407.0,398.0,385.0,100.0,-15.41,"10 PUBLICATIONS 901 CITATIONS 37 PUBLICATIONS 1,608CITATIONS"
1,0,0,0,0,15,5,/SourceSansPro-Regular,10.0,100.0,363.0,751.0,389.0,363.0,403.0,100.0,-139.0,IRT System X Institut Polytechnique de Paris | Télécom SudParis Mohamed Tahar Hammi Badis Hammi
1,0,0,0,1,2,9,/SourceSansPro-Regular,8.0,60.0,284.0,480.0,292.0,284.0,500.0,60.0,132.0,CITATIONS READS
1,0,0,0,0,7,5,/SourceSansPro-Regular,10.0,60.0,218.0,254.16,228.0,218.0,564.0,60.0,357.84,Articlein Computers & Security · June 2018
1,0,0,0,0,10,2,/Martel-Regular,20.0,60.0,138.0,820.0,186.0,138.0,606.0,60.0,-208.0,IoT Bubbles of Trust: a decentralized Blockchain-based authentication system for
1,0,0,0,0,11,7,/SourceSansPro-Regular,9.0,60.0,108.0,528.44,117.0,108.0,675.0,60.0,83.56,"See discussions, stats, and author profiles for this publication at: https://www.researchgate.net/publication/326094774"
2,0,0,0,0,6,1,/HPZLCO+NimbusRomNo9L-Regu,23.91,53.09,689.91,662.8,713.82,689.91,78.18,53.09,-50.8,Bubbles of Trust: a decentralized Blockchain-based
2,0,0,0,0,4,1,/HPZLCO+NimbusRomNo9L-Regu,23.91,161.29,662.01,507.99,685.92,662.01,106.08,161.29,104.01,authentication system for IoT
2,0,0,0,0,10,4,/HPZLCO+NimbusRomNo9L-Regu,10.96,85.13,643.58,492.34,658.5,643.58,133.5,85.13,119.66,"and Ahmed SERHROUCHNIMohamed Tahar HAMMI, Badis HAMMI ∗, Patrick BELLOT"
2,0,0,0,0,8,6,/HPZLCO+NimbusRomNo9L-Regu,9.96,241.21,619.77,405.57,642.06,619.77,149.94,241.21,206.43,"LTCI, Telecom Paristech, France Paris Saclay University, France"
2,0,0,0,0,4,6,/HPZLCO+NimbusRomNo9L-Regu,9.96,185.69,607.44,459.66,617.41,607.44,174.59,185.69,152.34,"hammi, bhammi, bellot, serhrouchni@telecom-paristech.fr"
2,0,0,0,0,19,6,/HPZLCO+NimbusRomNo9L-Regu,9.96,58.92,571.13,581.95,582.58,571.13,209.42,58.92,30.05,"Abstract—There is no doubt that Internet of Things (IoT)  potential to considerably reduce CO . Besides, IoT 2 emissions"
2,0,0,0,0,49,8,/FXCZBI+NimbusRomNo9L-Medi,8.97,48.96,543.73,645.72,572.62,543.73,219.38,48.96,-33.72,"occupy a very important role in our daily lives. Indeed, nu- can bring other vital applications in the context of smart cities, merous objects that we use every time, are being equipped  such as: intelligent waste management, buildings’ health, with electronic devices and protocol suites in order to make"
2,0,0,0,0,29,6,/HPZLCO+NimbusRomNo9L-Regu,9.96,48.96,523.8,620.81,546.72,523.8,245.28,48.96,-8.81,"environmental monitoring, intelligent transportation systems, them interconnected and connected to the Internet. In IoT, smart parking, trafﬁc management, smart navigation system things process and exchange data without human intervention."
2,0,0,0,0,43,8,/FXCZBI+NimbusRomNo9L-Medi,8.97,48.96,493.92,610.85,522.81,493.92,269.19,48.96,1.15,"Therefore, because of this full autonomy, these entities need to for urban common transport riders, smart grid, and multiple recognize and authenticate each other as well as to ensure the other applications [2]. integrity of their exchanged data. Otherwise, they will be the"
2,0,0,0,0,10,6,/HPZLCO+NimbusRomNo9L-Regu,9.96,321.94,488.12,620.81,498.08,488.12,293.92,321.94,-8.81,"Besides, IoT allowed the evolution of many other areas such"
2,0,0,0,0,11,8,/FXCZBI+NimbusRomNo9L-Medi,8.97,48.96,483.95,322.43,492.92,483.95,299.08,48.96,289.57,target of malicious users and malicious use. Due to the size
2,0,0,0,0,41,6,/HPZLCO+NimbusRomNo9L-Regu,9.96,48.96,464.03,645.72,486.12,464.03,305.88,48.96,-33.72,"as: (1) factories to what is actually called industry 4.0 [3], (2) and other features of IoT, it is almost impossible to create agriculture to smart agriculture [4] [5], (3) health to smart an efﬁcient centralized authentication system. To remedy this"
2,0,0,0,0,46,8,/FXCZBI+NimbusRomNo9L-Medi,8.97,48.96,434.14,615.83,463.03,434.14,328.97,48.96,-3.83,"limit, in this paper, we propose an original decentralized system health [6] [7] and many other examples. called bubbles of trust , which ensures a robust identiﬁcation  The idea behind IoT and its different applications, is the and authentication of devices. Furthermore, it protects the data"
2,0,0,0,0,11,6,/HPZLCO+NimbusRomNo9L-Regu,9.96,311.97,427.52,610.85,437.49,427.52,354.51,311.97,1.15,"omnipresence of a variety of things, where they are able to"
2,0,0,0,0,10,8,/FXCZBI+NimbusRomNo9L-Medi,8.97,48.96,424.18,340.37,433.14,424.18,358.86,48.96,271.63,"integrity and availability. To achieve such a goal, our approach"
2,0,0,0,0,19,6,/HPZLCO+NimbusRomNo9L-Regu,9.96,48.96,414.21,605.87,425.53,414.21,366.47,48.96,6.13,"interact and cooperate with each other in order to provide relies on the security advantages provided by blockchains, and"
2,0,0,0,0,42,8,/FXCZBI+NimbusRomNo9L-Medi,8.97,48.96,391.66,610.85,413.58,391.66,378.42,48.96,1.15,"a wide range of services. Thus, a huge number of devices serves to create secure virtual zones ( bubbles) where things can identify and trust each other. We also provided a real will be included. Each physical or virtual device should be"
2,0,0,0,0,6,13,/HPZLCO+NimbusRomNo9L-Regu,5.98,109.23,388.14,230.28,397.1,388.14,394.9,109.23,381.72,1 of our mechanism using the
2,0,0,0,0,14,8,/FXCZBI+NimbusRomNo9L-Medi,8.97,48.96,379.7,615.83,393.29,379.7,398.71,48.96,-3.83,implementation  C++  language and reachable and produce content that can be retrieved by users
2,0,0,0,0,9,8,/RIWCDV+NimbusRomNo9L-MediItal,8.97,48.96,374.36,295.54,383.33,374.36,408.67,48.96,316.46,Ethereum blockchain. The obtained results prove its ability to
2,0,0,0,0,10,6,/HPZLCO+NimbusRomNo9L-Regu,9.96,311.97,367.75,630.78,377.71,367.75,414.29,311.97,-18.78,"regardless of their location [8]. However, It is very important"
2,0,0,0,0,10,8,/FXCZBI+NimbusRomNo9L-Medi,8.97,48.96,364.4,349.33,373.37,364.4,418.63,48.96,262.67,"satisfy IoT security requirements, its efﬁciency, and its low cost."
2,0,0,0,0,15,8,/HPZLCO+NimbusRomNo9L-Regu,8.97,58.92,353.88,595.91,365.75,353.88,426.25,58.92,16.09,"that only authenticated and authorized users make use of Index Terms—IoT, Security, Authentication, Blockchain, Smart"
2,0,0,0,0,12,6,/HPZLCO+NimbusRomNo9L-Regu,9.96,48.96,343.84,615.83,353.8,343.84,438.2,48.96,-3.83,"the system. Otherwise, it will be prone to numerous security city, Ethereum"
2,0,0,0,0,9,6,/HPZLCO+NimbusRomNo9L-Regu,9.96,311.97,331.88,620.81,341.84,331.88,450.16,311.97,-8.81,"risks such as information theft, data alteration and identity"
2,0,0,0,0,14,6,/HPZLCO+NimbusRomNo9L-Regu,9.96,77.04,316.72,620.81,329.89,316.72,462.11,77.04,-8.81,"usurpation. Indeed, security issues remain the major obstacle I. I NTRODUCTION AND PROBLEM STATEMENT"
2,0,0,0,0,11,6,/HPZLCO+NimbusRomNo9L-Regu,9.96,311.97,307.97,605.87,317.93,307.97,474.07,311.97,6.13,to the large scale adoption and deployment of IoT since it
2,0,0,0,0,51,6,/HPZLCO+NimbusRomNo9L-Regu,9.96,48.96,274.36,600.89,308.23,274.36,483.77,48.96,11.11,"Currently, over the world, Internet of Things (IoT) is in- is highly vulnerable to attacks for numerous reasons: (1) volved in almost all the ﬁelds of our daily life. According to most of the communications are wireless, which makes the will be a recent Gartner study, 50 billion connected devices 2"
2,0,0,0,0,9,6,/HPZLCO+NimbusRomNo9L-Regu,9.96,311.97,272.11,610.85,282.07,272.11,509.93,311.97,1.15,system more vulnerable to numerous attacks such as identity
2,0,0,0,0,218,6,/HPZLCO+NimbusRomNo9L-Regu,9.96,48.96,115.87,630.78,272.37,115.87,519.63,48.96,-18.78,"deployed by 2020 [1]. Indeed, citizens are gradually equipping spooﬁng, messages eavesdropping, messages tampering and their homes with IoT devices such as smart TVs, Internet other security issues, and (2) multiple types of devices have boxes, heating systems, home’s remote control, lighting sys- limited resources in terms of energy, memory and processing tems and so on. In factories and industrial environments, the capacity, which prevent them from implementing advanced cooperation of robots and other smart tools enhances the ef- security solutions. ﬁciency of automation systems and allows better productions. Many researchers [9] [10] qualify IoT as a system-ofThe IoT involvement did not stopped to these use cases, but, systems, where, multiple use case scenarios require that only is widely adopted in many other areas such as health care, trusted users can use offered services. Thus, conventional military, agriculture and smart cities.  security requirements such as authentication, conﬁdentiality, IoT represents the principal actor to make our cities smarter. and data integrity are critical to each part of these ecosysThis fact was extensively addressed during the last United  tems, including things, networks, and software applications. Nations conference on climate change (Cop21) held in Paris  However, due to limitations and heterogeneity of devices’ in 2016. It was concluded that connected objects have theresources, existing security solutions are not fully adapted to"
2,0,0,0,0,9,6,/HPZLCO+NimbusRomNo9L-Regu,9.96,311.97,103.92,625.79,113.88,103.92,678.12,311.97,-13.79,"such an ecosystem. Besides, often, the combination of multiple"
2,0,0,0,0,10,13,/HPZLCO+NimbusRomNo9L-Regu,5.98,56.93,97.3,339.37,108.09,97.3,683.91,56.93,272.63,"1A video that shows the realized implementation, development and func-"
2,0,0,0,0,8,6,/HPZLCO+NimbusRomNo9L-Regu,9.96,311.97,91.96,600.89,101.92,91.96,690.08,311.97,11.11,"security technologies and solutions is needed, which leads"
2,0,0,0,0,8,10,/HPZLCO+NimbusRomNo9L-Regu,7.97,48.96,79.37,252.2,96.31,79.37,695.69,48.96,359.8,tioning of the approach is available on: https://www.youtube.com/watch?v=XE13QGR1czE&t=169s.
2,0,0,0,0,15,13,/HPZLCO+NimbusRomNo9L-Regu,5.98,56.93,69.51,502.76,80.29,69.51,711.71,56.93,109.24,"2 3In the remaining of this paper, we use indifferently the terms device, thing, http://blogs.gartner.com/smarterwithgartner/"
2,0,0,0,0,13,10,/HPZLCO+NimbusRomNo9L-Regu,7.97,48.96,60.54,642.73,68.51,60.54,723.49,48.96,-30.73,object and smart thing in order to refer to a connected smart thing.cop21-can-the-internet-of-things-improve-organizations-sustainability-performance/.
3,0,0,0,0,237,6,/HPZLCO+NimbusRomNo9L-Regu,9.96,48.96,584.58,640.74,726.04,584.58,65.96,48.96,-28.74,"to extra high costs. Furthermore, efﬁcient security solutions can be of any type such as monetary transactions, health are often centralized e.g. Public Key Infrastructure (PKI), data, system logs, trafﬁc informations, etc. The second is which can cause enormous scalability issues in an environment called the header and contains information about its block e.g. composed of thousands of nodes. Finally, each use case apply timestamp, hash of its transaction, etc. as well as the hash of a different security approach, architecture and deployment, the previous block. Thus, the set of the existing blocks forms which causes multiple difﬁculties in the integration of new ser- a chain of linked and ordered blocks. The longer is the chain, vices and scenarios. Consequently, it is necessary to propose the harder is to falsify it. Indeed, if a malicious user wants to new security solutions for the system-of-systems as a whole. modify or swap a transaction on a block, (1) it must modify The latter must: (1) allow an easy integration of new devices all the following blocks, since they are linked with their hashs. as well as new services; (2) fully adapted to IoT requirements (2) Then, it must change the version of the block chain that and needs; and (3) does not depend on the type of devices, each participating node stores. Figure 1 depicts an example of nor on the use case architecture and design. a simpliﬁed blockchain."
3,0,0,0,0,55,6,/HPZLCO+NimbusRomNo9L-Regu,9.96,48.96,477.29,342.86,559.12,477.29,232.88,48.96,269.14,"We believe, as many researchers [11] [12] [13], that blockchains represent a very promising technology to meet security requirements in IoT context. Beneﬁting from blockchains power and resiliency, in this work, we propose an efﬁcient decentralized authentication mechanism called bubbles of trust . This mechanism was implemented upon the public blockchain Ethereum , and aims"
3,0,0,0,0,7,6,/HPZLCO+NimbusRomNo9L-Regu,9.96,349.42,470.77,558.63,480.74,470.77,311.26,349.42,53.37,Fig. 1: Example of a simpliﬁed blockchain
3,0,0,0,0,253,6,/HPZLCO+NimbusRomNo9L-Regu,9.96,48.96,273.46,630.78,475.29,273.46,316.71,48.96,-18.78,"at the creation of secured virtual zones, where devices can communicate securely. Its evaluation shows clearly its ability There are two types of participating nodes: (1) nodes that in meeting IoT security requirements. In addition, we provide can only read facts (passive mode); and (2) nodes that can an extensive study on the computational and energy impact as read and write facts (active mode), commonly called miners. In well as the ﬁnancial cost of our approach on different types order to add a new transaction to the blockchain, the following of devices that can compose an IoT ecosystem. Finally, These steps are performed: costs are compared with some existing IoT authentication 1) The transaction is grouped with other transactions into schemes. what is called a block; This manuscript is organized as follows: Section II intro2) Miners verify that transactions within the block respect duces the blockchain concept and its most known technologies. deﬁned rules; Section III analyzes security requirements and presents our 3) Miners perform a consensus mechanism to validate the threat model. Section IV describes the existing works that added block; aimed to integrate blockchains to IoT. Section V describes 4) A reward is given to the miner/miners that validate the our blockchain based approach. Then, Section VI discuss and block; analyzes our evaluation campaign. Section VII describes the 5) Veriﬁed transactions are stored in the blockchain. approach’s open issues. Finally, Section VIII concludes the paper and introduces our future works.  In order to prove the honest validation of blocks, it exists"
3,0,0,0,0,10,6,/HPZLCO+NimbusRomNo9L-Regu,9.96,311.97,261.51,595.91,271.47,261.51,520.53,311.97,16.09,numerous mechanisms. The most used ones are the Proof of
3,0,0,0,1,3,6,/HPZLCO+NimbusRomNo9L-Regu,9.96,136.17,254.07,176.02,264.03,254.07,527.97,136.17,435.98,II. B ACKGROUND
3,0,0,0,0,9,6,/HPZLCO+NimbusRomNo9L-Regu,9.96,311.97,249.55,566.02,259.51,249.55,532.49,311.97,45.98,Work (PoW) and the Proof of Stake (PoS) mechanisms.
3,0,0,0,0,300,6,/HPZLCO+NimbusRomNo9L-Regu,9.96,48.96,58.55,625.79,248.11,58.55,543.89,48.96,-13.79,"A blockchain is deﬁned as a distributed database (ledger) Proof of Work: in the PoW, a miner must perform some that maintains a permanent and tamper-proof record of trans- predeﬁned work, which is often a mathematical puzzle or actional data. A blockchain is completely decentralized by challenge which is hard to compute but easy to verify. A PoW relying on a peer-to-peer network. More precisely, each node is requested for each block validation. The difﬁculty of the of the network maintains a copy of the ledger to prevent a mathematical challenge can be adapted according to the time single point of failure. All copies are updated and validated needed to validate a block and to the miners’ computation simultaneously.  power. From the one hand, PoW has the advantage of proCurrent blockchain functioning was created to solve the tecting transactions and blocks from being altered, since the double spending problem in crypto-currency [14]. However, attacker needs to validate all its fake requests and to change presently, numerous works explore blockchain applications in a part of the chain’s blocks, to provide a new PoW for each multiple use cases and use them as a secure way to create and altered block, as well as updating his version of the chain manage a distributed database and maintain records for digital on all the nodes, which requires a huge computation power transactions of all types [15] [16] [17] [18].  and energy. From the other hand, PoW suffers from some shortcomings which can have disastrous consequences. In fact, The blockchain ledger is composed of multiple blocks, PoW requires a big energy waste in the puzzles’ computations. each block is composed of two parts. The ﬁrst represents Moreover, PoW can lead to a potential Tragedy of Commonsthe transactions or facts (that the database must store), which"
4,0,0,0,0,161,6,/HPZLCO+NimbusRomNo9L-Regu,9.96,48.96,620.44,630.78,726.04,620.44,65.96,48.96,-18.78,"[19]. Indeed, over time, mining rewards will decrease, which number of anonymous nodes. Based on the cryptography, each leads to the decrease of miners number, since the only fees actor can securely communicate. Each node is represented by that will be earned will come from transactions, which will a pair of private/public keys. Any actor can read, write, and also diminish over time as users opt to pay lower fees for validate transactions in the blockchain. The blockchain is safe their transactions. The decrease in miner’s number make the and the network consensus is reached, while 51% of the nodes blockchain ecosystem vulnerable to a 51% attack [20]. The are honest. Usually permissionless blockchains are energy and latter occurs when a malicious miner (or a pool of malicious time consuming, because it includes a computation amount to miners) controls 51%, or more, of the computational power strengthen security of the system. of the network. Thus, he can create fraudulent blocks of"
4,0,0,0,0,776,6,/HPZLCO+NimbusRomNo9L-Regu,9.96,48.96,127.36,640.74,618.45,127.36,173.55,48.96,-28.74,"transactions for himself, or another entity, while invalidating Bitcoin is a cryptocurrency and a digital payment system, the transactions of others in the network. Finally, in some based on a public blockchain. Each block of the Bitcoinmechanisms, such as the longest chain mechanism applied in blockchain contains a strong hash of its transactions calledBitcoin, numerous miners which validate blocks and realize the merkle root [22] stored in the header. The latter contains also PoW, will not be rewarded, because they do not have enough the hash of the header of the previous block. power to construct the longest chain, which will cause them Each node participating in the Bitcoin network can be a enormous loss. miner or not and each node stores a copy of the current PoW represents the widely adopted block validation method blockchain. in blockchain systems e.g. Bitcoin, Ethereum, BitShares and In the mining process, transactions are ordered and times- Litecoin. tamped, then saved into blocks. After, a consensus mechanism Proof of Stake: in order to solve the shortcomings of PoW, is executed. Indeed, in order to validate transactions, Bitcointhe PoS was proposed. In PoS, there is no mining, where uses its deﬁned consensus rules. More precisely, transactions power and time are spent in solving mathematical puzzles. have a version number, which informs Bitcoin nodes about The validators are called forgers. A forger can validate blocks the appropriate set of rules that should be used to ensure their according to how many money he owns. Which means that the validation [23]. more coins he owns, the more mining power he has. In a more In order to share the same blockchain and avoid conﬂicts simple way, we can compare PoS to betting games, where between miners, Bitcoin uses the longest chain rule. A conﬂict every forger places a bet on its block. Honest blocks which happens when multiples miners (in competition) generate contain no fraudulent transactions, get appended to the chain blocks in the same time, and each miner considers its block as and their forgers get rewarded. Each forger get the reward the legitimate one that should be added to the blockchain. For according to his bet. For example, if a forger bets 25% of example, if two miners A and B  try to add the block numberthe total bet amount, he obtains 25% of the reward amount. n, A generates the block n  n . Both blocks A and B generatesBFinally, the forger whose block turns out to be dishonest get may contain a different set of transactions, and both contain the penalized and the amount of the bet that he had put get generator address for the block reward. Then, because blocks debited from his balance. Unlike the PoW, generally, in the are not added and shared instantly in the network, each one PoS any forger is rewarded. However, rich forgers, are always assumes that its own block is legitimate. Thus, it add it to the big beneﬁciaries. Furthermore, in PoW, dishonest miners its chain and start building the next one (block n + 1). If Bare forgiven, however in PoS, they are penalized by paying is faster then A and generates the block nB + 1 B before thetheir bet. There are numerous blockchain systems that use the n , then, based on the longest chain rule,  A  must takeA + 1APoS, and many others are moving from PoW to it. Examples B ’s chain (n ) as the valid one and abandon the shorter B + 1Bof blockchains that use the PoS are Peercoin, ShadowCash, chain (n ), which will be called orphaned chain/block.ANxt, BlackCoin and many others. Bitcoin uses the PoW mechanism to make the system resis- There are many other mechanisms to validate blocks like tant against modiﬁcation attacks. Thus, as described above, for Delegated Proof-of-Stake (DPoS), Proof of Hold (PoH), Proof each new block, the miner must provide its PoW which repre- of Use (PoU), Proof of Stake/Time (PoST), Proof of Minimum [21].  sents a data processing challenge, that is difﬁcult (costly and Aged Stake (PoMAS) and Proof of Importance (PoI) 4 time-consuming) to produce but easy for others to verify. More Blockchains can be permissioned (private) or permissionprecisely, Bitcoin ’s mining process and PoW are as follows: less (public). The ﬁrst category, makes restrictions on the (1) each miner creates a block containing a header (timestamp,consensus contributors. Only the chosen trustful actors have merkle root of the block’s transactions, the previous block’s the rights to validate transactions. It does not require a lot hash, etc) and a body (transactions). Then, (2) the protocol of computation to reach a consensus, thus, it is not time"
4,0,0,0,0,12,6,/HPZLCO+NimbusRomNo9L-Regu,9.96,311.97,118.32,570.5,131.9,118.32,660.1,311.97,41.5,"256generates a target ""t"", which represents a value t ∈]0, 2 1]."
4,0,0,0,0,27,6,/HPZLCO+NimbusRomNo9L-Regu,9.96,48.96,103.45,615.83,125.37,103.45,666.63,48.96,-3.83,"neither energy consuming. Lastly, it enables the transactions’ (3) Each miner must calculate the hash of (a) a chosen numberprivacy, since only authorized participants can access them."
4,0,0,0,0,14,6,/KJPASH+CMMI10,9.96,311.97,94.41,614.81,107.99,94.41,684.01,311.97,-2.81,"256 −n (n ∈]0, 2 1]) concatenated to (b) the hash of its block,"
4,0,0,0,0,8,6,/HPZLCO+NimbusRomNo9L-Regu,9.96,48.96,91.49,322.93,101.46,91.49,690.54,48.96,289.07,"The second type (public blockchains), uses an unlimited"
4,0,0,0,0,13,6,/HPZLCO+NimbusRomNo9L-Regu,9.96,311.97,82.46,572.34,92.42,82.46,699.58,311.97,39.66,in such a way that the resultant value should be ≤ t. In
4,0,0,0,0,10,6,/HPZLCO+NimbusRomNo9L-Regu,9.96,56.93,69.51,593.1,80.46,69.51,711.54,56.93,18.9,"other words, the miner changes n’s values until satisfying 4https://cointelegraph.com/news/proof-of-importance-nem-is-going-to-add-"
4,0,0,0,0,13,6,/KJPASH+CMMI10,9.96,48.96,58.55,568.91,68.51,58.55,723.49,48.96,43.09,reputations-to-the-blockchain. the equation sha 256 (sha256 (block) ||n) ≤  t . Once this
5,0,0,0,0,288,6,/HPZLCO+NimbusRomNo9L-Regu,9.96,48.96,536.56,630.78,726.04,536.56,65.96,48.96,-18.78,"equation is satisﬁed, the miner add this value to the block For blocks’ validation, Ethereum uses a PoW mechanism as a proof of work.  called Ethash . As explained in [26], participating nodes calculate a 16 MB pseudo-random cache, based on a seed computed When a node sends a constructed block over the network, from the block headers. From this cache, a 1 GB dataset is all the recipients verify the block’s transactions as well as generated, knowing that each dataset item depends on only its PoW. If the major part of the network nodes agree on few cache items. The cache is stored by light clients, while a block, the latter is validated and added to the blockchain. dataset is stored by full clients and miners. By hashing random Consequently, all the other nodes update their blockchain dataset pieces together, miners try to resolve a mathematical copies, and the block creator receives its reward. The operation challenge. The veriﬁcation requires only the cache to regen- of the blockchain update occurs each 10 minutes. A miner erate the speciﬁc dataset pieces. of an orphaned block does not receive any reward, even Currently, there is a beta version of Ethereum that uses a considering that he provided the good PoW. protocol called Casper which relies on a PoS.Theoretically, Bitcoin blocks can be falsiﬁed only if more Ethereum can be used also as a private blockchain, thus than 51% of nodes are corrupted, which is currently almost the participating nodes are chosen and the proof of work impossible to realize. For example, if Google’s extant commechanism is no longer required.puting power in the cloud is used for Bitcoin mining, it will represents roughly 0.0019% of all of the worldwide Bitcoin"
5,0,0,0,0,4,6,/FUWWBO+NimbusRomNo9L-ReguItal,9.96,122.18,530.99,421.56,540.95,530.99,251.05,122.18,190.44,C. Hyperledger Fabric 5
5,0,0,0,0,6,6,/FUWWBO+NimbusRomNo9L-ReguItal,9.96,321.94,516.02,481.34,525.98,516.02,266.02,321.94,130.66,Hyperledger Fabric is an open-source permissioned
5,0,0,0,0,11,6,/FUWWBO+NimbusRomNo9L-ReguItal,9.96,48.96,504.06,583.63,515.08,504.06,276.92,48.96,28.37,"B. Ethereum  blockchain created by the Linux Foundation , more speciﬁcally"
5,0,0,0,0,253,6,/HPZLCO+NimbusRomNo9L-Regu,9.96,48.96,322.23,635.76,502.07,322.23,289.93,48.96,-23.76,"by IBM . Unlike Bitcoin and  Ethereum , Hyperledger FabricEthereum is a public blockchain that provides a cryptocurdoes not provide a cryptocurrency. Transactions can be pub- rency called Ether (ETH) (after the fork that happened in lic or conﬁdential, all depends on the nature of the stored July 2017, it exists a version of Ethereum called Ethereum information. Hyperledger uses the  Practical Byzantine Fault Classic that uses a currency called ETC), used for payTolerant (PBFT) as a consensus mechanism. As explained in ing ﬁnancial transactions as well as applications processing. [27], PBFT is a mechanism used in the distributed networks Miners replicate, validate, and store data in the blockchain tolerating a certain degree of faults in order to allow the network. Furthermore, they process programs called smart continuity of the system operations. All the participating nodes contracts which makes Ethereum a platform for decentralized are trustful and know each other, and validating nodes are applications. Smart contracts are executed by participating chosen randomly, but always at a majority, which protects the nodes using an operating system known as Ethereum Virtual system against Byzantine imposters and Sybil attacks [28].Machine (EVM) [24]. Hyperledger Fabric allows also the development of smart As in Bitcoin, the mining operation consists of the creation contracts, called in this context chaincodes . and the validation of blocks. The block size is shorter than in Bitcoin and the validation time, takes only 14 seconds  III. S ECURITY REQUIREMENTS AND THREAT MODEL compared to Bitcoin which takes 10 minutes. Also, the reward"
5,0,0,0,0,3,6,/FUWWBO+NimbusRomNo9L-ReguItal,9.96,311.97,315.83,431.52,325.8,315.83,466.2,311.97,180.48,A. Security requirements
5,0,0,0,0,305,6,/HPZLCO+NimbusRomNo9L-Regu,9.96,48.96,106.37,625.79,320.24,106.37,471.76,48.96,-13.79,"system is different from Bitcoin . Indeed, Ethereum uses The An IoT scheme must fulﬁll numerous security requirements Ethereum Greedy Heaviest Observed Subtree (GHOST) protoin order to ensure the sustainability and resiliency of the col for consensus and miners reward. A miner that validates ecosystem. Thus, in this section we describe the main security a block that have been added to the main blockchain receives goals, and we introduce the criteria needed to evaluate the 5 ETH. Furthermore, according to the complexity of the suitability of authentication schemes for securing IoT use executed smart contract, it receives an additional amount of 6 cases.gas, paid by the sender of each transaction. Integrity: Maintaining integrity is the crucial requirement that When a miner builds a block, it sends it with its PoW each scheme must ensure. In our context, integrity is divided through the network. Within the 14 seconds of the consensus, into two parts: each node will receive numerous blocks. Some of them are 1) Messages (transactions/communications) integrity: an supposed to be generated at the same time. Thus, it keeps exchanged message must not be altered or modiﬁed the ﬁrst in its main chain and considers the others as Uncles during the network transit. (equivalent deﬁnition to orphaned blocks in Bitcoin). It is the 2) Data integrity: involves maintaining the consistency and chain that contains the more of Uncles (called the heaviest trustworthiness of data over its entire life cycle. Thus, chain) that will be kept as main chain at the end of the only authorized users can modify stored data.consensus. Finally the miner gets a part of the reward of the Uncles [25]. GHOST rewards also the Uncles of the accepted  Availability: the availability implies that resources must be blocks in order to strengthen the system. accessible to legitimate users on demand. Thus, a system"
5,0,0,0,0,9,6,/HPZLCO+NimbusRomNo9L-Regu,9.96,311.97,94.41,625.79,104.38,94.41,687.62,311.97,-13.79,must be resilient against denial of service attacks especially
5,0,0,0,0,6,6,/HPZLCO+NimbusRomNo9L-Regu,9.96,311.97,82.46,531.15,92.42,82.46,699.58,311.97,80.85,those who target the authentication service.
5,0,0,0,0,21,6,/HPZLCO+NimbusRomNo9L-Regu,9.96,56.93,69.51,585.94,80.46,69.51,711.54,56.93,26.06,"Scalability: In our context, scalability represents the ability to 6Gas represents the internal pricing for running a transaction or contract in"
5,0,0,0,0,17,10,/HPZLCO+NimbusRomNo9L-Regu,7.97,48.96,58.55,620.81,68.51,58.55,723.49,48.96,-8.81,Ethereum. 1 gas worths 0.01 microEther. ensure that the system size has no impact on its performances.
6,0,0,0,0,418,6,/HPZLCO+NimbusRomNo9L-Regu,9.96,48.96,441.11,645.72,726.04,441.11,65.96,48.96,-33.72,"For example, if the number of the used things explodes, the against physical attacks since it exists numerous methods to time needed for a system function such as the authentication protect them from such attacks by making these information service, must not be affected. readable only by the device itself [30] [31]. Non repudiation: It refers to the ability to ensure that an  3) Attacks: An attacker can have multiple goals, such as entity cannot deny having performed a given action, e.g. a sending wrong informations in order to mislead system’s device cannot deny having sent a message. decisions or the denial of system’s services. Thus, it can Identiﬁcation The identiﬁcation represents a main requirement  conduct numerous attacks: in the majority of IoT use cases. It represents the contrary 1) Sybil attack: in multiple cooperative use cases, the atof the anonymity which ensures that any entity can make tacker simulates the existence of multiple entities (devices) that use of the system all within ensuring being anonymous to all send wrong information to the service’s server or management system’s entities. For example, in a smart parking scenario, application, in order to elect decisions needed by the attacker. when a sensor of a parking spot sends a notiﬁcation, the One example is the use case of a Cooperative Intelligent management system must know exactly which sensor is  Transportation System (C-ITS) . In C-ITS the vehicles send communicating in order to update accurately the parking continuously multiple information to a management infrasspots’ state. Another example is the environment monitoring tructure (e.g. Cooperative Awareness Messages (CAM) and where a sensor monitors the level of a lake. When this sensor Decentralized Environmental Notiﬁcation Messages (DENM) sends information to the monitoring platform, the latter must in european based standards and Basic Safety Messages (BSM) know exactly which sensor is communicating in order to in american based standards). These information concern the decide about the actions to provide. activity of the vehicles as well as their environment and Mutual authentication: The authentication is the mechanism  are used by the management center in order to provide and of proving identity. Mutual authentication represents the enhance multiple services. For example, if the management requirement where both communicating parties authenticate center receives messages from multiple vehicles informing each other. This requirement is more than necessary to about a trafﬁc jam or an accident, it will instantly diffuse these immune the system against spooﬁng the roles of entities.information to all the vehicles in the area and helps them to"
6,0,0,0,0,21,6,/HPZLCO+NimbusRomNo9L-Regu,9.96,311.97,417.2,635.76,439.12,417.2,352.88,311.97,-23.76,"ﬁnd better paths. Thus, an attacker can send wrong information on behalf of multiple existing or non existing vehicles in order"
6,0,0,0,0,3,6,/FUWWBO+NimbusRomNo9L-ReguItal,9.96,48.96,409.37,123.68,419.33,409.37,372.67,48.96,488.32,B. Threat model
6,0,0,0,0,9,6,/HPZLCO+NimbusRomNo9L-Regu,9.96,311.97,405.25,610.85,415.21,405.25,376.79,311.97,1.15,mislead the decisions of the management center. This attack
6,0,0,0,0,553,6,/HPZLCO+NimbusRomNo9L-Regu,9.96,48.96,58.55,640.74,403.78,58.55,388.22,48.96,-28.74,"In this section we present our threat model. The latter is can be perpetrated in every use case that needs information similar to the Dolev-Yao model [29]. from a certain number of devices in order to elect or to make 1) Network model: The overall purpose of an authentication  a decision. scheme is to allow multiple nodes to communicate in a  2) Spooﬁng attack: in contrary to sybil attack where the trustworthy way over a non trusted network. In this work attacker try to create numerous false or virtual identities, in we consider a network that owns a set of things offering and spooﬁng attack, the attacker tries to spoof the identity of a using different IoT services in a centralized or a distributed legitimate user in order to make use of his privileges. architecture. Each thing communicates with a large number of 3) Message Substitution Attack: In a substitution attack other things. Exchanged messages pass through an unreliable [32], the attacker intercepts valid messages during their transit and potentially lossy communication network, such as Internet. and alter them in such a way that recipients accept the forged We also assume that all participants cannot be trusted. Indeed, messages as if they had been sent by the original sender. the high number of smart things in the network, increases the 4) Denial of Service: a Denial of Service (DoS) or a risk of including compromised ones. Furthermore, the existing Distributed DoS (DDoS) attack is characterized by the explicit devices are of heterogeneous types and do not belong to the attempt by attacker to prevent the legitimate use of a service same use case. The network function consists in only forward- [33]. There are two methods to conduct a DoS/DDoS attack ing packets and does not provide any security guarantee such (1) by the exploitation of a protocol ﬂaw and (2) by ﬂooding as integrity or authentication. Thus, a malicious user can read, the target. DDoS and especially ﬂooding attacks are among modify, drop or inject network messages. the most dangerous cyber attacks and their popularity is due 2) Attacker Model: In this work, we assume that an attacker  to their highly effectiveness against any type of service, as or malicious user has a total control over the used network i.e they do not require identiﬁcation and exploitation of protohe can selectively sniff, drop, replay, reorder, inject, delay, and cols’ or services’ ﬂaws, but just have to ﬂood them [34]. A modify messages arbitrarily with negligible delay. However, DDoS attack against the authentication mechanism will cause the devices can receive unaltered messages. Nonetheless, no important damages such as paralyzing the whole system or assumptions on the rate of the altered messages are made. allowing non legitimate users to make use of the system. Besides, the attacker can beneﬁt from a computation power 5) Message Replay Attack: An attacker can record selecand storage larger than the implemented devices.  tively some messages and replay them without modiﬁcation at However, we do not consider physical attacks on devices, a later time, since successful veriﬁcation of a message does not where the attacker can retrieve some/all of the object’s secrets certify the correctness of the message’s sending time. In this such as private keys. We assume that objects are protected way, inaccurate information can be intentionally provided to"
7,0,0,0,0,58,6,/HPZLCO+NimbusRomNo9L-Regu,9.96,48.96,692.12,615.83,726.04,692.12,65.96,48.96,-3.83,"the objects or to the servers. Message replay attack is usually cases were provided. Finally, they consider a full anonymity combined to a message removal attack.  of the used objects, which allows any user, even malicious to make use of the system. Similarly, In [15], Bahga et In this work we are interested only in attacks related to"
7,0,0,0,0,17,6,/FUWWBO+NimbusRomNo9L-ReguItal,9.96,48.96,680.17,565.66,690.18,680.17,101.82,48.96,46.34,"al. propose a Blockchain Platform for Industrial Internet of authentication service. However, we do not consider other"
7,0,0,0,0,47,6,/HPZLCO+NimbusRomNo9L-Regu,9.96,48.96,644.3,610.85,678.22,644.3,113.78,48.96,1.15,"Things (BPIIoT) , that enhance the functionality of existingattacks such as DoS/DDOS to make a device out of service or Cloud-Based Manufacturing (CBM) platforms, especially to- message removal attacks where the attacker drops selectively wards integrating legacy shop ﬂoor equipment into the cloud messages during their transmission."
7,0,0,0,0,7,6,/HPZLCO+NimbusRomNo9L-Regu,9.96,311.97,632.4,615.83,642.36,632.4,149.64,311.97,-3.83,environment manufacturing. They also propose an architecture
7,0,0,0,0,10,6,/HPZLCO+NimbusRomNo9L-Regu,9.96,311.97,620.44,620.81,630.4,620.44,161.6,311.97,-8.81,"for IoT devices to support the proposed platform. However, to"
7,0,0,0,0,36,6,/HPZLCO+NimbusRomNo9L-Regu,9.96,48.96,596.53,625.79,619.93,596.53,172.07,48.96,-13.79,"Table I summarizes the main security requirements and secure devices, they rely only on a key-pair, generated by the attacks considered during the evaluation of our approach.device itself, without any control. Thus, any user can exploit"
7,0,0,0,0,10,6,/HPZLCO+NimbusRomNo9L-Regu,9.96,321.94,572.62,515.46,582.58,572.62,209.42,321.94,96.54,In [35] Ruta et al. propose a novel Service-Oriented Ar-
7,0,0,0,0,9,6,/FUWWBO+NimbusRomNo9L-ReguItal,9.96,311.97,560.66,526.17,570.63,560.66,221.37,311.97,85.83,chitecture (SOA) based on a semantic blockchain for regis-
7,0,0,0,0,8,6,/HPZLCO+NimbusRomNo9L-Regu,9.96,311.97,548.71,625.79,558.67,548.71,233.33,311.97,-13.79,"tration, discovery, selection and payment. Such operations are"
7,0,0,0,0,3,10,/HPZLCO+NimbusRomNo9L-Regu,7.97,54.94,546.61,182.46,554.58,546.61,237.42,54.94,429.54,Communication messages integrity
7,0,0,0,0,40,6,/HPZLCO+NimbusRomNo9L-Regu,9.96,54.94,500.89,625.79,546.72,500.89,245.28,54.94,-13.79,"implemented as smart contracts, allowing distributed execution Availability and trust. More precisely, their proposal is presented as a Scalability framework for Semantic Web of Things (SWoT) systems, where Non repudiation a semantic-based resource discovery layer is integrated in a Pseudonymity"
7,0,0,0,0,41,10,/HPZLCO+NimbusRomNo9L-Regu,7.97,54.94,447.98,635.76,499.79,447.98,292.21,54.94,-23.76,"Conﬁdentiality basic blockchain infrastructure in a way that the blockchain Sybil attack protection adds veriﬁable records for every single transaction. However, Spooﬁng attack protection their approach rely on a private blockchain, which restricts its Message substitution protection use. Message replay protection"
7,0,0,0,0,10,6,/FUWWBO+NimbusRomNo9L-ReguItal,9.96,321.94,441.11,546.09,451.08,441.11,340.92,321.94,65.91,Dorri et al. [36] [16] propose a blockchain based archi-
7,0,0,0,0,3,10,/HPZLCO+NimbusRomNo9L-Regu,7.97,54.94,437.02,158.55,444.99,437.02,347.01,54.94,453.45,Message removal protection
7,0,0,0,0,9,6,/HPZLCO+NimbusRomNo9L-Regu,9.96,311.97,429.16,625.79,439.12,429.16,352.88,311.97,-13.79,tecture for IoT. Their approach relies on three interconnected
7,0,0,0,0,4,10,/HPZLCO+NimbusRomNo9L-Regu,7.97,54.94,426.06,178.47,434.03,426.06,357.97,54.94,433.53,Protection against DoS/DDoS of
7,0,0,0,0,25,6,/HPZLCO+NimbusRomNo9L-Regu,9.96,54.94,405.25,625.79,427.16,405.25,364.84,54.94,-13.79,"blockchains: a local blockchain (private) for each use case, a authentication mechanism shared blockchain (private) and an overly blockchain (public). Protection against DoS/DDoS of devices"
7,0,0,0,0,10,6,/HPZLCO+NimbusRomNo9L-Regu,9.96,311.97,393.29,620.81,403.25,393.29,388.75,311.97,-8.81,"Even if the solution resolve the problem of identiﬁcation, it"
7,0,0,0,0,5,6,/HPZLCO+NimbusRomNo9L-Regu,9.96,102.8,385.72,272.17,395.68,385.72,396.32,102.8,339.83,TABLE I: Main Evaluation criteria
7,0,0,0,0,27,6,/HPZLCO+NimbusRomNo9L-Regu,9.96,311.97,357.43,605.87,391.3,357.43,400.7,311.97,6.13,has multiple shortcomings like (1) each operation engender at least 8 network communications which can ﬂood quickly the whole communication medium in case of high activity of
7,0,0,0,0,14,6,/HPZLCO+NimbusRomNo9L-Regu,9.96,128.72,345.47,615.83,358.95,345.47,433.05,128.72,-3.83,IV. R ELATED WORKS nodes; and (2) the local blockchains are not distributed but
7,0,0,0,0,330,6,/HPZLCO+NimbusRomNo9L-Regu,9.96,48.96,118.32,635.76,343.57,118.32,448.43,48.96,-23.76,"Recently, numerous works have been interested in the centralized which is contrary to its principle because it can integration of blockchains into IoT ecosystems. However, very limit its power and availability. few works were interested in how blockchains can help in Hardjono et al. [37] propose ChainAnchor , a privacymeeting IoT security requirements. In this section we survey preserving method for commissioning an IoT device into a almost all the works that intend to realize such an integration cloud ecosystem. ChainAnchor supports device-owners being and show the rarity of works that realize the integration in remunerated for selling their device sensor-data to service order to meet security needs.  providers, and allow device-owners and service providers to In [12] Christidis et al. provide a description of how  share sensor-data in a privacy-preserving manner. However, Its blockchains and smart contracts can be integrated in IoT. They goal is the full anonymity of the participating devices and is provide a list of the advantages and limits of blockchain use in not adapted to numerous IoT use cases where the identiﬁcation IoT and conclude that using blockchains and smart contracts is needed. facilitates the sharing of IoT services and resources and allows In [38], Xu et al. propose  Saphire , a blockchain-based the automation, in a cryptographically veriﬁable manner, of distributed storage system for large-scale data analytics appliseveral existing, time-consuming workﬂows. However, the cations in the IoT. Saphire rely on the blockchain’s features to authors did not discuss how this integration can help in store IoT devices activity in a distributed way. Nonetheless, enhancing the security of IoT. Similarly, in [11], Malviya et  this work treats only the storage need, but, there was no al. made a quick study on how blockchain features can secure consideration of IoT’s security requirements. the IoT. They also described some IoT platforms that rely on In [39] [13] Ouaddah et al. propose  FairAccess , a blockchains for numerous use case scenarios. blockchain-based access control framework in IoT. More"
7,0,0,0,0,18,6,/FUWWBO+NimbusRomNo9L-ReguItal,9.96,58.92,106.37,478.54,116.33,106.37,675.67,58.92,133.46,"Huh et al. [17], propose an approach to integrate  precisely, FairAccess works in the same way as Role-Based"
7,0,0,0,0,76,6,/HPZLCO+NimbusRomNo9L-Regu,9.96,48.96,58.55,635.76,104.38,58.55,687.62,48.96,-23.76,"blockchains to IoT. Their approach relies on the idea of Access Control (RBAC) [40], where the policies are stored in conﬁguring each object by a dedicated smart contract that a private blockchain. Thus, the authenticity, the authentication deﬁnes its actions. However, their work still in a very em- and the updates of policies are always guaranteed. However, brionary state. In addition, no details about the considered use it can handle only policy-based compatible systems and use"
7,0,0,0,0,19,10,/YCQRWY+Dingbats,7.97,0.0,-7.97,91.66,0.0,-7.97,792.0,0.0,520.34,Part of the evaluation               
8,0,0,0,0,140,6,/HPZLCO+NimbusRomNo9L-Regu,9.96,48.96,632.61,606.85,726.04,632.61,65.96,48.96,5.15,"cases, which cannot be applied to numerous IoT contexts. considered. For example, if a device A sends a message to a To summarize, Table II describes the studied works. The device B , then (1) A sends the message to the blockchain, (2) majority of these works rely on the security mechanism as if the blockchain authenticates A, it validates the transaction. described in Bitcoin or  Ethereum . In other words, each device Finally, (3) B can read the message. uses a key-pair to make use of the system. However, this In the following we describe the whole lifecycle of a mechanism ensures a full anonymity, where each participant device in an IoT ecosystem that implements bubbles of trust can exploit the ecosystem, even the malicious ones and cannot approach. ensure the identiﬁcation, a main requirement in the majority of"
8,0,0,0,0,12,6,/FUWWBO+NimbusRomNo9L-ReguItal,9.96,48.96,620.65,426.54,632.36,620.65,159.64,48.96,185.46,A. Initialization phaseIoT use cases. The sole works that ensured identiﬁcation used
8,0,0,0,0,116,6,/HPZLCO+NimbusRomNo9L-Regu,9.96,48.96,546.32,615.83,618.66,546.32,173.34,48.96,-3.83,"private blockchains. Nonetheless, this solution suffers from the Our approach can be applied to a huge number of IoT use restriction of the used system, e.g. it is very hard to add a cases and does not require special hardware. Nonetheless, new service or a new device. Furthermore, the majority of it needs an initialization phase. In the latter, a device is the described works are in an embrionary phase, where only designed as Master of the bubble (It owns a private/public the description of the approach is quickly provided and no key-pair), which can be considered similar to a certiﬁcation implementations or simulations were realized. authority. Any given device can be the Master. Besides, each"
8,0,0,0,0,11,6,/HPZLCO+NimbusRomNo9L-Regu,9.96,311.97,534.37,567.32,544.33,534.37,247.67,311.97,44.68,"object, that makes part of the system is called Follower. Each"
8,0,0,0,0,32,6,/HPZLCO+NimbusRomNo9L-Regu,9.96,55.34,498.5,610.03,532.37,498.5,259.63,55.34,1.97,"Follower generates an Elliptic Curve (EC) private/public Approachconsiderationtype key-pair. Then, each Follower is provided by a structure Ouaddah et al. [39] [13] called ticket , which represents a lightweight certiﬁcate of 64"
8,0,0,0,0,13,6,/FUWWBO+NimbusRomNo9L-ReguItal,9.96,55.34,486.55,582.7,499.36,486.55,292.64,55.34,29.3,"Hardjono et al. bytes that contains: (1) a groupID (grpID) , which represents"
8,0,0,0,0,12,6,/HPZLCO+NimbusRomNo9L-Regu,9.96,311.97,474.59,528.26,484.55,474.59,307.45,311.97,83.74,"the bubble that the object will be part of, (2) an objectID"
8,0,0,0,0,4,10,/FUWWBO+NimbusRomNo9L-ReguItal,7.97,55.34,471.07,91.2,479.04,471.07,312.96,55.34,520.8,Xu et al. [38]
8,0,0,0,0,9,6,/FUWWBO+NimbusRomNo9L-ReguItal,9.96,311.97,462.63,576.48,472.6,462.63,319.4,311.97,35.52,"(objID), which represents the Follower ’s identiﬁer in the"
8,0,0,0,0,4,10,/FUWWBO+NimbusRomNo9L-ReguItal,7.97,55.34,459.71,103.16,467.68,459.71,324.32,55.34,508.84,Dorri et al. [36]
8,0,0,0,0,24,6,/HPZLCO+NimbusRomNo9L-Regu,9.96,55.34,438.72,577.22,460.64,438.72,331.36,55.34,34.78,"bubble, (3) pubAddr , which represents the Follower ’s public [16] address. It represents the ﬁrst 20 bytes of the Keccak(SHA-3)Ruta et al. [35]"
8,0,0,0,0,14,6,/FUWWBO+NimbusRomNo9L-ReguItal,9.96,55.34,426.77,540.04,436.73,426.77,355.27,55.34,71.96,hash [43] of the Follower ’s public key. and (4) a SignatureBahga et al.
8,0,0,0,0,9,6,/HPZLCO+NimbusRomNo9L-Regu,9.96,55.34,414.81,481.34,427.03,414.81,364.97,55.34,130.66,[15] structure which represents the Elliptic Curve Digital Signature
8,0,0,0,0,13,10,/FUWWBO+NimbusRomNo9L-ReguItal,7.97,55.34,402.86,506.24,415.68,402.86,376.32,55.34,105.76,Huh et al. [17] Algorithm (ECDSA) signature using the private key of the
8,0,0,0,0,10,6,/FUWWBO+NimbusRomNo9L-ReguItal,9.96,55.34,390.9,547.49,404.32,390.9,387.68,55.34,64.51,Christidis et al. bubble’s Master . ECDSA represent multiple advantages
8,0,0,0,0,8,6,/HPZLCO+NimbusRomNo9L-Regu,9.96,311.97,378.95,536.13,388.91,378.95,403.09,311.97,75.87,over traditional signature algorithms such as Rivest Shamir
8,0,0,0,0,3,10,/FUWWBO+NimbusRomNo9L-ReguItal,7.97,55.34,376.03,111.13,384.0,376.03,408.0,55.34,500.87,Malviya et al.
8,0,0,0,0,34,6,/HPZLCO+NimbusRomNo9L-Regu,9.96,55.34,343.08,590.93,376.96,343.08,415.04,55.34,21.07,Adleman (RSA) especially concerning key sizes and signature [11] times and is more adapted to IoT contexts [44] [45]. TheZhang et al. [41] [42] Signature covers the Keccack  hash of the concatenation of the
8,0,0,0,0,11,6,/FUWWBO+NimbusRomNo9L-ReguItal,9.96,311.97,331.13,557.83,341.09,331.13,450.91,311.97,54.17,"groupID, the objcetID , and the pubAddr . The ticket structure"
8,0,0,0,0,7,6,/HPZLCO+NimbusRomNo9L-Regu,9.96,88.45,326.31,282.72,336.27,326.31,455.73,88.45,329.28,TABLE II: Summary of the related works
8,0,0,0,0,3,6,/HPZLCO+NimbusRomNo9L-Regu,9.96,311.97,319.17,381.71,329.13,319.17,462.87,311.97,230.29,is as follows:
8,0,0,0,1,4,6,/HPZLCO+NimbusRomNo9L-Regu,9.96,120.8,292.44,188.55,302.4,292.44,489.6,120.8,423.45,V. P ROPOSED APPROACH
8,0,0,0,0,3,6,/APXXJY+NimbusMonL-Regu,9.96,315.36,288.08,380.12,298.05,288.08,493.95,315.36,231.88,GroupID : XX
8,0,0,0,0,50,6,/HPZLCO+NimbusRomNo9L-Regu,9.96,48.96,240.26,524.57,287.52,240.26,504.48,48.96,87.43,"The main goal of our approach is to create secure virtual ObjectID: YY zones in IoT environments. Each device must communicate PubAddr : @@ only with devices of its zone, and considers every other device ========================================= as malicious. We call these zones bubbles of trust . Thus, a Signature (keccakhash(XX||YY||@@))"
8,0,0,0,0,13,6,/FUWWBO+NimbusRomNo9L-ReguItal,9.96,48.96,228.31,519.59,239.7,228.31,552.3,48.96,92.41,"bubble of trust is a zone, where all its members can trust  ========================================="
8,0,0,0,0,21,6,/HPZLCO+NimbusRomNo9L-Regu,9.96,48.96,205.83,347.84,227.74,205.83,564.26,48.96,264.16,each other. It is protected and inaccessible for non-member devices. In order to achieve such a system we rely on a
8,0,0,0,0,11,6,/FUWWBO+NimbusRomNo9L-ReguItal,9.96,48.96,193.87,426.54,204.71,193.87,587.29,48.96,185.46,B. System’s functioningpublic blockchain that implements smart contracts. We use a
8,0,0,0,0,73,6,/HPZLCO+NimbusRomNo9L-Regu,9.96,48.96,146.05,620.81,191.88,146.05,600.12,48.96,-8.81,"public blockchain instead of a private one in order to make the The scheme in Figure 2 details our proposed approach and system open to any user. In other words, relying on a private all the phases of the ecosystem’s lifecycle. The Algorithm blockchain, makes our approach applicable only by predeﬁned 1 describes its different parameters and functions. First, as 7 and once the system is deployed it will be very difﬁcult users"
8,0,0,0,0,11,6,/HPZLCO+NimbusRomNo9L-Regu,9.96,311.97,142.58,620.81,152.54,142.58,639.46,311.97,-8.81,"shown in Figure 2, phase (A), the connected things can belong"
8,0,0,0,0,58,6,/HPZLCO+NimbusRomNo9L-Regu,9.96,48.96,98.44,605.87,144.06,98.44,647.94,48.96,6.13,"if not impossible to add new users, which limits considerably to numerous areas (medical, industry, environment, etc). the scalability and the ﬂexibility of the approach (for more The phase (B) represents the initialization phase, where details see SectionV-C).  a group identiﬁer ( groupID ) is chosen by the Master . FurCommunications in the system are considered as transac-"
8,0,0,0,0,11,6,/HPZLCO+NimbusRomNo9L-Regu,9.96,311.97,94.41,610.85,104.38,94.41,687.62,311.97,1.15,"thermore, each object is provided by a ticked, signed by the"
8,0,0,0,0,12,6,/HPZLCO+NimbusRomNo9L-Regu,9.96,48.96,86.48,352.82,96.45,86.48,695.55,48.96,259.18,tions and must be validated by this blockchain in order to be
8,0,0,0,0,11,6,/FUWWBO+NimbusRomNo9L-ReguItal,9.96,311.97,82.46,614.17,92.42,82.46,699.58,311.97,-2.17,"Master. Once the group is prepared, the step (C) consists of"
8,0,0,0,0,34,6,/HPZLCO+NimbusRomNo9L-Regu,9.96,48.96,58.55,576.56,80.47,58.55,711.53,48.96,35.44,"the creation of the bubble at the blockchain level. The Master7Herein, ""users"" refers to the participants that own the rights to write on sends a transaction that contains the Master ’s identiﬁer asthe blockchain."
8,0,0,0,0,36,10,/HPZLCO+NimbusRomNo9L-Regu,7.97,0.0,-7.97,59.78,0.0,-7.97,792.0,0.0,552.22,Implementation Yes Private No No Public No No Not speciﬁed No Yes Private Simulation Yes Private Yes No Public Partially No Public Yes Not speciﬁed Not speciﬁed No Not speciﬁed Not speciﬁed No No Public No
9,0,0,0,0,6,6,/HPZLCO+NimbusRomNo9L-Regu,9.96,233.67,188.51,318.97,198.47,188.51,593.53,233.67,293.03,Fig. 2: Bubbles of trust mechanism
9,0,0,0,0,183,6,/HPZLCO+NimbusRomNo9L-Regu,9.96,48.96,58.55,620.81,164.4,58.55,627.6,48.96,-8.81,"well as the identiﬁer of the group he wants to create. The the validity of the Follower ’s ticket using the public key of blockchain checks the uniqueness of both of the groupID the bubble ’s Master . If one of the conditions is not satisﬁed, and the Master ’s objectID . If the transaction is valid, then the object can not be associated to the bubble. Algorithm 2 the bubble is created (eg. bubble  F9,  bubble 0A). Since the  describes the association phase. blockchain is public, any user can create a bubble.  Once the ﬁrst transaction (association request) of a Follower After, in the Figure 2, phase (D), the Followers in turn,  is successful, the latter does no longer need to use its ticket to send transactions in order to be associated to their respectiveauthenticate itself (sends it within the exchanged messages). bubbles. At the blockchain level, the smart contract veriﬁes the For more details, an example is detailed in Figure 3. In uniqueness of the Follower ’s identiﬁer (objectID), then checks this example, we describe a Follower device called F  which"
10,0,0,0,0,8,6,/HPZLCO+NimbusRomNo9L-Regu,9.96,206.48,513.87,360.9,523.83,513.87,268.17,206.48,251.1,Fig. 3: Communications within a bubble of trust
10,0,0,0,0,17,6,/HPZLCO+NimbusRomNo9L-Regu,9.96,53.94,476.69,528.42,489.76,476.69,302.24,53.94,83.58,have been provided a ticket signed by the Master M  . TheAlgorithm 1: Parameters and functions deﬁnition
10,0,0,0,0,15,6,/FUWWBO+NimbusRomNo9L-ReguItal,9.96,58.92,465.06,524.77,477.81,465.06,314.19,58.92,87.23,"ticket contains a grpID = XX ,  objID = YY and a public keyparameter :"
10,0,0,0,0,9,6,/HPZLCO+NimbusRomNo9L-Regu,9.96,109.54,455.1,563.15,465.85,455.1,326.15,109.54,48.85,PubKey_F . The following operations are described: bc: Blockchain
10,0,0,0,0,21,8,/HPZLCO+NimbusRomNo9L-Regu,8.97,109.54,430.57,615.83,454.1,430.57,337.9,109.54,-3.83,obj: Object 1) the ﬁrst client’s transaction represents an association sender: Object request. The sent message is signed with the Follower
10,0,0,0,0,7,6,/HPZLCO+NimbusRomNo9L-Regu,9.96,336.21,418.61,533.83,428.58,418.61,363.42,336.21,78.17,"private key, and contains the Follower ’sticket;"
10,0,0,0,0,29,8,/HPZLCO+NimbusRomNo9L-Regu,8.97,109.54,394.7,615.83,424.21,394.7,367.79,109.54,-3.83,const failed : State 2) when the blockchain receives the transaction it veriﬁes deﬁne master: 0 its integrity by verifying the signature with the Fol- deﬁne follower : 1
10,0,0,0,0,31,6,/HPZLCO+NimbusRomNo9L-Regu,9.96,58.92,370.79,602.32,392.71,370.79,399.29,58.92,9.68,"lower’s public key. Then, theFollower’sticket is veriﬁed Function : ObjIdExists(Integer objId, Blockchain b) using the Master ’s public key, since it represents the // check if the object identifier is used"
10,0,0,0,0,9,8,/APXXJY+NimbusMonL-Regu,8.97,75.06,358.84,450.78,370.37,358.84,421.63,75.06,161.22,in the blockchain or not entity that signed it;
10,0,0,0,0,18,8,/HPZLCO+NimbusRomNo9L-Regu,8.97,58.92,346.88,574.82,360.4,346.88,431.6,58.92,37.18,"Function : GrpIdExists(Integer grpId , Blockchain b) 3) if the ticket is valid, then, the blockchain stores an"
10,0,0,0,0,9,8,/APXXJY+NimbusMonL-Regu,8.97,58.92,341.48,256.18,350.44,341.48,441.56,58.92,355.82,// check if the group identifier is used in
10,0,0,0,0,11,6,/HPZLCO+NimbusRomNo9L-Regu,9.96,336.21,334.93,570.6,344.89,334.93,447.11,336.21,41.4,"association of its grpID , objID and the public key. Thus,"
10,0,0,0,0,4,8,/APXXJY+NimbusMonL-Regu,8.97,75.06,331.51,127.96,340.48,331.51,451.52,75.06,484.04,the blockchain or not
10,0,0,0,0,14,8,/HPZLCO+NimbusRomNo9L-Regu,8.97,58.92,321.55,435.84,332.93,321.55,459.07,58.92,176.16,"it stores ( XX, YY and PubKey_F ); Function : AddrExists(Integer objAddr, Blockchain b)"
10,0,0,0,0,20,6,/HPZLCO+NimbusRomNo9L-Regu,9.96,58.92,311.02,573.74,320.98,311.02,471.02,58.92,38.26,4) the fourth step describes the case where F sends another // check if the object address is used in
10,0,0,0,0,11,8,/APXXJY+NimbusMonL-Regu,8.97,75.06,299.06,599.64,310.59,299.06,481.41,75.06,12.36,the blockchain or not transaction (transaction n) than the association request.
10,0,0,0,0,11,8,/HPZLCO+NimbusRomNo9L-Regu,8.97,58.92,287.11,605.2,300.63,287.11,491.37,58.92,6.8,"Function : Error() This transaction contains: (1) the exchanged data, (2)"
10,0,0,0,0,5,8,/APXXJY+NimbusMonL-Regu,8.97,58.92,281.7,184.45,290.67,281.7,501.33,58.92,427.55,// returns and error message
10,0,0,0,0,12,6,/FUWWBO+NimbusRomNo9L-ReguItal,9.96,336.21,275.15,553.98,285.11,275.15,506.89,336.21,58.02,"XX , (3) YY and (4) the ECDSA  signature of the con-"
10,0,0,0,0,10,6,/HPZLCO+NimbusRomNo9L-Regu,9.96,336.21,251.24,545.43,273.16,251.24,518.84,336.21,66.57,catenation of the previous ﬁelds using the Follower private key;
10,0,0,0,0,7,6,/HPZLCO+NimbusRomNo9L-Regu,9.96,53.94,245.48,237.77,255.44,245.48,536.56,53.94,374.23,Algorithm 2: The  smart contract bubbles’ association
10,0,0,0,0,9,6,/HPZLCO+NimbusRomNo9L-Regu,9.96,321.94,239.29,615.83,249.25,239.29,542.75,321.94,-3.83,5) when the blockchain receives the transaction it veriﬁes
10,0,0,0,0,9,6,/HPZLCO+NimbusRomNo9L-Regu,9.96,336.21,227.33,580.3,237.29,227.33,554.71,336.21,31.7,its integrity by verifying the signature with the Fol-
10,0,0,0,0,10,8,/FUWWBO+NimbusRomNo9L-ReguItal,8.97,74.27,212.7,433.86,225.34,212.7,566.66,74.27,178.14,"lower’s public key; if (ObjIdExists (obj.id, bc) = true) then"
10,0,0,0,0,14,8,/HPZLCO+NimbusRomNo9L-Regu,8.97,89.61,203.42,620.81,213.38,203.42,578.62,89.61,-8.81,"6) if the signature is valid, the blockchain veriﬁes if the return Error ()"
10,0,0,0,0,15,8,/FUWWBO+NimbusRomNo9L-ReguItal,8.97,74.26,191.46,635.09,202.64,191.46,589.37,74.26,-23.09,"if AddrIdExists ( obj.grpId, bc) then public key used for the transaction’s veriﬁcation is stored"
10,0,0,0,0,3,8,/HPZLCO+NimbusRomNo9L-Regu,8.97,89.61,184.6,127.61,193.57,184.6,598.43,89.61,484.39,return Error ()
10,0,0,0,0,10,6,/HPZLCO+NimbusRomNo9L-Regu,9.96,336.21,179.51,558.82,189.47,179.51,602.53,336.21,53.18,and associated to the grpID and  objID sent within the
10,0,0,0,0,7,8,/FUWWBO+NimbusRomNo9L-ReguItal,8.97,74.26,174.64,181.77,183.6,174.64,608.4,74.26,430.23,if ( obj.type = master ) then
10,0,0,0,0,7,8,/FUWWBO+NimbusRomNo9L-ReguItal,8.97,89.61,164.68,400.97,177.52,164.68,614.48,89.61,211.03,"transaction; if GrpIdExists(obj.grpId, bc) = true then"
10,0,0,0,0,13,8,/HPZLCO+NimbusRomNo9L-Regu,8.97,104.95,155.6,575.98,165.56,155.6,626.44,104.95,36.02,7) if the association is stored and is valid then; return Error ()
10,0,0,0,0,14,8,/FUWWBO+NimbusRomNo9L-ReguItal,8.97,74.27,143.64,546.09,156.0,143.64,636.0,74.27,65.91,else if (obj.type = follower )  then 8) the device is authenticated with success.
10,0,0,0,0,6,8,/FUWWBO+NimbusRomNo9L-ReguItal,8.97,89.61,137.07,236.21,146.03,137.07,645.97,89.61,375.79,"if GrpIdExists(obj.grpId, bc) = false then"
10,0,0,0,0,12,8,/HPZLCO+NimbusRomNo9L-Regu,8.97,104.95,128.0,595.91,140.24,128.0,651.76,104.95,16.09,"The Figure 2, phase (E), highlights how the blockchain return Error ()"
10,0,0,0,0,15,8,/FUWWBO+NimbusRomNo9L-ReguItal,8.97,89.61,118.04,610.85,128.29,118.04,663.71,89.61,1.15,makes the access control upon the objects and transactions. if (bc.TicketV erif(obj.ticket) = failed) then
10,0,0,0,0,13,8,/HPZLCO+NimbusRomNo9L-Regu,8.97,104.95,106.37,526.75,117.93,106.37,674.07,104.95,85.25,"return Error () For example, (1) unlike the Master 5E which can create"
10,0,0,0,0,14,6,/HPZLCO+NimbusRomNo9L-Regu,9.96,311.97,94.41,570.5,104.38,94.41,687.62,311.97,41.5,"the group 39 , the Master BB can not create the group 0A ,"
10,0,0,0,0,3,8,/HPZLCO+NimbusRomNo9L-Regu,8.97,89.61,91.32,127.61,100.29,91.32,691.71,89.61,484.39,return Error ()
10,0,0,0,0,10,6,/HPZLCO+NimbusRomNo9L-Regu,9.96,311.97,82.46,625.79,92.42,82.46,699.58,311.97,-13.79,because it already exists. And (2) unlike the accepted message
10,0,0,0,0,18,6,/HPZLCO+NimbusRomNo9L-Regu,9.96,74.27,70.5,575.21,83.69,70.5,708.31,74.27,36.79,"// Association finished with success exchanged from 1B to DE which belongs to its group 0A , the"
10,0,0,0,0,10,6,/HPZLCO+NimbusRomNo9L-Regu,9.96,311.97,58.55,573.07,68.51,58.55,723.49,311.97,38.93,exchanged message from the object 50 belonging to the group
11,0,0,0,0,30,6,/HPZLCO+NimbusRomNo9L-Regu,9.96,48.96,704.13,605.87,726.04,704.13,65.96,48.96,6.13,"F9 to the object 6F belonging to the group 0A is rejected. The  Our approach relies on a public blockchain, which brings Algorithm 3 describes the different implemented rules.enormous advantages:"
11,0,0,0,0,6,6,/HPZLCO+NimbusRomNo9L-Regu,9.96,321.94,689.6,595.91,699.56,689.6,92.44,321.94,16.09,"blockchains are very resilient decentralized systems,"
11,0,0,0,0,29,6,/HPZLCO+NimbusRomNo9L-Regu,9.96,53.94,653.73,625.89,687.61,653.73,104.39,53.94,-13.89,"which makes our approach inherit those features;Algorithm 3: The smart contract bubbles’communication known public blockchains such as Bitcoin and  Ethereumrules are very robust against falsiﬁcation and alteration, thus, begin"
11,0,0,0,0,23,8,/FUWWBO+NimbusRomNo9L-ReguItal,8.97,74.26,635.46,596.0,654.39,635.46,137.61,74.26,16.0,"if ( ObjIdExists ( sender.id, bc) = false  stored information about trustful nodes are reliable; or (ObjIdExists ( receiver.id, bc) = false) then"
11,0,0,0,0,8,6,/HPZLCO+NimbusRomNo9L-Regu,9.96,321.94,629.82,605.87,639.79,629.82,152.21,321.94,6.13,public blockchains are autonomous in ensuring their own
11,0,0,0,0,3,8,/HPZLCO+NimbusRomNo9L-Regu,8.97,89.61,626.39,127.61,635.36,626.39,156.64,89.61,484.39,return Error ()
11,0,0,0,0,11,8,/FXCZBI+NimbusRomNo9L-Medi,8.97,74.26,616.43,591.02,627.83,616.43,164.17,74.26,20.98,"functioning (validation of blocks, consensus, etc.);if (sender.grpId ̸= receiver.grpId ) then"
11,0,0,0,0,12,8,/HPZLCO+NimbusRomNo9L-Regu,8.97,89.61,605.91,600.89,616.33,605.91,175.67,89.61,11.11,"return Error ()  once a smart contract is deployed, users cannot modify"
11,0,0,0,0,18,8,/YLKIXI+CMMI9,8.97,74.26,593.96,610.95,606.37,593.96,185.63,74.26,1.05,"if ( bc.SignV erif(sender.msg )) = failed then it, since the contract was sent and validated through a"
11,0,0,0,0,3,8,/HPZLCO+NimbusRomNo9L-Regu,8.97,89.61,588.33,127.61,597.3,588.33,194.7,89.61,484.39,return Error ()
11,0,0,0,0,14,8,/APXXJY+NimbusMonL-Regu,8.97,74.26,570.05,600.89,583.3,570.05,208.7,74.26,11.11,// Secure data exchange finished with   using public blockchains instead of private ones makes
11,0,0,0,0,28,6,/HPZLCO+NimbusRomNo9L-Regu,9.96,331.99,534.18,605.97,568.05,534.18,223.95,331.99,6.03,"the system scalable and open to any user. In contrary, if a private blockchain was used, adding a new bubble or sending messages (between things), can be performed"
11,0,0,0,0,10,6,/HPZLCO+NimbusRomNo9L-Regu,9.96,58.92,528.95,342.86,538.91,528.95,253.09,58.92,269.14,"Finally, the Figure 2, phase (F) describes a global view"
11,0,0,0,0,8,6,/HPZLCO+NimbusRomNo9L-Regu,9.96,331.99,522.23,600.99,532.19,522.23,259.81,331.99,11.01,only by speciﬁc validator nodes. This approach limits
11,0,0,0,0,10,6,/HPZLCO+NimbusRomNo9L-Regu,9.96,48.96,517.0,311.15,526.96,517.0,265.04,48.96,300.85,of the ecosystem. The certiﬁed things (having tickets) can be
11,0,0,0,0,8,6,/HPZLCO+NimbusRomNo9L-Regu,9.96,331.99,510.27,620.91,520.23,510.27,271.77,331.99,-8.91,considerably the ﬂexibility and openness of our solution.
11,0,0,0,0,150,6,/HPZLCO+NimbusRomNo9L-Regu,9.96,48.96,409.4,625.79,515.0,409.4,277.0,48.96,-13.79,"added to their groups at any time. The number of things per The implementation of our approach was realized usinggroup, theoretically, is unlimited, since it relies on completely Ethereum as blockchain. The choice behind Ethereum  relies decentralized architecture. Objects without tickets or with fake in: (1) it has the second greatest ledger in the world afterones can not be associated to bubbles, thus they can not Bitcoin [46]. Thus, it is very robust against attacks and data communicate with the bubbles’nodes. Thanks to the signature falsiﬁcations; (2) ensures secure transactions based on theof transactions, the object’s authentication and the integrity Elliptic Curves Cryptography , which represents a robust and of the exchanged data is ensured. Finally bubbles are totally lightweight signature scheme for constrained devices; (3) uses separated, and nodes of different bubbles can not send or smart contracts, which facilitates the implementation of the receive information of each other."
11,0,0,0,0,9,6,/HPZLCO+NimbusRomNo9L-Regu,9.96,311.97,400.1,615.83,410.07,400.1,381.93,311.97,-3.83,approach; (4) make easy the creation of decentralized appli-
11,0,0,0,0,13,6,/HPZLCO+NimbusRomNo9L-Regu,9.96,48.96,385.27,592.63,398.11,385.27,393.89,48.96,19.37,"cations, called dApps ; and (5) followed by a big community. C. Summary"
11,0,0,0,0,9,6,/HPZLCO+NimbusRomNo9L-Regu,9.96,321.94,375.92,620.81,385.88,375.92,406.12,321.94,-8.81,The strong requirement behind the restriction of the commu-
11,0,0,0,0,96,6,/HPZLCO+NimbusRomNo9L-Regu,9.96,48.96,308.15,591.57,377.89,308.15,414.11,48.96,20.43,"Once the smart contract is created and sent to  nication between bubbles resides in the fact that the creation of the blockchain through a transaction, it must be  a new bubble is given to any one. Indeed, if the communication validated by miners. If the validation is successful, between bubbles was authorized, if a malicious user creates then, the contract’s owner receives an address (e.g. a new bubble in the goal of communicating with a targeted 0X7A62E5DC89FF47A0675EA74E8E445724610AEFEF ), bubble (e.g hospital bubble ), he will succeed. that references the contract in the blockchain. This address is"
11,0,0,0,0,7,6,/HPZLCO+NimbusRomNo9L-Regu,9.96,321.94,303.91,585.94,313.88,303.91,478.12,321.94,26.06,Knowing that the communication between different use
11,0,0,0,0,12,6,/HPZLCO+NimbusRomNo9L-Regu,9.96,48.96,296.2,342.86,309.77,296.2,482.23,48.96,269.14,8 and can be used by any user without any constraints. public
11,0,0,0,0,13,6,/HPZLCO+NimbusRomNo9L-Regu,9.96,311.97,291.96,630.78,301.92,291.96,490.08,311.97,-18.78,"cases can occur in IoT, in our future works, we will evolve our"
11,0,0,0,0,25,6,/HPZLCO+NimbusRomNo9L-Regu,9.96,48.96,268.05,610.85,293.56,268.05,498.44,48.96,1.15,"To summarize, depending to the object’s type, the smart approach in order to support the cooperation between trusted contract’s rules are applied as follow: bubbles."
11,0,0,0,0,11,6,/FUWWBO+NimbusRomNo9L-ReguItal,9.96,58.92,256.34,294.4,266.3,256.34,525.7,58.92,317.6,Master : can create only one bubble using a unique group
11,0,0,0,0,14,6,/HPZLCO+NimbusRomNo9L-Regu,9.96,68.98,244.39,500.96,257.0,244.39,535.0,68.98,111.04,"VI. E VALUATION AN D ISCUSSIONidentiﬁer, that does not exist in the blockchain. The"
11,0,0,0,0,16,6,/FUWWBO+NimbusRomNo9L-ReguItal,9.96,68.98,230.29,476.36,242.39,230.29,549.61,68.98,135.64,Master’s role is only signing new tickets. If a Master A. Context and use case scenarios
11,0,0,0,0,11,6,/HPZLCO+NimbusRomNo9L-Regu,9.96,68.98,220.48,357.9,230.44,220.48,561.56,68.98,254.1,"is out of service, it does not disturb the functioning of"
11,0,0,0,0,9,6,/HPZLCO+NimbusRomNo9L-Regu,9.96,321.94,214.24,595.91,224.2,214.24,567.8,321.94,16.09,"As described above, the power of our proposed approach"
11,0,0,0,0,7,6,/HPZLCO+NimbusRomNo9L-Regu,9.96,68.98,208.52,283.18,218.48,208.52,573.52,68.98,328.82,the bubble (apart from adding new devices).
11,0,0,0,0,11,6,/HPZLCO+NimbusRomNo9L-Regu,9.96,311.97,202.28,630.78,212.25,202.28,579.75,311.97,-18.78,"relies in its suitability to the majority of IoT scenarios, all"
11,0,0,0,0,10,6,/FUWWBO+NimbusRomNo9L-ReguItal,9.96,58.92,196.57,292.86,206.53,196.57,585.47,58.92,319.14,Follower: (1) is associated only if its bubble exists; (2)
11,0,0,0,0,9,6,/HPZLCO+NimbusRomNo9L-Regu,9.96,311.97,190.33,615.83,200.29,190.33,591.71,311.97,-3.83,"within ensuring an easy integration of new devices, services"
11,0,0,0,0,12,6,/HPZLCO+NimbusRomNo9L-Regu,9.96,68.98,184.61,313.89,194.57,184.61,597.43,68.98,298.11,can not belong to more than one bubble ; (3) can not
11,0,0,0,0,10,6,/HPZLCO+NimbusRomNo9L-Regu,9.96,311.97,178.37,590.93,188.34,178.37,603.66,311.97,21.07,and use cases. In this section we evaluate our approach
11,0,0,0,0,11,6,/HPZLCO+NimbusRomNo9L-Regu,9.96,68.98,172.66,349.73,182.62,172.66,609.38,68.98,262.27,create a new bubble ; and (4) its ﬁrst transaction requires
11,0,0,0,0,9,6,/HPZLCO+NimbusRomNo9L-Regu,9.96,311.97,166.42,610.85,176.38,166.42,615.62,311.97,1.15,"regarding its execution time, energy consumption as well as"
11,0,0,0,0,9,6,/HPZLCO+NimbusRomNo9L-Regu,9.96,68.98,160.7,291.52,170.66,160.7,621.34,68.98,320.48,"an authentication, using a ticket signed by the group’s"
11,0,0,0,0,11,6,/HPZLCO+NimbusRomNo9L-Regu,9.96,311.97,154.46,620.81,164.43,154.46,627.57,311.97,-8.81,the ﬁnancial cost of some use cases. The use cases considered
11,0,0,0,0,3,6,/FUWWBO+NimbusRomNo9L-ReguItal,9.96,68.98,148.74,133.74,158.71,148.74,633.29,68.98,478.26,Master private key.
11,0,0,0,0,6,6,/HPZLCO+NimbusRomNo9L-Regu,9.96,311.97,142.51,466.39,152.47,142.51,639.53,311.97,145.61,in the ﬁnancial cost study are:
11,0,0,0,0,12,6,/FUWWBO+NimbusRomNo9L-ReguItal,9.96,58.92,136.79,361.77,146.75,136.79,645.25,58.92,250.23,"Both : (1) the object identiﬁer must be unique, (2) the ob-"
11,0,0,0,0,10,6,/FXCZBI+NimbusRomNo9L-Medi,9.96,321.94,130.28,546.09,140.24,130.28,651.76,321.94,65.91,Smart house : is a house equipped with special structured
11,0,0,0,0,10,6,/HPZLCO+NimbusRomNo9L-Regu,9.96,68.98,124.83,362.88,134.8,124.83,657.2,68.98,249.12,ject’s public address and the key-pair must be unique; (3)
11,0,0,0,0,10,6,/HPZLCO+NimbusRomNo9L-Regu,9.96,311.97,118.32,610.85,128.29,118.32,663.71,311.97,1.15,wiring to enable occupants to remotely control or program a
11,0,0,0,0,8,6,/HPZLCO+NimbusRomNo9L-Regu,9.96,68.98,112.88,337.97,122.84,112.88,669.16,68.98,274.03,messages must be exchanged between nodes belonging to
11,0,0,0,0,10,6,/HPZLCO+NimbusRomNo9L-Regu,9.96,311.97,106.37,600.89,116.33,106.37,675.67,311.97,11.11,set of automated home electronic devices. In this work we
11,0,0,0,0,11,6,/HPZLCO+NimbusRomNo9L-Regu,9.96,68.98,100.92,345.06,110.89,100.92,681.11,68.98,266.94,the same bubble . (4) all the transactions must be signed
11,0,0,0,0,10,6,/HPZLCO+NimbusRomNo9L-Regu,9.96,311.97,94.41,590.93,104.38,94.41,687.62,311.97,21.07,consider a smart home equipped with (1) a device having
11,0,0,0,0,12,6,/HPZLCO+NimbusRomNo9L-Regu,9.96,311.97,82.46,615.83,92.42,82.46,699.58,311.97,-3.83,the function to store a shopping list and to order it online
11,0,0,0,0,22,6,/HPZLCO+NimbusRomNo9L-Regu,9.96,56.93,69.51,615.83,80.46,69.51,711.54,56.93,-3.83,"following a certain programmed schedule. (2) a smart fridge, 8The creator of the contract can advertise and publish this address via a"
11,0,0,0,0,13,10,/HPZLCO+NimbusRomNo9L-Regu,7.97,48.96,58.55,600.89,68.51,58.55,723.49,48.96,11.11,web site for example. programmed to keep continuously certain food. If this food
12,0,0,0,1,3,10,/HPZLCO+NimbusRomNo9L-Regu,7.97,365.47,722.36,471.32,730.33,722.36,61.67,365.47,140.68,CPU  CPU  CPU
12,0,0,0,0,12,6,/HPZLCO+NimbusRomNo9L-Regu,9.96,48.96,716.08,337.87,726.04,716.08,65.96,48.96,274.13,"is consumed, it sends a message to add it to the shopping"
12,0,0,0,0,5,10,/HPZLCO+NimbusRomNo9L-Regu,7.97,318.35,713.39,570.2,721.36,713.39,70.64,318.35,41.8,Node  architec-  operation  max  Operation
12,0,0,0,0,56,10,/HPZLCO+NimbusRomNo9L-Regu,7.97,48.96,668.26,566.22,714.09,668.26,77.91,48.96,45.78,"list. (3) a smart washing machine, which monitors the level of type ture mode speed System washing powder. If the level reaches a certain threshold, the Raspberry  700  Raspbian PI MHz 4.9.41washing machine sends a message to add it to the shopping HP  2600  Ubuntu list. (3) a remote watering system, which can be triggered by"
12,0,0,0,0,3,10,/HPZLCO+NimbusRomNo9L-Regu,7.97,318.35,663.78,555.49,671.75,663.78,120.25,318.35,56.51,laptop MHz 14.04
12,0,0,0,0,21,6,/HPZLCO+NimbusRomNo9L-Regu,9.96,48.96,643.36,560.53,666.27,643.36,125.73,48.96,51.47,a smart phone. (4) a remote vacuum that can also be triggered by a smart phone. TABLE III: Experimentation nodes’ features
12,0,0,0,0,7,6,/FXCZBI+NimbusRomNo9L-Medi,9.96,58.92,632.27,233.27,642.23,632.27,149.77,58.92,378.73,Waste management: waste management is an increasing
12,0,0,0,0,19,6,/HPZLCO+NimbusRomNo9L-Regu,9.96,48.96,608.36,352.82,630.27,608.36,161.73,48.96,259.18,"problem in urban living. One of the known problems is the garbage-truck route [47]. Indeed, the garbage-truck needs to"
12,0,0,0,0,10,6,/HPZLCO+NimbusRomNo9L-Regu,9.96,321.94,601.53,545.02,611.49,601.53,180.51,321.94,66.98,"As described in Section V, we used Ethereum as blockchain."
12,0,0,0,0,11,6,/HPZLCO+NimbusRomNo9L-Regu,9.96,48.96,596.4,332.89,606.36,596.4,185.64,48.96,279.11,"pick up all garbage cans even when they are empty, which"
12,0,0,0,0,9,6,/HPZLCO+NimbusRomNo9L-Regu,9.96,311.97,589.58,600.89,599.54,589.58,192.46,311.97,11.11,We developed the smart contract that ensures our approach
12,0,0,0,0,14,6,/HPZLCO+NimbusRomNo9L-Regu,9.96,48.96,584.44,332.89,594.41,584.44,197.59,48.96,279.11,"leads to fuel and time loss, as well as an increase of CO 2"
12,0,0,0,0,8,6,/HPZLCO+NimbusRomNo9L-Regu,9.96,311.97,577.62,571.15,587.58,577.62,204.42,311.97,40.85,functioning using Solidity language [49]. For the interactions
12,0,0,0,0,10,6,/HPZLCO+NimbusRomNo9L-Regu,9.96,48.96,572.49,352.82,582.45,572.49,209.55,48.96,259.18,in the ecological footprint. This problem can be more costly
12,0,0,0,0,10,6,/HPZLCO+NimbusRomNo9L-Regu,9.96,311.97,565.67,561.04,575.63,565.67,216.37,311.97,50.96,"between end-nodes and the blockchain, we created a C++ in-"
12,0,0,0,0,13,6,/HPZLCO+NimbusRomNo9L-Regu,9.96,48.96,560.32,533.71,570.5,560.32,221.5,48.96,78.29,"if we consider the trucks that go by the plastic, paper, glass  9"
12,0,0,0,0,8,6,/HPZLCO+NimbusRomNo9L-Regu,9.96,311.97,553.71,574.06,563.67,553.71,228.33,311.97,37.94,terface that encode/decode data toward/from Ethereum . These
12,0,0,0,0,13,6,/HPZLCO+NimbusRomNo9L-Regu,9.96,48.96,545.37,573.15,558.54,545.37,233.46,48.96,38.85,"or other special material collection, where the garbage cans  10 Remote Procedure Call"
12,0,0,0,0,5,6,/HPZLCO+NimbusRomNo9L-Regu,9.96,311.97,541.76,466.39,551.72,541.76,240.28,311.97,145.61,interactions are realized using JSON
12,0,0,0,0,9,6,/HPZLCO+NimbusRomNo9L-Regu,9.96,48.96,536.62,332.89,546.59,536.62,245.41,48.96,279.11,are mostly underground and have a very complex procedure
12,0,0,0,0,9,6,/FUWWBO+NimbusRomNo9L-ReguItal,9.96,311.97,529.8,544.26,539.76,529.8,252.24,311.97,67.74,"(RPC). Indeed, we used TestRPC [50], which represents a"
12,0,0,0,0,10,6,/HPZLCO+NimbusRomNo9L-Regu,9.96,48.96,524.67,332.89,534.63,524.67,257.37,48.96,279.11,"to empty them, which in numerous cases makes trafﬁc jams"
12,0,0,0,0,9,6,/FUWWBO+NimbusRomNo9L-ReguItal,9.96,311.97,517.85,571.0,527.81,517.85,264.19,311.97,41.0,Ethereum tool for testing and development purposes and that
12,0,0,0,0,9,6,/HPZLCO+NimbusRomNo9L-Regu,9.96,48.96,512.71,347.84,522.68,512.71,269.32,48.96,264.16,"that engender more pollution, time and money loss. Luckily,"
12,0,0,0,0,8,6,/HPZLCO+NimbusRomNo9L-Regu,9.96,311.97,505.89,620.81,515.85,505.89,276.15,311.97,-8.81,emulates interactions to the blockchain without the overheads
12,0,0,0,0,10,6,/HPZLCO+NimbusRomNo9L-Regu,9.96,48.96,500.76,352.82,510.72,500.76,281.28,48.96,259.18,IoT can bring about multiple solutions. By using IoT devices
12,0,0,0,0,10,6,/HPZLCO+NimbusRomNo9L-Regu,9.96,311.97,493.94,551.31,503.9,493.94,288.1,311.97,60.69,of running a real Ethereum node. An approach deployed using
12,0,0,0,0,9,6,/HPZLCO+NimbusRomNo9L-Regu,9.96,48.96,488.8,332.89,498.77,488.8,293.23,48.96,279.11,"inside the garbage cans, these devices will be connected"
12,0,0,0,0,11,6,/HPZLCO+NimbusRomNo9L-Regu,9.96,311.97,481.98,566.02,491.94,481.98,300.06,311.97,45.98,"TestRPC, acts exactly in the same way on the public Ethereum"
12,0,0,0,0,8,6,/HPZLCO+NimbusRomNo9L-Regu,9.96,48.96,476.85,332.89,486.81,476.85,305.19,48.96,279.11,"to a management application, where they send information"
12,0,0,0,0,9,6,/HPZLCO+NimbusRomNo9L-Regu,9.96,311.97,470.03,556.06,479.99,470.03,312.01,311.97,55.94,"blockchain. Thus, our approach can be deployed on Ethereum"
12,0,0,0,0,10,6,/HPZLCO+NimbusRomNo9L-Regu,9.96,48.96,464.89,367.76,474.85,464.89,317.15,48.96,244.24,"about can’s ﬁlling state. Based on this information, the server"
12,0,0,0,0,3,6,/HPZLCO+NimbusRomNo9L-Regu,9.96,311.97,458.07,441.49,468.03,458.07,323.97,311.97,170.51,without any modiﬁcations.
12,0,0,0,0,14,6,/HPZLCO+NimbusRomNo9L-Regu,9.96,48.96,452.94,347.84,462.9,452.94,329.1,48.96,264.16,decides on whether to add the can to the list of cans to be
12,0,0,0,0,10,6,/HPZLCO+NimbusRomNo9L-Regu,9.96,321.94,445.45,625.8,455.41,445.45,336.59,321.94,-13.8,"In our study, we was not interested in communication transit"
12,0,0,0,0,8,6,/HPZLCO+NimbusRomNo9L-Regu,9.96,48.96,440.98,347.84,450.94,440.98,341.06,48.96,264.16,"emptied. Next, the management application uses graph theory"
12,0,0,0,0,10,6,/HPZLCO+NimbusRomNo9L-Regu,9.96,311.97,433.49,610.85,443.46,433.49,348.54,311.97,1.15,"time, because it depends on the used network technology and"
12,0,0,0,0,11,6,/HPZLCO+NimbusRomNo9L-Regu,9.96,48.96,429.03,347.84,438.99,429.03,353.01,48.96,264.16,techniques in order to deﬁne a cheaper path for the garbage
12,0,0,0,0,9,6,/HPZLCO+NimbusRomNo9L-Regu,9.96,311.97,421.54,615.83,431.5,421.54,360.5,311.97,-3.83,protocols. Our interest concerns the study of our approach’s
12,0,0,0,0,10,6,/HPZLCO+NimbusRomNo9L-Regu,9.96,311.97,409.58,595.91,419.55,409.58,372.45,311.97,16.09,"impact on devices, and since we use a public blockchain,"
12,0,0,0,0,8,6,/FXCZBI+NimbusRomNo9L-Medi,9.96,58.92,404.99,250.12,414.95,404.99,377.05,58.92,361.88,Smart factory: the advance in Cyber Physical Systems
12,0,0,0,0,12,6,/HPZLCO+NimbusRomNo9L-Regu,9.96,311.97,397.63,615.83,407.59,397.63,384.41,311.97,-3.83,"where we do not have any control on its functioning, all our"
12,0,0,0,0,8,6,/FUWWBO+NimbusRomNo9L-ReguItal,9.96,48.96,393.03,327.91,402.99,393.03,389.01,48.96,284.09,"(CPS) introduces the fourth stage of industrialization, com-"
12,0,0,0,0,9,6,/HPZLCO+NimbusRomNo9L-Regu,9.96,311.97,385.67,615.83,395.64,385.67,396.36,311.97,-3.83,results are measured at devices level. The presented results
12,0,0,0,0,11,6,/HPZLCO+NimbusRomNo9L-Regu,9.96,48.96,381.08,347.84,391.04,381.08,400.96,48.96,264.16,monly known as industry 4.0 or smart factories [3]. A smart
12,0,0,0,0,6,6,/HPZLCO+NimbusRomNo9L-Regu,9.96,311.97,373.72,556.06,383.68,373.72,408.32,311.97,55.94,concerns 100 experimentations where we measured:
12,0,0,0,0,318,6,/HPZLCO+NimbusRomNo9L-Regu,9.96,48.96,139.36,645.72,379.08,139.36,412.92,48.96,-33.72,"factory is characterized by a self-organized multi-agent system 1) the needed time to prepare an association request assisted with big data based feedback and coordination [48]. 2) the needed time to prepare a data message In other words, in a smart factory, numerous automated ma3) the CPU power consumption to prepare an association chines such as robotic arms, robots and autonomous driverless request vehicles, which are equipped with communication devices to 4) the CPU power consumption to prepare a data message communicate between them and also between them and the 5) the Network Interface Controller (NIC) power consump- outside world (customers, partners, other production sites) in tion to send an association (send request + receive order to provide a better organization and scheduling of the response) production. 6) the NIC power consumption to send a data message Smart road radar: a smart road radar, is a road radar that (send message + receive a receipt) can be controlled and set up remotely in order to avoid human interventions. Its main function is to measure the speed of In this work, we are only interested in Followers consumproad users. If it detects a speed violator, it sends a message tions. Indeed, the Master needs only one transaction to create containing its photographed license plate and its measured the bubble . This transaction is the same as for a Follower to speed to the management system.  associate itself, but without a ticket. Thus, it has smaller size, In all the described scenarios, multiple sensitive messages which leads to less communication costs. Once the bubble is and informations are sent in the network. If a malicious user created, apart from signing tickets, the Master can act as a forge, modify or replay (in some cases) these messages, the Follower for sending and receiving messages. consequences will be disastrous. Thus, the authentication and integrity of these messages are crucial. C. Evaluation results"
12,0,0,0,0,12,6,/FUWWBO+NimbusRomNo9L-ReguItal,9.96,48.96,121.92,501.26,131.9,121.92,660.1,48.96,110.74,"1) Security requirements evaluation: In this section, we dis- B. Evaluation framework"
12,0,0,0,0,30,6,/HPZLCO+NimbusRomNo9L-Regu,9.96,48.96,94.41,605.87,119.94,94.41,672.06,48.96,6.13,"cuss how our proposed approach meets the different securityIn order to evaluate the time and power consumption of our approach, we used three end nodes: 2 identical laptops and 1"
12,0,0,0,0,10,10,/HPZLCO+NimbusRomNo9L-Regu,7.97,319.94,88.34,557.52,99.12,88.34,692.88,319.94,54.48,9The approache’s source code including the C++ interface and the
12,0,0,0,0,10,6,/HPZLCO+NimbusRomNo9L-Regu,9.96,48.96,82.46,292.29,92.42,82.46,699.58,48.96,319.71,Raspberry Pi. One laptop was designed asMaster and the other
12,0,0,0,0,6,10,/HPZLCO+NimbusRomNo9L-Regu,7.97,311.97,79.37,590.93,87.34,79.37,704.66,311.97,21.07,smart contract is available on: https://github.com/MohamedTaharHAMMI/
12,0,0,0,0,24,6,/HPZLCO+NimbusRomNo9L-Regu,9.96,48.96,58.55,465.9,80.47,58.55,711.53,48.96,146.1,end-nodes as Followers . Table III describes their features. The BubblesOfTrust-BBTrust-/tree/master. 10JSON is a standard textual data format.end-nodes’ applications are developed using C++ language.
12,0,0,0,0,9,10,/HPZLCO+NimbusRomNo9L-Regu,7.97,0.0,-7.97,31.88,0.0,-7.97,792.0,0.0,580.12,RAM armv6l 32-bits 450 MB x86_64 64-bits 8 GB
13,0,0,0,0,6,10,/HPZLCO+NimbusRomNo9L-Regu,7.97,268.92,722.36,441.81,730.33,722.36,61.67,268.92,170.19,CPU pow  CPU pow  NIC pow
13,0,0,0,0,21,10,/HPZLCO+NimbusRomNo9L-Regu,7.97,82.35,704.43,529.72,721.36,704.43,70.64,82.35,82.28,Node  Assoc time  Data msg  assoc  data msg  assoc  NIC pow data type (ms) time (ms) (mWatt) (mWatt) (mWatt) msg (mWatt)
13,0,0,0,0,3,10,/HPZLCO+NimbusRomNo9L-Regu,7.97,82.35,661.39,122.2,689.68,661.39,102.32,82.35,489.8,Raspberry PI Laptop
13,0,0,0,0,11,6,/HPZLCO+NimbusRomNo9L-Regu,9.96,143.78,640.96,532.32,650.93,640.96,141.07,143.78,79.68,TABLE IV: Statistics (Average and Standard Deviation) of the obtained results
13,0,0,0,0,827,6,/HPZLCO+NimbusRomNo9L-Regu,9.96,48.96,58.55,635.76,610.88,58.55,181.12,48.96,-23.76,"requirements presented in Section III-A and how it is protected ture of blockchains makes them robust against DoS/DDoS against attacks presented in Section III-B3. attacks. Indeed, services are duplicated and distributed over different network nodes. That is to say, even if an attacker Mutual authentication and messages integrity: each obmanages to block a node, it can not block all the other ject of the ecosystem uses a ticket (for the ﬁrst transaction), nodes. In addition, transactions are costly, which discourage which is, as described, a certiﬁcate equivalent. The tickets are an attacker from spending money by sending a big number only delivered to legitimate objects during the initialisation of transactions. Furthermore, in some blockchains such asphase. All exchanged messages are signed with the private Ethereum, the transaction’s price is related to the transmitted keys associated to those tickets, using ECDSA algorithm. Thus, transaction packet size.signatures ensure the authentication of the device, as well as the integrity of messages. Besides, as explained in Section II, 2) Time consumption: The columns 2, 3, 4 and 5 of Table the blockchain is considered as trustful. IV describes the average and standard deviation of the associIdentiﬁcation: Each object owns an identity ( objID  associ-  ation request and data messages preparation times, computed ated to a grpID and to its public address (generated from its over the 100 realized experimentations. The average needed public key)). The trustworthiness of this identity is ensured by time to realize an association request is 1.56 milliseconds (ms) the signature of the Master in the ticket . Each message of this for the laptop. The Raspberry Pi needs more time with 28.03 object is signed by its private key which is associated to its ms. However in both cases the standard deviation is low which identity. Consequently, the system can easily identify it.witnesses about the stability of computations. In comparison to these results, data messages sending consumes less time: 0.04 Non repudiation: since the messages are signed using the ms for the laptop and 0.82 ms for the Raspberry Pi. The reason private key, which is known only by its owner object, its is of such a difference relies in the complexity of the association only this owner who can use it. Thus, it cannot deny the fact request in comparison to the send operation of a data message. of signing a message. Moreover, in this case also, the standard deviation has a low Scalability: our system relies on a public blockchain, value.which, in turn, relies on a peer-to-peer network. It is known that peer-to-peer networks are one of the best solutions to meet 3) Energy consumption: The columns 6, 7, 8 and 9 of scalability at large scale [51]. Table IV describes the average and standard deviation of the Sybil attack protection: In our design, each object can have  energy consumption needed by the CPU in order to realize only one identity and each identity can have only one key-pair (1) the association request and (2) to send a data message. at a given time. Each communication message must be signed The Raspberry Pi consumes 64.16 milliwatt (mW) to realize by the private key associated to this identity. Moreover, all an association request while only 9.76 mW are consumed by identities must be approved by the system, thus, an attacker the laptop. For message’s sending, the Raspberry Pi needs cannot use fake identities. 16.29 mW while the laptop needs 3.35 mW. These differences, are -as explained above- due to the complexity of association Spooﬁng attack protection: as described for the authentirequest in comparison to simple message’s sending. cation or the sybil attack protection, an attacker cannot spoof another object’s identity, since he needs its private key.The columns 10, 11, 12 and 13 of Table IV describes the Message substitution protection: since all messages are  average and standard deviation of the energy consumption signed, if an attacker alters or substitutes a messages, he must needed by the Network Interface Controller (NIC) in order sign it with a valid private key. However, only trusted objects to realize (1) the association request and (2) to send a data have been given tickets (valid key-pairs) at the initialization message. The Raspberry Pi requires 89.24 mW to execute phase. an association request while the laptop needs 16.14 mW. For message’s sending, the Raspberry Pi consumes 31.22 mW and Message replay protection: all messages are considered the laptop 12.54 mW. One can note the big difference between as transactions. Each transaction has a timestamp and needs a CI and CPU consumptions. This, conﬁrms the well known fact consensus phase in order to be valid. Thus, an attacker cannot that network communications are the most costly operations reply messages, since the consensus mechanism will reject for a system. them. [52] describes how blockchains are robust against replay attacks. The Figure 4 describes the impact of messages’ sending on DoS/DDoS protection: the totally decentralized architec-  the CPU and the Dynamic Random Access Memory (DRAM)"
13,0,0,0,0,35,10,/HPZLCO+NimbusRomNo9L-Regu,7.97,0.0,-7.97,23.91,0.0,-7.97,792.0,0.0,588.09,SD Av. SD Av. SD Av. SD Av. SD Av. SD 28.03 0.045 0.82 0.029 64.16 8.19 16.29 1.10 89.24 14.01 31.22 15.11 1.56 0.13 0.04 0.001 9.76 2.04 3.35 0.87 16.14 2.69 12.54 4.51
14,0,0,0,0,317,6,/HPZLCO+NimbusRomNo9L-Regu,9.96,48.96,488.47,630.78,726.04,488.47,65.96,48.96,-18.78,"energy consumption for the tested devices. The ﬁgures de- that our approach can bring, because it depends on the number scribe three phases of the system functioning: (1) an idle of can’s that the truck must go through, their localization and phase; (2) the execution of a loop that sends 100 messages many other parameters (e.g. the city map and geography). where there is a break of 100 ms between each message; and Table V describes the estimated ﬁnancial cost of the previ(3) the return to the idle phase. The measures where realized ously presented scenarios, regarding the number of considered measurement toolusing RAPL 11 12 . The Figure 4.a describes transactions for one month. The values described in Table the laptop’s results where the loop is executed at the 12 thV were obtained using Algorithm 4. For this evaluation 14second and the Figure 4.b describes the Raspberry Pi’s results we use Ethereum Classic cryptocurrency. However, other second. In both cases, where the loop is executed at the 15 thcryptocurrencies, less or more expansive than ETC can be one can note that the impact of the loop is really negligible. considered. The other existing peaks are related to the operating system Algorithm 4: Bubble of trust cost calculatoractivity. 4) Financial cost: In this section we describe the ﬁnancial  const _trans_cost = 500 // gas cost of the use cases presented in Section VI-A. const _call_cost = 20 // gas Smart house: for the smart house scenario, we consider  const _gas_in_eth = 0.00001 // ETH (1) the smart washing machine sends 1 request per week const _eth_in_euro = 13.75 // Euro for adding the washing powder on the shopping list, which requires 1 transaction per week. This transaction involves 1 Function Cost (double trans_number, double call operation in order to retrieve the information. (2) the smart call_number) fridge orders twice a week. (3) the shopping list application begin"
14,0,0,0,0,16,8,/HPZLCO+NimbusRomNo9L-Regu,8.97,48.96,476.51,551.6,489.07,476.51,302.93,48.96,60.4,return ((trans_number ×_trans_cost) + (call_number ×makes two orders per week. (4) the smart watering system is
14,0,0,0,0,6,8,/HPZLCO+NimbusRomNo9L-Regu,8.97,337.28,470.14,512.55,479.11,470.14,312.89,337.28,99.45,_call_cost)) × _gas_in_eth × _eth_in_euro ;
14,0,0,0,0,25,6,/HPZLCO+NimbusRomNo9L-Regu,9.96,48.96,440.65,352.82,474.52,440.65,317.48,48.96,259.18,"used twice a week. Finally (5) the smart vacuum is used 3 times a week. Consequently, 40 transactions and 40 calls are triggered per month."
14,0,0,0,0,10,6,/FUWWBO+NimbusRomNo9L-ReguItal,9.96,321.94,434.82,486.32,444.78,434.82,347.22,321.94,125.68,5) Comparison with related works: Since there is no similar
14,0,0,0,0,9,6,/FXCZBI+NimbusRomNo9L-Medi,9.96,58.92,428.5,258.17,438.47,428.5,353.53,58.92,353.83,Smart factory: we consider a smart factory that works
14,0,0,0,0,7,6,/HPZLCO+NimbusRomNo9L-Regu,9.96,311.97,422.86,615.83,432.82,422.86,359.18,311.97,-3.83,"approach that provide authentication relying on blockchains,"
14,0,0,0,0,12,6,/HPZLCO+NimbusRomNo9L-Regu,9.96,48.96,416.55,327.91,426.51,416.55,365.49,48.96,284.09,12 hours a day. It owns 30 robotic arms (divided into 2
14,0,0,0,0,11,6,/HPZLCO+NimbusRomNo9L-Regu,9.96,311.97,410.91,610.85,420.87,410.91,371.13,311.97,1.15,it is very hard to compare our approach with related works.
14,0,0,0,0,9,6,/HPZLCO+NimbusRomNo9L-Regu,9.96,48.96,404.59,342.86,414.55,404.59,377.45,48.96,269.14,types) and 10 autonomous vehicles. Each ﬁnal product needs
14,0,0,0,0,9,6,/HPZLCO+NimbusRomNo9L-Regu,9.96,311.97,398.95,620.81,408.92,398.95,383.08,311.97,-8.81,"Thus, we compare it with other authentication approaches that"
14,0,0,0,0,9,6,/HPZLCO+NimbusRomNo9L-Regu,9.96,48.96,392.64,347.84,402.6,392.64,389.4,48.96,264.16,the contribution of two different robotic arms of different
14,0,0,0,0,5,6,/HPZLCO+NimbusRomNo9L-Regu,9.96,311.97,387.0,461.41,396.96,387.0,395.04,311.97,150.59,rely on an association phase.
14,0,0,0,0,10,6,/HPZLCO+NimbusRomNo9L-Regu,9.96,48.96,380.68,337.87,390.64,380.68,401.36,48.96,274.13,"types. Once the ﬁrst one ﬁnishes, it prepares the product"
14,0,0,0,0,9,6,/HPZLCO+NimbusRomNo9L-Regu,9.96,321.94,374.9,620.81,384.86,374.9,407.14,321.94,-8.81,In [53] and [54] the authors propose authentication schemes
14,0,0,0,0,11,6,/HPZLCO+NimbusRomNo9L-Regu,9.96,48.96,368.73,337.87,378.69,368.73,413.31,48.96,274.13,for the second machine and sends a message to trigger it.
14,0,0,0,0,8,6,/HPZLCO+NimbusRomNo9L-Regu,9.96,311.97,362.94,516.21,372.9,362.94,419.1,311.97,95.79,based on Datagram Transport Layer Security (DTLS) al-
14,0,0,0,0,11,6,/HPZLCO+NimbusRomNo9L-Regu,9.96,48.96,356.77,342.86,366.73,356.77,425.27,48.96,269.14,"When the second machine ﬁnishes, it sends a message to the"
14,0,0,0,0,11,6,/HPZLCO+NimbusRomNo9L-Regu,9.96,311.97,350.99,555.12,360.95,350.99,431.05,311.97,56.88,"gorithm [55]. In the DTLS , the association phase ( DTLS"
14,0,0,0,0,8,6,/HPZLCO+NimbusRomNo9L-Regu,9.96,48.96,344.82,337.87,354.78,344.82,437.22,48.96,274.13,"autonomous vehicle, which transports the ﬁnal product and"
14,0,0,0,0,9,6,/HPZLCO+NimbusRomNo9L-Regu,9.96,311.97,339.03,615.83,348.99,339.03,443.01,311.97,-3.83,"handshake) require at least 5 messages. Moreover, other mes-"
14,0,0,0,0,9,6,/HPZLCO+NimbusRomNo9L-Regu,9.96,48.96,332.86,357.8,342.82,332.86,449.18,48.96,254.2,sends a notiﬁcation to a management application. Each product
14,0,0,0,0,10,6,/HPZLCO+NimbusRomNo9L-Regu,9.96,311.97,327.07,595.91,337.04,327.07,454.96,311.97,16.09,sages can be added like the Change Cipher Suite Message.
14,0,0,0,0,11,6,/HPZLCO+NimbusRomNo9L-Regu,9.96,48.96,320.91,352.82,330.87,320.91,461.13,48.96,259.18,needs 30 minutes in order to be manufactured (15 minutes for
14,0,0,0,0,10,6,/HPZLCO+NimbusRomNo9L-Regu,9.96,311.97,315.12,620.81,325.08,315.12,466.92,311.97,-8.81,"Finally, the association phase can include 8 messages. In [56]"
14,0,0,0,0,7,6,/HPZLCO+NimbusRomNo9L-Regu,9.96,48.96,308.95,327.91,318.91,308.95,473.09,48.96,284.09,"each machine). Consequently, each autonomous machine of"
14,0,0,0,0,9,6,/FUWWBO+NimbusRomNo9L-ReguItal,9.96,311.97,303.16,561.04,313.13,303.16,478.87,311.97,50.96,Yeh et al. proposed an authentication protocol for Wireless
14,0,0,0,0,10,6,/HPZLCO+NimbusRomNo9L-Regu,9.96,48.96,297.0,362.78,306.96,297.0,485.04,48.96,249.22,the factory sends one transaction each 15 minutes and triggers
14,0,0,0,0,7,6,/HPZLCO+NimbusRomNo9L-Regu,9.96,311.97,291.21,600.89,301.17,291.21,490.83,311.97,11.11,Sensor Networks relying Elliptic Curves Cryptography. The
14,0,0,0,0,12,6,/HPZLCO+NimbusRomNo9L-Regu,9.96,48.96,285.04,367.76,295.0,285.04,497.0,48.96,244.24,"1 call. Thus, 1920 transactions and 1920 calls are used per day"
14,0,0,0,0,9,6,/HPZLCO+NimbusRomNo9L-Regu,9.96,311.97,279.25,605.87,289.22,279.25,502.78,311.97,6.13,"association phase requires 5 messages. Besides, the use of"
14,0,0,0,0,4,6,/HPZLCO+NimbusRomNo9L-Regu,9.96,48.96,273.09,228.29,283.05,273.09,508.95,48.96,383.71,(45360 transactions/call per month).
14,0,0,0,0,10,6,/HPZLCO+NimbusRomNo9L-Regu,9.96,311.97,267.3,595.91,277.26,267.3,514.74,311.97,16.09,"a gateway is required, which can duplicate the number of"
14,0,0,0,0,11,6,/FXCZBI+NimbusRomNo9L-Medi,9.96,58.92,260.94,258.17,270.91,260.94,521.09,58.92,353.83,"Smart road radar: for this scenario, we take the case of"
14,0,0,0,0,10,6,/HPZLCO+NimbusRomNo9L-Regu,9.96,311.97,255.34,557.18,265.31,255.34,526.69,311.97,54.82,messages. In [57] Jan et al. proposed a robust authentication
14,0,0,0,0,10,6,/HPZLCO+NimbusRomNo9L-Regu,9.96,48.96,248.99,347.84,258.95,248.99,533.05,48.96,264.16,"Paris city. In 2015, radars detected 703957 speed violations 13."
14,0,0,0,0,9,6,/HPZLCO+NimbusRomNo9L-Regu,9.96,311.97,243.39,605.87,253.35,243.39,538.65,311.97,6.13,scheme for IoT. The association phase behind this approach
14,0,0,0,0,10,6,/HPZLCO+NimbusRomNo9L-Regu,9.96,48.96,237.03,327.91,247.0,237.03,545.0,48.96,284.09,"we consider this number in our study, thus, we consider"
14,0,0,0,0,3,6,/HPZLCO+NimbusRomNo9L-Regu,9.96,311.97,231.43,416.58,241.4,231.43,550.6,311.97,195.42,requires 4 messages.
14,0,0,0,0,5,6,/HPZLCO+NimbusRomNo9L-Regu,9.96,48.96,225.08,228.29,235.04,225.08,556.96,48.96,383.71,"58663,08 speed violations per month."
14,0,0,0,0,11,6,/HPZLCO+NimbusRomNo9L-Regu,9.96,321.94,219.33,600.89,229.3,219.33,562.7,321.94,11.11,It is known (and proved by tests described in Table IV)
14,0,0,0,0,7,6,/FXCZBI+NimbusRomNo9L-Medi,9.96,58.92,212.94,238.25,222.9,212.94,569.1,58.92,373.75,"Waste management: as described, certain garbage cans"
14,0,0,0,0,9,6,/HPZLCO+NimbusRomNo9L-Regu,9.96,311.97,207.38,615.83,217.34,207.38,574.66,311.97,-3.83,"that Input/Output operations are the most costly ones. Thus,"
14,0,0,0,0,10,6,/HPZLCO+NimbusRomNo9L-Regu,9.96,48.96,200.98,342.86,210.94,200.98,581.06,48.96,269.14,like those used for plastic or glass are often underground
14,0,0,0,0,11,6,/HPZLCO+NimbusRomNo9L-Regu,9.96,311.97,195.42,595.91,205.38,195.42,586.62,311.97,16.09,"the less is the number of messages, the less is system’s"
14,0,0,0,0,9,6,/HPZLCO+NimbusRomNo9L-Regu,9.96,48.96,189.03,342.86,198.99,189.03,593.01,48.96,269.14,"and have a complicated procedure to empty them. Generally,"
14,0,0,0,0,6,6,/HPZLCO+NimbusRomNo9L-Regu,9.96,311.97,183.47,600.89,193.43,183.47,598.57,311.97,11.11,"consumption, especially for constrained devices. Compared"
14,0,0,0,0,12,6,/HPZLCO+NimbusRomNo9L-Regu,9.96,48.96,177.07,357.8,187.03,177.07,604.97,48.96,254.2,there is no gauge to indicate their ﬁlling level. Even if the
14,0,0,0,0,9,6,/HPZLCO+NimbusRomNo9L-Regu,9.96,311.97,171.51,595.91,181.47,171.51,610.53,311.97,16.09,"to the works described above, our approach requires only"
14,0,0,0,0,11,6,/HPZLCO+NimbusRomNo9L-Regu,9.96,48.96,165.12,342.86,175.08,165.12,616.92,48.96,269.14,"gauge exists, the garbage truck must go through the can to"
14,0,0,0,0,11,6,/HPZLCO+NimbusRomNo9L-Regu,9.96,311.97,159.56,610.85,169.52,159.56,622.48,311.97,1.15,2 messages: (1) the transaction sent from the device to the
14,0,0,0,0,12,6,/HPZLCO+NimbusRomNo9L-Regu,9.96,48.96,153.16,362.78,163.12,153.16,628.88,48.96,249.22,verify it. It is clear that any decrease in cans number (which
14,0,0,0,0,9,6,/HPZLCO+NimbusRomNo9L-Regu,9.96,311.97,147.6,615.83,157.56,147.6,634.44,311.97,-3.83,"blockchain and (2) the blockchain’s response, which makes it"
14,0,0,0,0,8,6,/HPZLCO+NimbusRomNo9L-Regu,9.96,48.96,141.2,357.8,151.17,141.2,640.83,48.96,254.2,will occur using gauging objects) will represent considerable
14,0,0,0,0,9,6,/HPZLCO+NimbusRomNo9L-Regu,9.96,311.97,135.65,610.85,145.61,135.65,646.39,311.97,1.15,less energy and computation consuming if the approaches are
14,0,0,0,0,11,6,/HPZLCO+NimbusRomNo9L-Regu,9.96,48.96,129.25,372.74,139.21,129.25,652.79,48.96,239.26,"savings in the truck’s travel time, its fuel consumption and the"
14,0,0,0,0,7,6,/HPZLCO+NimbusRomNo9L-Regu,9.96,311.97,123.69,595.91,133.65,123.69,658.35,311.97,16.09,"implemented on the same hardware. Furthermore, Messages’"
14,0,0,0,0,12,6,/HPZLCO+NimbusRomNo9L-Regu,9.96,48.96,115.8,361.67,127.26,115.8,664.74,48.96,250.33,CO 2 footprint. It is very hard to estimate the ﬁnancial beneﬁts
14,0,0,0,0,7,6,/HPZLCO+NimbusRomNo9L-Regu,9.96,311.97,111.74,538.29,121.7,111.74,670.3,311.97,73.71,authentication is realized through ECDSA algorithm. Elliptic
14,0,0,0,0,10,6,/HPZLCO+NimbusRomNo9L-Regu,9.96,56.93,98.2,496.28,109.74,98.2,682.26,56.93,115.72,Curve Cryptography is known to be lightweight and well 11https://github.com/kentcz/rapl-tools.
14,0,0,0,0,18,13,/HPZLCO+NimbusRomNo9L-Regu,5.98,56.93,87.83,516.21,99.12,87.83,692.88,56.93,95.79,12 suited for constrained devices [44] [45].RAPL measures the total CPU and DRAM activity and can not isolate
14,0,0,0,0,6,10,/HPZLCO+NimbusRomNo9L-Regu,7.97,48.96,79.37,204.38,87.34,79.37,704.66,48.96,407.62,the measurements by a selected process.
14,0,0,0,0,13,13,/HPZLCO+NimbusRomNo9L-Regu,5.98,56.93,69.51,605.37,80.29,69.51,711.71,56.93,6.63,1413The considered ETC value during the writing of this paper (6 February http://www.leﬁgaro.fr/actualite-france/2016/02/20/01016-
14,0,0,0,0,7,10,/HPZLCO+NimbusRomNo9L-Regu,7.97,48.96,60.54,419.57,68.51,60.54,723.49,48.96,192.43,2018) is 1 ETC = 13.75 EUR.20160220ARTFIG00011-les-50-radars-qui-ﬂashent-le-plus-en-france.php.
15,0,0,0,0,12,6,/HPZLCO+NimbusRomNo9L-Regu,9.96,159.12,480.26,507.81,490.22,480.26,301.78,159.12,104.19,Fig. 4: Impact of messages processing on: (a) Laptop; (b) Raspberry Pi
15,0,0,0,0,5,10,/HPZLCO+NimbusRomNo9L-Regu,7.97,90.35,445.89,521.74,462.83,445.89,329.17,90.35,90.26,Use case scenario  e )
15,0,0,0,0,6,10,/HPZLCO+NimbusRomNo9L-Regu,7.97,155.03,401.66,240.48,420.58,401.66,371.42,155.03,371.52,smart washing machine smart watering system
15,0,0,0,0,3,10,/RIWCDV+NimbusRomNo9L-MediItal,7.97,90.35,326.14,134.19,343.08,326.14,448.92,90.35,477.81,Smart road radar
15,0,0,0,0,12,6,/HPZLCO+NimbusRomNo9L-Regu,9.96,153.22,305.72,511.87,315.68,305.72,476.32,153.22,100.13,TABLE V: Estimated ﬁnancial cost of different IoT use cases (per month)
15,0,0,0,0,74,6,/HPZLCO+NimbusRomNo9L-Regu,9.96,48.96,229.76,635.76,275.63,229.76,516.37,48.96,-23.76,"However, if we compare the needed time to realize a device service vendor (initiator). Nonetheless, any user can create its association or a message authentication, our approach depends own bubble, as long as he creates himself the Master. on the used blockchain (e.g. 14 seconds for Ethereum), while Evolution of cryptocurrency rate: our approach relies on other approaches can realize it in some milliseconds. a public blockchain, which involves costs that depends on the"
15,0,0,0,0,8,6,/HPZLCO+NimbusRomNo9L-Regu,9.96,311.97,217.81,600.89,227.77,217.81,564.23,311.97,11.11,"cryptocurrency used by the blockchain system. Despite, we"
15,0,0,0,0,15,6,/HPZLCO+NimbusRomNo9L-Regu,9.96,134.64,205.85,615.83,218.01,205.85,573.99,134.64,-3.83,"VII. O PEN I SSUES believe that each security service provided needs a cost, as"
15,0,0,0,0,93,6,/HPZLCO+NimbusRomNo9L-Regu,9.96,48.96,142.6,630.78,203.86,142.6,588.14,48.96,-18.78,"long as it remains lower than the potential damages. Besides, Our approach suffers from three main issues: according to studies like [58] and [59], the evolution of the Not adapted to real time applications: our approach relies cryptocurrencies rates will get more stable over time. Even on a public blockchain. In the latter, according to the consensus better, Ethereum developers and community are working on protocol, the transactions (blocks) are validated each a certain regulating and stabilizing the amounts of fees related to smart deﬁned period of time (consensus needed time), e.g. 14"
15,0,0,0,0,36,6,/HPZLCO+NimbusRomNo9L-Regu,9.96,48.96,106.73,457.33,140.6,106.73,651.4,48.96,154.67,"seconds in Ethereum . Thus, transactions (messages) sent by devices will be validated only after this period. There are many VIII. C ONCLUSION AND FUTURE WORKS IoT scenarios where this period is not tolerated. However, this"
15,0,0,0,0,10,6,/HPZLCO+NimbusRomNo9L-Regu,9.96,321.94,99.77,610.85,109.73,99.77,682.27,321.94,1.15,IoT and its applications are quickly becoming part of our
15,0,0,0,0,10,6,/HPZLCO+NimbusRomNo9L-Regu,9.96,48.96,94.78,317.95,104.74,94.78,687.26,48.96,294.05,issue can be resolved if a private blockchain is used.
15,0,0,0,0,12,6,/HPZLCO+NimbusRomNo9L-Regu,9.96,311.97,87.82,625.79,97.78,87.82,694.22,311.97,-13.79,"everyday life. Indeed, its usage is on the rise, which leads to"
15,0,0,0,0,8,6,/RIWCDV+NimbusRomNo9L-MediItal,9.96,58.92,82.46,208.36,92.42,82.46,699.58,58.92,403.64,Needs an initialization phase: our approach requires an
15,0,0,0,0,24,6,/HPZLCO+NimbusRomNo9L-Regu,9.96,48.96,58.55,613.34,80.47,58.55,711.53,48.96,-1.34,"initialization phase. The latter can be realized on a new or an 15https://smartereum.com/6777/buterin-expresses-concern-over-stabilizingold device. In both cases, it requires the intervention of the ethereum/."
15,0,0,0,0,68,10,/HPZLCO+NimbusRomNo9L-Regu,7.97,0.0,-7.97,63.76,0.0,-7.97,792.0,0.0,548.24,"(b) Device/case # Transactions # Calls Price (Gas) Price (ETC) Price (Euro shopping list 8 8 4160 0.0416 0.572 8 8 4160 0.0416 0.572 4 4 2080 0.0208 0.286 8 8 4160 0.0416 0.572 12 12 6240 0.0624 0.858 40 40 20800 0.208 2.860 30 robotic arms 43200 43200 22464000 224.64 3088.80 2160 2160 1123200 11.232 154.44 45360 45360 23587200 235.872 3243.24 radar 58663,08 58663,08 30504801.6 305.048016 4194.41"
16,0,0,0,0,18,6,/HPZLCO+NimbusRomNo9L-Regu,9.96,48.96,716.08,598.9,726.04,716.08,65.96,48.96,13.1,the emergence of many IoT devices and services. Each device [12] Konstantinos Christidis and Michael Devetsikiotis. Blockchains and
16,0,0,0,0,22,10,/HPZLCO+NimbusRomNo9L-Regu,7.97,48.96,704.13,535.53,717.08,704.13,74.92,48.96,76.47,"smart contracts for the internet of things. IEEE Access , 4:2292–2303, must be reachable and produce content that can be retrieved by"
16,0,0,0,0,37,6,/HPZLCO+NimbusRomNo9L-Regu,9.96,48.96,680.22,601.22,702.13,680.22,89.87,48.96,10.78,"any authorized user regardless of his location. In many cases, [13] Aafaf Ouaddah, Anas Abou Elkalam, and Abdellah Ait Ouahman. access to these devices and their communication exchanges Fairaccess: a new blockchain-based access control framework for the"
16,0,0,0,0,12,10,/HPZLCO+NimbusRomNo9L-Regu,7.97,48.96,668.26,473.69,680.75,668.26,111.25,48.96,138.31,"internet of things. Security and Communication Networks , 9(18):5943– should be secure."
16,0,0,0,0,40,6,/HPZLCO+NimbusRomNo9L-Regu,9.96,48.96,643.6,618.82,665.52,643.6,126.48,48.96,-6.82,"In this paper, we have proposed an original approach called[14] Satoshi Nakamoto. Bitcoin: A peer-to-peer electronic cash system, 2008. bubbles of Trust , in which secure virtual zones are created,  [15] Arshdeep Bahga and Vijay K Madisetti. Blockchain platform for"
16,0,0,0,0,20,10,/HPZLCO+NimbusRomNo9L-Regu,7.97,48.96,631.64,504.55,643.97,631.64,148.03,48.96,107.45,"industrial internet of things. J. Softw. Eng. Appl , 9(10):533, 2016. where devices can communicate in a completely secure way."
16,0,0,0,0,11,10,/HPZLCO+NimbusRomNo9L-Regu,7.97,311.97,626.57,590.93,634.54,626.57,157.46,311.97,21.07,"[16] Ali Dorri, Salil S Kanhere, Raja Jurdak, and Praveen Gauravaram."
16,0,0,0,0,11,6,/FUWWBO+NimbusRomNo9L-ReguItal,9.96,48.96,619.69,278.1,629.65,619.69,162.35,48.96,333.9,Bubbles of trust approach can be applied to numerous IoT con-
16,0,0,0,0,13,10,/HPZLCO+NimbusRomNo9L-Regu,7.97,330.23,617.61,621.14,625.58,617.61,166.42,330.23,-9.14,Blockchain for iot security and privacy: The case study of a smart home.
16,0,0,0,0,36,10,/HPZLCO+NimbusRomNo9L-Regu,7.97,48.96,595.78,561.37,617.7,595.78,174.3,48.96,50.63,"texts, services and scenarios. It relies on a public blockchain, In Pervasive Computing and Communications Workshops (PerCom Workshops), 2017 IEEE International Conference on , pages 618–623. thus, it beneﬁts from all its security properties. Besides, we"
16,0,0,0,1,2,10,/HPZLCO+NimbusRomNo9L-Regu,7.97,330.23,590.71,378.05,598.68,590.71,193.32,330.23,233.95,"IEEE, 2017."
16,0,0,0,0,8,6,/HPZLCO+NimbusRomNo9L-Regu,9.96,48.96,583.82,347.84,593.79,583.82,198.21,48.96,264.16,deﬁned the security requirements that an IoT authentication
16,0,0,0,0,11,10,/HPZLCO+NimbusRomNo9L-Regu,7.97,311.97,581.28,590.93,589.25,581.28,202.75,311.97,21.07,"[17] Seyoung Huh, Sangrae Cho, and Soohyung Kim. Managing iot devices"
16,0,0,0,0,15,10,/HPZLCO+NimbusRomNo9L-Regu,7.97,48.96,571.87,469.71,581.83,571.87,210.17,48.96,142.29,scheme must ensure and built a threat model.  using blockchain platform. In Advanced Communication Technology
16,0,0,0,0,19,10,/HPZLCO+NimbusRomNo9L-Regu,7.97,58.92,559.16,578.93,571.32,559.16,220.68,58.92,33.07,"(ICACT), 2017 19th International Conference on, pages 464–467. IEEE, The evaluation of our approach shows its ability in meeting"
16,0,0,0,0,9,6,/HPZLCO+NimbusRomNo9L-Regu,9.96,48.96,547.21,357.8,557.17,547.21,234.83,48.96,254.2,the requested security requirements as well as its resiliency
16,0,0,0,0,5,10,/HPZLCO+NimbusRomNo9L-Regu,7.97,311.97,544.95,614.84,552.92,544.95,239.08,311.97,-2.84,[18] Margaret Rouse. Blockchain. http://searchcio.techtarget.com/deﬁnition/
16,0,0,0,0,10,6,/HPZLCO+NimbusRomNo9L-Regu,9.96,48.96,535.25,401.96,545.21,535.25,246.79,48.96,210.04,"toward attacks. Furthermore, we provided an extensive study blockchain, 2015."
16,0,0,0,0,20,10,/HPZLCO+NimbusRomNo9L-Regu,7.97,48.96,523.3,594.91,534.53,523.3,257.47,48.96,17.09,"[19] Iddo Bentov, Charles Lee, Alex Mizrahi, and Meni Rosenfeld. Proof of its time and energy consumptions, where we evaluated"
16,0,0,0,0,12,10,/HPZLCO+NimbusRomNo9L-Regu,7.97,330.23,517.6,593.25,525.57,517.6,266.43,330.23,18.75,of activity: Extending bitcoin’s proof of work via proof of stake. ACM
16,0,0,0,0,7,10,/FUWWBO+NimbusRomNo9L-ReguItal,7.97,330.23,508.63,489.63,516.6,508.63,275.4,330.23,122.37,"SIGMETRICS Performance Evaluation Review , 42(3):34–37, 2014."
16,0,0,0,0,23,6,/HPZLCO+NimbusRomNo9L-Regu,9.96,58.92,498.63,578.97,508.6,498.63,283.4,58.92,33.03,"For future works, we plan to (1) evolve the system in [20] Xiaoqi Li, Peng Jiang, Ting Chen, Xiapu Luo, and Qiaoyan Wen."
16,0,0,0,0,18,10,/HPZLCO+NimbusRomNo9L-Regu,7.97,48.96,486.68,517.53,498.21,486.68,293.79,48.96,94.47,A survey on the security of blockchain systems. Future Generation order to allow controlled communication between a chosen
16,0,0,0,0,3,10,/FUWWBO+NimbusRomNo9L-ReguItal,7.97,330.23,481.27,422.02,489.24,481.27,302.76,330.23,189.98,"Computer Systems, 2017."
16,0,0,0,0,10,6,/HPZLCO+NimbusRomNo9L-Regu,9.96,48.96,474.72,347.84,484.69,474.72,307.31,48.96,264.16,set of bubbles; (2) to implement a revocation mechanism for
16,0,0,0,0,10,10,/HPZLCO+NimbusRomNo9L-Regu,7.97,311.97,471.84,563.03,479.81,471.84,312.19,311.97,48.97,"[21] Zibin Zheng, Shaoan Xie, Hong-Ning Dai, and Huaimin Wang."
16,0,0,0,0,64,10,/HPZLCO+NimbusRomNo9L-Regu,7.97,48.96,438.86,614.84,472.73,438.86,319.27,48.96,-2.84,"compromised devices; and (3) to study and design a protocol Blockchain challenges and opportunities: A survey. Work Pap , 2016. [22] Ralph C Merkle. A digital signature based on a conventional encryption that aims the optimization of the miner’s number in a deﬁned function. In Conference on the Theory and Application of Cryptographic system as well as how the selected miners can be placed."
16,0,0,0,0,5,10,/FUWWBO+NimbusRomNo9L-ReguItal,7.97,330.23,435.52,497.19,443.49,435.52,348.51,330.23,114.81,"Techniques, pages 369–378. Springer, 1987."
16,0,0,0,0,8,10,/HPZLCO+NimbusRomNo9L-Regu,7.97,311.97,426.09,563.03,434.06,426.09,357.94,311.97,48.97,"[23] Bitcoin Developer Guide. Technical report, Bitcoin, 2017."
16,0,0,0,0,9,10,/HPZLCO+NimbusRomNo9L-Regu,7.97,146.59,413.79,590.93,424.64,413.79,367.36,146.59,21.07,"[24] Ethereum Development Tutorial. Technical report, Ethereum, 2017. REFERENCES"
16,0,0,0,0,7,10,/HPZLCO+NimbusRomNo9L-Regu,7.97,311.97,407.24,543.11,415.21,407.24,376.79,311.97,68.89,[25] Ethereum community. Ethereum Homestead Documentation. Online.
16,0,0,0,0,14,10,/HPZLCO+NimbusRomNo9L-Regu,7.97,52.94,396.47,501.59,406.24,396.47,385.76,52.94,110.41,"http://www.ethdocs.org/en/latest/index.html, 2016. [1] Gartner Says By 2020, More Than Half of Major New Business"
16,0,0,0,0,26,10,/HPZLCO+NimbusRomNo9L-Regu,7.97,67.22,378.54,530.87,396.82,378.54,395.18,67.22,81.13,"[26] Ethereum community. Ethash. Etherium, wiki. Processes and Systems Will Incorporate Some Element of the Internet https://github.com/ethereum/wiki/wiki/Ethash, April 2017. of Things. Technical report, Gartner, Inc, 2016."
16,0,0,0,0,22,10,/HPZLCO+NimbusRomNo9L-Regu,7.97,52.94,369.16,630.78,378.42,369.16,413.58,52.94,-18.78,"[27] Miguel Castro, Barbara Liskov, et al. Practical byzantine fault tolerance. [2] Badis Hammi, R Khatoun, Sherali Zeadally, Achraf Fayad, and Lyes"
16,0,0,0,0,32,10,/HPZLCO+NimbusRomNo9L-Regu,7.97,67.22,351.22,493.3,369.46,351.22,422.54,67.22,118.7,"In OSDI , volume 99, pages 173–186, 1999. Khoukhi. Internet of Things (IoT) Technologies for Smart Cities. IET [28] John R Douceur. The sybil attack. In International Workshop on Peer- Networks, 2017."
16,0,0,0,0,17,10,/HPZLCO+NimbusRomNo9L-Regu,7.97,52.94,341.84,513.03,351.07,341.84,440.93,52.94,98.97,"to-Peer Systems, pages 251–260. Springer, 2002. [3] Jay Lee, Behrad Bagheri, and Hung-An Kao. A cyber-physical systems"
16,0,0,0,0,19,10,/HPZLCO+NimbusRomNo9L-Regu,7.97,67.22,332.87,602.88,341.64,332.87,450.36,67.22,9.12,[29] Danny Dolev and Andrew Yao. On the security of public key protocols.architecture for industry 4.0-based manufacturing systems. Manufactur-
16,0,0,0,0,12,10,/FUWWBO+NimbusRomNo9L-ReguItal,7.97,67.22,323.91,485.65,332.67,323.91,459.33,67.22,126.35,"IEEE Transactions on information theory , 29(2):198–208, 1983. ing Letters, 3:18–23, 2015."
16,0,0,0,0,19,10,/HPZLCO+NimbusRomNo9L-Regu,7.97,52.94,314.52,531.15,323.25,314.52,468.75,52.94,80.85,[30] FIPS PUB 140-2. SECURITY REQUIREMENTS FOR CRYPTO- [4] Fan TongKe. Smart agriculture based on cloud computing and iot.
16,0,0,0,0,14,10,/HPZLCO+NimbusRomNo9L-Regu,7.97,67.22,305.56,497.61,314.28,305.56,477.72,67.22,114.39,"GRAPHIC MODULES. Federal Information Processing Standards Journal of Convergence Information Technology , 8(2):8, 2013."
16,0,0,0,0,15,10,/HPZLCO+NimbusRomNo9L-Regu,7.97,52.94,296.17,415.25,305.31,296.17,486.69,52.94,196.75,"Publication, May 2001. [5] Ji-chun Zhao, Jun-feng Zhang, Yu Feng, and Jian-xin Guo. The study"
16,0,0,0,0,53,10,/HPZLCO+NimbusRomNo9L-Regu,7.97,67.22,269.27,614.84,295.89,269.27,496.11,67.22,-2.84,"[31] Dieter Bong and Andreas Philipp. Securing the smart grid with hardware and application of the iot technology in agriculture. In Computer Science security modules. In ISSE 2012 Securing Electronic Business Processes , and Information Technology (ICCSIT), 2010 3rd IEEE International pages 128–136. Springer, 2012. Conference on, volume 2, pages 462–465. IEEE, 2010."
16,0,0,0,0,21,10,/HPZLCO+NimbusRomNo9L-Regu,7.97,52.95,259.89,491.3,268.53,259.89,523.47,52.95,120.7,"[32] Edward G Amoroso. Fundamentals of computer security technology . [6] Geng Yang, Li Xie, Matti Mäntysalo, Xiaolin Zhou, Zhibo Pang,"
16,0,0,0,0,50,10,/HPZLCO+NimbusRomNo9L-Regu,7.97,67.22,232.99,586.94,259.56,232.99,532.44,67.22,25.06,"Prentice-Hall, Inc., 1994. Li Da Xu, Sharon Kao-Walter, Qiang Chen, and Li-Rong Zheng. A [33] Jelena Mirkovic and Peter Reiher. A taxonomy of ddos attack and health-iot platform based on the integration of intelligent packaging, ddos defense mechanisms. ACM SIGCOMM Computer Communication unobtrusive bio-sensor, and intelligent medicine box. IEEE transactions"
16,0,0,0,0,9,10,/FUWWBO+NimbusRomNo9L-ReguItal,7.97,67.22,224.02,436.7,232.2,224.02,559.8,67.22,175.3,"Review, 34(2):39–53, 2004. on industrial informatics , 10(4):2180–2191, 2014."
16,0,0,0,0,20,10,/HPZLCO+NimbusRomNo9L-Regu,7.97,52.94,214.64,594.91,222.78,214.64,569.22,52.94,17.09,"[34] Badis Hammi, Rida Khatoun, and Guillaume Doyen. A factorial space [7] Moeen Hassanalieragh, Alex Page, Tolga Soyata, Gaurav Sharma,"
16,0,0,0,0,80,10,/HPZLCO+NimbusRomNo9L-Regu,7.97,67.22,169.52,606.87,213.81,169.52,578.19,67.22,5.13,"for a system-based detection of botcloud activity. In New Technologies, Mehmet Aktas, Gonzalo Mateos, Burak Kantarci, and Silvana AnMobility and Security (NTMS), 2014 6th International Conference on , dreescu. Health monitoring and management using internet-of-things pages 1–5. IEEE, 2014. (iot) sensing with cloud-based processing: Opportunities and challenges. In Services Computing (SCC), 2015 IEEE International Conference on , [35] Michele Ruta, Floriano Scioscia, Saverio Ieva, Giovanna Capurso, and pages 285–292. IEEE, 2015.  Eugenio Di Sciascio. Semantic blockchain to improve scalability in"
16,0,0,0,0,21,10,/HPZLCO+NimbusRomNo9L-Regu,7.97,52.95,160.42,501.59,168.52,160.42,623.48,52.95,110.41,"the internet of things. Open Journal of Internet Of Things (OJIOT) , [8] Mohamed Tahar Hammi, Erwan Livolant, Patrick Bellot, Ahmed"
16,0,0,0,0,31,10,/HPZLCO+NimbusRomNo9L-Regu,7.97,67.22,142.16,602.88,159.55,142.16,632.45,67.22,9.12,"3(1):46–61, 2017. Serhrouchni, and Pascale Minet. A Lightweight Mutual Authentication Protocol for the IoT , pages 3–12. Springer, 2018.  [36] Ali Dorri, Salil S Kanhere, and Raja Jurdak. Blockchain in internet"
16,0,0,0,0,20,10,/HPZLCO+NimbusRomNo9L-Regu,7.97,52.95,133.11,473.69,141.16,133.11,650.84,52.95,138.31,"of things: challenges and solutions. arXiv preprint arXiv:1608.05187 , [9] Meiyi Ma, S Masud Preum, W Tarneberg, Moshin Ahmed, Matthew"
16,0,0,0,0,28,10,/HPZLCO+NimbusRomNo9L-Regu,7.97,67.22,114.8,571.0,132.19,114.8,659.81,67.22,41.0,"2016. Ruiters, and John Stankovic. Detection of runtime conﬂicts among services in smart cities. In Smart Computing (SMARTCOMP), 2016  [37] Thomas Hardjono and Ned Smith. Cloud-based commissioning of"
16,0,0,0,0,16,10,/FUWWBO+NimbusRomNo9L-ReguItal,7.97,67.22,105.83,545.43,114.18,105.83,677.82,67.22,66.57,"IEEE International Conference on , pages 1–10. IEEE, 2016.  constrained devices using permissioned blockchains. In Proceedings"
16,0,0,0,0,23,10,/FUWWBO+NimbusRomNo9L-ReguItal,7.97,48.96,96.82,589.26,104.84,96.82,687.16,48.96,22.74,"of the 2nd ACM International Workshop on IoT Privacy, Trust, and [10] Rajeev Alur, Emery Berger, Ann W Drobnis, Limor Fix, Kevin Fu,"
16,0,0,0,0,54,10,/HPZLCO+NimbusRomNo9L-Regu,7.97,67.22,69.51,605.2,95.87,69.51,696.13,67.22,6.8,"Security, pages 29–36. ACM, 2016. Gregory D Hager, Daniel Lopresti, Klara Nahrstedt, Elizabeth Mynatt, Shwetak Patel, et al. Systems computing challenges in the internet of [38] Quanqing Xu, Khin Mi Mi Aung, Yongqing Zhu, and Khai Leong Yong. things. arXiv preprint arXiv:1604.02980 , 2016.  A Blockchain-Based Storage System for Data Analytics in the Internet"
16,0,0,0,0,17,10,/HPZLCO+NimbusRomNo9L-Regu,7.97,48.96,60.54,588.07,68.51,60.54,723.49,48.96,23.93,"[11] Hitesh Malviya. How blockchain will defend iot. 2016.  of Things, pages 119–138. Springer International Publishing, 2018."
17,0,0,0,0,10,10,/HPZLCO+NimbusRomNo9L-Regu,7.97,48.96,718.07,307.99,726.04,718.07,65.96,48.96,304.01,"[39] Aafaf Ouaddah, Anas Abou Elkalam, and Abdellah Ait Ouahman."
17,0,0,0,0,18,10,/HPZLCO+NimbusRomNo9L-Regu,7.97,67.22,700.14,326.25,717.08,700.14,74.92,67.22,285.75,Towards a novel privacy-preserving access control model based on blockchain technology in iot. In Europe and MENA Cooperation
17,0,0,0,0,9,10,/FUWWBO+NimbusRomNo9L-ReguItal,7.97,67.22,691.18,282.41,699.15,691.18,92.85,67.22,329.59,"Advances in Information and Communication Technologies , pages 523–"
17,0,0,0,0,3,10,/HPZLCO+NimbusRomNo9L-Regu,7.97,67.22,682.21,150.91,690.18,682.21,101.82,67.22,461.09,"533. Springer, 2017."
17,0,0,0,0,11,10,/HPZLCO+NimbusRomNo9L-Regu,7.97,48.96,673.24,343.85,681.21,673.24,110.79,48.96,268.15,"[40] David Ferraiolo, Janet Cugini, and D Richard Kuhn. Role-based access"
17,0,0,0,0,10,10,/HPZLCO+NimbusRomNo9L-Regu,7.97,67.22,664.28,242.56,672.25,664.28,119.75,67.22,369.44,control (rbac): Features and motivations. In Proceedings of 11th annual
17,0,0,0,0,8,10,/FUWWBO+NimbusRomNo9L-ReguItal,7.97,67.22,655.31,226.62,663.28,655.31,128.72,67.22,385.38,"computer security application conference , pages 241–48, 1995."
17,0,0,0,0,12,10,/HPZLCO+NimbusRomNo9L-Regu,7.97,48.96,646.34,331.9,654.31,646.34,137.69,48.96,280.1,[41] Yu Zhang and Jiangtao Wen. The iot electric business model: Using
17,0,0,0,0,9,10,/HPZLCO+NimbusRomNo9L-Regu,7.97,67.22,637.38,262.49,645.35,637.38,146.65,67.22,349.51,blockchain technology for the internet of things. Peer-to-Peer Network-
17,0,0,0,0,6,10,/FUWWBO+NimbusRomNo9L-ReguItal,7.97,67.22,628.41,162.86,636.38,628.41,155.62,67.22,449.14,"ing and Applications , 10(4):983–994, 2017."
17,0,0,0,0,13,10,/HPZLCO+NimbusRomNo9L-Regu,7.97,48.96,619.44,335.88,627.41,619.44,164.59,48.96,276.12,[42] Yu Zhang and Jiangtao Wen. An iot electric business model based on
17,0,0,0,0,10,10,/HPZLCO+NimbusRomNo9L-Regu,7.97,67.22,610.48,234.59,618.45,610.48,173.55,67.22,377.41,the protocol of bitcoin. In Intelligence in Next Generation Networks
17,0,0,0,0,10,10,/FUWWBO+NimbusRomNo9L-ReguItal,7.97,67.22,601.51,246.55,609.48,601.51,182.52,67.22,365.45,"(ICIN), 2015 18th International Conference on , pages 184–191. IEEE,"
17,0,0,0,0,11,10,/HPZLCO+NimbusRomNo9L-Regu,7.97,48.96,583.58,327.91,591.55,583.58,200.45,48.96,284.09,"[43] Shu-jen Chang, Ray Perlner, William E Burr, Meltem Sönmez Turan,"
17,0,0,0,0,18,10,/HPZLCO+NimbusRomNo9L-Regu,7.97,67.22,565.65,334.22,582.58,565.65,209.42,67.22,277.78,"John M Kelsey, Souradyuti Paul, and Lawrence E Bassham. Thirdround report of the sha-3 cryptographic hash algorithm competition."
17,0,0,0,0,6,10,/FUWWBO+NimbusRomNo9L-ReguItal,7.97,67.22,556.68,158.88,564.65,556.68,227.35,67.22,453.12,"NIST Interagency Report , 7896, 2012."
17,0,0,0,0,10,10,/HPZLCO+NimbusRomNo9L-Regu,7.97,48.96,547.71,331.9,555.68,547.71,236.32,48.96,280.1,[44] Kristin Lauter. The advantages of elliptic curve cryptography for
17,0,0,0,0,8,10,/HPZLCO+NimbusRomNo9L-Regu,7.97,67.22,538.75,311.99,546.72,538.75,245.28,67.22,300.01,"wireless security. IEEE Wireless communications , 11(1):62–67, 2004."
17,0,0,0,0,12,10,/HPZLCO+NimbusRomNo9L-Regu,7.97,48.96,529.78,323.93,537.75,529.78,254.25,48.96,288.07,"[45] Erik De Win, Serge Mister, Bart Preneel, and Michael Wiener. On"
17,0,0,0,0,10,10,/HPZLCO+NimbusRomNo9L-Regu,7.97,67.22,520.81,326.25,528.78,520.81,263.22,67.22,285.75,the performance of signature schemes based on elliptic curves. In
17,0,0,0,0,8,10,/FUWWBO+NimbusRomNo9L-ReguItal,7.97,67.22,511.85,262.49,519.82,511.85,272.18,67.22,349.51,"International Algorithmic Number Theory Symposium , pages 252–266."
17,0,0,0,0,21,10,/HPZLCO+NimbusRomNo9L-Regu,7.97,48.96,484.95,355.81,501.89,484.95,290.11,48.96,256.19,"[46] Satoshi Nakamoto. Bitcoin: A peer-to-peer electronic cash system. 2008. [47] Radek Fujdiak, Pavel Masek, Petr Mlynek, Jiri Misurec, and Ekaterina"
17,0,0,0,0,18,10,/HPZLCO+NimbusRomNo9L-Regu,7.97,67.22,467.02,334.22,483.95,467.02,308.05,67.22,277.78,"Olshannikova. Using genetic algorithm for advanced municipal waste collection in smart city. In Communication Systems, Networks and Dig-"
17,0,0,0,0,13,10,/FUWWBO+NimbusRomNo9L-ReguItal,7.97,67.22,449.08,334.22,466.02,449.08,325.98,67.22,277.78,"ital Signal Processing (CSNDSP), 2016 10th International Symposium on, pages 1–6. IEEE, 2016."
17,0,0,0,0,12,10,/HPZLCO+NimbusRomNo9L-Regu,7.97,48.96,440.12,331.9,448.09,440.12,343.91,48.96,280.1,"[48] Shiyong Wang, Jiafu Wan, Daqiang Zhang, Di Li, and Chunhua Zhang."
17,0,0,0,0,18,10,/HPZLCO+NimbusRomNo9L-Regu,7.97,67.22,422.18,342.19,439.12,422.18,352.88,67.22,269.81,Towards smart factory for industry 4.0: a self-organized multi-agent system with big data based feedback and coordination. Computer
17,0,0,0,0,3,10,/FUWWBO+NimbusRomNo9L-ReguItal,7.97,67.22,413.22,181.02,421.19,413.22,370.81,67.22,430.98,"Networks, 101:158–168, 2016."
17,0,0,0,0,19,10,/HPZLCO+NimbusRomNo9L-Regu,7.97,48.96,395.28,284.08,412.22,395.28,379.78,48.96,327.92,"[49] Ethereum foundation. Solidity documentation , 2017. [50] Fast Ethereum RPC client for testing and development . Online. Test"
17,0,0,0,0,4,10,/FUWWBO+NimbusRomNo9L-ReguItal,7.97,67.22,386.32,234.59,394.29,386.32,397.71,67.22,377.41,"RPC. https://github.com/ethereumjs/testrpc , 2015."
17,0,0,0,0,12,10,/HPZLCO+NimbusRomNo9L-Regu,7.97,48.96,377.35,339.87,385.32,377.35,406.68,48.96,272.13,"[51] Eng Keong Lua, Jon Crowcroft, Marcelo Pias, Ravi Sharma, and Steven"
17,0,0,0,0,10,10,/HPZLCO+NimbusRomNo9L-Regu,7.97,67.22,368.39,342.19,376.36,368.39,415.64,67.22,269.81,Lim. A survey and comparison of peer-to-peer overlay network schemes.
17,0,0,0,0,8,10,/FUWWBO+NimbusRomNo9L-ReguItal,7.97,67.22,359.42,222.64,367.39,359.42,424.61,67.22,389.36,"IEEE Communications Surveys & Tutorials , 7(2):72–93, 2005."
17,0,0,0,0,9,10,/HPZLCO+NimbusRomNo9L-Regu,7.97,48.96,350.45,335.88,358.42,350.45,433.58,48.96,276.12,[52] Nir Kshetri. Blockchain’s roles in strengthening cybersecurity and
17,0,0,0,0,6,10,/HPZLCO+NimbusRomNo9L-Regu,7.97,67.22,341.49,250.48,349.46,341.49,442.54,67.22,361.52,"protecting privacy. Telecommunications Policy , 2017."
17,0,0,0,0,10,10,/HPZLCO+NimbusRomNo9L-Regu,7.97,48.96,332.52,315.96,340.49,332.52,451.51,48.96,296.04,"[53] Thomas Kothmayr, Corinna Schmitt, Wen Hu, Michael Brünig, and"
17,0,0,0,0,19,10,/HPZLCO+NimbusRomNo9L-Regu,7.97,67.22,314.59,334.22,331.52,314.59,460.48,67.22,277.78,Georg Carle. A dtls based end-to-end security architecture for the internet of things with two-way authentication. In Local Computer
17,0,0,0,0,13,10,/FUWWBO+NimbusRomNo9L-ReguItal,7.97,67.22,296.65,314.29,313.59,296.65,478.41,67.22,297.71,"Networks Workshops (LCN Workshops), 2012 IEEE 37th Conference on, pages 956–963. IEEE, 2012."
17,0,0,0,0,13,10,/HPZLCO+NimbusRomNo9L-Regu,7.97,48.96,287.69,351.82,295.66,287.69,496.34,48.96,260.18,[54] Klaus Hartke and Hannes Tschofenig. A dtls 1.2 proﬁle for the internet
17,0,0,0,0,8,10,/HPZLCO+NimbusRomNo9L-Regu,7.97,67.22,278.72,246.55,286.69,278.72,505.31,67.22,365.45,"of things. draft-ietf-dice-proﬁle-01 (work in progress) , 2014."
17,0,0,0,0,11,10,/HPZLCO+NimbusRomNo9L-Regu,7.97,48.96,269.76,315.96,277.73,269.76,514.27,48.96,296.04,[55] Rescorla E and Modadugu N. RFC 6347: Datagram Transport Layer
17,0,0,0,0,12,10,/HPZLCO+NimbusRomNo9L-Regu,7.97,67.22,251.82,306.0,268.76,251.82,523.24,67.22,306.0,"Security Version 1.2. Internet Engineering Task Force (IETF) , January , 2012."
17,0,0,0,0,11,10,/HPZLCO+NimbusRomNo9L-Regu,7.97,48.96,242.86,335.88,250.83,242.86,541.17,48.96,276.12,"[56] Hsiu-Lien Yeh, Tien-Ho Chen, Pin-Chuan Liu, Tai-Hoo Kim, and Hsin-"
17,0,0,0,0,18,10,/HPZLCO+NimbusRomNo9L-Regu,7.97,67.22,224.92,354.14,241.86,224.92,550.14,67.22,257.86,"Wen Wei. A secured authentication protocol for wireless sensor networks using elliptic curves cryptography. Sensors , 11(5):4767–4779, 2011."
17,0,0,0,0,11,10,/HPZLCO+NimbusRomNo9L-Regu,7.97,48.96,215.96,327.91,223.93,215.96,568.07,48.96,284.09,"[57] Mian Ahmad Jan, Priyadarsi Nanda, Xiangjian He, Zhiyuan Tan, and"
17,0,0,0,0,22,10,/HPZLCO+NimbusRomNo9L-Regu,7.97,67.22,198.02,342.19,214.96,198.02,577.04,67.22,269.81,"Ren Ping Liu. A robust authentication scheme for observing resources in the internet of things environment. In Trust, Security and Privacy in"
17,0,0,0,0,15,10,/FUWWBO+NimbusRomNo9L-ReguItal,7.97,67.22,180.09,326.25,197.03,180.09,594.97,67.22,285.75,"Computing and Communications (TrustCom), 2014 IEEE 13th International Conference on , pages 205–211. IEEE, 2014."
17,0,0,0,0,14,10,/HPZLCO+NimbusRomNo9L-Regu,7.97,48.96,171.13,343.85,179.1,171.13,612.9,48.96,268.15,[58] Kenji Saito and Mitsuru Iwamura. How to make a digital currency on a
17,0,0,0,0,9,10,/HPZLCO+NimbusRomNo9L-Regu,7.97,67.22,162.16,212.6,170.13,162.16,621.87,67.22,399.4,"blockchain stable. arXiv preprint arXiv:1801.06771 , pages 1–15, 2018."
17,0,0,0,0,8,10,/HPZLCO+NimbusRomNo9L-Regu,7.97,48.96,153.19,331.9,161.16,153.19,630.84,48.96,280.1,"[59] Ousmène Jacques Mandeng. Cryptocurrencies, monetary stability and"
17,0,0,0,0,4,10,/HPZLCO+NimbusRomNo9L-Regu,7.97,67.22,144.23,206.7,152.2,144.23,639.8,67.22,405.3,"regulation. Technical report, 2018."
17,0,0,0,0,3,14,/Helvetica,4.0,50.0,1.0,94.0,5.0,1.0,787.0,50.0,518.0,View publication stats
