page_number,is_bold,is_italic,is_underline,is_all_caps,word_count,norm_font_size,font,font_size,x0,y0,x1,y1,space_above,space_below,space_left,space_right,text
1,0,0,0,0,38,7,/NTSHOG+NimbusSanL-Regu,10.91,117.91,516.35,505.18,608.55,516.35,233.34,117.91,90.1,"This may be the author’s version of a work that was submitted/accepted for publication in the following source: Palaniswamy, Basker, Camtepe, Seyit, Foo, Ernest, Simpson, Leonie, Rezazadeh Baee, Mir Ali, & Pieprzyk, Josef (2020) Continuous authentication for VANET."
1,0,0,0,0,7,7,/QKACWV+NimbusSanL-ReguItal,10.91,117.91,502.8,406.67,513.71,502.8,328.18,117.91,188.61,"Vehicular Communications, 25 , Article number: 100255."
1,0,0,0,0,6,7,/NTSHOG+NimbusSanL-Regu,10.91,117.91,475.7,467.0,486.61,475.7,355.28,117.91,128.28,This ﬁle was downloaded from: https://eprints.qut.edu.au/207932/
1,1,0,0,0,4,7,/WEEBUC+NimbusSanL-Bold,10.91,117.91,435.05,227.0,445.96,435.05,395.93,117.91,368.28,© 2020 Elsevier Inc.
1,0,0,0,0,100,11,/NTSHOG+NimbusSanL-Regu,8.97,117.91,328.6,539.33,418.87,328.6,423.02,117.91,55.95,"This work is covered by copyright. Unless the document is being made available under a Creative Commons Licence, you must assume that re-use is limited to personal use and that permission from the copyright owner must be obtained for all other uses. If the document is available under a Creative Commons License (or other speciﬁed license) then refer to the Licence for details of permitted re-use. It is a condition of access that users recognise and abide by the legal requirements associated with these rights. If you believe that this work infringes copyright please provide details by email to qut.copyright@qut.edu.au"
1,1,0,0,0,6,7,/WEEBUC+NimbusSanL-Bold,10.91,117.91,299.56,485.81,310.47,299.56,531.42,117.91,109.47,License : Creative Commons: Attribution-Noncommercial-No Derivative
1,0,0,0,0,13,7,/WEEBUC+NimbusSanL-Bold,10.91,117.91,245.37,505.79,256.28,245.37,585.61,117.91,89.49,Notice: Please note that this document may not be the Version of Record
1,0,0,0,0,46,7,/QKACWV+NimbusSanL-ReguItal,10.91,117.91,164.07,537.91,242.73,164.07,599.16,117.91,57.37,"(i.e. published version) of the work. Author manuscript versions (as Submitted for peer review or as Accepted for publication after peer review) can be identiﬁed by an absence of publisher branding and/or typeset appearance. If there is any doubt, please refer to the published source. https://doi.org/10.1016/j.vehcom.2020.100255"
2,0,0,0,0,4,2,/TimesNewRomanPSMT,15.96,181.22,666.7,468.5,682.66,666.7,159.26,181.22,126.82,Continuous Authentication for VANET
2,0,0,0,0,14,5,/TimesNewRomanPSMT,12.0,79.1,622.06,544.99,638.62,622.06,203.3,79.1,50.33,"a b, a aBasker Palaniswamy, Seyit Camtepe, Ernest Foo, Leonie Simpson, Mir Ali Rezazadeh"
2,0,0,0,0,4,12,/TimesNewRomanPSMT,8.04,243.77,594.94,367.25,611.5,594.94,230.42,243.77,228.07,"a bBaee, Josef Pieprzyk"
2,0,0,0,0,7,12,/TimesNewRomanPSMT,8.04,135.38,567.7,522.98,584.26,567.7,257.66,135.38,72.34,"aQueensland University of Technology (QUT), Brisbane, Australia."
2,0,0,0,0,4,12,/TimesNewRomanPSMT,8.04,211.61,540.43,419.69,556.99,540.43,284.93,211.61,175.63,"bCSIRO Data61, Sydney, Australia."
2,0,0,0,0,77,5,/TimesNewRomanPSMT,12.0,72.02,337.85,666.02,513.19,337.85,328.73,72.02,-70.7,"Continuous authentication protocol suite consisting of a user authentication protocol and in-transit vehicle to infrastructure (P_1) and vehicle to vehicle (P_2) key exchange protocols provides handoff capability  with key exchange protocols whic h ensure continuity of authentication and network connectivity as a vehicle moves from one roadside unit (RSU) coverage to another. Evaluation of the proposed suite includes (i) formal and informal security proofs, (ii) security property verifications using Tamarin tool, and (iii) simulation study using Omnet++."
3,0,0,0,0,4,1,/WRCOFY+CMR17,17.22,161.58,701.61,462.85,718.83,701.61,123.06,161.58,132.43,Continuous Authentication for VANET
3,0,0,0,0,14,6,/NAUQMW+CMR12,11.96,64.89,674.49,547.04,690.79,674.49,151.1,64.89,48.24,"a b, a aBasker Palaniswamy, Seyit Camtepe, Ernest Foo, Leonie Simpson, Mir Ali Rezazadeh"
3,0,0,0,0,4,13,/FUDOLA+CMR8,7.97,236.66,660.05,361.58,676.34,660.05,165.55,236.66,233.69,"a b,cBaee, Josef Pieprzyk"
3,0,0,0,0,6,14,/AXOEFS+CMTI7,6.97,167.05,640.12,455.69,653.7,640.12,188.19,167.05,139.59,"aInformation Security Discipline, QUT, Brisbane, Australia"
3,0,0,0,0,4,14,/AXOEFS+CMTI7,6.97,220.92,628.17,379.64,641.75,628.17,200.14,220.92,215.64,"bCSIRO Data61, Sydney, Australia"
3,0,0,0,0,10,14,/AXOEFS+CMTI7,6.97,127.67,616.21,495.59,629.79,616.21,212.1,127.67,99.68,"cInstitute of Computer Science, Polish Academy of Sciences, Warsaw, Poland"
3,0,0,0,0,13,6,/NAUQMW+CMR12,11.96,82.07,535.34,584.19,547.29,535.34,294.6,82.07,11.09,"Vehicular Ad-hoc Network (VANET) services use a range of information, such as traﬃc"
3,0,0,0,0,218,6,/NAUQMW+CMR12,11.96,64.51,275.31,626.41,532.85,275.31,309.04,64.51,-31.13,"conditions and location information, for safe and convenient driving. Information exchange in VANET happens in Vehicle-to-Infrastructure (V2I) and Vehicle-to-Vehicle (V2V) communication modes. Several V2I and V2V authentication protocol suites are proposed to protect the information from attacks, namely replay, masquerading and man-in-the-middle. This paper identiﬁes critical weaknesses in the protocols proposed for V2I and V2V communication modes and proposes a new protocol suite as a countermeasure. Our protocol suite is composed of driver authentication, V2I and V2V key exchanges, information exchange, oﬄine password change and vehicle complain protocols. Our V2I key exchange protocol facilitates handoﬀ capability to ensure continuous authentication when vehicles move from the coverage of one roadside unit (RSU) to another. The protocol also assures detectability to denial-ofservice (DoS). Our V2V key exchange protocol enables vehicles to verify the time-bounded validity of certiﬁcates of vehicles and integrity of keys. We use the random oracle model to prove the security of our key exchange protocols and prove various security attributes of the protocols informally. Tamarin tool is used to formally verify the security properties of our driver authentication and key exchange protocols. Performance comparisons show that our driver authentication and key exchange protocols assure lesser computation overhead and more functional attributes than the existing protocols. Simulation performance ensures the fast key dissemination capability of our protocol suite."
3,0,0,0,0,3,6,/GGAXSG+CMTI12,11.96,64.51,254.06,381.32,266.01,254.06,575.88,64.51,213.95,Keywords: Vehicle-to-vehicle/Roadside/Internet Communication;
3,0,0,0,0,15,6,/NAUQMW+CMR12,11.96,64.51,225.17,566.63,251.57,225.17,590.32,64.51,28.65,Secure-vehicular-communication; Security and Privacy; VANET Authentication; V2I and V2V Key Exchange; Handoﬀ Authentication; Formal Veriﬁcation.
3,0,0,0,0,4,9,/SUOVAD+CMR10,9.96,82.44,169.24,206.98,179.21,169.24,662.68,82.44,388.3,I am corresponding author
3,0,0,0,0,5,9,/CFILAE+CMTI10,9.96,82.44,157.29,269.77,167.25,157.29,674.64,82.44,325.51,"Email addresses: basker170889@gmail.com (Basker Palaniswamy),"
3,0,0,0,0,17,9,/XPTSRV+CMTT10,9.96,64.51,121.42,389.29,155.3,121.42,686.59,64.51,205.98,"Seyit.Camtepe@data61.csiro.au (Seyit Camtepe),  e.foo@qut.edu.au (Ernest Foo), lr.simpson@qut.edu.au (Leonie Simpson),  mirali.rezazadeh@qut.edu.au (Mir Ali Rezazadeh Baee), josef.pieprzyk@data61.csiro.au (Josef Pieprzyk)"
3,0,0,0,0,8,9,/CFILAE+CMTI10,9.96,64.51,83.21,373.35,93.17,83.21,748.72,64.51,221.92,"Preprint submitted to Vehicular Communication January 16, 2020"
4,0,0,0,0,10,6,/NAUQMW+CMR12,11.96,82.07,683.46,614.08,695.42,683.46,146.47,82.07,-18.8,"Advancements in vehicular technologies (pedestrian detection system [1], advanced driver"
4,0,0,0,0,113,6,/NAUQMW+CMR12,11.96,64.51,553.45,614.45,680.97,553.45,160.92,64.51,-19.18,"assistance system (ADAS) [2] and cooperative adaptive cruise control (CACC) [3]) ) ensure vehicles to use various information in vehicular ad-hoc network (VANET). The technologies have the potential to assure safer and easier driving than ever before [4]. When vehicles use information from roadside infrastructures (RSUs) and other vehicles, several beneﬁts can be attained by the vehicles. For instance, when vehicles operate in a platoon, improved fuel eﬃciency can be attained by exploiting information about current driving conditions [5]. Location-based safety information (LBSI) informs drivers about upcoming obstacles or nearest fuel stations [6]. The information is predominantly exchanged to vehicles using vehicle to infrastructure (V2I) and vehicle to vehicle (V2V) communication modes [7]."
4,0,0,0,0,10,6,/NAUQMW+CMR12,11.96,82.07,539.0,584.19,550.96,539.0,290.93,82.07,11.09,"The information needs protection against adversarial manipulations, such as message"
4,0,0,0,0,42,6,/NAUQMW+CMR12,11.96,64.51,495.66,644.34,536.51,495.66,305.38,64.51,-49.06,"alteration and fake message injection, from untrusted sources, e.g. untrusted vehicles and infrastructures [8] [9]. For example, if a malicious vehicle alters the information about a road condition and transmits it to a targeted vehicle, the receiving vehicle may face accidents [10]."
4,0,0,0,0,12,6,/NAUQMW+CMR12,11.96,82.07,481.22,578.21,493.17,481.22,348.72,82.07,17.06,The information can be protected by ensuring an authentication protocol suite. Re-
4,0,0,0,0,167,6,/NAUQMW+CMR12,11.96,64.51,278.98,632.38,478.73,278.98,363.16,64.51,-37.11,"searchers have proposed several authentication protocol suites [11, 12, 13, 14, 15] to assure protection for the information. The proposed suites include authentication protocols for driver authentication, and V2I and V2V communication modes. However, the proposed protocols have drawbacks such as lack of resistance to adversarial attacks, excess computation and practicality. The existing V2I key exchange protocols do not oﬀer continuous authentication while disseminating keys to vehicles. That is, the protocols do not support continuous key exchange when vehicles move from the coverage of one roadside infrastructure to another roadside infrastructure (handoﬀ capability [16]). Continuous authentication is needed to disseminate session keys to vehicles quickly. The existing V2V key exchange protocols do not facilitate vehicles to asses the time-bounded validity of certiﬁcates at a lower computation overhead, which may result in those vehicles with expired certiﬁcates receiving valid session keys. Also, the existing protocols for the driver authentication and V2I and V2V key exchange protocols have not been formally veriﬁed. Therefore, our ﬁve-folded contributions are as follows:"
4,0,0,0,0,81,6,/NAUQMW+CMR12,11.96,93.78,130.53,619.81,263.53,130.53,578.36,93.78,-24.53,"We perform a security analysis of Park et al. [17] and Ying et al. [15] protocol suites and identify their weaknesses. We present a driver authentication protocol which can resist to known attacks, namely replay, masquerading and man-in-the-middle [18]. We propose V2I and V2V key exchange protocols. In particular, our V2I key exchange protocol exhibits continuous authentication characteristics. Our V2V key exchange protocol facilitates vehicles to check the time-bounded validity of a certiﬁcate of a vehicle and integrity of session keys."
5,0,0,0,0,74,6,/NAUQMW+CMR12,11.96,82.07,597.28,601.87,718.83,597.28,123.06,82.07,-6.6,We perform the security analysis of our key exchange protocols in the random oracle model [19]. We perform formal security veriﬁcation of the proposed protocol suite using the Tamarin tool. We simulate our protocol suite and compare its key dissemination capability with the protocol of Park et al. [17]. We show that our protocol suite also has a fast key dissemination capability. The outcome of this research beneﬁts vehicle manufacturers and smart city domains.
5,0,0,0,0,58,6,/NAUQMW+CMR12,11.96,64.51,525.05,632.38,594.79,525.05,247.1,64.51,-37.11,"Vehicle manufacturers can follow the design steps in the proposed driver authentication protocol for implementing a driver authentication system. The new protocol suite assures design steps for implementing a secure LBSI service in a smart city. In general, this research helps VANET community on implementing a fast and secure key exchange protocol for V2I and V2V communication modes."
5,0,0,0,0,16,6,/NAUQMW+CMR12,11.96,82.07,510.61,608.1,522.56,510.61,319.33,82.07,-12.82,The road map of this paper is as follows. Section 2 overviews the related work. Section
5,0,0,0,0,98,6,/NAUQMW+CMR12,11.96,64.51,409.49,620.43,508.12,409.49,333.77,64.51,-25.15,"3 presents the preliminaries. In Section 4, we analyse the security of the Park et al. and Ying et al. protocol suites. We describe our protocol suite in Section 5. Section 6 presents formal security proofs in the random oracle model and informal security analysis of our protocol suite. Formal security veriﬁcation is presented in Section 7. Sections 8 provides a performance comparison of our protocol suite with relevant protocols. Section 9 presents the comparison of the simulation performance of our protocol suite with the protocol suite of Park et al. [17], and Section X concludes our work."
5,0,0,0,0,3,6,/LNZLED+CMBX12,11.96,64.51,377.11,154.18,389.06,377.11,452.83,64.51,441.1,2. Related Work
5,0,0,0,0,14,6,/NAUQMW+CMR12,11.96,82.07,353.7,584.19,365.65,353.7,476.24,82.07,11.09,We identify two categories in the existing proposals to secure V2I and V2V communi-
5,0,0,0,0,39,6,/NAUQMW+CMR12,11.96,64.51,310.36,584.56,351.21,310.36,490.68,64.51,10.71,"cation modes in VANET. They are V2I and hybrid schemes that incorporate both V2I and V2V communication modes. In the following subsections, we analyse the existing V2I and hybrid schemes with a speciﬁc focus on their security and eﬃciency."
5,0,0,0,0,3,6,/GGAXSG+CMTI12,11.96,64.51,283.96,160.15,295.91,283.96,545.98,64.51,435.12,2.1. V2I Schemes
5,0,0,0,0,11,6,/NAUQMW+CMR12,11.96,82.07,266.52,572.23,278.48,266.52,563.41,82.07,23.04,The existing protocols for the V2I communication mode has disadvantages regarding
5,0,0,0,0,130,6,/NAUQMW+CMR12,11.96,64.51,107.62,614.45,264.03,107.62,577.86,64.51,-19.18,"excess computation overhead and impracticality. The V2I protocols are infrastructure dependent, and they are executed among three parties: a vehicle, an RSU and a trusted server/service provider. Some of the protocols are simpliﬁed into two-party protocols by merging an RSU with a trusted server/service provider. For example, Huang et al. [12] have proposed an anonymous batch authenticated and key agreement protocol for value-added service, which is referred to as ABAKA. ABAKA removes the bottleneck of veriﬁcation delay by employing batch veriﬁcation procedure. As a result, multiple vehicle authentications and vehicle key agreements are possible in the protocol. Further, the protocol preserves the privacy of vehicles. However, ABAKA establishes pairwise keys to secure communication between vehicles and a service provider, and it demands time synchronization between vehicles and the service provider."
6,0,0,0,0,16,6,/NAUQMW+CMR12,11.96,82.07,706.87,596.14,718.83,706.87,123.06,82.07,-0.87,"Chim et al. [13] have proposed a protocol suite, which is referred to as SPECS. SPECS"
6,0,0,0,0,52,6,/NAUQMW+CMR12,11.96,64.51,649.09,614.45,704.38,649.09,137.51,64.51,-19.18,"oﬀers an eﬃcient batch veriﬁcation mechanism and a handshake protocol to share a key between a vehicle, and an RSU and a trusted authority. The protocol establishes group keys among vehicles. The protocol facilitates vehicles to form a group dynamically. The protocol uses digital signatures and also exhibits a signiﬁcant computation overhead."
6,0,0,0,0,13,6,/NAUQMW+CMR12,11.96,82.07,634.64,572.23,646.6,634.64,195.29,82.07,23.04,Wang et al. [11] have proposed the 2FLIP protocol. 2FLIP applies two-factor (i.e.
6,0,0,0,0,65,6,/NAUQMW+CMR12,11.96,64.51,562.41,620.43,632.15,562.41,209.74,64.51,-25.15,"biometrics and a hardware token) driver authentication with an option to trace every driver. The protocol has a system key update phase. As the protocol derives the current key from the most recent one, there is a risk that all future keys can be compromised once one of the past keys is compromised. This protocol also utilises digital signature algorithm during the key update phase."
6,0,0,0,0,16,6,/NAUQMW+CMR12,11.96,82.07,547.97,572.23,559.92,547.97,281.97,82.07,23.04,The PACP protocol has been proposed by Huang et al. [20] to ensure the privacy of
6,0,0,0,0,50,6,/NAUQMW+CMR12,11.96,64.51,490.18,620.43,545.48,490.18,296.41,64.51,-25.15,"vehicles during authentication. The protocol has three phases: registration, generation and extraction. The protocol allows vehicles to complain about other misbehaving vehicles to a trusted server. Nevertheless, an adversary can make fake complaints about vehicles to the trusted server as the vehicle complain protocol does not require authentication of vehicles."
6,0,0,0,0,14,6,/NAUQMW+CMR12,11.96,82.07,475.74,590.17,487.69,475.74,354.2,82.07,5.11,Horng et al. [14] have analysed and presented two impersonation attacks on the SPECS
6,0,0,0,0,96,6,/NAUQMW+CMR12,11.96,64.51,374.62,620.43,473.25,374.62,368.64,64.51,-25.15,"protocol. In the ﬁrst impersonation attack, Horng et al. [14] have shown a malicious vehicle can forge the signature for a message on behalf of a group member. In the second attack, Horng et al. [14] have shown that an attacker can forge the signature for a group message. An improved protocol called b-SPECS+ has been proposed in the work [14]. However, to prevent the replay attack, b-SPECS+ forces RSUs to store the pseudo-identities used by vehicles. It should be noted that RSUs are susceptible to hardware tampering and less trusted than a trusted authority [21]."
6,0,0,0,0,15,6,/NAUQMW+CMR12,11.96,82.07,360.17,572.23,372.13,360.17,469.76,82.07,23.04,"A light-weight group key protocol has been proposed by Ying et al. [15], which is"
6,0,0,0,0,83,6,/NAUQMW+CMR12,11.96,64.51,273.5,644.34,357.68,273.5,484.21,64.51,-49.06,"referred to as LGKP. LGKP proposes anonymous light-weight authentication based on a smart card that creates a dynamic login ID for drivers and also facilitates to trace the drivers individually. LGKP proposes an eﬃcient password change phase that does not require the involvement of the trusted authority. The driver authentication protocol does not preserve the privacy of drivers. The security limitations of the protocol suite are presented in Section 4. In general, all the protocols presented above does not support the handoﬀ capability."
6,0,0,0,0,17,6,/NAUQMW+CMR12,11.96,82.07,259.05,643.97,271.01,259.05,570.88,82.07,-48.69,"Li et al. [22] have proposed a protocol suite, which is referred to as LIAP. LIAP facilitates"
6,0,0,0,0,63,6,/NAUQMW+CMR12,11.96,64.51,186.82,608.47,256.56,186.82,585.33,64.51,-13.2,"the handoﬀ capability with less handoﬀ delay. The purpose of LIAP is to establish a shared session key between a vehicle and an authentication server based on the pre-shared login details. LIAP does not require a separate authenticated key exchange protocol for sharing session keys. However, LIAP employs a conventional public-key cryptosystem for performing encryption and decryption operation, which incurs heavy computation overhead."
6,0,0,0,0,17,6,/NAUQMW+CMR12,11.96,82.07,172.38,620.06,184.33,172.38,657.56,82.07,-24.78,Zhou et al. [23] have analysed LIAP. Zhou et al. [23] have found that LIAP lacks privacy-
6,0,0,0,0,34,6,/NAUQMW+CMR12,11.96,64.51,129.04,608.47,169.89,129.04,672.0,64.51,-13.2,"preserving property and susceptible to impersonation attack. In response, Zhou et al. [23] have proposed a privacy-aware fast handover authentication protocol, which is referred to as PAFH. Nevertheless, PAFH does not provide formal veriﬁcation."
7,0,0,0,0,3,6,/GGAXSG+CMTI12,11.96,64.51,706.87,178.09,718.83,706.87,123.06,64.51,417.19,2.2. Hybrid Schemes
7,0,0,0,0,12,6,/NAUQMW+CMR12,11.96,82.07,689.58,590.17,701.54,689.58,140.35,82.07,5.11,Very few protocol suites address the authentication of V2V communication mode. Zhang
7,0,0,0,0,72,6,/NAUQMW+CMR12,11.96,64.51,602.91,602.5,687.09,602.91,154.8,64.51,-7.22,"et al. [24] have proposed a scalable and robust authentication protocol (SRAP) to prevent malicious vehicles from masquerading as a legitimate vehicle. During V2I and V2V communication, SRAP uses a computationally expensive operation, namely the signcryption algorithm. SRAP maintains group communication between RSU and vehicles. However, in SRAP, V2V communication cannot be established between two vehicles that belong to two diﬀerent groups as each RSU individually establishes a key exchange with vehicles."
7,0,0,0,0,14,6,/NAUQMW+CMR12,11.96,82.07,588.46,596.14,600.41,588.46,241.48,82.07,-0.87,Azees et al. [6] have proposed the EAAP protocol that permits vehicles to communicate
7,0,0,0,0,81,6,/NAUQMW+CMR12,11.96,64.51,501.78,626.41,585.97,501.78,255.92,64.51,-31.13,"in the absence of RSU coverage. The protocol achieves the infrastructure-independent V2V communication by generating a suﬃcient number of short-term public keys during registration. However, EAAP communication between vehicles allows an adversary to link the short-term public keys because a static dummy ID for the vehicles is used in every session of the protocol. Also, messages transmitted from one vehicle to another are prone to a replay attack as they do not carry timestamps. SRAP is also susceptible to replay attacks."
7,0,0,0,0,14,6,/NAUQMW+CMR12,11.96,82.07,487.34,608.1,499.29,487.34,342.6,82.07,-12.82,Park et al. [17] have proposed a privacy-preserving group key protocol that is referred
7,0,0,0,0,86,6,/NAUQMW+CMR12,11.96,64.51,400.66,626.41,484.85,400.66,357.04,64.51,-31.13,"to as FKDP. FKDP oﬀers a V2V group key dissemination, where the validity of a certiﬁcate (i.e. time-bounded validity of a public key issued by a trusted server) of a vehicle can be veriﬁed by another vehicle without contacting a server. They achieve a V2V key exchange in the absence of the coverage of RSU by enabling a vehicle with an updated key to update remaining vehicles. But their protocol is also prone to attacks. A detailed security analysis of FKDP is presented in Section 4."
7,0,0,0,0,13,6,/NAUQMW+CMR12,11.96,82.07,357.11,596.14,369.07,357.11,472.82,82.07,-0.87,The protocols discussed for the V2I communication mode fall into two categories. They
7,0,0,0,0,94,6,/NAUQMW+CMR12,11.96,64.51,241.55,614.45,354.62,241.55,487.27,64.51,-19.18,"are protocols that provide a light-weight authentication which does not have handoﬀ capability and the protocols that support handoﬀ capability with substantial computation overheads. Therefore, we intend to design a light-weight authentication protocol that supports handoﬀ capability and additional functional features for V2I communication mode. There has not been any protocol proposed for the V2V communication mode to exchange group keys without security issues. So we design an authenticated key exchange protocol suite for V2V communication mode that is free from known attacks. We design a privacy-preserving authentication scheme for driver authentication in vehicles."
7,0,0,0,0,11,6,/NAUQMW+CMR12,11.96,82.07,186.04,614.08,197.99,186.04,643.9,82.07,-18.8,This section provides an introduction to pairing along with computational intractability
7,0,0,0,0,10,6,/NAUQMW+CMR12,11.96,64.51,171.59,530.76,183.55,171.59,658.34,64.51,64.51,"assumptions, network and adversary models and security goals and requirements."
7,0,0,0,0,3,6,/GGAXSG+CMTI12,11.96,64.51,145.34,190.04,157.29,145.34,684.6,64.51,405.23,3.1. Bilinear mapping
7,0,0,0,0,13,6,/NAUQMW+CMR12,11.96,82.07,128.04,583.69,140.0,128.04,701.89,82.07,11.59,"Pairing is a map e with characteristics of simple computations, non-degeneracy and bi-"
7,0,0,0,0,30,6,/NAUQMW+CMR12,11.96,64.51,99.15,620.43,125.55,99.15,716.34,64.51,-25.15,"linearity [25]. It establishes a relation between cryptographic groups by combining elements of two groups to yield an element in a third group. In elliptic curve, paring is a recent"
8,0,0,0,0,4,9,/SUOVAD+CMR10,9.96,250.7,595.03,355.31,604.99,595.03,236.9,250.7,239.97,Figure 1: Ate Pairing
8,0,0,0,0,75,6,/NAUQMW+CMR12,11.96,64.51,499.79,629.45,569.52,499.79,272.37,64.51,-34.17,"addition which brings in encrypted multiplication capabilities. For example, with pairing, it p q and is possible to check quadratic constraints such as pq=r by only knowing P=G, Q=G r (p, q and r are scalar values, and P, Q and R are elliptic curve points on three groups, R=G and G is the generating point). This paper uses pairing in the proposed V2V protocol for eﬃciently checking such quadratic constraints by using elliptic curves."
8,0,0,0,0,18,6,/NAUQMW+CMR12,11.96,82.07,485.34,557.36,497.3,485.34,344.59,82.07,37.92,"Consider three subgroups ( G,+), ( G ,+) and ( G , ·) deﬁned by three elliptic curves12T"
8,0,0,0,0,53,6,/NAUQMW+CMR12,11.96,64.51,427.56,614.45,487.19,427.56,354.7,64.51,-19.18,"kE(F(q)), E(F(q)) and E (F(q )), respectively. The groups are of prime order q. P and Q are points of the group G G , respectively, Further, let a map e: G G G1 and21 ×2 → T be an admissible bilinear map that satisﬁes the following properties: bilinearity, non-degenerate and computability [25]."
8,0,0,0,0,3,6,/GGAXSG+CMTI12,11.96,64.51,401.16,160.15,413.11,401.16,428.78,64.51,435.12,3.2. Ate pairing
8,0,0,0,0,16,6,/NAUQMW+CMR12,11.96,82.07,383.72,584.19,395.68,383.72,446.21,82.07,11.09,"The bilinear map can be computed by three types of pairing. They are Weil, Tate and"
8,0,0,0,0,35,6,/NAUQMW+CMR12,11.96,64.51,354.83,602.5,381.23,354.83,460.66,64.51,-7.22,"Ate pairings. We consider ate pairing because it is more eﬃcient than other pairings. Let 2 3 +E(F) be a collection of points deﬁned by the elliptic curve E( F):y=x ax+ b  mod r ,"
8,0,0,0,0,34,6,/NAUQMW+CMR12,11.96,64.51,325.94,613.62,352.34,325.94,489.55,64.51,-18.34,"where (a,b) F q [26]. A pairing-friendly curve is a Barreto-Naehrig (BN) curve, which is rep2 3 +resented as E(F):y=x b mod r , where b F . The bilinear map is usually implemented"
8,0,0,0,0,30,6,/NAUQMW+CMR12,11.96,64.51,297.05,632.38,323.45,297.05,518.44,64.51,-37.11,"using Weil and Tate pairings. But, for better performance, the map is implemented using Ate pairing [27]. Ate pairing is an optimized version of Tate pairing. Ate pairing is achieved"
8,0,0,0,0,12,6,/NJVWMM+CMMI12,11.96,64.51,282.6,483.76,298.89,282.6,543.0,64.51,111.51,"q qby the Frobenius endomorphism π, i.e. π: EE:(x,y)(x,y). Now, G  G"
8,0,0,0,0,6,13,/VYYMPD+CMMI8,7.97,241.74,280.81,534.07,292.76,280.81,549.13,241.74,61.2,q q 1 and 2 can
8,0,0,0,0,9,6,/NAUQMW+CMR12,11.96,64.51,268.15,542.19,284.45,268.15,557.44,64.51,53.08,"k be written as G= E(r)Ker([1])=E(F)[r] and G=E(r)Ker([q])=E(F r],"
8,0,0,0,0,9,13,/VYYMPD+CMMI8,7.97,147.46,265.2,522.04,278.32,265.2,563.57,147.46,73.23,1 q − q 2 q − q )[
8,0,0,0,0,18,6,/NAUQMW+CMR12,11.96,64.51,251.92,560.81,265.66,251.92,576.23,64.51,34.46,where Ker  denotes the kernel of π  E (r) speciﬁes r torision which means that entire q and
8,0,0,0,0,18,6,/NAUQMW+CMR12,11.96,64.51,238.07,445.52,250.02,238.07,591.87,64.51,149.76,"group of points of order r. The Ate pairing is given by T(Q,P ) = f (P )r,Q"
8,0,0,0,0,24,6,/NAUQMW+CMR12,11.96,64.51,222.43,548.39,234.38,222.43,607.51,64.51,46.88,"= f (P ) , where r is not the factor of m, f = r(Q )-r(O ), O is a point at inﬁnity,mr,Qr,Q"
8,0,0,0,0,27,6,/NJVWMM+CMMI12,11.96,64.51,206.19,547.66,219.93,206.19,621.96,64.51,47.62,"T is a tate pairing, m Z , P E (r) Ker ( [1]) and Q E (r) Ker ( [q]). We use the pq −q −"
8,0,0,0,0,25,6,/NAUQMW+CMR12,11.96,64.51,179.09,614.45,205.49,179.09,636.4,64.51,-19.18,same notations as presented in [26]. Figure 1 presents the Ate pairing. It presents the way a mapping operation is done in a targeted group.
8,0,0,0,0,13,6,/NAUQMW+CMR12,11.96,82.07,164.64,596.14,176.6,164.64,665.29,82.07,-0.87,"Now, we discus the computational intractability assumptions that are used in our pro-"
8,0,0,0,0,9,6,/GGAXSG+CMTI12,11.96,82.07,135.75,578.21,147.71,135.75,694.18,82.07,17.06,Computational intractability 1: Elliptic Curve Discrete logarithmic problem (ECDLP)
8,0,0,0,0,24,6,/NAUQMW+CMR12,11.96,64.51,106.86,544.25,133.26,106.86,708.63,64.51,51.03,"Given P  and x P in E (F(q)), where x ∈ Z , it is computationally infeasible to ﬁnd x in p polynomial time."
9,0,0,0,0,10,6,/GGAXSG+CMTI12,11.96,82.07,706.87,530.39,718.83,706.87,123.06,82.07,64.88,Computational intractability 2: Elliptic Curve Diﬃe-Hellman problem (ECDHP) – Given
9,0,0,0,0,30,6,/NJVWMM+CMMI12,11.96,64.51,677.98,578.17,704.38,677.98,137.51,64.51,17.11,"P , x P and y P in E (F(q)), where x,y ∈ Z , it is computationally infeasible to compute p the product x y P in polynomial time."
9,0,0,0,0,9,6,/GGAXSG+CMTI12,11.96,82.07,663.53,578.21,675.49,663.53,166.4,82.07,17.06,Computational intractability 3: Elliptic Curve q-Strong Diﬃe-Hellman problem (ECq-
9,0,0,0,0,39,6,/NAUQMW+CMR12,11.96,64.51,634.64,551.73,661.04,634.64,180.85,64.51,43.55,"SDHP) – Based on the q-SDH problem [28], we deﬁne ECq  − SDHP as follows: Given a 2 · q · k q+1(q+ 3)-tuple (t, P, Q, xQ, xQ, . . . , xQ) ∈ZE(F(q)) ×E(F(q) ), it is"
9,0,0,0,0,3,13,/VYYMPD+CMMI8,7.97,143.73,632.85,374.13,644.8,632.85,197.09,143.73,221.14,d p ×
9,0,0,0,0,19,6,/NAUQMW+CMR12,11.96,64.51,616.07,549.62,632.15,616.07,209.74,64.51,45.66,"P ) ∈ Z E (F(q)) in polynomial computationally intractable to come with a pair ( δ, 1px+t ·"
9,0,0,0,0,3,6,/GGAXSG+CMTI12,11.96,64.51,579.35,213.95,591.31,579.35,250.58,64.51,381.32,3.3. Network architecture
9,0,0,0,0,14,6,/NAUQMW+CMR12,11.96,82.07,561.92,578.21,573.87,561.92,268.02,82.07,17.06,Figure 2 presents the network architecture of a VANET. It includes a key distribu-
9,0,0,0,0,27,6,/NJVWMM+CMMI12,11.96,64.51,533.02,576.78,559.43,533.02,282.46,64.51,18.5,"tion centre (KDC ), trace managers (TMs), vehicles ( V V  RSU RSU  KDC  is a trusted authority in the network. It is responsible for the regis-"
9,0,0,0,0,194,6,/NAUQMW+CMR12,11.96,64.51,330.78,626.41,530.53,330.78,311.36,64.51,-31.13,"tration of vehicle owner/driver, vehicles and RSUs, generation and distribution of session keys to vehicles and RSUs ( P new session key on the following events: a vehicle is newly registered, on the expiry of a public key, a vehicle is revoked, or the current session key is expired. TMs are distributed throughout VANET [29]. In practice, TM is the law authority [30]. The role of TMs is to trace malicious activities and update vehicles with the revocation list. The malicious activities during P  P1 and 2 are reported to a TM by vehicles. Upon receiving complaints from vehicles, TM communicates with KDC to report the malicious vehicle. Depending on the decision, KDC updates TMs with the revocation list such that vehicles can be notiﬁed to update the revocation list. Vehicles are equipped with an on-board unit (OBU) and a smart card reader. OBUs, RSUs and TMs contain a tamper-resistant hardware security module [31], where long-term secrets of the vehicle are stored. Every vehicle has a unique identity, such as a chassis number. Vehicles can be operated manually or drive autonomously. Every RSU possesses a unique serial number. RSUs assist vehicles by providing LBSIs."
9,0,0,0,0,14,6,/NAUQMW+CMR12,11.96,82.07,316.34,590.17,328.29,316.34,513.6,82.07,5.11,"Vehicle driver/owner knows the password of the vehicle and holds a smart card, which"
9,0,0,0,0,54,6,/NAUQMW+CMR12,11.96,64.51,258.55,608.47,313.85,258.55,528.04,64.51,-13.2,"stores the registration credentials. For simplicity, we consider a driver and an owner are the same. V2I and V2V interactions can be carried out using dedicated short-range communication (DSRC) [32]. RSUs and KDC can communicate using a high bandwidth wired channel (e.g. optic link). Similarly, KDC and TMs can communicate using an optic link."
9,0,0,0,0,11,6,/NAUQMW+CMR12,11.96,82.07,244.11,584.19,256.06,244.11,585.83,82.07,11.09,"We use the following assumptions about entities, communication channel and mobility"
9,0,0,0,0,32,6,/NAUQMW+CMR12,11.96,93.78,173.37,601.87,214.22,173.37,627.67,93.78,-6.6,"B1. Entity assumptions: Being a trusted authority, KDC  cannot be compromised. But vehicles and RSUs are susceptible to compromise. Nevertheless, long-term secrets are stored in the vehicles and RSUs cannot be disclosed."
9,0,0,0,0,12,6,/GGAXSG+CMTI12,11.96,93.78,148.96,428.52,160.92,148.96,680.97,93.78,166.75,B2. Channel assumptions: The wireless channel between vehicles and RSUs and the
9,0,0,0,0,27,6,/NAUQMW+CMR12,11.96,93.78,105.63,589.92,146.47,105.63,695.42,93.78,5.36,wired channel between RSUs and KDC  in V2I communication are susceptible to compromise. The wireless channel between two vehicles in V2V communication is also susceptible to compromise.
9,0,0,0,0,21,6,/NAUQMW+CMR12,11.96,0.0,-11.96,358.66,0.0,-11.96,841.89,0.0,236.62,1 to 3) and RSUs ( 1 and 2). The 1 in Figure 2) and revocation of vehicles. KDC generates a
10,0,0,0,0,4,9,/SUOVAD+CMR10,9.96,228.6,561.52,383.03,571.49,561.52,270.4,228.6,212.25,Figure 2: Network architecture.
10,0,0,0,0,14,6,/GGAXSG+CMTI12,11.96,93.78,524.06,458.41,536.02,524.06,305.87,93.78,136.87,B3. Mobility assumptions: There exist some vehicles in the region that is not covered
10,0,0,0,0,6,6,/NJVWMM+CMMI12,11.96,93.78,509.62,246.97,521.57,509.62,320.32,93.78,348.31,"by RSUs. For instance, V  V"
10,0,0,0,0,13,6,/NAUQMW+CMR12,11.96,93.78,495.17,566.01,507.13,495.17,334.76,93.78,29.27,"the region. Some vehicles may cross the boundary between two RSUs. For example,"
10,0,0,0,1,1,6,/NJVWMM+CMMI12,11.96,93.78,480.73,131.33,492.68,480.73,349.21,93.78,463.95,RSUV
10,0,0,0,0,3,6,/GGAXSG+CMTI12,11.96,64.51,438.88,237.86,450.84,438.88,391.05,64.51,357.41,3.4. Adversarial capabilities
10,0,0,0,0,12,6,/NAUQMW+CMR12,11.96,82.07,421.45,550.25,433.4,421.45,408.49,82.07,45.03,An adversary is a probabilistic polynomial-time algorithm ( A) with complete control
10,0,0,0,0,88,6,/NAUQMW+CMR12,11.96,64.51,320.33,614.45,418.96,320.33,422.93,64.51,-19.18,"over messages. Precisely, it can eavesdrop, inject, delete, spoof and replay messages. The adversary can tamper with hardware units of either OBUs of vehicles or RSUs to acquire stored secrets [21]. This means that the adversary can acquire secret random numbers and session keys that are used by vehicles and RSUs during previous key exchanges. However, the adversary cannot acquire the long-term secrets of KDC. The adversary can tamper with the smart-card and recover all the stored credentials, and it can accurately guess the password in polynomial time."
10,0,0,0,0,5,6,/GGAXSG+CMTI12,11.96,64.51,293.93,279.71,305.88,293.93,536.01,64.51,315.57,3.5. Security Goals and Requirements
10,0,0,0,0,11,6,/NAUQMW+CMR12,11.96,82.07,276.49,584.19,288.45,276.49,553.44,82.07,11.09,An authenticated key exchange protocol (AKEP) should satisfy the following security
10,0,0,0,0,11,6,/GGAXSG+CMTI12,11.96,93.78,237.64,422.54,249.59,237.64,592.3,93.78,172.73,D1. Mutual entity authentication allows two communicating entities (parties) to verify
10,0,0,0,0,7,6,/NAUQMW+CMR12,11.96,93.78,223.19,482.32,235.15,223.19,606.74,93.78,112.96,their identities (through acquisition or collaborative evidence).
10,0,0,0,0,14,6,/GGAXSG+CMTI12,11.96,93.78,198.78,434.5,210.74,198.78,631.15,93.78,160.78,D2. Explicit key authentication convinces parties that they are the only ones that hold
10,0,0,0,0,4,6,/NAUQMW+CMR12,11.96,93.78,184.34,225.28,196.29,184.34,645.6,93.78,369.99,a correct session key.
10,0,0,0,0,15,6,/GGAXSG+CMTI12,11.96,93.78,159.93,458.41,171.88,159.93,670.01,93.78,136.87,D3. Key conﬁrmation (KC) is guaranteed if a party proves the possession of a session
10,0,0,0,0,14,6,/GGAXSG+CMTI12,11.96,93.78,121.08,482.32,133.03,121.08,708.86,93.78,112.96,D4. Key freshness guarantees that the current session key is chosen at random and
10,0,0,0,0,3,6,/NAUQMW+CMR12,11.96,93.78,106.63,237.24,118.58,106.63,723.31,93.78,358.04,"independently [33, 34]."
10,0,0,0,0,29,6,/NAUQMW+CMR12,11.96,0.0,-11.96,304.86,0.0,-11.96,841.89,0.0,290.42,2 and 3 in Figure 2 present the location of vehicles in  1 crosses the boundary (ellipsed portion) of 1 and enters into the boundary  2 in Figure 2.
11,0,0,0,0,28,6,/GGAXSG+CMTI12,11.96,93.78,682.46,482.32,718.83,682.46,123.06,93.78,112.95,D5. Key integrity holds if any unauthorised alteration of keys is detectable [33]. D6. Forward secrecy (FS) holds if the disclosure of long-term secrets of a party does
11,0,0,0,0,7,6,/NAUQMW+CMR12,11.96,93.78,668.02,292.48,679.97,668.02,161.92,93.78,302.8,not reveal any session keys to A[34].
11,0,0,0,0,15,6,/GGAXSG+CMTI12,11.96,93.78,643.61,422.54,655.56,643.61,186.33,93.78,172.73,D7. Known-key secrecy (KKS) holds if the exposure of any session key does not help
11,0,0,0,0,9,6,/BNDSAH+CMSY10,11.96,93.78,629.16,388.17,641.12,629.16,200.77,93.78,207.1,"A in attaining the present session key [35, 34]."
11,0,0,0,0,13,6,/NAUQMW+CMR12,11.96,82.07,604.76,602.12,616.71,604.76,225.18,82.07,-6.85,AKEP is intended to satisfy conditional anonymity and unlinkability to ensure the pri-
11,0,0,0,0,7,6,/NAUQMW+CMR12,11.96,64.51,590.31,315.57,602.26,590.31,239.63,64.51,279.7,vacy of vehicles and vehicle drivers [11].
11,0,0,0,0,15,6,/GGAXSG+CMTI12,11.96,93.78,565.9,458.41,577.86,565.9,264.03,93.78,136.87,D8. Conditional anonymity of a vehicle is achieved if KDC alone has the resolution to
11,0,0,0,0,6,6,/NAUQMW+CMR12,11.96,93.78,551.46,314.95,563.41,551.46,278.48,93.78,280.33,the pseudonyms used by vehicles [36].
11,0,0,0,0,14,6,/GGAXSG+CMTI12,11.96,93.78,527.05,536.12,539.0,527.05,302.89,93.78,59.16,D9. Unlinkability of a vehicle is achieved if an adversary cannot link multiple pseudonyms
11,0,0,0,0,21,6,/NAUQMW+CMR12,11.96,82.07,488.19,596.14,524.56,488.19,317.33,82.07,-0.87,"used by a vehicle when observing its communication [36]. AKEP should be resilient against the following attacks: password guessing, lost smart"
11,0,0,0,0,14,6,/NAUQMW+CMR12,11.96,64.51,473.75,584.56,485.7,473.75,356.19,64.51,10.71,"card, replay, masquerading and MITM, and it should detect denial of service (DoS) [37]."
11,0,0,0,0,12,6,/LNZLED+CMBX12,11.96,64.51,441.37,411.21,453.32,441.37,388.57,64.51,184.06,4. Analysis of Park et al. and Ying et al. Protocol Suites
11,0,0,0,0,19,6,/NAUQMW+CMR12,11.96,82.07,417.96,626.03,429.91,417.96,411.98,82.07,-30.76,We present our analysis of the protocol suite of Park et al. [17] and Ying et al. [15]. We
11,0,0,0,0,11,6,/NAUQMW+CMR12,11.96,64.51,403.51,381.32,415.46,403.51,426.43,64.51,213.95,"use the same notations as used in the works [17, 15]."
11,0,0,0,0,6,6,/GGAXSG+CMTI12,11.96,64.51,377.11,249.82,389.06,377.11,452.83,64.51,345.46,4.1. Park et al. Protocol Suite
11,0,0,0,0,13,6,/NAUQMW+CMR12,11.96,82.07,359.67,584.19,371.63,359.67,470.26,82.07,11.09,"V2I group key transmission protocol is susceptible to MITM attack, and the protocol"
11,0,0,0,0,14,6,/NAUQMW+CMR12,11.96,64.51,345.23,596.52,357.18,345.23,484.71,64.51,-1.24,does not preserve the privacy of vehicles. V2V group key transmission protocol lacks KKS.
11,0,0,0,1,2,6,/GGAXSG+CMTI12,11.96,64.51,318.83,124.29,330.78,318.83,511.11,64.51,470.99,4.1.1. V2I
11,0,0,0,0,15,6,/NJVWMM+CMMI12,11.96,82.07,303.39,578.21,315.34,303.39,526.55,82.07,17.06,KDC updates keys via RSUs. The objective of this protocol is to exchange keys between
11,0,0,0,0,22,6,/NAUQMW+CMR12,11.96,64.51,274.49,608.47,300.89,274.49,541.0,64.51,-13.2,vehicles and a trusted server. A vehicle should possess the most recent key to execute the protocol. The protocol is presented below.
11,0,0,0,0,11,9,/SUOVAD+CMR10,9.96,70.49,240.32,322.9,250.28,240.32,591.61,70.49,272.38,1) Send the identity(ID ) of the vehicle as plain text;
11,0,0,0,1,1,9,/NZSRLW+CMBX10,9.96,70.49,227.97,105.36,237.93,227.97,603.96,70.49,489.92,RSU/KDC
11,0,0,0,0,43,9,/SUOVAD+CMR10,9.96,70.49,180.15,369.37,225.98,180.15,615.91,70.49,225.91,2) Verify the expiry time of the public key of the vehicle; 3) Check the version of the group key possessed by the vehicle; 4) Encrypt new group key using the public key of the vehicle; 5) Send the encrypted group key ;
11,0,0,0,0,17,9,/SUOVAD+CMR10,9.96,70.49,155.84,493.9,165.8,155.84,676.09,70.49,101.38,6) Decrypt the cipher text using the private key of the vehicle to obtain the group key;
11,0,0,0,0,16,6,/NAUQMW+CMR12,11.96,82.07,128.61,541.25,140.56,128.61,701.33,82.07,54.02,Security Analysis: Let the version of the group key possessed by the vehicle be GK. 2
11,0,0,0,0,17,6,/NAUQMW+CMR12,11.96,64.51,114.16,611.43,126.12,114.16,715.77,64.51,-16.15,Adversary A starts an attack by sending the ID of the target vehicle (Step 1) and continues
12,0,0,0,0,3,9,/SUOVAD+CMR10,9.96,246.15,594.25,355.74,604.21,594.25,237.68,246.15,239.54,Table 1: Nomenclature.
12,0,0,0,0,14,15,/OXGNIZ+CMMI6,5.98,73.38,484.74,347.08,490.72,484.74,351.17,73.38,248.19,Y &  D  Y  =  ϵ  · Q and D  =  δ  · Q
12,0,0,0,0,7,16,/OXGNIZ+CMMI6,4.98,73.38,476.22,121.87,483.34,476.22,358.55,73.38,473.4,"GK part  GK part 1 , 2"
12,0,0,0,0,4,15,/OXGNIZ+CMMI6,5.98,73.38,454.95,82.35,468.57,454.95,373.32,73.38,512.93,ver gk f ()
12,0,0,0,0,11,15,/OXGNIZ+CMMI6,5.98,73.38,438.8,186.77,446.18,438.8,395.71,73.38,408.51,GK =  f  ( GK part  part  gk 1 2  )
12,0,0,0,0,9,15,/OXGNIZ+CMMI6,5.98,73.38,423.05,248.88,437.31,423.05,404.58,73.38,346.4,ID V ehicle i Identity of the i SID
12,0,0,0,0,4,16,/IJFKHY+CMMI5,4.98,291.76,417.1,327.62,423.08,417.1,418.81,291.76,267.65,th RSU and KDC
12,0,0,0,0,7,15,/OXGNIZ+CMMI6,5.98,73.38,414.59,275.78,420.57,414.59,421.32,73.38,319.5,L RSU i Long-term secret between i
12,0,0,0,0,4,16,/IJFKHY+CMMI5,4.98,291.76,407.79,324.63,413.76,407.79,428.13,291.76,270.64,th TM and KDC
12,0,0,0,0,7,15,/OXGNIZ+CMMI6,5.98,73.38,405.28,275.78,411.25,405.28,430.64,73.38,319.5,L TM i Long-term secret between i
12,0,0,0,0,4,16,/IJFKHY+CMMI5,4.98,291.76,398.47,324.63,404.45,398.47,437.44,291.76,270.64,th RSU and TM
12,0,0,0,0,7,15,/OXGNIZ+CMMI6,5.98,73.38,395.96,275.78,401.94,395.96,439.95,73.38,319.5,L RTM i Long-term secret between i
12,0,0,0,0,6,16,/IJFKHY+CMMI5,4.98,206.71,389.15,305.34,395.13,389.15,446.76,206.71,289.94,th revocation list generated by KDC
12,0,0,0,0,4,16,/IJFKHY+CMMI5,4.98,291.76,380.7,339.58,386.67,380.7,455.22,291.76,255.7,th vehicle and KDC
12,0,0,0,0,10,15,/OXGNIZ+CMMI6,5.98,73.38,363.44,210.02,384.17,363.44,457.72,73.38,385.25,"L V K  i K c r, s , d"
12,0,0,0,0,3,15,/TYJUMC+CMSY6,5.98,112.66,350.12,181.15,356.1,350.12,485.79,112.66,414.12,×{  →{ k
12,0,0,0,0,21,15,/MDCGGI+CMR6,5.98,73.38,347.61,299.02,353.59,347.61,488.3,73.38,296.25,"H ( .) : { 0 , 1 }  0  , 1 }  0  , 1 }  k  is a constant)"
12,0,0,0,0,9,15,/OXGNIZ+CMMI6,5.98,73.38,339.24,132.62,346.22,339.24,495.67,73.38,462.66,"IBF :  Z p  0  , 1 } →{"
12,0,0,0,0,4,16,/YQTKCJ+CMR5,4.98,88.54,334.43,128.64,340.41,334.43,501.48,88.54,466.64,1 : c →
12,0,0,0,0,9,15,/OXGNIZ+CMMI6,5.98,73.38,331.92,142.92,337.9,331.92,503.99,73.38,452.35,"IBF −  { 0 , 1 }  Z  p"
12,0,0,0,0,5,16,/IJFKHY+CMMI5,4.98,255.62,325.97,345.29,331.95,325.97,509.94,255.62,249.99,"th vehicle and RSU, respectively"
12,0,0,0,0,11,15,/OXGNIZ+CMMI6,5.98,73.38,323.46,248.88,329.44,323.46,512.45,73.38,346.4,& ID RSU iID V ehicle i Identity of the i
12,0,0,0,0,3,15,/OXGNIZ+CMMI6,5.98,73.38,314.09,210.02,320.07,314.09,521.82,73.38,385.25,PWD i  i
12,0,0,0,0,6,16,/IJFKHY+CMMI5,4.98,206.71,308.14,290.4,314.12,308.14,527.77,206.71,304.88,th certiﬁcate of Alice and Bob
12,0,0,0,0,10,16,/IJFKHY+CMMI5,4.98,73.38,304.24,140.94,311.61,304.24,530.28,73.38,454.34,"Cert ∗ i,Alice (  i ) ,Bob (  i )"
12,0,0,0,0,7,16,/IJFKHY+CMMI5,4.98,206.71,298.14,290.4,304.12,298.14,537.77,206.71,304.88,th public key of Alice and Bob
12,0,0,0,0,9,16,/IJFKHY+CMMI5,4.98,73.38,294.95,136.81,301.61,294.95,540.28,73.38,458.47,"PKV Alice  (  i ) ,Bob (  i )"
12,0,0,0,0,6,15,/OXGNIZ+CMMI6,5.98,73.38,286.43,114.82,293.41,286.43,548.48,73.38,480.45,"T , T  Tc & r"
12,0,0,0,0,77,15,/MDCGGI+CMR6,5.98,0.0,-5.98,140.47,0.0,-5.98,841.89,0.0,454.8,"Meaning Vehicle’s departure time Current time KDC’s secrets Helper values, where Group key part 1 and part 2 Seed value for generating the group key Version of group key Identity function Encryption function Group key Anonymous ID of a vehicle i Long-term secret between Long-term group secret among vehicles Random integers Bitwise XOR Hash function ( Integer to binary conversion function Inverse IBF function Password chosen by the i i Accepted time delay, current and received time"
13,0,0,0,0,4,6,/NAUQMW+CMR12,11.96,64.51,706.87,213.95,718.83,706.87,123.06,64.51,381.32,with the following steps:
13,0,0,0,0,4,9,/SUOVAD+CMR10,9.96,70.49,672.7,135.62,682.66,672.7,159.23,70.49,459.65,1) Replay ID ;
13,0,0,0,1,1,9,/NZSRLW+CMBX10,9.96,70.49,660.35,105.36,670.31,660.35,171.58,70.49,489.92,RSU/KDC
13,0,0,0,0,36,9,/SUOVAD+CMR10,9.96,70.49,622.99,369.37,658.35,622.99,183.54,70.49,225.91,2) Verify the expiry time of the public key of the vehicle; 3) Check the version of the group key possessed by the vehicle; 4) Encrypt GK (k); 3 using the public key of the vehicle
13,0,0,0,0,5,9,/JROCXJ+CMMI10,9.96,70.49,612.53,149.68,622.49,612.53,219.4,70.49,445.59,5) Send { GK }k;3
13,0,0,0,0,5,9,/JROCXJ+CMMI10,9.96,70.49,588.22,151.72,598.18,588.22,243.71,70.49,443.56,6) Store { GK }k;3
13,0,0,0,0,4,9,/SUOVAD+CMR10,9.96,70.49,563.91,127.14,573.87,563.91,268.02,70.49,468.13,7) Send ID ;
13,0,0,0,1,1,9,/NZSRLW+CMBX10,9.96,70.49,551.56,105.36,561.52,551.56,280.37,70.49,489.92,RSU/KDC
13,0,0,0,0,31,9,/SUOVAD+CMR10,9.96,70.49,514.2,369.37,549.56,514.2,292.33,70.49,225.91,8) Verify the expiry time of the public key of the vehicle; 9) Check the version of the group key possessed by the vehicle; 10) Encrypt GK ; 4 with k
13,0,0,0,0,5,9,/JROCXJ+CMMI10,9.96,70.49,503.73,154.66,513.7,503.73,328.19,70.49,440.61,11) Send { GK }k;4
13,0,0,0,0,11,9,/JROCXJ+CMMI10,9.96,70.49,467.47,163.02,489.39,467.47,352.5,70.49,432.25,11) Block { GK }k; 4 12) Send { GK }k;3
13,0,0,0,0,6,9,/JROCXJ+CMMI10,9.96,70.49,443.16,173.26,453.12,443.16,388.77,70.49,422.02,13) Decrypt { GK }k; 3
13,0,0,0,0,4,9,/SUOVAD+CMR10,9.96,70.49,431.21,146.06,441.17,431.21,400.72,70.49,449.22,14) Accept GK ;3
13,0,0,0,0,15,6,/NAUQMW+CMR12,11.96,64.51,402.18,548.09,415.93,402.18,425.96,64.51,47.19,"Consequently, the vehicle holds group key GK3 while KDC’s version of the group key is"
13,0,0,0,0,19,6,/NJVWMM+CMMI12,11.96,64.51,389.53,608.49,401.49,389.53,440.4,64.51,-13.21,"GK . In other words, the vehicle cannot communicate with the group as it uses an old key. 4"
13,0,0,0,0,73,6,/NAUQMW+CMR12,11.96,64.51,317.3,626.41,387.04,317.3,454.85,64.51,-31.13,"The attack is possible if the vehicle leaves the network at the end of a day and joins the network in the following morning. The duration is suﬃcient for the key update to happen twice. It should be noted that the privacy of the vehicle is also violated since the identity of the vehicle is explicitly used to update keys. Hence, the protocol does not preserve the conditional anonymity and unlinkability of vehicles."
13,0,0,0,1,2,6,/GGAXSG+CMTI12,11.96,64.51,290.9,124.29,302.85,290.9,539.04,64.51,470.99,4.1.2. V2V
13,0,0,0,0,16,6,/NAUQMW+CMR12,11.96,82.07,275.46,626.03,287.41,275.46,554.48,82.07,-30.76,The objective of the protocol is to perform the key update between vehicles in the absence
13,0,0,0,0,48,6,/NAUQMW+CMR12,11.96,64.51,217.67,614.45,272.97,217.67,568.92,64.51,-19.18,"of RSU coverage. The keys are exchanged over a conﬁdential channel which is established using the existing common group key. The party requesting the key update proves their identity to the party supplying the new key, using an asymmetric key-based challenge-response mechanism. The steps below present the protocol."
14,0,0,0,0,11,9,/SUOVAD+CMR10,9.96,70.49,688.14,213.24,710.06,688.14,131.83,70.49,382.04,1) Request using group name ; 2) Open secure channel ;
14,0,0,0,0,5,9,/SUOVAD+CMR10,9.96,70.49,663.83,274.98,673.8,663.83,168.09,70.49,320.3,3) Send encrypted subscription information;
14,0,0,0,0,4,9,/SUOVAD+CMR10,9.96,70.49,639.53,155.48,649.49,639.53,192.4,70.49,439.8,4) Send challenge ;
14,0,0,0,0,12,9,/SUOVAD+CMR10,9.96,70.49,603.26,257.03,625.18,603.26,216.71,70.49,338.24,5) Compute response for the challenge ; 6) Send the response ;
14,0,0,0,0,9,9,/SUOVAD+CMR10,9.96,70.49,567.0,177.16,588.91,567.0,252.98,70.49,418.11,7) Verify the response 8) Send encrypted GK ;
14,0,0,0,0,4,9,/SUOVAD+CMR10,9.96,70.49,542.69,140.04,552.65,542.69,289.24,70.49,455.24,9) Verify GK ;
14,0,0,0,0,14,6,/NAUQMW+CMR12,11.96,82.07,515.46,577.12,527.41,515.46,314.48,82.07,18.16,Security Analysis: This protocol lacks KKS. As the secure channel is opened based on
14,0,0,0,0,23,6,/NAUQMW+CMR12,11.96,64.51,486.57,556.9,512.97,486.57,328.92,64.51,38.38,"the current group key, knowledge of a previous session key can help Ato acquire the future session key just by eavesdropping the communications."
14,0,0,0,0,6,6,/GGAXSG+CMTI12,11.96,64.51,460.16,249.82,472.12,460.16,369.77,64.51,345.46,4.2. Ying et al. Protocol Suite
14,0,0,0,0,14,6,/NAUQMW+CMR12,11.96,82.07,442.73,632.01,454.68,442.73,387.21,82.07,-36.73,A trusted server updates keys of vehicles after verifying the authenticity of vehicles. For
14,0,0,0,0,18,6,/NAUQMW+CMR12,11.96,64.51,413.84,614.45,440.24,413.84,401.65,64.51,-19.18,"the nomenclature, the reader is referred to the work of Ying et al. [15]. LGKP is described below."
14,0,0,0,0,12,6,/NAUQMW+CMR12,11.96,82.07,397.6,436.62,411.35,397.6,430.54,82.07,158.66,"Step 1: The dynamic login identity DIDV i,j is created as follows:"
14,0,0,0,0,10,6,/NJVWMM+CMMI12,11.96,93.78,373.19,267.91,386.94,373.19,454.95,93.78,327.36,Compute K = N H (PW n ).i ⊕0i ∥i
14,0,0,0,0,5,6,/NAUQMW+CMR12,11.96,93.78,350.58,251.77,366.87,350.58,475.02,93.78,343.5,) modH(IDvi0 p .Compute C=y
14,0,0,0,0,18,6,/NJVWMM+CMMI12,11.96,93.78,323.16,484.95,338.12,323.16,503.77,93.78,110.32,"Compute DIDV = H (C H (ID n )), where ni,j01 ∥0Vj j is a random number.i ∥"
14,0,0,0,0,7,6,/NAUQMW+CMR12,11.96,93.78,299.96,259.75,313.71,299.96,528.18,93.78,335.53,"Compute CV = H (DIDV k)i0i,j ∥"
14,0,0,0,0,18,6,/NJVWMM+CMMI12,11.96,93.78,274.34,454.69,289.3,274.34,552.59,93.78,140.59,"Send <DIDV i,j ,CV ,n ,T  to R , where TijVi Vi > i is the time stamp."
14,0,0,0,0,67,6,/NAUQMW+CMR12,11.96,82.07,106.49,536.97,269.23,106.49,572.65,82.07,58.31,"th RSU receives the login message at timeStep 2: When i T, it will act as follows: Check (T − T ) δT .Vi Compute DIDR = DIDV H (ID ).ii,j ⊕0Ri Send <DIDR i , CV , n , T  to trusted authority. ijRi > Step 3:Trusted authority carries out the following steps: Check (T T ) T .1 −Ri PVID Vi  modCheck C=y p ."
15,0,0,0,0,59,6,/NJVWMM+CMMI12,11.96,93.78,633.26,538.97,718.83,633.26,123.06,93.78,56.3,"Compute DIDV = H (C PVID V n ).i,j01 ∥ji ∥ DIDR  H (ID ) = H (ID ).Compute H(ID) = DIDV ∗i and check00R0i,j ⊕iRRii k = H (x PVID V T )0regi ∥ Check CV = H (DIDV k), K  H (C ), M  E (K k), where Ki0i,j ∥s =13i =Kc c is a common s"
15,0,0,0,0,6,6,/NJVWMM+CMMI12,11.96,93.78,592.44,196.87,608.63,592.44,233.26,93.78,398.41,"Send <C ,M ,T3iV i >"
15,0,0,0,0,6,6,/NAUQMW+CMR12,11.96,82.07,573.67,267.38,585.63,573.67,256.26,82.07,327.9,Step 4: RSU does the following:
15,0,0,0,0,13,6,/NJVWMM+CMMI12,11.96,93.78,521.24,262.03,562.63,521.24,279.26,93.78,333.25,"(T T ) T2 −Ri Send the message <C ,M ,T3iV i >"
15,0,0,0,0,7,6,/NAUQMW+CMR12,11.96,82.07,502.48,351.06,514.43,502.48,327.46,82.07,244.21,Step 5: Vehicle performs the following steps:
15,0,0,0,0,32,6,/NJVWMM+CMMI12,11.96,93.78,404.71,357.59,491.44,404.71,350.45,93.78,237.69,(T T ) T3 −Vi Compute C = H (k H (ID )) and check C  C310V 33 =i K = H (C1s 3 ) KDecrypt M K ci usings and store
15,0,0,0,0,13,6,/NAUQMW+CMR12,11.96,82.07,384.67,583.1,396.62,384.67,445.27,82.07,12.18,: The protocol is vulnerable to a masquerading attack. The following Security Analysis
15,0,0,0,0,52,6,/NAUQMW+CMR12,11.96,64.51,339.53,569.74,382.17,339.53,459.72,64.51,25.54,"attack explains the way any vehicle gets the secret key k of another registered vehicle. The protocol is a group key protocol, and the session key Kc is known to all group members. Knowing K , a malicious group member can compute K  H (C ) (refer sixth bulletin in cs =13"
15,0,0,0,0,44,6,/NJVWMM+CMMI12,11.96,64.51,312.44,554.55,338.84,312.44,503.05,64.51,40.73,"Step 3) as C  M E (K k). From K k, the session 3 is a public value. It can decrypti =Kccs key k  of any other group member can be recovered as K k ⊕ K . It is noted that the cc"
15,0,0,0,0,42,6,/NAUQMW+CMR12,11.96,64.51,269.1,626.41,309.95,269.1,531.94,64.51,-31.13,"arbitrary vehicle can complete the whole protocol until Step 5. Hence, the protocol lacks the known key secrecy. If anyone of the past session keys is leaked from the recorded message, the current session key k can be acquired as mentioned above."
15,0,0,0,0,4,6,/LNZLED+CMBX12,11.96,64.51,237.43,190.04,249.38,237.43,592.51,64.51,405.23,5. Our Protocol Suite
15,0,0,0,0,12,6,/NAUQMW+CMR12,11.96,82.07,214.72,602.12,226.67,214.72,615.22,82.07,-6.85,"Our protocol suite consists of ten protocols: vehicle registration protocol (VRP), RSU"
15,0,0,0,0,60,6,/NAUQMW+CMR12,11.96,64.51,128.04,596.52,212.23,128.04,629.66,64.51,-1.24,"registration protocol (RSURP), TM registration protocol (TMRP), vehicle user authentication protocol (VUAP), tri-party key dissemination protocol for V2I communication (TV2I), key dissemination protocol for V2V communication (KV2VP), a protocol for exchanging messages (PEM), oﬄine password change protocol (OPCP) and vehicle complain protocol (VCP). In particular, VUAP, TV2IP, PEM and VCP are symmetric-key protocols and KV2VP is an asymmetric key protocol."
15,0,0,0,0,11,6,/NAUQMW+CMR12,11.96,82.07,113.6,584.19,125.55,113.6,716.34,82.07,11.09,"The protocol starts with TMs registration (TMRP), vehicle owners registration (VRP)"
15,0,0,0,0,14,6,/NAUQMW+CMR12,11.96,64.51,99.15,572.61,111.11,99.15,730.78,64.51,22.67,and RSUs registration (RSURP). Figure 3 presents the steps involved in VRP and VUAP.
16,0,0,0,0,82,6,/NAUQMW+CMR12,11.96,64.51,620.2,602.5,704.38,620.2,137.51,64.51,-7.22,"carries out VUAP to mutually authenticate each other before connecting to VANET. O in Figure 3 shows the steps involved in VUAP. Upon successful execution of VUAP, vehicles follow TV2I to update keys from KDC . Update of keys between vehicles can be done by following KV2VP. PEM is performed by RSUs and vehicles to exchange information, such as LBSIs, information about current traﬃc status, etc. Misbehaving vehicles or RSUs during the protocol actions can be intimated to KDC by following VCP."
16,0,0,0,0,7,9,/SUOVAD+CMR10,9.96,185.93,597.55,444.96,607.51,597.55,234.38,185.93,150.32,"Table 2: Protocols, objectives and involved parties."
16,0,0,0,0,3,6,/NAUQMW+CMR12,11.96,93.89,545.11,165.62,586.75,545.11,255.14,93.89,429.65,Registration Registration Registration
16,0,0,0,0,5,6,/NAUQMW+CMR12,11.96,74.79,530.26,629.45,542.22,530.26,299.67,74.79,-34.17,User authentication VUAP Authenticate owner/driver
16,0,0,0,0,9,6,/NAUQMW+CMR12,11.96,78.17,456.44,219.36,512.93,456.44,328.96,78.17,375.91,Key dissemination Key dissemination KV2VP Message exchange Password change
16,0,0,0,0,4,6,/NAUQMW+CMR12,11.96,81.98,427.15,601.1,439.11,427.15,402.78,81.98,-5.83,Vehicle complain Making complaints
16,0,0,0,0,3,6,/NAUQMW+CMR12,11.96,488.23,412.7,625.72,424.66,412.7,417.23,488.23,-30.44,of misbehaving vehicles
16,0,0,0,0,23,6,/NAUQMW+CMR12,11.96,74.79,384.18,608.1,409.82,384.18,432.07,74.79,-12.82,"(*) Initial registration is achieved at a physical proximity. Table 2 presents goals of the protocols, parties and speciﬁes the type of communication"
16,0,0,0,0,22,6,/NAUQMW+CMR12,11.96,64.51,355.29,590.54,381.69,355.29,460.2,64.51,4.74,"channel used. We follow the notations from Table 1. Before presenting the protocols, we describe the procedure for generating keys by KDC."
16,0,0,0,0,8,6,/GGAXSG+CMTI12,11.96,64.51,328.89,375.35,340.85,328.89,501.04,64.51,219.93,5.1. Group Key Generation Procedure and Setup (GGPS)
16,0,0,0,0,15,6,/NAUQMW+CMR12,11.96,82.07,311.46,614.08,323.41,311.46,518.48,82.07,-18.8,"The objective of the protocol is to generate group keys. GGPS assures the key integrity,"
16,0,0,0,0,27,6,/NAUQMW+CMR12,11.96,64.51,282.57,614.45,308.97,282.57,532.92,64.51,-19.18,i.e. vehicles can check the integrity of keys and ensure that the keys are indeed generated by the KDC . KDC generates a group key as follows:
16,0,0,0,0,41,6,/NJVWMM+CMMI12,11.96,93.78,184.93,343.16,270.11,184.93,571.78,93.78,252.11,"ver  vergk = gk + 1 K =  H ( ver K ) where λgk ∥c R Z p P for 1 = (0,1)GK K, GK 1part2 =part1 =K ·K ̸ GK =  f (GK , GK , ver ) part1part2gk"
16,0,0,0,0,20,6,/NAUQMW+CMR12,11.96,64.51,146.08,579.86,172.48,146.08,669.41,64.51,15.42,"Consuming GK , GK  verpart1part2 and gk as separate values, vehicles can check the integrity of the key as follows:"
16,0,0,0,0,8,6,/NJVWMM+CMMI12,11.96,93.78,119.88,290.7,133.62,119.88,708.27,93.78,304.58,"e(GK ,GK Y ) e(P,Q ) part1part2 ·"
16,0,0,0,0,87,6,/NAUQMW+CMR12,11.96,0.0,-11.96,532.01,0.0,-11.96,841.89,0.0,63.27,"1 in Figure 3 shows the registration of an owner with KDC. Vehicle and its owner/driver  2  Protocol Channel Parties Primary security goal VRP Secure* Vehicles and KDC Share secret elements RSURP Secure* RSUs and KDC Share secret elements TMRP Secure* TMs and KDC Share secret elements Insecure Driver/owner, vehicle and TV2I Insecure Vehicle, RSUs and KDC Exchange session key Insecure Vehicles Exchange session key PEM Insecure Vehicles and RSUs Exchange LBSIs OPCP Secure* Driver/owner and KDC Exchange PWD and VCP Insecure Vehicles, RSUs, TM and KDC"
17,0,0,0,0,5,9,/SUOVAD+CMR10,9.96,242.28,610.23,346.88,620.19,610.23,221.7,242.28,248.39,Figure 3: VRP & VUAP.
17,0,0,0,0,39,6,/NJVWMM+CMMI12,11.96,64.51,558.98,555.48,587.18,558.98,254.71,64.51,39.8,"KDC publishes the description of the groups G , G  G . Then, it announces two points12 andT P and Q that generate G  G , respectively. It makes the following public: e, f() and ψ , 1 and2"
17,0,0,0,0,17,6,/NAUQMW+CMR12,11.96,64.51,546.33,539.99,558.28,546.33,283.61,64.51,55.29,"where e is a bilinear mapping, f() is an identity function and ψ is the isomorphism between"
17,0,0,0,0,14,6,/NJVWMM+CMMI12,11.96,64.51,530.09,465.81,543.84,530.09,298.05,64.51,129.47,"G  G . Finally, it publishes the helper values (ref. Table I). 1 and2"
17,0,0,0,0,17,6,/NAUQMW+CMR12,11.96,82.07,517.44,578.21,529.39,517.44,312.5,82.07,17.06,A group key is generated if any of the following events occurs in VANET: (1) a new
17,0,0,0,0,32,6,/NAUQMW+CMR12,11.96,64.51,488.55,626.41,514.95,488.55,326.94,64.51,-31.13,"vehicle or an RSU is registered, (2) certiﬁcate validity of a registered vehicle has expired, (3) a vehicle is revoked and (4) any of the registered RSUs is replaced due to repair."
17,0,0,0,0,5,6,/GGAXSG+CMTI12,11.96,64.51,463.99,303.62,475.94,463.99,365.95,64.51,291.66,5.2. Vehicle Registration Protocol (VRP)
17,0,0,0,0,13,6,/NAUQMW+CMR12,11.96,82.07,448.39,553.46,460.35,448.39,381.54,82.07,41.82,"This protocol aims to register vehicles with a trusted authority, KDC. The registration"
17,0,0,0,0,113,6,/NAUQMW+CMR12,11.96,64.51,347.27,614.45,450.24,347.27,391.65,64.51,-19.18,"th vehicle andprocedure between the i KDC  is presented below. A vehicle owner chooses a password and submits it to KDC . The owner gives an identity of the vehicle, which is the chassis number (Step 1) and provides their contact number, date of birth (DoB) and primary and secondary email IDs. KDC generates credentials for the vehicle (Step 3). For ) and corre- the ﬁxed departure time ( t) of the vehicle, KDC generates certiﬁcates ( Certdi x  (s.t. x ). KDC sends sponding public keys ( PKV ∗i ) suﬃcient for the vehicle by varying the credentials to the vehicle (Step 5). The vehicle stores the credentials (Steps 6 and 7)."
17,0,0,0,0,6,9,/SUOVAD+CMR10,9.96,70.49,313.1,195.99,323.06,313.1,518.83,70.49,399.29,"1) Send ID , PWD ;Vehicleii"
17,0,0,0,1,1,9,/NZSRLW+CMBX10,9.96,70.49,300.75,85.43,310.71,300.75,531.18,70.49,509.84,KDC
17,0,0,0,0,27,9,/JROCXJ+CMMI10,9.96,70.49,274.24,333.27,298.75,274.24,543.14,70.49,262.01,"2) Choose x ,t ,d,L VK ; Ensure x + δt = (0,1); d ∈R Zpd ̸ 3) Compute PKV  H (x ID ) ·Q, Vehicleii ="
17,0,0,0,0,10,9,/BNVFXK+CMMI7,9.96,83.77,262.24,287.45,274.8,262.24,567.1,83.77,307.83,"Cert  1 P, m = H (PWD ), ii =H(xID)+δt"
17,0,0,0,0,22,9,/JROCXJ+CMMI10,9.96,83.77,239.33,342.98,261.25,239.33,580.64,83.77,252.3,"n = H (m ID ), SID = H ( d ID ), VehicleVehicleii y = m n, C = H (y);"
17,0,0,0,0,4,9,/SUOVAD+CMR10,9.96,70.49,227.37,160.15,237.34,227.37,604.55,70.49,435.12,4) Maintain a tuple
17,0,0,0,0,24,9,/JROCXJ+CMMI10,9.96,70.49,200.87,342.7,225.38,200.87,616.51,70.49,252.57,"<SID,H ( x ID ) ,m,n,C,PKV ∗ ,ver ; gk >i ,Certi 5) Send H (x ID ) ,SID,C,n,m,PKV ∗ ,t ,GK ;di ,Certi"
17,0,0,0,0,11,9,/JROCXJ+CMMI10,9.96,70.49,176.56,285.41,189.12,176.56,652.77,70.49,309.87,"6) Store H (x ID ) ,PKV ∗ ,m,C,ver gki ,Certi"
17,0,0,0,0,5,9,/JROCXJ+CMMI10,9.96,83.77,167.2,244.19,177.16,167.2,664.73,83.77,351.08,in the tamper resistant module;
17,0,0,0,0,8,9,/SUOVAD+CMR10,9.96,70.49,155.25,229.53,165.21,155.25,676.68,70.49,365.75,"7) Store n,SID in the smart card ;"
17,0,0,0,0,5,6,/GGAXSG+CMTI12,11.96,64.51,129.19,291.66,141.15,129.19,700.74,64.51,303.62,5.3. RSU Registration Protocol (RSURP)
17,0,0,0,0,14,6,/NAUQMW+CMR12,11.96,82.07,110.59,513.0,125.55,110.59,716.34,82.07,82.27,The following protocol registers RSUs with KDC . KDC delivers L  GK  toRSUi and
17,0,0,0,0,15,6,/NJVWMM+CMMI12,11.96,64.51,99.15,537.57,111.11,99.15,730.78,64.51,57.71,RSU . KDC maintains a list of registered RSUs based on its geographical location. i
18,0,0,0,0,4,9,/SUOVAD+CMR10,9.96,70.49,687.15,147.26,697.11,687.15,144.78,70.49,448.02,1) Send ID ;RSUi
18,0,0,0,1,1,9,/NZSRLW+CMBX10,9.96,70.49,674.79,85.43,684.76,674.79,157.13,70.49,509.84,KDC
18,0,0,0,0,14,9,/SUOVAD+CMR10,9.96,70.49,650.88,203.31,672.8,650.88,169.09,70.49,391.97,"2) Choose L 0,1} ; RSUR {i ∈ 3) Send L ,GK,L RTM ;RSUii"
18,0,0,0,0,8,9,/JROCXJ+CMMI10,9.96,70.49,624.08,313.42,636.54,624.08,205.35,70.49,281.86,"4) Store L ,L resistant module;RSURTMii in tamper"
18,0,0,0,1,1,9,/NZSRLW+CMBX10,9.96,70.49,614.22,85.43,624.18,614.22,217.71,70.49,509.84,KDC
18,0,0,0,0,9,9,/JROCXJ+CMMI10,9.96,70.49,600.77,282.63,612.23,600.77,229.66,70.49,312.65,"5) Maintain a tuple <Id ,L ,ver ;RSURSUgk >ii"
18,0,0,0,0,5,6,/GGAXSG+CMTI12,11.96,64.51,574.37,279.71,586.33,574.37,255.56,64.51,315.57,5.4. TM Registration Protocol (TMRP)
18,0,0,0,0,16,6,/NAUQMW+CMR12,11.96,82.07,556.93,558.91,568.89,556.93,273.0,82.07,36.36,The goal of this protocol is to register TMs with the KDC. The below protocol explains
18,0,0,0,0,15,6,/NAUQMW+CMR12,11.96,64.51,542.49,458.06,558.78,542.49,283.11,64.51,137.21,th TM withthe steps involved during the registration of i KDC . KDC delivers L
18,0,0,0,0,3,13,/VYYMPD+CMMI8,7.97,489.59,539.48,527.74,552.65,539.48,289.24,489.59,67.54,TM i and
18,0,0,0,0,18,6,/NJVWMM+CMMI12,11.96,64.51,526.25,570.77,540.0,526.25,301.89,64.51,24.51,RL  TM . KDC maintains a list of registered TMs and its long-term secret. The execu- i toi
18,0,0,0,0,14,6,/NAUQMW+CMR12,11.96,64.51,513.6,518.81,525.55,513.6,316.34,64.51,76.47,tion of this protocol is less frequent as TMs are ﬁxed compared to vehicles.
18,0,0,0,0,4,9,/SUOVAD+CMR10,9.96,70.49,479.43,143.89,489.39,479.43,352.5,70.49,451.38,1) Send ID ;TMi
18,0,0,0,1,1,9,/NZSRLW+CMBX10,9.96,70.49,467.07,85.43,477.04,467.07,364.85,70.49,509.84,KDC
18,0,0,0,0,8,9,/SUOVAD+CMR10,9.96,70.49,452.63,199.94,465.08,452.63,376.81,70.49,395.33,"2) Choose L 0,1} ; TMR {i ∈"
18,0,0,0,0,6,9,/JROCXJ+CMMI10,9.96,70.49,443.16,193.71,453.12,443.16,388.77,70.49,401.57,"3) Send L ,L ,RL ;TMRTMiii"
18,0,0,0,0,8,9,/JROCXJ+CMMI10,9.96,70.49,416.36,310.05,428.81,416.36,413.07,70.49,285.22,"4) Store L ,L resistant module;TMRTMii in tamper"
18,0,0,0,1,1,9,/NZSRLW+CMBX10,9.96,70.49,406.5,85.43,416.46,406.5,425.43,70.49,509.84,KDC
18,0,0,0,0,9,9,/JROCXJ+CMMI10,9.96,70.49,393.05,270.28,404.51,393.05,437.38,70.49,324.99,"5) Maintain a tuple <Id ,L ,RL ;TMTMi >ii"
18,0,0,0,0,6,6,/GGAXSG+CMTI12,11.96,64.51,366.65,351.44,378.6,366.65,463.29,64.51,243.84,5.5. Vehicle User Authentication Protocol (VUAP)
18,0,0,0,0,13,6,/NAUQMW+CMR12,11.96,82.07,349.21,608.1,361.17,349.21,480.72,82.07,-12.82,The objective of this protocol is to authenticate vehicle user/owner. The protocol pre-
18,0,0,0,0,123,6,/NAUQMW+CMR12,11.96,64.51,233.65,614.45,346.72,233.65,495.17,64.51,-19.18,"sented below preserves the conditional anonymity and unlinkability of vehicles. A vehicle user/owner enters a password after inserting a smart card (Step 1). The smart card performs the computations (Step 2), where Tc is the current time, and sends the message (Step 3). The vehicle performs two checks (Step 4). The ﬁrst check is for the time delay, where Tr is the time the message is received to prevent the replay attack. In the second check, the vehicle checks validity of H(H(y) ∥ T ) by comparing it with H(C ∥ T ), where C is fetched cc from the tamper-resistant module. Unless the two checks are valid, the vehicle aborts the authentication and blocks the user from accessing the vehicle (Step 5)."
18,0,0,0,0,31,9,/SUOVAD+CMR10,9.96,70.49,174.07,320.03,209.44,174.07,632.45,70.49,275.25,"1) Enter PWD ; i 2) Compute m = H (PWD ),y =  m n,H (H (y) ∥ T ); ic 3) Send T H (H (y) ∥ T );c ∥c"
18,0,0,0,0,22,9,/JROCXJ+CMMI10,9.96,70.49,149.76,324.31,161.22,149.76,680.67,70.49,270.97,"4) Check | T T |≤ ∆ T, H (H (y) ∥ T ) == H (C ∥ T ); r −ccc"
18,0,0,0,0,5,9,/SUOVAD+CMR10,9.96,70.49,139.3,220.46,149.26,139.3,692.63,70.49,374.81,5) Authenticate the vehicle user;
19,0,0,0,0,10,6,/GGAXSG+CMTI12,11.96,64.51,706.87,578.59,718.83,706.87,123.06,64.51,16.69,5.6. Tri-party Key Dissemination Protocol for Vehicle to Infrastructure Communication
19,0,0,0,1,1,6,/GGAXSG+CMTI12,11.96,89.62,692.43,125.48,704.38,692.43,137.51,89.62,469.79,(TV2I)
19,0,0,0,0,16,6,/NAUQMW+CMR12,11.96,82.07,674.99,632.01,686.95,674.99,154.94,82.07,-36.73,The objective of this protocol is to exchange keys to vehicles from a trusted authority via
19,0,0,0,0,49,6,/NAUQMW+CMR12,11.96,64.51,631.65,590.54,672.5,631.65,169.39,64.51,4.74,"RSUs. The parties involved in this protocol are vehicles, RSUs and KDC. The TV2I prototh vehicle andcol below depicts steps involved between the i KDC when the vehicle crosses th RSU to either ( th or ( th RSU. The vehicle forwardsthe boundary of ii1)i+ 1) M and σ"
19,0,0,0,0,108,6,/NAUQMW+CMR12,11.96,64.51,544.98,608.47,629.16,544.98,212.73,64.51,-13.2,"to RSU  KDC  (Step 3). The RSU constructs U  and ( ) (Step 5) i for proving its identity to2 to prove its authenticity, and it forwards the message to KDC (Step 6). KDC  veriﬁes the tag of the RSU, matches SID with the stored SID , checks the validity ( t) of the vehicle d and the version of the key (ver) held by the vehicle and veriﬁes the tag of the vehicle (Step gk 7). KDC aborts authentication if either one of the cases occurs: the tags are invalid, the validity of the vehicle is expired and version of the key matches with the current version."
19,0,0,0,0,17,6,/NJVWMM+CMMI12,11.96,64.51,530.53,560.65,542.49,530.53,299.4,64.51,34.62,"KDC recovers random numbers that are sent by the vehicle and the RSU (Step 9), and it"
19,0,0,0,0,138,6,/NAUQMW+CMR12,11.96,64.51,414.97,632.38,528.04,414.97,313.85,64.51,-37.11,"performs Step 10. The tags in Step 10 are computed based on the request received from the th RSU delivers the message in Step 6, then the tags for the ciphertexts RSU. That is, if the i th and ( th RSU. The two additional tags are will be additionally computed for ( i1)i+ 1) generated to uninterruptedly deliver the message to the vehicle regardless of its direction of mobility. The vehicle can acquire the key and construct the next session identiﬁer ( SID) by following Step 14. As the key conﬁrmation step, the vehicle computes a tag (Step 15), and it forwards to the RSU. Now, the vehicle is assumed to be on the boundary of new RSU th or ( th(i.e. either ( i1)i+ 1). The RSU computes a tag, and it forwards the message to"
19,0,0,0,0,15,6,/NJVWMM+CMMI12,11.96,64.51,400.52,539.28,412.48,400.52,429.41,64.51,56.0,"KDC (Step 17 and 18, respectively). KDC  veriﬁes the tags and updates the tuple (Step"
19,0,0,0,0,23,6,/NAUQMW+CMR12,11.96,64.51,371.63,620.43,398.03,371.63,443.86,64.51,-25.15,"19 and 20). It should be noted that if any of the veriﬁcations or decryptions fail, then the concerned party aborts the protocol."
20,0,0,0,0,39,9,/JROCXJ+CMMI10,9.96,70.49,686.65,357.83,710.06,686.65,131.83,70.49,237.44,"1) S  ∈ 0,1} , T = H (L GK ), B = S T ⊕ L GK ; R {VK ∥VK ⊕ 2) σ  H (SID ∥ B ∥ L , M = SID,B ; 1 =VK )"
20,0,0,0,0,4,9,/SUOVAD+CMR10,9.96,70.49,676.19,138.24,686.15,676.19,155.74,70.49,457.03,"3) Send M,σ ;1"
20,0,0,0,0,41,9,/JROCXJ+CMMI10,9.96,70.49,627.97,363.66,661.84,627.97,180.05,70.49,231.61,"4) R ∈{ 0,1} , U = H (L GK ),Q =  R L U ⊕ GK ; RSURSUi ∥i ⊕ 5) σ  H (Q M ∥ RSU L ); 2 =1 ∥i ∥RSUi 6) Send M,RSU ,Q,σ 1 ,σ ;i2"
20,0,0,0,1,1,9,/NZSRLW+CMBX10,9.96,70.49,615.62,85.43,625.58,615.62,216.31,70.49,509.84,KDC
20,0,0,0,0,56,9,/JROCXJ+CMMI10,9.96,70.49,566.3,326.87,613.62,566.3,228.27,70.49,268.41,"7) Verify σ , Match <SID,ver gk ,t ; 2d >, Verify σ1 8) Check the tuple <ID ,...,ver gk ; RSU > 9) S  = B T ⊕ L GK, R = Q U ⊕ L GK ; VK ⊕RSUi ⊕ 10) Choose r 0,1} , ζ  { GK r SID }S, R {S ="
20,0,0,0,0,12,9,/BNDSAH+CMSY10,9.96,84.81,554.34,267.17,565.8,554.34,276.09,84.81,328.1,"{ GK }R, σ  H ( L ),R =3 =S ∥R ∥RSUi"
20,0,0,0,0,18,9,/SUOVAD+CMR10,9.96,86.14,541.39,336.09,553.85,541.39,288.04,86.14,259.19,"H ( L , σ  H ( LS ∥R ∥RSUS ∥R ∥ RSU3 =3 =i1 ) i+1 );"
20,0,0,0,0,12,9,/JROCXJ+CMMI10,9.96,70.49,529.46,201.92,541.89,529.46,300.0,70.49,393.35,"11) Send ζ , ζ , σ , σSR33 , σ3 ;"
20,0,0,0,0,4,14,/QHYYYP+CMR7,6.97,70.49,519.58,140.79,529.54,519.58,312.35,70.49,454.49,"RSU (i 1),i,(i+ 1)"
20,0,0,0,0,10,9,/JROCXJ+CMMI10,9.96,70.49,505.15,235.41,517.58,505.15,324.31,70.49,359.86,"12) Verify σ ,σ ; 3R3 ,σ3 , Decrypt ζ"
20,0,0,0,0,4,9,/SUOVAD+CMR10,9.96,70.49,495.66,123.53,505.63,495.66,336.26,70.49,471.74,13) Send ζ ;
20,0,0,0,0,10,9,/JROCXJ+CMMI10,9.96,70.49,471.36,265.91,481.32,471.36,360.57,70.49,329.37,"14) Decrypt ζ,SID = H (r SID ∥ GK );"
20,0,0,0,0,14,9,/SUOVAD+CMR10,9.96,70.49,447.45,201.84,469.36,447.45,372.53,70.49,393.44,15) σ  H ( ∥ SID L4 = VK ); 16) Send σ ;4
20,0,0,0,0,4,14,/QHYYYP+CMR7,6.97,70.49,435.09,144.22,445.06,435.09,396.83,70.49,451.06,RSU (i 1)/i/(i+ 1)
20,0,0,0,0,14,9,/SUOVAD+CMR10,9.96,70.49,418.27,298.76,431.06,418.27,410.83,70.49,296.52,"17) Compute σ  H ( L5 =4 ∥ RSU3 ∥ (i 1) ,i,(i+1) );"
20,0,0,0,0,8,14,/QHYYYP+CMR7,6.97,70.49,408.66,212.79,418.62,408.66,423.27,70.49,382.49,"18) Send σ , RSU , σ ;45i1/i/i+1"
20,0,0,0,1,1,9,/NZSRLW+CMBX10,9.96,70.49,396.3,85.43,406.27,396.3,435.62,70.49,509.84,KDC
20,0,0,0,0,28,9,/JROCXJ+CMMI10,9.96,70.49,369.57,333.32,394.31,369.57,447.58,70.49,261.96,"19) Verify σ , Compute SID = H (r SID ∥ GK ); 5 20) Verify σ , Update <SID ∗ ,...,ver ∗ ;4gk > in the tuple"
20,0,0,0,0,9,6,/GGAXSG+CMTI12,11.96,64.51,343.91,482.94,355.86,343.91,486.03,64.51,112.33,5.7. Key Dissemination Protocol for V2V Communication Protocol (KV2VP)
20,0,0,0,0,16,6,/NAUQMW+CMR12,11.96,82.07,326.47,578.21,338.43,326.47,503.46,82.07,17.06,The purpose of this protocol is to exchange keys from Bob to Alice. To transfer an
20,0,0,0,0,201,6,/NAUQMW+CMR12,11.96,64.51,153.12,650.32,323.98,153.12,517.91,64.51,-55.04,"updated key, Alice needs to prove the validity of the certiﬁcate ( tt) to Bob. Also, Bob dc needs to convince Alice that his departure time is not expired. Once the validity of Bob and Alice is mutually veriﬁed, Alice veriﬁes the integrity of the key to avoid a key injection from Bob. As outlined below, Alice picks up one of her public keys and the corresponding certiﬁcate (Step 1). She performs the steps until 4 to prove her validity and authenticity. Bob performs the veriﬁcation (Step 5), and he checks the departure time of Alice (Step 6). If anyone of the veriﬁcations fails, Bob aborts the authentication. Bob takes one of his public keys, and he constructs a session key (Step 7). Then, Bob performs Step 8 and Step 9. Alice performs checks similar to Bob (Step 10 and 11). She constructs a session key to decrypt the key (Step 12) and veriﬁes the integrity of the session key (Step 13). She further constructs a tag to ﬁnish the key conﬁrmation step (Step 13), and she forwards the tag to Bob (Step 14). Bob checks the tag (Step 15). If any of the veriﬁcation fails, then the protocol is aborted."
21,0,0,0,0,8,14,/BNVFXK+CMMI7,6.97,70.49,696.89,233.07,710.06,696.89,131.83,70.49,362.21,1) Take Cert  PKV ∗ ; Alice(i) &Alice(i)
21,0,0,0,0,9,9,/BNVFXK+CMMI7,9.96,70.49,685.28,234.94,696.74,685.28,145.15,70.49,360.33,"2) Choose a , a PKV ; R ZpAlice(i)"
21,0,0,0,0,17,9,/JROCXJ+CMMI10,9.96,70.49,671.61,366.59,684.78,671.61,157.11,70.49,228.69,"3) σ  H (a PKV Cert , PKV ∗ t GK ); 1 =d ∥Alice(i) ∥Alice(i)Alice(i) ∥"
21,0,0,0,0,14,14,/BNVFXK+CMMI7,6.97,70.49,661.28,354.24,671.46,661.28,170.43,70.49,241.04,"4) Send ver , a PKV ,t , Cert , PKV , σ ;gkd1Alice(i)Alice(i)Alice(i)"
21,0,0,0,0,5,9,/SUOVAD+CMR10,9.96,70.49,635.83,138.17,645.79,635.83,196.1,70.49,457.1,5) Verify σ ; 1
21,0,0,0,0,14,9,/JROCXJ+CMMI10,9.96,70.49,620.66,338.32,633.83,620.66,208.06,70.49,256.96,"6) Check e (Cert ,PKV ∗  t Y ) e(P,Q ); d ·Alice(i)Alice(i) +"
21,0,0,0,0,9,14,/JROCXJ+CMMI10,6.97,70.49,608.75,228.46,620.51,608.75,221.38,70.49,366.81,7) SK =  a PKV PKVAlice(i) · Bob (i)
21,0,0,0,0,6,9,/JROCXJ+CMMI10,9.96,70.49,598.6,172.17,608.56,598.6,233.33,70.49,423.11,"8) { GK ,λ,ver gk }SK,"
21,0,0,0,0,15,9,/JROCXJ+CMMI10,9.96,86.14,583.43,376.76,596.6,583.43,245.29,86.14,218.52,"H ({GK ,λ,ver gk }SK ∥ Cert PKV GK ); 2 =1 ∥Bob(i) ∥Bob(i) ∥"
21,0,0,0,0,15,9,/JROCXJ+CMMI10,9.96,70.49,573.1,338.02,583.28,573.1,258.61,70.49,257.26,"9) Send { GK ,λ,ver gk }SK, t , Cert , PKV , σ ;d2Bob(i)Bob(i)"
21,0,0,0,0,5,9,/SUOVAD+CMR10,9.96,70.49,547.64,143.15,557.61,547.64,284.28,70.49,452.12,10) Verify σ ; 2
21,0,0,0,0,14,9,/JROCXJ+CMMI10,9.96,70.49,532.48,333.47,545.65,532.48,296.24,70.49,261.8,"11) Check e (Cert ,PKV ∗  t Y ) e(P,Q ); d ·Bob(i)Bob(i) +"
21,0,0,0,0,9,14,/JROCXJ+CMMI10,6.97,70.49,520.57,233.44,532.33,520.57,309.56,70.49,361.83,12) SK  =  a PKV PKVAlice(i) · Bob (i)
21,0,0,0,0,12,9,/JROCXJ+CMMI10,9.96,70.49,508.92,272.36,520.37,508.92,321.52,70.49,322.92,"13) Verify GK , σ  H (GK SK ); 3 =2 ∥"
21,0,0,0,0,4,9,/SUOVAD+CMR10,9.96,70.49,498.46,128.6,508.42,498.46,333.47,70.49,466.68,14) Send σ ;3
21,0,0,0,0,4,9,/SUOVAD+CMR10,9.96,70.49,474.15,138.17,484.11,474.15,357.78,70.49,457.1,15) Verify σ ;3
21,0,0,0,0,6,6,/GGAXSG+CMTI12,11.96,64.51,446.85,315.57,458.81,446.85,383.08,64.51,279.7,5.8. Protocol for Exchanging Message (PEM)
21,0,0,0,0,13,6,/NAUQMW+CMR12,11.96,82.07,430.01,578.21,441.97,430.01,399.92,82.07,17.06,The prime objective is to exchange LBSI. Every LBSI message (LBSIMSG) is exchanged
21,0,0,0,0,20,6,/NJVWMM+CMMI12,11.96,64.51,415.57,537.83,431.86,415.57,410.03,64.51,57.44,"th RSU aswith vehicles byi ID  ∥ LBSIMSG ∥ T H (ID ∥ LBSIMSG ∥ GK ∥ T ), where"
21,0,0,0,0,3,13,/VYYMPD+CMMI8,7.97,311.81,413.77,489.83,425.73,413.77,416.16,311.81,105.44,c ∥ c
21,0,0,0,0,19,6,/NJVWMM+CMMI12,11.96,64.51,399.33,538.17,413.08,399.33,428.81,64.51,57.11,") ) and ID = r ∥H(r ∥LID for each message is generated as r ∈, H(r ∥LRSUR ZpRSUii"
21,0,0,0,0,59,6,/NAUQMW+CMR12,11.96,64.51,343.34,602.5,398.63,343.34,443.26,64.51,-7.22,"and T c is the current time. The parties involved in this protocol are vehicles and RSUs. The message is broadcasted with the time stamp to prevent the replay attack. It should be noted that when messages are transmitted from one vehicle to another vehicle, the same format can be utilised by computing the ID = H (m r)."
21,0,0,0,0,6,6,/GGAXSG+CMTI12,11.96,64.51,317.53,309.59,329.49,317.53,512.4,64.51,285.68,5.9. Oﬄine Password Change Protocol (OPC)
21,0,0,0,0,16,6,/NAUQMW+CMR12,11.96,82.07,300.7,596.14,312.65,300.7,529.24,82.07,-0.87,The purpose of this protocol is to change the password in oﬄine mode. The parties in-
21,0,0,0,0,45,6,/NAUQMW+CMR12,11.96,64.51,257.36,541.73,298.21,257.36,543.68,64.51,53.54,"volved in the protocol are vehicle owner and KDC. The owner contactsKDC through mobile or e-mail to change the password. KDC ensures the legitimacy of the owner suﬃciently, ).e.g. by asking DoB and the ID number. Then, the owner gives a new password ( PWDi"
21,0,0,0,0,40,6,/NJVWMM+CMMI12,11.96,64.51,228.47,596.52,254.87,228.47,587.02,64.51,-1.25,"KDC computes m ,n , y and C as follows: m = H (PWD = H (m ID), n ),Vehicleii y = m n and C = H (y ) and delivers the generated credentials to the owner. The owner"
21,0,0,0,0,22,6,/NAUQMW+CMR12,11.96,64.51,199.58,582.65,230.32,199.58,611.57,64.51,12.63,"and  in the smart card and the tamper-resistant module, respectively. stores n, and y C The owner conﬁrms KDC  about the storage."
21,0,0,0,0,5,6,/GGAXSG+CMTI12,11.96,64.51,173.77,285.68,185.73,173.77,656.16,64.51,309.59,5.10. Vehicle Complain Protocol (VCP)
21,0,0,0,0,14,6,/NAUQMW+CMR12,11.96,82.07,156.93,578.21,168.89,156.93,673.0,82.07,17.06,The objective of this protocol is to complain about a misbehaving vehicle in KV2VP
21,0,0,0,0,64,6,/NAUQMW+CMR12,11.96,64.51,99.15,614.45,154.44,99.15,687.45,64.51,-19.18,"and PEM. The parties involved in the protocol are vehicle, RSU and TM. Vehicles make complaints on two instances. When a benign vehicle tries to get a key after the expiry of its departure time. When a benign vehicle tries to inject an invalid or old key. The misbehaviour in PEM could be injections or replays of messages. Message in Step 1 can contain"
22,0,0,0,0,34,6,/NAUQMW+CMR12,11.96,64.51,690.63,578.59,718.83,690.63,123.06,64.51,16.69,"either the step 4 and 9 of KV2VP or the message in PEM depending on the misbehaviour. The vehicle constructs a tag, and it forwards the message, tag and SID, to RSUi (Step 3)."
22,0,0,0,0,16,6,/NJVWMM+CMMI12,11.96,64.51,676.19,603.44,689.94,676.19,151.95,64.51,-8.16,"RSU i constructs a tag for the received message, and it forwards the received message, the"
22,0,0,0,0,63,6,/NAUQMW+CMR12,11.96,64.51,620.2,602.5,675.49,620.2,166.4,64.51,-7.22,"constructed tag and its SID, to TM (Steps 3 and 4, respectively). TM forwards the message to KDC after constructing σ . KDC veriﬁes all the tags (Step 7). KDC executes the steps 3 8 and 9. If the misbehaviour is identiﬁed in KV2VP, KDC can identify the misbehaving vehicle by identifying the certiﬁcate. If the misbehaviour is in PEM, KDC can compute"
22,0,0,0,0,20,6,/NJVWMM+CMMI12,11.96,64.51,605.75,512.9,617.71,605.75,224.18,64.51,82.38,"H (r ∥ L ) and H (m ∥ r) to trace RSUs and vehicles, respectively. KDC updates the RSUi"
22,0,0,0,0,57,6,/NAUQMW+CMR12,11.96,64.51,546.17,614.45,603.26,546.17,238.63,64.51,-19.18,"revocation list (Step 10), constructs a tag (Step 11) and forwards to TMs (Step 12). TMs execute Step 13, and it forward the revocation list to RSUs (Step 15) after performing Step 14. RSUs perform the steps from 16 to 18. Vehicles accept the revocation list if the veriﬁcation is successful for σ6 (Step 19 and 20)."
22,0,0,0,0,3,9,/SUOVAD+CMR10,9.96,70.49,513.8,132.37,523.76,513.8,318.13,70.49,462.9,1) Message ;
22,0,0,0,0,11,9,/JROCXJ+CMMI10,9.96,70.49,500.35,226.93,511.8,500.35,330.09,70.49,368.35,2) σ  H (Message ∥ SID ∥ L1 = VK );
22,0,0,0,0,6,9,/SUOVAD+CMR10,9.96,70.49,489.89,199.23,499.85,489.89,342.04,70.49,396.05,"3) Send SID, Message, σ ;1"
22,0,0,0,0,22,9,/JROCXJ+CMMI10,9.96,70.49,453.62,263.02,475.54,453.62,366.35,70.49,332.26,"3) σ  H (Message ∥ SID ∥ L ); 2 =1 ∥RSUi 4) Send SID, Message, RSU , σ , σ ;i12"
22,0,0,0,1,1,9,/NZSRLW+CMBX10,9.96,70.49,441.27,80.45,451.23,441.27,390.66,70.49,514.82,TM
22,0,0,0,0,24,9,/JROCXJ+CMMI10,9.96,70.49,417.36,324.01,439.28,417.36,402.61,70.49,271.26,"5) Compute σ  H (SID ∥ Message ∥ L ); 3 =1 ∥2 ∥TMi 6) Send SID, Message, σ , σ , σ ;123"
22,0,0,0,1,1,9,/NZSRLW+CMBX10,9.96,70.49,405.0,85.43,414.97,405.0,426.92,70.49,509.84,KDC
22,0,0,0,0,9,9,/JROCXJ+CMMI10,9.96,70.49,393.05,173.99,403.01,393.05,438.88,70.49,421.28,"7) Verify σ , σ , σ ; 123"
22,0,0,0,0,36,9,/SUOVAD+CMR10,9.96,70.49,333.27,296.61,391.06,333.27,450.83,70.49,298.66,"8) Extract ID of the vehicle from the message ; 9) Check the threshold ; 10) Update RL ; i 11) Compute σ RL L ); 4 = (i ∥TMi 12) Send RL , σ ;i4"
22,0,0,0,1,1,9,/NZSRLW+CMBX10,9.96,70.49,320.92,80.45,330.88,320.92,511.01,70.49,514.82,TM
22,0,0,0,0,15,9,/SUOVAD+CMR10,9.96,70.49,295.52,240.79,318.93,295.52,522.96,70.49,354.49,13) Verify σ ; 4 14) Compute σ  H (RL L ); 5 =i ∥RTMi
22,0,0,0,0,7,9,/JROCXJ+CMMI10,9.96,70.49,283.56,187.85,295.02,283.56,546.87,70.49,407.43,"15) Send ID , RL ;TMi σ5i"
22,0,0,0,0,20,9,/SUOVAD+CMR10,9.96,70.49,235.34,227.95,270.71,235.34,571.18,70.49,367.33,16) Verify σ ; 5 17) Compute σ  H (RL GK ); 6 =i ∥ 18) Send RL ;i σ6
22,0,0,0,0,10,9,/SUOVAD+CMR10,9.96,70.49,199.08,144.7,222.49,199.08,619.4,70.49,450.58,19) Verify σ ; 6 20) Accept RL i ;
22,0,0,0,0,3,6,/LNZLED+CMBX12,11.96,64.51,167.76,184.06,179.72,167.76,662.17,64.51,411.21,6. Security Analysis
22,0,0,0,0,14,6,/NAUQMW+CMR12,11.96,82.07,144.35,596.14,156.3,144.35,685.59,82.07,-0.87,"In this section, we present formal security analysis of TV2I and KV2VP protocols. In-"
22,0,0,0,0,9,6,/NAUQMW+CMR12,11.96,64.51,129.9,429.15,141.86,129.9,700.03,64.51,166.13,formal analysis of the security protocols is also presented.
23,0,0,0,0,8,6,/GGAXSG+CMTI12,11.96,64.51,706.87,345.46,718.83,706.87,123.06,64.51,249.82,6.1. Formal Security Analysis of TV2I and KV2VP
23,0,0,0,0,18,6,/NAUQMW+CMR12,11.96,82.07,687.64,528.53,701.39,687.64,140.5,82.07,66.75,"The TV2I and KV2VP protocols use long-term secrets ( L  L , L , K , δVK ,RSURSUci(i1)"
23,0,0,0,0,18,6,/NAUQMW+CMR12,11.96,64.51,674.99,537.53,691.29,674.99,150.6,64.51,57.74,"in a and L) and ( x, x, ϵ K δ), respectively, to establish a session key GK"
23,0,0,0,0,5,13,/VYYMPD+CMMI8,7.97,95.71,673.2,254.74,685.15,673.2,156.74,95.71,340.53,RSU A B c and(i+1)
23,0,0,0,0,64,6,/NAUQMW+CMR12,11.96,64.51,617.21,602.5,672.5,617.21,169.39,64.51,-7.22,"given session. The formal security analysis applies the random oracle model [19] with the adversarial capabilities mentioned in the work [35]. We use the following assumptions. A generic party G is introduced on behalf of KDC , the RSU i and the vehicle. The execution of the protocol ( P) is termed as an instance. For example, an instance of Prun by G is"
23,0,0,0,0,20,6,/NAUQMW+CMR12,11.96,64.51,597.89,590.61,613.09,597.89,228.8,64.51,4.67,"denoted by P  i  is the i -th run of the protocol. A collection of protocol instances G , where"
23,0,0,0,0,104,6,/NAUQMW+CMR12,11.96,64.51,497.36,614.45,595.99,497.36,245.9,64.51,-19.18,"that are run by the same parties is called an oracle O {P i = 1 , 2,... }. To prove G =G | the security of P, we deﬁne a sequence of games. We start from an initial game, which reﬂects the real protocol. Then we modify it a few times until we end up with the ﬁnal game that reﬂects an attack against an ideal protocol, where an adversary Ahas a negligible advantage of winning. As the advantage between any two consecutive games is negligible, we can conclude that A has a negligible advantage of winning the game against the real protocol."
23,0,0,0,0,12,6,/NAUQMW+CMR12,11.96,82.07,482.91,430.62,494.87,482.91,347.02,82.07,164.66,Now a collection of queries that can be made by Aare provided.
23,0,0,0,0,15,6,/NAUQMW+CMR12,11.96,93.78,465.23,550.35,480.42,465.23,361.47,93.78,44.93,"Send (P ): This query models the adversarial ability of sending messages. Acan G ,M"
23,0,0,0,0,11,6,/NAUQMW+CMR12,11.96,64.51,448.13,340.24,463.32,448.13,378.57,64.51,255.04,"initiate P by sending the query Send (P start”). G ,"
23,0,0,0,0,17,6,/NAUQMW+CMR12,11.96,93.78,431.03,556.69,446.22,431.03,395.67,93.78,38.59,Hash (P  Enc (PG ) & — G ): These oracles model hash and encryption queries made
23,0,0,0,0,94,6,/NAUQMW+CMR12,11.96,64.51,362.04,569.91,431.78,362.04,410.11,64.51,25.36,"by A . The hash H and the encryption tables Eare used to store entries of the hash and the cipher text for the inquired message ( M) in the form ( M,f ) and ( C,M ). If M is stored already in H and E , it will return the stored hash ( f) and the stored ciphertext ( C). Otherwise, it will return a random number ( f) and (C ) for the inquired M and stores the pair (M,f ′ ) and (M,C ) in H and E , respectively."
23,0,0,0,0,16,6,/NAUQMW+CMR12,11.96,93.78,342.72,544.63,357.92,342.72,483.97,93.78,50.65,A to force PSessionkey reveal(P G to reveal its G ): This query models ability of
23,0,0,0,0,4,13,/FUDOLA+CMR8,7.97,348.07,333.2,510.17,346.93,333.2,494.96,348.07,85.11,(i) th session key.
23,0,0,0,0,13,6,/NAUQMW+CMR12,11.96,64.51,325.62,418.82,340.82,325.62,501.07,64.51,176.46,"session key. For instance, if Aissues this query, then P  iG returns the"
23,0,0,0,0,16,6,/NAUQMW+CMR12,11.96,93.78,308.52,542.52,323.72,308.52,518.17,93.78,52.76,Session state reveal(P  A in learning the internal states of Gis G ): The ability of
23,0,0,0,0,19,6,/NAUQMW+CMR12,11.96,64.51,280.22,542.8,306.62,280.22,535.27,64.51,52.48,"modeled by this query. When A issues this query, PG returns secret random numbers of th session. the i"
23,0,0,0,0,16,6,/NAUQMW+CMR12,11.96,93.78,262.53,545.53,277.73,262.53,564.16,93.78,49.74,Corrupt(P  A uses this query to acquire the long-term secret keys held by G. G ):
23,0,0,0,0,16,6,/NAUQMW+CMR12,11.96,93.78,245.43,554.17,260.63,245.43,581.26,93.78,41.11,Execute(P  A . The adversary reads all G ): This query models the passive attack by
23,0,0,0,0,11,6,/NAUQMW+CMR12,11.96,64.51,228.33,423.17,243.53,228.33,598.36,64.51,172.11,the messages exchanged between parties that run the instance PG .
23,0,0,0,0,16,6,/NAUQMW+CMR12,11.96,93.78,211.23,578.47,226.43,211.23,615.46,93.78,16.81,Remover (P G ): This query models the expiry time of sessions. For instance if the
23,0,0,0,0,7,13,/FUDOLA+CMR8,7.97,165.54,201.71,399.82,215.44,201.71,626.45,165.54,195.45,(i) th session time is expired for
23,0,0,0,0,23,6,/NAUQMW+CMR12,11.96,64.51,182.93,559.94,209.33,182.93,632.56,64.51,35.33,"query is issued to P  i  G . We use this query to prove G , then the the PFS of the protocols."
23,0,0,0,0,19,6,/NAUQMW+CMR12,11.96,93.78,165.24,567.13,180.44,165.24,661.45,93.78,28.15,A once only at the very end of the game. The Test(PG ): This query can be asked by
23,0,0,0,0,36,6,/NAUQMW+CMR12,11.96,64.51,139.59,572.93,165.99,139.59,675.9,64.51,22.34,"asked party G , tosses an unbiased coin b. If b = 1, then it returns the actual session key. Otherwise, it returns a random number. Awins the game if it is able to identify b."
23,0,0,0,0,18,6,/NAUQMW+CMR12,11.96,82.07,125.14,563.55,137.1,125.14,704.79,82.07,31.72,Remark 1: The hash  H ( ) and encryption Enc ( ) oracles are instances of the random
24,0,0,0,0,15,6,/NAUQMW+CMR12,11.96,82.07,706.87,590.17,718.83,706.87,123.06,82.07,5.11,"Now, we are ready to introduce notions and deﬁnitions needed in our analysis to make"
24,0,0,0,0,22,6,/NAUQMW+CMR12,11.96,64.51,677.98,608.47,704.38,677.98,137.51,64.51,-13.2,precise statements about security properties. We refer the deﬁnition of partnership in the work in [38] and session identiﬁcation in the work[39].
24,0,0,0,0,5,13,/FUDOLA+CMR8,7.97,235.72,653.29,364.35,667.02,653.29,174.87,235.72,230.93,(i)th session is fresh if
24,0,0,0,0,13,6,/GGAXSG+CMTI12,11.96,64.51,645.72,550.46,660.91,645.72,180.98,64.51,44.81,Deﬁnition 1. (Freshness) The i  P G ends in the accepted state even
24,0,0,0,0,17,6,/GGAXSG+CMTI12,11.96,64.51,628.61,533.15,643.81,628.61,198.08,64.51,62.12,when the following combination of queries are asked by Aafter the execution of Test (P :G )
24,0,0,0,0,6,13,/FUDOLA+CMR8,7.97,205.67,624.85,555.86,632.82,624.85,209.07,205.67,39.42,( i) ( i) ( i)
24,0,0,0,0,18,6,/NAUQMW+CMR12,11.96,64.51,611.51,551.02,626.71,611.51,215.18,64.51,44.25,"(i) Session statereveal (P , (ii) Session statereveal (P  and Session keyreveal ( PG )G ) G )"
24,0,0,0,0,21,6,/NAUQMW+CMR12,11.96,64.51,597.66,535.43,609.61,597.66,232.28,64.51,59.85,and ( iii) Corrupt (P ) and Corrupt (P ) in the TV2I and KV2VP pro- RSU & VehicleAlice & Bob
24,0,0,0,0,27,6,/GGAXSG+CMTI12,11.96,64.51,553.84,544.17,593.2,553.84,248.69,64.51,51.11,"tocols, after the execution of Remover (P .G ) Deﬁnition 2. (Negligible function) A function µ (n) is negligible, if for all c > 0 , there"
24,0,0,0,0,8,6,/NJVWMM+CMMI12,11.96,64.51,539.4,323.25,555.69,539.4,286.2,64.51,272.03,+ such that  n n .exists nZ |(n)|≤
24,0,0,0,0,4,13,/FUDOLA+CMR8,7.97,103.48,537.55,316.52,551.35,537.55,290.54,103.48,278.75,1 00c for all
24,0,0,0,0,10,6,/LNZLED+CMBX12,11.96,64.51,512.0,476.97,523.96,512.0,317.93,64.51,118.31,"Deﬁnition 3. (ECDLP, ECDHP and ECq-SDHP assumption) Any probabilistic polynomial"
24,0,0,0,0,29,6,/GGAXSG+CMTI12,11.96,64.51,483.11,547.34,509.51,483.11,332.38,64.51,47.94,"time algorithm A has a negligible advantage in solving ECDLP, ECDHP and ECq-SDHP. If n is the number of bits used to represent a member of the groups, then"
24,0,0,0,0,3,13,/VYYMPD+CMMI8,7.97,215.84,466.8,330.51,474.77,466.8,367.12,215.84,264.77,ECDLP/ECDHP/ECq − SDHP
24,0,0,0,0,5,6,/NJVWMM+CMMI12,11.96,194.9,453.47,403.1,468.66,453.47,373.23,194.9,192.17,Adv n) ≤ (n).A (
24,0,0,0,0,15,6,/GGAXSG+CMTI12,11.96,64.51,429.31,540.82,441.27,429.31,400.62,64.51,54.45,"Deﬁnition 4. (Semantic security) Let a protocol P with the security level n, an adversary"
24,0,0,0,0,37,6,/GGAXSG+CMTI12,11.96,64.51,398.79,559.58,425.19,398.79,416.7,64.51,35.7,"A who interacts with the fresh session, and a query Test(P  with a random bit b which is G ) asked by A in the session. Then the protocol Pis semantically secure if the advantage of A"
24,0,0,0,0,10,6,/NAUQMW+CMR12,11.96,64.51,384.35,369.86,401.01,384.35,440.88,64.51,225.42,"1SS (n).is negligible or AdvP,n) = Pr[A(P,n) = b] −"
24,0,0,0,1,4,13,/MJYXCG+CMSY8,7.97,162.89,380.22,331.33,393.28,380.22,448.61,162.89,263.95,A ( 2 ≤
24,0,0,0,0,15,6,/LNZLED+CMBX12,11.96,64.51,356.95,494.9,368.9,356.95,472.99,64.51,100.38,"Diﬀerence lemma [40] Let W, X and Y be events deﬁned in some probability distribution,"
24,0,0,0,0,21,6,/NJVWMM+CMMI12,11.96,64.51,342.5,435.31,354.46,342.5,487.43,64.51,159.97,"and suppose that W Y ≡ X Y . Then, Pr [W ] − Pr [X ] ≤ Pr [Y ]."
24,0,0,0,0,95,6,/NAUQMW+CMR12,11.96,64.51,241.38,578.43,325.57,241.38,516.32,64.51,16.85,"Theorem 1 Consider the TV2I protocol (a.k.a. P ) and the following assumptions: a long term secret key can be guessed with an advantage Adv, ECDLP can be solved with sk an advantage Adv  ℓ  bits, the encryption ECDLP , the hash function generates MACs with function generates cipher texts with k bits, the size of a dictionary is D, a random number of length m bits, and A has access to all public oracles and can issue a polynomial number of queries. Then semantic security of Pcan be broken by A with the advantage"
24,0,0,0,0,16,6,/NAUQMW+CMR12,11.96,64.51,221.9,521.8,236.87,221.9,605.02,64.51,73.48,"1  Adv ),(Adv{max(Adv, 1 } + AdvAdvskECDLP +sk sk +mm + +k + maxk )P ≤"
24,0,0,0,0,3,13,/FUDOLA+CMR8,7.97,121.24,224.75,453.55,232.75,224.75,609.14,121.24,141.73,2 222 2
24,0,0,0,0,3,6,/FUDOLA+CMR8,11.96,161.81,206.7,207.53,223.36,206.7,618.53,161.81,387.74,"1 Enc, ("
24,0,0,0,0,20,6,/NAUQMW+CMR12,11.96,64.51,204.82,549.86,218.65,204.82,623.24,64.51,45.42,"1 Adv + Adv }, where q , q  qAdv{skECDLP )hashenc and s stands for the ECDLP +maxmm +k ,"
24,0,0,0,0,15,6,/NAUQMW+CMR12,11.96,64.51,192.25,632.38,204.21,192.25,637.68,64.51,-37.11,"number of queries to the hash oracle, the encryption oracle and the send oracle, respectively."
24,0,0,0,0,11,6,/NAUQMW+CMR12,11.96,82.07,163.36,428.77,175.31,163.36,666.58,82.07,166.5,The proof of this theorem is provided in the appendix A.1.
24,0,0,0,0,12,6,/NJVWMM+CMMI12,11.96,64.51,145.8,355.4,160.87,145.8,681.02,64.51,239.88,"Lemma 2 e (Cert ,PKV ∗  t .Y) e(P,Q ). dAliceAlice +"
24,0,0,0,0,11,6,/NAUQMW+CMR12,11.96,82.07,134.47,470.62,146.42,134.47,695.47,82.07,124.66,The correctness proof of this lemma is presented in Appendix A.2.
24,0,0,0,0,30,6,/NAUQMW+CMR12,11.96,64.51,105.57,571.54,131.98,105.57,709.91,64.51,23.74,"Theorem 3 Consider the KV2VP protocol (a.k.a. P ) and the following assumptions: a long term secret key can be guessed with an advantage Adv; ECDLP, ECDHP and ECq-SDHP sk"
25,0,0,0,0,63,6,/NAUQMW+CMR12,11.96,64.51,663.53,577.99,718.83,663.53,123.06,64.51,17.29,"can be solved with an advantage Adv  Adv  AdvECDLP ,ECDHP , ECq SDHP , respectively; the hash function generates MACs with ℓ bits; the encryption function generates cipher texts with k  bits and a random number of length m bits; and A has access to all public oracles and can issue a polynomial number of queries. Then semantic security of Pcan be broken"
25,0,0,0,0,8,6,/OXGNIZ+CMMI6,11.96,64.51,647.07,425.53,663.36,647.07,178.53,64.51,169.74,SS Enc hash hashhashby Awith the advantage Adv{max{
25,0,0,0,0,11,6,/NJVWMM+CMMI12,11.96,218.07,644.05,539.47,659.02,644.05,182.87,218.07,55.81,"1 ,Adv , ECDLP }m +k + max , +P ≤"
25,0,0,0,0,21,6,/NJVWMM+CMMI12,11.96,85.03,625.74,514.2,640.8,625.74,201.09,85.03,81.07,"1  Adv }} + 3 · Adv  · Adv {AdvECqSDHP , AdvECDHP ,sksk + max ECDLP ,m ,m +sk + 2"
25,0,0,0,0,6,6,/NJVWMM+CMMI12,11.96,64.51,610.58,275.67,626.25,610.58,215.64,64.51,319.61,"hashmax(  Adv }, where q  q"
25,0,0,0,0,15,13,/NAUQMW+CMR12,7.97,98.37,608.7,566.04,620.75,608.7,221.14,98.37,29.23,ECDLP ) hash and enc stands for the number of queries to the hash  +2
25,0,0,0,0,4,6,/NAUQMW+CMR12,11.96,64.51,596.14,291.66,608.09,596.14,233.8,64.51,303.62,"and encryption oracles, respectively."
25,0,0,0,0,14,6,/NAUQMW+CMR12,11.96,82.07,581.69,530.39,593.65,581.69,248.24,82.07,64.88,The proof for this and the previous theorems are given in the appendix A.3.
25,0,0,0,0,4,6,/GGAXSG+CMTI12,11.96,64.51,549.62,249.82,561.58,549.62,280.31,64.51,345.46,6.2. Informal Security Analysis
25,0,0,0,0,12,6,/QCTLYC+CMBXTI10,11.96,64.51,532.19,510.13,544.14,532.19,297.75,64.51,85.14,Proposition 4 : The protocols TV2I and KV2VP provide session key freshness.
25,0,0,0,0,17,6,/NAUQMW+CMR12,11.96,82.07,517.74,532.45,529.7,517.74,312.19,82.07,62.82,"In TV2I, the session key GK generated by KDC is fresh for every session because K is"
25,0,0,0,0,48,6,/NAUQMW+CMR12,11.96,64.51,472.61,597.29,515.25,472.61,326.64,64.51,-2.01,"constructed using random λ, which is chosen for every session. Hence, the freshness of the is veriﬁed for freshness session key is attained for every session in TV2I. In KV2VP, GK based on ver  vergk as gk is incremented for every key update. Alice can check the validity"
25,0,0,0,0,17,6,/NJVWMM+CMMI12,11.96,64.51,458.17,548.47,471.91,458.17,369.98,64.51,46.8,"of increment of ver  e (GK ,GK Y ) e(P,Q ). Therefore, the gk by computingpart1part2 ·"
25,0,0,0,0,12,6,/NAUQMW+CMR12,11.96,64.51,445.51,470.99,457.47,445.51,384.42,64.51,124.29,freshness of the session key is attained for every session in KV2VP.
25,0,0,0,0,15,6,/QCTLYC+CMBXTI10,11.96,64.51,431.07,558.51,443.02,431.07,398.87,64.51,36.77,"Proposition 5 : For the protocols VUAP, TV2I and KV2VP, any replay of messages ex-"
25,0,0,0,0,15,6,/GGAXSG+CMTI12,11.96,64.51,416.62,626.41,428.58,416.62,413.31,64.51,-31.13,changed during a protocol execution will be identiﬁed by the parties who follow the protocols.
25,0,0,0,0,15,6,/NAUQMW+CMR12,11.96,82.07,402.18,605.61,414.13,402.18,427.76,82.07,-10.34,"VUAP –If A replays Step 3 in Section 5.5 to authenticate as a legitimate driver/owner,"
25,0,0,0,0,39,6,/NAUQMW+CMR12,11.96,64.51,358.84,632.38,399.68,358.84,442.21,64.51,-37.11,the vehicle will reject the message with non-negligible probability. The replay can be identiﬁed by the vehicle because the initial check is made for the time stamp based on the accepted network delay ∆T (Step 4 in Section 5.5).
25,0,0,0,0,20,6,/NAUQMW+CMR12,11.96,82.07,344.39,614.08,356.35,344.39,485.54,82.07,-18.8,"TV2I – The adversary can replay the steps 3, 6, 11, 13, 16 and 18 in Section 5.6. If the"
25,0,0,0,0,125,6,/NAUQMW+CMR12,11.96,64.51,228.83,608.47,341.9,228.83,499.99,64.51,-13.2,"adversary replays Step 3 and Step 6 in Section 5.6 to the RSU and KDC, the RSU may accept Step 3; however, KDC will reject the replay as SID  between the vehicle and KDC are synchronised. And SID is updated in every session. If A replays Step 11 and Step 13 in Section 5.6, the RSU and the vehicle will reject the message with high probability because the RSU and the vehicle randomly choose R and S  for every session, which is utilised to decrypt the ciphertexts ζ  ζ . If A replays Step 16 and Step 18 in Section 5.6, then R andS the RSU may accept the message. But KDC will reject the message since synchronisation is needed for the acceptance. of SID"
25,0,0,0,0,19,6,/NAUQMW+CMR12,11.96,82.07,214.38,620.76,226.33,214.38,615.56,82.07,-25.48,"KV2VP – If A replays the steps 4, 9 and 14 in Section 5.7, then the parties will identify"
25,0,0,0,0,13,6,/NAUQMW+CMR12,11.96,64.51,199.93,386.09,211.89,199.93,630.0,64.51,209.18,the replay as every message holds the time stamp ( T) in it.c
25,0,0,0,0,13,6,/QCTLYC+CMBXTI10,11.96,64.51,185.49,569.39,197.44,185.49,644.45,64.51,25.89,"Proposition 6 : For the protocols VUAP, TV2I and KV2VP, impersonation attack against"
25,0,0,0,0,6,6,/GGAXSG+CMTI12,11.96,64.51,171.04,327.53,183.0,171.04,658.89,64.51,267.75,them fails with an overwhelming probability.
25,0,0,0,0,17,6,/NAUQMW+CMR12,11.96,82.07,156.6,587.06,168.55,156.6,673.34,82.07,8.21,"VUAP – Since two secrets m and n  are required in the protocol (refer Section 5.5), the"
25,0,0,0,0,30,6,/NAUQMW+CMR12,11.96,64.51,113.26,590.54,154.11,113.26,687.78,64.51,4.74,"adversary cannot succeed in the masquerading attack without knowing the secrets. Even if A guesses the password in polynomial time and constructs m, it cannot masquerade without knowing n ."
26,0,0,0,0,17,6,/NAUQMW+CMR12,11.96,82.07,705.08,540.58,718.83,705.08,123.06,82.07,54.7,"TV2I – Without knowing the long-term keys (L  L ) in Section 5.6, Acan not VK andRSUi"
26,0,0,0,0,4,6,/NAUQMW+CMR12,11.96,64.51,692.43,267.75,704.38,692.43,137.51,64.51,327.53,masquerade with high probability.
26,0,0,0,0,14,6,/NAUQMW+CMR12,11.96,82.07,677.98,535.89,689.94,677.98,151.95,82.07,59.39,"KV2VP – To mount a successful masquerading attack in KV2VP, A must know the"
26,0,0,0,0,9,6,/NAUQMW+CMR12,11.96,64.51,661.74,315.95,675.49,661.74,166.4,64.51,279.33,long-term secrets (x x ) in Section 5.7.A andB
26,0,0,0,0,14,6,/QCTLYC+CMBXTI10,11.96,64.51,649.09,575.83,661.04,649.09,180.85,64.51,19.45,"Proposition 7 : Given the protocols VUAP, TV2I and KV2VP, the protocols are resistant"
26,0,0,0,0,3,6,/GGAXSG+CMTI12,11.96,64.51,634.64,184.06,646.6,634.64,195.29,64.51,411.21,against MITM attack.
26,0,0,0,0,15,6,/NAUQMW+CMR12,11.96,82.07,620.2,568.55,632.15,620.2,209.74,82.07,26.72,"In the MITM attack, A replay and masquerade by recording any of the previous com-"
26,0,0,0,0,33,6,/NAUQMW+CMR12,11.96,64.51,576.86,608.47,617.71,576.86,224.18,64.51,-13.2,"munication among the protocol parties. Since we argued that the protocols are resilient to the replay and masquerading attack, any attempt to successfully mount the MITM attack will not happen with high probability."
26,0,0,0,0,13,6,/QCTLYC+CMBXTI10,11.96,64.51,562.41,570.84,574.37,562.41,267.52,64.51,24.44,"Proposition 8 : Given the KV2VP protocol, KDC can identify the misbehaving vehicles,"
26,0,0,0,0,6,6,/GGAXSG+CMTI12,11.96,64.51,547.97,297.64,559.92,547.97,281.97,64.51,297.64,and it can revoke misbehaving vehicles.
26,0,0,0,0,16,6,/NAUQMW+CMR12,11.96,82.07,533.52,614.08,545.48,533.52,296.41,82.07,-18.8,Consider Alice in Section 5.7. The responsibility of Alice is to prove her validity (i.e. td
26,0,0,0,0,19,6,/NJVWMM+CMMI12,11.96,67.76,519.08,620.12,531.03,519.08,310.86,67.76,-24.84,"t ) to Bob to get key. After the expiry of her departure time, if Alice illegitimately tries c"
26,0,0,0,0,35,6,/NAUQMW+CMR12,11.96,64.51,490.18,549.09,516.59,490.18,325.3,64.51,46.19,"to acquire the group key, then it will be identiﬁed by Bob ( Lemma 2 in Section 6.1). If Bob complains Alice to KDC by her credential received from Step 4 in Section 5.7, then"
26,0,0,0,0,16,6,/NJVWMM+CMMI12,11.96,64.51,475.74,584.56,487.69,475.74,354.2,64.51,10.71,KDC can identify and revoke Alice by identifying her identity from the public key and the
26,0,0,0,0,18,6,/NAUQMW+CMR12,11.96,82.07,446.85,614.08,458.8,446.85,383.09,82.07,-18.8,The role of Bob in the protocol is to deliver an updated key to Alice. If Bob misbehaves
26,0,0,0,0,49,6,/NAUQMW+CMR12,11.96,64.51,403.51,632.38,444.36,403.51,397.53,64.51,-37.11,"by injecting an invalid group key (i.e. contrary to the veriﬁcation step of Step 13 in Section 5.7 of the protocol), then Alice can report the misbehaviour to KDC using the message from Step 9 in Section 5.7. Like Alice, Bob can be identiﬁed and revoked by KDC. Therefore,"
26,0,0,0,0,11,6,/NJVWMM+CMMI12,11.96,64.51,389.06,435.12,401.02,389.06,440.87,64.51,160.15,KDC can revoke both vehicles when they misbehave in the protocol.
26,0,0,0,0,14,6,/QCTLYC+CMBXTI10,11.96,64.51,374.62,576.31,386.57,374.62,455.32,64.51,18.97,"Proposition 9 : For the VUAP protocol, online and oﬄine password guessing attack suc-"
26,0,0,0,0,4,6,/GGAXSG+CMTI12,11.96,64.51,360.17,267.75,372.13,360.17,469.76,64.51,327.53,ceeds with negligible probability.
26,0,0,0,0,14,6,/BNDSAH+CMSY10,11.96,82.07,345.73,608.94,357.68,345.73,484.21,82.07,-13.66,A can guess the password by subjecting either online or oﬄine password guessing attack.
26,0,0,0,0,56,6,/NAUQMW+CMR12,11.96,64.51,287.94,586.05,343.24,287.94,498.65,64.51,9.23,"But the need of n to compute y  restricts the adversary in the successful mounting of the attack. As n is a hash value, which is computed using the secret of KDC δ , it cannot be obtained by A with non-negligible probability. Thus, online and oﬄine password guessing attack against VUAP fails with non-negligible probability."
26,0,0,0,0,15,6,/QCTLYC+CMBXTI10,11.96,64.51,273.5,595.0,285.45,273.5,556.44,64.51,0.28,"Proposition 10 : Given the VUAP protocol, lost smart card veriﬁer attack fails with non-"
26,0,0,0,0,13,6,/NAUQMW+CMR12,11.96,82.07,244.61,602.12,256.56,244.61,585.33,82.07,-6.85,"After attaining the smart-card, if the adversary tries to authenticate as a legitimate"
26,0,0,0,0,71,6,/NAUQMW+CMR12,11.96,64.51,172.38,632.38,242.12,172.38,599.77,64.51,-37.11,"driver/owner, it cannot validate itself. The need for the password will restrict the adversary from authentication. This means that a valid y can be constructed using m and n . As the adversary does not know m , a valid y cannot be constructed. Hence, the protocol resists the lost smart-card veriﬁer attack with non-negligible probability. It should be noted that this attack and the password guessing attack cannot be conjunctive."
26,0,0,0,0,15,6,/QCTLYC+CMBXTI10,11.96,64.51,157.93,553.56,169.89,157.93,672.0,64.51,41.71,"Proposition 11 : Given the VUAP, TV2I, KV2VP protocols, any attempt of DoS can be"
26,0,0,0,0,6,6,/GGAXSG+CMTI12,11.96,64.51,143.49,285.68,155.44,143.49,686.45,64.51,309.59,detected by parties of the protocols.
26,0,0,0,0,18,6,/NAUQMW+CMR12,11.96,82.07,129.04,602.12,140.99,129.04,700.9,82.07,-6.85,"VUAP – If Step 3 in Section 5.5 is blocked, then the vehicle user can identify the DoS"
26,0,0,0,0,12,6,/NAUQMW+CMR12,11.96,64.51,114.59,429.15,126.55,114.59,715.34,64.51,166.13,as the access to the vehicle is denied for the vehicle user.
26,0,0,0,0,21,6,/NAUQMW+CMR12,11.96,82.07,100.15,626.03,112.1,100.15,729.79,82.07,-30.76,"TV2I – Out of the steps 3, 6, 11 and 13 in Section 5.6, if anyone of them is blocked, then"
27,0,0,0,0,77,6,/NAUQMW+CMR12,11.96,64.51,649.09,608.47,718.83,649.09,123.06,64.51,-13.2,"the vehicle can identify the DoS in the channel because of unreachability of key from Step 13. If Steps 11, 13, 16 and 18 in Section 5.6 are blocked, then KDC can identify the DoS because of the requirement of the key conﬁrmation step in Step 16. KV2VP – If Steps 4, 9 and 14 in Section 5.7 are blocked, Alice and Bob can know about DoS due to not getting a response as per the protocol."
27,0,0,0,0,4,6,/LNZLED+CMBX12,11.96,64.51,616.71,243.84,628.67,616.71,213.22,64.51,351.44,7. Formal Security Veriﬁcation
27,0,0,0,0,13,6,/NAUQMW+CMR12,11.96,82.07,593.3,626.03,605.25,593.3,236.64,82.07,-30.76,"This section presents the formal veriﬁcation of our protocol suite. Initially, the Tamarin"
27,0,0,0,0,37,6,/NAUQMW+CMR12,11.96,64.51,549.96,608.47,590.81,549.96,251.08,64.51,-13.2,"tool and authentication properties are introduced. For brevity, we explain the description security protocol theory (SPTHY) format of TV2I alone. The entire set of scripts of the new protocol suite can be found in the link [41]."
27,0,0,0,0,3,6,/GGAXSG+CMTI12,11.96,64.51,523.56,190.04,535.51,523.56,306.38,64.51,405.23,7.1. Tamarin Overview
27,0,0,0,0,15,6,/NAUQMW+CMR12,11.96,82.07,506.13,632.01,518.08,506.13,323.81,82.07,-36.73,Tamarin is a “state-of-the-art” tool that is used for the veriﬁcation of the security prop-
27,0,0,0,0,90,6,/NAUQMW+CMR12,11.96,64.51,405.0,626.41,503.63,405.0,338.26,64.51,-31.13,"erties claimed by cryptographic protocols. The tool is highly versatile to check the security properties for diﬀerent adversaries. This means that the tool can be deployed for testing protocols for the Dolev-Yao adversary [42] and user-speciﬁc adversarial capabilities. In addition, the tool possesses the following attractive features: supports modelling of global states in protocols [43], theorem proving of security goals can be accomplished using lemmata, relevant graphs illustrate discrepancy in security goals/claims in interactive mode. The complete description of the tool and its potentials can be found in the manual[44]."
27,0,0,0,0,13,6,/NAUQMW+CMR12,11.96,82.07,390.56,596.14,402.51,390.56,439.38,82.07,-0.87,Protocols in Tamarin should be described in SPTHY format. It facilitates the descrip-
27,0,0,0,0,124,6,/NAUQMW+CMR12,11.96,64.51,274.99,632.38,388.07,274.99,453.82,64.51,-37.11,"tion of protocols using states, facts and rules. The states are used to store variables and constants in protocols which denote knowledge of participants of a protocol. Facts are used to declare the nature of variables and channels. For instance, the Fact that denotes freshness is declared as Fr() and channels as In()  and  Out() . A rule is always ascertained of the format [L]-[A]->[R] , where L , A and R  denote premise, action and conclusion, respectively. For every rule, the premise is the beginning state that is updated according to the action. The action can be several events in a protocol, such as a send and receive event, security properties and adversarial queries. The conclusion is the end state in a rule."
27,0,0,0,0,13,6,/NAUQMW+CMR12,11.96,82.07,260.55,620.05,272.5,260.55,569.39,82.07,-24.78,"The predicates of the mutual entity authentication are as follows: aliveness, weak agree-"
27,0,0,0,0,119,6,/NAUQMW+CMR12,11.96,64.51,130.53,638.36,258.06,130.53,583.83,64.51,-43.09,"ment, non-injective agreement and injective-agreement. The authentication claims follow a hierarchy. Injective agreement sits on the top of the authentication claims [45]. The injective agreement is guaranteed on the following conditions: a source and an intended destination agree on variables. For every committed variable by a source, there uniquely exist an intended destination that accepts the variable. The authentication properties can be veriﬁed using commit and running actions in the tool as parties of protocols agree on data items. In general, any properties supported by the tool can be veriﬁed using lemmata that are described using the ﬁrst-order logic. Before verifying security properties, the reachability of states on the speciﬁcation of a protocol is veriﬁed using a lemma exist-trace."
28,0,0,0,0,6,6,/GGAXSG+CMTI12,11.96,64.51,706.87,261.77,718.83,706.87,123.06,64.51,333.5,7.2. Description of SPTHY of VUAP
28,0,0,0,0,13,6,/NAUQMW+CMR12,11.96,82.07,689.44,596.14,701.39,689.44,140.5,82.07,-0.87,"We perform formal veriﬁcation of VUAP, and we verify the security properties governed"
28,0,0,0,0,123,6,/NAUQMW+CMR12,11.96,64.51,559.43,626.41,686.95,559.43,154.94,64.51,-31.13,"by VUAP. We elaborate the SPTHY format of VUAP. The details of SPTHY format of VUAP could help the reader, understanding about the protocol description in Tamarin. Since the SPTHY script of VUAP [41] has more than 100 lines, the rules and the security properties in VUAP is discussed. The script starts with the header theory VUAP , the ﬁrst line of the SPTHY script of VUAP. The second line begin indicates the start of the protocol description. The third line builtins: hashing presents the inbuilt cryptographic function, which is used in the protocol. The fourth line functions:h1/1, h2/1 denotes the name of the public function that is utilised in the protocols. The below snippet presents the ﬁrst four lines of the script."
28,0,0,0,0,8,6,/LEEMER+CMTT12,11.96,86.25,492.55,211.78,547.84,492.55,294.05,86.25,383.49,"theory VUAP begin builtins: hashing functions: h1/1, h2/1"
28,0,0,0,0,10,6,/NAUQMW+CMR12,11.96,82.07,463.53,507.72,475.49,463.53,366.4,82.07,87.56,The next line rule register  speciﬁes the registration of proto-
28,0,0,0,0,61,6,/NAUQMW+CMR12,11.96,64.51,405.75,632.38,461.04,405.75,380.85,64.51,-37.11,"col party Vehicle  KDC . The next few lines of the script are presented below. The i with symbols in the rule ˜, $ and ! specify the nature of the Fact, namely fresh values, public and persistent which means the assignment is constant throughout the completion of execution of a protocol, respectively. Refer line number 9 in the below snippet."
28,0,0,0,0,26,6,/LEEMER+CMTT12,11.96,80.1,223.19,531.66,394.17,223.19,447.72,80.1,63.61,"rule register_vehicle_credentials: let m=h(<~PWD>) n=h(<m,~delta,~Vehicle_ID>) y=h(<m,n>) C=h(<y>) in [Fr(~PWD), Fr(~delta), Fr(~Vehicle_ID)] --[]-> [!LtVdK($Vehicle_driver,$KDC,<~PWD>),!LTK($KDC,~delta) ,!LTKTR($KDC,$TR,C),!LTKSC($KDC,$SC,<n>)] The rules rule initialise vehicle , rule initialise TR, rule initialise SC"
28,0,0,0,0,70,6,/NAUQMW+CMR12,11.96,64.51,150.96,594.87,220.7,150.96,621.19,64.51,0.41,"and rule initialise  are described to initialise the state spaces of the vehicle driver, tamper-resistant module, smart-card and KDC with the long-term keys and roles. The state spaces are initialised using the action in the rule. For example, the action at TR contains Create(TR, ˜ id), Role(’TR’) . Create a role TR with fresh id  such that every execution/session made by TR will be fresh (refer line number 4 below)."
28,0,0,0,0,4,6,/LEEMER+CMTT12,11.96,0.0,-11.96,71.73,0.0,-11.96,841.89,0.0,523.54,vehicle credentials driver KDC
29,0,0,0,0,11,6,/LEEMER+CMTT12,11.96,86.25,643.82,438.93,713.56,643.82,128.33,86.25,156.34,"rule initialise_TR: [Fr(~id),!LTKTR(KDC,TR,C),!LtVdK(Vehicle_driver,KDC,<PWD>) ,!LTKSC(KDC,SC,<n>)] --[Create(TR, ~id), Role(’TR’) ]-> [St_TR_1(TR, ~id,C, KDC,Vehicle_driver,SC)]"
29,0,0,0,0,15,6,/NAUQMW+CMR12,11.96,82.07,614.8,497.17,626.76,614.8,215.13,82.07,98.11,"The next rule rule send  presents the ﬁrst communication of VehicleUser , i.e, Step 3"
29,0,0,0,0,94,6,/NAUQMW+CMR12,11.96,64.51,513.68,590.54,612.31,513.68,229.58,64.51,4.74,"in VUAP (ref Section 5.5). A snippet of the rule send the rule contains the initialised state ofVehicleUser (line 8 in the below snippet), timestamp and password shared between VehicleUser and  KDC (line 7 in the below snippet). The T action of the rule contains the following events: (i) Send(<Vehicle  1  >> ) ) specifying the ﬁrst communication (line 10 in the below snippet), (ii) Role(Vehicle specifying the role ofVehicleUser (line 11 in the below snippet), (iii) Secret(<Vehicle ) specifying the secret involved in the protocol (line 12 in the below snippet) and (iv)"
29,0,0,0,0,14,6,/NJVWMM+CMMI12,11.96,64.51,499.23,592.0,511.19,499.23,330.7,64.51,3.28,Commit (PWD ) specifying the agreement on password (line 12 in the below snip-
29,0,0,0,0,26,6,/LEEMER+CMTT12,11.96,80.1,258.35,462.84,472.54,258.35,369.35,80.1,132.43,"rule send_1: let m=h(<PWD>) y=h(<m,n>) M1=h(<h(<y>),~Tc>) in [Fr(~Tc),!LtVdK(Vehicle_driver,KDC,<PWD>), St_Veh_dri_1(Vehicle_driver, ~id,PWD, KDC,TR,SC), St_SC_1(SC, ~id,n, KDC,Vehicle_driver,TR)] --[Send(<Vehicle_driver,<~Tc,M1>>), Role(’Vehicle_driver’), Secret(<Vehicle_driver, SC, PWD,n >),Commit_strongA(PWD)]-> [St_Veh_dri_2(Vehicle_driver, ~id,PWD,~Tc, KDC,TR,SC), St_SC_2(SC, ~id,n,~Tc,M1, KDC,Vehicle_driver,TR),Out(<~Tc,M1>)]"
29,0,0,0,0,14,6,/NAUQMW+CMR12,11.96,82.07,229.33,556.44,241.28,229.33,600.61,82.07,38.84,"The ﬁnal rule rule Recv  presents the received communication of Vehicle , i.e, after"
29,0,0,0,0,44,6,/NAUQMW+CMR12,11.96,64.51,185.99,608.47,226.84,185.99,615.05,64.51,-13.2,"Step 3 in VUAP (ref Section 5.4). The list of actions is speciﬁed in line 9 and line 10 of the below snippet. Finally, the description ends with the syntax end after the declaration of security properties that is explained in the following section."
29,0,0,0,0,14,6,/NJVWMM+CMMI12,11.96,0.0,-11.96,227.15,0.0,-11.96,841.89,0.0,368.13,"1 1 is presented below. The premise of  c driver,<Tc,M driver driver,SC,PWD,n> strongA 1"
30,0,0,0,0,21,6,/LEEMER+CMTT12,11.96,80.1,542.7,421.0,713.56,542.7,128.33,80.1,174.28,"rule Recv_1: let m=h(<PWD>) y=h(<m,n>) M1=h(<h(<y>),Tc>) in [In(<Tc,M1>),!LTKTR(KDC,TR,C),!LTKSC(KDC,SC,<n>), St_TR_2(TR, ~id,C,PWD, KDC,Vehicle_driver,SC)] --[Receive(<TR,<n>>), Role(’TR’), Check(<h(C,Tc),M1>),Running_strongA(PWD),Unique(M1) ]-> [St_TR_3(TR, ~id,C,PWD,Tc,M1, KDC,Vehicle_driver,SC), St_Veh_dri_3(Vehicle_driver, ~id,PWD,Tc,M1, KDC,TR,SC)]"
30,0,0,0,0,4,6,/GGAXSG+CMTI12,11.96,64.51,490.79,207.97,502.75,490.79,339.14,64.51,387.3,7.3. Veriﬁcation of VUAP
30,0,0,0,0,15,6,/NAUQMW+CMR12,11.96,82.07,474.74,632.01,486.7,474.74,355.19,82.07,-36.73,Security properties are veriﬁed by specifying it in the ﬁrst-order logic. VUAP has the fol-
30,0,0,0,0,11,6,/NAUQMW+CMR12,11.96,64.51,460.3,539.47,472.25,460.3,369.64,64.51,55.81,"and 3)  secrecy . lowing lemmata: 1) executable, 2) lemma Injectiveagreement"
30,0,0,0,0,6,6,/NAUQMW+CMR12,11.96,82.07,445.85,333.13,457.81,445.85,384.08,82.07,262.15,"1) lemma executable: all-traces ""All Vehicle"
30,0,0,0,0,13,6,/NAUQMW+CMR12,11.96,82.07,416.96,532.55,428.92,416.96,412.97,82.07,62.72,that sends message m  at The lemma executable states that for all Vehicle
30,0,0,0,0,24,6,/NAUQMW+CMR12,11.96,64.51,388.07,572.03,414.47,388.07,427.42,64.51,23.25,"time i , there exists TR that recieves the m at time j . This lemma is essential to verify the reachability of states."
30,0,0,0,0,3,6,/NAUQMW+CMR12,11.96,82.07,373.62,231.51,385.58,373.62,456.31,82.07,363.76,2) lemma Injectiveagreement
30,0,0,0,0,7,6,/LEEMER+CMTT12,11.96,64.51,344.73,202.0,371.13,344.73,470.76,64.51,393.28,#i ==> (Ex #j . Running Commit
30,0,0,0,0,13,6,/NAUQMW+CMR12,11.96,82.07,330.28,596.14,342.24,330.28,499.65,82.07,-0.87,The above lemmata verify the injective agreement property. The lemma veriﬁes that for
30,0,0,0,0,83,6,/NAUQMW+CMR12,11.96,64.51,258.06,626.41,327.79,258.06,514.1,64.51,-31.13,"each commit by a party there uniquely exist a running partner. The lemmata state that for all committed value PWD at time i , there exist running a part running PWD at j , where j is precedent to i, and it can not be that there exist a committed value PWD at j, and j and i are equal valued. It is noted that the injective agreement alone is veriﬁed as it sits on the top of the hierarchy of authentication claims."
30,0,0,0,0,6,6,/NAUQMW+CMR12,11.96,82.07,243.61,315.2,255.56,243.61,586.33,82.07,280.08,"3) lemma secrecy: all-traces ""All Vehicle"
30,0,0,0,0,17,6,/NAUQMW+CMR12,11.96,82.07,214.72,539.47,226.67,214.72,615.22,82.07,55.81,"The above lemma states that for every Vehicle , smart card SC , PWD and n ,"
30,0,0,0,0,32,6,/NAUQMW+CMR12,11.96,64.51,185.83,585.7,212.23,185.83,629.66,64.51,9.58,password (PWD ) and n  are secret if those values does not exist in the knowledge of the adversary. This lemma speciﬁes the secrecy of the password and the smart-card secret n.
30,0,0,0,0,6,6,/NAUQMW+CMR12,11.96,82.07,171.38,357.04,183.34,171.38,658.55,82.07,238.24,"4) lemma Anonymity: exists-trace ""not(Ex Vehicle"
30,0,0,0,0,17,6,/NAUQMW+CMR12,11.96,82.07,142.49,620.06,154.44,142.49,687.45,82.07,-24.78,This lemma states that it can not be that there exist a vehicle driver and his/her inter-
30,0,0,0,0,16,6,/NAUQMW+CMR12,11.96,64.51,128.04,427.45,140.0,128.04,701.89,64.51,167.83,action (M 1= H (H (y) ∥ T )) in the knowledge of the adversary. c
30,0,0,0,0,13,6,/NAUQMW+CMR12,11.96,82.07,113.6,488.55,125.55,113.6,716.34,82.07,106.73,"5) lemma Unlinkability: all-traces ""All #i #m M1 Tc. Unique(M1) @ i &"
30,0,0,0,0,13,6,/LEEMER+CMTT12,11.96,64.51,99.15,381.32,111.11,99.15,730.78,64.51,213.95,"Unique(M1) @ m & K(<Tc>) @ i & K(<Tc>) @ m==> #i=#m """
30,0,0,0,0,69,6,/LEEMER+CMTT12,11.96,0.0,-11.96,364.63,0.0,-11.96,841.89,0.0,230.64,"Vehicle driver m #i.  driver,<m>>)@i ==> Ex TR m #j. Receive(<TR,<m>>) @ j "" driver Vehicle: "" (All PWD #i . Commit strongA(PWD)@  strongA(PWD) @ #j & #j < #i) & (not (Ex #j .  strongA(PWD) @ #j & not (#i = #j))) )"" driver SC PWD n #i.  driver, SC, PWD,n >) @ i ==> not( Ex PWD n #r.K(<PWD,n>)@r)"" driver driver M1 #m.  driver,M1>) @ m) """
31,0,0,0,0,15,6,/NAUQMW+CMR12,11.96,82.07,706.87,538.17,718.83,706.87,123.06,82.07,57.11,This lemma states that in any two communications involving vehicle driver ( i and m)
31,0,0,0,0,22,6,/NAUQMW+CMR12,11.96,64.51,677.98,552.4,704.38,677.98,137.51,64.51,42.88,"in which the adversary knows the temporal information ( Tc) of the communications, the message sent by the driver is uniquely generated."
31,0,0,0,0,13,6,/GGAXSG+CMTI12,11.96,82.07,663.53,440.73,675.49,663.53,166.4,82.07,154.55,Mapping security goals: The veriﬁed security goals of the VUAP protocol are mutual
31,0,0,0,0,106,6,/NAUQMW+CMR12,11.96,64.51,533.52,620.43,661.04,533.52,180.85,64.51,-25.15,"entity authentication, the secrecy of the password and smart-card credential, the resistance of the protocol towards the following attacks: replay, masquerading and MITM and the privacy properties, namely conditional anonymity and unlinkability. The ﬁrst lemma proves the reachability of states in the protocol. Veriﬁcation of the second lemma achieves the mutual authentication and resistance of the protocol towards the attacks. Veriﬁcation of the third lemma guarantees the security of the password and the smart-card credential. The fourth and ﬁfth lemmata prove the privacy properties of the protocol. Table 3 presents the veriﬁed lemmata of VUAP, TV2I and KV2VP. In the below table, NA denotes not applicable."
31,0,0,0,0,9,9,/SUOVAD+CMR10,9.96,183.43,510.87,437.47,520.84,510.87,321.05,183.43,157.8,Table 3: Veriﬁed lemmata of the new protocol suite.
31,0,0,0,1,1,9,/CUHEXN+LINE10,9.96,68.81,506.44,128.59,516.4,506.44,325.49,68.81,466.69,XXXXXXXXXXXX
31,0,0,0,0,6,6,/NAUQMW+CMR12,11.96,190.75,489.5,731.08,501.46,489.5,340.43,190.75,-135.8,Injective agreementSession key/secret securityKKS PFS Unlinkability
31,0,0,0,0,4,6,/NAUQMW+CMR12,11.96,74.79,437.85,128.59,494.34,437.85,347.55,74.79,466.69,Protocol VUAP TV2I V2V
31,0,0,0,0,3,6,/LNZLED+CMBX12,11.96,64.51,399.33,213.95,411.28,399.33,430.61,64.51,381.32,8. Performance Comparison
31,0,0,0,0,11,6,/NAUQMW+CMR12,11.96,82.07,375.91,596.14,387.87,375.91,454.02,82.07,-0.87,"This section compares the computation eﬃciency, security and functional attributes of"
31,0,0,0,0,197,6,/NAUQMW+CMR12,11.96,64.51,188.12,632.38,373.43,188.12,468.46,64.51,-37.11,"our protocol suite with other protocols. We use the TEPLA library [46] to evaluate the various elliptic curve operations. BN-254 curve with the base ﬁeld size of 512 bits is chosen for the evaluation. For the details of the curve, reader is requested to refer Section 3.2. We run the evaluation for several times, and we consider the average computation time as the computation times of the primitives in the library. We use the pycrypto library [47] for evaluating the execution time of hash and encyption algorithms. The computation time of a hash operation is evaluated by running SHA-256 algorithm, and the computation time of encryption operation is evaluated by running AES-128 algorithm. For the AES evaluation, plain text size of 16 bytes, initialisation vector of 16 bytes and the key size of 128 bits is chosen with CBC mode operation. For the hash function evaluation, plaintext size of 32 bytes and key of 128 bits are selected for the evaluation. All the operations and algorithms are ran for 1000 iterations, and the average value is taken as the computation time ( C) of T the operations and algorithms. CPU cycles per operation (CPO) is derived accordingly."
31,0,0,0,0,13,6,/NAUQMW+CMR12,11.96,82.07,173.67,584.19,185.63,173.67,656.26,82.07,11.09,The evaluation is done on two platforms with the following speciﬁcations: Ubuntu (V
31,0,0,0,0,76,6,/NAUQMW+CMR12,11.96,64.51,99.65,626.41,171.18,99.65,670.71,64.51,-31.13,"16.04) with 64 bit Intel core I7 central processing unit (CPU) at 2.6 GHz operating frequency and Raspian operating system (OS) with 32 bit ARM CPU at 900 MHz operating frequency. The average computation time and CPO of the operations and algorithms on the Ubuntu and the Raspian OSs are presented in Tables 4 and 5, respectively. For convenience, we deﬁne the following notations. GTA is the time needed for a point addition on the curve,"
31,0,0,0,0,20,6,/RXNEKG+MSAM10,11.96,0.0,-11.96,131.51,0.0,-11.96,841.89,0.0,463.77,Conditional anonymity ✓ ✓ NA NA ✓ ✓ ✓ ✓ ✓ ✓ ✓ ✓ ✓ ✓ ✓ ✓ ✓ ✓
32,0,0,0,0,18,6,/NJVWMM+CMMI12,11.96,64.51,705.08,561.97,718.83,705.08,123.06,64.51,33.31,"GT GTM is the time required for a point multiplication on the curve,P is the time required for"
32,0,0,0,0,92,6,/NAUQMW+CMR12,11.96,64.51,620.2,620.43,704.38,620.2,137.51,64.51,-25.15,"a pairing operation on the curve, GTE is the time needed for an exponentiation operation on the curve, T  TE is the time needed to perform an encryption/decryption operation,H is the time needed for performing a hash operation and TXOR is the time intended for performing a XOR operation. The execution time of the XOR operation is not considered as it is negligible compared to the execution time of other operations. It is noted that the time duration for exponentiation operation ( GT ) and the point multiplication are approximately equal, i.e.E"
32,0,0,0,1,5,6,/NJVWMM+CMMI12,11.96,64.51,603.96,152.01,617.71,603.96,224.18,64.51,443.27,GT GTM ≈ E [6].
32,0,0,0,0,16,9,/SUOVAD+CMR10,9.96,64.51,570.48,557.66,592.4,570.48,249.49,64.51,37.62,Table 4: Average computation time and CPO of the cryptographic operations and algorithms on Ubuntu OS.
32,0,0,0,0,6,13,/VYYMPD+CMMI8,7.97,74.79,540.45,410.51,552.4,540.45,289.49,74.79,184.76,Notations A M P E H
32,0,0,0,0,11,6,/NJVWMM+CMMI12,11.96,74.79,525.6,443.25,537.56,525.6,304.33,74.79,152.02,C  µ s  m s  m s  m s  µ sT
32,0,0,0,1,24,6,/NAUQMW+CMR12,11.96,74.79,510.76,452.9,522.71,510.76,319.18,74.79,142.38,CPO .18 × 10 4 .6 × 10 6  . 77 × 10 6  . 68 × 10 4  . 49 × 10 4
32,0,0,0,0,16,9,/SUOVAD+CMR10,9.96,64.51,456.75,562.64,478.67,456.75,363.22,64.51,32.63,Table 5: Average computation time and CPO of the cryptographic operations and algorithms on Raspian OS.
32,0,0,0,0,6,13,/VYYMPD+CMMI8,7.97,74.79,427.94,422.22,439.9,427.94,401.99,74.79,173.06,Notations A M P E H
32,0,0,0,0,11,6,/NJVWMM+CMMI12,11.96,74.79,413.1,460.81,425.05,413.1,416.84,74.79,134.46,C  µ s  m s  m s  m s  µ sT
32,0,0,0,0,32,6,/NAUQMW+CMR12,11.96,74.79,366.01,540.76,414.55,366.01,427.34,74.79,54.52,3 6 6 6 3CPO.48 ×10.68 ×10.18 ×10.85 ×10 .39 ×10 2 = 3 −We implement the tate pairing on a supersingular elliptic curve E : y x x + 1 in
32,0,0,0,0,100,6,/NAUQMW+CMR12,11.96,64.51,264.89,620.43,367.86,264.89,474.03,64.51,-25.15,"mthe aﬃne coordinates deﬁned over a Galois Field GF(3 ) [48]. The following environment is chosen for the evaluation of the ate pairing in BN curve: Ubuntu (V 16.04) with 64 bit Intel core I7 central processing unit (CPU) at 2.6 GHz operating frequency. We estimate the computation time of a point multiplication, point addition and pairing operations as 1.165s, 0.1337s and 8.125s, respectively. The simulation is iterated over several times, and the average value is taken as the computation time of various operations. We conﬁrm that the execution time of the ate pairing is higher than the tate pairing."
32,0,0,0,0,3,6,/GGAXSG+CMTI12,11.96,64.51,238.49,213.95,250.44,238.49,591.45,64.51,381.32,8.1. Computation Eﬃciency
32,0,0,0,0,13,6,/NAUQMW+CMR12,11.96,82.07,221.05,590.17,233.01,221.05,608.88,82.07,5.11,The computation eﬃciency of our protocols is presented by comparing with the related
32,0,0,0,0,38,6,/NAUQMW+CMR12,11.96,64.51,177.71,590.54,218.56,177.71,623.33,64.51,4.74,"protocols regarding a total number of the operations and algorithms (TOA), the time duration for computations of TOA and CPU cycles. CT and CPO are taken from Table 5 to present the computation eﬃciency of the VUAP protocol."
32,0,0,0,0,71,6,/NAUQMW+CMR12,11.96,64.51,105.49,578.59,175.22,105.49,666.67,64.51,16.69,"VUAP: VUAP is used for driver/owner authentication. VUAP requires 3 T 474.21H ( s), and LGKP need 3 T  T 474.21 µ s) TOA. 2FLIP needs 9 T TH +XOR (H + 5XOR TOA 4(14.22 ×10s). But ABAKA requires unit computation since password and identity veriﬁcation are done without any of the mentioned operations and algorithms. VUAP and 3 CPU cycles, whereas 2FLIP needs 3 CPU cycles. LGKP require 427.1710 ≈1281.5110"
32,0,0,0,1,30,6,/NAUQMW+CMR12,11.96,0.0,-11.96,41.84,0.0,-11.96,841.89,0.0,553.43,GT GT GT T T 0.2 1.38 13.45 0.21 55.07 5 3 41 54 14 GT GT GT T T 96.6 36.28 76.8 5.39 158.07 86 32 69 4 142
33,0,0,0,0,15,6,/GGAXSG+CMTI12,11.96,82.07,706.87,578.21,718.83,706.87,123.06,82.07,17.06,TV2I: TV2I is used for distributing keys to vehicles from KDC. For the computations in-
33,0,0,0,0,105,6,/NAUQMW+CMR12,11.96,64.51,591.31,626.41,704.38,591.31,137.51,64.51,-31.13,"volving vehicles, Table 5 is used, and for the computations invloving RSUs and KDC/trusted authority, Table 4 is used. Table 6 presents the computation eﬃciency of TV2I with related protocols. For comparison, we consider the construction time of the involved primitives. The time duration for ordinary signature computation is calculated as a sum of a hash and exponentiation operations. For signatures involving elliptic curve system, the signature computation time is calculated as a sum of a hash and point multiplication operations. Though FKDP and 2FLIP is computationally more eﬃcient than TV2I, both of them do not satisfy all security and functional attribute (refer Table 8)."
33,0,0,0,0,15,6,/GGAXSG+CMTI12,11.96,82.07,576.86,566.26,588.81,576.86,253.08,82.07,29.02,KV2VP: KV2VP is used for exchanging keys between vehicles. Tables 4 and 5 are utilised
33,0,0,0,0,117,6,/NAUQMW+CMR12,11.96,64.51,475.74,574.87,574.37,475.74,267.52,64.51,20.41,"to present the computation eﬃciency of KV2VP and V2V of FKDP. KV2VP requires 5GTM + 3 T  GT  T  ≈ 7GT  GT  TH + 2P +E TOA, and V2V of FKDP needsE + 3P + 5 E TOA. While using Table 4WhV2V of FKDP need the time durion of 34.17 ms and 51.06 ms, 6correspondingly. KV2VP requires the CPU cycles of 102.52 ×10, and V2V of FKDP needs 6153.24 ×10. When Table 5 is utilised, KV2VP is in need of 335.63 ms, and V2V of FKDP require the time duration of 511.31 ms. When Table 5 is used, KV2VP require 307.03 × 6 CPU cycles, and V2V of FKDP require the CPU cycles of 460.5 610 ×10."
33,0,0,0,0,9,9,/SUOVAD+CMR10,9.96,157.83,453.09,461.69,463.05,453.09,378.84,157.83,133.59,Table 6: Computation eﬃciency of TV2I with related protocols.
33,0,0,0,0,6,6,/NAUQMW+CMR12,11.96,74.79,404.74,458.38,431.54,404.74,410.35,74.79,136.9,Scheme/Protocol 5TV2IT+12 T T1.17 ms19.8 ×10
33,0,0,0,1,4,13,/VYYMPD+CMMI8,7.97,193.02,402.94,275.73,414.9,402.94,426.99,193.02,319.54,H XOR +1 E
33,0,0,0,0,6,6,/NAUQMW+CMR12,11.96,74.79,389.89,464.23,406.19,389.89,435.7,74.79,131.04,6LGKPT+2 T T+2 GT38.61 ms37.68 ×10
33,0,0,0,1,5,13,/VYYMPD+CMMI8,7.97,187.16,388.1,302.23,400.06,388.1,441.83,187.16,293.05,H XOR +1 E E
33,0,0,0,0,5,6,/NAUQMW+CMR12,11.96,74.79,375.05,470.09,391.34,375.05,450.55,74.79,125.19,6PAFHT+6 T GT111.71 ms105.52 ×10
33,0,0,0,1,4,13,/VYYMPD+CMMI8,7.97,187.16,373.26,273.26,385.21,373.26,456.68,187.16,322.01,H XOR +5 M
33,0,0,0,0,5,6,/NAUQMW+CMR12,11.96,74.79,360.2,464.23,376.5,360.2,465.39,74.79,131.04,6LIAP+3 T GT41.95 ms47.22 ×10
33,0,0,0,1,4,13,/VYYMPD+CMMI8,7.97,181.31,358.41,267.41,370.37,358.41,471.52,181.31,327.87,H XOR +5 M
33,0,0,0,0,3,6,/NAUQMW+CMR12,11.96,74.79,345.36,458.38,361.65,345.36,480.24,74.79,136.9,62FLIP+GT+T1.74 ms4.28 ×10
33,0,0,0,1,3,13,/VYYMPD+CMMI8,7.97,181.31,347.55,243.09,355.52,347.55,486.37,181.31,352.18,E M H
33,0,0,0,0,5,6,/NAUQMW+CMR12,11.96,74.79,330.52,470.09,346.81,330.52,495.08,74.79,125.19,6ABAKA+7 GT+2 GT114.66 ms112.86 ×10
33,0,0,0,1,3,13,/VYYMPD+CMMI8,7.97,181.31,332.71,264.95,340.68,332.71,501.21,181.31,330.33,H M A
33,0,0,0,0,3,6,/NAUQMW+CMR12,11.96,74.79,315.67,448.62,331.97,315.67,509.92,74.79,146.65,6FKDP1.38 ms3.6 ×10
33,0,0,0,0,14,6,/GGAXSG+CMTI12,11.96,82.07,278.13,536.37,290.08,278.13,551.81,82.07,58.91,PEM: The PEM is used for exchanging messages in V2I and V2V communications. The
33,0,0,0,0,11,6,/NAUQMW+CMR12,11.96,64.51,263.68,525.56,279.97,263.68,561.92,64.51,69.71,6 CPU PEM protocol demands 2 T µs and 0.28 ×10
33,0,0,0,0,7,13,/VYYMPD+CMMI8,7.97,211.41,261.89,408.67,273.84,261.89,568.05,211.41,186.6,H TOA that requires time of 316.14
33,0,0,0,0,93,6,/NAUQMW+CMR12,11.96,64.51,177.0,614.45,261.19,177.0,580.7,64.51,-19.18,"cycles. Azees et al. [6] protocol needs TGTH + 2 M TOA that require time duration of 72.71 6 CPU cycles. It is apparent that EAAP has enormously higher CPU ms and 65.50 ×10 cycles than the PEM protocol due to asymmetric key cryptography operations. The heavier computation restricts the serving capacity of RSUs. Figures 4-A and 4-B present the serving capacity of an RSU of EAAP and the PEM protocol when the density of vehicles and their speed vary. The serving capacity is computed using the formula mentioned in [6], which is"
33,0,0,0,0,3,13,/VYYMPD+CMMI8,7.97,102.29,171.8,121.35,179.77,171.8,662.12,102.29,473.93,p T r
33,0,0,0,0,95,6,/NAUQMW+CMR12,11.96,64.51,104.78,608.47,174.51,104.78,667.38,64.51,-13.2,"C , p, T , r, s and d  denote the serving capacity, the probability of sending C=RSURSUsd . the LBSI message by the RSU, TOA, coverage of the RSU, the speed of vehicles and density of vehicles, respectively. Here, the following values are used: p = 0.5, T = 316 .14 µs for PEM, T  = 72 .71 ms for EAAP,r = 300 m , 5 ≤ s ≤ 10 m/s and 200 ≤ d ≤ 400. From Figures 4-A and 4-B, it is conspicuous that the serving capacity can be increased dramatically for"
33,0,0,0,0,25,6,/BNDSAH+CMSY10,11.96,0.0,-11.96,65.75,0.0,-11.96,841.89,0.0,529.52,TOA Time CPU cycles 10 ≈ ≈ 6 ≈ ≈ 2 ≈ ≈ T ≈ ≈ T ≈ ≈ T ≈ ≈ GT ≈ ≈
34,0,0,0,0,51,6,/NAUQMW+CMR12,11.96,64.51,663.53,590.54,718.83,663.53,123.06,64.51,4.74,"the PEM protocol in comparison with EAAP as the negative order of the serving capacity is increased by four times in the PEM protocol. The increase in the serving capacity of the PEM protocol is due to the utilization of symmetric crypto operations. Thus, PEM is computation eﬃcient than its counterpart."
34,0,0,0,0,5,6,/GGAXSG+CMTI12,11.96,64.51,637.13,297.64,649.09,637.13,192.8,64.51,297.64,8.2. Security and Functional Attributes
34,0,0,0,0,15,6,/NAUQMW+CMR12,11.96,82.07,619.7,584.19,631.65,619.7,210.24,82.07,11.09,"Table 7, 8 and 9 show the comparison of security goals and functional attributes of"
34,0,0,0,0,30,6,/NAUQMW+CMR12,11.96,64.51,590.81,578.59,617.21,590.81,224.68,64.51,16.69,"VUAP, TV2I and KV2VP, respectively. In Tables 7, 8 and 9, the following notations are used: NA- not applicable, ✓- satisﬁes the attribute and - does not satisfy the attribute."
34,0,0,0,0,8,9,/SUOVAD+CMR10,9.96,181.14,568.16,440.17,578.12,568.16,263.77,181.14,155.1,Table 7: Security and functional attributes of VUAP.
34,0,0,0,0,38,6,/NAUQMW+CMR12,11.96,74.79,403.5,596.14,559.78,403.5,282.11,74.79,-0.87,"Attributes Conditional anonymity Unlinkability Authentication by the Vehicle Replay attack Masquerading attack Password change phase Password guessing attack Lost smart card veriﬁer attack From Table 7, it is apparent that 2FLIP satisﬁes most of the attributes in comparison"
34,0,0,0,0,54,6,/NAUQMW+CMR12,11.96,64.51,331.27,590.54,401.01,331.27,440.88,64.51,4.74,"with VUAP, but 2FLIP requires 50% more CPU cycles than VUAP regarding computation eﬃciency. Although LGKP and ABAKA have lesser computation eﬃciency than VUAP, they do not satisfy the privacy properties (ref Table 7). Hence, the VUAP protocol is computation eﬃcient and robust regarding security among the protocols that preserve the privacy of vehicles."
34,0,0,0,0,16,6,/NAUQMW+CMR12,11.96,82.07,316.82,584.19,328.78,316.82,513.11,82.07,11.09,"From Table 8, the computation eﬃciency of TV2I is lesser than FKDP and equal to the"
34,0,0,0,0,151,6,/NAUQMW+CMR12,11.96,64.51,157.92,608.47,314.33,157.92,527.56,64.51,-13.2,"protocol of 2FLIP. But TV2I is more robust regarding security and functionality features in comparison with its counterpart. The protocol does not depend on a mobility prediction model as in [23] and [22] because the protocol supports handoﬀ capability for a vehicle th and ( th th RSU. The protocol with two RSUs ((i1)i+ 1)) when moving away from the i can assure detectability to the DoS attack as it includes the key conﬁrmation step. The protocol has ≈ 67% lesser CPU cycles than PAFH and ≈ 70% than LIAP. Hence, among the protocols that support handoﬀ capability, TV2I is more computation eﬃcient and robust, and it supports more functional attributes. PAFH and LIAP demand a mobility prediction model, whereas TV2I does not require a mobility prediction model because the protocol supports the handoﬀ capability. The protocol can assure detectability to the DoS attack as it includes the key authentication step."
34,0,0,0,0,14,6,/NAUQMW+CMR12,11.96,82.07,143.47,554.3,155.43,143.47,686.46,82.07,40.97,"From Table 9, KV2VP is more robust in security than FKDP. KV2VP is computation"
34,0,0,0,0,37,6,/NAUQMW+CMR12,11.96,64.51,100.13,602.5,140.98,100.13,700.91,64.51,-7.22,"eﬃcient than its counterpart. In a nutshell, among the protocols that support handoﬀ authentication and areas not covered by V2I, the proposed protocols are computation eﬃcient and robust in terms of security and oﬀer more functional attributes."
34,0,0,0,0,44,6,/RXNEKG+MSAM10,11.96,0.0,-11.96,107.6,0.0,-11.96,841.89,0.0,487.68,VUAP Ying et al. [15] Wang et al. [11] Huang et al. [12] ✓  ✓  ✓  ✓  ✓ ✓ ✓ ✓ ✓  ✓  ✓ ✓ ✓ ✓ ✓ ✓ ✓  ✓ ✓ ✓   NA NA
35,0,0,0,0,23,6,/NAUQMW+CMR12,11.96,74.79,719.5,823.16,761.15,719.5,80.74,74.79,-227.88,Attributes Ying et al. [15]Zhou et al. [23]Li et al. [22]Wang et al. [11]Huang et al. [12]Park et al. [17] Conditional anonymity Unlinkability
35,0,0,0,0,12,9,/SUOVAD+CMR10,9.96,125.67,712.45,519.19,722.41,712.45,119.48,125.67,76.08,Table 8: Security and functional attributes of TV2I with the related protocols.
35,0,0,0,0,48,6,/NAUQMW+CMR12,11.96,74.79,439.06,242.16,716.62,439.06,125.27,74.79,353.11,Mutual entity authentication (Vehicle andKDC ) Mutual entity authentication (RSU and KDC ) Explicit key authentication Key freshness Key integrity Forward secrecy Known-key secrecy Replay attack Masquerading attack MITM attack Dynamic RSU addition Handoﬀ support LBSI service by RSU Independence of a movement prediction model Detectability to DoS
35,0,0,0,1,2,6,/NAUQMW+CMR12,11.96,160.76,319.63,202.61,331.59,319.63,510.3,160.76,392.67,(A) (B)
35,0,0,0,0,17,9,/SUOVAD+CMR10,9.96,91.13,298.96,539.45,308.92,298.96,532.97,91.13,55.82,Figure 4: (A) Protocol for Exchanging Messages (PEM) of Azees et al. (B) PEM of this work.
35,0,0,0,0,3,6,/LNZLED+CMBX12,11.96,64.51,261.5,213.95,273.45,261.5,568.44,64.51,381.32,9. Simulation Performance
35,0,0,0,0,13,6,/NAUQMW+CMR12,11.96,82.07,238.09,608.1,250.04,238.09,591.85,82.07,-12.82,"We evaluate the practicality of the proposed protocol suite and FKDP, regarding average"
35,0,0,0,0,55,6,/NAUQMW+CMR12,11.96,64.51,165.86,590.54,235.6,165.86,606.29,64.51,4.74,"key dissemination time (AKDT). We compare our protocols with FKDP because FKDP achieves faster average key dissemination time than other protocols. FKDP attains the ampliﬁed key dispatching due to the dissemination of keys made by the V2I and V2V communication modes, whereas the remaining protocols utilise the V2I communication mode alone for the key dissemination."
35,0,0,0,0,13,6,/NAUQMW+CMR12,11.96,82.07,151.41,566.26,163.37,151.41,678.52,82.07,29.02,The simulation is done in Omnet++ network simulator with the integration of SUMO
35,0,0,0,0,42,6,/NAUQMW+CMR12,11.96,64.51,108.07,596.52,148.92,108.07,692.97,64.51,-1.24,"urban mobility simulator. For the simulation, ten lanes of 5 km ×1 km area are considered. To facilitate handoﬀ capability, RSUs are made to transmit and receive messages continuously. The simulation is carried out for 100 vehicles and 1000 vehicles scenarios. Each"
35,0,0,0,1,114,6,/RXNEKG+MSAM10,11.96,0.0,-11.96,29.89,0.0,-11.96,841.89,0.0,565.39,TV2I ✓ ✓ ✓ ✓ ✓  ✓ ✓ ✓  ✓ ✓  ✓ ✓ ✓ ✓  ✓  ✓ ✓ ✓ ✓     ✓ ✓    ✓ ✓   ✓ ✓ ✓ ✓  NA NA ✓ NA ✓ ✓ ✓   ✓ ✓ ✓ ✓     ✓ ✓ ✓ ✓ ✓ ✓  ✓   ✓  ✓ ✓  ✓ ✓ ✓ ✓ ✓ ✓  ✓ ✓ ✓ ✓ ✓ ✓ ✓  ✓ ✓         ✓ ✓ NA   NA NA NA      
36,0,0,0,0,11,9,/SUOVAD+CMR10,9.96,130.61,712.45,504.21,722.41,712.45,119.48,130.61,91.07,Table 9: Security and functional attributes of KV2VP with related protocol.
36,0,0,0,0,32,6,/NAUQMW+CMR12,11.96,74.79,510.02,433.45,700.11,510.02,141.78,74.79,161.83,Attributes Conditional anonymity Unlinkability Mutual entity authentication (Alice vehicle and Bob vehicle) Explicit key authentication Key freshness Key integrity Forward secrecy Known-key secrecy Replay attack Masquerading attack MITM attack Detectability to DoS
36,0,0,0,1,2,6,/NAUQMW+CMR12,11.96,167.85,353.27,209.69,365.23,353.27,476.66,167.85,385.58,(A) (B)
36,0,0,0,0,14,9,/SUOVAD+CMR10,9.96,113.76,332.6,517.24,342.56,332.6,499.33,113.76,78.03,Figure 5: Average key dissemination time (AKT) for (A) 100 and (B) 1000 vehicles.
36,0,0,0,0,108,6,/NAUQMW+CMR12,11.96,64.51,208.46,620.43,307.09,208.46,534.8,64.51,-25.15,"scenario is divided into two cases depending on the speed of the vehicles. The two cases are for 30 km/hr and 70 km/hr. Each of the two cases is further divided into three cases depending on the coverage of RSUs: 10%, 30% and 50%. In particular, cases a, b, c, and d specify 100 vehicles at 30 km/hr, 100 vehicles at 70 km/hr, 1000 vehicles at 30 km/hr and 1000 vehicles at 70 km/hr, respectively. The simulations are iterated several times, and the average value of the key dissemination is taken for each case. Figures 5-A present AKT for 100 vehicles, and 5-B present AKT for 1000 vehicles."
36,0,0,0,0,13,6,/NAUQMW+CMR12,11.96,82.07,194.02,584.19,205.97,194.02,635.92,82.07,11.09,"In general, the proposed protocols show similar performance as FKDP with slight im-"
36,0,0,0,0,78,6,/NAUQMW+CMR12,11.96,64.51,121.79,644.34,191.53,121.79,650.36,64.51,-49.06,"provements (i.e. reduced AKT) such as: (i) at 10%, 30% and 50% coverage for 30 km/hr scenario with 100 vehicles, and (ii) at 10% and 30% coverage for 70 km/hr scenario with 1000 vehicles. Overall, the simulation performance of our protocol suite is as fast as FKDP. Hence, our protocol suite is also a fast key dissemination protocol suite. As our protocol suite is a fast key dissemination protocol suite, it can reduce delay occurred for key dissemination."
36,0,0,0,0,29,6,/RXNEKG+MSAM10,11.96,0.0,-11.96,101.62,0.0,-11.96,841.89,0.0,493.66,KV2VP Park et al. [17] ✓ ✓ ✓ ✓ ✓  ✓  ✓ ✓ ✓ ✓ ✓ ✓ ✓  ✓ ✓ ✓  ✓ ✓ ✓ 
37,0,0,0,0,13,6,/NAUQMW+CMR12,11.96,82.07,683.46,560.28,695.42,683.46,146.47,82.07,35.0,"In this paper, we analysed LGKP and FKDP; we demonstrated insecurities LGKP and"
37,0,0,0,0,127,6,/NAUQMW+CMR12,11.96,64.51,539.0,614.45,680.97,539.0,160.92,64.51,-19.18,"FKDP. As a counter measure, we proposed a new protocol suite. The proposed suite had ten protocols. The new protocol suite assures several functional attributes. Speciﬁcally, TV2I ensures hand oﬀ capability and detectability to DOS and KV2VP oﬀers the capability to check the time bounded validity of certiﬁcates of vehicles. The new protocol was computational eﬃcient. The properties attained by the protocols were desireable for VANET. We proved the security of TV2I and KV2VP in the random oracle model. We performed an informal analysis of the protocols against various attacks and security goals. We presented a formal veriﬁcation of VUAP, TV2I and KV2VP. The simulation performance of the protocols regarding average key dissemination time showed that the new protocol suite was also a fast key dissemination protocol."
37,0,0,0,0,13,6,/NAUQMW+CMR12,11.96,82.07,483.21,602.12,495.17,483.21,346.72,82.07,-6.85,We thank the anonymous reviewers and the associate editor for giving valuable comments
37,0,0,0,0,35,6,/NAUQMW+CMR12,11.96,64.51,439.87,602.5,480.72,439.87,361.17,64.51,-7.22,and suggestions in order to improve the quality of this manuscript. Baker Palaniswamy has been supported by QUTPRA. Josef Pieprzyk has been supported by the Australian ARC grant DP180102199 and the Polish NCN grant 2018/31/B/ST6/03003.
37,0,0,0,0,18,9,/SUOVAD+CMR10,9.96,69.49,388.57,582.57,398.53,388.57,443.36,69.49,12.71,"[1] D. Geronimo, A. M. Lopez, A. D. Sappa, T. Graf, Survey of pedestrian detection for advanced driver"
37,0,0,0,0,18,9,/SUOVAD+CMR10,9.96,85.86,364.66,569.05,386.57,364.66,455.32,85.86,26.23,"assistance systems, IEEE Transactions on Pattern Analysis and Machine Intelligence 32 (7) (2010) 1239–1258 (July 2010). doi:10.1109/TPAMI.2009.122 ."
37,0,0,0,0,17,9,/SUOVAD+CMR10,9.96,69.49,352.7,582.57,362.66,352.7,479.23,69.49,12.71,"[2] A. Bisoﬃ, F. Biral, M. D. Lio, L. Zaccarian, Longitudinal jerk estimation of driver intentions for"
37,0,0,0,0,17,9,/SUOVAD+CMR10,9.96,85.86,328.79,559.09,350.71,328.79,491.18,85.86,36.19,"advanced driver assistance systems, IEEE/ASME Transactions on Mechatronics 22 (4) (2017) 1531– 1541 (Aug 2017). doi:10.1109/TMECH.2017.2716838 ."
37,0,0,0,0,17,9,/SUOVAD+CMR10,9.96,69.49,316.84,587.55,326.8,316.84,515.09,69.49,7.73,"[3] V. Milan´ es, S. E. Shladover, J. Spring, C. Nowakowski, H. Kawazoe, M. Nakamura, Cooperative adap-"
37,0,0,0,0,21,9,/SUOVAD+CMR10,9.96,85.86,292.93,593.95,314.84,292.93,527.05,85.86,1.32,"tive cruise control in real traﬃc situations, IEEE Transactions on Intelligent Transportation Systems 15 (1) (2014) 296–305 (Feb 2014). doi:10.1109/TITS.2013.2278494 ."
37,0,0,0,0,16,9,/SUOVAD+CMR10,9.96,69.49,280.97,592.53,290.93,280.97,550.96,69.49,2.75,"[4] M. N. Mejri, J. Ben-Othman, M. Hamdi, Survey on vanet security challenges and possible cryptographic"
37,0,0,0,0,8,9,/SUOVAD+CMR10,9.96,85.86,269.01,399.68,278.98,269.01,562.91,85.86,195.59,"solutions, Vehicular Communications 1 (2) (2014) 53–66 (2014)."
37,0,0,0,0,16,9,/SUOVAD+CMR10,9.96,69.49,257.06,587.55,267.02,257.06,574.87,69.49,7.73,"[5] J. Larson, K. Y. Liang, K. H. Johansson, A distributed framework for coordinated heavy-duty vehicle"
37,0,0,0,0,13,9,/SUOVAD+CMR10,9.96,85.86,245.1,588.97,255.07,245.1,586.82,85.86,6.3,"platooning, IEEE Transactions on Intelligent Transportation Systems 16 (1) (2015) 419–429 (Feb 2015)."
37,0,0,0,0,14,9,/SUOVAD+CMR10,9.96,69.49,221.19,572.6,231.16,221.19,610.73,69.49,22.67,"[6] M. Azees, P. Vijayakumar, L. J. Deboarh, Eaap: Eﬃcient anonymous authentication with conditional"
37,0,0,0,0,21,9,/SUOVAD+CMR10,9.96,85.86,197.28,593.95,219.2,197.28,622.69,85.86,1.32,"privacy-preserving scheme for vehicular ad hoc networks, IEEE Transactions on Intelligent Transportation Systems 18 (9) (2017) 2467–2476 (Sept 2017). doi:10.1109/TITS.2016.2634623 ."
37,0,0,0,0,17,9,/SUOVAD+CMR10,9.96,69.49,185.33,557.66,195.29,185.33,646.6,69.49,37.62,"[7] D. Jia, K. Lu, J. Wang, X. Zhang, X. Shen, A survey on platoon-based vehicular cyber-physical"
37,0,0,0,0,12,9,/SUOVAD+CMR10,9.96,85.86,173.37,529.2,183.34,173.37,658.55,85.86,66.08,"systems, IEEE Communications Surveys Tutorials 18 (1) (2016) 263–284 (Firstquarter 2016). doi:"
37,0,0,0,1,2,9,/XPTSRV+CMTT10,9.96,85.86,161.42,231.81,171.38,161.42,670.51,85.86,363.46,10.1109/COMST.2015.2410831 .
37,0,0,0,0,16,9,/SUOVAD+CMR10,9.96,69.49,149.46,577.59,159.43,149.46,682.46,69.49,17.69,"[8] H. Hartenstein, L. P. Laberteaux, A tutorial survey on vehicular ad hoc networks, IEEE Communica-"
37,0,0,0,0,10,9,/SUOVAD+CMR10,9.96,85.86,137.51,473.78,147.47,137.51,694.42,85.86,121.49,tions Magazine 46 (6) (2008) 164–171 (June 2008). doi:10.1109/MCOM.2008.4539481 .
37,0,0,0,0,14,9,/SUOVAD+CMR10,9.96,69.49,125.55,567.62,135.51,125.55,706.38,69.49,27.65,"[9] M. Raya, P. Papadimitratos, J. p. Hubaux, Securing vehicular communications, IEEE Wireless Com-"
37,0,0,0,0,9,9,/SUOVAD+CMR10,9.96,85.86,113.6,450.4,123.56,113.6,718.33,85.86,144.88,munications 13 (5) (2006) 8–15 (October 2006). doi:10.1109/WC-M.2006.250352 .
38,0,0,0,0,19,9,/SUOVAD+CMR10,9.96,64.51,708.87,602.49,718.83,708.87,123.06,64.51,-7.22,"[10] N. W. Lo, H. C. Tsai, Illusion attack on vanet applications - a message plausibility problem, in: 2007"
38,0,0,0,0,10,9,/SUOVAD+CMR10,9.96,85.86,696.91,507.89,706.87,696.91,135.02,85.86,87.38,"IEEE Globecom Workshops, 2007, pp. 1–8 (Nov 2007). doi:10.1109/GLOCOMW.2007.4437823 ."
38,0,0,0,0,16,9,/SUOVAD+CMR10,9.96,64.51,684.95,557.66,694.92,684.95,146.97,64.51,37.62,"[11] F. Wang, Y. Xu, H. Zhang, Y. Zhang, L. Zhu, 2ﬂip: A two-factor lightweight privacy-preserving"
38,0,0,0,0,14,9,/SUOVAD+CMR10,9.96,85.86,661.04,569.05,682.96,661.04,158.93,85.86,26.23,"authentication scheme for vanet, IEEE Transactions on Vehicular Technology 65 (2) (2016) 896–911 (2016)."
38,0,0,0,0,18,9,/SUOVAD+CMR10,9.96,64.51,649.09,547.7,659.05,649.09,182.84,64.51,47.58,"[12] J. L. Huang, L. Y. Yeh, H. Y. Chien, Abaka: An anonymous batch authenticated and key agree-"
38,0,0,0,0,23,9,/SUOVAD+CMR10,9.96,85.86,625.18,574.03,647.1,625.18,194.79,85.86,21.25,"ment scheme for value-added services in vehicular ad hoc networks, IEEE Transactions on Vehicular Technology 60 (1) (2011) 248–262 (Jan 2011). doi:10.1109/TVT.2010.2089544 ."
38,0,0,0,0,18,9,/SUOVAD+CMR10,9.96,64.51,613.22,562.64,623.19,613.22,218.7,64.51,32.63,"[13] T. W. Chim, S.-M. Yiu, L. C. Hui, V. O. Li, Specs: Secure and privacy enhancing communications"
38,0,0,0,0,11,9,/SUOVAD+CMR10,9.96,85.86,601.27,409.65,611.23,601.27,230.66,85.86,185.63,"schemes for vanets, Ad Hoc Networks 9 (2) (2011) 189–203 (2011)."
38,0,0,0,0,19,9,/SUOVAD+CMR10,9.96,64.51,589.31,577.59,599.28,589.31,242.61,64.51,17.69,"[14] S.-J. Horng, S.-F. Tzeng, Y. Pan, P. Fan, X. Wang, T. Li, M. K. Khan, b-specs+: Batch veriﬁcation"
38,0,0,0,0,18,9,/SUOVAD+CMR10,9.96,85.86,565.4,564.07,587.32,565.4,254.57,85.86,31.21,"for secure pseudonymous authentication in vanet, IEEE Transactions on Information Forensics and Security 8 (11) (2013) 1860–1875 (2013)."
38,0,0,0,0,14,9,/SUOVAD+CMR10,9.96,64.51,553.45,567.62,563.41,553.45,278.48,64.51,27.65,"[15] B. Ying, A. Nayak, Anonymous and lightweight authentication for secure vehicular networks, IEEE"
38,0,0,0,0,11,9,/SUOVAD+CMR10,9.96,85.86,541.49,459.46,551.45,541.49,290.44,85.86,135.82,Transactions on Vehicular Technology 66 (12) (2017) 10626–10636 (Dec 2017). doi:10.1109/TVT.
38,0,0,0,0,17,9,/SUOVAD+CMR10,9.96,64.51,517.58,572.6,527.54,517.58,314.35,64.51,22.67,"[16] K. Abboud, H. A. Omar, W. Zhuang, Interworking of dsrc and cellular network technologies for v2x"
38,0,0,0,0,13,9,/SUOVAD+CMR10,9.96,85.86,505.63,588.97,515.59,505.63,326.3,85.86,6.3,"communications: A survey, IEEE transactions on vehicular technology 65 (12) (2016) 9457–9470 (2016)."
38,0,0,0,0,18,9,/SUOVAD+CMR10,9.96,64.51,493.67,567.62,503.63,493.67,338.26,64.51,27.65,"[17] Y. H. Park, S. W. Seo, Fast and secure group key dissemination scheme for out-of-range v2i com-"
38,0,0,0,0,12,9,/SUOVAD+CMR10,9.96,85.86,481.72,534.18,491.68,481.72,350.21,85.86,61.1,"munication, IEEE Transactions on Vehicular Technology 64 (12) (2015) 5642–5652 (Dec 2015)."
38,0,0,0,0,32,9,/SUOVAD+CMR10,9.96,64.51,445.85,597.51,467.77,445.85,374.12,64.51,-2.24,"[18] A. Ornaghi, M. Valleri, Man in the middle attacks demos, Blackhat [Online Document] 19 (2003). [19] M. Bellare, P. Rogaway, Random oracles are practical: A paradigm for designing eﬃcient protocols, in:"
38,0,0,0,0,16,9,/SUOVAD+CMR10,9.96,85.86,421.94,554.1,443.86,421.94,398.03,85.86,41.17,"Proceedings of the 1st ACM conference on Computer and communications security, ACM, 1993, pp. 62–73 (1993)."
38,0,0,0,0,15,9,/SUOVAD+CMR10,9.96,64.51,409.99,557.66,419.95,409.99,421.94,64.51,37.62,"[20] D. Huang, S. Misra, M. Verma, G. Xue, Pacp: An eﬃcient pseudonymous authentication-based con-"
38,0,0,0,0,16,9,/SUOVAD+CMR10,9.96,85.86,386.08,588.97,407.99,386.08,433.9,85.86,6.3,"ditional privacy protocol for vanets, IEEE Transactions on Intelligent Transportation Systems 12 (3) (2011) 736–746 (2011)."
38,0,0,0,0,20,9,/SUOVAD+CMR10,9.96,64.51,374.12,567.62,384.08,374.12,457.81,64.51,27.65,"[21] F. Qu, Z. Wu, F. Y. Wang, W. Cho, A security and privacy review of vanets, IEEE Transactions on"
38,0,0,0,0,10,9,/SUOVAD+CMR10,9.96,85.86,362.17,434.55,372.13,362.17,469.76,85.86,160.72,Intelligent Transportation Systems 16 (6) (2015) 2985–2996 (Dec 2015). doi:10.1109/TITS.2015.
38,0,0,0,0,14,9,/SUOVAD+CMR10,9.96,64.51,338.25,602.49,348.22,338.25,493.67,64.51,-7.22,"[22] J.-S. Li, K.-H. Liu, A lightweight identity authentication protocol for vehicular networks, Telecommu-"
38,0,0,0,0,7,9,/SUOVAD+CMR10,9.96,85.86,326.3,319.98,336.26,326.3,505.63,85.86,275.29,nication Systems 53 (4) (2013) 425–438 (2013).
38,0,0,0,0,15,9,/SUOVAD+CMR10,9.96,64.51,314.34,567.62,324.31,314.34,517.58,64.51,27.65,"[23] Z. Zhou, H. Zhang, Z. Sun, An improved privacy-aware handoﬀ authentication protocol for vanets,"
38,0,0,0,0,8,9,/SUOVAD+CMR10,9.96,85.86,302.39,409.65,312.35,302.39,529.54,85.86,185.63,Wireless Personal Communications 97 (3) (2017) 3601–3618 (2017).
38,0,0,0,0,16,9,/SUOVAD+CMR10,9.96,64.51,290.43,592.53,300.4,290.43,541.49,64.51,2.75,"[24] L. Zhang, Q. Wu, A. Solanas, J. Domingo-Ferrer, A scalable robust authentication protocol for secure"
38,0,0,0,0,12,9,/SUOVAD+CMR10,9.96,85.86,278.48,583.99,288.44,278.48,553.45,85.86,11.28,"vehicular communications, IEEE Transactions on vehicular Technology 59 (4) (2010) 1606–1617 (2010)."
38,0,0,0,0,14,9,/SUOVAD+CMR10,9.96,64.51,266.52,587.55,276.49,266.52,565.4,64.51,7.73,"[25] A. Menezes, An introduction to pairing-based cryptography, Recent trends in cryptography 477 (2009)"
38,0,0,0,0,18,9,/SUOVAD+CMR10,9.96,64.51,242.61,597.51,252.58,242.61,589.31,64.51,-2.24,"[26] V. S. Miller, Use of elliptic curves in cryptography, in: Conference on the theory and application of"
38,0,0,0,0,7,9,/SUOVAD+CMR10,9.96,85.86,230.66,394.7,240.62,230.66,601.27,85.86,200.57,"cryptographic techniques, Springer, 1985, pp. 417–426 (1985)."
38,0,0,0,0,14,9,/SUOVAD+CMR10,9.96,64.51,218.7,567.62,228.67,218.7,613.22,64.51,27.65,"[27] F. Vercauteren, Optimal pairings, IEEE Transactions on Information Theory 56 (1) (2009) 455–461"
38,0,0,0,0,15,9,/SUOVAD+CMR10,9.96,64.51,194.79,572.6,204.75,194.79,637.14,64.51,22.67,"[28] D. Boneh, X. Boyen, Short signatures without random oracles, in: International Conference on the"
38,0,0,0,0,11,9,/SUOVAD+CMR10,9.96,85.86,182.84,519.24,192.8,182.84,649.09,85.86,76.04,"Theory and Applications of Cryptographic Techniques, Springer, 2004, pp. 56–73 (2004)."
38,0,0,0,0,18,9,/SUOVAD+CMR10,9.96,64.51,170.88,562.64,180.84,170.88,661.05,64.51,32.63,"[29] L. Li, J. Liu, L. Cheng, S. Qiu, W. Wang, X. Zhang, Z. Zhang, Creditcoin: A privacy-preserving"
38,0,0,0,0,20,9,/SUOVAD+CMR10,9.96,85.86,146.97,574.03,168.89,146.97,673.0,85.86,21.25,"blockchain-based incentive announcement network for communications of smart vehicles, IEEE Transactions on Intelligent Transportation Systems 19 (7) (2018) 2204–2220 (2018)."
38,0,0,0,0,18,9,/SUOVAD+CMR10,9.96,64.51,135.02,592.53,144.98,135.02,696.91,64.51,2.75,"[30] D. A. Rivas, J. M. Barcel´ o-Ordinas, M. G. Zapata, J. D. Morillo-Pozo, Security on vanets: Privacy,"
38,0,0,0,0,19,9,/SUOVAD+CMR10,9.96,85.86,111.11,574.03,133.02,111.11,708.87,85.86,21.25,"misbehaving nodes, false information and secure data aggregation, Journal of Network and Computer Applications 34 (6) (2011) 1942–1955 (2011)."
39,0,0,0,0,15,9,/SUOVAD+CMR10,9.96,64.51,708.87,592.53,718.83,708.87,123.06,64.51,2.75,"[31] M. Wolf, T. Gendrullis, Design, implementation, and evaluation of a vehicular hardware security mod-"
39,0,0,0,0,14,9,/SUOVAD+CMR10,9.96,85.86,684.95,593.95,706.87,684.95,135.02,85.86,1.32,"ule, in: International Conference on Information Security and Cryptology, Springer, 2011, pp. 302–318 (2011)."
39,0,0,0,0,14,9,/SUOVAD+CMR10,9.96,64.51,673.0,597.51,682.96,673.0,158.93,64.51,-2.24,"[32] J. B. Kenney, Dedicated short-range communications (dsrc) standards in the united states, Proceedings"
39,0,0,0,0,8,9,/SUOVAD+CMR10,9.96,85.86,661.04,305.04,671.01,661.04,170.88,85.86,290.24,of the IEEE 99 (7) (2011) 1162–1182 (2011).
39,0,0,0,0,15,9,/SUOVAD+CMR10,9.96,64.51,649.09,597.51,659.05,649.09,182.84,64.51,-2.24,"[33] C. Boyd, A. Mathuria, Protocols for authentication and key establishment, Springer Science & Business"
39,0,0,0,0,3,9,/SUOVAD+CMR10,9.96,85.86,637.13,185.49,647.1,637.13,194.79,85.86,409.79,"Media, 2013 (2013)."
39,0,0,0,0,16,9,/SUOVAD+CMR10,9.96,64.51,625.18,557.66,635.14,625.18,206.75,64.51,37.62,"[34] M. Steiner, G. Tsudik, M. Waidner, Key agreement in dynamic peer groups, IEEE Transactions on"
39,0,0,0,0,12,9,/SUOVAD+CMR10,9.96,85.86,613.22,507.8,623.19,613.22,218.7,85.86,87.48,Parallel and Distributed Systems 11 (8) (2000) 769–780 (Aug 2000). doi:10.1109/71.877936 .
39,0,0,0,0,16,9,/SUOVAD+CMR10,9.96,64.51,601.27,607.47,611.23,601.27,230.66,64.51,-12.2,"[35] R. Canetti, H. Krawczyk, Analysis of key-exchange protocols and their use for building secure channels,"
39,0,0,0,0,7,9,/SUOVAD+CMR10,9.96,85.86,589.31,389.72,599.28,589.31,242.61,85.86,205.55,Advances in Cryptology—EUROCRYPT 2001 (2001) 453–474 (2001).
39,0,0,0,0,17,9,/SUOVAD+CMR10,9.96,64.51,577.36,572.6,587.32,577.36,254.57,64.51,22.67,"[36] J. Petit, F. Schaub, M. Feiri, F. Kargl, Pseudonym schemes in vehicular networks: A survey, IEEE"
39,0,0,0,0,9,9,/SUOVAD+CMR10,9.96,85.86,565.4,409.65,575.37,565.4,266.52,85.86,185.63,communications surveys & tutorials 17 (1) (2015) 228–255 (2015).
39,0,0,0,0,16,9,/SUOVAD+CMR10,9.96,64.51,553.45,572.6,563.41,553.45,278.48,64.51,22.67,"[37] S. S. Manvi, S. Tangade, A survey on authentication schemes in vanets for secured communication,"
39,0,0,0,0,6,9,/SUOVAD+CMR10,9.96,85.86,541.49,324.96,551.45,541.49,290.44,85.86,270.31,Vehicular Communications 9 (2017) 19–30 (2017).
39,0,0,0,0,14,9,/SUOVAD+CMR10,9.96,64.51,529.54,577.59,539.5,529.54,302.39,64.51,17.69,"[38] M. Abdalla, P.-A. Fouque, D. Pointcheval, Password-based authenticated key exchange in the three-"
39,0,0,0,0,14,9,/SUOVAD+CMR10,9.96,85.86,505.63,564.07,527.54,505.63,314.35,85.86,31.21,"party setting, in: International Workshop on Public Key Cryptography, Springer, 2005, pp. 65–84 (2005)."
39,0,0,0,0,14,9,/SUOVAD+CMR10,9.96,64.51,493.67,597.51,503.63,493.67,338.26,64.51,-2.24,"[39] M. Bellare, D. Pointcheval, P. Rogaway, Authenticated key exchange secure against dictionary attacks,"
39,0,0,0,0,16,9,/SUOVAD+CMR10,9.96,85.86,469.76,608.9,491.68,469.76,350.21,85.86,-13.62,"in: International conference on the theory and applications of cryptographic techniques, Springer, 2000, pp. 139–155 (2000)."
39,0,0,0,0,16,9,/SUOVAD+CMR10,9.96,64.51,457.81,567.62,467.77,457.81,374.12,64.51,27.65,"[40] V. Shoup, Sequences of games: a tool for taming complexity in security proofs., IACR Cryptology"
39,0,0,0,0,6,9,/SUOVAD+CMR10,9.96,85.86,445.85,280.13,455.81,445.85,386.08,85.86,315.14,ePrint Archive 2004 (2004) 332 (2004).
39,0,0,0,0,25,9,/SUOVAD+CMR10,9.96,64.51,421.94,582.57,443.86,421.94,398.03,64.51,12.71,"[41] Tamarin scripts of this paper: https://github.com/FUllSCIPTS/paper2 (2019). [42] D. Dolev, A. Yao, On the security of public key protocols, IEEE Transactions on information theory"
39,0,0,0,0,5,9,/SUOVAD+CMR10,9.96,85.86,409.99,235.3,419.95,409.99,421.94,85.86,359.98,29 (2) (1983) 198–208 (1983).
39,0,0,0,0,18,9,/SUOVAD+CMR10,9.96,64.51,398.03,592.53,407.99,398.03,433.9,64.51,2.75,"[43] S. Meier, B. Schmidt, C. Cremers, D. Basin, The tamarin prover for the symbolic analysis of security"
39,0,0,0,0,13,9,/SUOVAD+CMR10,9.96,85.86,374.12,579.01,396.04,374.12,445.85,85.86,16.27,"protocols, in: International Conference on Computer Aided Veriﬁcation, Springer, 2013, pp. 696–701 (2013)."
39,0,0,0,0,11,9,/SUOVAD+CMR10,9.96,64.51,362.17,482.94,372.13,362.17,469.76,64.51,112.33,[44] Tamarin-Prover Manual Security Protocol Analysis in the Symbolic Model (2019).
39,0,0,0,0,13,9,/SUOVAD+CMR10,9.96,64.51,338.25,577.59,348.22,338.25,493.67,64.51,17.69,"[45] G. Lowe, A hierarchy of authentication speciﬁcations, in: Computer security foundations workshop,"
39,0,0,0,0,8,9,/SUOVAD+CMR10,9.96,85.86,326.3,364.81,336.26,326.3,505.63,85.86,230.46,"1997. Proceedings., 10th, IEEE, 1997, pp. 31–43 (1997)."
39,0,0,0,0,16,9,/SUOVAD+CMR10,9.96,64.51,314.34,587.55,324.31,314.34,517.58,64.51,7.73,"[46] U. of Tsukuba, Tepla: Elliptic curve and pairing library, Tech. rep., University of Tsukuba (2013)."
39,0,0,0,0,6,9,/SUOVAD+CMR10,9.96,64.51,278.48,303.61,300.4,278.48,541.49,64.51,291.66,[47] https://pypi.org/project/pycrypto/ (2020). [48] https://pypi.org/project/tate_bilinear_pairing/ (2020).
39,0,0,0,0,4,6,/LNZLED+CMBX12,11.96,64.51,244.11,225.91,256.06,244.11,585.83,64.51,369.37,Appendix A. Security Proofs
39,0,0,0,0,7,6,/GGAXSG+CMTI12,11.96,64.51,220.7,297.64,232.65,220.7,609.24,64.51,297.64,Appendix A.1. Proof of TV2I (Theorem 1)
39,0,0,0,0,22,6,/NAUQMW+CMR12,11.96,82.07,201.47,521.1,215.22,201.47,626.67,82.07,74.18,"We deﬁned games G , and S  A wins the game G , where 0 ≤ i 4.ii is the event thati"
39,0,0,0,0,16,6,/LNZLED+CMBX12,11.96,64.51,174.37,542.86,186.32,174.37,655.57,64.51,52.42,Game G : The game speciﬁes the real-world attack against semantic security of P. After 0
39,0,0,0,0,52,6,/NAUQMW+CMR12,11.96,64.51,131.03,563.15,171.88,131.03,670.01,64.51,32.13,"collecting a polynomial number of queries to Execute (P ), Enc (P ) and Hash (P ), the adverth session), which is in the accept sary issues a Test(P) query to an arbitrary session (s.t. i state and the freshness holds. Awins the game if it can guess the bit bcorrectly. According"
40,0,0,0,0,10,6,/NAUQMW+CMR12,11.96,64.51,706.87,403.72,718.83,706.87,123.06,64.51,191.55,"to the deﬁnition of semantic security, Awins with an advantage"
40,0,0,0,1,1,6,/NAUQMW+CMR12,11.96,260.11,683.89,348.46,695.85,683.89,146.04,260.11,246.81,1SS
40,0,0,0,0,8,6,/NJVWMM+CMMI12,11.96,239.17,672.85,358.83,687.76,672.85,154.13,239.17,236.44,Adv  | Pr (S ) − |.0P =
40,0,0,0,0,17,6,/LNZLED+CMBX12,11.96,64.51,646.35,601.9,658.3,646.35,183.59,64.51,-6.63,Game G : This game proceeds identically to the previous game unless there is a collision 1
40,0,0,0,0,40,6,/NAUQMW+CMR12,11.96,64.51,617.46,535.15,643.86,617.46,198.03,64.51,60.12,"for MACs, i.e. σ . If the collision happens for σ, σ, σ  σ  σ , A can fake KDC1..5124 and53 , as the registered vehicle, KDC as the legitimate RSU , the RSU for the cipher text ( ζ),iR"
40,0,0,0,0,13,6,/NJVWMM+CMMI12,11.96,64.51,603.01,543.88,614.97,603.01,226.92,64.51,51.39,"KDC for the key conﬁrmation and KDC  for the legitimate RSU, respectively. According"
40,0,0,0,0,19,6,/NAUQMW+CMR12,11.96,64.51,588.57,552.01,600.52,588.57,241.37,64.51,43.27,"to the birthday paradox, the number of queries to the hash table ( H) needs to be at least"
40,0,0,0,0,9,6,/NAUQMW+CMR12,11.96,72.03,569.56,327.33,581.51,569.56,260.38,72.03,267.95,. We use the diﬀerence lemma to show that2
40,0,0,0,0,9,6,/NJVWMM+CMMI12,11.96,229.42,532.03,362.38,548.73,532.03,293.16,229.42,232.9,|Pr [S ] − Pr [S ] |≤10  .
40,0,0,0,0,20,6,/LNZLED+CMBX12,11.96,64.51,507.32,630.46,519.28,507.32,322.61,64.51,-35.18,Game G : This game is similar to the previous game unless there is a collision for the cipher 2
40,0,0,0,0,41,6,/NAUQMW+CMR12,11.96,64.51,476.64,580.93,504.83,476.64,337.06,64.51,14.34,"texts (  ζ ). If the collision happens for ζ ζ  E , A can force the vehicle and S &RS &R in the the RSU to decrypt ζ  ζ , respectively. According to the birthday paradox, the number S &R"
40,0,0,0,0,8,6,/NAUQMW+CMR12,11.96,64.51,462.03,263.57,477.69,462.03,364.2,64.51,331.71,Encof queries to the Emust be at least
40,0,0,0,0,7,15,/OXGNIZ+CMMI6,5.98,255.38,460.15,468.83,472.11,460.15,369.78,255.38,126.45,k . According to the diﬀerence lemma2
40,0,0,0,0,10,6,/NJVWMM+CMMI12,11.96,230.78,422.62,361.8,439.32,422.62,402.57,230.78,233.48,|Pr [S ] − Pr [S ] |≤21 k .
40,0,0,0,0,19,6,/LNZLED+CMBX12,11.96,64.51,397.91,560.89,409.87,397.91,432.02,64.51,34.38,"Game G : This game corresponds to the KKS of P , and it proceeds similarly to the 3"
40,0,0,0,0,16,6,/NAUQMW+CMR12,11.96,64.51,383.47,533.41,395.42,383.47,446.47,64.51,61.87,"previous game unless A identiﬁes the current session key, GK . In this game, A asks"
40,0,0,0,0,177,6,/NAUQMW+CMR12,11.96,64.51,222.77,632.38,380.98,222.77,460.91,64.51,-37.11,") without losing ) and Sessionkey reveal(PSessionstatereveal (PVehicle,RSUVehicle,RSUii the freshness of the session. That is, the queries are issued to the remaining sessions except th session to acquire session-speciﬁc random values (the iS, Rand r ) and session key (GK). Despite possessing the remaining session secrets and session keys, Arequires either S or R th session to know theth session key. Otherwise,of the i i A needs the long-term secret ϵand K , and the session-speciﬁc secret λ to construct the key. The advantage of Ain attaining c either S or R is max(Adv , 1 ) since both the values can be identiﬁed by knowing the long- skm2 term secrets ( L  L ) or replacing S and R  by a random number, which is drawn VK andRSU randomly from an uniform distribution. The advantage of Afor attaining the λ, K  ϵc and , Adv  Adv , respectively. Alternatively, Acan acquire ϵ by feeding Y = ϵ Pare 1sk andskm2 to an ECDLP solver. The solver outputs ϵ with an advantage of Adv  KECDLP . Similarly,"
40,0,0,0,0,9,6,/NAUQMW+CMR12,11.96,64.51,208.88,352.48,224.54,208.88,617.35,64.51,242.8,enccan be acquired by querying Ewith the advantage of
40,0,0,0,0,10,6,/NAUQMW+CMR12,11.96,223.75,207.0,546.16,220.83,207.0,621.06,223.75,49.11,q  A in this l . The total advantage of
40,0,0,0,0,9,6,/NAUQMW+CMR12,11.96,64.51,194.43,423.17,206.39,194.43,635.5,64.51,172.11,game is the maximum probability in the following advantages:
40,0,0,0,0,12,6,/NAUQMW+CMR12,11.96,84.45,144.73,493.63,161.43,144.73,680.46,84.45,101.65,"),( 1  Adv ),(Adv  q }.|Pr[S] −Pr[S] |≤max{max(Adv, 1skECDLP +32skmm +k )"
40,0,0,0,0,3,6,/NAUQMW+CMR12,11.96,281.47,141.27,465.84,153.23,141.27,688.66,281.47,129.43,2 2 2
40,0,0,0,0,17,6,/LNZLED+CMBX12,11.96,64.51,120.02,549.03,131.97,120.02,709.92,64.51,46.25,"Game G : This game presents the anonymity and the unlinkability of the P, which diﬀers 4"
40,0,0,0,0,16,6,/NAUQMW+CMR12,11.96,64.51,105.57,539.39,117.53,105.57,724.36,64.51,55.89,"by the fact that A traces the vehicle and links its communication. In this game, Aasks"
41,0,0,0,0,15,6,/NJVWMM+CMMI12,11.96,64.51,703.41,543.18,718.7,703.41,123.19,64.51,52.1,"Session − state reveal(P Vehicle,RSU ) without losing the freshness of the session to acquire"
41,0,0,0,0,47,6,/NAUQMW+CMR12,11.96,64.51,662.1,559.72,707.28,662.1,134.61,64.51,35.56,"th session values. That is,the session-speciﬁc random values except the i Aissues the query to acquire r and λ of the remaining sessions. Although Aholds r of the remaining sessions, th session to compute SID and link its communication. Given it requires GK of the ( i1)"
41,0,0,0,0,59,6,/NAUQMW+CMR12,11.96,64.51,602.69,546.94,657.98,602.69,183.91,64.51,48.34,"the Session statereveal (P Vehicle,RSU ) query, the remaining session keys can be computed by knowing K  ϵ . K  Adv , and ϵ can be replaced c andc can be replaced with the advantagesk in two ways: with the advantage Adv  Adv  A in this game sk andECDLP . The advantage of according to the diﬀerence lemma is"
41,0,0,0,0,13,6,/NJVWMM+CMMI12,11.96,183.72,560.05,375.06,573.8,560.05,268.09,183.72,220.21,|Pr [S ] − Pr [S ] |≤ Adv  Adv43sk + ECDLP .
41,0,0,0,0,18,6,/NAUQMW+CMR12,11.96,64.51,535.44,545.74,547.4,535.44,294.49,64.51,49.53,Game G : This game presents the PFS of Pand diﬀers from the previous game if Aidenti- 5
41,0,0,0,0,3,13,/FUDOLA+CMR8,7.97,148.44,525.33,422.19,539.06,525.33,302.83,148.44,173.08,(i) (i)th session.
41,0,0,0,0,17,6,/NAUQMW+CMR12,11.96,64.51,520.99,550.2,532.95,520.99,308.94,64.51,45.08,ﬁes GK of the i  A asks Corrupt (P ) and Corrupt (P ) to acquire RSUVehicle
41,0,0,0,0,16,15,/MDCGGI+CMR6,5.98,64.51,502.77,557.12,516.51,502.77,325.38,64.51,38.16,"the long-term secrects of the vehicle and the RSUs ( L L , respectively). VK andRSU(i1),i,(i+1)"
41,0,0,0,0,34,6,/NAUQMW+CMR12,11.96,64.51,475.67,632.38,502.07,475.67,339.82,64.51,-37.11,"As the freshness should not be violated, the queries are asked after the expiry of the session at the vehicle and the RSUs. The expiry of the session is achieved by executing the remover"
41,0,0,0,0,17,6,/NAUQMW+CMR12,11.96,64.51,461.22,539.47,473.18,461.22,368.71,64.51,55.81,"query Remover (P ) at the vehicle and the RSUs. Aneeds either S or R , Vehicle,RSU"
41,0,0,0,0,12,6,/NAUQMW+CMR12,11.96,64.51,443.79,537.12,460.08,443.79,381.81,64.51,58.16,th session andor λ of the i ϵ  and K  A can
41,0,0,0,0,8,13,/VYYMPD+CMMI8,7.97,248.05,442.0,523.02,453.95,442.0,387.94,248.05,72.26,"c to acquire and compute the key, respectively."
41,0,0,0,0,15,6,/NAUQMW+CMR12,11.96,64.51,429.21,524.42,441.3,429.21,400.59,64.51,70.86,". Alternatively, Acan query Ereplace either S or Rby a random number with advantage 1m2"
41,0,0,0,0,13,6,/NAUQMW+CMR12,11.96,64.51,411.15,532.6,426.81,411.15,415.08,64.51,62.67,Encto acquire the key with advantage A can replace λ by a random
41,0,0,0,0,6,15,/OXGNIZ+CMMI6,5.98,248.66,409.27,384.41,421.22,409.27,420.67,248.66,210.87,"k . To compute the key,2"
41,0,0,0,0,35,6,/NAUQMW+CMR12,11.96,64.51,380.46,551.95,408.66,380.46,433.23,64.51,43.32,number chosen from a uniform distribution with advantage 1. ϵ and K c can be acquired m2 with the advantage Adv  Adv . The advantage of A in this game is the maximum ECDLP andsk
41,0,0,0,0,17,6,/NAUQMW+CMR12,11.96,64.51,363.98,512.89,377.81,363.98,464.08,64.51,82.39,1 + Adv + Advprobability in one of the three advantages: 1sk ECDLP . Applying mmk and
41,0,0,0,0,5,6,/NAUQMW+CMR12,11.96,64.51,351.41,225.91,363.37,351.41,478.52,64.51,369.37,"the diﬀerence lemma, we get"
41,0,0,0,0,20,6,/NJVWMM+CMMI12,11.96,121.84,313.83,456.23,330.53,313.83,511.36,121.84,139.05,"|Pr [S ] − Pr [S ] |≤ max { ,q ( 1  Adv  Adv }.54sk +ECDLP )mk ,m +"
41,0,0,0,0,3,6,/NAUQMW+CMR12,11.96,257.73,310.37,318.52,322.33,310.37,519.56,257.73,276.75,2 2 2
41,0,0,0,0,18,6,/NAUQMW+CMR12,11.96,64.51,287.33,500.29,301.07,287.33,540.82,64.51,94.98,"The game G  A in winning the event S5 is the ﬁnal one, where the probability of5 is,"
41,0,0,0,0,5,6,/NJVWMM+CMMI12,11.96,269.04,258.05,328.88,270.01,258.05,571.88,269.04,266.39,Pr [S ] = 15
41,0,0,0,0,6,6,/NAUQMW+CMR12,11.96,82.07,228.6,309.22,240.55,228.6,601.34,82.07,286.06,"By the triangular inequality, we have:"
41,0,0,0,0,24,6,/NAUQMW+CMR12,11.96,144.41,202.2,439.64,214.15,202.2,627.74,144.41,155.64,|Pr [S ] − Pr [S ] |= |Pr [S ] − Pr [S ] + Pr [S ] − Pr [S ] 050112
41,0,0,0,0,17,6,/NAUQMW+CMR12,11.96,245.36,184.76,439.64,196.72,184.76,645.17,245.36,155.64,+ Pr [S ] − Pr [S ] + Pr [S ] − Pr [S ] 2334
41,0,0,0,0,10,6,/NAUQMW+CMR12,11.96,330.84,167.33,435.65,179.28,167.33,662.61,330.84,159.62,+ Pr [S ] − Pr [S ] | 45
41,0,0,0,0,35,6,/NAUQMW+CMR12,11.96,204.85,132.46,427.81,161.85,132.46,680.04,204.85,167.47,≤| Pr [S ] − Pr [S ] |+ | Pr [S ] − Pr [S ] |+0112 |Pr [S ] − Pr [S ] |+ | Pr [S ] − Pr [S ] |+2334
41,0,0,0,0,8,6,/NJVWMM+CMMI12,11.96,330.06,115.02,433.66,126.98,115.02,714.91,330.06,161.61,|Pr [S ] − Pr [S ] |.45
42,0,0,0,0,3,6,/NAUQMW+CMR12,11.96,82.07,706.87,171.74,718.83,706.87,123.06,82.07,423.54,This means that
42,0,0,0,0,5,6,/NJVWMM+CMMI12,11.96,207.97,690.08,396.01,702.04,690.08,139.85,207.97,199.27,. |Pr[S] −Pr[S] |=|Pr[S] −050
42,0,0,0,0,6,6,/NJVWMM+CMMI12,11.96,111.36,640.15,243.96,656.85,640.15,185.04,111.36,351.31,qAdv  qP ≤ + k +
42,0,0,0,0,15,6,/NAUQMW+CMR12,11.96,173.22,610.4,478.13,627.1,610.4,214.79,173.22,117.15,"max {max( Adv , 1 ),( 1  Adv ),(Adv  q } +skskECDLP +mm +k )"
42,0,0,0,0,3,6,/NAUQMW+CMR12,11.96,263.32,606.94,447.69,618.9,606.94,222.99,263.32,147.59,2 2 2
42,0,0,0,0,5,6,/NJVWMM+CMMI12,11.96,173.22,592.86,257.64,606.61,592.86,235.28,173.22,337.64,Adv  Advsk + ECDLP +
42,0,0,0,0,10,6,/NJVWMM+CMMI12,11.96,173.22,566.57,400.68,583.27,566.57,258.62,173.22,194.6,",q ( 1  Adv  Adv }.max{sk +ECDLP )mk ,m +"
42,0,0,0,0,3,6,/NAUQMW+CMR12,11.96,202.18,563.12,262.97,575.07,563.12,266.82,202.18,332.31,2 2 2
42,0,0,0,0,5,6,/NAUQMW+CMR12,11.96,64.51,541.86,213.95,553.82,541.86,288.07,64.51,381.32,This concludes our proof. 2
42,0,0,0,0,6,6,/GGAXSG+CMTI12,11.96,64.51,509.79,303.62,521.75,509.79,320.14,64.51,291.66,Appendix A.2. Correctness Proof of KV2VP
42,0,0,0,0,18,6,/NAUQMW+CMR12,11.96,82.07,492.36,584.19,504.31,492.36,337.58,82.07,11.09,We present the correctness proof of Step 6 and Step 11 in KV2VP. The step 6 is pre-
42,0,0,0,0,5,6,/NAUQMW+CMR12,11.96,64.51,477.91,219.93,489.87,477.91,352.02,64.51,375.35,sented in the lemma below.
42,0,0,0,0,23,6,/NJVWMM+CMMI12,11.96,82.07,431.46,548.62,460.97,431.46,380.92,82.07,46.65,"Proof of Step 6 (Lemma 2): e (Cert ,PKV ∗  t .Y) e(P,Q ). It follows:dAliceAlice + t Y ),PKV ∗e(Certd ·Alice +Alice"
42,0,0,0,0,14,6,/NJVWMM+CMMI12,11.96,135.33,399.77,474.65,414.68,399.77,427.21,135.33,120.63,"e ( 1 P,H (x ID ) Q + t δQ )d ·A ∥"
42,0,0,0,0,8,6,/NJVWMM+CMMI12,11.96,181.71,391.28,294.94,406.48,391.28,435.41,181.71,300.33,H (x ID ) + δt dA ∥
42,0,0,0,0,11,6,/NJVWMM+CMMI12,11.96,135.33,368.55,458.34,383.46,368.55,458.43,135.33,136.94,"e ( 1 .P,(H (x ID ) + t .δ).Q)dA ∥"
42,0,0,0,0,8,6,/NJVWMM+CMMI12,11.96,181.71,360.06,294.94,375.26,360.06,466.63,181.71,300.33,H (x ID ) + δt dA ∥
42,0,0,0,0,6,15,/OXGNIZ+CMMI6,5.98,208.65,356.76,271.02,362.73,356.76,479.16,208.65,324.25,H (x ID ) + δtd
42,0,0,0,0,4,15,/OXGNIZ+CMMI6,5.98,208.65,348.1,271.02,354.08,348.1,487.81,208.65,324.25,ID ) + δtdH(x
42,0,0,0,0,5,6,/NJVWMM+CMMI12,11.96,135.33,320.22,225.11,350.89,320.22,491.0,135.33,370.17,"A e(P,Q) e (P,Q )."
42,0,0,0,0,4,6,/NAUQMW+CMR12,11.96,64.51,293.82,160.15,305.77,293.82,536.12,64.51,435.12,Hence the proof. 2
42,0,0,0,0,5,6,/GGAXSG+CMTI12,11.96,64.51,252.97,231.88,264.93,252.97,576.96,64.51,363.39,Appendix A.3. Proof of KV2VP
42,0,0,0,0,29,6,/NAUQMW+CMR12,11.96,64.51,221.09,530.91,247.49,221.09,594.4,64.51,64.36,"Proof of Theorem 3: We deﬁned games  G , such that i ∈ [0,5]. S  Aii is the event that wins the game G , where i = 0,1,2,3,4,5.i"
42,0,0,0,0,17,6,/LNZLED+CMBX12,11.96,64.51,192.2,561.67,204.15,192.2,637.74,64.51,33.61,Game G : The actual attack against the semantic security of Pis presented in this game. 0
42,0,0,0,0,62,6,/NAUQMW+CMR12,11.96,64.51,134.41,588.16,189.71,134.41,652.18,64.51,7.12,"After collecting a polynomial number of queries to Execute (P ), Enc (P ) and Hash (P ), the adversary issues a Test (P ) query to an arbitrary session which is in the accept state and the freshness holds. Awins the game if it can guess the bit b accurately. According to the deﬁnition of semantic security, Awins with an advantage"
42,0,0,0,1,1,6,/NAUQMW+CMR12,11.96,260.11,111.27,348.46,123.22,111.27,718.67,260.11,246.81,1SS
42,0,0,0,0,8,6,/NJVWMM+CMMI12,11.96,239.17,100.22,358.83,115.14,100.22,726.75,239.17,236.44,Adv  | Pr (S ) − |.0P =
43,0,0,0,0,19,6,/LNZLED+CMBX12,11.96,64.51,706.87,601.66,718.83,706.87,123.06,64.51,-6.39,"Game G : This game is similar to the previous game unless there is a collision for MACs, 1"
43,0,0,0,0,59,6,/NAUQMW+CMR12,11.96,64.51,663.53,608.47,704.38,663.53,137.51,64.51,-13.2,"i.e. σ , σ  σ . If there is a collision for σ, σ σ , A can forge Bob as an Alice for 12 and312 and3 the possession of the past session key, forge Alice as Bob for having the same session key and forge Bob for the key conﬁrmation. According to the birthday paradox, the number of"
43,0,0,0,0,10,6,/NAUQMW+CMR12,11.96,64.51,647.07,325.88,662.73,647.07,179.16,64.51,269.39,hashqueries to the hash table Hneed to be at least
43,0,0,0,0,9,6,/NAUQMW+CMR12,11.96,316.47,645.19,547.86,657.15,645.19,184.74,316.47,47.42,. We use the diﬀerence lemma to show 2
43,0,0,0,0,9,6,/NJVWMM+CMMI12,11.96,229.42,609.32,362.38,626.02,609.32,215.87,229.42,232.9,|Pr [S ] − Pr [S ] |≤10  .
43,0,0,0,0,18,6,/LNZLED+CMBX12,11.96,64.51,590.09,578.2,602.05,590.09,239.84,64.51,17.07,Game G : This game and the previous game are identical. This game diﬀers by the fact 2
43,0,0,0,0,16,6,/NAUQMW+CMR12,11.96,64.51,575.64,558.94,587.6,575.64,254.29,64.51,36.33,"that A tries to replace the ciper text, {GK,λ,ver gk }. As the encryption algorithm holds"
43,0,0,0,0,13,6,/NAUQMW+CMR12,11.96,64.51,558.23,565.75,573.89,558.23,268.0,64.51,29.52,"Enc  E according to the birthday paradox. As per IND-CPA, Aneeds at least"
43,0,0,0,0,4,15,/OXGNIZ+CMMI6,5.98,212.81,556.35,306.7,568.3,556.35,273.59,212.81,288.57,k queries to the2
43,0,0,0,0,10,6,/NAUQMW+CMR12,11.96,64.51,543.78,369.88,555.74,543.78,286.15,64.51,225.4,"the diﬀerence lemma, the advantage of Ain this game is"
43,0,0,0,0,10,6,/NJVWMM+CMMI12,11.96,230.78,506.03,361.8,522.73,506.03,319.16,230.78,233.48,|Pr [S ] − Pr [S ] |≤21 k .
43,0,0,0,0,17,6,/LNZLED+CMBX12,11.96,64.51,486.8,549.31,498.76,486.8,343.13,64.51,45.96,Game G : This game is identical to the previous game and presents the KKS. Autilises 3
43,0,0,0,0,4,13,/FUDOLA+CMR8,7.97,258.17,482.45,462.91,490.42,482.45,351.47,258.17,132.37,( i) ( i)
43,0,0,0,0,88,6,/NAUQMW+CMR12,11.96,64.51,398.82,626.41,484.31,398.82,357.58,64.51,-31.13,"the queries: Session state reveal(P ) and Session key reveal(P ) without Alice,BobAlice,Bob th session. Despite having remaining session keys and secrets violating the freshness of the i th session, which is chosen at random for of the other sessions, Arequires a and λ of the i every session and, the long-term secrets x, x , δ and K  GK . But A does not ABc to know need all the secrets at a stretch. The need for the diﬀerent combinations of secrets leads to the following cases."
43,0,0,0,0,23,6,/NJVWMM+CMMI12,11.96,82.07,382.59,541.93,396.33,382.59,445.56,82.07,53.35,Case i: A needs either the product a H (x  ∥ ID ) or H (x  ∥ ID ) alone A ∥B ∥
43,0,0,0,0,49,6,/NJVWMM+CMMI12,11.96,64.51,353.69,530.77,381.89,353.69,460.0,64.51,64.5,"to get GK . That is, knowing a  · H (x  δ ∥ ID ) or H (x  δ ∥ ID ), SK can be A ∥B ∥ computed. a H (x ID ) or H (x ID ) can be obtained if Aemploys an ECDLP A ∥B ∥"
43,0,0,0,0,53,6,/NAUQMW+CMR12,11.96,64.51,310.36,549.48,353.0,310.36,488.89,64.51,45.8,"solver by feeding PKV  PKV , respectively. Alternatively, H(x  ∥ ID ) orA ∥Alice(i) orBob(i) H (x ID ) can be obtained if Aqueries H . a can be replaced with a random number. B ∥ The advantage of A for employing the solver is Adv  H isECDLP , the advantage for quering"
43,0,0,0,0,8,6,/OXGNIZ+CMMI6,11.96,69.49,295.68,444.91,311.35,295.68,530.54,69.49,150.36,hash  A in replacing the random number is
43,0,0,0,0,10,6,/NAUQMW+CMR12,11.96,76.62,293.81,548.39,307.64,293.81,534.25,76.62,46.89,"1 . Therefore, the ml . The advantage gained by"
43,0,0,0,0,6,6,/OXGNIZ+CMMI6,11.96,64.51,277.4,257.69,293.06,277.4,548.83,64.51,337.58,hash hashtotal advantage of Ais max(
43,0,0,0,0,6,6,/OXGNIZ+CMMI6,11.96,224.75,275.52,337.4,289.35,275.52,552.54,224.75,257.87,"1 ,Adv ECDLP ).ml ,l +"
43,0,0,0,0,17,6,/BNDSAH+CMSY10,11.96,82.07,262.95,542.51,274.9,262.95,566.99,82.07,52.76,Case ii: A can convince Bob for the validity of its certiﬁcate (Step 6) if Asolves ECq-
43,0,0,0,0,43,6,/NAUQMW+CMR12,11.96,64.51,217.82,542.49,260.46,217.82,581.43,64.51,52.78,"SDHP. A can inject its own public key by forging Cert . Similarly, A can convince Alice(i) Alice. To solve ECq-SDHP, A deploys an ECq-SDHP solver by feeding Cert . The Alice(i1) advantage of A in the solving is Adv ECq SDHP ."
43,0,0,0,0,16,6,/NAUQMW+CMR12,11.96,82.07,205.17,538.63,217.12,205.17,624.77,82.07,56.65,"Case iii: A can compute SK  if it solves ECDHP. For solving ECDHP, A employs a"
43,0,0,0,0,18,13,/NAUQMW+CMR12,7.97,64.51,187.17,543.25,202.68,187.17,639.21,64.51,52.03,solver and gives a PKV ∗  PKV ∗ . The advantage of A for the employment isAlice(i) andBob(i)
43,0,0,0,0,3,6,/NJVWMM+CMMI12,11.96,64.51,174.48,104.95,188.23,174.48,653.66,64.51,490.32,Adv ECDHP .
43,0,0,0,0,18,6,/NJVWMM+CMMI12,11.96,82.07,161.83,547.79,173.78,161.83,668.11,82.07,47.48,"Case iv: A can acquire GK if it breaks IND-CPA for {λ,ver ,GK }SK . For breaking gk"
43,0,0,0,0,12,6,/NAUQMW+CMR12,11.96,64.51,144.41,545.34,160.07,144.41,681.82,64.51,49.93,"Enc  E  as per the birthday paradox. the indistinguishability, Aneeds at least"
43,0,0,0,0,3,15,/OXGNIZ+CMMI6,5.98,289.79,142.53,359.77,154.49,142.53,687.4,289.79,235.5,k queries to2
43,0,0,0,0,9,6,/NAUQMW+CMR12,11.96,64.51,126.19,488.5,141.85,126.19,700.04,64.51,106.78,"Enc  A in G .Therefore, the advantage of Ais"
43,0,0,0,0,9,13,/FUDOLA+CMR8,7.97,239.28,124.34,481.78,136.35,124.34,705.54,239.28,113.5,"2m , which is equal to the advantage of2"
43,0,0,0,0,19,6,/NAUQMW+CMR12,11.96,82.07,111.74,539.39,128.04,111.74,713.85,82.07,55.89,"if it knows th sessionCase v: Acan construct GK i λ , K  δ . λ can be replaced"
44,0,0,0,0,36,6,/NAUQMW+CMR12,11.96,64.51,692.29,562.15,718.83,692.29,123.06,64.51,33.13,. K  δ  can be replaced by a random number that is drawn from the with advantage 1c andm2 uniform distribution with advantage Adv . The total advantage of Ais ( 1 + Adv ). skskm2
44,0,0,0,0,18,6,/NAUQMW+CMR12,11.96,82.07,677.98,587.68,689.94,677.98,151.95,82.07,7.6,The net advantage of A in this game is the maximum probability in any one of the above
44,0,0,0,0,9,6,/NAUQMW+CMR12,11.96,64.51,663.53,339.48,675.49,663.53,166.4,64.51,255.79,cases. We use the diﬀerence lemma to show that
44,0,0,0,0,18,6,/NJVWMM+CMMI12,11.96,127.14,613.83,454.92,630.53,613.83,211.36,127.14,140.35,"|Pr [S ] − Pr [S ] |≤ max {max { ,Adv , 32ECDLP }l ,ql + 1m"
44,0,0,0,0,3,6,/NAUQMW+CMR12,11.96,298.23,610.37,368.93,622.33,610.37,219.56,298.23,226.34,2 2 2
44,0,0,0,0,8,6,/NJVWMM+CMMI12,11.96,206.15,584.08,450.94,600.78,584.08,241.11,206.15,144.34,"Adv  1  Adv }}.ECqSDHP ,AdvECDHP ,qskm ,m +"
44,0,0,0,0,19,6,/NAUQMW+CMR12,11.96,64.51,559.37,578.83,571.33,559.37,270.56,64.51,16.45,Game G : This game resembles G . A needs the secrets to identify either Alice or Bob 43
44,0,0,0,0,81,6,/NAUQMW+CMR12,11.96,64.51,471.39,574.31,556.88,471.39,285.01,64.51,20.97,"and link their communication. Aissues Session statereveal (P ) without losing the Alice,Bob th session. That is,freshness of the i A issues the query to remaining sessions to acquire a th session. Althoughand λof all the sessions except the i A holds the session-speciﬁc secrets th session to violate anonymity of various sessions, it requires δ and x of any session and i and unlinkability. The requirement gives two cases: Acan target either Alice or Bob, or it can target both."
44,0,0,0,0,15,6,/NAUQMW+CMR12,11.96,82.07,456.95,553.37,473.24,456.95,368.65,82.07,41.91,( i)Case (i) : Aissues Session −state reveal(P) to either Alice or Bob and gets
44,0,0,0,0,84,6,/NAUQMW+CMR12,11.96,64.51,384.72,608.47,454.46,384.72,387.43,64.51,-13.2,"remaining session-speciﬁc secrets. In particular, if Alice is targeted, then the remaining session-speciﬁc secret a can be acquired. If Bob is targeted, then the secret λ can be acquired by A . But A can trace neither Alice nor Bob by knowing λand a . To trace either Alice or Bob, δ is mandatory for A , which can be replaced with advantage Adv , and x of sk th session and remaining session that can be replaced with advantage2the i Adv. The total"
44,0,0,0,0,6,6,/NAUQMW+CMR12,11.96,64.51,370.27,237.84,386.57,370.27,455.32,64.51,357.43,2advantage of Ais Adv  Adv .
44,0,0,0,0,14,6,/NAUQMW+CMR12,11.96,82.07,355.83,543.4,372.12,355.83,469.77,82.07,51.87,( i)Case (ii) : Aissues Sessionstatereveal (P) to both Alice and Bob. As Atargets
44,0,0,0,0,53,6,/NAUQMW+CMR12,11.96,64.51,312.49,571.71,357.68,312.49,484.21,64.51,23.57,"th session and remaining session for both Alice and both Alice and Bob, it requires xof the i Bob. δ  can be acquired with advantage Adv , and the long-term secrets of Alice and Bob sk 2 2can be replaced with advantage 2 ·Adv. The total advantage of Ais 2 ·Adv  Adv ."
44,0,0,0,0,14,6,/NAUQMW+CMR12,11.96,64.51,298.04,472.06,310.0,298.04,531.89,64.51,123.22,We use the diﬀerence lemma to present the total advantage of Ain this game
44,0,0,0,0,16,6,/NJVWMM+CMMI12,11.96,191.3,266.2,406.7,281.11,266.2,560.78,191.3,188.57,|Pr [S ] − Pr [S ] |≤ 3 · Adv  · Adv .43sksk + 2
44,0,0,0,0,19,6,/NAUQMW+CMR12,11.96,64.51,246.6,533.4,258.56,246.6,583.33,64.51,61.88,Game G : This game presents the PFS of P . A  can ask either Corrupt (P ) or5Alice
44,0,0,0,0,32,6,/NAUQMW+CMR12,11.96,64.51,215.74,579.42,242.15,215.74,599.74,64.51,15.86,") for obtaining the long-term secrects, namely x xCorrupt(PA of Alice and B of Bob. Bob The condition for issuing the queries is that Ashould not violate the freshness of the ses-"
44,0,0,0,0,31,6,/NAUQMW+CMR12,11.96,64.51,186.85,563.61,213.25,186.85,628.64,64.51,31.67,") is executed to expire ) is executed by A, then Remover(Psion. That is, if Corrupt(PBobAlice th session.Bob and vice-versa. This means that Acan ﬁnd a matching partner for the i"
44,0,0,0,0,19,6,/NAUQMW+CMR12,11.96,82.07,172.41,553.55,184.36,172.41,657.53,82.07,41.73,Case ( i) : A issues Corrupt (P ) and obtains x . Though A acquires the long-term AAlice
44,0,0,0,0,17,6,/NJVWMM+CMMI12,11.96,64.51,157.96,530.3,174.25,157.96,667.64,64.51,64.98,"th session because thsecrect, it can not obtain the key of i Aneeds aH(x ∥ID) of i"
44,0,0,0,1,2,13,/VYYMPD+CMMI8,7.97,438.45,154.94,450.4,166.9,154.94,674.99,438.45,144.87,A ∥
44,0,0,0,0,22,6,/NJVWMM+CMMI12,11.96,64.51,140.49,538.9,155.47,140.49,686.42,64.51,56.38,session to compute SK . The adversary can get a H (x ID ) if it solves ECDLP . To A ∥
44,0,0,0,0,16,6,/NAUQMW+CMR12,11.96,64.51,129.07,544.14,141.02,129.07,700.87,64.51,51.14,"solve ECDLP , A employs an ECDLP solver, and it feeds a.PKV . The solver ouputsAlice(i)"
44,0,0,0,0,12,6,/NJVWMM+CMMI12,11.96,64.51,111.6,285.82,126.58,111.6,715.31,64.51,309.46,a H (x ID ) with advantage Adv ECDLP . A ∥
45,0,0,0,0,22,6,/NAUQMW+CMR12,11.96,82.07,706.74,549.09,718.7,706.74,123.19,82.07,46.19,"Case ( ii) : A issues Corrupt (P ) to obtain x . Though A acquires x , it can not BBBob"
45,0,0,0,0,20,6,/NAUQMW+CMR12,11.96,64.51,692.29,539.1,708.59,692.29,133.3,64.51,56.18,th session becauseobtain the key of i A needs H (x  ∥ ID ). H (x  ∥ ID ) can
45,0,0,0,1,4,13,/VYYMPD+CMMI8,7.97,334.62,689.27,450.57,701.23,689.27,140.66,334.62,144.7,B ∥ B ∥
45,0,0,0,0,17,6,/NAUQMW+CMR12,11.96,64.51,677.85,544.58,689.8,677.85,152.09,64.51,50.69,be attained by A in two ways: solving ECDLP and querying H . The advantage in the
45,0,0,0,0,9,6,/NAUQMW+CMR12,11.96,64.51,661.38,540.83,677.04,661.38,164.85,64.51,54.45,hash  A is solving and the querying are Adv
45,0,0,0,0,8,13,/NAUQMW+CMR12,7.97,236.2,659.5,523.88,671.54,659.5,170.35,236.2,71.4,"ECDLP and l , correspondingly. The advantage of2"
45,0,0,0,0,3,6,/NAUQMW+CMR12,11.96,64.51,643.09,538.94,658.76,643.09,183.13,64.51,56.33,hashmax(  A in
45,0,0,0,0,12,13,/VYYMPD+CMMI8,7.97,98.72,641.21,504.12,653.26,641.21,188.63,98.72,91.16,"ECDLP ). According to the diﬀerence lemma, the advantage gained byl ,Adv2"
45,0,0,0,0,3,6,/NAUQMW+CMR12,11.96,64.51,628.65,136.24,640.6,628.65,201.29,64.51,459.03,this game is
45,0,0,0,0,16,6,/NAUQMW+CMR12,11.96,125.18,591.06,450.17,607.76,591.06,234.13,125.18,145.11,"|Pr [S ] − Pr [S ] |≤ max {Adv max(  Adv }54ECDLP ,ECDLP )l +"
45,0,0,0,0,3,6,/NJVWMM+CMMI12,11.96,267.41,558.87,330.59,570.82,558.87,271.07,267.41,264.69,.Pr[S] = 15
45,0,0,0,0,18,6,/NAUQMW+CMR12,11.96,82.07,533.21,553.16,545.31,533.21,296.58,82.07,42.12,It is apparent that the winning probability of Ain the last game is 1. By the triangular 2
45,0,0,0,0,3,6,/NAUQMW+CMR12,11.96,64.51,518.9,184.06,530.86,518.9,311.03,64.51,411.21,"inequality, we have:"
45,0,0,0,0,24,6,/NAUQMW+CMR12,11.96,144.41,492.5,439.64,504.46,492.5,337.43,144.41,155.64,|Pr [S ] − Pr [S ] |= |Pr [S ] − Pr [S ] + Pr [S ] − Pr [S ] 050112
45,0,0,0,0,17,6,/NAUQMW+CMR12,11.96,245.36,475.07,439.64,487.02,475.07,354.87,245.36,155.64,+ Pr [S ] − Pr [S ] + Pr [S ] − Pr [S ] 2334
45,0,0,0,0,10,6,/NAUQMW+CMR12,11.96,330.84,457.63,435.65,469.59,457.63,372.3,330.84,159.62,+ Pr [S ] − Pr [S ] | 45
45,0,0,0,0,35,6,/NAUQMW+CMR12,11.96,204.85,422.76,427.81,452.15,422.76,389.74,204.85,167.47,≤| Pr [S ] − Pr [S ] |+ | Pr [S ] − Pr [S ] |+0112 |Pr [S ] − Pr [S ] |+ | Pr [S ] − Pr [S ] |+2334
45,0,0,0,0,8,6,/NJVWMM+CMMI12,11.96,330.06,405.33,433.66,417.28,405.33,424.61,330.06,161.61,|Pr [S ] − Pr [S ] |.45
45,0,0,0,0,3,6,/NAUQMW+CMR12,11.96,64.51,378.93,154.18,390.88,378.93,451.01,64.51,441.1,This means that
45,0,0,0,0,6,6,/NJVWMM+CMMI12,11.96,90.7,343.67,223.3,360.37,343.67,481.52,90.7,371.98,qAdv qP ≤ + k +
45,0,0,0,0,14,6,/NJVWMM+CMMI12,11.96,152.56,313.92,484.21,330.62,313.92,511.27,152.56,111.07,"max {max { ,Adv ,AdvECDLP } ECq SDHP ,Adv ECDHP ,  ,q + 1m"
45,0,0,0,0,3,6,/NAUQMW+CMR12,11.96,216.31,310.47,287.43,322.42,310.47,519.47,216.31,307.85,2 2 2
45,0,0,0,0,9,6,/NAUQMW+CMR12,11.96,157.41,280.72,268.11,300.87,280.72,541.02,157.41,327.16,"1  Adv }} + skm ,m + 2 2"
45,0,0,0,0,13,6,/NAUQMW+CMR12,11.96,152.56,254.42,493.51,271.12,254.42,570.76,152.56,101.77,"3 · Adv  Adv }. ·Adv{Advmax(ECDLP )sk + maxECDLP ,sk + 2 +"
45,0,0,0,0,5,6,/NAUQMW+CMR12,11.96,64.51,229.72,213.95,241.67,229.72,600.22,64.51,381.32,This concludes our proof. 2
46,0,0,0,0,4,8,/IIRSXF+ArialUnicodeMS,10.0,5.0,819.92,155.0,829.92,819.92,12.0,5.0,440.32,Conflict of Interest Statement
46,0,0,0,0,3,3,/CIDFont+F1,15.57,116.8,462.35,358.2,477.92,462.35,364.0,116.8,237.12,Author’s name      Affiliation
46,0,0,0,0,11,3,/CIDFont+F1,15.57,186.88,426.51,802.05,442.08,426.51,399.84,186.88,-206.73,indirect financial interest in the subject matter discussed in the manuscript:
46,0,0,0,0,11,3,/CIDFont+F4,15.57,163.52,408.75,778.69,424.32,408.75,417.6,163.52,-183.37,o   The following authors have affiliations with organizations with direct or
46,0,0,0,0,76,3,/CIDFont+F1,15.57,186.88,229.55,841.04,388.48,229.55,453.44,186.88,-245.72,"financial interest in the subject matter discussed in the manuscript The authors have no affiliation with any organization with a direct or indirect journal or other publishing venue. This manuscript has not been submitted to, nor is under review at, another important intellectual content; and (c) approval of the final version. interpretation of the data; (b) drafting the article or revising it critically for All authors have participated in (a) conception and design, or analysis and"
46,0,0,0,0,13,3,/CIDFont+F1,15.57,116.8,140.11,537.3,191.36,140.11,650.56,116.8,58.02,Please check the following as appropriate: Conflict of Interest and Authorship Conformation Form
