page_number,is_bold,is_italic,is_underline,is_all_caps,word_count,norm_font_size,font,font_size,x0,y0,x1,y1,space_above,space_below,space_left,space_right,text
1,0,0,0,0,21,10,/NAYGWR+FormataOTF-Reg,6.97,36.17,706.34,433.69,713.31,706.34,69.62,36.17,142.31,"Received 22 April 2024, accepted 9 May 2024, date of publication 13 May 2024, date of current version 21 May 2024."
1,0,1,0,0,5,11,/PENMWP+GiovanniStd-BookItalic,5.98,36.17,694.49,197.58,700.47,694.49,82.46,36.17,378.42,Digital Object Identifier 10.1 109/ACCESS.2024.3400530
1,0,0,0,0,11,1,/RQUEYA+FormataOTFCond-Md,21.92,36.17,577.87,562.2,625.09,577.87,157.84,36.17,13.8,A Scheme for Distributed Vehicle Authentication and Revocation in Decentralized VANETs
1,0,0,0,0,19,3,/YATFQB+FormataOTFMd,9.86,36.17,534.85,312.04,574.4,534.85,208.53,36.17,263.96,"2SUJASH NASKAR, (Member, IEEE), CARLO BRUNETTA, 1GERHARD HANCKE, (Fellow, IEEE), TINGTING ZHANG, AND MIKAEL GIDLUND , (Senior Member, IEEE)"
1,0,0,0,0,29,12,/AUITKP+TimesLTStd-Roman,5.0,36.17,514.23,361.34,539.13,514.23,243.8,36.17,214.66,"1Department of Computer and Electrical Engineering, Mid Sweden University, 852 30 Sundsvall, Sweden 2Independent Researcher, 34143 Trieste, Italy 3Department of Computer Science, City University of Hong Kong, Hong Kong"
1,0,0,0,0,25,6,/AUITKP+TimesLTStd-Roman,7.67,36.17,486.22,542.46,508.76,486.22,274.17,36.17,33.54,Corresponding author: Sujash Naskar (sujash.naskar@miun.se) This work was funded by the research profile Next Generation Industrial IoT (NIIT) funded by the Swedish Knowledge Foundation (KKS).
1,1,0,0,0,12,2,/ENXOBD+FormataOTF-Bold,9.96,43.42,444.6,456.89,454.57,444.6,328.36,43.42,119.11,"ABSTRACT Vehicular Ad-Hoc Networks (V ANETs) offer enhanced road safety, efficient traffic"
1,0,0,0,0,47,2,/AUITKP+TimesLTStd-Roman,9.96,43.42,289.63,586.41,442.61,289.63,340.32,43.42,-10.41,"management, and improved vehicle connectivity while dealing with privacy and security challenges in public communication. In these networks, authentication mechanisms are mandatory to establish trust among communicating entities, such as vehicle-to-vehicle (V2V) and vehicle-to-infrastructure (V2I), without losing identity and location-based privacy. The prevailing conventional authentication mechanisms frequently"
1,1,0,0,0,12,2,/ENXOBD+FormataOTF-Bold,9.96,43.42,175.37,451.9,185.33,175.37,597.6,43.42,124.1,"INDEX TERMS Vehicular Ad-Hoc Networks (V ANETs), single point of failure, privacy-preserving"
1,0,0,0,0,27,2,/AUITKP+TimesLTStd-Roman,9.96,43.42,163.41,566.48,180.48,163.41,602.44,43.42,9.52,"depend on a centralized trust authority (CA) to ensure the mutual verifiability of transmitted messages. authentication, revocation, security attacks on V ANET, Elliptic Curve Digital Signatures (ECDSA)."
1,1,0,0,0,9,4,/ENXOBD+FormataOTF-Bold,8.97,37.17,127.13,581.02,137.1,127.13,645.83,37.17,-5.02,I. INTRODUCTION These networks enable vehicles to seamlessly communicate
1,0,0,0,0,24,2,/AUITKP+TimesLTStd-Roman,9.96,36.17,51.41,586.41,125.14,51.41,657.79,36.17,-10.41,"Vehicular Ad Hoc Networks (V ANETs) represent a pivNevertheless, in scenarios where the density of vehicles within the network is notably high, an overwhelming"
1,0,0,0,0,8,2,/AUITKP+TimesLTStd-Roman,9.96,297.08,8.03,571.06,17.99,8.03,764.94,297.08,4.94,with each other (V2V) and with infrastructure elements
1,0,0,0,0,8,2,/AUITKP+TimesLTStd-Roman,9.96,36.17,-3.93,325.1,6.03,-3.93,776.9,36.17,250.9,otal technology at the intersection of transportation and
1,0,0,0,0,3,9,/YATFQB+FormataOTFMd,7.5,0.0,-7.5,7.5,0.0,-7.5,782.93,0.0,568.5,1 3 1
1,0,0,0,0,49,2,/AUITKP+TimesLTStd-Roman,9.96,43.42,-91.6,586.41,-57.73,-91.6,840.66,43.42,-10.41,"influx of authentication requests may result in a communication bottleneck at the CA, leading to a single point of failure. This paper proposes a novel distributed authentication scheme in a decentralized V ANET with multiple independent CAs connected to multiple local inspectors to eliminate a single point of failure."
1,0,0,0,0,8,2,/AUITKP+TimesLTStd-Roman,9.96,297.08,-111.08,586.01,-101.12,-111.08,884.05,297.08,-10.01,(V2I) [1] by sharing critical information about real-time
1,0,0,0,0,22,2,/AUITKP+TimesLTStd-Roman,9.96,36.17,-210.71,596.37,-113.08,-210.71,896.0,36.17,-20.37,"communication systems, designed to enhance road safety, Furthermore, prior solutions lack the capability to immediately revoke a disputed vehicle that is transmitting"
1,0,0,0,0,7,2,/AUITKP+TimesLTStd-Roman,9.96,297.08,-230.19,576.04,-220.23,-230.19,1003.16,297.08,-0.04,"traffic conditions, road hazards, and emergency alerts."
1,0,0,0,0,6,2,/AUITKP+TimesLTStd-Roman,9.96,36.17,-242.15,310.15,-232.18,-242.15,1015.11,36.17,265.85,"traffic management, and overall vehicular connectivity."
1,0,0,0,0,10,5,/AUITKP+TimesLTStd-Roman,7.97,46.33,-264.43,317.31,-256.46,-264.43,1039.39,46.33,258.69,The associate editor coordinating the review of this manuscript and
1,0,0,0,0,7,5,/AUITKP+TimesLTStd-Roman,7.97,36.17,-277.06,215.49,-269.09,-277.06,1052.02,36.17,360.5,approving it for publication was Giovanni Pau
1,0,0,0,0,15,2,/AUITKP+TimesLTStd-Roman,9.96,43.42,-329.82,546.55,-319.86,-329.82,1102.79,43.42,29.45,"malicious messages in the network. In this regard, the proposed scheme also facilitates an immediate"
1,0,0,0,0,28,2,/AUITKP+TimesLTStd-Roman,9.96,297.08,-385.34,590.99,-339.33,-385.34,1122.26,297.08,-14.99,"V ANETs introduce many innovative applications, including enhanced navigation, entertainment services, and transport efficiency optimizations. However, both V2V and V2I communication uses a public channel [2]; therefore, the"
1,0,0,0,0,14,11,/NAYGWR+FormataOTF-Reg,5.98,120.44,-400.96,476.13,-394.98,-400.96,1177.91,120.44,99.87,2024 The Authors. This work is licensed under a Creative Commons Attribution-NonCommercial-NoDerivatives 4.0 License.
1,0,0,0,0,8,11,/NAYGWR+FormataOTF-Reg,5.98,36.17,-409.03,456.33,-401.96,-409.03,1184.89,36.17,119.67,"For more information, see https://creativecommons.org/licenses/by-nc-nd/4.0/ VOLUME 12, 202468648"
1,0,0,0,0,122,2,/AUITKP+TimesLTStd-Roman,9.96,43.42,-866.03,581.42,-438.96,-866.03,1221.89,43.42,-5.42,"revocation of a disputed sender to prevent other vehicles from further receiving malicious messages. As vehicles share time-sensitive data for driving assistance, our scheme minimizes the computation and communication costs for V2I key sharing and direct V2V authenticated message sharing significantly compared to previously proposed schemes. Using comparatively lightweight elliptic curve cryptography and eliminating the direct involvement of CAs in the authentication process, we have reduced the overall delays and achieved a maximum of ≈ 3.9 times faster V2I authenticated key sharing, and a maximum of ≈ 7.5 times faster V2V message sharing compared to state-of-the-art bilinear pairing-based protocols. A comprehensive efficiency analysis validates our scheme’s ability to outperform time-sensitive responses, such as sending and receiving an alert within nearly 4 milliseconds."
2,0,0,0,0,11,10,/NAYGWR+FormataOTF-Reg,6.97,36.17,744.73,308.16,751.7,744.73,31.23,36.17,267.84,S. Naskar et al.: Scheme for Distributed Vehicle Authentication and Revocation
2,1,0,0,0,6,10,/ENXOBD+FormataOTF-Bold,6.97,129.54,540.67,269.02,547.65,540.67,235.28,129.54,306.98,FIGURE 1. General centralized VANET architecture.
2,0,0,0,0,225,2,/AUITKP+TimesLTStd-Roman,9.96,36.17,-1001.16,590.99,510.79,-1001.16,272.14,36.17,-14.99,"shared sensitive information must be protected from potential privacy and security attacks in the communication channel. V ANETs apply authentication mechanisms, that are pivotal in establishing trust among vehicles and infrastructure components [3]. These mechanisms verify the legitimacy of communicating participants, promising the information exchanged is reliable and untampered. Ensuring the confidentiality of sensitive data, prompt responses to time-critical events, and safeguarding against a spectrum of threats, including insider and outsider attacks on public channels [4], present formidable hurdles in vehicular communication. The effectiveness of V ANETs in enhancing road safety and traffic management hinges on the designed robust authentication protocols that can withstand these unique challenges posed by adversaries in public channels. In this context, the traditional centralized V ANET architecture [5], as shown in Figure 1, comprises three key entities: a central trusted Certification Authority (CA), Roadside Units (RSUs) operating in conjunction with cloud and fog nodes [6], and vehicles equipped with tamperprotected On-Board Units (OBUs). These entities engage in wireless communication, typically governed by the CA, which assumes the role of a trusted entity responsible for all authentication verification and providing trust. Despite its merits, the conventional centralized authentication models in V ANETs suffer from a glaring vulnerability of potential communication bottleneck at the CA. With a technologies [9]. These solutions distribute trust manage- high density of vehicles, a centralized authentication model"
2,0,0,0,0,7,2,/AUITKP+TimesLTStd-Roman,9.96,297.08,-1011.27,571.06,-1001.31,-1011.27,1784.23,297.08,4.94,ment across multiple entities within the communication
2,0,0,0,0,11,2,/AUITKP+TimesLTStd-Roman,9.96,36.17,-1120.27,290.23,-1110.31,-1120.27,1893.24,36.17,285.77,in V ANET with a single CA can get overloaded with
2,0,0,0,0,68,2,/AUITKP+TimesLTStd-Roman,9.96,297.08,-1226.36,605.93,-1120.41,-1226.36,1903.34,297.08,-29.93,"hierarchy, moving away from sole dependence on a central authority. PKI-based approaches [10] incorporate semitrusted multi-layer fog nodes or cloud computing devices, which collaborate with the CA to distribute session keys following vehicle identity verification [11], [12]. However, these protocols often compromise vehicle location and identity-based privacy and incur significant delays. Devices rely on the root CA for real-time database updates, rendering them vulnerable to communication bottlenecks. Blockchain-"
2,0,0,0,0,72,2,/AUITKP+TimesLTStd-Roman,9.96,36.17,-1335.36,345.02,-1229.41,-1335.36,2012.34,36.17,230.98,"authentication requests, which might lead to a single point of failure [6], [7]. In the event of a CA failure, the entire V ANET communication ecosystem can collapse, with the CA struggling to manage an overwhelming workload and consequential response delays [8]. The involvement of RSUs further exacerbates delays in Vehicle-to-Vehicle (V2V) or Vehicle-to-Infrastructure (V2I) communication [5]. To address this critical single-point failure issue, recent years have seen distributed solutions emerge, particularly"
2,0,0,0,0,35,2,/AUITKP+TimesLTStd-Roman,9.96,297.08,-1393.46,595.97,-1335.51,-1393.46,2118.44,297.08,-19.97,"based distributed V ANET systems[13], [14] maintain vehicle trustworthiness through mutual voting mechanisms and a comprehensive record-keeping system [15] that determines message acceptance or rejection in V2V communication. While effective, these schemes are highly time-consuming"
2,0,0,0,0,9,2,/AUITKP+TimesLTStd-Roman,9.96,36.17,-1454.47,345.02,-1444.51,-1454.47,2227.44,36.17,230.98,those based on public key infrastructure (PKI) and blockchain
2,0,0,0,0,174,2,/AUITKP+TimesLTStd-Roman,9.96,297.08,-3061.42,615.9,-1502.61,-3061.42,2285.54,297.08,-39.9,"and demand substantial computational and storage resources. Moreover, they struggle to meet the stringent requirements of time-sensitive responses, particularly in emergency situations. Furthermore, using the existing solutions, immediate revocation of malicious vehicles becomes very complex or simply not possible. Consequently, there is a pressing need to devise a truly decentralized V ANET network that balances distributed robust authentication and revocation with low communication and computation costs. This gap in the existing literature emphasizes the necessity for innovation and improvement. Motivated by the imperative and challenging privacy and security needs, we present a novel solution for a decentralized V ANET authentication ecosystem incorporating multiple CAs and local inspectors within the communication hierarchy in this paper. The proposed distributed authentication scheme eliminates the communication bottleneck at CA and performs authenticated key sharing locally from any available inspector. Unlike centralized models, authentication requests from vehicles do not Apart from distributed authentication, the beauty of the proposed scheme relies on two key facts: first, the vehicle’s ability to respond quickly in timecritical situations, and second, an immediate revocation"
2,0,0,0,1,4,11,/NAYGWR+FormataOTF-Reg,5.98,36.17,-3082.87,81.01,-3075.89,-3082.87,3858.82,36.17,494.99,"VOLUME 12, 2024 68649"
3,0,0,0,0,11,10,/NAYGWR+FormataOTF-Reg,6.97,295.79,744.73,567.78,751.7,744.73,31.23,295.79,8.22,S. Naskar et al.: Scheme for Distributed Vehicle Authentication and Revocation
3,0,0,0,0,85,2,/AUITKP+TimesLTStd-Roman,9.96,36.17,139.65,354.99,709.9,139.65,73.03,36.17,221.01,"technique allowing vehicles to report and identify malicious vehicles in a privacy-preserving manner. Our proposed scheme is built upon Public Key Infrastructure, allowing precise management of session-specific keys for all V2I communication and enabling direct message sharing between vehicles (V2V). Our design enhances user autonomy by offering the flexibility of selecting an initial CA (parent CA) during vehicle registration. Leveraging lightweight Elliptic Curve Cryptography (ECC) [16] and one-way hash functions, our scheme ensures direct privacy-preserving V2I and V2V verifiability with minimal communication and computation overhead."
3,0,0,0,1,2,4,/OWWUHR+FormataOTFMdIt,8.97,37.17,117.32,108.89,126.28,117.32,656.65,37.17,467.11,A. CONTRIBUTIONS
3,0,0,0,0,29,2,/AUITKP+TimesLTStd-Roman,9.96,36.17,-39.07,340.04,113.33,-39.07,669.6,36.17,235.96,The proposed solution is an important step towards achieving these objectives in the context of V ANET security with the following contributions: 1) Eliminating single point failure with decentralized
3,1,0,0,0,6,2,/MPLCXD+TimesLTStd-Bold,9.96,60.41,-158.17,289.56,-148.21,-158.17,931.14,60.41,286.44,CAs: Our approach introduces multiple independent
3,0,0,0,0,117,2,/AUITKP+TimesLTStd-Roman,9.96,60.41,-1194.72,349.34,-160.16,-1194.72,943.09,60.41,226.66,"CAs sharing sensitive but non-private data. This allows flexible registration and seamless movement of vehicles without compromising identity privacy. Compared to existing distributed V ANETs, our scheme does not suffer from root-CA failure issues or real-time database updates for each verification. This decentralization makes our scheme truly distributed. In comparison with centralized V ANETs, our scheme can achieve high scalability and reliability by eliminating a single point of failure when the number of vehicles is significantly high in the system. This is because each authentication request gets verified in a region-specific manner, and therefore, even if the number of vehicles significantly increases, the scheme distributes the requests to local inspectors and avoids network congestion at any CA."
3,0,0,0,0,8,2,/AUITKP+TimesLTStd-Roman,9.96,46.13,-1206.68,250.37,-1196.71,-1206.68,1979.64,46.13,325.63,2) Efficient V2I Authenticated Key Sharing: In our
3,0,0,0,0,62,2,/AUITKP+TimesLTStd-Roman,9.96,60.41,-1611.82,344.35,-1208.67,-1611.82,1991.6,60.41,231.65,"system, each CA is equipped with multiple Local Inspectors (LIs) that can directly verify vehicles (V2I) during an epoch similar to a session and share an epoch key locally with a computation cost of ≈ 3.45ms only. Unlike existing PKI-based V2I key sharing, the proposed scheme operates key-sharing without the help of CA or any cloud or fog nodes, reducing overall third-"
3,0,0,0,0,38,2,/AUITKP+TimesLTStd-Roman,9.96,321.32,-1705.24,570.39,-1647.46,-1705.24,2430.39,321.32,5.61,"In comparative studies, we have shown that stateof-the-art pairing-based PKI schemes have at most 7 .5 times longer delay than our proposed scheme, making the proposed scheme at most ≈ 7.5 times faster in V2V authenticated message sharing."
3,0,0,0,0,5,2,/AUITKP+TimesLTStd-Roman,9.96,307.04,-1717.2,511.28,-1707.24,-1717.2,2490.16,307.04,64.72,4) Immediate Privacy-Preserving Revocation: We
3,0,0,0,0,25,2,/AUITKP+TimesLTStd-Roman,9.96,60.41,-1754.84,590.32,-1719.19,-1754.84,2502.12,60.41,-14.32,"design a swift, privacy-preserving revocation process party communication. LIs only contact the CA when there are updates to the system, disputes, or vehicle change regions."
3,0,0,0,0,5,2,/AUITKP+TimesLTStd-Roman,9.96,46.13,-1766.79,295.21,-1756.83,-1766.79,2539.76,46.13,280.79,3) Time-sensitive confidential and non-confidential
3,0,0,0,0,8,2,/AUITKP+TimesLTStd-Roman,9.96,321.32,-1848.26,585.34,-1838.3,-1848.26,2621.23,321.32,-9.34,for malicious vehicles based on dispute reports from
3,1,0,0,0,7,2,/MPLCXD+TimesLTStd-Bold,9.96,60.41,-1885.9,209.85,-1875.94,-1885.9,2658.87,60.41,366.15,V2V broadcasts: Our scheme provides both V2V
3,0,0,0,0,18,2,/AUITKP+TimesLTStd-Roman,9.96,60.41,-1921.77,319.45,-1887.89,-1921.77,2670.82,60.41,256.55,"non-confidential and confidential broadcasts, while the existing protocols only allow non-confidential V2V broadcasts. Confidential V2V broadcasts allow a"
3,0,0,0,0,8,2,/AUITKP+TimesLTStd-Roman,9.96,321.32,-1967.37,590.32,-1957.41,-1967.37,2740.34,321.32,-14.32,legitimate ones. A local inspector conducts the first
3,0,0,0,0,10,2,/AUITKP+TimesLTStd-Roman,9.96,60.41,-2040.88,334.39,-2030.91,-2040.88,2813.84,60.41,241.61,vehicle to send messages that are only readable by the
3,0,0,0,0,7,2,/AUITKP+TimesLTStd-Roman,9.96,321.32,-2086.48,595.3,-2076.51,-2086.48,2859.44,321.32,-19.3,revocation immediately to stop vehicles from accepting
3,0,0,0,0,7,2,/AUITKP+TimesLTStd-Roman,9.96,60.41,-2159.98,329.41,-2150.02,-2159.98,2932.95,60.41,246.59,specified intended receiver vehicle with an execution
3,0,0,0,0,9,2,/AUITKP+TimesLTStd-Roman,9.96,321.32,-2205.59,580.36,-2195.62,-2205.59,2978.55,321.32,-4.36,"messages from a malicious sender. Then, only the CA"
3,0,0,0,0,37,2,/AUITKP+TimesLTStd-Roman,9.96,60.41,-2314.96,329.41,-2269.13,-2314.96,3052.06,60.41,246.59,"cost of ≈ 4 .69 ms . The proposed scheme enables vehicles to exchange non-confidential verifiable messages directly with each other with an execution time of ≈ 3.08 ms , bypassing LIs, CAs, or any trust parties."
3,0,0,0,0,36,2,/AUITKP+TimesLTStd-Roman,9.96,321.32,-2586.82,610.24,-2314.73,-2586.82,3097.66,321.32,-34.24,"can reveal the malicious sender’s original identity if necessary. This is unique in our scheme as, so far, a fully functional revocation process to protect vehicles from receiving malicious messages immediately was missing in the literature."
3,0,0,0,0,106,2,/AUITKP+TimesLTStd-Roman,9.96,297.08,-3170.76,610.91,-2588.73,-3170.76,3371.65,297.08,-34.91,"The remainder of this paper is structured as follows: Section II presents an in-depth literature review of stateof-the-art schemes with their advantages and limitations. Section III presents the system model, assumptions, and requirements to lay the groundwork for the proposed scheme presented in Section IV. A comprehensive analysis of privacy and security is presented in Section V by following the requirements specified in Section III. The scheme’s performance is evaluated in Section VI in terms of communication overhead and computation costs. We conduct a comparative study with state-of-the-art schemes and the proposed scheme in Section VII. Finally, Section VIII concludes the paper with discussions and insights."
3,1,0,0,1,3,4,/ENXOBD+FormataOTF-Bold,8.97,298.07,-3193.59,369.8,-3184.62,-3193.59,3967.55,298.07,206.2,II. RELATED WORK
3,0,0,0,0,225,2,/AUITKP+TimesLTStd-Roman,9.96,297.08,-4886.62,625.86,-3196.58,-4886.62,3979.51,297.08,-49.86,"Waheed et al. [19] analyzed a distributed task coordination system by using regional RSUs together with boundary relay vehicles, which voluntarily execute the task of other vehicles in its communication range to improve resource utilization and minimize the number of RSUs. A similar approach by Ali et al. [20] based on fog computing for geographically distributed V ANET has shown how reducing excessive third-party use both in V2I and V2V communication can reduce overall authentication delays. A multi-fog-based authentication architecture proposed by Gu et al. [5] reduces the overall delay by adapting vehicle to fog verifiability. However, the protocol is centralized and suffers from a communication bottleneck at the CA, and the location-based privacy of the vehicles is not preserved. A decentralized two-phase authentication architecture [8] for V ANET is proposed by Yang et al. based on authentication delegation to encounter the single-point failure issue. The first phase is a mutually verifiable token sharing between edge nodes and the vehicle. The second phase uses the token to verify the vehicle at any edge node. However, to share V2I authentication tokens, the protocol uses all the connected edge nodes to communicate; also, it uses bilinear pairing operations, which are computationally heavy. Wei et al. in [7] has addressed the delay-sensitive applications in V ANET and the single point failure issues for a centralized authenticator and proposed"
3,0,0,0,1,4,10,/NAYGWR+FormataOTF-Reg,6.97,36.17,-4904.46,83.99,-4897.49,-4904.46,5680.42,36.17,492.01,"68650 VOLUME 12, 2024"
4,0,0,0,0,11,10,/NAYGWR+FormataOTF-Reg,6.97,36.17,744.73,308.16,751.7,744.73,31.23,36.17,267.84,S. Naskar et al.: Scheme for Distributed Vehicle Authentication and Revocation
4,1,0,0,0,15,10,/ENXOBD+FormataOTF-Bold,6.97,36.17,704.63,409.28,711.61,704.63,71.32,36.17,166.72,TABLE 1. Comparative studies presenting the scheme properties for state-of-the-art schemes and our proposed scheme.
4,0,0,0,0,374,2,/AUITKP+TimesLTStd-Roman,9.96,36.17,-1715.39,605.93,594.73,-1715.39,188.2,36.17,-29.93,"a multi-CA model for a fog-based V ANET to solve it. They have also shown the inefficiency of using bi-linear cryptography for delay-sensitive applications and proposed an authenticated key agreement protocol using lightweight ECC solutions. However, the root CA is centralized in their solution, and all the system components must be registered to the central root CA, limiting the system’s distributive nature. A previously proposed bi-linear based solution by Zhang et al. in [10] with the concept of sub-TAs connected to a central root CA faces similar challenges. Also, each authenticated key agreement process involves the RSU, fog node, and a sub-CA twice (sending and receiving), significantly increasing the delay and reducing the system’s performance. The scheme proposed by Sikarwar and Himani [18] only allows direct authentication using pseudonym pooling. However, pairing-based cryptography makes the schemes heavy regarding computation delays. A PKI-based scheme by Cui et al. [17] also uses pseudonym pooling to achieve V2I key sharing with RSUS and direct V2V message sharing. But pseudonym pooling requires a huge storage, and revocation becomes very inefficient. A hybrid scheme using ECC-based crypto combined with blockchain is proposed by Li et al. [13] for distributed verifiable message transfer. However, using this scheme, every vehicle in the system must undergo a complex, repetitive registration process each time they change an RSU region. Also, after each message verification, the vehicle performs a time-consuming feedback procedure to evaluate blockchain-based trustworthiness. Inedjaren et al. [14] and Ghaleb et al. [21] proposed trust-based V2V message delivery system in a distributive manner. This trustworthiness is evaluated with a reputation mechanism achieved by maintaining a blockchain-based trust table in each vehicle [14] and intrusion detection system (IDS) [21]. Another trust evaluating decentralized authentication and session key distribution scheme proposed by Ma et al. [22] uses a blockchain-based list. These To maintain a fair comparison, we’ve limited our focus protocols are distributed by not using any trusted authority to protocols that employ distributed or partially distributed and allowing only vehicles to determine the trustworthiness. authentication methods using ECC or pairing-based cryp- However, blockchain and IDS-based schemes are extremely tography. Consequently, we have excluded blockchain-based time-consuming and require huge computational and storage protocols from our efficiency analysis.requirements, making all these schemes inefficient for delay-"
4,1,0,0,1,5,4,/ENXOBD+FormataOTF-Bold,8.97,298.07,-1736.21,454.98,-1727.24,-1736.21,2510.17,298.07,121.02,III. SYSTEM MODEL AND PRELIMINARIES
4,0,0,0,0,8,2,/AUITKP+TimesLTStd-Roman,9.96,297.08,-1749.16,600.95,-1739.2,-1749.16,2522.13,297.08,-24.95,The proposed system architecture has three layers consisting
4,0,0,0,0,8,2,/AUITKP+TimesLTStd-Roman,9.96,36.17,-1834.5,325.1,-1824.53,-1834.5,2607.46,36.17,250.9,"sensitive V2V responses. Also, the message complexity for"
4,0,0,0,0,7,2,/AUITKP+TimesLTStd-Roman,9.96,297.08,-1868.27,576.04,-1858.31,-1868.27,2641.24,297.08,-0.04,of several entities with different communication roles.
4,0,0,0,0,10,2,/AUITKP+TimesLTStd-Roman,9.96,36.17,-1953.61,320.11,-1943.64,-1953.61,2726.57,36.17,255.89,these protocols to manage a voting mechanism is very high
4,0,0,0,0,21,2,/AUITKP+TimesLTStd-Roman,9.96,297.08,-1999.33,615.89,-1977.41,-1999.33,2760.34,297.08,-39.89,"As shown in Figure 2, each layer is connected with the entities at the level below. In this layered communication hierarchy,"
4,0,0,0,0,26,2,/AUITKP+TimesLTStd-Roman,9.96,36.17,-2096.62,340.04,-2059.13,-2096.62,2842.06,36.17,235.96,"2 O(n). Table 1 shows a comprehensive review of related schemes; each scheme is evaluated based on its merits and shortcomings, considering specific attributes as properties."
4,0,0,0,0,32,2,/AUITKP+TimesLTStd-Roman,9.96,297.08,-2261.46,605.93,-2108.48,-2261.46,2891.41,297.08,-29.93,"the entities at a lower level communicate with the immediate upper level following a designed subprotocol. Below, we first discuss the V ANET components, their roles, and then the subprotocols they follow."
4,1,0,0,0,10,2,/MPLCXD+TimesLTStd-Bold,9.96,307.04,-2273.44,461.27,-2263.48,-2273.44,3046.41,307.04,114.73,The Scheme Authority or the SA is a global stan-
4,0,0,0,0,23,2,/AUITKP+TimesLTStd-Roman,9.96,316.8,-2416.63,600.75,-2275.6,-2416.63,3058.53,316.8,-24.75,dardization authority like the ICAO [23] responsible for publishing the public parameters used by the CA and the other components in the system.
4,1,0,0,0,7,2,/MPLCXD+TimesLTStd-Bold,9.96,307.04,-2428.59,456.29,-2418.62,-2428.59,3201.55,307.04,119.71,"Certification Authorities, in our scheme, many inde-"
4,0,0,0,0,47,2,/AUITKP+TimesLTStd-Roman,9.96,316.8,-2928.93,605.73,-2537.73,-2928.93,3320.66,316.8,-29.73,pendent CAs are associated with separate public key pairs. Each CA is responsible for initially registering vehicles and providing a temporary pseudoID. CAs are considered to be fully trusted authorities located region or country-specific. CAs can communicate with each other by only sharing sensitive but non-private data.
4,1,0,0,0,9,2,/MPLCXD+TimesLTStd-Bold,9.96,307.04,-2940.88,521.05,-2930.92,-2940.88,3713.85,307.04,54.95,Local Inspectors or LIs are locally placed units respon-
4,0,0,0,0,44,2,/AUITKP+TimesLTStd-Roman,9.96,316.8,-3334.07,605.73,-2942.87,-3334.07,3725.8,316.8,-29.73,"sible for V2I authenticated key sharing and providing traffic data to local vehicles. Each CA can have multiple independent LIs connected to it. LIs are considered semi-trusted entities as they are curious about specific privacy thefts. Also, LIs receive dispute reports and perform revocations."
4,1,0,0,0,6,2,/MPLCXD+TimesLTStd-Bold,9.96,307.04,-3346.03,540.97,-3336.06,-3346.03,4118.99,307.04,35.03,Vehicles are equipped with tamper-protected hardware
4,0,0,0,0,36,2,/AUITKP+TimesLTStd-Roman,9.96,316.8,-3834.41,600.75,-3348.02,-3834.41,4130.95,316.8,-24.75,"chips known as the onboard unit or OBU responsible for all security-related computations and communications. Vehicles communicate with each other and with infrastructure by sharing authenticated messages. Vehicles are not trusted, and therefore, authentication is mandatory."
4,1,0,0,0,7,2,/MPLCXD+TimesLTStd-Bold,9.96,307.04,-3846.37,436.36,-3836.4,-3846.37,4619.33,307.04,139.64,Communication Channel A V2V and V2I communi-
4,0,0,0,0,50,2,/AUITKP+TimesLTStd-Roman,9.96,316.8,-4132.58,595.77,-3848.36,-4132.58,4631.29,316.8,-19.77,"cation follows the dedicated short-range communication or DSRC standards such as the IEEE 802.11p, IEEE 802.11px or C-V2X [24], [25], [26], [27] etc. Note that we assume that each LI is connected to its corresponding CA and that the CAs are connected via an already established, authenticated, secure channel. This"
4,0,0,0,1,4,11,/NAYGWR+FormataOTF-Reg,5.98,36.17,-4154.4,81.0,-4147.43,-4154.4,4930.36,36.17,495.0,"VOLUME 12, 2024 68651"
5,0,0,0,0,11,10,/NAYGWR+FormataOTF-Reg,6.97,295.79,744.73,567.78,751.7,744.73,31.23,295.79,8.22,S. Naskar et al.: Scheme for Distributed Vehicle Authentication and Revocation
5,1,0,0,0,6,10,/ENXOBD+FormataOTF-Bold,6.97,67.54,480.37,210.51,487.34,480.37,295.59,67.54,365.49,FIGURE 2. Proposed distributed VANET architecture.
5,0,0,0,0,29,2,/AUITKP+TimesLTStd-Roman,9.96,55.9,208.28,329.88,468.41,208.28,314.52,55.9,246.12,assumption is practical considering that CAs and LIs are trusted or semi-trusted and must communicate via a long-range communication channel such as a satellite or a long-distance 5G/4G network.
5,0,0,0,0,84,2,/AUITKP+TimesLTStd-Roman,9.96,36.17,-545.04,340.04,203.48,-545.04,579.45,36.17,235.96,"As presented in Figure 2, each LI has a public wireless coverage area where every vehicle can communicate with the LI. The handover region is where a vehicle switches communication from one LI to another. Each LI belongs to only one CA, and LIs do not communicate with each other directly. Vehicles use the public wireless channel to communicate with local LI and each other for traffic assistance. The communication between any LI and its CA takes place using the assumed pre-established secure channel."
5,0,0,0,1,3,4,/OWWUHR+FormataOTFMdIt,8.97,37.17,-570.75,104.41,-561.78,-570.75,1344.71,37.17,471.59,A. THREAT MODEL
5,0,0,0,0,32,2,/AUITKP+TimesLTStd-Roman,9.96,36.17,-608.78,354.99,-574.74,-608.78,1357.67,36.17,221.01,"The proposed system follows a similar security threat model as mentioned in [4] and [28]. At first, all the entities in our system are separated into one of the following two categories."
5,1,0,0,0,9,2,/MPLCXD+TimesLTStd-Bold,9.96,46.13,-623.54,245.19,-613.57,-623.54,1396.5,46.13,330.81,Trusted Entities: All the CAs and the scheme authority
5,0,0,0,0,24,2,/AUITKP+TimesLTStd-Roman,9.96,55.9,-766.55,344.82,-625.53,-766.55,1408.46,55.9,231.18,"are assumed to be trusted entities. They do not pose any threat to the system and are secured against all possible attacks [7], [10]."
5,1,0,0,0,9,2,/MPLCXD+TimesLTStd-Bold,9.96,46.13,-778.51,215.31,-768.55,-778.51,1551.48,46.13,360.69,Semi-Trusted Entities: An LI in the system is assumed
5,0,0,0,0,40,2,/AUITKP+TimesLTStd-Roman,9.96,55.9,-1148.84,600.75,-780.5,-1148.84,1563.43,55.9,-24.75,"to be honest by not sharing secret information with any unauthorized entity or adversary. However, LIs might be curious to know the original identity of vehicles and their traffic paths, therefore threatening identity-based privacy theft of other vehicles. It might"
5,0,0,0,0,8,2,/AUITKP+TimesLTStd-Roman,9.96,316.81,-1160.8,585.81,-1150.83,-1160.8,1933.76,316.81,-9.81,also send false traffic information to create traffic
5,0,0,0,0,52,2,/AUITKP+TimesLTStd-Roman,9.96,55.9,-1302.76,610.91,-1256.93,-1302.76,2039.86,55.9,-34.91,"the privacy of vehicles. LIs in our system can also be called semi-trusted entities like RSUs, as mentioned hazards; therefore, vehicles are semi-trusted entities. in [12]. The OBU chip containing security-related secret Moreover, any other entity that is not registered and external information in a vehicle is assumed to keep data private."
5,0,0,0,0,12,2,/AUITKP+TimesLTStd-Roman,9.96,297.08,-1410.12,620.88,-1400.16,-1410.12,2183.09,297.08,-44.88,to the system is referred to as an unauthorized entity. Based on
5,0,0,0,0,18,2,/AUITKP+TimesLTStd-Roman,9.96,55.9,-1422.08,615.9,-1411.91,-1422.08,2194.84,55.9,-39.9,"It is placed in a tamper-protected area of a vehicle curious, semi-trusted, and unauthorized entities to the system,"
5,0,0,0,0,9,2,/AUITKP+TimesLTStd-Roman,9.96,297.08,-1434.03,581.03,-1424.07,-1434.03,2207.0,297.08,-5.03,we now categorize the potential threat into internal and
5,0,0,0,0,45,2,/AUITKP+TimesLTStd-Roman,9.96,55.9,-1564.89,600.95,-1531.01,-1564.89,2313.94,55.9,-24.95,"to protect against physical attacks [23]. Even though a vehicle does not share its own secret information external adversaries as also mentioned in [4] by Zhang et al. Internal Adversaries: These entities are part of the with others, it might be curious about traceability and"
5,0,0,0,0,56,2,/AUITKP+TimesLTStd-Roman,9.96,316.81,-2076.55,620.68,-1566.24,-2076.55,2349.17,316.81,-44.68,"designed V ANET model; any dishonest vehicle and curious LI is an internal adversary to our system. They might be curious about privacy thefts such as the original identities, owner details, traffic routes, etc. Also, a malicious, dishonest vehicle can perform several security attacks, such as replay attacks, nonrepudiation, framing and sybil attacks in public communication."
5,1,0,0,0,6,2,/MPLCXD+TimesLTStd-Bold,9.96,307.04,-2088.5,461.27,-2078.54,-2088.5,2861.47,307.04,114.73,External Adversaries: Any unauthorized entity can
5,0,0,0,0,58,2,/AUITKP+TimesLTStd-Roman,9.96,316.81,-2600.8,605.73,-2090.5,-2600.8,2873.42,316.81,-29.73,"threaten user privacy and try to perform both passive and active security attacks. These unauthorized entities are external adversaries to our system. In passive attacks, an external adversary monitors the public channel for any valuable information. In contrast, in active attacks, the adversary fabricates the messages and tries to enforce itself as a legal entity in the system."
5,0,0,0,0,64,2,/AUITKP+TimesLTStd-Roman,9.96,297.08,-3124.21,586.01,-2601.95,-3124.21,3384.88,297.08,-10.01,"We consider both internal and external adversaries to act as Dolev-Yao adversaries [29] with complete knowledge of the network structure, subprotocols, and huge computation capabilities. The adversaries can intercept and read all messages exchanged among vehicles and between vehicles to LIs. Following the Dolev-Yao model, an adversary can try to modify or inject messages into communication and impersonate a legitimate vehicle or an LI."
5,0,0,0,1,5,4,/OWWUHR+FormataOTFMdIt,8.97,298.08,-3146.27,459.46,-3137.31,-3146.27,3920.24,298.08,116.54,B. PRIVACY AND SECURITY REQUIREMENTS
5,0,0,0,0,17,2,/AUITKP+TimesLTStd-Roman,9.96,297.08,-3279.33,615.9,-3150.26,-3279.33,3933.19,297.08,-39.9,"Our scheme’s privacy and security requirements follow similar requirements as specified in [12], [14], [17], and [28]."
5,0,0,0,1,4,10,/NAYGWR+FormataOTF-Reg,6.97,36.17,-3297.17,83.99,-3290.2,-3297.17,4073.13,36.17,492.01,"68652 VOLUME 12, 2024"
6,0,0,0,0,11,10,/NAYGWR+FormataOTF-Reg,6.97,36.17,744.73,308.16,751.7,744.73,31.23,36.17,267.84,S. Naskar et al.: Scheme for Distributed Vehicle Authentication and Revocation
6,0,0,0,0,16,2,/AUITKP+TimesLTStd-Roman,9.96,36.17,687.98,320.12,709.9,687.98,73.03,36.17,255.88,These requirements are generally adapted in almost every V ANET communication as the basic security requirements.
6,1,0,0,0,8,2,/MPLCXD+TimesLTStd-Bold,9.96,46.13,676.41,245.19,686.38,676.41,96.55,46.13,330.81,"No privacy leakage: Ensuring that the original identity,"
6,0,0,0,0,20,2,/AUITKP+TimesLTStd-Roman,9.96,55.9,533.4,359.77,674.42,533.4,108.51,55.9,216.23,"traffic routes, and active and inactive timings of a vehicle are always private and secret from any adversary in communication."
6,1,0,0,0,5,2,/MPLCXD+TimesLTStd-Bold,9.96,46.13,521.44,240.21,531.4,521.44,251.52,46.13,335.79,Unlinkability: Unlinkability of V2I authentication
6,0,0,0,0,55,2,/AUITKP+TimesLTStd-Roman,9.96,55.9,116.3,339.84,519.45,116.3,263.48,55.9,236.16,"messages from any particular vehicle in two different instances protects the vehicle route from being traced in the network. However, during V2V broadcasts, messages by the exact vehicle should be linked by the receiver vehicles only for a short period, also known as an epoch, which is allowed for driving assistance and other traffic purposes."
6,1,0,0,0,5,2,/MPLCXD+TimesLTStd-Bold,9.96,46.13,104.34,240.41,114.31,104.34,668.62,46.13,335.59,Message Confidentiality and integrity: Confidential
6,0,0,0,0,30,2,/AUITKP+TimesLTStd-Roman,9.96,55.9,-50.63,324.9,102.35,-50.63,680.58,55.9,251.1,"messages containing sensitive data must not be known by anyone except the intended participants. Also, whenever a message is received, its integrity must be checked before the receiver accepts it."
6,1,0,0,0,6,2,/MPLCXD+TimesLTStd-Bold,9.96,46.13,-62.59,220.29,-52.62,-62.59,835.55,46.13,355.71,"Mutual verifiability: Any two communicating entities,"
6,0,0,0,0,55,2,/AUITKP+TimesLTStd-Roman,9.96,55.9,-455.78,354.79,-64.58,-455.78,847.51,55.9,221.21,"such as vehicles and local inspectors, must check each other’s legal validity. Only a registered vehicle can be verified by the local inspector or by another vehicle during V2I or V2V data sharing. A malicious vehicle should never be able to pass a verification or forge itself as a verified vehicle to send messages successfully."
6,1,0,0,0,9,2,/MPLCXD+TimesLTStd-Bold,9.96,46.13,-467.73,245.19,-457.77,-467.73,1240.7,46.13,330.81,"Accountability: If a dispute is reported, the LI can"
6,0,0,0,0,17,2,/AUITKP+TimesLTStd-Roman,9.96,55.9,-491.64,349.8,-469.72,-491.64,1252.65,55.9,226.2,revoke the misbehaving vehicle from the system by immediately putting it into the list of malicious vehicles.
6,1,0,0,0,5,2,/MPLCXD+TimesLTStd-Bold,9.96,46.13,-503.6,170.67,-493.63,-503.6,1276.56,46.13,405.33,Resistance against MITM: The Man-in-the-middle
6,0,0,0,0,18,2,/AUITKP+TimesLTStd-Roman,9.96,55.9,-646.61,319.92,-505.59,-646.61,1288.52,55.9,256.08,attack (MITM) by an adversary listening to the communication should not succeed in acquiring secret or confidential data.
6,1,0,0,0,7,2,/MPLCXD+TimesLTStd-Bold,9.96,46.13,-658.57,240.21,-648.61,-658.57,1431.53,46.13,335.79,No replay attack: Authentication credentials from one
6,0,0,0,0,17,2,/AUITKP+TimesLTStd-Roman,9.96,55.9,-789.63,344.82,-660.56,-789.63,1443.49,55.9,231.18,vehicle can not be replayed by itself or any adversary to get verified at any other time.
6,1,0,0,0,6,2,/MPLCXD+TimesLTStd-Bold,9.96,46.13,-801.59,185.61,-791.62,-801.59,1574.55,46.13,390.38,Impersonation/Framing free: An adversary should not
6,0,0,0,0,30,2,/AUITKP+TimesLTStd-Roman,9.96,55.9,-1051.76,349.8,-803.58,-1051.76,1586.51,55.9,226.2,"be able to impersonate a legal entity such as a registered vehicle or LI. Also, a sender’s signature or identity can not be framed to send messages to a receiver."
6,1,0,0,0,8,2,/MPLCXD+TimesLTStd-Bold,9.96,46.13,-1063.71,245.19,-1053.75,-1063.71,1836.68,46.13,330.81,Nonrepudiation: The sender and receiver of a message
6,0,0,0,0,16,2,/AUITKP+TimesLTStd-Roman,9.96,55.9,-1194.78,319.92,-1065.71,-1194.78,1848.63,55.9,256.08,in V2V direct communication can not deny sending and receiving messages in case of a dispute.
6,1,0,0,0,9,2,/MPLCXD+TimesLTStd-Bold,9.96,46.13,-1206.73,280.06,-1196.77,-1206.73,1979.7,46.13,295.94,Sybil free: Making sure that each vehicle is registered
6,0,0,0,0,44,2,/AUITKP+TimesLTStd-Roman,9.96,46.13,-1361.71,580.36,-1208.72,-1361.71,1991.65,46.13,-4.36,"only once and they can not present multiple instances to 1) Initialization: Once SA has fixed the public secu- confuse the system. rity parameters, the CAs perform the initialization  Reducing Denial of Service (DoS) attack: If the network is flooded with malicious authentication requests,"
6,0,0,0,0,8,2,/AUITKP+TimesLTStd-Roman,9.96,321.32,-1467.03,595.3,-1457.07,-1467.03,2239.99,321.32,-19.3,subprotocol to generate and publish their public keys.
6,0,0,0,0,18,2,/AUITKP+TimesLTStd-Roman,9.96,55.9,-1480.81,515.6,-1469.02,-1480.81,2251.95,55.9,60.4,2) Registration: Each vehicle’s OBU needs to be regis- the designed protocol should be able to detect malicious
6,0,0,0,0,9,2,/AUITKP+TimesLTStd-Roman,9.96,321.32,-1490.94,585.34,-1480.98,-1490.94,2263.9,321.32,-9.34,tered by the CA before becoming a legitimate vehicle
6,0,0,0,0,7,2,/AUITKP+TimesLTStd-Roman,9.96,55.9,-1599.92,309.95,-1589.96,-1599.92,2372.89,55.9,266.05,requests quickly to become available to legitimate
6,0,0,0,0,27,2,/AUITKP+TimesLTStd-Roman,9.96,321.32,-1633.96,590.32,-1600.08,-1633.96,2383.01,321.32,-14.32,in the network. The driver’s personal information and vehicle data are shared secretly with the CA using a secure channel in offline mode during this phase. The
6,0,0,0,0,4,2,/AUITKP+TimesLTStd-Roman,9.96,55.9,-1719.03,165.49,-1709.07,-1719.03,2491.99,55.9,410.51,vehicles at all times.
6,0,0,0,1,3,4,/OWWUHR+FormataOTFMdIt,8.97,37.17,-1741.16,117.86,-1732.2,-1741.16,2515.13,37.17,458.14,C. SCHEME OVERVIEW
6,0,0,0,0,47,2,/AUITKP+TimesLTStd-Roman,9.96,36.17,-1993.33,595.3,-1743.1,-1993.33,2526.03,36.17,-19.3,"CA then generates a unique license for the vehicle and Considering the CAs as the top level in the hierarchy, injects it with a temporary pseudoID into the vehicle the proposed three-layered V ANET system performs the OBU securely. Also, the local inspectors are initially following subprotocols:"
6,0,0,0,0,5,2,/AUITKP+TimesLTStd-Roman,9.96,321.32,-2110.39,500.65,-2100.42,-2110.39,2883.35,321.32,75.35,registered with a corresponding CA.
6,0,0,0,0,9,2,/AUITKP+TimesLTStd-Roman,9.96,307.04,-2122.34,461.47,-2112.38,-2122.34,2895.31,307.04,114.53,"3) V2I authenticated key sharing: In this phase, each"
6,0,0,0,0,33,2,/AUITKP+TimesLTStd-Roman,9.96,321.32,-2491.62,605.26,-2124.34,-2491.62,2907.26,321.32,-29.26,vehicle in a particular region is verified by the LI and receives a secret symmetric key. This subprotocol is periodically performed to provide real-time traffic data and other information to legitimate active vehicles.
6,0,0,0,0,7,2,/AUITKP+TimesLTStd-Roman,9.96,307.04,-2503.58,445.86,-2493.61,-2503.58,3276.54,307.04,130.14,4) V2V direct communication: This subprotocol allows
6,0,0,0,0,33,2,/AUITKP+TimesLTStd-Roman,9.96,321.32,-2991.96,605.26,-2505.57,-2991.96,3288.5,321.32,-29.26,"verified vehicles to broadcast authenticated messages directly to their surrounding vehicles. A receiver vehicle can then verify the message’s authenticity locally. This communication typically includes sending emergency alerts, proximity alerts, or driving guidance."
6,0,0,0,0,8,2,/AUITKP+TimesLTStd-Roman,9.96,307.04,-3003.92,520.58,-2993.96,-3003.92,3776.89,307.04,55.42,5) Revocation: This subprotocol is designed to handle
6,0,0,0,0,39,2,/AUITKP+TimesLTStd-Roman,9.96,321.32,-3492.3,595.3,-3005.91,-3492.3,3788.84,321.32,-19.3,"dispute reports. A vehicle can send a report about a misbehaving vehicle to the LI, which then can identify and revoke the misbehaving vehicle from the system. Only the CA can reveal the misbehaving vehicle’s original identity if necessary."
6,0,0,0,0,10,2,/AUITKP+TimesLTStd-Roman,9.96,307.04,-3504.26,515.6,-3494.3,-3504.26,4277.23,307.04,60.4,6) Handover: When a vehicle changes from one LI to
6,0,0,0,0,34,2,/AUITKP+TimesLTStd-Roman,9.96,321.32,-3873.54,600.28,-3506.25,-3873.54,4289.18,321.32,-24.28,"another, a handover protocol is performed between the vehicle and the new LI in a privacy-preserving manner that allows the vehicle to change to the new LI without being traced by the previous LI(s)."
6,0,0,0,1,5,4,/OWWUHR+FormataOTFMdIt,8.97,298.07,-3895.46,396.7,-3886.49,-3895.46,4669.42,298.07,179.3,D. EPOCH AND EPOCH KEY
6,0,0,0,0,196,2,/AUITKP+TimesLTStd-Roman,9.96,297.08,-5208.08,610.91,-3899.44,-5208.08,4682.37,297.08,-34.91,"An epoch, ϵ , is a time frame similar to a session with a specified starting and ending time decided by the LIs. At the beginning of any epoch or during an epoch, vehicles in the network perform an authenticated V2I key sharing with the local verifier and receive a unique key valid only for that epoch. The local verifier decides the period of every epoch; however, the actual threshold is beyond our consideration in this paper. Once an epoch ϵ1 ends, a new epoch ϵ 2 starts with new authentication and pseudonyms for every active vehicle in the system. With V2I authentication, each verified vehicle in the region of an LI gets a unique secret symmetric key called the epoch key (ek). The epoch key is used to perform AES (Advanced Encryption Standards) encryption and decryption on broadcast messages by the inspector or the vehicles. Once an epoch ends and a new one starts, the local inspector distributes a new epoch key with a V2I verification process to its region. Each epoch key is unique and unlikable for every session to guarantee both forward and backward security. An AES encryption is presented with the notation"
6,0,0,0,1,4,11,/NAYGWR+FormataOTF-Reg,5.98,36.17,-5225.92,81.0,-5218.95,-5225.92,6001.88,36.17,495.0,"VOLUME 12, 2024 68653"
7,0,0,0,0,11,10,/NAYGWR+FormataOTF-Reg,6.97,295.79,744.73,567.78,751.7,744.73,31.23,295.79,8.22,S. Naskar et al.: Scheme for Distributed Vehicle Authentication and Revocation
7,0,0,0,0,30,2,/PQPVLW+RMTMI,9.96,36.17,687.92,315.28,709.9,687.92,73.03,36.17,260.72,"ct = Enc ( k, m , and decryption is presented as m =) Dec ( k, ct  k , m, ct are a key, plaintext and cyphertext ) where"
7,0,0,0,1,7,4,/OWWUHR+FormataOTFMdIt,8.97,36.17,641.45,243.38,662.37,641.45,120.56,36.17,332.62,E. ELLIPTIC CURVE DIGITAL SIGNATURE ALGORITHM (ECDSA)
7,0,0,0,0,14,2,/AUITKP+TimesLTStd-Roman,9.96,36.17,627.5,323.31,637.46,627.5,145.47,36.17,252.69,"For a prime field F, where p is a large prime, an elliptic curvep"
7,0,0,0,0,17,2,/HHYGCB+TimesLTStd-Italic,9.96,36.17,615.55,271.65,629.12,615.55,153.8,36.17,304.35,"2 = 3 +E is defined by the equation E(a, b) : y x ax +  b"
7,0,0,0,0,19,2,/HHYGCB+TimesLTStd-Italic,9.96,36.17,603.59,279.11,613.55,603.59,169.38,36.17,296.89,"mod p  with a , b ∈  F . For a given point P ∈  E , and p"
7,0,0,0,0,11,2,/AUITKP+TimesLTStd-Roman,9.96,36.17,591.63,310.75,601.6,591.63,181.33,36.17,265.25,"any integer x, a scalar multiplication in ECC is given by"
7,0,0,0,0,17,2,/HHYGCB+TimesLTStd-Italic,9.96,36.17,579.68,297.79,589.64,579.68,193.29,36.17,278.21,x P = P + P + . . .+P(x -times). Any point P with the smallest
7,0,0,0,0,57,2,/AUITKP+TimesLTStd-Roman,9.96,36.17,520.2,348.52,577.69,520.2,205.24,36.17,227.48,"order q in ECC is called a base point if it can generate all the points in the curve, i.e., for q is the smallest positive integer for which qP =  O, where O  is the order of the elliptic curve. The security of ECC comes from the following properties: Elliptic curve discrete logarithm problem or ECDLP"
7,0,0,0,0,14,2,/HHYGCB+TimesLTStd-Italic,9.96,55.9,508.24,284.89,518.2,508.24,264.72,55.9,291.11,"which states that for a given P and Q  =  x .P, it is"
7,0,0,0,0,17,2,/AUITKP+TimesLTStd-Roman,9.96,46.13,472.38,325.1,506.25,472.38,276.68,46.13,250.9,computationally infeasible to find x ∈ Fp in polynomial time [16]. Elliptic curve computational Defile-Hellman problem or
7,0,0,0,0,14,2,/HHYGCB+TimesLTStd-Italic,9.96,55.9,353.27,285.26,363.23,353.27,419.7,55.9,290.74,"ECCDHP states that given P, Q =  x .P, R  = yP, it is"
7,0,0,0,0,8,2,/AUITKP+TimesLTStd-Roman,9.96,55.9,341.31,258.74,351.28,341.31,431.65,55.9,317.26,infeasible to compute xyP in a polynomial time.
7,0,0,0,0,17,10,/ENXOBD+FormataOTF-Bold,6.97,46.13,329.65,492.35,341.22,329.65,441.71,46.13,83.65,"FIGURE 3. Protocols phases denoting the parties involved and the Using the elliptic curve cryptographic principles, the"
7,0,0,0,0,13,2,/VNTSGZ+NimbusSanL-Regu,9.96,36.17,317.7,277.21,327.66,317.7,455.27,36.17,298.79,"ECDSA uses a public key pair (sk, pk =  sk.P) to sign and"
7,0,0,0,0,140,2,/AUITKP+TimesLTStd-Roman,9.96,36.17,221.88,590.99,315.53,221.88,467.4,36.17,-14.99,"verify signatures on messages [30]. A sender uses the secret key sk  to sign the hashed value of a message m to generate A. INITIALIZATIONthe signature σ, an elliptic curve point. Then, the signature At the very beginning, the scheme authority has to set all can be verified using the public key pk at the receiver side. global security parameters and the elliptic curve E(a, b) over pThe signature and verification process used in our protocol to the finite field F P  of order q in E . Also, p with a base pointpsign and verify messages follows the below notations: the SA decides three collision-free hash functions as below:ECDSA signature Process: Sign (sk, h(m), i.e. ) − → 1) An elliptic curve point to string hash function H :sign the hashed message h(m) with secret key sk to generate"
7,0,0,0,0,12,2,/AUITKP+TimesLTStd-Roman,9.96,321.32,210.99,573.13,224.57,210.99,558.36,321.32,2.87,"l whereE(a, b) → {0,1} l  is the fixed size length of"
7,0,0,0,0,59,2,/AUITKP+TimesLTStd-Roman,9.96,36.17,173.63,557.18,219.89,173.63,563.04,36.17,18.82,"signature σ.  p the hashed value. ECDSA verification Process: Ver (pk, h(m), σ) − → 2) A hash function to generate k −bit fixed-length strings (T /F), i.e. verify if the signature σ on hashed message h(m) from random length message string as H 10,1}is valid (T ) or invalid (F ) using the public key pk. : {"
7,0,0,0,0,4,2,/AUITKP+TimesLTStd-Roman,9.96,321.32,163.17,358.56,176.75,163.17,606.18,321.32,217.44,"k . {0, 1}"
7,0,0,0,0,13,2,/AUITKP+TimesLTStd-Roman,9.96,37.17,151.22,600.95,161.18,151.22,621.75,37.17,-24.95,"3) Finally, a hash function to generate field element from IV. PROPOSED SCHEME"
7,0,0,0,0,9,2,/AUITKP+TimesLTStd-Roman,9.96,321.32,139.26,505.51,152.84,139.26,630.09,321.32,70.49,"→ . random length strings as H 20,1} Z"
7,0,0,0,0,31,2,/AUITKP+TimesLTStd-Roman,9.96,36.17,126.09,586.01,148.45,126.09,634.48,36.17,-10.01,"The proposed scheme is designed to achieve a mutual epoch-   : { q based V2I verification with key sharing, and V2V direct Then, each CA is individually initialized with a public"
7,0,0,0,0,49,2,/AUITKP+TimesLTStd-Roman,9.96,297.08,78.27,590.99,124.09,78.27,658.83,297.08,-14.99,"key pair by randomly selecting a secret value sk ZC ∈ q which serves as its private key and generates a public key as pk  sk  P. Then, each CA publishes its own public C ·C = key. The CAs use their public key pair to perform ECDSA on"
7,0,0,0,0,7,2,/AUITKP+TimesLTStd-Roman,9.96,36.17,7.42,325.1,17.39,7.42,765.54,36.17,250.9,"authenticated message sharing, suitable for the developed"
7,0,0,0,0,24,2,/AUITKP+TimesLTStd-Roman,9.96,297.08,-64.75,595.97,-30.88,-64.75,813.81,297.08,-19.97,messages to generate verifiable signatures. Each CA is also initialized with a randomly generated secret string (rk C) used as the vehicle registration key.
7,0,0,0,1,4,10,/NAYGWR+FormataOTF-Reg,6.97,36.17,-82.59,83.99,-75.62,-82.59,858.55,36.17,492.01,"68654 VOLUME 12, 2024"
7,0,0,0,0,130,2,/AUITKP+TimesLTStd-Roman,9.96,36.17,-1136.28,345.02,-101.72,-1136.28,884.65,36.17,230.98,"system and threat models mentioned above. The local inspector can authenticate a verification tuple sent by a vehicle during an epoch, and vehicles can use their public key to prove and communicate with other vehicles directly. A misbehaving vehicle can be reported to the inspector, who can then revoke it from the system without revealing its original identity. When a vehicle moves from one inspector region to another, a simple privacy-preserved handover protocol is performed for a smooth flow of the vehicle. The communication flow in all the protocol phases involving communicating parties and message transfer is denoted in Figure 3. All the notations used in the proposed scheme are presented with descriptions in Table 2. The detailed descriptions of the sub-protocols that construct our proposed model are presented below."
8,0,0,0,0,11,10,/NAYGWR+FormataOTF-Reg,6.97,36.17,744.73,308.16,751.7,744.73,31.23,36.17,267.84,S. Naskar et al.: Scheme for Distributed Vehicle Authentication and Revocation
8,1,0,0,0,8,10,/ENXOBD+FormataOTF-Bold,6.97,36.17,704.63,182.62,711.61,704.63,71.32,36.17,393.38,TABLE 2. Notation descriptions used in the scheme.
8,0,0,0,1,2,4,/OWWUHR+FormataOTFMdIt,8.97,37.17,450.05,104.41,459.02,450.05,323.91,37.17,471.59,B. REGISTRATION
8,0,0,0,0,84,2,/AUITKP+TimesLTStd-Roman,9.96,36.17,-315.92,359.77,446.06,-315.92,336.86,36.17,216.23,"Once the initialization is completed, components such as local inspectors and vehicles can be added to the network by registering them to a corresponding CA using a secure channel. The registration process for a local inspector is as follows: The installation location of the LI, the network information that it is connected to, and a unique identity for each LI is decided and securely injected by a corresponding CA responsible for that specific region. The local inspector then chooses a random secret skL ∈"
8,0,0,0,0,12,2,/VNTSGZ+NimbusSanL-Regu,9.96,55.9,-328.77,252.35,-316.13,-328.77,1099.06,55.9,323.65,Z  pk  sk  PL ·L =q and computes its public key as
8,0,0,0,0,12,2,/AUITKP+TimesLTStd-Roman,9.96,46.13,-340.5,289.51,-328.08,-340.5,1111.01,46.13,286.49,"Then the LI shares pk L with the CA, who signs the"
8,0,0,0,0,10,2,/ZXELRP+BLEX,9.96,55.9,-353.95,314.93,-340.04,-353.95,1122.97,55.9,261.07,public key using ECDSA to generate the signature as (())
8,0,0,0,0,73,2,/AUITKP+TimesLTStd-Roman,9.96,36.17,-778.51,330.08,-351.99,-778.51,1134.92,36.17,245.92,"Sign sk , H pk  σ .CL() Now CA shares pk , σ to the corresponding inspector, L who then can share it with vehicles within its region upon receiving a request. A vehicle can initially register to a chosen CA, and the corresponding CA becomes a parent CA for that particular vehicle. The registration process for a vehicle with a corresponding CA is as follows: The vehicle shares vehicle information (VI), which"
8,0,0,0,0,21,2,/AUITKP+TimesLTStd-Roman,9.96,307.04,-813.65,536.19,-790.24,-813.65,1573.17,307.04,39.81,Then the CA generates a unique license number LIC for the vehicle by computing LIC =  H VI||UI||rk  P.) ·2 (C
8,0,0,0,0,9,2,/ZXELRP+BLEX,9.96,307.04,-828.06,522.06,-814.15,-828.06,1597.08,307.04,53.94,CA then generates a long term pseudoID α  =()
8,0,0,0,0,42,2,/AUITKP+TimesLTStd-Roman,9.96,307.04,-883.89,590.79,-826.1,-883.89,1609.03,307.04,-14.79,"H H ||t  LIC where β  is a random string that ) ·2 (β serves as an ephemeral token, and t is the current timestamp. CA stores the LIC permanently and stores corresponding temporarily with an expiry time. Also, it injects the"
8,0,0,0,0,20,2,/AUITKP+TimesLTStd-Roman,9.96,55.9,-897.62,570.27,-885.88,-897.62,1668.81,55.9,5.73,"values {LIC, α, β } and the expiry time in the OBU unit may consist of vehicle serial number, manufacture"
8,0,0,0,0,15,2,/AUITKP+TimesLTStd-Roman,9.96,307.04,-919.75,595.97,-897.84,-919.75,1680.76,307.04,-19.97,"of the vehicle securely. The CA is now the parent CA for that particular vehicle,"
8,0,0,0,0,7,2,/AUITKP+TimesLTStd-Roman,9.96,55.9,-1016.73,329.88,-1006.76,-1016.73,1789.69,55.9,246.12,"information, and engine information, together with the"
8,0,0,0,0,19,2,/AUITKP+TimesLTStd-Roman,9.96,316.8,-1050.82,580.82,-1028.9,-1050.82,1811.83,316.8,-4.82,"and it also shares {α, β} with the region-specific local inspector where the vehicle is issued using the pre-"
8,0,0,0,0,44,2,/AUITKP+TimesLTStd-Roman,9.96,46.13,-1183.65,416.43,-1125.87,-1183.65,1908.8,46.13,159.57,"owner’s original identity ( UI) to a regional CA using a secure channel. After receiving the information, the CA first computes established channel.VI||UIH) and sends it to other connected CAs using a 1 ( secure channel to check if the user is already registered"
8,0,0,0,0,14,4,/AUITKP+TimesLTStd-Roman,8.97,55.9,-1197.22,401.18,-1185.65,-1197.22,1968.58,55.9,174.82,to another CA. Other CAs can compute the same hash C. AUTHENTICATION FOR V2I
8,0,0,0,0,12,2,/AUITKP+TimesLTStd-Roman,9.96,297.08,-1211.17,586.01,-1201.21,-1211.17,1984.14,297.08,-10.01,To be able to use the V ANET system resources and receive
8,0,0,0,0,10,2,/AUITKP+TimesLTStd-Roman,9.96,55.9,-1314.72,339.84,-1304.75,-1314.72,2087.68,55.9,236.16,for their registered user and check if the received hash
8,0,0,0,0,9,2,/AUITKP+TimesLTStd-Roman,9.96,297.08,-1330.28,600.95,-1320.31,-1330.28,2103.24,297.08,-24.95,"local traffic data, each vehicle must prove its authenticity"
8,0,0,0,0,41,2,/AUITKP+TimesLTStd-Roman,9.96,55.9,-1461.34,605.93,-1423.86,-1461.34,2206.79,55.9,-29.93,"already exists. If it exists, the corresponding CA reports it to the requesting CA. Otherwise, it discards the to the local inspector. A vehicle first requests and receives message. the public key (pk L) of the local inspector and then checks"
8,0,0,0,0,11,2,/ZXELRP+BLEX,9.96,297.08,-1477.24,570.28,-1463.33,-1477.24,2246.26,297.08,5.72,the validity of pkL using the ECDSA verification process as (())
8,0,0,0,0,99,2,/AUITKP+TimesLTStd-Roman,9.96,297.08,-1692.69,610.91,-1475.29,-1692.69,2258.22,297.08,-34.91,"Ver pk , H pk , σ → {T , F }, where pkCL C is the public key of the corresponding CA under which the LI is registered. This verification takes place only once, and the vehicle accepts and stores the LI’s public key for future use if the result is ′T ′ . Following are the steps a vehicle performs that act as a prover during authentication with the local inspector as the verifier: the vehicle first selects a random value sk ZV ∈ q and computes its temporary public key as pk sk  P,V ·V ="
8,0,0,0,0,8,2,/ZXELRP+BLEX,9.96,307.04,-1706.14,524.88,-1692.23,-1706.14,2475.16,307.04,51.12,"then, it computes a randomized certificate δv =(())"
8,0,0,0,0,74,2,/AUITKP+TimesLTStd-Roman,9.96,307.04,-1916.94,600.75,-1704.18,-1916.94,2487.11,307.04,-24.75,"H ||t|| ||H pk with current timestamp t,1V the vehicle computes an intermediate value ct1 =() Enc H(sk  pk ), β||r with auxiliary information r, V ·L such as priority-based data or special requests that a vehicle might want to send. Priority data can be added by ambulance, police vehicle, or any other emergency response service vehicle that might need priority in the verification queue at LI. It then sends the authentication message tuple"
8,0,0,0,0,15,2,/PQPVLW+RMTMI,9.96,316.8,-2036.51,576.7,-2026.09,-2036.51,2809.01,316.8,-0.7,"{ , ct , pk , t} to the local inspector using the public v1V"
8,0,0,0,0,67,2,/AUITKP+TimesLTStd-Roman,9.96,297.08,-2455.34,615.89,-2052.19,-2455.34,2835.12,297.08,-39.89,"In its current epoch, the local inspector generates and holds a unique epoch key ek, which will be shared with authenticated vehicles. Once a verification request is received at time t, −the LI checks if (t ′ t) ≤  1 t , where 1t is a predefined threshold for the maximum allowed time between sending and receiving. If satisfied, the LI moves on to the following checks."
8,0,0,0,0,62,2,/AUITKP+TimesLTStd-Roman,9.96,307.04,-2529.26,590.79,-2459.52,-2529.26,3242.45,307.04,-14.79,"Get back ( || r) =  Dec H(pk  sk ), ct and find 1LV · a match with β in the local database of the LI to get corresponding α. If no match is found, LI discards the authentication request. If r is priority info and α belongs to a priority vehicle, put the authentication request at the top of the queue."
8,0,0,0,1,4,11,/NAYGWR+FormataOTF-Reg,5.98,36.17,-2547.1,81.01,-2540.13,-2547.1,3323.06,36.17,495.0,"VOLUME 12, 2024 68655"
9,0,0,0,0,11,10,/NAYGWR+FormataOTF-Reg,6.97,295.79,744.73,567.78,751.7,744.73,31.23,295.79,8.22,S. Naskar et al.: Scheme for Distributed Vehicle Authentication and Revocation
9,0,0,0,0,13,2,/NAFEGV+MTSYN,9.96,307.04,699.94,544.63,713.51,699.94,69.41,307.04,31.37,"−Once received by the vehicle at time t, it checks if (t ′"
9,1,0,0,0,7,2,/MPLCXD+TimesLTStd-Bold,9.96,41.15,699.22,230.45,709.18,699.22,73.74,41.15,345.55,Algorithm 1 V2I Authentication Verification at LI
9,0,0,0,0,20,2,/VNTSGZ+NimbusSanL-Regu,9.96,46.13,685.2,584.4,697.94,685.2,84.99,46.13,-8.4,"t) ≤  1 t . If yes, then the vehicle performs the following Input: Verification tuple {, ct, pk, t}"
9,0,0,0,0,3,8,/HHYGCB+TimesLTStd-Italic,7.57,155.66,684.73,195.98,693.66,684.73,89.26,155.66,380.02,v 1 V
9,0,0,0,0,18,2,/AUITKP+TimesLTStd-Roman,9.96,46.13,673.24,590.99,685.99,673.24,96.94,46.13,-14.99,"computations to ensure that the confirmation came from the Output: Verified with response tuple [ack, ct, t, σ]"
9,0,0,0,0,7,2,/MPLCXD+TimesLTStd-Bold,9.96,37.66,649.33,119.58,662.91,649.33,120.02,37.66,456.42,−1 if (t t) ≤ 1t then
9,0,0,0,0,14,2,/AUITKP+TimesLTStd-Roman,9.96,38.06,634.82,244.4,647.24,634.82,135.69,38.06,331.6,"2 ( ||r) =  Dec H(pk  sk ), ct , extract β, r1LV ·"
9,0,0,0,0,3,2,/ZXELRP+BLEX,9.96,83.19,633.23,159.71,643.19,633.23,139.73,83.19,416.29,( ( ))
9,0,0,0,0,9,2,/NAFEGV+MTSYN,9.96,38.06,623.73,196.4,635.18,623.73,147.74,38.06,379.6,3 if  H ||t|| ||H pk =1 v thenV
9,1,0,0,0,5,10,/MPLCXD+TimesLTStd-Bold,6.97,38.46,601.31,167.98,623.23,601.31,159.7,38.46,408.02,4 Authentication successful 5 Compute:
9,0,0,0,0,15,2,/AUITKP+TimesLTStd-Roman,9.96,81.8,577.3,267.69,599.22,577.3,183.71,81.8,308.31,"ct  Enc H(pk  sk ), ( ||ek|| ||r) with 2 =LV · new β  value"
9,1,0,0,0,5,10,/MPLCXD+TimesLTStd-Bold,6.97,38.46,565.35,148.05,575.31,565.35,207.62,38.46,427.95,6 Sign the public key:
9,0,0,0,0,4,2,/ZXELRP+BLEX,9.96,101.73,561.3,178.52,571.26,561.3,211.66,101.73,397.48,( ( ) )
9,0,0,0,0,13,2,/AUITKP+TimesLTStd-Roman,9.96,81.8,553.29,610.91,566.88,553.29,216.05,81.8,-34.91,"original local inspector and that the integrity of the message Signsk, Hpk|| σ"
9,0,0,0,1,1,5,/MHGKZS+CMSY8,7.97,115.71,552.83,203.15,561.76,552.83,221.17,115.71,372.85,1LV
9,0,0,0,0,13,2,/AUITKP+TimesLTStd-Roman,9.96,38.46,539.84,251.85,551.3,539.84,231.63,38.46,324.15,7 Compute ack  =  H ct ||t|| ||H (σ )) with 1 (21
9,0,0,0,0,10,2,/AUITKP+TimesLTStd-Roman,9.96,38.46,517.42,224.65,527.39,517.42,255.54,38.46,351.35,"8 Send response tuple: [ack, ct , t, σ ]21"
9,1,0,0,0,10,10,/MPLCXD+TimesLTStd-Bold,6.97,34.18,465.62,214.31,515.43,465.62,267.5,34.18,361.69,"9 else 10 Authentication unsuccessful, reject 11 else 12 Reject"
9,0,0,0,0,12,2,/ZXELRP+BLEX,9.96,129.94,437.81,590.99,447.94,437.81,334.99,129.94,-14.99,( ( )) is preserved. This stepwise acknowledgment process is also ?
9,0,0,0,0,12,2,/AUITKP+TimesLTStd-Roman,9.96,46.13,427.28,274.59,439.93,427.28,343.0,46.13,301.41,Compute δ  H ||t|| ||H pk and check if δ =1Vv =v
9,0,0,0,0,62,2,/AUITKP+TimesLTStd-Roman,9.96,46.13,358.23,357.95,427.97,358.23,354.96,46.13,218.05,". If yes, then the certificate is valid and authenticated. v Otherwise, the certificate is invalid and rejected. Generate a new string β and compute intermediate ct2 =() Enc H(pk  sk ), ( ||ek|| ||r) and r  is an auxiliary LV · value. Note r can also be a special response for priority vehicles, such as a group key or confidential message."
9,0,0,0,0,11,2,/ZXELRP+BLEX,9.96,46.13,342.33,305.17,356.24,342.33,426.69,46.13,270.83,"Using ECDSA, sign the public key of the vehicle as (())"
9,0,0,0,0,16,2,/AUITKP+TimesLTStd-Roman,9.96,46.13,318.7,421.62,344.29,318.7,438.64,46.13,154.38,"Sign sk , H pk ||  σ .1LV Generate an acknowledgment as: presented in Algorithm 2."
9,0,0,0,0,13,2,/AUITKP+TimesLTStd-Roman,9.96,307.04,301.94,535.5,313.4,301.94,469.53,307.04,40.5,Compute and check if ack  H ct ||t|| ||H (σ =)) ?1 (21
9,0,0,0,0,3,2,/ZXELRP+BLEX,9.96,316.81,287.53,539.25,301.44,287.53,481.49,316.81,36.75,ack. ( )
9,0,0,0,0,47,2,/AUITKP+TimesLTStd-Roman,9.96,297.08,230.54,600.95,289.49,230.54,493.44,297.08,-24.95,"If yes, then ( ||ek|| ||r) =  Dec H(sk  pk ), ct2V ·L Extract and save β, the epoch key ek, and the epoch information ϵ in its OBU memory temporarily. Stores the signature σ1 until the epoch ends. Once authenticated by the local inspector, vehicles actively"
9,0,0,0,0,47,2,/AUITKP+TimesLTStd-Roman,9.96,41.15,167.43,335.06,213.4,167.43,569.53,41.15,240.94,"Algorithm 2 V2I Authentication Acknowledgement ack = Hct||t||||H (σ, where t is the current ))1 (21 at Vehicletimestamp. Input: Response tuple [ack, ct , t, σ ] Send the authentication response tuple to the vehicle as 21 Output: Accept and store (β, ek , ϵ )/ Reject"
9,0,0,0,0,7,2,/MPLCXD+TimesLTStd-Bold,9.96,37.66,155.48,119.58,169.06,155.48,613.87,37.66,456.42,−1 if (t t) ≤ 1t then
9,0,0,0,0,11,2,/AUITKP+TimesLTStd-Roman,9.96,38.06,142.03,184.06,153.49,142.03,629.44,38.06,391.94,2 if  H ct ||t|| ||H (σ ack then)) =1 (21
9,0,0,0,0,22,2,/AUITKP+TimesLTStd-Roman,9.96,38.46,118.02,262.93,141.43,118.02,641.5,38.46,313.07,"3 ( ||ek|| ||r) =  Dec H(sk  pk ), ct2V ·L 4 Extract and store β,  ek, ϵ, σ1 for the epoch"
9,0,0,0,0,9,2,/AUITKP+TimesLTStd-Roman,9.96,81.8,107.56,600.95,121.39,107.56,661.54,81.8,-24.95,join the network and receive traffic-related broadcasts from period
9,1,0,0,0,8,10,/MPLCXD+TimesLTStd-Bold,6.97,37.66,67.71,123.15,105.56,67.71,677.36,37.66,452.85,5 else 6 Reject and retry 7 else
9,0,0,0,0,6,2,/AUITKP+TimesLTStd-Roman,9.96,55.9,60.24,123.76,70.2,60.24,712.73,55.9,452.24,"[ack, ct , t, σ ].21"
9,1,0,0,0,4,10,/MPLCXD+TimesLTStd-Bold,6.97,38.06,55.75,122.75,65.71,55.75,717.21,38.06,453.25,8 Reject and retry
9,0,0,0,0,25,2,/AUITKP+TimesLTStd-Roman,9.96,46.13,24.38,315.27,58.25,24.38,724.68,46.13,260.73,Remove the old β value and replace it with the new one for the corresponding pseudoID α. This process is also presented in Algorithm 1.
9,0,0,0,0,49,2,/AUITKP+TimesLTStd-Roman,9.96,297.08,-55.5,605.93,2.28,-55.5,780.64,297.08,-29.93,the local inspector (V2I) using the shared epoch key ek. Symmetric encryption can be done on the messages using the epoch key ek and then signed by the LI as proof of authenticity. Below is a detailed description of how vehicles communicate with each other following a similar process.
9,0,0,0,1,4,4,/OWWUHR+FormataOTFMdIt,8.97,298.07,-79.58,419.12,-70.61,-79.58,853.54,298.07,156.88,D. DIRECT V2V COMMUNICATION
9,0,0,0,0,220,2,/AUITKP+TimesLTStd-Roman,9.96,297.08,-883.0,610.91,-83.56,-883.0,866.49,297.08,-34.91,"Throughout an epoch, vehicles directly communicate with their surrounding vehicle(s) through short-range V2V communication and share important traffic messages. This message sharing must be mutually verifiable and privacy-preserving for both the sender and receiver sides. Let us consider an example where a sender vehicle VS wants to send a message to the receiver vehicle V. To do so, the sender R vehicle V  V . S has to convince its legitimacy to the receiverR Also, V R has to ensure that the received message is not from a sender V S who has been blacklisted in the current epoch time ϵ by the corresponding LI. For ease of understanding, the public and private key pairs for V VS andR are represented by (pk sk pk V  skVVVS ) and ( R ) respectively. The following S ,R , are the steps of the direct V2V communication sub-protocol: The sender vehicle V  m  with S generates the message timestamp t and computes an epoch specific value ρ = H ek|| ||t .)1 ( Depending on the type of the message m, there are two cases; case 1: m is a broadcast message (not confidential to receiver vehicles), and case 2: m is a confidential message to receiver V).R For case 1, the sender V m  using the epoch key S encrypts"
9,0,0,0,0,15,2,/PQPVLW+RMTMI,9.96,316.81,-897.41,571.35,-883.5,-897.41,1666.43,316.81,4.65,"as ζ = Enc ( ek, m ) and for case 2, the sender encrypts)("
9,0,0,0,0,10,2,/HHYGCB+TimesLTStd-Italic,9.96,316.81,-909.05,459.49,-895.46,-909.05,1678.39,316.81,116.51,"pk , m .m as ζ = EncH(skVVs ·R )"
9,0,0,0,0,43,2,/AUITKP+TimesLTStd-Roman,9.96,307.04,-954.74,548.24,-907.41,-954.74,1690.34,307.04,27.76,"Then V  m  H m )S computes a message digesth =1 ( and using its secret key it signs ζ, ρ, m h as () Sign sk  H || ||m  ( ).)1 (ζh2VS , For a non-confidential broadcast (case 1), VS sends the"
9,0,0,0,0,9,2,/PQPVLW+RMTMI,9.96,316.81,-968.83,433.17,-955.23,-968.83,1738.16,316.81,142.83,"tuple [ζ, m , σ, σ, pk  t].h12VS ,"
9,0,0,0,0,25,2,/AUITKP+TimesLTStd-Roman,9.96,307.04,-1001.06,555.92,-967.19,-1001.06,1750.12,307.04,20.08,"For a confidential message (case 2), the vehicle VS includes the public key of the intended receiver pkVR in the tuple and then sends it."
9,0,0,0,0,19,2,/AUITKP+TimesLTStd-Roman,9.96,297.08,-1026.14,554.52,-1004.22,-1026.14,1787.15,297.08,21.48,"Once received, the receiver vehicle VR checks the timestamp and verifies the following to accept the message m from"
9,0,0,0,1,4,10,/NAYGWR+FormataOTF-Reg,6.97,36.17,-1046.97,83.99,-1039.99,-1046.97,1822.92,36.17,492.01,"68656 VOLUME 12, 2024"
10,0,0,0,0,11,10,/NAYGWR+FormataOTF-Reg,6.97,36.17,744.73,308.16,751.7,744.73,31.23,36.17,267.84,S. Naskar et al.: Scheme for Distributed Vehicle Authentication and Revocation
10,1,0,0,0,7,2,/MPLCXD+TimesLTStd-Bold,9.96,41.15,699.22,220.48,709.18,699.22,73.74,41.15,355.51,Algorithm 3 V2V Direct Verification at Receiver
10,0,0,0,0,13,2,/PQPVLW+RMTMI,9.96,46.13,681.57,240.79,695.16,681.57,87.77,46.13,335.21,"Input: Sender’s tuple [ζ, m , σ, σ, pk  t], and ρh12VS ,"
10,0,0,0,0,4,2,/MPLCXD+TimesLTStd-Bold,9.96,46.13,673.24,160.71,683.2,673.24,99.73,46.13,415.29,Output: Receiver accept/reject m
10,0,0,0,0,36,2,/AUITKP+TimesLTStd-Roman,9.96,37.66,647.17,578.7,673.04,647.17,109.89,37.66,-2.7,"m that includes a dispute summary. Then it 1 Compute ρ = Hek||||t t) with received1 (() encrypts it as ct Enc H(sk pk ), ||m . Then, it signsm =V2 if pk Blist thenLR .()"
10,0,0,0,1,3,5,/MHGKZS+CMSY8,7.97,65.23,645.7,80.42,656.84,645.7,126.09,65.23,495.58,V S ⊆
10,0,0,0,0,26,2,/AUITKP+TimesLTStd-Roman,9.96,37.66,625.3,549.98,649.13,625.3,133.8,37.66,26.02,"ct sk  H ct ||ρ)m using its secret key as: Sign1 (mV3 RejectR , ; where ρ  is same as generated when receiving the 34 else"
10,0,0,0,0,4,2,/ZXELRP+BLEX,9.96,85.54,621.25,180.43,631.22,621.25,151.71,85.54,395.57,( ( ) )
10,0,0,0,0,18,2,/AUITKP+TimesLTStd-Roman,9.96,38.06,613.25,591.86,625.22,613.25,157.71,38.06,-15.86,"message from V S . Finally, a dispute report tuple containing 5 if Verpk, Hpk||ϵ, σ→ {T} then1"
10,0,0,0,1,3,5,/MHGKZS+CMSY8,7.97,100.08,612.78,143.46,620.75,612.78,162.18,100.08,432.54,L V S
10,0,0,0,0,15,2,/HHYGCB+TimesLTStd-Italic,9.96,131.92,603.3,579.52,614.49,603.3,168.44,131.92,-3.52,"S , pk  pk  t] is sent to the local inspec- [, σ, ζ,m, ctm23h"
10,0,0,0,0,9,2,/PQPVLW+RMTMI,9.96,38.46,599.67,425.45,610.81,599.67,172.12,38.46,150.55,"V V6 Public key pk ϵS , R ,"
10,0,0,0,0,6,2,/ZXELRP+BLEX,9.96,103.37,596.2,261.44,607.11,596.2,175.82,103.37,314.56,V is valid in current epoch()
10,0,0,0,0,14,2,/AUITKP+TimesLTStd-Roman,9.96,297.08,591.34,567.44,602.75,591.34,180.18,297.08,8.56,E. REVOCATIONtor. Note that the timestamp t in this tuple is the same as
10,0,0,0,0,14,2,/AUITKP+TimesLTStd-Roman,9.96,38.46,586.7,259.8,598.16,586.7,184.77,38.46,316.2,"7 if  Ver pk  H || ||m → {T } then) , σ1 (ζh2V"
10,0,1,0,1,2,11,/HHYGCB+TimesLTStd-Italic,5.98,123.14,584.56,133.1,594.53,584.56,188.4,123.14,442.9,"S ,"
10,0,0,0,0,25,2,/AUITKP+TimesLTStd-Roman,9.96,38.86,576.12,569.62,589.79,576.12,193.13,38.86,6.38,"Suppose a vehicle Vreceived from VR wants to send a dispute report com- S . Now, the local inspector performs the 8 Sender V ζ"
10,0,1,0,0,3,8,/HHYGCB+TimesLTStd-Italic,7.57,128.42,574.62,198.16,584.59,574.62,198.34,128.42,377.84,S indeed signed
10,0,0,0,0,19,2,/HHYGCB+TimesLTStd-Italic,9.96,38.86,564.16,563.0,577.84,564.16,205.09,38.86,13.0,"mitted by another vehicle V Vfollowing steps:S to the LI. In that case, firstR9 if receive = non-confidential broadcast"
10,0,0,0,0,3,2,/AUITKP+TimesLTStd-Roman,9.96,97.14,552.21,381.76,565.88,552.21,217.04,97.14,194.24,creates a messagethen
10,0,0,0,0,10,2,/MPLCXD+TimesLTStd-Bold,9.96,35.77,540.25,386.75,552.5,540.25,230.43,35.77,189.25,"Algorithm 4 Revocation by LI10 m = Dec (ek, ζ)"
10,0,0,0,0,16,2,/PQPVLW+RMTMI,9.96,35.37,524.76,502.37,538.35,524.76,244.58,35.37,73.63,"Input: Report [ , σ, ζ,m , t, ct , pk  pk11 else23hmVVS , R ]"
10,0,0,0,0,15,2,/MPLCXD+TimesLTStd-Bold,9.96,35.77,512.8,513.42,526.4,512.8,256.53,35.77,62.58,Output: Revoke  pk  pk12 if receive = confidential thenV VS / Account R / Malicious
10,0,0,0,0,16,2,/AUITKP+TimesLTStd-Roman,9.96,36.17,502.86,486.56,514.32,502.86,268.61,36.17,89.44,"1 Compute ρ  = H ek|| ||t  t) using received13 m = DecH(sk pk, ζ1 (VV"
10,0,0,0,1,5,2,/HHYGCB+TimesLTStd-Italic,9.96,190.76,500.31,436.49,511.3,500.31,271.63,190.76,139.51,R · S ) )(
10,0,0,0,0,14,2,/AUITKP+TimesLTStd-Roman,9.96,298.57,488.67,477.57,502.27,488.67,280.66,298.57,98.43,"H || ||m → {T } & 2 if Verpk) , σ1 (ζh2VS ,"
10,0,0,0,0,5,2,/ZXELRP+BLEX,9.96,35.37,484.18,424.1,498.1,484.18,284.83,35.37,151.9,)(14 if Hm m) =
10,0,0,0,0,13,2,/AUITKP+TimesLTStd-Roman,9.96,107.93,480.13,475.14,492.71,480.13,290.22,107.93,100.86,"1 ( h then  H ct ||ρ) , σ → {T } thenVerpk"
10,0,0,0,0,5,2,/AUITKP+TimesLTStd-Roman,9.96,340.08,476.04,421.01,488.6,476.04,294.33,340.08,154.99,"1 ( m 3VR ,()"
10,0,0,0,0,3,2,/MPLCXD+TimesLTStd-Bold,9.96,35.77,472.29,117.47,482.25,472.29,300.68,35.77,458.53,15 Accept  m
10,0,0,0,0,8,2,/VNTSGZ+NimbusSanL-Regu,9.96,298.97,467.57,443.31,477.99,467.57,304.93,298.97,132.69,"3 Dec H(sk .pk , ct = ||mmLV"
10,0,1,0,1,2,11,/HHYGCB+TimesLTStd-Italic,5.98,389.38,464.4,399.35,474.36,464.4,308.56,389.38,176.65,R )
10,0,0,0,0,9,2,/MPLCXD+TimesLTStd-Bold,9.96,298.97,454.54,404.7,466.0,454.54,316.93,298.97,171.3,4 if  m  H m ) thenh =1 (
10,0,0,0,0,3,2,/MPLCXD+TimesLTStd-Bold,9.96,35.77,448.38,117.47,458.34,448.38,324.59,35.77,458.53,17 Reject  m
10,0,0,0,0,9,2,/AUITKP+TimesLTStd-Roman,9.96,299.37,444.08,523.39,454.04,444.08,328.89,299.37,52.61,"5 Contect analysis of m ,  (beyond our scope)"
10,0,0,0,0,7,2,/MPLCXD+TimesLTStd-Bold,9.96,34.98,431.66,457.44,442.4,431.66,340.53,34.98,118.56,18 else 6 Blacklist pk  V SV
10,0,1,0,0,3,11,/HHYGCB+TimesLTStd-Italic,5.98,391.4,428.49,446.19,438.46,428.49,344.47,391.4,129.81,S and Revoke
10,0,0,0,0,14,2,/MPLCXD+TimesLTStd-Bold,9.96,35.37,420.05,445.29,430.44,420.05,352.49,35.37,130.71,19 Invalid signature and reject m 7 Notify the parent CA of V S
10,0,0,0,0,8,2,/AUITKP+TimesLTStd-Roman,9.96,299.37,394.64,506.81,406.1,394.64,376.83,299.37,69.19,"9 Message m  is altered, VR is accountable"
10,0,0,0,0,7,2,/MPLCXD+TimesLTStd-Bold,9.96,34.98,392.58,184.42,402.55,392.58,380.38,34.98,391.58,21 Invalid Public key and reject m
10,0,0,0,0,14,2,/AUITKP+TimesLTStd-Roman,9.96,295.49,364.51,493.03,378.1,364.51,404.82,295.49,82.97,"H || ||m → {F } & 11 if Verpk) , σ1 (ζh2VS ,"
10,0,0,0,0,9,2,/AUITKP+TimesLTStd-Roman,9.96,327.37,352.34,490.48,365.93,352.34,417.0,327.37,85.52,"→ {T } then HctVerpk||ρ) , σ1 (m3VR ,"
10,0,0,0,0,11,2,/WCBYRF+CMSY10,9.96,36.17,348.0,346.15,359.46,348.0,423.47,36.17,229.85,VS . This verification process at the receiver vehicle is also
10,0,0,0,0,8,2,/AUITKP+TimesLTStd-Roman,9.96,295.88,342.47,515.83,353.93,342.47,429.0,295.88,60.17,12 Receiver V R is accountable for framing
10,0,0,0,0,4,2,/AUITKP+TimesLTStd-Roman,9.96,36.17,337.54,160.71,347.5,337.54,435.42,36.17,415.29,presented in Algorithm 3.
10,0,0,0,0,37,2,/AUITKP+TimesLTStd-Roman,9.96,46.13,295.55,491.34,333.29,295.55,449.64,46.13,84.66,"Receive only if LI has not blacklisted the sender 14 Malicious Report vehicle’s public key, i.e., reject the message if pkVS ⊆ [B-list]; otherwise, accept and continue.  Compute ρ  = H ek|| ||t  t .) with received"
10,0,0,0,0,20,2,/AUITKP+TimesLTStd-Roman,9.96,46.13,283.66,551.09,297.42,283.66,485.51,46.13,24.91,Compute epoch-specific value ρ = H ek|| ||t) using 1 (  Verify ζ  was indeed signed by the disputed sender
10,0,0,0,0,17,2,/AUITKP+TimesLTStd-Roman,9.96,55.9,271.64,540.25,285.47,271.64,497.46,55.9,35.75,"the received t. V pk  H || ||m → {T , F } and ) , σ"
10,0,0,0,0,8,8,/HHYGCB+TimesLTStd-Italic,7.57,322.91,268.07,461.16,280.17,268.07,502.76,322.91,114.84,"S as Ver 1 (ζ h 2VS ,"
10,0,0,0,0,19,2,/AUITKP+TimesLTStd-Roman,9.96,46.13,259.75,516.06,273.51,259.75,509.42,46.13,59.94,Check if the received public key of the sender pkVS is  the incident report message is signed by V
10,0,0,0,0,3,2,/ZXELRP+BLEX,9.96,332.29,255.8,537.6,268.21,255.8,514.71,332.29,38.4,R as )(
10,0,0,0,0,19,2,/AUITKP+TimesLTStd-Roman,9.96,55.9,247.79,472.0,261.56,247.79,521.37,55.9,104.0,"signed by the local inspector in the current epoch using  ||ρ) , σ → {T , F }.Verpk Hct"
10,0,0,0,0,4,8,/HHYGCB+TimesLTStd-Italic,7.57,346.83,244.16,423.4,256.26,244.16,526.67,346.83,152.6,"m 31 (VR ,"
10,0,0,0,0,36,2,/AUITKP+TimesLTStd-Roman,9.96,307.04,210.43,552.33,245.8,210.43,537.13,307.04,23.67,"If ζ is not signed by V ctS , and incident report messagem is signed by the receiver V, the LI confirms that VRR is trying to send a false report by framing VS and therefore"
10,0,0,0,0,3,2,/WCBYRF+CMSY10,9.96,316.81,198.47,402.61,209.93,198.47,573.0,316.81,173.39,VR is accountable.
10,0,0,0,0,12,2,/AUITKP+TimesLTStd-Roman,9.96,307.04,188.01,461.47,197.98,188.01,584.95,307.04,114.53,"If both signatures are valid (T ), the LI can now decrypt"
10,0,0,0,0,10,2,/HHYGCB+TimesLTStd-Italic,9.96,316.81,174.56,547.44,186.02,174.56,596.91,316.81,28.56,m  and the dispute ctm and get the disputed message
10,0,0,0,0,14,2,/AUITKP+TimesLTStd-Roman,9.96,307.04,148.5,563.86,159.96,148.5,622.97,307.04,12.14,"Then it checks if received m= H m , to confirm that )h1 ("
10,0,0,0,0,16,2,/ZXELRP+BLEX,9.96,125.7,138.04,537.32,150.46,138.04,632.47,125.7,38.68,( ( ) ) the disputed message m has not been altered by V. If mR
10,0,0,0,0,15,2,/AUITKP+TimesLTStd-Roman,9.96,55.9,132.02,281.16,142.45,132.02,640.48,55.9,294.84,"ECDSA as: Ver pk , H pk ||ϵ, σ → {T , F }. 1LVS"
10,0,0,0,0,10,2,/AUITKP+TimesLTStd-Roman,9.96,316.81,124.59,588.42,136.05,124.59,646.88,316.81,-12.42,"is altered, VR is accountable. If not altered, LI performs"
10,0,0,0,0,11,2,/AUITKP+TimesLTStd-Roman,9.96,55.9,120.53,364.75,130.49,120.53,652.43,55.9,211.25,"If the signature is valid, then it confirms that the received"
10,0,0,0,0,10,2,/AUITKP+TimesLTStd-Roman,9.96,316.81,114.13,552.38,124.09,114.13,658.83,316.81,23.62,(beyond our scope) a message content check of m and
10,0,0,0,0,7,2,/AUITKP+TimesLTStd-Roman,9.96,55.9,108.58,270.1,118.54,108.58,664.39,55.9,305.9,public key is valid or otherwise malicious.
10,0,0,0,0,13,2,/AUITKP+TimesLTStd-Roman,9.96,316.8,100.68,560.9,112.14,100.68,670.79,316.8,15.1,to decide whether or not to put the public key of VS in
10,0,0,0,0,9,2,/AUITKP+TimesLTStd-Roman,9.96,46.13,96.62,282.06,106.58,96.62,676.35,46.13,293.94,Check that the received encrypted message ζ and mes-
10,0,0,0,0,10,2,/HHYGCB+TimesLTStd-Italic,9.96,55.9,80.72,298.16,94.63,80.72,688.3,55.9,277.84,sage digest m  Vh is indeed signed by the correspondingS()
10,0,0,0,0,11,2,/AUITKP+TimesLTStd-Roman,9.96,307.04,76.77,566.55,88.23,76.77,694.7,307.04,9.45,"If LI blacklists a disputed vehicle VS , it broadcasts the"
10,0,0,0,0,15,2,/AUITKP+TimesLTStd-Roman,9.96,55.9,69.08,278.33,82.67,69.08,700.26,55.9,297.67,"by using pk pk  H || ||m ) , σ1 (ζh2VVS such that VerS ,"
10,0,0,0,0,10,2,/AUITKP+TimesLTStd-Roman,9.96,316.8,66.31,580.82,76.28,66.31,706.65,316.8,-4.82,most recent B-list to its region using the epoch key
10,0,0,0,0,11,2,/NAFEGV+MTSYN,9.96,55.9,60.76,311.51,70.72,60.76,712.21,55.9,264.49,"→ {T , F }. The receiver accepts the encrypted message"
10,0,0,0,0,10,2,/AUITKP+TimesLTStd-Roman,9.96,316.8,54.36,575.84,64.32,54.36,718.61,316.8,0.16,"and a signature (same as V2V). Then, it informs the"
10,0,0,0,0,9,2,/AUITKP+TimesLTStd-Roman,9.96,55.9,48.8,324.9,58.76,48.8,724.17,55.9,251.1,"if the signature is valid. Otherwise, it rejects the"
10,0,0,0,0,9,2,/AUITKP+TimesLTStd-Roman,9.96,316.8,40.91,543.61,52.36,40.91,730.56,316.8,32.39,parent CA of the corresponding vehicle VS about being
10,0,0,0,0,17,2,/AUITKP+TimesLTStd-Roman,9.96,36.17,23.4,303.14,34.85,23.4,748.08,36.17,272.86,"If ζ is received as a broadcast from VS , then decrypt it VOLUME 12, 2024 68657"
10,0,0,0,0,23,2,/AUITKP+TimesLTStd-Roman,9.96,46.13,-2.97,289.16,22.9,-2.97,760.03,46.13,286.84,"using the epoch key as m = Dec ( ek, ζ) . Otherwise, if ζ is a unicast, receiver VR decrypts it as()"
10,0,0,0,0,14,2,/HHYGCB+TimesLTStd-Italic,9.96,0.0,-13.93,178.67,0.0,-13.93,782.93,0.0,397.33,"m m m m m m = Dec H(sk  pk , ζ .VVR ·"
10,0,1,0,1,2,11,/HHYGCB+TimesLTStd-Italic,5.98,151.41,-14.61,161.37,-4.64,-14.61,787.57,151.41,414.63,S )
10,0,0,0,0,18,2,/AUITKP+TimesLTStd-Roman,9.96,46.13,-38.58,299.8,-16.66,-38.58,799.59,46.13,276.2,"Finally, check if H 1m = m . Accept only if they ) ? (hh match or reject."
10,0,0,0,0,16,2,/AUITKP+TimesLTStd-Roman,9.96,36.17,-66.25,279.64,-42.83,-66.25,825.76,36.17,296.36,"If all the above checks are passed, V mR accepts the message from V S ."
11,0,0,0,0,11,10,/NAYGWR+FormataOTF-Reg,6.97,295.79,744.73,567.78,751.7,744.73,31.23,295.79,8.22,S. Naskar et al.: Scheme for Distributed Vehicle Authentication and Revocation
11,0,0,0,0,26,2,/AUITKP+TimesLTStd-Roman,9.96,46.13,676.02,340.04,709.9,676.02,73.03,46.13,235.96,"revoked. LI can reject V2I authenticated key sharing for the disputed vehicle for the next epoch. For any other case, the LI considers the report malicious"
11,0,0,0,0,8,2,/AUITKP+TimesLTStd-Roman,9.96,307.04,592.78,561.1,602.75,592.78,180.18,307.04,14.9,The vehicle generates a new ephemeral token string
11,0,0,0,0,3,2,/AUITKP+TimesLTStd-Roman,9.96,55.9,556.92,135.6,566.88,556.92,216.05,55.9,440.4,and rejects it.
11,0,0,0,0,8,2,/AUITKP+TimesLTStd-Roman,9.96,36.17,543.76,325.1,553.73,543.76,229.2,36.17,250.9,Algorithm 4 presents the stepwise revocation performed by
11,0,0,0,0,28,2,/AUITKP+TimesLTStd-Roman,9.96,316.8,460.23,553.77,483.64,460.23,299.29,316.8,22.23,"sk ∗ , pk ) and computes 1 with a new public key pair as (() a new pseudoID α  H LIC ·  H ||t .)1 =2 (β1"
11,0,0,0,0,10,2,/ZXELRP+BLEX,9.96,307.04,445.82,541.17,459.73,445.82,323.2,307.04,34.83,It then generates a pseudoID acquire request A f =(())
11,0,0,0,0,10,2,/AUITKP+TimesLTStd-Roman,9.96,316.8,437.35,459.3,447.77,437.35,335.16,316.8,116.7,"Enc H sk  pk , ( || || ||t) .11C"
11,0,0,0,0,22,2,/AUITKP+TimesLTStd-Roman,9.96,36.17,424.66,605.93,435.82,424.66,347.11,36.17,-29.93,"For the integrity of the request, a signature is generated the LI after receiving a report. Note that if a dispute is"
11,1,0,0,0,5,2,/MPLCXD+TimesLTStd-Bold,9.96,41.15,358.1,115.87,368.06,358.1,414.87,41.15,460.13,Algorithm 5 Handover at CA
11,0,0,0,0,11,2,/AUITKP+TimesLTStd-Roman,9.96,46.13,341.96,214.69,353.42,341.96,429.51,46.13,361.31,"Input: Handover tuple [A f  pk , pk , σ] ,3C"
11,0,0,0,0,8,2,/ZXELRP+BLEX,9.96,46.13,327.56,242.98,341.46,327.56,441.46,46.13,333.02,"Output: Share (α, β ) with requesting LI/CA((()()))"
11,0,0,0,0,33,2,/AUITKP+TimesLTStd-Roman,9.96,36.17,305.55,406.47,329.51,305.55,453.42,36.17,169.53,"1 if Ver pk , H A H pk ||H pk , σ − → {T }1f ||3C then by the vehicle as reported, the original identity of the malicious vehicle is only"
11,0,0,0,0,8,2,/ZXELRP+BLEX,9.96,118.2,302.8,478.28,313.51,302.8,469.42,118.2,97.72,) )(( ( ( ( ) ( )))
11,0,0,0,0,63,2,/AUITKP+TimesLTStd-Roman,9.96,38.06,270.88,596.6,305.5,270.88,477.43,38.06,-20.6,", A2 Compute DecHpk sk Sign sk , H A H pk ||H pkfC1f || 3V ·C 3 Extract α, α , βand t  The vehicle then sends the handover tuple [A f pk ,1 , 4 if  α ∈ record &  α  ⊈ B − list then pk , σ ] to the new LI. The tuple consists of the public 3"
11,0,0,0,1,1,2,/ZXELRP+BLEX,9.96,149.03,267.58,331.31,278.39,267.58,504.54,149.03,244.69,C()
11,0,0,0,0,21,2,/AUITKP+TimesLTStd-Roman,9.96,38.46,256.47,593.23,269.54,256.47,513.39,38.46,-17.23,"5 Compute α  H LIC ·  H ||t) key pk2 (β C of the parent CA, where the vehicle is initially"
11,0,0,0,0,6,2,/MPLCXD+TimesLTStd-Bold,9.96,38.46,246.12,371.6,257.58,246.12,525.35,38.46,204.4,6 if  α  α registered.1 then
11,0,0,0,0,20,2,/AUITKP+TimesLTStd-Roman,9.96,38.86,235.02,581.02,245.62,235.02,537.3,38.86,-5.02,"7 Share ( , β) to requesting LI/CA  The LI forwards the tuple to the connected CA. The CA 1"
11,1,0,0,0,15,2,/MPLCXD+TimesLTStd-Bold,9.96,38.46,223.06,610.71,233.67,223.06,549.26,38.46,-34.71,8 else can now check if it is the parent CA for the vehicle; oth-
11,1,0,0,0,6,10,/MPLCXD+TimesLTStd-Bold,6.97,34.58,195.81,143.47,221.71,195.81,561.21,34.58,432.53,9 Malicious and reject 10 else
11,0,0,0,0,17,2,/AUITKP+TimesLTStd-Roman,9.96,34.98,183.86,345.02,196.4,183.86,586.52,34.98,230.98,"revealed to the corresponding CA and not to the LI, which can 11 Malicious request and reject!"
11,1,0,0,0,8,10,/MPLCXD+TimesLTStd-Bold,6.97,34.18,155.96,233.84,177.88,155.96,605.05,34.18,342.16,"12 else 13 Integrity check failed, reject request!"
11,0,0,0,0,20,2,/AUITKP+TimesLTStd-Roman,9.96,46.13,114.74,340.04,137.86,114.74,645.07,46.13,235.96,There are two following cases of handover sub-protocol: 1) the vehicle is moving from one LI to another within the
11,0,0,0,0,10,2,/AUITKP+TimesLTStd-Roman,9.96,60.41,102.79,595.77,113.92,102.79,669.01,60.41,-19.77,"erwise, simply forward the request to the corresponding same CA,"
11,0,0,0,0,11,2,/AUITKP+TimesLTStd-Roman,9.96,46.13,90.83,335.06,100.8,90.83,682.13,46.13,240.94,2) the vehicle is moving from one LI to another belonging
11,0,0,0,0,4,2,/AUITKP+TimesLTStd-Roman,9.96,60.41,78.88,170.0,88.84,78.88,694.09,60.41,406.0,to two different CAs.
11,0,0,0,0,54,2,/AUITKP+TimesLTStd-Roman,9.96,36.17,43.42,359.97,77.3,43.42,705.63,36.17,216.03,"only block the vehicle by blacklisting and rejecting further For both cases, let us assume that a vehicle is moving to a authentication. This preserves the original identity-based new LI region from the current LI, which may or may not be privacy of the vehicle at LI. This is unique as it allows multi-"
11,0,0,0,0,10,2,/AUITKP+TimesLTStd-Roman,9.96,307.04,-27.11,541.17,-5.19,-27.11,788.12,307.04,34.83,"parent CA. Once received, the parent CA first checks the"
11,0,0,0,0,20,2,/AUITKP+TimesLTStd-Roman,9.96,36.17,-75.68,305.17,-55.38,-75.68,838.3,36.17,270.83,"within the same CA. Then, the handover is as follows: level dispute management from a very minor to a major"
11,0,0,0,0,10,2,/ZXELRP+BLEX,9.96,316.8,-150.16,590.79,-136.25,-150.16,919.18,316.8,-14.79,integrity of the request by verifying the signature as )()))(((
11,0,0,0,0,11,2,/AUITKP+TimesLTStd-Roman,9.96,316.8,-162.12,542.61,-148.21,-162.12,931.14,316.8,33.39,"||H pk , σ − → {T /F }.Verpk, HAHpk31f ||C(())"
11,0,0,0,0,21,2,/AUITKP+TimesLTStd-Roman,9.96,307.04,-183.58,537.23,-160.17,-183.58,943.09,307.04,38.77,"If valid, the parent CA computes DecHpk  sk , A fC and extracts the values α, α, β  t .11 and"
11,0,0,0,0,22,2,/AUITKP+TimesLTStd-Roman,9.96,36.17,-194.79,567.17,-184.08,-194.79,967.0,36.17,8.83,"If a match with received α is found in the CA’s record, dispute. A legitimate vehicle can then update the most recent"
11,0,0,0,0,29,2,/AUITKP+TimesLTStd-Roman,9.96,307.04,-229.9,585.81,-196.03,-229.9,978.96,307.04,-9.81,it proceeds to the next steps or discards the request. Check if the vehicle has been reported by any of its connected LIs previously and currently needs to be
11,0,0,0,0,10,2,/AUITKP+TimesLTStd-Roman,9.96,36.17,-313.9,345.02,-303.94,-313.9,1086.87,36.17,230.98,B-list received from the LI and cease receiving messages from
11,0,0,0,0,10,2,/AUITKP+TimesLTStd-Roman,9.96,316.8,-349.01,595.77,-339.05,-349.01,1121.98,316.8,-19.77,"revoked. If yes, then discard the request or proceed to"
11,0,0,0,0,22,2,/AUITKP+TimesLTStd-Roman,9.96,36.17,-456.92,354.99,-423.04,-456.92,1205.97,36.17,221.01,"the identified malicious senders listed in B-list. This ensures that vehicles do not accept messages from malicious senders, thereby enhancing their safety."
11,0,0,0,0,3,2,/AUITKP+TimesLTStd-Roman,9.96,316.8,-468.12,386.55,-458.16,-468.12,1241.09,316.8,189.45,the next step.
11,0,0,0,0,49,2,/AUITKP+TimesLTStd-Roman,9.96,36.17,-506.93,551.14,-470.11,-506.93,1253.04,36.17,24.86,"If not revoked, the CA selects the correspondingF. HANDOVER LIC value from its record and computes αWhen a vehicle V moves from one inspector’s region to  1 =() H LIC ·  H ||t with received β , t, and verify if)2 (β11another, a handover sub-protocol is performed to facilitate"
11,0,0,0,0,35,2,/AUITKP+TimesLTStd-Roman,9.96,36.17,-532.86,549.85,-508.93,-532.86,1291.85,36.17,26.15,"a smooth and easy vehicle transition in the system. While  = α .11 switching from one LI region to another, the vehicle’s traffic  If matched, the parent CA shares the pair α, β11 with the"
11,0,0,0,0,49,2,/AUITKP+TimesLTStd-Roman,9.96,307.04,-591.15,585.81,-533.36,-591.15,1316.29,307.04,-9.81,"requesting CA or LI. The vehicle can now perform the , the -authentication process with the new LI. If α11 ̸= parent CA rejects the request as malicious. It is notable that every pseudoID α has an expiry time shared with the requesting LI. Once it expires the LI"
11,0,0,0,0,8,2,/AUITKP+TimesLTStd-Roman,9.96,36.17,-649.95,335.06,-639.99,-649.95,1422.92,36.17,240.94,route-based privacy must be preserved. Algorithm 5 presents
11,0,0,0,0,19,2,/AUITKP+TimesLTStd-Roman,9.96,316.8,-722.21,595.77,-700.29,-722.21,1483.22,316.8,-19.77,removes all the α that are no longer valid and the corresponding vehicle performs a handover to update its
11,0,0,0,0,10,2,/AUITKP+TimesLTStd-Roman,9.96,36.17,-769.06,295.21,-759.1,-769.06,1542.03,36.17,280.79,the handover protocol performed by an LI to which a
11,1,0,0,1,5,4,/ENXOBD+FormataOTF-Bold,8.97,298.07,-872.71,441.53,-863.74,-872.71,1646.67,298.07,134.47,V. PRIVACY AND SECURITY ANALYSIS
11,0,0,0,0,26,2,/AUITKP+TimesLTStd-Roman,9.96,36.17,-1007.27,581.02,-875.7,-1007.27,1658.63,36.17,-5.02,The well-established elliptic curve cryptography is the vehicle has requested a handover; the detailed description is security backbone of the proposed scheme and its privacy below.
11,0,0,0,0,101,2,/AUITKP+TimesLTStd-Roman,9.96,297.08,-1457.74,615.89,-1113.92,-1457.74,1896.84,297.08,-39.89,"guarantees. To evaluate the privacy and security capabilities of our proposed scheme, we follow a methodology similar to that of Cui et al. [17], Feng et al. [12], and Inedjaren et al. [14]. We adapt the specific security requirements outlined in section III-B as our security test cases. These requirements are then scrutinized against the designed threat model presented in section III-A, which corresponds with analogous models discussed by Mejri et al. [28] and Zhang et al. [4]. Using this approach, each subprotocol within our proposed scheme undergoes analysis to assess its adherence to the security requirements. We examine secret security"
11,0,0,0,1,4,10,/NAYGWR+FormataOTF-Reg,6.97,36.17,-1475.58,84.0,-1468.6,-1475.58,2251.53,36.17,492.0,"68658 VOLUME 12, 2024"
12,0,0,0,0,11,10,/NAYGWR+FormataOTF-Reg,6.97,36.17,744.73,308.16,751.7,744.73,31.23,36.17,267.84,S. Naskar et al.: Scheme for Distributed Vehicle Authentication and Revocation
12,0,0,0,0,43,2,/AUITKP+TimesLTStd-Roman,9.96,36.17,425.85,340.04,709.9,425.85,73.03,36.17,235.96,"parameters, keys, and cryptographic operations against potential adversaries to demonstrate the scheme’s security robustness. Furthermore, we conduct a comparative security analysis to clearly illustrate the level of safety assurance offered by our proposed scheme compared to other schemes, as detailed in Table 3."
12,0,0,0,1,3,4,/OWWUHR+FormataOTFMdIt,8.97,37.17,403.94,122.34,412.9,403.94,370.03,37.17,453.66,A. PRIVACY ANALYSIS
12,0,0,0,0,35,2,/AUITKP+TimesLTStd-Roman,9.96,36.17,-86.44,350.0,399.95,-86.44,382.98,36.17,226.0,"The utmost importance of preserving vehicles’ privacy from internal and external adversaries is challenging. Vehicle privacy includes identity-based data, traffic routes, location traceability, and active and idle status. Several privacy challenges are therefore discussed below."
12,0,0,0,1,3,4,/NAYGWR+FormataOTF-Reg,8.97,36.17,-108.36,112.38,-99.39,-108.36,882.32,36.17,463.62,1) IDENTITY THEFT
12,0,0,0,0,134,2,/AUITKP+TimesLTStd-Roman,9.96,36.17,-924.59,354.99,-112.34,-924.59,895.27,36.17,221.01,"Our scheme achieves resistance against vehicle identity theft by not using original identities or license numbers in V2V or V2I communication. A randomized certificate δv is generated using the pseudoID ( ) during the V2I authenticated key sharing. The authentication message tuple only allows a semitrusted LI to relate the tuple to a specific pseudoID α to perform authentication. But the pseudoID is a pseudorandom bitstring providing no information about the vehicle’s original identity or user. The original information is only available to a parent CA to which the vehicle is initially registered. Similarly, the signatures σ, σ  pk12 with a public key V shared during the V2V broadcast do not leak identity-based information. During a handover request, a message tuple from a vehicle V consists of the pseudoID α, is always encrypted ()"
12,0,0,0,0,9,2,/VNTSGZ+NimbusSanL-Regu,9.96,36.17,-934.38,271.94,-922.63,-934.38,1705.56,36.17,304.06,using the randomized symmetric secret key Hsk  pkV ·C
12,0,0,0,0,40,2,/AUITKP+TimesLTStd-Roman,9.96,36.17,-1206.68,345.02,-934.59,-1206.68,1717.52,36.17,230.98,"known only by the parent CA and unknown to any external or internal adversary. Therefore, an internal adversary, such as a curious legitimate vehicle or an external adversary, cannot extract identity-based information from a message tuple sent by a vehicle."
12,0,0,0,1,5,4,/NAYGWR+FormataOTF-Reg,8.97,36.17,-1228.59,224.46,-1219.63,-1228.59,2002.56,36.17,351.54,2) LOCATION TRACEABILITY AND UNLINKABILITY
12,0,0,0,0,63,2,/AUITKP+TimesLTStd-Roman,9.96,36.17,-1528.58,340.04,-1232.58,-1528.58,2015.51,36.17,235.96,"Location-based traceability of a vehicle V is blocked from an external adversary using unlinkable authentication parameters sent by V in each epoch. In our scheme, unlinkability is achieved using pseudorandom values to generate an authentication message tuple in each epoch. Without relating two V2I authentication tuples in any two epochs, ϵ ϵ, 1 and2 other legitimate vehicles in the system cannot trace vehicle"
12,0,0,0,1,5,4,/NAYGWR+FormataOTF-Reg,8.97,297.08,-1549.27,427.09,-1540.31,-1549.27,2323.24,297.08,148.91,3) ACTIVE AND INACTIVE STATUS
12,0,0,0,0,29,2,/AUITKP+TimesLTStd-Roman,9.96,297.08,-1587.13,605.93,-1553.26,-1587.13,2336.19,297.08,-29.93,At which time a vehicle V is active in the network and which vehicles are inactive/inoperative is private information safe from other vehicles in the system and external adversaries.
12,0,0,0,0,12,2,/WCBYRF+CMSY10,9.96,36.17,-1647.69,322.06,-1637.72,-1647.69,2420.65,36.17,253.94,V ’s traffic route from one epoch to another based on its
12,0,0,0,0,19,2,/AUITKP+TimesLTStd-Roman,9.96,36.17,-1671.6,335.06,-1649.68,-1671.6,2432.61,36.17,240.94,"communication. When vehicle V moves from one LI region to another, it performs the handover subprotocol with a new"
12,0,0,0,0,22,2,/AUITKP+TimesLTStd-Roman,9.96,297.08,-1718.2,615.89,-1696.28,-1718.2,2479.21,297.08,-39.89,Only the corresponding LI can detect the pseudoID of V when active as it authenticates the vehicle. When a vehicle does not
12,0,0,0,0,23,2,/AUITKP+TimesLTStd-Roman,9.96,36.17,-1802.66,354.99,-1780.74,-1802.66,2563.67,36.17,221.01,"public key pair by generating and sharing a new pseudoID α such that, even if the two LIs communicate, they can not relate"
12,0,0,0,0,10,2,/AUITKP+TimesLTStd-Roman,9.96,297.08,-1837.3,595.97,-1827.34,-1837.3,2610.27,297.08,-19.97,"communicate with the LI, it assumes that either the vehicle"
12,0,0,0,0,31,2,/AUITKP+TimesLTStd-Roman,9.96,36.17,-1945.68,350.0,-1911.81,-1945.68,2694.73,36.17,226.0,"if two pseudoIDs α and α  pk , pk1 or public keysV the exact vehicle V. However, in V ANET, vehicles must share critical traffic information with other vehicles throughout an"
12,0,0,0,0,12,2,/AUITKP+TimesLTStd-Roman,9.96,297.08,-1956.41,590.99,-1946.45,-1956.41,2729.38,297.08,-14.99,has moved to another LI or has become inoperative. LI is a
12,0,0,0,0,10,2,/AUITKP+TimesLTStd-Roman,9.96,36.17,-2064.79,320.12,-2054.82,-2064.79,2837.75,36.17,255.88,"epoch period, allowing them to be traceable only for the"
12,0,0,0,0,9,2,/AUITKP+TimesLTStd-Roman,9.96,297.08,-2075.52,605.93,-2065.56,-2075.52,2848.48,297.08,-29.93,"semi-trusted entity, so we presume this status information is"
12,0,0,0,0,28,2,/AUITKP+TimesLTStd-Roman,9.96,36.17,-2207.8,386.75,-2173.93,-2207.8,2956.86,36.17,189.25,"epoch duration. As an epoch is short, possibly from a few safe with the LIs.seconds to a few minutes, the scope of traceability within an epoch is minimal."
12,0,0,0,1,3,4,/OWWUHR+FormataOTFMdIt,8.97,298.07,-2220.15,387.73,-2211.18,-2220.15,2994.11,298.07,188.27,B. SECURITY ANALYSIS
12,0,0,0,0,17,2,/AUITKP+TimesLTStd-Roman,9.96,297.08,-2258.01,605.93,-2224.13,-2258.01,3007.06,297.08,-29.93,"Following the security requirements mentioned in Section III, we have analyzed the proposed scheme’s security guarantees below."
12,0,0,0,1,5,4,/NAYGWR+FormataOTF-Reg,8.97,297.08,-2283.53,476.4,-2274.56,-2283.53,3057.49,297.08,99.6,1) MESSAGE CONFIDENTIALITY AND INTIGRETY
12,0,0,0,0,38,2,/AUITKP+TimesLTStd-Roman,9.96,297.08,-2440.5,571.06,-2287.52,-2440.5,3070.44,297.08,4.94,"The content of any message sent during a subprotocol in the scheme is encrypted using the current epoch key (ek) or the one-to-one symmetric key generated for AES encryption. For a V2V broadcast, if the message (m) is"
12,0,0,0,0,14,2,/PQPVLW+RMTMI,9.96,297.08,-2559.67,559.92,-2549.64,-2559.67,3332.57,297.08,16.08,"encrypted as ζ =  Enc ( ek, m ) it is only decryptable by"
12,0,0,0,0,79,2,/AUITKP+TimesLTStd-Roman,9.96,297.08,-2980.33,600.95,-2561.6,-2980.33,3344.53,297.08,-24.95,"the vehicles having the current epoch information and the key ek . This means a non-confidential broadcast is only decryptable by authenticated vehicles in the same LI region at the current epoch and hidden from any external adversary listening to the communication. Similarly, an external or internal adversary curious to know the content of a shared confidential V2V message will fail to generate the symmetric key H (sk  pk  ζ  as ζ  =VVs ·R ) used to generate cyphertext"
12,0,0,0,0,42,2,/AUITKP+TimesLTStd-Roman,9.96,297.08,-3026.16,594.68,-2978.84,-3026.16,3761.77,297.08,-18.68,"Enc H (sk  pk , m ; therefore, the confidentiality of the VVs ·R ) message is always preserved. Whenever a message is received by a vehicle or an LI, the integrity is verified using the hash function H 1. For  ()"
12,0,0,0,0,9,2,/ZXELRP+BLEX,9.96,297.08,-3040.57,576.04,-3026.66,-3040.57,3809.59,297.08,-0.04,"example, when an LI receives an authentication request, (())"
12,0,0,0,0,50,2,/AUITKP+TimesLTStd-Roman,9.96,297.08,-3310.7,581.02,-3038.61,-3310.7,3821.54,297.08,-5.02,"the integrity is checked as H 1||t|| ||H pk = . Sim- vV ilarly, an LI acknowledgment is verified by a vehicle as H ct ||t|| ||H (σ ack. Using simple hash functions to )) =1 (21 preserve message integrity, our scheme is secure against message content modification in communication."
12,0,0,0,1,3,4,/NAYGWR+FormataOTF-Reg,8.97,297.08,-3336.23,400.19,-3327.26,-3336.23,4110.19,297.08,175.81,2) MUTUAL VERIFIABILITY
12,0,0,0,0,31,2,/AUITKP+TimesLTStd-Roman,9.96,297.08,-3600.35,595.97,-3340.21,-3600.35,4123.14,297.08,-19.97,"Any two communicating entities in both V2I and V2V communication must mutually verify their identities before accepting messages. Before sending an authentication/handover tuple to an LI, a vehicle checks the validity"
12,0,0,0,0,10,2,/ZXELRP+BLEX,9.96,297.08,-3723.4,566.08,-3709.49,-3723.4,4492.42,297.08,9.92,of the LI’s public key by verifying the corresponding (())
12,0,0,0,0,12,2,/AUITKP+TimesLTStd-Roman,9.96,297.08,-3733.86,514.03,-3721.45,-3733.86,4504.37,297.08,61.97,"CA’s signature on pk pk , H pk , σL as VerCL"
12,0,0,0,0,11,2,/NAFEGV+MTSYN,9.96,297.08,-3743.36,578.74,-3733.4,-3743.36,4516.33,297.08,-2.74,"{T , F }. Similarly, after receiving a request, LI verifies"
12,0,0,0,0,53,2,/AUITKP+TimesLTStd-Roman,9.96,297.08,-4029.4,595.97,-3745.36,-4029.4,4528.28,297.08,-19.97,"the vehicle’s authenticity before it shares the epoch key and information with the vehicle. Thus, the verifiability is mutual between vehicles and LIs. During V2V direct message sharing, only authenticated vehicles at the current epoch can mutually verify each other’s public key signed by the corresponding LI. A receiver vehicle can check the"
12,0,0,0,1,4,11,/NAYGWR+FormataOTF-Reg,5.98,36.17,-4047.24,81.0,-4040.27,-4047.24,4823.2,36.17,495.0,"VOLUME 12, 2024 68659"
13,0,0,0,0,11,10,/NAYGWR+FormataOTF-Reg,6.97,295.79,744.73,567.78,751.7,744.73,31.23,295.79,8.22,S. Naskar et al.: Scheme for Distributed Vehicle Authentication and Revocation
13,0,0,0,0,53,2,/AUITKP+TimesLTStd-Roman,9.96,36.17,664.07,590.99,709.9,664.07,73.03,36.17,-14.99,"signature σ the public keys and signatures, which leak no confidential 1 on the sender vehicle’s public key by checking (()) Ver pk , H pk ||ϵ, σ → {T ,  F } and vice versa. 1LVS Therefore, the proposed scheme allows only valid entities to verify each other, providing mutual verifiability successfully."
13,0,0,0,1,2,4,/NAYGWR+FormataOTF-Reg,8.97,36.17,642.15,112.38,651.12,642.15,131.81,36.17,463.62,3) ACCOUNTABILITY
13,0,0,0,0,29,2,/AUITKP+TimesLTStd-Roman,9.96,36.17,604.29,335.06,638.17,604.29,144.76,36.17,240.94,"An authenticated but malicious vehicle in the system can send false messages, making it an internal adversary in the system. In our scheme, whenever a dispute is reported by"
13,0,0,0,0,10,2,/WCBYRF+CMSY10,9.96,36.17,592.34,331.34,602.3,592.34,180.63,36.17,244.66,"V , the LI immediately enforces the revocation subprotocol R"
13,0,0,0,0,19,2,/AUITKP+TimesLTStd-Roman,9.96,36.17,580.38,571.06,590.79,580.38,192.14,36.17,4.94,"information. The encrypted messages do not provide any to identify the malicious vehicle and put it on the B-list,"
13,0,0,0,0,35,2,/AUITKP+TimesLTStd-Roman,9.96,297.08,544.96,600.95,578.84,544.96,204.09,297.08,-24.95,information to an external adversary as it does not have the epoch key (ek) or the encryption key H(sk V pk ). Even LR . though the adversary can guess which public key might be
13,0,0,0,0,8,2,/AUITKP+TimesLTStd-Roman,9.96,36.17,461.28,325.1,471.24,461.28,311.69,36.17,250.9,which will prevent other vehicles from accepting messages
13,0,0,0,0,11,2,/AUITKP+TimesLTStd-Roman,9.96,297.08,425.85,625.86,435.82,425.85,347.11,297.08,-49.86,"reported, it does not pose any direct or indirect security threat"
13,0,0,0,0,94,2,/AUITKP+TimesLTStd-Roman,9.96,36.17,161.79,605.93,352.13,161.79,430.8,36.17,-29.93,"from the malicious VS . During V2V direct message sharing, the receiver VR is only allowed to accept a message if the signature σ  pk1 on the sender’s public keyV S and the to the system. The handover tuple [A f pk] and update tuple signature σ ,2 on the message is verified within the current V similarly provides no information to the external or internal epoch. Therefore, whenever a dispute report is received, adversary.the LI confirms that the reporting vehicle VR has already verified the disputed VS ’s authenticity. To avoid false dispute"
13,0,0,0,0,11,4,/NAYGWR+FormataOTF-Reg,8.97,36.17,151.33,368.81,162.73,151.33,620.2,36.17,207.19,"5) REPLAY ATTACKreports against any vehicle, the LI verifies the signatures"
13,0,0,0,0,127,2,/AUITKP+TimesLTStd-Roman,9.96,36.17,67.64,605.93,149.78,67.64,633.15,36.17,-29.93,"To perform replay attacks, A first intercepts a message and , σ23 on the disputed message to confirm if the disputed then sends it again with/without modification to get unautho- sender VS indeed sent it. However, in our assumption, LI is rized access. The use of timestamps t in the communication a semi-trusted entity and, therefore, is not allowed to know tuples protects them from being replayed. As the timestamps the real identity of VS . If a report is valid, then LI first are masked with secret parameters into the hashed values B-lists VS as a malicious vehicle and then reports the incident to V S ’s parent CA, who can disclose the real identity of the malicious vehicle if necessary. If the dispute report is"
13,0,0,0,0,12,2,/HHYGCB+TimesLTStd-Italic,9.96,94.08,38.77,282.62,52.36,38.77,730.56,94.08,293.38,", pk  pk  A  to look into mVVS ,R ] only allows"
13,0,0,0,0,9,2,/AUITKP+TimesLTStd-Roman,9.96,297.08,-27.11,586.01,-17.15,-27.11,800.08,297.08,-10.01,"or integrated into encrypted values, changing them in the"
13,0,0,0,0,9,2,/AUITKP+TimesLTStd-Roman,9.96,36.17,-51.46,330.08,-41.5,-51.46,824.43,36.17,245.92,"invalid, the LI can hold the reporting vehicle accountable"
13,0,0,0,0,9,2,/AUITKP+TimesLTStd-Roman,9.96,297.08,-146.22,595.97,-136.25,-146.22,919.18,297.08,-19.97,"tuple will be easily detectable. For example, the timestamp"
13,0,0,0,0,8,2,/AUITKP+TimesLTStd-Roman,9.96,36.17,-170.57,315.13,-160.61,-170.57,943.54,36.17,260.87,"for false reporting. Thus, our proposed scheme achieves"
13,0,0,0,0,11,2,/ZXELRP+BLEX,9.96,297.08,-269.27,586.01,-255.36,-269.27,1038.29,297.08,-10.01,in the authentication tuple is included in the certificate δv =(())
13,0,0,0,0,12,2,/AUITKP+TimesLTStd-Roman,9.96,297.08,-277.74,579.09,-267.32,-277.74,1050.25,297.08,-3.09,H ||t|| ||H pk ; therefore changing them in the tuple 2V
13,0,0,0,0,16,2,/AUITKP+TimesLTStd-Roman,9.96,36.17,-289.68,581.14,-279.27,-289.68,1062.2,36.17,-5.14,"is detectable. Also, as α, βare secret parameters, an adversary privacy-preserving direct accountability in handling disputes."
13,0,0,0,0,5,2,/AUITKP+TimesLTStd-Roman,9.96,297.08,-301.19,382.96,-291.23,-301.19,1074.16,297.08,193.04,can not generate δ. v
13,0,0,0,0,11,4,/NAYGWR+FormataOTF-Reg,8.97,36.17,-313.15,600.95,-302.63,-313.15,1085.56,36.17,-24.95,"4) MAN-IN-THE-MIDDLE ATTACK A malicious, legitimate vehicle becomes an internal adver-"
13,0,0,0,0,83,2,/AUITKP+TimesLTStd-Roman,9.96,36.17,-468.56,605.93,-315.14,-468.56,1098.07,36.17,-29.93,"sary when it tries to reuse a signed public key from one ses- An adversary A listening to the network can try to intercept sion to send authenticated V2V messages in another session messages and perform cryptanalysis to acquire secret and within the same LI. To avoid this, during V2I key sharing, confidential data. This attack is possible each time a vehicle the LI signs the vehicle’s public key with the current epoch sends any message tuple, such as the V2I authentication and"
13,0,0,0,0,4,2,/ZXELRP+BLEX,9.96,368.56,-579.22,445.36,-569.25,-579.22,1352.18,368.56,130.64,( ( ) )
13,0,0,0,0,129,2,/AUITKP+TimesLTStd-Roman,9.96,36.17,-695.27,605.93,-577.26,-695.27,1360.19,36.17,-29.93,"information Signsk , H pk ||  σ . Also, during response tuple, the V2V communication tuple, the report 1LV V2V , a receiver vehicle checks the receiver’s signature with tuple, and the handover tuple. The authentication tuple [ v, ct , pk , t] consists of a 1V certificate δv which is a randomized hash value containing the secret parameters α, β . But as hash functions are irreversible, generating the secret parameters back from δv is not possible by A . The ct 1 is an encrypted message with the secret key H(sk  pk ), only decryptable by the corresponding LI. The V ·L response tuple, [ack, ct , t, σ ] also consists of an irreversible 21 hash value (ack) and encrypted ciphertext ct . The timestamp2"
13,0,0,0,0,15,2,/ZXELRP+BLEX,9.96,36.17,-710.28,525.54,-697.26,-710.28,1480.19,36.17,50.46,"t in these tuples is masked into the hashed values; therefore,  ( ( ) )"
13,0,0,0,0,43,2,/AUITKP+TimesLTStd-Roman,9.96,36.17,-731.6,603.65,-708.33,-731.6,1491.26,36.17,-27.65,"the current epoch information Verpk, H pk ||ϵ, σchanging them will be detected by the receiver. 1LVS {T , F }. Therefore, a signature on the public key is only valid From the V2V communication tuple [ζ, σ 1, σ, pk t], 2V"
13,0,1,0,1,2,11,/HHYGCB+TimesLTStd-Italic,5.98,259.44,-734.76,269.4,-724.8,-734.76,1507.73,259.44,306.6,"S ,"
13,0,0,0,0,48,2,/AUITKP+TimesLTStd-Roman,9.96,36.17,-770.63,600.95,-732.24,-770.63,1515.17,36.17,-24.95,"for the epoch in which it was generated and signed. Using it the adversary can get a public key and its corresponding signature. But the ciphertext ζ is not decryptable by A as it does not have the encryption key ek or H(sk  pkVVS · R ). Also,"
13,0,0,0,0,13,2,/WCBYRF+CMSY10,9.96,36.17,-778.95,320.12,-768.99,-778.95,1551.92,36.17,255.88,A can not check the validity of a public key or a message
13,0,0,0,0,23,2,/AUITKP+TimesLTStd-Roman,9.96,36.17,-802.87,359.97,-780.95,-802.87,1563.88,36.17,216.03,"in transmission as it does not know the epoch information ϵ that is used to sign the public key. Similarly, the report tuple"
13,0,0,0,0,10,2,/AUITKP+TimesLTStd-Roman,9.96,297.08,-861.31,595.97,-851.35,-861.31,1634.28,297.08,-19.97,in a different epoch will not pass the verification process.
13,0,0,0,1,3,4,/NAYGWR+FormataOTF-Reg,8.97,297.08,-883.23,436.05,-874.26,-883.23,1657.19,297.08,139.95,6) IMPERSONATION ATTACK/FRAMING
13,0,0,0,0,23,2,/AUITKP+TimesLTStd-Roman,9.96,297.08,-909.13,610.91,-887.21,-909.13,1670.14,297.08,-34.91,The adversary A can try to impersonate or frame a legitimate vehicle or even an LI to acquire illegal access to the system.
13,0,0,0,0,14,2,/AUITKP+TimesLTStd-Roman,9.96,36.17,-921.97,605.93,-911.12,-921.97,1694.05,36.17,-29.93,"To protect the legitimacy of the entities, our scheme imposes [, σ, ζ,t, ct23"
13,0,0,0,0,21,2,/AUITKP+TimesLTStd-Roman,9.96,297.08,-1052.15,590.99,-923.08,-1052.15,1706.01,297.08,-14.99,an authenticity check solely provided by trusted CAs. Each LI in the system is registered to a particular CA who also
13,0,0,0,0,3,2,/ZXELRP+BLEX,9.96,440.71,-1163.25,505.22,-1153.28,-1163.25,1936.21,440.71,70.78,( ( ))
13,0,0,0,0,12,2,/AUITKP+TimesLTStd-Roman,9.96,297.08,-1171.72,545.76,-1161.29,-1171.72,1944.22,297.08,30.24,"signs the LI’s public key as Signsk, H pk  σ . CL"
13,0,0,0,0,12,2,/ZXELRP+BLEX,9.96,297.08,-1187.16,566.91,-1173.25,-1187.16,1956.18,297.08,9.09,"To impersonate a valid LI, A must acquire this signature to (())"
13,0,0,0,0,10,2,/AUITKP+TimesLTStd-Roman,9.96,297.08,-1195.63,523.93,-1185.2,-1195.63,1968.13,297.08,52.07,"pass the public key validity check Verpk, Hpk , σCL"
13,0,0,0,0,15,2,/NAFEGV+MTSYN,9.96,297.08,-1207.12,593.68,-1197.16,-1207.12,1980.09,297.08,-17.68,"{T , F } by the vehicles. As the CAs decide and verify each LI"
13,0,0,0,0,33,2,/AUITKP+TimesLTStd-Roman,9.96,297.08,-1469.25,613.71,-1209.11,-1469.25,1992.04,297.08,-37.71,"before installation, impersonating them becomes impossible for A . Similarly, vehicles are initially registered to a parent CA to acquire a secret license number with long-term pseudoID. Therefore, impersonating a vehicle will require"
13,0,0,0,0,11,2,/WCBYRF+CMSY10,9.96,297.08,-1588.35,590.99,-1578.39,-1588.35,2361.32,297.08,-14.99,"A to access the secret parameters of the vehicle, which are"
13,0,0,0,0,15,2,/AUITKP+TimesLTStd-Roman,9.96,297.08,-1719.42,590.99,-1590.35,-1719.42,2373.28,297.08,-14.99,assumed to be safe in the tamper-protected area on the OBU unit of the vehicle.
13,0,0,0,1,2,4,/NAYGWR+FormataOTF-Reg,8.97,297.08,-1741.34,359.84,-1732.37,-1741.34,2515.3,297.08,216.16,7) REPUDIATION
13,0,0,0,0,27,2,/AUITKP+TimesLTStd-Roman,9.96,297.08,-1779.19,600.95,-1745.32,-1779.19,2528.25,297.08,-24.95,"Repudiation takes place when a sender or receiver denies acknowledging a send or receive of a message. In our scheme, the V2V communication and revocation subprotocol could"
13,0,0,0,1,4,10,/NAYGWR+FormataOTF-Reg,6.97,36.17,-1797.03,83.99,-1790.06,-1797.03,2572.99,36.17,492.01,"68660 VOLUME 12, 2024"
14,0,0,0,0,11,10,/NAYGWR+FormataOTF-Reg,6.97,36.17,744.73,308.16,751.7,744.73,31.23,36.17,267.84,S. Naskar et al.: Scheme for Distributed Vehicle Authentication and Revocation
14,1,0,0,0,18,10,/ENXOBD+FormataOTF-Bold,6.97,36.17,704.63,405.79,711.61,704.63,71.32,36.17,170.21,TABLE 3. Comparative study on security guarantees provided by proposed scheme vs similar state of the art schemes.
14,0,0,0,0,39,2,/AUITKP+TimesLTStd-Roman,9.96,36.17,397.68,335.06,550.66,397.68,232.27,36.17,240.94,"be a potential target for an internal adversary, such as a malicious vehicle, to perform repudiation. To bring nonrepudiation in our scheme, a sender vehicle needs to sign a message with its secret key and an epoch-specific value as"
14,0,0,0,0,35,2,/AUITKP+TimesLTStd-Roman,9.96,36.17,254.66,320.12,288.54,254.66,494.39,36.17,255.88,"H ||ρ)  ( ). The signature σSignsk1 (ζ22 and the VS , epoch-specific value ρ = H ek|| ||t) guarantee the receiver 1 ( that the sender has signed the message at a specific time"
14,0,0,0,0,11,2,/VNTSGZ+NimbusSanL-Regu,9.96,36.17,242.71,315.13,252.67,242.71,530.26,36.17,260.87,t and belongs to the same epoch. A receiver only accepts
14,0,0,0,0,21,2,/AUITKP+TimesLTStd-Roman,9.96,36.17,218.8,335.06,240.71,218.8,542.21,36.17,240.94,messages if the sender’s public key is valid in the current epoch and if the message is signed with the corresponding
14,0,0,0,0,103,2,/AUITKP+TimesLTStd-Roman,9.96,36.17,-222.21,335.06,109.65,-222.21,673.28,36.17,240.94,"secret key by verifying Verpk H ||ρ) , σ → {T , F }. 1 (ζ2VS , When a vehicle is reported to the LI, it also checks the signatures on the messages in the same way, to confirm the signature legitimacy of the sender and the receiver at the current epoch. Since the secret key skV of a sender vehicle is kept confidential and used to sign messages, while the corresponding public key pkV is the sole key for successful signature verification, this means that a sender cannot deny having signed a message, and a receiver cannot deny receiving a valid signature."
14,0,0,0,1,3,4,/NAYGWR+FormataOTF-Reg,8.97,36.17,-248.2,103.42,-239.23,-248.2,1022.16,36.17,472.58,8) SYBIL ATTACK
14,0,0,0,0,108,2,/AUITKP+TimesLTStd-Roman,9.96,36.17,-1024.61,350.0,-252.18,-1024.61,1035.11,36.17,226.0,"In our scheme, a particular vehicle has only one parent CA to which it is registered. A malicious vehicle trying to register in multiple CAs will be detected in the registration process. Also, a malicious vehicle might try to have multiple instances at any LI by continuously generating and sending handover requests to acquire new pseudoIDs. The CA can easily handle this by analyzing the vehicle’s activity, as handover has to be confirmed by the parent CA. If the parent CA detects that the vehicle is requesting different pseudoIDs at the same LI, it can simply reject the request and send a negative acknowledgment to the requesting vehicle."
14,0,0,0,1,6,4,/NAYGWR+FormataOTF-Reg,8.97,36.17,-1050.6,184.11,-1041.63,-1050.6,1824.56,36.17,391.89,9) DENIAL OF SERVICE (DOS) ATTACK
14,0,0,0,0,34,2,/AUITKP+TimesLTStd-Roman,9.96,36.17,-1076.5,625.86,-1054.58,-1076.5,1837.51,36.17,-49.86,"A DoS attack aims to make the system resources unavailable messages in the first step of execution. Similarly, if an already to its user. In our case, an external adversary can try to flood"
14,0,0,0,0,7,2,/AUITKP+TimesLTStd-Roman,9.96,297.08,-1185.7,581.02,-1175.74,-1185.7,1958.67,297.08,-5.02,authenticated malicious vehicle as an internal adversary
14,0,0,0,0,8,2,/AUITKP+TimesLTStd-Roman,9.96,36.17,-1195.61,310.15,-1185.65,-1195.61,1968.58,36.17,265.85,the network with fake authentication messages and make
14,0,0,0,0,7,2,/AUITKP+TimesLTStd-Roman,9.96,297.08,-1304.81,595.97,-1294.84,-1304.81,2077.77,297.08,-19.97,"continuously sends multiple authentication requests, the LI"
14,0,0,0,0,9,2,/AUITKP+TimesLTStd-Roman,9.96,36.17,-1314.72,340.04,-1304.75,-1314.72,2087.68,36.17,235.96,"the LI busy. However, the step-wise V2I verification process"
14,0,0,0,0,9,2,/AUITKP+TimesLTStd-Roman,9.96,297.08,-1423.91,595.97,-1413.95,-1423.91,2196.88,297.08,-19.97,can detect its activity while authenticating and reject the
14,0,0,0,0,20,2,/AUITKP+TimesLTStd-Roman,9.96,36.17,-1445.78,330.08,-1423.86,-1445.78,2206.79,36.17,245.92,first checks the existence of the ephemeral token β in its database before further processing. This check can be done
14,0,0,0,0,16,2,/AUITKP+TimesLTStd-Roman,9.96,297.08,-1554.98,610.91,-1533.06,-1554.98,2315.99,297.08,-34.91,"malicious requests. Therefore, the step-wise fast verification allows our scheme to deal with flooded malicious requests"
14,0,0,0,0,18,2,/AUITKP+TimesLTStd-Roman,9.96,36.17,-1566.93,610.91,-1554.93,-1566.93,2337.85,36.17,-34.91,"extremely fast, allowing LI to reject malicious authentication to be rejected extremely fast, reducing the possibility of DoS"
14,0,0,0,1,6,4,/OWWUHR+FormataOTFMdIt,8.97,298.08,-1716.09,495.33,-1707.13,-1716.09,2490.06,298.08,80.67,C. COMPARATIVE SECURITY AND PRIVACY ANALYSIS
14,0,0,0,0,289,2,/AUITKP+TimesLTStd-Roman,9.96,297.08,-3922.25,615.9,-1720.08,-3922.25,2503.01,297.08,-39.9,"Table 3 presents a comparative analysis of security and privacy strength provided by state-of-the-art schemes and the proposed scheme. The scheme by Wang et al. [11] is secure against traceability and original identity-based privacy thefts and has also achieved resistance against common security attacks such as confidentiality, integrity, MiMA, and framing. However, this scheme is vulnerable to replay attacks as a pseudonym, and its corresponding certificate can be stolen from a V2I authentication request. It can be used by another vehicle or adversary with a new timestamp and location information and can be successfully verified by the RSUs. Also, the scheme is vulnerable to repudiation and sybil attacks, as in V2V message sharing, the receiver vehicle cannot uniquely identify the sender of a message. Therefore, if a malicious sender randomly chooses a framingfree key, the receiver vehicle or CA cannot uniquely identify the sender. Revoking a malicious vehicle will require all the pseudonyms and corresponding certificates of a vehicle to be revoked from all RSUs, making it very inefficient. In the scheme by Cui et al. [17], a vehicle’s original identity is also shared with cloud service providers, which can not be fully trusted. Also, the cloud service providers can communicate with each other and trace a vehicle’s path easily. It is also vulnerable to repudiation and sybil attacks, and revocation of malicious vehicles is not possible. The authentication request sent by a vehicle to a leader edge node in the scheme proposed by Yang et al. [8] includes the original vehicle identity. The request is sent using a public channel; therefore, identity-based privacy confidentiality is not preserved, allowing an adversary to perform MiMA. Even though trust authorities can identify a malicious vehicle, they can not achieve direct accountability"
14,0,0,0,1,4,11,/NAYGWR+FormataOTF-Reg,5.98,36.17,-3940.09,81.01,-3933.11,-3940.09,4716.04,36.17,494.99,"VOLUME 12, 2024 68661"
15,0,0,0,0,11,10,/NAYGWR+FormataOTF-Reg,6.97,295.79,744.73,567.78,751.7,744.73,31.23,295.79,8.22,S. Naskar et al.: Scheme for Distributed Vehicle Authentication and Revocation
15,0,0,0,0,140,2,/AUITKP+TimesLTStd-Roman,9.96,36.17,211.11,354.99,709.9,211.11,73.03,36.17,221.01,"by immediately revoking a vehicle for sending malicious messages. In [12], Feng et al. preserves user privacy in communication and protects from most of the common security attacks. However, mutual verifiability is not achieved as a sender always broadcasts non-confidential messages without knowing the receiver. Similar to [8], this scheme is limited to only identifying a malicious vehicle but can not immediately prevent it from sending malicious messages. The scheme by Sikarwar and Himani [18] uses pseudonyms similar to the scheme [11], but fails to protect location-based traceability as the public key of a vehicle remains the same and linkable. Also, using the personal ID (Per _ID) generated 2 by a vehicle and the public key ( Pubkey), an adversary can 2 generate the private key (Prikey 2). Therefore, integrity is lost, allowing adversaries to perform MiMA and replay attacks."
15,0,1,0,0,4,8,/HHYGCB+TimesLTStd-Italic,7.57,486.55,116.45,556.29,126.41,116.45,656.51,486.55,19.71,m as they fall
15,0,0,0,0,3,2,/AUITKP+TimesLTStd-Roman,9.96,297.08,105.99,386.75,115.95,105.99,666.98,297.08,189.25,outside our scope.
15,0,0,0,0,8,2,/AUITKP+TimesLTStd-Roman,9.96,36.17,92.0,315.13,101.96,92.0,680.97,36.17,260.87,Revocation of malicious vehicles is not possible. Heavy
15,0,0,0,1,3,4,/OWWUHR+FormataOTFMdIt,8.97,298.08,80.26,369.8,89.23,80.26,693.7,298.08,206.2,D. OVERALL DELAY
15,0,0,0,0,10,2,/AUITKP+TimesLTStd-Roman,9.96,297.08,66.31,605.93,76.28,66.31,706.65,297.08,-29.93,Let us consider the average transmission latency of a message
15,0,0,0,0,7,2,/AUITKP+TimesLTStd-Roman,9.96,36.17,-27.11,335.06,-17.15,-27.11,800.08,36.17,240.94,computation requirements in the authentication process make
15,0,0,0,0,21,2,/AUITKP+TimesLTStd-Roman,9.96,297.08,-64.75,590.99,-42.83,-64.75,825.76,297.08,-14.99,"from a sender point to a receiver is L . Notably, the ch transmission latency depends on several parameters, such as"
15,0,0,0,1,4,10,/NAYGWR+FormataOTF-Reg,6.97,36.17,-82.59,83.99,-75.62,-82.59,858.55,36.17,492.01,"68662 VOLUME 12, 2024"
15,0,0,0,0,20,2,/AUITKP+TimesLTStd-Roman,9.96,36.17,-277.28,325.1,-136.25,-277.28,919.18,36.17,250.9,all these comparative schemes vulnerable to DoS attacks. The proposed scheme overcomes these issues and guarantees strong security and privacy.
15,1,0,0,1,3,4,/ENXOBD+FormataOTF-Bold,8.97,37.17,-299.7,144.76,-290.73,-299.7,1073.66,37.17,431.24,VI. PERFORMANCE ANALYSIS
15,0,0,0,0,85,2,/AUITKP+TimesLTStd-Roman,9.96,36.17,-1075.13,340.04,-302.69,-1075.13,1085.61,36.17,235.96,"Scheme efficiency depends on minimizing several parameters, such as computation costs, communication overhead, and overall delay. Computation cost represents the execution delay in performing the cryptographic operations associated with different subprotocols, expressed in milliseconds or ms. Communication overhead is the total size of the message bytes sent during any subprotocol. The overall delay represents the sum of execution delay and transmission latency from the sender to the receiver. Table 5 lists the computation cost for each scheme operation with the number of cryptographic operations performed."
15,0,0,0,1,3,4,/OWWUHR+FormataOTFMdIt,8.97,37.17,-1097.54,122.34,-1088.57,-1097.54,1871.5,37.17,453.66,A. SIMULATION SETUP
15,0,0,0,0,87,2,/AUITKP+TimesLTStd-Roman,9.96,36.17,-1540.54,350.0,-1101.53,-1540.54,1884.45,36.17,226.0,"The simulation of cryptographic operations to assess computation delays in the proposed scheme follows a methodology similar to that used in various V ANET schemes introduced by Yang et al. [8], Wei et al. [7], Feng et al. [12], Sikarwar and Himani [18] and others. Notably, this simulation strategy focuses solely on the cryptographic functions utilized in the proposed scheme to determine their average execution times. Each cryptographic operation is individually implemented and then executed multiple times to gauge the average computation delay. Importantly, this implementation remains"
15,0,0,0,0,88,2,/AUITKP+TimesLTStd-Roman,9.96,297.08,-1646.27,590.99,-1540.32,-1646.27,2323.25,297.08,-14.99,"the cryptographic functions in C programming language using the OpenSSL cryptographic library [31]. The security parameter is set to 128 − bits security; therefore, the AES symmetric key is set to 128 −bits. Similarly, for the ECDSA, we have used the standard cryptographic curve “secp256k 1”, which provides a security level of 128 − bits (also used in bitcoin technology [32]). The “secp256k 1”curve is defined on a prime field of size 256 − bits, and the order of the base point P is also 256 − bits."
15,0,0,0,0,9,2,/AUITKP+TimesLTStd-Roman,9.96,36.17,-1659.65,325.1,-1649.69,-1659.65,2432.62,36.17,250.9,"unaffected by parameters such as vehicle speed or status,"
15,0,0,0,1,3,4,/OWWUHR+FormataOTFMdIt,8.97,298.07,-1672.0,387.73,-1663.03,-1672.0,2445.96,298.07,188.27,B. COMPUTATION COSTS
15,0,0,0,0,18,2,/AUITKP+TimesLTStd-Roman,9.96,297.08,-1697.9,595.97,-1675.98,-1697.9,2458.91,297.08,-19.97,"To analyze the computation cost, the average execution time of each cryptographic operation is computed in the scheme"
15,0,0,0,0,11,2,/AUITKP+TimesLTStd-Roman,9.96,36.17,-1778.76,340.04,-1768.8,-1778.76,2551.72,36.17,235.96,as these factors do not impact the execution time of crypto-
15,0,0,0,0,17,2,/AUITKP+TimesLTStd-Roman,9.96,297.08,-1828.96,581.02,-1807.04,-1828.96,2589.97,297.08,-5.02,"and presented in Table 4. During simulation, we assume equal computational capabilities for OBUs, LIs, and CAs,"
15,0,0,0,0,24,2,/AUITKP+TimesLTStd-Roman,9.96,36.17,-1921.78,340.04,-1887.9,-1921.78,2670.83,36.17,235.96,"graphic operations. Rather, the execution time is contingent solely upon the simulation platform and available resources, such as computation power and memory, as previously"
15,0,0,0,0,10,2,/AUITKP+TimesLTStd-Roman,9.96,297.08,-1948.07,600.95,-1938.11,-1948.07,2721.04,297.08,-24.95,but CAs and LIs typically have greater resources in reality.
15,0,0,0,0,29,2,/AUITKP+TimesLTStd-Roman,9.96,36.17,-2067.18,451.51,-2030.92,-2067.18,2813.85,36.17,124.49,"mentioned. To extract the execution times of the cryptographic functions used in the protocol, we have used an Intel From Table 5, a vehicle takes 1.6196ms to generate an"
15,0,0,0,0,18,2,/AUITKP+TimesLTStd-Roman,9.96,297.08,-2091.09,576.04,-2069.17,-2091.09,2852.1,297.08,-0.04,"authentication tuple and 1.8317ms to get authenticated by an LI. Thus, the total computation cost from sending to"
15,0,0,0,0,34,2,/AUITKP+TimesLTStd-Roman,9.96,36.17,-2210.2,517.14,-2173.94,-2210.2,2956.87,36.17,58.86,i7-6500U @ 2.50GHz CPU with two cores and four logical processors having 16GB of physical memory(RAM). We have used a Linux virtual environment and implemented acknowledge verification tuple is (1.6196 +  1 .8317 +
15,0,0,0,0,64,2,/AUITKP+TimesLTStd-Roman,9.96,297.08,-2412.99,556.12,-2212.19,-2412.99,2995.12,297.08,19.88,"0.0054) =  3 .4567ms. For V2V direct messages, from generation to authentication, the scheme requires (1.0172 + 2.0648) =  3 .082ms for non-confidential and (1.8252 + 2.8728) =  4 .698ms for confidential broadcasts. Generating a report by a vehicle takes 1.015ms, and LI verification takes 2.8728ms. Handover request completion requires (1.8274 + 1.8453) =  3 .6727ms. A comparative analysis is done in Section VI."
15,0,0,0,1,3,4,/OWWUHR+FormataOTFMdIt,8.97,298.07,-2438.72,410.15,-2429.75,-2438.72,3212.68,298.07,165.85,C. COMMUNICATION OVERHEAD
15,0,0,0,0,49,2,/AUITKP+TimesLTStd-Roman,9.96,297.08,-2488.53,567.35,-2442.71,-2488.53,3225.63,297.08,8.65,"With a 128 − bit security level, the hash function outputs H , H , and H , 32 , and 32 −  bytes respectively. 12 are 16 This makes the secret license LIC, pseudoID α , and ephemeral token β each 16 −  bytes in size. Utilizing the"
15,0,0,0,0,11,2,/HHYGCB+TimesLTStd-Italic,9.96,297.08,-2500.49,528.24,-2490.53,-2500.49,3273.46,297.08,47.76,"secp256k 1”curve, a private key amounts to 32 − bytes, and"
15,0,0,0,0,123,2,/AUITKP+TimesLTStd-Roman,9.96,297.08,-3096.64,600.95,-2502.48,-3096.64,3285.41,297.08,-24.95,"a public key occupies 64 − bytes. For AES encryption in GCM (Galois/Counter Mode) [33], the encrypted ciphertext size equals plaintext size plus an additional 16 − bytes for the authentication tag. In V2I authentication, auxiliary information r is fixed at 16 − bytes. Table 6 displays the total message sizes for each subprotocol in our scheme, facilitating computation cost analysis. Notably, in V2V message sharing, we’ve excluded the size of the message tuple, focusing solely on security and authenticity. This omission includes the size of ζ, which represents the encrypted traffic information that vehicles share. Since traffic data varies, we exclude the size of ζ from consideration. Similarly, when determining the report tuple size, we exclude the incident messages ζ and ct"
16,0,0,0,0,11,10,/NAYGWR+FormataOTF-Reg,6.97,36.17,744.73,308.16,751.7,744.73,31.23,36.17,267.84,S. Naskar et al.: Scheme for Distributed Vehicle Authentication and Revocation
16,1,0,0,0,36,10,/ENXOBD+FormataOTF-Bold,6.97,36.17,433.98,297.7,711.61,433.98,71.32,36.17,278.3,TABLE 4. Execution times of different cryptographic operations in our scheme. TABLE 5. Computation cost of all scheme operations in the proposed protocol. TABLE 6. Communication overhead or message sizes of each subprotocol in our scheme.
16,0,0,0,0,33,2,/AUITKP+TimesLTStd-Roman,9.96,36.17,177.24,330.08,330.22,177.24,452.71,36.17,245.92,"the type of communication channel, the topology, vehicle speed, etc. However, for simplicity in the simulated case study and consistency in comparative studies, we have considered a generalized representation of these factors by"
16,0,0,0,0,11,2,/WCBYRF+CMSY10,9.96,36.17,165.28,310.57,175.25,165.28,607.68,36.17,265.43,"L . To analyze the overall delay, we combine computa- ch"
16,0,0,0,0,10,2,/AUITKP+TimesLTStd-Roman,9.96,36.17,34.22,320.12,163.29,34.22,619.64,36.17,255.88,tion costs as execution delays and then add transmission latency.
16,0,1,0,0,3,2,/HHYGCB+TimesLTStd-Italic,9.96,66.32,10.36,222.8,20.32,10.36,762.6,66.32,353.2,OverallDelay = TotalExecutionDelay
16,0,0,0,0,28,2,/AUITKP+TimesLTStd-Roman,9.96,36.17,-266.66,354.99,-18.48,-266.66,801.41,36.17,221.01,"In the proposed scheme, a vehicle’s total execution delay for V2I authenticated key sharing is 3.4567ms, requiring two transmissions (vehicle to LI, LI to vehicle). Thus, the overall"
16,1,0,0,1,3,4,/ENXOBD+FormataOTF-Bold,8.97,298.07,-321.66,405.67,-312.69,-321.66,1095.62,298.07,170.33,VII. COMPARATIVE STUDIES
16,0,0,0,0,28,2,/AUITKP+TimesLTStd-Roman,9.96,297.08,-370.48,610.91,-324.65,-370.48,1107.58,297.08,-34.91,"In this section, we have analyzed and discussed the efficiency gains and advantages of our proposed distributed authentication scheme in decentralized V ANETs compared to similar state-of-the-art schemes."
16,0,0,0,0,22,2,/AUITKP+TimesLTStd-Roman,9.96,36.17,-397.72,450.5,-375.8,-397.72,1158.73,36.17,125.5,"latency for V2I communication is (3.4567 +2 L )ms. V2V ch A. COMPARATIVE EFFICIENCY ANALYSISnon-confidential execution delay is 3.082ms, with a single"
16,0,0,0,0,10,2,/AUITKP+TimesLTStd-Roman,9.96,297.08,-409.23,595.97,-399.27,-409.23,1182.2,297.08,-19.97,To evaluate the efficiency of our protocol in reducing com-
16,0,0,0,0,86,2,/AUITKP+TimesLTStd-Roman,9.96,36.17,-600.51,586.01,-506.86,-600.51,1289.79,36.17,-10.01,"transmission directly from vehicle to vehicle, resulting in putation cost, communication overhead, and overall delay, an overall V2V delay of (3.082 + L)ms. A confidential ch direct V2V broadcast requires (4.6980 + L )ms. A report ch takes an overall delay of (1.015 + 2 .8728 +  L )ms =ch (3.8878 +  L )ms, while a handover from vehicle to CA ch entails an overall delay of (3.6727 + 2L )ms. For efficiency ch comparison, see Table 7, which represents delay reduction with similar state-of-the-art schemes."
16,0,0,0,0,125,2,/AUITKP+TimesLTStd-Roman,9.96,297.08,-1672.04,620.88,-637.48,-1672.04,1420.41,297.08,-44.88,"we conducted a comparative analysis by benchmarking it against state-of-the-art protocols from existing literature. For a fair comparison, we have chosen only those schemes that have also proposed distributed authentication techniques for V ANETs using ECC-based, bi-linear-based, and PKI-based protocols. From Table 1, we specifically selected two ECC-based schemes by Cui et al. [17] and Wei et al. [7], which provide an authenticated V2I key-sharing method. We also considered two bilinear-pairing-based schemes by Feng et al. [12] and by Sikarwar and Himani [18], chosen for their exclusive authenticated direct V2V message-sharing capabilities. In addition, we included two more schemes by Wang et al. [11] and Yang et al. [8], which, like our own protocol, offer both V2I authenticated key/token sharing and direct V2V message sharing."
16,0,0,0,1,4,11,/NAYGWR+FormataOTF-Reg,5.98,36.17,-1689.88,81.01,-1682.91,-1689.88,2465.84,36.17,494.99,"VOLUME 12, 2024 68663"
17,0,0,0,0,11,10,/NAYGWR+FormataOTF-Reg,6.97,295.79,744.73,567.78,751.7,744.73,31.23,295.79,8.22,S. Naskar et al.: Scheme for Distributed Vehicle Authentication and Revocation
17,0,0,0,0,82,2,/AUITKP+TimesLTStd-Roman,9.96,36.17,389.99,340.04,709.9,389.99,73.03,36.17,235.96,"For this comparative analysis, we implemented these selected protocols under the same simulation conditions and measured the execution time for the cryptographic operations they entail. The simulation revealed that a bilinear pairing operation takes approximately T 2 .0132 ms , while an bp ≈ exponentiation operation with two 128-bit values requires T  0 .0253 ms . The execution time for the Lagrange exp ≈ interpolation operation is approximately T 0.1725 ms . lag ≈ Table 7 presents a comparative efficiency analysis to"
17,1,0,0,0,11,2,/MPLCXD+TimesLTStd-Bold,9.96,36.17,378.03,320.12,391.82,378.03,391.11,36.17,255.88,Delay of Aperform an authenticated V2I key sharing of our protocol
17,0,0,0,0,257,2,/AUITKP+TimesLTStd-Roman,9.96,36.17,-325.99,576.04,375.15,-325.99,407.77,36.17,-0.04,"where the multiplicative efficiency coefficient represents if and the selected protocols, all achieving a security level of the comparative scheme (B) is faster (< 1) or slower (> 1) than our scheme (A). In other words, the multiplicative 128 −  bits. We considered the total execution and communication requirements for a vehicle to perform authentication in each protocol. The total latencies are considered by the efficiency coefficient shows if our proposed scheme is number of communications needed by different entities in relatively fast or slow compared to other schemes. If the value of the multiplicative co-efficient is < 1, it means that the comparative scheme has a lower delay and is faster the system. For example, 6L ch for scheme [17] means that the protocol requires six message transfers between various than our scheme. In contrast, if it is > 1, our scheme has a lower delay and is faster than the comparative scheme. The exact computed value of the multiplicative efficiency coefficient measures how much our proposed scheme is faster entities in the system to complete a V2I authentication or slower than other schemes in terms of delay. Analysis scheme, the comparative state-of-the-art schemes have a and key sharing. For all the schemes assuming that the underlying channel has an ultra-low latency of L 1 msch ≈ as mentioned in [34] and [35], we evaluated the overall delay by computing the sum of total execution delay and of Table 7 reveals that compared to our proposed scheme, other ECC-based approaches incur a longer delay that makes"
17,0,0,0,0,26,2,/AUITKP+TimesLTStd-Roman,9.96,297.08,-407.47,566.08,-373.59,-407.47,1156.52,297.08,9.92,"maximum of ≈  7.5 times longer delay, making them ≈ 7.5 times slower in performing V2V authenticated message sharing. Note that we have considered the computation"
17,0,0,0,0,107,2,/AUITKP+TimesLTStd-Roman,9.96,36.17,-551.54,590.99,-410.52,-551.54,1193.45,36.17,-14.99,"total transmission latency. To evaluate the efficiency gain in delay reduction, we incorporate a multiplicative coefficient them, at most, around 2.3 times slower when executing V2I authenticated key sharing. Moreover, pairing-based protocols exhibit a much longer delay that can be as high as ≈ 3.9 times our proposed scheme’s delay, making them ≈ 3 .9 times slower in V2I authenticated key sharing. Similarly, Table 8 presents a comparative efficiency to perform directly authenticated V2V message sharing of our time for non-confidential broadcast in V2V message sharing protocol and the selected protocols. The V2V execution delay represents the total execution time required from by using the following formula:"
17,1,0,0,0,7,2,/MPLCXD+TimesLTStd-Bold,9.96,49.69,-575.46,260.9,-565.49,-575.46,1348.42,49.69,315.1,Multiplicative Efficiency Coefficient = Delay of B
17,0,0,0,0,9,2,/AUITKP+TimesLTStd-Roman,9.96,297.08,-645.68,571.06,-635.72,-645.68,1418.65,297.08,4.94,for comparative fairness as none of the other selected
17,0,0,0,0,11,2,/AUITKP+TimesLTStd-Roman,9.96,36.17,-659.85,325.1,-649.88,-659.85,1432.81,36.17,250.9,generating a message by the sender to verifying it at the
17,0,0,0,0,7,2,/AUITKP+TimesLTStd-Roman,9.96,297.08,-764.79,576.04,-754.83,-764.79,1537.75,297.08,-0.04,comparative schemes provides a V2V confidential message
17,0,0,0,0,8,2,/AUITKP+TimesLTStd-Roman,9.96,36.17,-778.95,341.91,-766.78,-778.95,1549.71,36.17,234.09,sharing. receiver. The required channel latency is L
17,0,0,0,0,4,8,/VNTSGZ+NimbusSanL-Regu,7.57,220.62,-780.76,285.38,-770.8,-780.76,1553.72,220.62,290.62,ch for all the
17,0,0,0,0,17,2,/AUITKP+TimesLTStd-Roman,9.96,36.17,-790.91,576.04,-778.74,-790.91,1561.67,36.17,-0.04,An alert within V2V communication signifies a message schemes as we have only selected protocols that achieve
17,0,0,0,0,11,2,/AUITKP+TimesLTStd-Roman,9.96,297.08,-812.61,590.99,-790.69,-812.61,1573.62,297.08,-14.99,"containing time-sensitive information necessitating immediate transmission and verification. As mentioned earlier,"
17,0,0,0,0,18,2,/AUITKP+TimesLTStd-Roman,9.96,36.17,-921.97,335.06,-900.05,-921.97,1682.98,36.17,240.94,direct V2V message sharing. The comparative efficiency gain From Table 8 shows that in comparison with our proposed
17,0,0,0,0,199,2,/AUITKP+TimesLTStd-Roman,9.96,297.08,-2373.41,605.93,-921.75,-2373.41,1704.68,297.08,-29.93,"transmitting emergency alerts with proximity considerations aimed at collision avoidance is critical for V2V communication. Particularly for vehicles operating at high speeds, it becomes imperative to generate and send alert messages swiftly, ensuring prompt delivery of the message to the receiver(s). In scenarios where protocols involve substantial computation durations for transmitting and receiving alert messages, there’s a risk that by the time the receiving vehicle(s) get the alert, they may have already traveled far enough that avoiding a collision becomes impossible. Therefore, reducing V2V execution time in generating and verifying messages directly facilitates vehicles in executing and transmitting emergency messages quickly, even when traveling at high speeds and in close proximity to other vehicles. Considering L  1  ms [34], our scheme ch ≈ requires ≈ (3.3753 + 1) = 4.3753 ms  to successfully send and receive an alert using the same hardware simulation setup. This is significantly lower than the time required to execute and send a V2V message in other comparative schemes presented in Table 8. With the use of lightweight cryptographic operations and keeping the number of operations low in sending and receiving direct V2V authenticated messages, we have achieved a high-efficiency gain in V2V alert sharing."
17,0,0,0,1,2,4,/OWWUHR+FormataOTFMdIt,8.97,298.08,-2395.83,360.84,-2386.86,-2395.83,3169.79,298.08,215.16,B. DISCUSSIONS
17,0,0,0,0,17,2,/AUITKP+TimesLTStd-Roman,9.96,297.08,-2421.23,600.95,-2399.81,-2421.23,3182.74,297.08,-24.95,"Below, we summarize the insights of the comparative studies. 1) The proposed distributed V ANET architecture offers"
17,0,0,0,0,107,2,/AUITKP+TimesLTStd-Roman,9.96,321.32,-3684.04,610.25,-2423.22,-3684.04,3206.15,321.32,-34.25,"significant advantages over traditional centralized V ANETs, particularly in terms of scalability, fault tolerance, and overall reliability. By distributing tasks among multiple CAs, the architecture eliminates bottlenecks and enables efficient task distribution as the network scales. Additionally, the architecture ensures fault tolerance by tolerating failures of both CAs and LIs, with adaptive control mechanisms to manage network disruptions. Moreover, the distributed nature of the architecture enhances security and privacy through collaborative security defenses and improves resource availability by eliminating single points of failure. These features collectively contribute to a more robust and reliable V ANET communication system, capable of meeting the demands of diverse and dynamic environments."
17,0,0,0,0,6,2,/AUITKP+TimesLTStd-Roman,9.96,307.04,-3696.0,566.08,-3686.03,-3696.0,4468.96,307.04,9.92,2) The proposed distributed LI-based authentication
17,0,0,0,0,6,2,/AUITKP+TimesLTStd-Roman,9.96,321.32,-3707.95,600.28,-3697.99,-3707.95,4480.92,321.32,-24.28,scheme effectively addresses scalability limitations and
17,0,0,0,1,4,10,/NAYGWR+FormataOTF-Reg,6.97,36.17,-3725.79,83.99,-3718.82,-3725.79,4501.75,36.17,492.01,"68664 VOLUME 12, 2024"
18,0,0,0,0,11,10,/NAYGWR+FormataOTF-Reg,6.97,36.17,744.73,308.16,751.7,744.73,31.23,36.17,267.84,S. Naskar et al.: Scheme for Distributed Vehicle Authentication and Revocation
18,1,0,0,0,21,10,/ENXOBD+FormataOTF-Bold,6.97,36.17,704.63,506.92,711.61,704.63,71.32,36.17,69.08,TABLE 7. In above we present a comparative efficiency analysis of V2I authenticated key sharing with state-of-the-art schemes and our proposed
18,0,0,0,0,70,10,/YATFQB+FormataOTFMd,6.97,36.17,671.16,545.07,703.24,671.16,79.69,36.17,30.93,"scheme. The execution delay reports the amount of delays obtained from the cryptographic operations. The transmission latency amounts the total channel communication delays. The overall delay provides an estimated delay inms by summing up the execution delays, with the total transmission latency assuming L  1 ms. The delay comparison provides a multiplicative coefficient representing if the comparative scheme is slower(>1) or faster ch ≈ (< 1) than our proposed scheme."
18,1,0,0,0,21,10,/ENXOBD+FormataOTF-Bold,6.97,36.17,512.3,527.84,519.27,512.3,263.66,36.17,48.16,TABLE 8. In above we present comparative efficiency analysis of V2V authenticated key sharing with state-of-the-art schemes and our proposed scheme.
18,0,0,0,0,68,10,/YATFQB+FormataOTFMd,6.97,36.17,478.82,538.3,510.9,478.82,272.03,36.17,37.7,"The execution delay reports the amount of delays obtained from the cryptographic operations. The transmission latency amounts the total channel communication delays. The overall delay provides an estimated delay inms by summing up the execution delays, with the total transmission latency assuming L  1 ms. The delay comparison provides a multiplicative coefficient representing if the comparative scheme is slower(>1) or faster (<1) ch ≈ than our proposed scheme."
18,0,0,0,0,103,2,/AUITKP+TimesLTStd-Roman,9.96,60.41,-836.8,349.34,316.87,-836.8,466.06,60.41,226.66,"reliability issues inherent in centralized authentication mechanisms in high-density V ANETs. By decentralizing authentication and assigning Local Inspectors (LIs) to verify requests locally, the system mitigates concerns such as CA overloading, network congestion, and reliance on a single point of failure. With LIs handling authentication regionally, the impact of hardware or communication failures in specific areas on overall system functionality is minimized, ensuring high reliability. Furthermore, by bypassing the need for authentication requests to reach centralized authorities, our scheme eliminates additional delays associated with CA operations, promoting faster response times and enhancing reliability, particularly in time-sensitive communication scenarios within dense V ANET environments."
18,0,0,0,0,9,2,/AUITKP+TimesLTStd-Roman,9.96,46.13,-848.75,295.21,-838.79,-848.75,1621.72,46.13,280.79,3) The immediate revocation feature in the V ANET
18,0,0,0,0,77,2,/AUITKP+TimesLTStd-Roman,9.96,60.41,-1134.79,600.28,-850.75,-1134.79,1633.68,60.41,-24.28,"environment significantly enhances security by swiftly cease receiving malicious messages from the identified blacklisting the public key of disputed senders upon malicious senders. By preventing the propagation of verification of a valid report. This proactive measure, these harmful messages, the immediate revocation as detailed in the protocol, enables Local Inspectors feature effectively mitigates the risks associated with (LIs) to broadcast the blacklist to their respective compromised communication channels, thereby bol- regions promptly, ensuring that all valid vehicles"
18,0,0,0,0,11,2,/AUITKP+TimesLTStd-Roman,9.96,321.32,-1372.12,585.34,-1243.05,-1372.12,2025.98,321.32,-9.34,stering safety for drivers and passengers within the V ANET ecosystem.
18,0,0,0,0,10,2,/AUITKP+TimesLTStd-Roman,9.96,307.04,-1384.07,605.93,-1374.11,-1384.07,2157.04,307.04,-29.93,"4) The detailed privacy and security analysis in Section V,"
18,0,0,0,0,40,2,/AUITKP+TimesLTStd-Roman,9.96,321.32,-1765.31,590.32,-1386.07,-1765.31,2169.0,321.32,-14.32,"and the comparative analysis in Table 3 make it clear that our scheme is secure and can protect against various security attacks to which similar schemes are vulnerable. Therefore, our proposed scheme provides better passenger safety in V ANET communications."
18,0,0,0,0,9,2,/AUITKP+TimesLTStd-Roman,9.96,307.04,-1777.26,556.12,-1767.3,-1777.26,2550.23,307.04,19.88,5) The performance analysis in Section VI and the
18,0,0,0,0,66,2,/AUITKP+TimesLTStd-Roman,9.96,321.32,-2313.47,585.34,-1779.26,-2313.47,2562.18,321.32,-9.34,"comparative efficiency analysis from Table 7 and Table 8 show that our scheme requires comparatively less computation cost and overall delay in both V2V key sharing and V2V message sharing. The efficiency of the proposed V2I key sharing and V2V message sharing in V ANETs heavily relies on employing lightweight cryptographic techniques such as symmetric key encryption/decryption and simple hash functions. By minimizing ECC-based operations, limiting"
18,0,0,0,1,4,11,/NAYGWR+FormataOTF-Reg,5.98,36.17,-2332.8,81.01,-2325.82,-2332.8,3108.75,36.17,494.99,"VOLUME 12, 2024 68665"
19,0,0,0,0,11,10,/NAYGWR+FormataOTF-Reg,6.97,295.79,744.73,567.78,751.7,744.73,31.23,295.79,8.22,S. Naskar et al.: Scheme for Distributed Vehicle Authentication and Revocation
19,0,0,0,0,47,2,/AUITKP+TimesLTStd-Roman,9.96,60.41,187.64,334.39,709.9,187.64,73.03,60.41,241.61,"protocol-specific variables, utilizing non-interactive communication, and reducing third-party involvement, the scheme significantly decreases computation and communication costs while maintaining a high level of security. Additionally, the shorter travel path of authentication requests in distributed authentication further enhances efficiency by eliminating delays associated with centralized V ANET architectures."
19,0,0,0,0,8,2,/AUITKP+TimesLTStd-Roman,9.96,46.13,175.68,305.17,185.65,175.68,597.28,46.13,270.83,6) Even though the simulation results are platform-
19,0,0,0,0,51,2,/AUITKP+TimesLTStd-Roman,9.96,60.41,-455.72,339.37,173.69,-455.72,609.24,60.41,236.63,"dependent, meaning that the execution times for cryptographic operations highly depend on the selected cryptographic library, simulation software, and hardware capabilities, our scheme will consistently outperform the selected state-of-the-art comparative schemes regarding computation, communication, and overall delay due to the selection of lightweight cryptographic operations and reduction in trust party involvements."
19,1,0,0,1,2,4,/ENXOBD+FormataOTF-Bold,8.97,37.17,-479.25,108.89,-470.28,-479.25,1253.21,37.17,467.11,VIII. CONCLUSION
19,0,0,0,0,103,2,/AUITKP+TimesLTStd-Roman,9.96,36.17,-1731.1,340.04,-482.24,-1731.1,1265.17,36.17,235.96,"This research addresses critical privacy and security challenges in Vehicular Ad Hoc Networks (V ANETs) by introducing a novel hierarchical decentralized V ANET authentication system. The proposed system eliminates singlepoint failures, enhances user autonomy during registration, and enables efficient and privacy-preserving Vehicle-toInfrastructure (V2I) and Vehicle-to-Vehicle (V2V) communication. It offers swift and privacy-preserving vehicle revocation and supports close proximity alerts, allowing quick emergency responses. These contributions represent a significant step towards mitigating V ANET security concerns, reducing latency, and prioritizing the privacy and security of vehicles in V2V and V2I communication. By eliminating the communication bottlenecks and efficiently offering immediate revocation of malicious vehicles,"
19,0,0,0,0,15,7,/AUITKP+TimesLTStd-Roman,7.58,300.87,-1821.22,592.78,-1813.63,-1821.22,2596.56,300.87,-16.78,"[7] L. Wei, J. Cui, H. Zhong, I. Bolodurina, and L. Liu, ‘‘A lightweight and"
19,0,0,0,0,16,7,/AUITKP+TimesLTStd-Roman,7.58,314.69,-1839.15,583.85,-1822.6,-1839.15,2605.53,314.69,-7.85,"conditional privacy-preserving authenticated key agreement scheme with multi-TA model for fog-based V ANETs,’’IEEE Trans. Dependable Secur."
19,0,0,0,0,40,7,/AUITKP+TimesLTStd-Roman,7.58,36.17,-1862.17,554.87,-1840.25,-1862.17,2623.18,36.17,21.13,"the proposed solution offers a promising advancement in Comput., vol. 20, no. 1, pp. 422–436, Jan. 2023. [8] A. Yang, J. Weng, K. Yang, C. Huang, and X. Shen, ‘‘Delegating the field of V ANET connectivity and security. This research"
19,0,0,0,0,8,7,/AUITKP+TimesLTStd-Roman,7.58,314.69,-1866.68,587.64,-1859.1,-1866.68,2642.03,314.69,-11.64,authentication to edge: A decentralized authentication architecture for
19,0,0,0,0,23,7,/AUITKP+TimesLTStd-Roman,7.58,36.17,-1875.65,455.11,-1864.16,-1875.65,2647.09,36.17,120.89,"paves the way for a more resilient and responsive V ANET vehicular networks,’’ IEEE Trans. Intell. Transp. Syst. , vol. 23, no. 2,"
19,0,0,0,0,4,7,/AUITKP+TimesLTStd-Roman,7.58,314.69,-1884.62,413.26,-1877.04,-1884.62,2659.96,314.69,162.74,"pp. 1284–1298, Feb. 2022."
19,0,0,0,0,10,7,/AUITKP+TimesLTStd-Roman,7.58,300.87,-1894.22,551.08,-1886.64,-1894.22,2669.57,300.87,24.92,"[9] T. Chatterjee, R. Karmakar, G. Kaddoum, S. Chattopadhyay, and"
19,0,0,0,0,23,7,/AUITKP+TimesLTStd-Roman,7.58,314.69,-1921.12,580.06,-1895.61,-1921.12,2678.53,314.69,-4.06,"S. Chakraborty, ‘‘A survey of V ANET/V2X routing from the perspective of non-learning- and learning-based approaches,’’ IEEE Access, vol. 10, pp. 23022–23050, 2022."
19,0,0,0,0,13,7,/AUITKP+TimesLTStd-Roman,7.58,297.08,-1930.72,577.61,-1923.14,-1930.72,2706.07,297.08,-1.61,"[10] L. Zhang, Q. Wu, J. Domingo-Ferrer, B. Qin, and C. Hu, ‘‘Distributed"
19,0,0,0,0,8,7,/AUITKP+TimesLTStd-Roman,7.58,314.69,-1939.69,530.78,-1932.11,-1939.69,2715.04,314.69,45.22,"aggregate privacy-preserving authentication in V ANETs,’’ IEEE Trans."
19,0,1,0,0,11,7,/HHYGCB+TimesLTStd-Italic,7.58,314.69,-1948.66,473.91,-1941.07,-1948.66,2724.0,314.69,102.09,"Intell. Transp. Syst., vol. 18, no. 3, pp. 516–526, Mar. 2017."
19,0,0,0,0,13,7,/AUITKP+TimesLTStd-Roman,7.58,297.08,-1958.26,592.78,-1950.68,-1958.26,2733.61,297.08,-16.78,"[11] P. Wang and Y . Liu, ‘‘SEMA: Secure and efficient message authentication"
19,0,0,0,0,15,7,/AUITKP+TimesLTStd-Roman,7.58,314.69,-1976.19,511.94,-1959.64,-1976.19,2742.57,314.69,64.06,"protocol for V ANETs,’’ IEEE Syst. J., vol. 15, no. 1, pp. 846–855, Mar. 2021."
19,0,0,0,0,14,7,/AUITKP+TimesLTStd-Roman,7.58,297.08,-1985.53,596.57,-1977.95,-1985.53,2760.88,297.08,-20.57,"[12] X. Feng, Q. Shi, Q. Xie, and L. Wang, ‘‘P2BA: A privacy-preserving proto-"
19,0,0,0,0,19,2,/AUITKP+TimesLTStd-Roman,9.96,36.17,-1994.5,602.81,-1983.27,-1994.5,2766.19,36.17,-26.81,ecosystem that can significantly enhance road safety and col with batch authentication against semi-trusted RSUs in vehicular ad hoc
19,0,0,0,0,11,7,/AUITKP+TimesLTStd-Roman,7.58,314.69,-2071.45,451.17,-2054.9,-2071.45,2837.83,314.69,124.83,"networks,’’ IEEE Trans. Inf. Forensics Security, vol. 16, pp. 3888–3899, 2021."
19,0,0,0,0,16,7,/AUITKP+TimesLTStd-Roman,7.58,297.08,-2080.79,585.19,-2073.21,-2080.79,2856.13,297.08,-9.19,"[13] X. Li, T. Jing, R. Li, H. Li, X. Wang, and D. Shen, ‘‘BDRA: Blockchain"
19,0,0,0,0,20,7,/AUITKP+TimesLTStd-Roman,7.58,314.69,-2098.72,610.39,-2082.17,-2098.72,2865.1,314.69,-34.39,"and decentralized identifiers assisted secure registration and authentication for V ANETs,’’IEEE Internet Things J., vol. 10, no. 14, pp. 12140–12155,"
19,0,0,0,0,9,7,/AUITKP+TimesLTStd-Roman,7.58,36.17,-2112.34,356.39,-2100.1,-2112.34,2883.03,36.17,219.61,Jul. 2022. traffic management while safeguarding sensitive data and
19,0,0,0,0,12,7,/AUITKP+TimesLTStd-Roman,7.58,297.08,-2117.03,592.78,-2109.45,-2117.03,2892.37,297.08,-16.78,"[14] Y . Inedjaren, M. Maachaoui, B. Zeddini, and J.-P. Barbot, ‘‘Blockchain-"
19,0,0,0,0,17,7,/AUITKP+TimesLTStd-Roman,7.58,314.69,-2134.96,538.43,-2118.41,-2134.96,2901.34,314.69,37.57,"based distributed management system for trust in V ANET,’’Veh. Commun., vol. 30, Aug. 2021, Art. no. 100350."
19,0,0,0,0,14,7,/AUITKP+TimesLTStd-Roman,7.58,297.08,-2144.56,539.7,-2136.98,-2144.56,2919.91,297.08,36.3,"[15] M. Saad, M. B. Ahmad, M. Asif, M. K. Khan, T. Mahmood, and"
19,0,0,0,0,17,7,/AUITKP+TimesLTStd-Roman,7.58,314.69,-2162.5,561.11,-2145.95,-2162.5,2928.88,314.69,14.89,"M. T. Mahmood, ‘‘Blockchain-enabled V ANET for smart solid waste management,’’IEEE Access, vol. 11, pp. 5679–5700, 2023."
19,0,0,0,0,12,7,/AUITKP+TimesLTStd-Roman,7.58,297.08,-2172.1,604.15,-2164.52,-2172.1,2947.45,297.08,-28.15,"[16] M. Amara and A. Siad, ‘‘Elliptic curve cryptography and its applications,’’"
19,0,0,0,0,13,7,/AUITKP+TimesLTStd-Roman,7.58,314.69,-2190.03,530.78,-2173.48,-2190.03,2956.41,314.69,45.22,"in Proc. Int. Workshop Syst., Signal Process. Appl., WOSSPA, May 2011, pp. 247–250."
19,0,0,0,0,14,7,/AUITKP+TimesLTStd-Roman,7.58,297.08,-2199.64,600.36,-2192.05,-2199.64,2974.98,297.08,-24.36,"[17] J. Cui, X. Zhang, H. Zhong, J. Zhang, and L. Liu, ‘‘Extensible conditional"
19,0,0,0,0,19,7,/AUITKP+TimesLTStd-Roman,7.58,314.69,-2217.57,595.23,-2201.02,-2217.57,2983.95,314.69,-19.23,"privacy protection authentication scheme for secure vehicular networks in a multi-cloud environment,’’ IEEE Trans. Inf. Forensics Security, vol. 15,"
19,0,0,0,0,9,7,/AUITKP+TimesLTStd-Roman,7.58,36.17,-2231.44,394.3,-2218.95,-2231.44,3001.88,36.17,181.7,"pp. 1654–1667, 2020. ensuring prompt communication in critical situations."
19,0,0,0,0,11,7,/AUITKP+TimesLTStd-Roman,7.58,297.08,-2236.14,585.2,-2228.56,-2236.14,3011.49,297.08,-9.2,"[18] H. Sikarwar and D. Das, ‘‘Towards lightweight authentication and batch"
19,0,0,0,0,10,7,/AUITKP+TimesLTStd-Roman,7.58,314.69,-2245.11,458.75,-2237.52,-2245.11,3020.45,314.69,117.25,"verification scheme in IoV ,’’ IEEE Trans. Dependable Secur. Comput.,"
19,1,0,0,0,9,4,/ENXOBD+FormataOTF-Bold,8.97,37.17,-2254.67,473.91,-2245.7,-2254.67,3028.63,37.17,102.09,"REFERENCES vol. 19, no. 5, pp. 3244–3256, Sep. 2022."
19,0,0,0,0,28,7,/AUITKP+TimesLTStd-Roman,7.58,39.96,-2265.22,562.45,-2256.09,-2265.22,3039.02,39.96,13.55,"[19] A. Waheed, M. A. Shah, A. Khan, C. Maple, and I. Ullah, ‘‘Hybrid [1] M. S. Sheikh and J. Liang, ‘‘A comprehensive survey on V ANET security"
19,0,0,0,0,16,7,/AUITKP+TimesLTStd-Roman,7.58,53.78,-2274.18,587.64,-2265.06,-2274.18,3047.99,53.78,-11.64,"task coordination using multi-hop communication in volunteer computing- services in traffic management system,’’ Wireless Commun. Mobile"
19,0,1,0,0,7,7,/HHYGCB+TimesLTStd-Italic,7.58,53.78,-2283.15,182.68,-2275.57,-2283.15,3058.5,53.78,393.32,"Comput., vol. 2019, pp. 1–23, Sep. 2019."
19,0,0,0,0,14,7,/AUITKP+TimesLTStd-Roman,7.58,39.96,-2292.53,324.29,-2284.95,-2292.53,3067.88,39.96,251.71,"[2] F. Azam, S. K. Yadav, N. Priyadarshi, S. Padmanaban, and R. C. Bansal,"
19,0,0,0,0,16,7,/AUITKP+TimesLTStd-Roman,7.58,53.78,-2310.47,322.94,-2293.92,-2310.47,3076.85,53.78,253.06,"‘‘A comprehensive review of authentication schemes in vehicular ad-hoc network,’’IEEE Access, vol. 9, pp. 31309–31321, 2021."
19,0,0,0,0,16,7,/AUITKP+TimesLTStd-Roman,7.58,39.96,-2319.85,343.24,-2312.27,-2319.85,3095.2,39.96,232.76,"[3] R. Hussain, J. Lee, and S. Zeadally, ‘‘Trust in V ANET: A survey of current"
19,0,0,0,0,29,7,/AUITKP+TimesLTStd-Roman,7.58,53.78,-2340.63,513.27,-2321.23,-2340.63,3104.16,53.78,62.73,"solutions and future research opportunities,’’ IEEE Trans. Intell. Transp. Syst., vol. 22, no. 5, pp. 2553–2571, May 2021.  based V ANETs,’’Sensors, vol. 21, no. 8, p. 2718, Apr. 2021."
19,0,0,0,0,14,7,/AUITKP+TimesLTStd-Roman,7.58,39.96,-2347.16,316.7,-2339.58,-2347.16,3122.51,39.96,259.3,"[4] J. Zhang, Q. Zhang, X. Lu, and Y . Gan, ‘‘A novel privacy-preserving"
19,0,0,0,0,14,7,/AUITKP+TimesLTStd-Roman,7.58,297.08,-2350.23,562.45,-2342.65,-2350.23,3125.58,297.08,13.55,"[20] Z. H. Ali, M. M. Badawy, and H. A. Ali, ‘‘A novel geographically"
19,0,0,0,0,10,7,/AUITKP+TimesLTStd-Roman,7.58,53.78,-2356.13,326.73,-2348.55,-2356.13,3131.48,53.78,249.27,authentication protocol using bilinear pairings for the V ANET environ-
19,0,0,0,0,9,7,/AUITKP+TimesLTStd-Roman,7.58,314.69,-2359.2,591.43,-2351.62,-2359.2,3134.55,314.69,-15.43,distributed architecture based on fog technology for improving vehicular
19,0,0,0,0,10,7,/AUITKP+TimesLTStd-Roman,7.58,53.78,-2365.1,205.1,-2357.52,-2365.1,3140.44,53.78,370.9,"ment,’’Wireless Commun. Mobile Comput., vol. 2021, pp. 1–13, Jun. 2021."
19,0,0,0,0,13,7,/AUITKP+TimesLTStd-Roman,7.58,39.96,-2374.48,331.87,-2366.9,-2374.48,3149.83,39.96,244.13,"[5] K. Gu, K. Wang, X. Li, and W. Jia, ‘‘Multi-fogs-based traceable privacy-"
19,0,0,0,0,10,7,/AUITKP+TimesLTStd-Roman,7.58,53.78,-2383.45,307.78,-2375.86,-2383.45,3158.79,53.78,268.22,"preserving scheme for vehicular identity in Internet of Vehicles,’’ IEEE"
19,0,1,0,0,12,7,/HHYGCB+TimesLTStd-Italic,7.58,53.78,-2392.41,228.17,-2384.83,-2392.41,3167.76,53.78,347.83,"Trans. Intell. Transp. Syst., vol. 23, no. 8, pp. 12544–12561, Aug. 2022."
19,0,0,0,0,12,7,/AUITKP+TimesLTStd-Roman,7.58,39.96,-2401.8,331.87,-2394.21,-2401.8,3177.14,39.96,244.13,"[6] C. Yang, P. Jiang, and L. Zhu, ‘‘Accelerating decentralized and partial-"
19,0,0,0,0,10,7,/AUITKP+TimesLTStd-Roman,7.58,53.78,-2410.76,334.32,-2403.18,-2410.76,3186.11,53.78,241.68,"privacy data access for V ANET via online/offline functional encryption,’’"
19,0,0,0,0,16,7,/AUITKP+TimesLTStd-Roman,7.58,314.69,-2436.15,529.47,-2419.6,-2436.15,3202.53,314.69,46.53,"ad hoc network (V ANET) performance,’’Peer-to-Peer Netw. Appl., vol. 13, no. 5, pp. 1539–1566, Sep. 2020."
19,0,0,0,0,13,7,/AUITKP+TimesLTStd-Roman,7.58,297.08,-2445.76,551.08,-2438.17,-2445.76,3221.1,297.08,24.92,"[21] F. A. Ghaleb, F. Saeed, M. Al-Sarem, B. Ali Saleh Al-rimy, W."
19,0,0,0,0,30,7,/AUITKP+TimesLTStd-Roman,7.58,314.69,-2472.65,591.43,-2447.14,-2472.65,3230.07,314.69,-15.43,"Boulila, A. E. M. Eljialy, K. Aloufi, and M. Alazab, ‘‘Misbehavior-aware on-demand collaborative intrusion detection system using distributed ensemble learning for V ANET,’’ Electronics, vol. 9, no. 9, p. 1411,"
19,0,0,0,0,14,7,/AUITKP+TimesLTStd-Roman,7.58,53.78,-2481.62,356.39,-2471.17,-2481.62,3254.1,53.78,219.61,"IEEE Trans. Veh. Technol., vol. 71, no. 8, pp. 8944–8954, Aug. 2022.  Sep. 2020."
19,0,0,0,0,18,7,/AUITKP+TimesLTStd-Roman,7.58,297.08,-2491.22,577.61,-2483.64,-2491.22,3266.57,297.08,-1.61,"[22] Z. Ma, J. Zhang, Y . Guo, Y . Liu, X. Liu, and W. He, ‘‘An efficient"
19,0,0,0,0,9,7,/AUITKP+TimesLTStd-Roman,7.58,314.69,-2500.19,572.48,-2492.61,-2500.19,3275.54,314.69,3.52,"decentralized key management mechanism for V ANET with blockchain,’’"
19,0,1,0,0,12,7,/HHYGCB+TimesLTStd-Italic,7.58,314.69,-2568.18,481.5,-2560.6,-2568.18,3343.53,314.69,94.5,"IEEE Trans. Veh. Technol., vol. 69, no. 6, pp. 5836–5849, Jun. 2020."
19,0,0,0,0,15,7,/AUITKP+TimesLTStd-Roman,7.58,297.08,-2577.78,577.61,-2570.2,-2577.78,3353.13,297.08,-1.61,"[23] M. Arif, G. Wang, M. Zakirul Alam Bhuiyan, T. Wang, and J. Chen, ‘‘A"
19,0,0,0,0,19,7,/AUITKP+TimesLTStd-Roman,7.58,314.69,-2654.74,583.85,-2579.17,-2654.74,3362.09,314.69,-7.85,"survey on security attacks in V ANETs: Communication, applications and challenges,’’Veh. Commun., vol. 19, Oct. 2019, Art. no. 100179."
19,0,0,0,0,13,7,/AUITKP+TimesLTStd-Roman,7.58,297.08,-2664.34,581.4,-2656.76,-2664.34,3439.69,297.08,-5.4,"[24] G. Nardini, D. Sabella, G. Stea, P. Thakkar, and A. Virdis, ‘‘Simu5G–"
19,0,0,0,0,16,7,/AUITKP+TimesLTStd-Roman,7.58,314.69,-2682.27,553.52,-2665.72,-2682.27,3448.65,314.69,22.48,"An OMNeT++ library for end-to-end performance evaluation of 5G networks,’’IEEE Access, vol. 8, pp. 181176–181191, 2020."
19,0,0,0,0,15,7,/AUITKP+TimesLTStd-Roman,7.58,297.08,-2691.88,592.78,-2684.29,-2691.88,3467.22,297.08,-16.78,"[25] X. Wang, S. Mao, and M. X. Gong, ‘‘An overview of 3GPP cellular vehicle-"
19,0,0,0,0,14,7,/AUITKP+TimesLTStd-Roman,7.58,314.69,-2709.81,443.59,-2693.26,-2709.81,3476.19,314.69,132.41,"to-everything standards,’’ GetMobile: Mobile Comput. Commun., vol. 21, no. 3, pp. 19–25, Nov. 2017."
19,0,0,0,0,12,7,/AUITKP+TimesLTStd-Roman,7.58,297.08,-2719.41,611.73,-2711.83,-2719.41,3494.76,297.08,-35.73,"[26] V . Jindal and P. Bedi, ‘‘Vehicular ad-hoc networks: Introduction, standards,"
19,0,0,0,0,17,7,/AUITKP+TimesLTStd-Roman,7.58,314.69,-2737.34,451.17,-2720.8,-2737.34,3503.72,314.69,124.83,"routing protocols and challenges,’’ Int. J. Comput. Sci. Issues (IJCSI), vol. 13, no. 2, p. 44, 2016."
19,0,0,0,0,12,7,/AUITKP+TimesLTStd-Roman,7.58,297.08,-2746.95,570.03,-2739.37,-2746.95,3522.29,297.08,5.97,"[27] C. R. Storck and F. Duarte-Figueiredo, ‘‘A survey of 5G technology"
19,0,0,0,0,19,7,/AUITKP+TimesLTStd-Roman,7.58,314.69,-2832.86,576.27,-2748.33,-2832.86,3531.26,314.69,-0.27,"evolution, standards, and infrastructure associated with vehicle-toeverything communications by Internet of Vehicles,’’ IEEE Access, vol. 8, pp. 117593–117614, 2020."
19,0,0,0,1,4,10,/NAYGWR+FormataOTF-Reg,6.97,36.17,-2853.08,83.99,-2846.11,-2853.08,3629.04,36.17,492.01,"68666 VOLUME 12, 2024"
20,0,0,0,0,11,10,/NAYGWR+FormataOTF-Reg,6.97,36.17,744.73,308.16,751.7,744.73,31.23,36.17,267.84,S. Naskar et al.: Scheme for Distributed Vehicle Authentication and Revocation
20,0,0,0,0,20,5,/AUITKP+TimesLTStd-Roman,7.97,36.17,701.93,562.88,709.9,701.93,73.03,36.17,13.12,"[28] M. N. Mejri, J. Ben-Othman, and M. Hamdi, ‘‘Survey on V ANET security  GERHARD HANCKE (Fellow, IEEE) received the"
20,0,0,0,0,28,7,/AUITKP+TimesLTStd-Roman,7.58,53.78,682.8,582.39,700.93,682.8,82.0,53.78,-6.39,"challenges and possible cryptographic solutions,’’ Veh. Commun., vol. 1,  B.Eng. and M.Eng. degrees in computer engino. 2, pp. 53–66, Apr. 2014.  neering from the University of Pretoria, Pretoria,"
20,0,0,0,0,22,7,/AUITKP+TimesLTStd-Roman,7.58,36.17,673.24,562.47,682.74,673.24,100.19,36.17,13.53,"[29] D. Dolev and A. C. Yao, ‘‘On the security of public key protocols,’’ IEEE  South Africa, in 2002 and 2003, respectively,"
20,0,1,0,0,11,7,/HHYGCB+TimesLTStd-Italic,7.58,53.78,666.19,228.17,673.77,666.19,109.16,53.78,347.83,"Trans. Inf. Theory, vols. IT-29, no. 2, pp. 198–208, Mar. 1983."
20,0,0,0,0,11,7,/AUITKP+TimesLTStd-Roman,7.58,36.17,656.96,312.91,664.54,656.96,118.39,36.17,263.09,"[30] D. R. L. Brown, ‘‘Generic groups, collision resistance, and ECDSA,’’"
20,0,1,0,0,11,7,/HHYGCB+TimesLTStd-Italic,7.58,53.78,647.99,213.0,655.57,647.99,127.35,53.78,363.0,"Designs, Codes Cryptography, vol. 35, no. 1, pp. 119–152, Apr. 2005."
20,0,0,0,0,11,7,/AUITKP+TimesLTStd-Roman,7.58,36.17,638.76,290.17,646.35,638.76,136.58,36.17,285.83,"[31] E. Käsper, ‘‘Fast elliptic curve cryptography in OpenSSL,’’ in Proc."
20,0,1,0,0,8,7,/HHYGCB+TimesLTStd-Italic,7.58,53.78,629.8,231.96,637.38,629.8,145.55,53.78,344.04,"Financial Cryptography Data Security, Workshops, 2011, pp. 27–39."
20,0,0,0,0,14,7,/AUITKP+TimesLTStd-Roman,7.58,36.17,620.57,309.12,628.15,620.57,154.78,36.17,266.88,"[32] J. W. Bos, J. A. Halderman, N. Heninger, J. Moore, M. Naehrig, and"
20,0,0,0,0,11,7,/AUITKP+TimesLTStd-Roman,7.58,53.78,611.6,277.45,619.18,611.6,163.75,53.78,298.55,"E. Wustrow, ‘‘Elliptic curve cryptography in practice,’’ in Proc. Int. Conf."
20,0,1,0,0,9,7,/HHYGCB+TimesLTStd-Italic,7.58,53.78,602.64,194.05,610.22,602.64,172.71,53.78,381.95,"Financial Cryptogr. Data Secur. (FC). Christ Church, Barbados: Springer,"
20,0,0,0,0,8,5,/AUITKP+TimesLTStd-Roman,7.97,379.16,597.01,562.47,604.98,597.01,177.95,379.16,13.53,and the Ph.D. degree in computer science from
20,0,0,0,0,4,7,/AUITKP+TimesLTStd-Roman,7.58,53.78,593.67,144.77,601.25,593.67,181.68,53.78,431.23,"Mar. 2014, pp. 157–175."
20,0,0,0,0,9,7,/AUITKP+TimesLTStd-Roman,7.58,36.17,584.44,309.12,592.02,584.44,190.91,36.17,266.88,"[33] M. Mozaffari-Kermani and A. Reyhani-Masoleh, ‘‘Efficient and high-"
20,0,0,0,0,8,7,/AUITKP+TimesLTStd-Roman,7.58,53.78,575.47,288.82,583.06,575.47,199.87,53.78,287.18,"performance parallel hardware architectures for the AES-GCM,’’ IEEE"
20,0,1,0,0,10,7,/HHYGCB+TimesLTStd-Italic,7.58,53.78,566.51,220.59,574.09,566.51,208.84,53.78,355.41,"Trans. Comput., vol. 61, no. 8, pp. 1165–1178, Aug. 2012."
20,0,0,0,0,14,7,/AUITKP+TimesLTStd-Roman,7.58,36.17,557.28,328.08,564.86,557.28,218.07,36.17,247.92,"[34] R. Hussain, F. Hussain, and S. Zeadally, ‘‘Integration of V ANET and 5G"
20,0,0,0,0,10,7,/AUITKP+TimesLTStd-Roman,7.58,53.78,548.31,269.87,555.89,548.31,227.04,53.78,306.13,"security: A review of design and implementation issues,’’ Future Gener."
20,0,1,0,0,8,7,/HHYGCB+TimesLTStd-Italic,7.58,53.78,539.34,190.26,546.93,539.34,236.0,53.78,385.74,"Comput. Syst., vol. 101, pp. 843–864, Dec. 2019."
20,0,0,0,0,13,7,/AUITKP+TimesLTStd-Roman,7.58,36.17,530.12,316.7,537.7,530.12,245.23,36.17,259.3,"[35] M. A. Ferrag, L. Maglaras, A. Argyriou, D. Kosmanos, and H. Janicke,"
20,0,0,0,0,23,5,/AUITKP+TimesLTStd-Roman,7.97,53.78,519.81,562.47,528.76,519.81,254.17,53.78,13.53,"the University of Cambridge, Cambridge, U.K., ‘‘Security for 4G and 5G cellular networks: A survey of existing TINGTING ZHANGreceived the B.Sc. and M.Sc."
20,0,0,0,0,7,5,/AUITKP+TimesLTStd-Roman,7.97,379.16,510.25,574.42,518.22,510.25,264.71,379.16,1.58,degrees in computer science and engineering from
20,0,0,0,0,35,7,/AUITKP+TimesLTStd-Roman,7.58,53.78,443.45,562.47,460.99,443.45,321.94,53.78,13.53,"SUJASH NASKAR (Member, IEEE) received the authentication and privacy-preserving schemes,’’ J. Netw. Comput. Appl., in 2009. He is currently a Professor with the vol. 101, pp. 55–82, Jan. 2018.B.Sc. and M.Sc. degrees in computer science"
20,0,0,0,0,30,5,/AUITKP+TimesLTStd-Roman,7.97,118.25,414.76,566.45,441.99,414.76,340.94,118.25,9.55,"Fudan University, Shanghai, China, in 1982 and from the University of Calcutta, Kolkata, India, in 2017 and 2019, respectively. He is currently pursuing the Ph.D. degree in IoT security and"
20,0,0,0,0,25,5,/AUITKP+TimesLTStd-Roman,7.97,379.16,356.82,574.42,376.31,356.82,406.62,379.16,1.58,"Department of Computer Science, City University MIKAEL GIDLUND (Senior Member, IEEE) 1984, respectively, and the Ph.D. degree in com- received the Licentiate of Engineering degree"
20,0,0,0,0,7,5,/AUITKP+TimesLTStd-Roman,7.97,118.25,338.53,281.63,346.5,338.53,436.43,118.25,294.37,"privacy with the STC Research Group, Mid"
20,0,0,0,0,29,5,/AUITKP+TimesLTStd-Roman,7.97,379.16,280.6,570.44,300.08,280.6,482.85,379.16,5.56,"of Hong Kong. Previously, he was a Researcher with the Smart Card and IoT Security Centre and puter science and engineering from Linköping in radio communication systems from the"
20,0,0,0,0,66,5,/AUITKP+TimesLTStd-Roman,7.97,118.25,243.18,587.98,280.95,243.18,501.98,118.25,-11.98,"a Teaching Fellow with the Department of Information Security, Royal CARLO BRUNETTAreceived the B.Sc. and M.Sc. KTH Royal Institute of Technology, Stockholm, Holloway, University of London. His research interests include security, Sweden University, Sundsvall, Sweden. degrees in mathematics from the University of Sweden, in 2004, and the Ph.D. degree in elecFrom November 2022 to July 2023, he was a Guest Research Fellow with Simula UiB, Bergen,"
20,0,0,0,0,7,5,/AUITKP+TimesLTStd-Roman,7.97,379.16,205.35,566.45,213.32,205.35,569.61,379.16,9.55,"University, Linköping, Sweden, in 1993. She is"
20,0,0,0,0,29,5,/AUITKP+TimesLTStd-Roman,7.97,118.25,166.96,599.94,195.16,166.96,587.77,118.25,-23.94,"reliable communication, and distributed sensing for the Industrial Internet Trento, Trento, Italy, in 2014 and 2016 respec- trical engineering from Mid Sweden University, Norway. His research interests include privacy"
20,0,0,0,0,11,5,/AUITKP+TimesLTStd-Roman,7.97,36.17,157.39,315.12,165.36,157.39,617.57,36.17,260.88,"and security management for vehicular ad hoc networks (V ANET), espe-"
20,0,0,0,0,7,5,/AUITKP+TimesLTStd-Roman,7.97,379.16,129.12,582.39,137.09,129.12,645.84,379.16,-6.39,currently a Professor of computer engineering with
20,0,0,0,0,17,5,/AUITKP+TimesLTStd-Roman,7.97,118.25,109.02,566.45,118.94,109.02,663.99,118.25,9.55,"of Things.tively, and the Ph.D. degree in cryptology and  Sundsvall, Sweden, in 2005. From 2006 to 2007,"
20,0,0,0,0,7,5,/AUITKP+TimesLTStd-Roman,7.97,36.17,81.17,339.03,89.14,81.17,693.79,36.17,236.97,cially developing lightweight privacy-preserving authentication schemes for
20,0,0,0,0,11,5,/AUITKP+TimesLTStd-Roman,7.97,379.16,43.33,570.44,60.87,43.33,722.06,379.16,5.56,"the Department of Information and Communication Systems, Mid Sweden University, Sundsvall,"
20,0,0,0,0,19,5,/AUITKP+TimesLTStd-Roman,7.97,118.25,32.79,566.45,41.74,32.79,741.19,118.25,9.55,Sweden. Her current research interests include privacy-preserving protocols from the Chalmers he was a Research Engineer and a Project
20,0,0,0,0,12,5,/AUITKP+TimesLTStd-Roman,7.97,36.17,23.49,448.51,32.17,23.49,750.76,36.17,127.49,"wireless sensor networks and security.VOLUME 12, 2024 68667University of Technology, Gothenburg, Sweden,"
20,0,0,0,0,10,5,/AUITKP+TimesLTStd-Roman,7.97,118.25,13.93,309.53,21.9,13.93,761.03,118.25,266.47,"in 2021. From 2021 to 2023, he was a Researcher"
20,0,0,0,0,18,5,/AUITKP+TimesLTStd-Roman,7.97,36.17,-14.19,339.03,12.91,-14.19,770.02,36.17,236.97,V ANET. Mr. Naskar’s awards and honors include receiving the prestigious Ericsson Grant for a long-term research visit.
20,0,0,0,0,6,5,/AUITKP+TimesLTStd-Roman,7.97,379.16,-43.43,550.51,-35.46,-43.43,818.39,379.16,25.49,"Manager with Acreo AB, Hudiksvall, Sweden."
20,0,0,0,0,5,5,/AUITKP+TimesLTStd-Roman,7.97,118.25,-62.3,297.57,-54.33,-62.3,837.26,118.25,278.43,in theoretical cryptography and side-channel
20,0,0,0,0,9,5,/AUITKP+TimesLTStd-Roman,7.97,379.16,-119.66,554.5,-111.69,-119.66,894.62,379.16,21.5,"From 2007 to 2008, he was a Project Manager"
20,0,0,0,0,10,5,/AUITKP+TimesLTStd-Roman,7.97,297.08,-129.22,548.13,-121.25,-129.22,904.18,297.08,27.87,"and a Senior Specialist with Nera Networks AS, Bergen, Norway."
20,0,0,0,0,5,5,/AUITKP+TimesLTStd-Roman,7.97,118.25,-138.52,313.51,-130.55,-138.52,913.48,118.25,262.49,attacks in cryptography-oriented applications at
20,0,0,0,0,13,5,/AUITKP+TimesLTStd-Roman,7.97,297.08,-205.45,568.06,-197.48,-205.45,980.41,297.08,7.94,"From 2008 to 2015, he was a Senior Principal Scientist and a Global"
20,0,0,0,0,8,5,/AUITKP+TimesLTStd-Roman,7.97,118.25,-214.75,305.55,-206.78,-214.75,989.71,118.25,270.45,"Simula UiB, Bergen, Norway. He is currently an"
20,0,0,0,0,10,5,/AUITKP+TimesLTStd-Roman,7.97,36.17,-224.31,327.07,-216.34,-224.31,999.27,36.17,248.93,"Independent Researcher in several aspects of cryptology, applied and not."
20,0,0,0,0,85,5,/AUITKP+TimesLTStd-Roman,7.97,297.08,-615.26,599.94,-273.7,-615.26,1056.63,297.08,-23.94,"Research Area Coordinator of wireless technologies with ABB Corporate Research, Västerås, Sweden. Since 2015, he has been a Professor in computer engineering with Mid Sweden University. He holds more than 20 patents (granted and pending) in the area of wireless communication. His current research interests include wireless communication and networks, wireless sensor networks, access protocols, and security. He is an Associate Editor of IEEE TRANSACTIONS ON I NDUSTRIAL I NFORMATICS and IEEE JOURNAL OF EMERGING AND S ELECTED T OPICS IN I NDUSTRIAL E LECTRONICS."
