page_number,is_bold,is_italic,is_underline,is_all_caps,word_count,norm_font_size,font,font_size,x0,y0,x1,y1,space_above,space_below,space_left,space_right,text
1,1,0,0,0,10,2,/PEZHUJ+URWPalladioL-Bold,17.93,75.84,674.83,407.59,714.16,674.83,127.73,75.84,187.68,A Survey of Internet of Things (IoT) Authentication Schemes †
1,1,0,0,0,11,5,/PEZHUJ+URWPalladioL-Bold,9.96,76.54,654.35,507.36,667.93,654.35,173.96,76.54,87.91,"and Ahmed Serhrouchni 2 3, *Mohammed El-hajj 1,2,*, Ahmad Fadlallah 1"
1,0,0,0,0,26,8,/SQEGFV+URWPalladioL-Roma,6.97,82.2,616.31,485.69,649.48,616.31,192.41,82.2,109.58,"1 University of Sciences and Arts in Lebanon, Beirut 1002, Lebanon; a.fadlallah@usal.edu.lb 2 Saint Joseph University, Beirut 1514, Lebanon; maroun.chamoun@usj.edu.lb 3 Telecom ParisTech, 75013 Paris, France"
1,1,0,0,0,6,6,/PEZHUJ+URWPalladioL-Bold,8.97,81.41,600.95,543.18,609.91,600.95,231.98,81.41,52.1,* Correspondence: mohammed.hajj@net.usj.edu.lb (M.E.-h.); ahmed.serhrouchni@telecom-paristech.fr (A.S.)
1,0,0,0,0,20,6,/SQEGFV+URWPalladioL-Roma,8.97,82.32,588.84,566.5,597.81,588.84,244.08,82.32,28.77,† This paper is an extended version of two papers previously published by the authors in 2017. The ﬁrst one
1,0,0,0,0,52,6,/SQEGFV+URWPalladioL-Roma,8.97,97.0,540.43,581.63,585.71,540.43,256.18,97.0,13.64,"is: In Proceedings of the 2017 1st Cyber Security in Networking Conference (CSNet), Rio de Janeiro, Brazil, 18–20 October 2017; pp. 1–3 and the second one is: In Proceedings of the 2017 IEEE 15th Student Conference on Research and Development (SCOReD), Putrajaya, Malaysia, 13–14 December 2017; pp. 67–71. (check the references section)."
1,0,0,0,0,13,6,/SQEGFV+URWPalladioL-Roma,8.97,82.2,514.83,772.62,523.79,514.83,318.1,82.2,-177.34,Received: 23 January 2019; Accepted: 27 February 2019; Published: 6 March 2019/gid00030/gid00035/gid00032/gid00030/gid00038/gid00001/gid00033/gid00042/gid00045/gid00001 /gid00048/gid00043/gid00031/gid00028/gid00047/gid00032/gid00046
1,1,0,0,0,17,5,/PEZHUJ+URWPalladioL-Bold,9.96,81.82,489.95,515.19,499.91,489.95,341.98,81.82,80.09,Abstract: The Internet of Things (IoT) is the ability to provide everyday devices with a way of
1,0,0,0,0,150,5,/SQEGFV+URWPalladioL-Roma,9.96,81.91,341.34,605.24,486.4,341.34,355.49,81.91,-9.97,"identiﬁcation and another way for communication with each other. The spectrum of IoT application domains is very large including smart homes, smart cities, wearables, e-health, etc. Consequently, tens and even hundreds of billions of devices will be connected. Such devices will have smart capabilities to collect, analyze and even make decisions without any human interaction. Security is a supreme requirement in such circumstances, and in particular authentication is of high interest given the damage that could happen from a malicious unauthenticated device in an IoT system. This paper gives a near complete and up-to-date view of the IoT authentication ﬁeld. It provides a summary of a large range of authentication protocols proposed in the literature. Using a multi-criteria classiﬁcation previously introduced in our work, it compares and evaluates the proposed authentication protocols, showing their strengths and weaknesses, which constitutes a fundamental ﬁrst step for researchers and developers addressing this domain."
1,1,0,0,0,9,5,/PEZHUJ+URWPalladioL-Bold,9.96,76.53,264.94,331.27,325.84,264.94,516.05,76.53,264.01,Keywords: Internet of Things; IoT; security; authentication 1. Introduction
1,0,0,0,0,13,5,/SQEGFV+URWPalladioL-Roma,9.96,97.8,245.45,556.07,255.42,245.45,586.47,97.8,39.2,"The number of connected devices is growing exponentially, forming the so-called Internet of"
1,0,0,0,0,41,5,/SQEGFV+URWPalladioL-Roma,9.96,76.12,204.93,584.63,241.91,204.93,599.98,76.12,10.65,"Things (IoT), a large network of networks connecting smart devices such as sensors and actuators. Such devices are adopted in various domains such as public health, smart grids, smart transportation, waste management, smart homes, smart cities, agriculture, energy management, etc. [1–3]."
1,0,0,0,0,14,9,/MCBCCI+SourceSansRoman-Regular,1.0,97.8,191.42,898.73,204.05,191.42,637.84,97.8,-303.46,"/gid00030/gid00035/gid00032/gid00030/gid00038/gid00001/gid00033/gid00042/gid00045 /gid00001The requirements and limitations of the connected “things” raise a number of challenges,"
1,0,0,0,0,12,5,/SQEGFV+URWPalladioL-Roma,9.96,76.53,177.91,406.23,187.87,177.91,654.02,76.53,189.05,"including connectivity challenges for billions of devices to communicate with each other,"
1,0,0,0,0,16,5,/QIFGYI+URWPalladioL-Ital,9.96,76.53,164.4,489.98,174.36,164.4,667.53,76.53,105.29,security challenges with the need to protect IoT networks from being attacked (according to a Gartner
1,0,0,0,0,91,5,/SQEGFV+URWPalladioL-Roma,9.96,76.23,83.34,584.63,160.85,83.34,681.04,76.23,10.65,"report, 20% of organizations have experienced at least one IoT attack in the last three years [ 4]) and at the same time from being exploited to become an attack tool (e.g., Mirai botnet [ 5,6]). These challenges are “augmented” with the resource-limited nature of IoT devices which renders traditional communication protocols and security schemes inefﬁcient and even infeasible for IoT. The IoT-related security issues are becoming more alarming given the ubiquitousness of IoT devices and their adoption in critical applications, which aggravate the impact of any security breach to the"
1,0,0,0,0,16,5,/SQEGFV+URWPalladioL-Roma,9.96,76.53,69.83,584.63,79.79,69.83,762.1,76.53,10.65,extent of being life-threatening. A sample scenario can be foreseen from a weakness discovered in 2017
1,0,0,0,0,7,7,/QIFGYI+URWPalladioL-Ital,7.97,76.31,34.55,362.14,42.52,34.55,799.37,76.31,233.14,"Sensors 2019 , 19, 1141; doi:10.3390/s19051141 www.mdpi.com/journal/sensors"
1,0,0,0,0,4,3,Unknown,12.0,0.0,-12.0,84.68,0.0,-12.0,841.89,0.0,510.59,"sensors , Maroun Chamoun"
2,0,0,0,0,8,7,/QIFGYI+URWPalladioL-Ital,7.97,76.31,770.94,186.79,778.91,770.94,62.98,76.31,408.48,"Sensors 2019 , 19, 1141 2 of 43"
2,0,0,0,0,37,5,/SQEGFV+URWPalladioL-Roma,9.96,76.53,707.06,574.66,744.04,707.06,97.85,76.53,20.61,"in a pacemaker device, which led to the recall done by US Food and Drug Administration (FDA) of 500,000 pacemakers having a dread that security gaps could cause a hacker to control the heart-beat regulating device [7]."
2,0,0,0,0,16,5,/SQEGFV+URWPalladioL-Roma,9.96,97.8,693.55,580.98,703.51,693.55,138.38,97.8,14.29,The security requirements of an IoT network mainly depend on the type of applications it serves;
2,0,0,0,0,62,5,/SQEGFV+URWPalladioL-Roma,9.96,76.53,639.51,614.52,690.0,639.51,151.89,76.53,-19.24,"the need for conﬁdentiality, integrity and/or authentication directly depends on the security needs of the application. In particular, authentication is considered as a key requirement for IoT [3]; trusting the devices participating in an IoT network is crucial for the well-functioning of the network. A single compromised node can be turned malicious and bring down the whole system or cause disasters [1]."
2,0,0,0,0,13,5,/SQEGFV+URWPalladioL-Roma,9.96,97.8,626.0,566.04,635.97,626.0,205.92,97.8,29.24,The speciﬁc nature of IoT devices makes the traditional authentication schemes infeasible and
2,0,0,0,0,54,5,/SQEGFV+URWPalladioL-Roma,9.96,76.53,571.97,584.63,622.46,571.97,219.43,76.53,10.65,"not applicable. Indeed, cryptographic schemes designed for main-powered, high processing and/or large memory devices do not “suit” the resource-limited IoT nodes. This led to the emergence of lightweight authentication schemes; some of them are speciﬁc to the context of IoT or to the Wireless Sensor Network (WSN) (which can be considered suitable for IoT)."
2,0,0,0,0,15,5,/SQEGFV+URWPalladioL-Roma,9.96,97.8,558.46,556.07,568.42,558.46,273.47,97.8,39.2,This paper presents a general overview of the security concerns and requirements in the IoT
2,0,0,0,0,45,5,/SQEGFV+URWPalladioL-Roma,9.96,76.24,504.42,584.63,554.91,504.42,286.98,76.24,10.65,"environment in a layer-based approach. Then, it provides an up-to-date survey of the different IoT authentication schemes. Through a multi-criteria classiﬁcation, it compares and analyzes the existing authentication protocols, showing their advantages and disadvantages, which is an extension of a previously published research work [1,2]."
2,0,0,0,0,17,5,/SQEGFV+URWPalladioL-Roma,9.96,97.8,490.91,571.02,500.87,490.91,341.02,97.8,24.26,The rest of this paper is organized as follow: The generic architecture of IoT is presented in
2,0,0,0,0,69,5,/SQEGFV+URWPalladioL-Roma,9.96,76.12,423.36,584.21,487.36,423.36,354.53,76.12,11.07,"Section 2. Section 3 discusses the main security concerns in IoT and the security challenges at each layer of the IoT architecture. Section 4 provides a taxonomy of the existing authentication schemes, while Section 5 analyzes the most-known IoT authentication schemes in light of the proposed taxonomy. Section 6 provides an overview of the related works. Finally, Section 7 concludes the paper and discusses the ﬁndings of the survey."
2,1,0,0,0,4,5,/PEZHUJ+URWPalladioL-Bold,9.96,76.53,400.15,211.03,410.11,400.15,431.78,76.53,384.25,2. IoT Generic Architecture
2,0,0,0,0,16,5,/SQEGFV+URWPalladioL-Roma,9.96,97.8,380.66,585.96,390.63,380.66,451.26,97.8,9.31,"While traditional Internet connects people to a network, IoT has a different approach in which it"
2,0,0,0,0,102,5,/SQEGFV+URWPalladioL-Roma,9.96,76.24,272.59,624.48,377.12,272.59,464.77,76.24,-29.2,"provides Machine-to-Machine (M2M) and Human-to-Machine (H2M) connectivity, for heterogeneous types of machines in order to support variety of applications (e.g., identifying, locating, tracking, monitoring, and controlling) [8]. Connecting a huge number of heterogeneous machines [9] leads to a massive trafﬁc, hence the need to deal with the storage of big data [10,11]. Therefore, the TCP/IP architecture, which has been used for a long time for network connectivity, does not suit the needs of IoT regarding various aspects including privacy and security (e.g., information privacy, machine’s safety, data conﬁdentiality, data encryption, and network security) [12], scalability, reliability, interoperability, and quality of service [13]."
2,0,0,0,0,15,5,/SQEGFV+URWPalladioL-Roma,9.96,97.72,259.08,560.98,269.04,259.08,572.85,97.72,34.3,"Although numerous architectures were proposed for IoT, there is still a need for a reference"
2,0,0,0,0,45,5,/SQEGFV+URWPalladioL-Roma,9.96,76.54,213.16,614.52,255.53,213.16,586.36,76.54,-19.24,"architecture [14,15]. The basic architecture model proposed in the literature is a three-layer architecture [13,16–18], as shown in Figure 1a. It consists of: perception, network and application layers. : It is the physical layer that senses the environment to perceive the physical 1. Perception layer"
2,0,0,0,0,21,5,/SQEGFV+URWPalladioL-Roma,9.96,101.14,186.14,584.33,209.61,186.14,632.28,101.14,10.95,"properties (e.g., temperature, humidity, speed, location, etc.) using end-nodes, through the use of different sensing technologies (e.g., RFID, GPS, NFC, etc.)."
2,0,0,0,0,20,5,/SQEGFV+URWPalladioL-Roma,9.96,78.38,174.27,608.25,184.23,174.27,657.66,78.38,-12.98,2. Network Layer : It is the layer in charge of getting data from the perception layer and transmitting it
2,0,0,0,0,36,5,/SQEGFV+URWPalladioL-Roma,9.96,101.44,133.74,594.59,170.72,133.74,671.17,101.44,0.69,"to the application layer through various network technologies (e.g., 3G, 4G, 5G, Wi-Fi, Bluetooth, Zig-Bee, etc.). It is also responsible of data management from storing to processing with the help of middle-wares such as cloud computing."
2,0,0,0,0,17,5,/SQEGFV+URWPalladioL-Roma,9.96,78.38,121.87,584.17,131.84,121.87,710.05,78.38,11.1,3. Application Layer : It is the layer that is in charge of delivering application-speciﬁc services to
2,0,0,0,0,43,5,/SQEGFV+URWPalladioL-Roma,9.96,97.8,75.95,609.21,118.33,75.95,723.56,97.8,-13.93,"the user. The importance of this layer is that it has the ability to cover numerous markets (e.g., smart cities, smart homes, health care, building automation, smart metering, etc. [1,2]) [19]. Another proposed layered architecture is the ﬁve-layer architecture (Figure 1b) [ 13,16–18]."
2,0,0,0,0,16,5,/SQEGFV+URWPalladioL-Roma,9.96,76.23,62.45,487.2,72.41,62.45,769.48,76.23,108.07,"The ﬁve layers are from top to bottom: business , application, processing, transport, and perception layers."
3,0,0,0,0,8,7,/QIFGYI+URWPalladioL-Ital,7.97,76.31,770.94,186.79,778.91,770.94,62.98,76.31,408.48,"Sensors 2019 , 19, 1141 3 of 43"
3,0,0,0,0,43,5,/SQEGFV+URWPalladioL-Roma,9.96,76.23,699.09,609.23,744.04,699.09,97.85,76.23,-13.95,"The functions of perception, transport (i.e., network layer) and application layers are the same as in the three-layer architecture. The remaining layers of the architecture are: 1. Processing layer : Also called the middle-ware layer, it is responsible of providing various types of"
3,0,0,0,0,13,5,/SQEGFV+URWPalladioL-Roma,9.96,101.44,685.58,599.57,695.54,685.58,146.35,101.44,-4.3,"services, mainly storing, analyzing, and processing data with respect to the computational results."
3,0,0,0,0,16,5,/SQEGFV+URWPalladioL-Roma,9.96,78.38,673.07,577.9,683.03,673.07,158.86,78.38,17.37,2. Business layer : Its work covers the overall IoT system actions and functionality. The application
3,0,0,0,0,51,5,/SQEGFV+URWPalladioL-Roma,9.96,97.8,611.06,605.89,669.52,611.06,172.37,97.8,-10.61,"layer sends the data to the business layer whose role is to build business models, graphs, and ﬂowcharts to analyze data, in order to play a role in decision making about business strategies and road-maps. Other architectures can also be identiﬁed in the literature. In [20,21], the authors used a ﬁve-layer"
3,0,0,0,0,42,5,/SQEGFV+URWPalladioL-Roma,9.96,76.21,570.53,614.19,607.51,570.53,234.38,76.21,-18.91,"architecture based on Service Oriented Architecture (SOA) that helps the integration of IoT in enterprise services. In [ 22], the authors considered a non-layered approach for the architecture (e.g., cloud architecture, fog architecture, social IoT, and architecture based on human brain processing)."
3,0,0,0,0,13,5,/SQEGFV+URWPalladioL-Roma,9.96,97.8,557.02,441.5,566.99,557.02,274.9,97.8,153.77,"For the rest of this paper, we consider the three-layer architecture.Application Network Perception"
3,0,0,0,0,9,6,/SQEGFV+URWPalladioL-Roma,8.97,137.08,385.62,477.25,394.59,385.62,447.3,137.08,118.02,(a) The-layer architectureBusiness Application Processing Transport Perceptionb) Five-layer architecture
3,1,0,0,0,5,6,/PEZHUJ+URWPalladioL-Bold,8.97,230.56,366.82,342.64,375.79,366.82,466.1,230.56,252.64,Figure 1. IoT architecture models.
3,1,0,0,0,5,5,/PEZHUJ+URWPalladioL-Bold,9.96,76.53,344.75,201.07,354.71,344.75,487.18,76.53,394.21,3. Security Issues in IoT
3,0,0,0,0,3,5,/QIFGYI+URWPalladioL-Ital,9.96,76.53,323.53,186.12,333.49,323.53,508.4,76.53,409.15,3.1. Security Services
3,0,0,0,0,14,5,/SQEGFV+URWPalladioL-Roma,9.96,97.8,304.04,551.09,314.0,304.04,527.89,97.8,44.18,"As previously mentioned, the use of connecting objects in everyday people’s lives can make"
3,0,0,0,0,61,5,/SQEGFV+URWPalladioL-Roma,9.96,76.53,236.49,624.48,300.49,236.49,541.4,76.53,-29.2,"security issues life-threatening. The smartness integrated into homes, cars, and electric grids can be diverted into harmful scenarios when exploited by hackers. Different hacking scenarios presented in the past years [23,24] illustrate the level of harm that could result from a security breach, especially with the development and large adoption of IoT applications dealing with sensitive information (personal, industrial, governmental, etc.)."
3,0,0,0,0,10,5,/SQEGFV+URWPalladioL-Roma,9.96,97.8,222.98,566.04,232.94,222.98,608.95,97.8,29.24,"The main IoT security concerns are: authentication, authorization, integrity, conﬁdentiality,"
3,0,0,0,0,21,5,/SQEGFV+URWPalladioL-Roma,9.96,76.53,187.99,567.21,219.44,187.99,622.45,76.53,28.07,"non-repudiation, Availability, and privacy [25–27]. 1. Authentication : The process of conﬁrming and insuring the identity of objects. In IoT context,"
3,0,0,0,0,28,5,/SQEGFV+URWPalladioL-Roma,9.96,101.44,160.97,604.55,184.45,160.97,657.44,101.44,-9.28,each object should have the ability to identify and authenticate all other objects in the system (or in a given part of the system with which it interacts).
3,0,0,0,0,33,5,/SQEGFV+URWPalladioL-Roma,9.96,78.38,135.95,575.05,158.42,135.95,683.47,78.38,20.22,"2. The authorization : The process of giving permission to an entity to do or have something [28]. 3. Integrity : The way toward keeping up the consistency, precision and dependability of information"
3,0,0,0,0,40,5,/SQEGFV+URWPalladioL-Roma,9.96,101.44,95.42,614.52,132.4,95.42,709.49,101.44,-19.24,"over its whole life cycle. In IoT, the alteration of basic information or even the infusion of invalid information could prompt major issues, e.g., in smart health systems use cases it could lead to the death of the patient [29]."
3,0,0,0,0,15,5,/SQEGFV+URWPalladioL-Roma,9.96,78.38,82.91,551.81,92.87,82.91,749.02,78.38,43.47,4. Conﬁdentiality : The process of ensuring that the information is only accessed by authorized
3,0,0,0,0,14,5,/SQEGFV+URWPalladioL-Roma,9.96,101.14,69.4,554.44,79.36,69.4,762.53,101.14,40.83,"people. Two main issues should be considered [ 27] regarding conﬁdentiality in IoT: ﬁrstly,"
4,0,0,0,0,8,7,/QIFGYI+URWPalladioL-Ital,7.97,76.31,770.94,186.79,778.91,770.94,62.98,76.31,408.48,"Sensors 2019 , 19, 1141 4 of 43"
4,0,0,0,0,25,5,/SQEGFV+URWPalladioL-Roma,9.96,101.44,720.57,574.67,744.04,720.57,97.85,101.44,20.61,"to ensure that the object receiving the data is not going to move/transfer these data to other objects and, secondly, to consider the data management."
4,0,0,0,0,17,5,/SQEGFV+URWPalladioL-Roma,9.96,78.38,708.06,575.9,718.02,708.06,123.87,78.38,19.37,5. Non-repudiation : The way toward guaranteeing the ability to demonstrate that a task or event has
4,0,0,0,0,27,5,/SQEGFV+URWPalladioL-Roma,9.96,101.44,681.04,594.59,704.51,681.04,137.38,101.44,0.69,"occurred (and by whom), with the goal that this cannot be denied later. In other words, the object cannot deny the authenticity of a speciﬁc data transferred."
4,0,0,0,0,16,5,/SQEGFV+URWPalladioL-Roma,9.96,78.38,668.52,567.28,678.49,668.52,163.4,78.38,27.99,6. Availability : The process of ensuring that the service needed is available anywhere and anytime
4,0,0,0,0,14,5,/SQEGFV+URWPalladioL-Roma,9.96,101.44,655.02,549.76,664.98,655.02,176.91,101.44,45.52,"for the intended users. This includes in IoT, the availability of the objects themselves."
4,0,0,0,0,15,5,/SQEGFV+URWPalladioL-Roma,9.96,78.38,642.5,580.87,652.47,642.5,189.42,78.38,14.41,: The process of ensuring non-accessibility to private information by public or malicious 7. Privacy
4,0,0,0,0,6,5,/QIFGYI+URWPalladioL-Ital,9.96,76.53,605.78,265.82,615.74,605.78,226.15,76.53,329.45,3.2. Security Challenges in IoT Layers
4,0,0,0,0,15,5,/SQEGFV+URWPalladioL-Roma,9.96,97.8,586.29,615.85,596.25,586.29,245.63,97.8,-20.57,"In this section, we consider the most basic architecture of IoT (three-layer architecture), and discuss"
4,0,0,0,0,20,5,/SQEGFV+URWPalladioL-Roma,9.96,76.53,549.57,534.81,582.75,549.57,259.14,76.53,60.46,"the security concerns, attacks and security requirements at each layer of the architecture. 3.2.1. Perception Layer Security Issues and Requirements"
4,0,0,0,0,14,5,/SQEGFV+URWPalladioL-Roma,9.96,97.8,530.08,576.0,540.05,530.08,301.84,97.8,19.28,The perception layer consists of sensors that are characterized by limited processing power and
4,0,0,0,0,14,5,/SQEGFV+URWPalladioL-Roma,9.96,76.53,516.57,544.78,526.54,516.57,315.35,76.53,50.5,storage capacity [31]. Several security issues and attack risks rise due to such limitations.
4,0,0,0,0,8,5,/SQEGFV+URWPalladioL-Roma,9.96,97.8,503.06,361.8,513.03,503.06,328.86,97.8,233.47,Several attacks on the perception layer are noticed:
4,0,0,0,0,18,5,/SQEGFV+URWPalladioL-Roma,9.96,78.38,481.59,579.76,491.55,481.59,350.34,78.38,15.52,: Nodes (base node or gateway) can be easily controlled by the attackers. Catching a 1. Node Capture
4,0,0,0,0,35,5,/SQEGFV+URWPalladioL-Roma,9.96,101.44,441.06,584.63,478.04,441.06,363.85,101.44,10.65,"node empowers an adversary not only to get tightly of cryptographic keys and protocol states, but also to clone and redistribute malicious nodes in the network, which affects the security of the entire network [32,33]."
4,0,0,0,0,19,5,/SQEGFV+URWPalladioL-Roma,9.96,78.38,425.55,415.26,435.52,425.55,406.37,78.38,180.01,2. Denial of Service (DoS) Attack : A type of attacks that shuts down the system or network and
4,0,0,0,0,40,5,/SQEGFV+URWPalladioL-Roma,9.96,101.14,385.03,579.65,422.01,385.03,419.88,101.14,15.63,"prevents authorized users from accessing it. This could be achieved by overwhelming the system or network with large amount of spam requests all at the same time, thus overloading the system and preventing it from delivering the normal service [34]."
4,0,0,0,0,19,5,/SQEGFV+URWPalladioL-Roma,9.96,78.38,369.52,465.08,379.49,369.52,462.4,78.38,130.2,: One of the essential objective of an IoT network is the capability of 3. Denial of Sleep Attack
4,0,0,0,0,89,5,/SQEGFV+URWPalladioL-Roma,9.96,101.02,288.47,594.59,365.98,288.47,475.91,101.02,0.69,"sensing through an extensive number of distributed nodes, each providing small data, such as temperature, humidity, vibration, etc., at a set interval and then going to sleep for another time interval in order to allow the nodes to operate for long service life. The denial of sleep attack works on the power supply of the node with a signiﬁcant goal to increase the power consumption in order to reduce the service lifetime of the node by preventing the node from going asleep after sending the appropriate sensed data [35,36]."
4,0,0,0,0,17,5,/SQEGFV+URWPalladioL-Roma,9.96,78.38,272.97,350.51,282.93,272.97,558.96,78.38,244.77,4. Distributed Denial of Service (DDoS) Attack : A large scale variant of DoS attacks. The most
4,0,0,0,0,44,5,/SQEGFV+URWPalladioL-Roma,9.96,101.44,232.44,589.61,269.42,232.44,572.47,101.44,5.67,"challenging issue is the ability to use the large amount of IoT nodes to pass trafﬁc collected toward the victim server [37,38]. There are indications that the DDoS attack called “Mirai” [5,6] occuring on October 2016 beneﬁted from a large number of IoT nodes."
4,0,0,0,0,18,5,/SQEGFV+URWPalladioL-Roma,9.96,78.38,216.94,578.67,226.9,216.94,614.99,78.38,16.6,5. Fake Node/Sybil Attack : A type of attacks where the attacker can deploy fake identities using fake
4,0,0,0,0,57,5,/SQEGFV+URWPalladioL-Roma,9.96,101.02,162.9,579.65,213.39,162.9,628.5,101.02,15.63,"nodes. With the presence of a sybil node, the whole system might generate wrong data or even the neighbor nodes will receive spam data and will mislay their privacy [39,40]. The fake nodes could be used to transmit data to “legitimate” nodes leading them to consume their energy, which could lead the whole service to go down."
4,0,0,0,0,16,5,/SQEGFV+URWPalladioL-Roma,9.96,78.38,147.4,577.79,157.36,147.4,684.53,78.38,17.48,": In this attack, information is stored and re-transmitted later without having the 6. Replay Attack"
4,0,0,0,0,13,5,/SQEGFV+URWPalladioL-Roma,9.96,101.44,133.89,574.67,143.85,133.89,698.04,101.44,20.61,"authority to do that. Such attacks are commonly used against authentication protocols [41,42]."
4,0,0,0,0,19,5,/SQEGFV+URWPalladioL-Roma,9.96,78.38,118.39,576.75,128.35,118.39,713.54,78.38,18.53,: This type of attacks is the most fundamental attack at the network layer but it 7. Routing Threats
4,0,0,0,0,36,5,/SQEGFV+URWPalladioL-Roma,9.96,101.44,77.86,584.63,114.84,77.86,727.05,101.44,10.65,"could occur at the perception layer in data forwarding process. An attacker can create a routing loop causing the shortage or extension of the routing path, increasing the end-to-end delay, and increasing the error messages [43]."
5,0,0,0,0,8,7,/QIFGYI+URWPalladioL-Ital,7.97,76.31,770.94,186.79,778.91,770.94,62.98,76.31,408.48,"Sensors 2019 , 19, 1141 5 of 43"
5,0,0,0,0,17,5,/SQEGFV+URWPalladioL-Roma,9.96,78.38,734.08,576.88,744.04,734.08,97.85,78.38,18.4,: This type of attacks occurs on encryption devices by taking advantage of the 8. Side-Channel Attack
5,0,0,0,0,44,5,/SQEGFV+URWPalladioL-Roma,9.96,101.14,680.04,579.65,730.53,680.04,111.36,101.14,15.63,"hardware information where the crypto-system is applied on (chips), such as the execution time, power consumption, power dissipation, and electromagnetic interference produced by electronic devices throughout the encryption procedure. Such information could be analyzed to discover secret keys used during the encryption process [44–47]."
5,0,0,0,0,17,5,/SQEGFV+URWPalladioL-Roma,9.96,78.38,664.54,576.26,674.5,664.54,167.39,78.38,19.02,"9. Mass Node Authentication : The process of authenticating large amount of devices in an IoT system,"
5,0,0,0,0,36,5,/SQEGFV+URWPalladioL-Roma,9.96,97.8,616.04,564.28,660.99,616.04,180.9,97.8,30.99,"which requires massive amount of network communication for the authentication phase to ﬁnish and this could affect the performance of the whole system. Taking into consideration the above-mentioned risks, there is a need for node authentication"
5,0,0,0,0,75,5,/SQEGFV+URWPalladioL-Roma,9.96,76.53,525.28,599.57,612.49,525.28,229.4,76.53,-4.3,"to prevent fake node and illegal access, in addition to the need for data encryption to protect the conﬁdentiality of data while being transmitted between nodes (end node, gateway or server). Due to the properties of the nodes with respect to the shortage of power and the limited storage capacity, there is a necessity for mature lightweight security schemes that include both lightweight cryptographic algorithms and security protocols. 3.2.2. Network Layer Security Issues and Requirements"
5,0,0,0,0,18,5,/SQEGFV+URWPalladioL-Roma,9.96,97.8,505.79,600.91,515.76,505.79,326.13,97.8,-5.63,The network layer is in charge of the diffusion of data from the perception layer to the application
5,0,0,0,0,44,5,/SQEGFV+URWPalladioL-Roma,9.96,76.53,465.27,564.7,502.25,465.27,339.64,76.53,30.57,"layer. This is where data routing occurs as well as the primary data analysis. In this layer, several network technologies are used such as the different technologies for mobile communication generations (2G, 3G, 4G and 5G) and wireless networks (Bluetooth, WiMAX, WiFi, LoRaWAN, etc.)."
5,0,0,0,0,10,5,/SQEGFV+URWPalladioL-Roma,9.96,97.8,451.76,406.64,461.72,451.76,380.17,97.8,188.64,Several attacks and risks on the network layer are identiﬁed:
5,0,0,0,0,15,5,/SQEGFV+URWPalladioL-Roma,9.96,78.38,430.28,558.58,440.24,430.28,401.65,78.38,36.69,"1. Man-in-the-Middle (MITM) : According to McAfee [6], the most recurrent attacks are Denial of"
5,0,0,0,0,40,5,/SQEGFV+URWPalladioL-Roma,9.96,101.44,389.75,609.53,426.73,389.75,415.16,101.44,-14.26,"Service (DoS) and Man In the Browser (MITB) attacks. This latter, along with the Secure Socket Layer (SSL) attack, which enables attackers to listen to trafﬁc, intercept it, and spoof both ends of the data, constitute the MITM attack [48,49]."
5,0,0,0,0,19,5,/SQEGFV+URWPalladioL-Roma,9.96,78.38,374.25,460.1,384.21,374.25,457.68,78.38,135.18,2. Denial of Service (DoS) : This type of attacks occurs also at the network layer by jamming the
5,0,0,0,0,18,5,/SQEGFV+URWPalladioL-Roma,9.96,101.44,347.23,579.65,370.7,347.23,471.19,101.44,15.63,"transmission of radio signals, using a fake node, affecting the transmission or routing of data between nodes [50,51]."
5,0,0,0,0,17,5,/SQEGFV+URWPalladioL-Roma,9.96,78.38,331.73,589.46,341.69,331.73,500.2,78.38,5.82,: This type of passive attacks gives the intruder the ability to listen to the 3. Eavesdropping/snifﬁng
5,0,0,0,0,40,5,/SQEGFV+URWPalladioL-Roma,9.96,101.02,291.2,569.39,328.18,291.2,513.71,101.02,25.89,"private communication over the communication link [52]. The intruder might be able to extract useful information such as usernames and passwords, node identiﬁcation or node conﬁguration, which could lead to other types of attacks, e.g., fake node, replay attack, etc."
5,0,0,0,0,18,5,/SQEGFV+URWPalladioL-Roma,9.96,78.38,275.7,569.63,285.66,275.7,556.23,78.38,25.64,4. Routing attacks : This type of attacks affects how the messages or data are routed. The intruder
5,0,0,0,0,38,5,/SQEGFV+URWPalladioL-Roma,9.96,96.15,227.2,584.32,272.15,227.2,569.74,96.15,10.96,"spoofs, redirects, misdirects or even drops packets at the network layer. The following speciﬁc attacks could be considered: (a) Black Hole: It can also be considered as a DoS attack, in which the intruder uses a fake node"
5,0,0,0,0,40,5,/SQEGFV+URWPalladioL-Roma,9.96,123.36,186.67,611.53,223.65,186.67,618.24,123.36,-16.25,"that welcomes all trafﬁc by asserting that it has the shortest path. As a result, all trafﬁc will be redirected to the fake node that has the ability to redirect them to a proxy server or even drop them [53]."
5,0,0,0,0,19,5,/SQEGFV+URWPalladioL-Roma,9.96,95.62,173.16,593.75,183.12,173.16,658.77,95.62,1.52,(b) Gray Hole: This type of attacks is similar to the black hole attack but instead of dropping all
5,0,0,0,0,8,5,/SQEGFV+URWPalladioL-Roma,9.96,123.36,159.65,372.43,169.61,159.65,672.28,123.36,222.85,"the packets, it only drops selected ones [54,55]."
5,0,0,0,0,16,5,/SQEGFV+URWPalladioL-Roma,9.96,96.71,146.14,559.97,156.1,146.14,685.79,96.71,35.3,"(c) Worm Hole: In this type of attacks, the intruder creates a connection between two points"
5,0,0,0,0,40,5,/SQEGFV+URWPalladioL-Roma,9.96,123.36,105.61,571.68,142.59,105.61,699.29,123.36,23.6,"in the network by either controlling at least two nodes of the network or adding new fake nodes to the network. After forming the link, the intruder collects data from one end and replays them to the other end [56,57]."
5,0,0,0,0,20,5,/SQEGFV+URWPalladioL-Roma,9.96,95.05,92.1,583.21,102.07,92.1,739.82,95.05,12.06,(d) Hello Flood: The aim of the attacker in this type of attacks is to consume the power of nodes
5,0,0,0,0,34,5,/SQEGFV+URWPalladioL-Roma,9.96,123.36,65.09,571.68,88.56,65.09,753.33,123.36,23.6,"in the system by broadcasting Hello request packets by a fake node to inﬂuence all the nodes in the system that they are in the same range, thus causing each one to send packets"
6,0,0,0,0,8,7,/QIFGYI+URWPalladioL-Ital,7.97,76.31,770.94,186.79,778.91,770.94,62.98,76.31,408.48,"Sensors 2019 , 19, 1141 6 of 43"
6,0,0,0,0,27,5,/SQEGFV+URWPalladioL-Roma,9.96,123.36,720.57,581.64,744.04,720.57,97.85,123.36,13.64,"to its neighbor causing a huge trafﬁc in the network [58–60]. (hello messages are deﬁned in some routing protocols, so that nodes announce themselves to their neighbors.)"
6,0,0,0,0,16,5,/SQEGFV+URWPalladioL-Roma,9.96,96.36,707.89,549.66,717.85,707.89,124.04,96.36,45.62,"(e) Sybil: In this attack, a fake node presents multiple identities, thus it can control a"
6,0,0,0,0,45,5,/SQEGFV+URWPalladioL-Roma,9.96,123.36,667.36,571.68,704.34,667.36,137.55,123.36,23.6,"considerable part of the framework by being in different places within the network at the same time. When l many sybil nodes are within the same network, they will then send a large amount of information denying the normal nodes from using the network [61]."
6,0,0,0,0,16,5,/SQEGFV+URWPalladioL-Roma,9.96,97.8,647.54,566.04,657.5,647.54,184.39,97.8,29.24,These potential attacks at the network layer (wired or wireless) lead to the deﬁnition of the
6,0,0,0,0,24,5,/SQEGFV+URWPalladioL-Roma,9.96,76.53,597.31,579.65,643.99,597.31,197.9,76.53,15.63,"following security requirements: hop-to-hop encryption, point-to-point authentication, key agreement and management, security routing and intrusion detection [62]. 3.2.3. Application Layer Security Issues and Requirements"
6,0,0,0,0,16,5,/SQEGFV+URWPalladioL-Roma,9.96,97.8,577.82,600.91,587.78,577.82,254.11,97.8,-5.63,The application layer is responsible for providing services. It hosts a set of protocols for message
6,0,0,0,0,78,5,/SQEGFV+URWPalladioL-Roma,9.96,76.21,492.1,599.24,574.27,492.1,267.62,76.21,-3.97,"passing [19,63], e.g., Constrained Application Protocol (COAP), Message Queuing Telemetry Transport (MQTT), Extensible Messaging and Presence Protocol (XMPP), Advanced Message Queuing Protocol (AMQP), etc. This layer directly interacts with the user. Given that the “traditional” application-layer protocols do not perform well within IoT, and since the IoT does not have its own international standards, several security issues arise at the application layer [27]. 1. Data Accessibility and Authentication: Each application might have many users [64]. Fake or illegal"
6,0,0,0,0,24,5,/SQEGFV+URWPalladioL-Roma,9.96,101.44,465.09,569.68,488.56,465.09,353.33,101.44,25.59,users could have a great impact on the availability of the whole system. Such great number of users means different permission and access control.
6,0,0,0,0,15,5,/SQEGFV+URWPalladioL-Roma,9.96,78.38,450.41,581.17,460.37,450.41,381.52,78.38,14.1,2. Data privacy and identity: The fact that IoT connects different devices from different manufacturers
6,0,0,0,0,23,5,/SQEGFV+URWPalladioL-Roma,9.96,101.44,423.39,599.57,446.87,423.39,395.02,101.44,-4.3,leads to the application of different authentication schemes. The integration of these schemes is a challenging issue to ensure data privacy and identity.
6,0,0,0,0,18,5,/SQEGFV+URWPalladioL-Roma,9.96,78.38,408.72,548.6,418.68,408.72,423.21,78.38,46.67,"3. Dealing with the Availability of Big data: IoT connects a huge number of end devices, which leads"
6,0,0,0,0,47,5,/SQEGFV+URWPalladioL-Roma,9.96,97.8,363.53,604.55,405.17,363.53,436.72,97.8,-9.28,"to a huge amount of data to be managed. This causes an overhead on the application to analyze this data, which has a big impact on the availability of the service(s) provided by the application. Regarding the security requirements for the application layer, authentication is required while"
6,0,0,0,0,42,5,/SQEGFV+URWPalladioL-Roma,9.96,76.24,309.5,564.4,359.99,309.5,481.9,76.24,30.87,"protecting the privacy of users (respectively, data). In addition, there should be an information security management scheme that includes resource management and physical security information management. Table 1 gives a summary of the security requirements of the three-layers in the IoT architecture."
6,1,0,0,0,7,6,/PEZHUJ+URWPalladioL-Bold,8.97,193.78,290.01,391.04,298.97,290.01,542.92,193.78,204.23,Table 1. IoT Architecture and security requirements.
6,1,0,0,0,3,6,/PEZHUJ+URWPalladioL-Bold,8.97,211.73,268.93,332.78,277.89,268.93,564.0,211.73,262.5,Layer Security Requirements
6,0,0,0,0,3,6,/SQEGFV+URWPalladioL-Roma,8.97,259.55,237.21,358.18,261.93,237.21,579.96,259.55,237.1,Lightweight Encryption Authentication
6,0,0,0,0,8,6,/SQEGFV+URWPalladioL-Roma,8.97,259.55,173.97,358.18,230.41,173.97,611.48,259.55,237.1,Key Agreement Data Conﬁdentiality Communication Security Routing Security
6,0,0,0,0,6,6,/SQEGFV+URWPalladioL-Roma,8.97,259.55,110.72,344.73,167.17,110.72,674.72,259.55,250.55,Authentication Key Management Intrusion Detection Authentication
6,0,0,0,0,3,6,/SQEGFV+URWPalladioL-Roma,8.97,259.55,79.2,398.53,88.17,79.2,753.72,259.55,196.75,Information Security Management
7,0,0,0,0,8,7,/QIFGYI+URWPalladioL-Ital,7.97,76.31,770.94,186.79,778.91,770.94,62.98,76.31,408.48,"Sensors 2019 , 19, 1141 7 of 43"
7,0,0,0,0,17,5,/SQEGFV+URWPalladioL-Roma,9.96,97.8,734.08,576.0,744.04,734.08,97.85,97.8,19.28,"In Table 1, it is clear that authentication is a core security mechanism that should applied at"
7,0,0,0,0,49,5,/SQEGFV+URWPalladioL-Roma,9.96,76.53,680.04,599.57,730.53,680.04,111.36,76.53,-4.3,"different layers. An IoT use case might need an authentication between the end devices and an intermediate device (gateway). The gateway should authenticate itself while sending data to the cloud, and the application (mobile or web) should be authenticated to the cloud in order to collect data for analysis."
7,1,0,0,0,6,5,/PEZHUJ+URWPalladioL-Bold,9.96,76.53,656.83,280.77,666.79,656.83,175.1,76.53,314.51,4. Taxonomy of IoT Authentication Schemes
7,0,0,0,0,13,5,/SQEGFV+URWPalladioL-Roma,9.96,97.8,637.34,571.02,647.3,637.34,194.59,97.8,24.26,This section presents a taxonomy of IoT authentication schemes using various criteria selected
7,0,0,0,0,75,5,/SQEGFV+URWPalladioL-Roma,9.96,76.53,583.3,1396.58,633.79,583.3,208.1,76.53,-801.3,"based on the similarities and the main characteristics of these schemes [1,2]. As previously mentioned, the authentication can be applied at each of the three layers of the IoT architecture, which makes the diversity of the authentication techniques. These criteria are illustrated in Figure 2 and summarized as follows.IoT Authentication Authentication factor Architecture Token-based? Procedure IoT Layer HW-based Identity Context Physical Behavioral Distributed Centralized Flat Hierarchical Yes No One-Way Three-wayTwo-wayImplicit Explicit PUFTRNG TPM Perception ApplicationNetwork"
7,1,0,0,0,7,6,/PEZHUJ+URWPalladioL-Bold,8.97,196.22,292.79,375.54,301.75,292.79,540.14,196.22,219.73,Figure 2. Taxonomy of IoT authentication schemes.
7,0,0,0,0,3,5,/SQEGFV+URWPalladioL-Roma,9.96,78.38,268.46,187.97,278.42,268.46,563.47,78.38,407.31,1. Authentication factor
7,0,0,0,0,12,5,/SQEGFV+URWPalladioL-Roma,9.96,102.79,246.98,521.22,256.94,246.98,584.95,102.79,74.06,Identity: An information presented by one party to another to authenticate itself.
7,0,0,0,0,16,5,/SQEGFV+URWPalladioL-Roma,9.96,123.36,219.96,561.71,243.43,219.96,598.46,123.36,33.56,"Identity-based authentication schemes can use one (or a combination) of hash, symmetric or asymmetric cryptographic algorithms."
7,0,0,0,0,4,5,/SQEGFV+URWPalladioL-Roma,9.96,102.79,206.45,217.36,216.41,206.45,625.48,102.79,377.92,Context: which can be:
7,0,0,0,0,11,5,/SQEGFV+URWPalladioL-Roma,9.96,121.42,188.96,574.72,198.92,188.96,642.97,121.42,20.56,"Physical: Biometric information based on physical characteristics of an individual, e.g.,"
7,0,0,0,0,6,5,/SQEGFV+URWPalladioL-Roma,9.96,141.99,175.45,376.11,185.41,175.45,656.48,141.99,219.16,"ﬁngerprints, hand geometry, retinal scans, etc."
7,0,0,0,0,10,5,/SQEGFV+URWPalladioL-Roma,9.96,121.42,163.93,534.87,173.89,163.93,668.0,121.42,60.41,"Behavioral: Biometric based on behavioral characteristics of an individual, e.g.,"
7,0,0,0,0,32,5,/SQEGFV+URWPalladioL-Roma,9.96,141.99,123.4,535.51,160.38,123.4,681.51,141.99,59.76,"keystroke dynamics (pattern of rhythm and timing created when a person types), gait analysis (method used to assess the way we walk or run), voice ID (voice authentication that uses voice-print), etc."
7,0,0,0,0,4,5,/SQEGFV+URWPalladioL-Roma,9.96,78.38,106.9,148.12,116.87,106.9,725.02,78.38,447.16,2. Use of tokens
7,0,0,0,0,10,5,/SQEGFV+URWPalladioL-Roma,9.96,102.79,85.42,546.12,95.39,85.42,746.5,102.79,49.15,Token-based Authentication: Authenticates a user/device based on an identiﬁcation token
7,0,0,0,0,16,5,/SQEGFV+URWPalladioL-Roma,9.96,123.03,71.91,541.46,81.88,71.91,760.01,123.03,53.82,"(piece of data) created by a server such as OAuth2 protocol [65,66] or open ID [67]."
7,0,0,0,0,9,9,/PZGPRQ+HelveticaNeue,1.0,-74.53,4.78,-9.37,5.78,4.78,836.11,-74.53,604.64,Authentication factorIoT Authentication Token-based? ArchitectureHierarchicalCentralizedApplicationDistributedPerceptionHW-basedBehavioralThree-wayProcedureOne-WayIoT LayerTwo-wayNetworkPhysicalContextIdentityExplicitImplicitTRNG TPMPUF FlatYes No
8,0,0,0,0,8,7,/QIFGYI+URWPalladioL-Ital,7.97,76.31,770.94,186.79,778.91,770.94,62.98,76.31,408.48,"Sensors 2019 , 19, 1141 8 of 43"
8,0,0,0,0,10,5,/SQEGFV+URWPalladioL-Roma,9.96,102.79,734.08,546.12,744.04,734.08,97.85,102.79,49.15,Non-Token based authentication: Involves the use of the credentials (username/password)
8,0,0,0,0,12,5,/SQEGFV+URWPalladioL-Roma,9.96,123.36,720.57,486.99,730.53,720.57,111.36,123.36,108.28,"every time there is a need to exchange data (e.g., TLS/DTLS [12,68,69])."
8,0,0,0,0,3,5,/SQEGFV+URWPalladioL-Roma,9.96,78.38,704.07,202.91,714.03,704.07,127.86,78.38,392.36,3. Authentication procedure
8,0,0,0,0,13,5,/SQEGFV+URWPalladioL-Roma,9.96,102.79,682.59,536.16,692.55,682.59,149.34,102.79,59.11,One-way authentication: In a scenario of two parties wishing to communicate with each
8,0,0,0,0,16,5,/SQEGFV+URWPalladioL-Roma,9.96,123.36,655.57,566.7,679.04,655.57,162.85,123.36,28.58,"other, only one party will authenticate itself to the other, while the other one remains unauthenticated."
8,0,0,0,0,12,5,/SQEGFV+URWPalladioL-Roma,9.96,102.79,642.06,546.12,652.03,642.06,189.86,102.79,49.15,"Two-way authentication: It is also called mutual authentication, in which both entities"
8,0,0,0,0,3,5,/SQEGFV+URWPalladioL-Roma,9.96,123.36,628.55,242.91,638.52,628.55,203.37,123.36,352.36,authenticate each other.
8,0,0,0,0,11,5,/SQEGFV+URWPalladioL-Roma,9.96,102.79,615.05,536.16,625.01,615.05,216.88,102.79,59.11,Three-way authentication: Where a central authority authenticates the two parties and
8,0,0,0,0,6,5,/SQEGFV+URWPalladioL-Roma,9.96,123.36,601.54,362.46,611.5,601.54,230.39,123.36,232.81,helps them to mutually authenticate themselves.
8,0,0,0,0,3,5,/SQEGFV+URWPalladioL-Roma,9.96,78.38,585.04,217.86,595.0,585.04,246.89,78.38,377.42,4. Authentication architecture
8,0,0,0,0,9,5,/SQEGFV+URWPalladioL-Roma,9.96,102.79,563.56,486.35,573.52,563.56,268.37,102.79,108.93,Distributed: Using a distributed straight authentication method between the
8,0,0,0,0,14,5,/SQEGFV+URWPalladioL-Roma,9.96,102.79,536.54,556.09,546.5,536.54,295.39,102.79,39.19,Centralized: Using a centralized server or a trusted third party to distribute and manage
8,0,0,0,0,5,5,/SQEGFV+URWPalladioL-Roma,9.96,123.36,523.03,327.59,532.99,523.03,308.9,123.36,267.68,the credentials used for authentication.
8,0,0,0,0,32,5,/SQEGFV+URWPalladioL-Roma,9.96,100.94,469.55,556.09,511.51,469.55,330.38,100.94,39.19,"Whether centralized or distributed, the authentication scheme architecture can be: Hierarchical: Utilizing a multi-level architecture to handle the authentication procedure. Flat: No hierarchical architecture is used to deal with the authentication procedure."
8,0,0,0,0,14,5,/SQEGFV+URWPalladioL-Roma,9.96,78.38,450.06,491.36,460.03,450.06,381.86,78.38,103.92,5. IoT layer : Indicates the layer at which the authentication procedure is applied.
8,0,0,0,0,9,5,/SQEGFV+URWPalladioL-Roma,9.96,102.79,426.59,531.18,436.55,426.59,405.34,102.79,64.1,"Perception layer: Responsible for collecting, processing, and digitizing information"
8,0,0,0,0,9,5,/SQEGFV+URWPalladioL-Roma,9.96,123.06,413.08,362.16,423.04,413.08,418.85,123.06,233.11,perceived data by the end nodes in IoT platform.
8,0,0,0,0,12,5,/SQEGFV+URWPalladioL-Roma,9.96,102.79,399.57,536.16,409.53,399.57,432.36,102.79,59.11,Network layer: Responsible for receiving the perceived data from perception layer and
8,0,0,0,0,13,5,/SQEGFV+URWPalladioL-Roma,9.96,102.79,372.55,571.03,382.52,372.55,459.37,102.79,24.25,"Application layer: Responsible for receiving data from the network layer, and then providing"
8,0,0,0,0,4,5,/SQEGFV+URWPalladioL-Roma,9.96,123.36,359.04,267.82,369.01,359.04,472.88,123.36,327.46,services requested by users.
8,0,0,0,0,14,5,/SQEGFV+URWPalladioL-Roma,9.96,78.38,340.55,576.06,350.52,340.55,491.37,78.38,19.21,6. Hardware-based : The authentication process might require the use of physical characteristics of
8,0,0,0,0,17,5,/SQEGFV+URWPalladioL-Roma,9.96,101.44,303.57,536.16,337.01,303.57,504.88,101.44,59.11,the hardware or the hardware itself. Implicit hardware-based: Uses the physical characteristics of the hardware to enhance
8,0,0,0,0,14,5,/SQEGFV+URWPalladioL-Roma,9.96,123.36,276.55,541.79,300.02,276.55,541.87,123.36,53.49,the authentication such as Physical Unclonable Function (PUF) or True Random Number Generator (TRNG).
8,0,0,0,0,13,5,/SQEGFV+URWPalladioL-Roma,9.96,102.79,263.04,541.14,273.01,263.04,568.88,102.79,54.13,Explicit hardware-based: Some authentication schemes are based on the use of a Trusted
8,0,0,0,0,16,5,/SQEGFV+URWPalladioL-Roma,9.96,123.36,236.02,546.77,259.5,236.02,582.39,123.36,48.51,"Platform Module (TPM), a chip (hardware) that stores and processes the keys used for hardware authentication."
8,1,0,0,0,6,5,/PEZHUJ+URWPalladioL-Bold,9.96,76.53,212.81,280.77,222.77,212.81,619.12,76.53,314.51,5. Analysis of IoT Authentication Schemes
8,0,0,0,0,14,5,/SQEGFV+URWPalladioL-Roma,9.96,97.8,193.32,585.96,203.29,193.32,638.6,97.8,9.31,This section surveys the literature of the authentication schemes for IoT (including those deﬁned
8,0,0,0,0,14,5,/SQEGFV+URWPalladioL-Roma,9.96,76.53,179.82,534.81,189.78,179.82,652.11,76.53,60.46,for WSN). The analysis is based on the multi-criteria classiﬁcation presented in Section 4.
8,0,0,0,0,12,5,/SQEGFV+URWPalladioL-Roma,9.96,97.8,166.31,491.32,176.27,166.31,665.62,97.8,103.96,The surveyed research works are organized based on the IoT application domains.
8,0,0,0,0,3,5,/QIFGYI+URWPalladioL-Ital,9.96,76.53,143.09,156.24,153.06,143.09,688.83,76.53,439.04,5.1. Smart Grids
8,0,0,0,0,15,5,/SQEGFV+URWPalladioL-Roma,9.96,97.8,123.61,536.15,133.57,123.61,708.32,97.8,59.13,Smart grid is taking the momentum over traditional power grids due to its efﬁciency and
8,0,0,0,0,62,5,/SQEGFV+URWPalladioL-Roma,9.96,76.53,69.57,584.63,120.06,69.57,721.83,76.53,10.65,"effectiveness, but security issues are still challenging in such ﬁeld. In [ 70], the authors proposed an authentication scheme based on a Merkle-hash tree. Each home is equipped with a smart meter to collect the consumption of electricity for a time interval and sends the data via wireless communication to the Neighborhood Gateway (NG). The NG sends these data to the control"
9,0,0,0,0,8,7,/QIFGYI+URWPalladioL-Ital,7.97,76.31,770.94,186.79,778.91,770.94,62.98,76.31,408.48,"Sensors 2019 , 19, 1141 9 of 43"
9,0,0,0,0,100,5,/SQEGFV+URWPalladioL-Roma,9.96,76.24,653.02,584.63,744.04,653.02,97.85,76.24,10.65,"center to collect the bill, which is sent back to the customer. The main contribution is the mutual authentication done between the smart meter and NG using a lightweight scheme that has an efﬁcient computation and communication overhead. The authors of [71] also provided an effective and robust approach to authenticate aggregated power usage data in Neighborhood Area Network (NAN) with a fault-tolerance architecture, which is based on digital signature. In [ 72], the authors proposed a protocol to authenticate Home Area Network (HAN) smart meters with the smart grid utility network, and provided a new approach for key management."
9,0,0,0,0,15,5,/SQEGFV+URWPalladioL-Roma,9.96,97.8,639.51,566.04,649.48,639.51,192.41,97.8,29.24,"While developing a smart grid, two main features should be taken into consideration: the data"
9,0,0,0,0,76,5,/SQEGFV+URWPalladioL-Roma,9.96,76.12,571.97,604.13,635.97,571.97,205.92,76.12,-8.86,"sent to the control unit or gateway should be sent from a valid smart meter, and there should not be a way of bring out the style of the customer by analyzing his consumption of electricity, thus breaking his privacy. In [73], the authors took the above features into consideration and developed an authentication scheme (called PASS) for smart grids based on Hash-based Message Authentication Code (HMAC). Such approach also ensures the privacy of the customer."
9,0,0,0,0,16,5,/SQEGFV+URWPalladioL-Roma,9.96,97.8,558.46,595.92,568.42,558.46,273.47,97.8,-0.65,"To achieve a lightweight message authentication scheme for smart grid, the authors of [74] built an"
9,0,0,0,0,32,5,/SQEGFV+URWPalladioL-Roma,9.96,76.53,517.93,564.7,554.91,517.93,286.98,76.53,30.57,approach that allows smart meters to mutually authenticate to other system components and achieve message authentication. The authentication is done using a lightweight Difﬁe–Hellman and the data integrity is achieved using HMAC.
9,0,0,0,0,15,5,/SQEGFV+URWPalladioL-Roma,9.96,97.8,504.42,585.96,514.38,504.42,327.51,97.8,9.31,"In [75], the authors proposed an authentication protocol for smart grids called Smart Grid Mutual"
9,0,0,0,0,114,5,/SQEGFV+URWPalladioL-Roma,9.96,76.15,396.34,589.61,500.87,396.34,341.02,76.15,5.67,"Authentication (SGMA) and another scheme called Smart Grid Key Management (SGKM) for key management. The scheme beneﬁts from the traditional protocols and enhances them to achieve mutual authentication and key management. It uses the Secure Remote Password (SRP) [76] that depends on the password entered by the requester to generate a veriﬁcation ID for further communications, but the enhanced version has less overhead with respect to the exchanged handshake messages and number of packets. Public Key Infrastructure (PKI) is used for key management but due to its overhead regarding the key regeneration, an enhanced version of ID-based Cryptography (EIBC) is used with PKI by replacing the public key with the identity of the requester."
9,0,0,0,0,14,5,/SQEGFV+URWPalladioL-Roma,9.96,97.8,382.83,580.98,392.8,382.83,449.09,97.8,14.29,"In [77], the authors proposed a lightweight authentication protocol for smart grids. It consists"
9,0,0,0,0,35,5,/SQEGFV+URWPalladioL-Roma,9.96,76.53,342.31,589.61,379.29,342.31,462.6,76.53,5.67,"of three tiers by using three different protocols for different purposes: Difﬁe–Hellman is used as key agreement protocol, with the use of RSA and AES for achieving the conﬁdentiality, and HMAC for maintaining message integrity."
9,0,0,0,0,15,5,/SQEGFV+URWPalladioL-Roma,9.96,97.8,328.8,541.13,338.76,328.8,503.13,97.8,54.15,To address some performance and security challenges such as the storage cost and the key
9,0,0,0,0,105,5,/SQEGFV+URWPalladioL-Roma,9.96,76.15,220.72,599.57,325.25,220.72,516.64,76.15,-4.3,"management, the authors of [78] discussed one-time signature to be used for multicast authentication in smart grids. The authors of [79] proposed a Privacy-preserving Recording and Gateway-assisted Authentication (PRGA) protocol for a hierarchical smart grid network with a gateway-based authentication. The scheme is based on HMAC and homomorphic encryption to authenticate and aggregate the messages sent by smart meters before sending them to the control center. This reduces the amount of exchanged data. The main advantage of such scheme is keeping the identity of the smart meter hidden to the gateway and the control center until the time of generating the bills, thus ensuring privacy."
9,0,0,0,0,17,5,/SQEGFV+URWPalladioL-Roma,9.96,97.8,207.21,556.07,217.18,207.21,624.71,97.8,39.2,Due to the limitation of one-time signature with respect to the size and the storage of the
9,0,0,0,0,32,5,/SQEGFV+URWPalladioL-Roma,9.96,76.53,166.68,579.65,203.67,166.68,638.22,76.53,15.63,"signature, the authors of [80] proposed a one-time signature-based multicast authentication in smart grid. Their scheme deployed a new one-time signature based on a nonlinear integer programming that reduces the computation cost."
9,0,0,0,0,5,5,/QIFGYI+URWPalladioL-Ital,9.96,76.53,143.47,255.86,153.43,143.47,688.46,76.53,339.41,5.2. RFID and NFC-Based Applications
9,0,0,0,0,15,5,/SQEGFV+URWPalladioL-Roma,9.96,97.8,123.98,576.0,133.95,123.98,707.94,97.8,19.28,Radio Frequency Identiﬁcation (RFID) is a wireless technology that consists of tags that can be
9,0,0,0,0,35,5,/SQEGFV+URWPalladioL-Roma,9.96,76.53,83.46,569.68,120.44,83.46,721.45,76.53,25.59,"attached to any physical object or even humans; its main purpose is the identiﬁcation or detection of the tagged objects. RFID can be deployed in various ﬁelds, e.g., supply chain, health care, climate sensing, etc."
10,0,0,0,0,8,7,/QIFGYI+URWPalladioL-Ital,7.97,76.31,770.94,190.78,778.91,770.94,62.98,76.31,404.5,"Sensors 2019 , 19, 1141 10 of 43"
10,0,0,0,0,15,5,/SQEGFV+URWPalladioL-Roma,9.96,97.79,734.08,580.98,744.04,734.08,97.85,97.79,14.29,"In [81], the authors suggested a lightweight authentication protocol for RFID tags based on PUF."
10,0,0,0,0,58,5,/SQEGFV+URWPalladioL-Roma,9.96,76.23,680.04,579.65,730.53,680.04,111.36,76.23,15.63,"The protocol consists of three transactions: tag recognition, veriﬁcation, and update. In the ﬁrst transaction, the tag reader recognizes the tag. The second transaction is the veriﬁcation, where the reader and the tag mutually verify the authenticity of each other. In the last transaction (Update), one should keep up the most recent used key for the next veriﬁcation."
10,0,0,0,0,15,5,/SQEGFV+URWPalladioL-Roma,9.96,97.8,666.53,580.98,676.5,666.53,165.39,97.8,14.29,"To protect the supply chain of connected devices, the authors of [82] enabled authentication and"
10,0,0,0,0,34,5,/SQEGFV+URWPalladioL-Roma,9.96,76.24,626.0,589.31,662.99,626.0,178.9,76.24,5.97,"perceptibility of the IoT devices, through an RFID-based solution. The authentication process consists of two steps: checking the connectivity between the tag and the IoT device and then approving the perceptibility of the tag."
10,0,0,0,0,18,5,/SQEGFV+URWPalladioL-Roma,9.96,97.8,612.49,561.06,622.46,612.49,219.43,97.8,34.22,"In an IoT-RFID based system, the RFID reader is connected to the Internet to form an IoT end"
10,0,0,0,0,86,5,/SQEGFV+URWPalladioL-Roma,9.96,76.23,531.44,614.52,608.95,531.44,232.94,76.23,-19.24,"device. On the other side, it is connected to the tagged items via RFID communication protocols. The tagged item is portable and moves from a reader to another, thus there is a need for verifying the identity of each other via authentication. Due to the absence of cryptographic features in RFID, the system is vulnerable to security threats such as impersonation or cloning attacks. In [83], the authors presented an authentication protocol to be used in IoT-RFID use case with the use of lightweight encryption algorithm."
10,0,0,0,0,17,5,/SQEGFV+URWPalladioL-Roma,9.96,97.8,517.93,551.09,527.89,517.93,314.0,97.8,44.18,"To resist against cloning attacks to the RFID tag, the authors of [ 84] proposed an ofﬂine"
10,0,0,0,0,120,5,/SQEGFV+URWPalladioL-Roma,9.96,76.53,409.85,599.57,514.38,409.85,327.51,76.53,-4.3,"authentication for RFID-tags based on PUF. It combined both identiﬁcation and digital signature security protocols. In the authentication, the tag generates a secret key by challenging the PUF and collecting the response. Such response with the helper data will create a certiﬁcate that will be stored inside the ROM of the tag. Next, the veriﬁer authenticates the tag by checking the validity of the certiﬁcate. To provide anonymous authentication for RFID systems, the authors of [85] presented a PUF-based authentication scheme for classic RFID tags. Then, they provided an enhanced scheme for noisy PUF environment. The main drawback of such scheme is not taking into consideration re-feeding the server with new Challenge–Response Pair (CRP) when the existing pool becomes empty."
10,0,0,0,0,14,5,/SQEGFV+URWPalladioL-Roma,9.96,97.8,396.34,566.04,406.31,396.34,435.58,97.8,29.24,The authors of [86] proposed a two-factor authentication scheme based on smartphone with Near
10,0,0,0,0,75,5,/SQEGFV+URWPalladioL-Roma,9.96,76.21,328.8,594.59,392.8,328.8,449.09,76.21,0.69,Field Communication (NFC) feature as ﬁrst factor and ﬁngerprint of the user as the second factor. Both factors are used to authenticate user on smart library system. The library database then checks if the personal data embedded in the NFC tag and the ﬁngerprint match then the user is authorized to access the internal library network to query for books and providing the user with the rack position (location) in which the book is located.
10,0,0,0,0,14,5,/SQEGFV+URWPalladioL-Roma,9.96,97.8,315.29,571.02,325.25,315.29,516.64,97.8,24.26,The authors of [87] proposed a mutual authentication scheme for IoT RFID-based applications in
10,0,0,0,0,38,5,/SQEGFV+URWPalladioL-Roma,9.96,76.53,274.76,589.61,311.74,274.76,530.15,76.53,5.67,"ﬁfth-generation mobile networks (5G) by providing the reader with a cache, to store the keys (used for authentication) for the recently visited tags, to speed up the authentication, reduce the computation cost and increase the security in storage."
10,0,0,0,0,14,5,/SQEGFV+URWPalladioL-Roma,9.96,97.8,261.25,566.04,271.21,261.25,570.68,97.8,29.24,The authors of [88] proposed a mutual authentication scheme for IoT NFC-based applications in
10,0,0,0,0,33,5,/SQEGFV+URWPalladioL-Roma,9.96,76.53,234.23,584.63,257.7,234.23,584.19,76.53,10.65,"5G. By using only (lightweight) Shift and XOR operations to suit the performance and storage features of NFC tags, they provided the anonymity of the tags using pseudonym instead of the real identity."
10,0,0,0,0,3,5,/QIFGYI+URWPalladioL-Ital,9.96,76.53,211.02,191.1,220.98,211.02,620.91,76.53,404.17,5.3. Vehicular Networks
10,0,0,0,0,17,5,/SQEGFV+URWPalladioL-Roma,9.96,97.8,191.53,561.06,201.49,191.53,640.4,97.8,34.22,Cars nowadays are connected to the Internet or the Internet of Things to form what is called
10,0,0,0,0,102,5,/SQEGFV+URWPalladioL-Roma,9.96,76.24,96.97,614.22,187.99,96.97,653.9,76.24,-18.94,"vehicular networks or Internet of Vehicles. Such connectivity is used to provide different services: providing trafﬁc information for users, sharing riding services, charging electrical cars, etc. The ﬁeld of Electrical Vehicles (EV) is becoming a trend and vehicle authentication is a challenging topic in EV systems. The authors of [89] proposed a two-factor authentication scheme for EV , although it can be deployed in different ﬁelds. The scheme combines unique contextual feature. The vehicle is connected to the server via a wireless connectivity and to the charger via a charging cable, so it depends to the physical connectivity to verify the identity."
10,0,0,0,0,14,5,/SQEGFV+URWPalladioL-Roma,9.96,97.8,83.46,566.04,93.42,83.46,748.47,97.8,29.24,The authors of [ 90] proposed an authentication protocol referred to as distributed aggregate
10,0,0,0,0,14,5,/SQEGFV+URWPalladioL-Roma,9.96,76.24,69.95,574.37,79.91,69.95,761.98,76.24,20.91,privacy-preserving authentication (DAPPA) that can be used to authenticate a vehicle system with the
11,0,0,0,0,8,7,/QIFGYI+URWPalladioL-Ital,7.97,76.31,770.94,190.78,778.91,770.94,62.98,76.31,404.5,"Sensors 2019 , 19, 1141 11 of 43"
11,0,0,0,0,65,5,/SQEGFV+URWPalladioL-Roma,9.96,76.21,680.04,604.55,744.04,680.04,97.85,76.21,-9.28,"use of multiple trusted authority one-time identity-based aggregate signature technique. A vehicle can verify many messages at the same time, and their signatures can be aggregated into a one message, which decreases the storage space needed by a vehicle or a data collector. In addition, in [91], the authors proposed a protocol to authenticate communication in secure vehicular ad-hoc networks (VANETs) using identity-based aggregate signatures."
11,0,0,0,0,12,5,/SQEGFV+URWPalladioL-Roma,9.96,97.8,666.53,541.13,676.5,666.53,165.39,97.8,54.15,"In [ 92], the authors provided a broadcast authentication scheme called Prediction-Based"
11,0,0,0,0,100,5,/SQEGFV+URWPalladioL-Roma,9.96,76.15,558.46,579.32,662.99,558.46,178.9,76.15,15.96,"Authentication (PBA) that defends against DoS attacks and resists packet loss. The protocol is based on Merkle hash tree construction for instant veriﬁcation of urgent messages, and self-generated Message Authentication Code (MAC) storage instead of storing all the receiving signatures. As an enhancement to the scheme in [92], the authors of [93] provided a Prediction-Based Authentication (PBA) as a broadcast authentication scheme in VANETs. The proposed scheme utilizes both the Elliptic Curve Digital Signature Algorithm (ECDSA) signatures and Time Efﬁcient Stream Loss Tolerant Authentication (TESLA) to authenticate messages between vehicles which proved to be an efﬁcient, effective, and authentication scheme."
11,0,0,0,0,14,5,/SQEGFV+URWPalladioL-Roma,9.96,97.8,544.95,546.11,554.91,544.95,286.98,97.8,49.16,"In [94], an enhancement to Dual Authentication and Key Management Techniques in VANETs is"
11,0,0,0,0,37,5,/SQEGFV+URWPalladioL-Roma,9.96,76.24,504.42,564.7,541.4,504.42,300.49,76.24,30.57,"proposed, by providing an authentication phase the ﬁrst time the vehicle enters the network and a re-authentication phase when the vehicle moves from one coverage area to another without the need to re-iterating the entire veriﬁcation process."
11,0,0,0,0,14,5,/SQEGFV+URWPalladioL-Roma,9.96,97.8,490.91,541.13,500.87,490.91,341.02,97.8,54.15,The authors of [ 95] provided a mutual authentication between vehicles using a Challenge
11,0,0,0,0,19,5,/SQEGFV+URWPalladioL-Roma,9.96,76.53,463.89,544.78,487.36,463.89,354.53,76.53,50.5,"Handshake Authentication Protocol (CHAP) that achieves both authentication and authorization, thus allowing vehicle-to-vehicle (V2V) charging using a converter-cable assembly."
11,0,0,0,0,13,5,/SQEGFV+URWPalladioL-Roma,9.96,97.8,450.38,516.22,460.34,450.38,381.55,97.8,79.05,The authors of [ 96] proposed an authentication protocol for securing VANETs called
11,0,0,0,0,50,5,/SQEGFV+URWPalladioL-Roma,9.96,76.21,396.34,569.4,446.83,396.34,395.06,76.21,25.87,"(ESPA). The protocol uses asymmetric cryptography (PKI) and the symmetric HMAC for vehicle-to-infrastructure (V2I) and vehicle-to-vehicle (V2V) communications. In [ 97], the authors proposed a new model for authentication in VANETs based on group authentication. Vehicles are grouped and a session key is generated to be used for V2V communication."
11,0,0,0,0,14,5,/SQEGFV+URWPalladioL-Roma,9.96,97.8,382.83,551.09,392.8,382.83,449.09,97.8,44.18,"The authors of [ 98,99] proposed a threshold authentication protocol to support secure and"
11,0,0,0,0,90,5,/SQEGFV+URWPalladioL-Roma,9.96,76.24,288.27,584.63,379.29,288.27,462.6,76.24,10.65,"privacy-preserving communications in VANETs. The protocol is described by the use of a group signature scheme for achieving threshold authentication, efﬁcient cancellation, anonymity, and traceability during the communication of vehicles. In [ 100], the authors used PKI to certify both the public key and a list of ﬁxed unchangeable attributes of the vehicle. In [ 101], the authors proposed a scheme to prove the identity of one vehicle driver in to another during communication. Elliptic-curve cryptography (ECC) and steganography techniques are used for the authentication and privacy preservation of users."
11,0,0,0,0,16,5,/SQEGFV+URWPalladioL-Roma,9.96,97.8,274.76,551.09,284.72,274.76,557.17,97.8,44.18,"In most VANETs, there was a problem of connecting it to IP networks using road-side access"
11,0,0,0,0,60,5,/SQEGFV+URWPalladioL-Roma,9.96,76.24,220.72,579.65,271.21,220.72,570.68,76.24,15.63,"routers (ARs) due to obstacles and mobility of the vehicle. Hence, the authors of [ 102] studied the ability to provide IP connectivity to the vehicles in VANETs using a multi-hop scheme. The location and road trafﬁc information are stored in a location server used for roaming purposes. The approach provides a mutual authentication between the roaming vehicle and ARs."
11,0,0,0,0,3,5,/QIFGYI+URWPalladioL-Ital,9.96,76.54,197.51,156.24,207.47,197.51,634.42,76.54,439.04,5.4. Smart Homes
11,0,0,0,0,15,5,/SQEGFV+URWPalladioL-Roma,9.96,97.8,178.02,551.09,187.99,178.02,653.9,97.8,44.18,"Smart Homes are automated homes, where users will have the ability to control, monitor and"
11,0,0,0,0,127,5,/SQEGFV+URWPalladioL-Roma,9.96,76.12,69.95,604.55,174.47,69.95,667.41,76.12,-9.28,"access remotely ( using mobile phone (mobile application) or personal computer (web application)) climate systems (heating and air conditioning), appliances, lighting, TV , audio and video systems, etc. The authors of [66] developed a security scheme that can be deployed in smart homes. Such approach has the ability to overcome some security threats such as impersonation and replay attack [65], but it is still vulnerable to eavesdropping. The approach is based on OAuth 2.0 protocol. In [103], the authors introduced a new authentication scheme to authenticate the end devices deployed in smart homes, which is based on the combination of PUF and Physical Key Generation (PKG). The PUF provides the security of the system by generating a secure key based on the physical parameters of the end"
12,0,0,0,0,8,7,/QIFGYI+URWPalladioL-Ital,7.97,76.31,770.94,190.78,778.91,770.94,62.98,76.31,404.5,"Sensors 2019 , 19, 1141 12 of 43"
12,0,0,0,0,132,5,/SQEGFV+URWPalladioL-Roma,9.96,76.53,626.0,579.65,744.04,626.0,97.85,76.53,15.63,"device ( the design of PUF depends on common circuit fabrication features that give it the ability to create unique secret key). Machine-to-Machine (M2M) communication is taking a lead in the IoT development, but it also has security challenges. In [ 104], the authors developed a scheme allowing a smart home network remote user to communicate with end devices. The scheme allows the mutual authentication between the communicating parties, besides establishing a secure connection to establish the conﬁdentiality of data. The authors of [105] proposed a mutual authentication protocol for IoT end-devices (smart home use case) based on PUF. They introduced the concept of Object Life cycle (OLC) to describe the roadmap of the end-device from manufacture till the deployment in the IoT system and describing the security challenges during this roadmap."
12,0,0,0,0,14,5,/SQEGFV+URWPalladioL-Roma,9.96,97.8,612.49,556.07,622.46,612.49,219.43,97.8,39.2,The authors of [106] developed a PUF-based authentication scheme for IoT devices to provide
12,0,0,0,0,67,5,/SQEGFV+URWPalladioL-Roma,9.96,76.53,558.46,604.55,608.95,558.46,232.94,76.53,-9.28,mutual authentication between the end device and the gateway by using the CRP data stored inside the gateway. It also provides a way for user (smart phone or wearable device) to authenticate itself with the gateway in order to have the ability to communicate with the end devices using session key generated between them. Timestamp data are used by the user to ensure security against replay attacks.
12,0,0,0,0,17,5,/SQEGFV+URWPalladioL-Roma,9.96,97.8,544.95,585.96,554.91,544.95,286.98,97.8,9.31,The authors of [107] proposed a mutual authentication for IoT systems. The scheme is based on the
12,0,0,0,0,87,5,/SQEGFV+URWPalladioL-Roma,9.96,76.12,463.89,599.57,541.4,463.89,300.49,76.12,-4.3,"lightweight features of Constrained Application Protocol (CoAP) as an application layer protocol for the communication between client and the server. The secure communication channel is provided by the advantage of Advanced Encryption Standard (AES) cipher. Both the client and the server challenge each other for mutual authentication by encrypting a payload from the message of size 256 bits, and then exchange payloads for veriﬁcation. The authentication is done during the request-response interaction without the use of an extra layer (DTLS) which increases the communication and computation cost."
12,0,0,0,0,4,5,/QIFGYI+URWPalladioL-Ital,9.96,76.54,440.68,220.99,450.64,440.68,391.25,76.54,374.28,5.5. Wireless Sensor Networks
12,0,0,0,0,15,5,/SQEGFV+URWPalladioL-Roma,9.96,97.8,421.19,566.04,431.15,421.19,410.74,97.8,29.24,Wireless Sensor Networks (WSN) is the ability to add the connectivity and sensing features to
12,0,0,0,0,13,5,/SQEGFV+URWPalladioL-Roma,9.96,76.53,407.68,534.81,417.64,407.68,424.25,76.53,60.46,"billions of sensors embedded in various ﬁelds (appliances at homes, vehicles, grids, etc.)."
12,0,0,0,0,14,5,/SQEGFV+URWPalladioL-Roma,9.96,97.8,394.17,571.02,404.13,394.17,437.75,97.8,24.26,The authors of [108] proposed an authentication protocol at the media access control sub-layer
12,0,0,0,0,52,5,/SQEGFV+URWPalladioL-Roma,9.96,76.53,340.13,584.63,390.63,340.13,451.26,76.53,10.65,"called Optimization of Communication for Ad-hoc Reliable Industrial networks (OCARI), in which they used a one-time shared session key. This technique is suitable for resource-constrained devices. Blom key predistribution scheme [109] and the polynomial schema [110] are considered as appropriate to be used as key management protocols for some IoT use cases."
12,0,0,0,0,14,5,/SQEGFV+URWPalladioL-Roma,9.96,97.8,326.63,566.04,336.59,326.63,505.3,97.8,29.24,The authors of [111] proposed an improved user authentication and key management protocol for
12,0,0,0,0,32,5,/SQEGFV+URWPalladioL-Roma,9.96,76.04,299.61,584.33,323.08,299.61,518.81,76.04,10.95,WSNs using Bio-hashing [112]. The use of the BAN-logic ( logic of belief and action that ensures one part of communication believes that the key in authentication is good) ensures mutual authentication.
12,0,0,0,0,15,5,/SQEGFV+URWPalladioL-Roma,9.96,97.8,286.1,571.02,296.06,286.1,545.83,97.8,24.26,"The authors of [113,114] proposed a mutual authentication which consists of two stages: in the"
12,0,0,0,0,41,5,/SQEGFV+URWPalladioL-Roma,9.96,76.53,245.57,579.65,282.55,245.57,559.34,76.53,15.63,"enrollment stage, every node should be identiﬁed within the system, and in the authentication stage, a number of handshake messages are exchanged between the end device and the server, which result is a session key to be used for upcoming communication."
12,0,0,0,0,14,5,/SQEGFV+URWPalladioL-Roma,9.96,97.8,232.06,546.11,242.02,232.06,599.87,97.8,49.16,The authors of [ 115] developed a group authentication technique in wireless networks for
12,0,0,0,0,101,5,/SQEGFV+URWPalladioL-Roma,9.96,76.15,137.49,609.53,228.51,137.49,613.38,76.15,-14.26,"achieving both mutual authentication and privacy. An end node will have the ability to move between access points without the need for re-authentication every time. All the roaming group members information are transmitted to the Base Station (BS) the ﬁrst time a Mobile Station (MS) is authenticated. Then, the MS sends the information to the group manager, which aggregates all the information and sends it back to the BS. The BS sends it to the access service network for verifying the authentication. After analyzing some existing chaotic-maps based protocols, the authors of [116] provided a chaotic maps-based mutual authentication in WSN."
12,0,0,0,0,13,5,/SQEGFV+URWPalladioL-Roma,9.96,97.8,123.98,566.04,133.95,123.98,707.94,97.8,29.24,"In [117], the authors proposed a lightweight authentication scheme with anonymous features by"
12,0,0,0,0,41,5,/SQEGFV+URWPalladioL-Roma,9.96,76.12,83.46,564.4,120.44,83.46,721.45,76.12,30.87,"providing hop-by-hop authentication and un-traceability. The main contribution is the achievement of user privacy in WSN. In [ 118], the authors provided an authentication protocol for WSN, which can guarantee different security features such as the privacy of the user, un-traceability,"
13,0,0,0,0,8,7,/QIFGYI+URWPalladioL-Ital,7.97,76.31,770.94,190.78,778.91,770.94,62.98,76.31,404.5,"Sensors 2019 , 19, 1141 13 of 43"
13,0,0,0,0,18,5,/SQEGFV+URWPalladioL-Roma,9.96,76.53,720.57,584.63,744.04,720.57,97.85,76.53,10.65,"backward secrecy, and strong forward secrecy. It is also resilient to node capture and key compromise impersonation attack."
13,0,0,0,0,15,5,/SQEGFV+URWPalladioL-Roma,9.96,97.8,707.06,551.09,717.02,707.06,124.87,97.8,44.18,"To ensure mutual authentication between the user, the end node, and the gateway node (GWN)"
13,0,0,0,0,46,5,/SQEGFV+URWPalladioL-Roma,9.96,76.12,666.53,559.39,703.51,666.53,138.38,76.12,35.88,"in a WSN, the authors of [119] developed an authentication scheme based on lightweight Hash and XOR operations that gives the remote user the ability to connect to the end nodes in WSN systems without the need to be connected at the beginning to the gateway."
13,0,0,0,0,17,5,/SQEGFV+URWPalladioL-Roma,9.96,97.8,653.02,580.98,662.99,653.02,178.9,97.8,14.29,"Due to the resource-constrained features of the sensor nodes in WSN systems, there is a need for"
13,0,0,0,0,48,5,/SQEGFV+URWPalladioL-Roma,9.96,76.53,598.99,589.61,649.48,598.99,192.41,76.53,5.67,"lightweight encryption protocols. Thus, the authors of [120] proposed a secure authentication protocol for WSN based on Elliptic Curve Cryptography (ECC) which is considered lightweight compared to the traditional RSA cipher. Besides, the authors applied Attribute-Based Access Control (ABAC) authorization mechanism for access control, which is considered scalable."
13,0,0,0,0,15,5,/SQEGFV+URWPalladioL-Roma,9.96,97.8,585.48,551.09,595.44,585.48,246.45,97.8,44.18,"In [121], the authors proposed an authentication scheme to be deployed in WSNs. The scheme"
13,0,0,0,0,43,5,/SQEGFV+URWPalladioL-Roma,9.96,76.53,544.95,604.55,581.93,544.95,259.96,76.53,-9.28,consists of two main steps: the initialization step in which the user is given a public/private key using a lightweight ECC-based protocol. The second step is the authentication step in which two nodes will use the public/private pair to mutually authenticate each other.
13,0,0,0,0,13,5,/SQEGFV+URWPalladioL-Roma,9.96,97.8,531.44,546.11,541.4,531.44,300.49,97.8,49.16,The authors of [ 122] provided a protocol called E-SAP for Efﬁcient-Strong Authentication
13,0,0,0,0,37,5,/SQEGFV+URWPalladioL-Roma,9.96,76.53,490.91,554.74,527.89,490.91,314.0,76.53,40.54,"Protocol for wireless health care applications. This protocol consists of a number of features: a two-factor authentication (smart card and password), mutual authentication between sensors, symmetric cryptography to ensure message conﬁdentiality and the ability to change passwords."
13,0,0,0,0,14,5,/SQEGFV+URWPalladioL-Roma,9.96,97.8,477.4,576.0,487.36,477.4,354.53,97.8,19.28,"In [123], the authors provided a two-factor-based user authentication scheme for WSN using both"
13,0,0,0,0,23,5,/SQEGFV+URWPalladioL-Roma,9.96,76.24,450.38,564.4,473.85,450.38,368.04,76.24,30.87,"passwords and smart cards. The approach is resistant to stolen-veriﬁer and impersonation attacks, but it does not take into consideration node impersonation attack."
13,0,0,0,0,15,5,/SQEGFV+URWPalladioL-Roma,9.96,97.8,436.87,526.19,446.83,436.87,395.06,97.8,69.09,The authors of [ 124] proposed a new anonymous authentication scheme for IoT based on
13,0,0,0,0,42,5,/SQEGFV+URWPalladioL-Roma,9.96,76.53,396.34,579.65,433.32,396.34,408.56,76.53,15.63,the lightweight ECC. The protocol is composed of two main steps: the registration step and the authentication step. A comparison is held between the ECC and RSA with respect to the time spent for encryption and decryption using different sizes of key.
13,0,0,0,0,17,5,/SQEGFV+URWPalladioL-Roma,9.96,97.8,382.83,571.02,392.8,382.83,449.09,97.8,24.26,The authors of [ 125] presented a secured way for the authentication of devices in Internet of
13,0,0,0,0,64,5,/SQEGFV+URWPalladioL-Roma,9.96,76.12,315.29,594.29,379.29,315.29,462.6,76.12,0.98,"Medical Things (IMT) using the physical characteristics of people for identiﬁcation. The authors provided a survey of all the biometric techniques used in the literature especially in the smart health environments with an analysis regarding their compatibility with the IMT, a security analysis is also provided. Finally, the authors provided requirements and open issues for researchers and developers while using biometric properties for authentication."
13,0,0,0,0,15,5,/SQEGFV+URWPalladioL-Roma,9.96,97.8,301.78,536.15,311.74,301.78,530.15,97.8,59.13,The authors of [ 126] proposed a novel mutual authentication and key management for WSN
13,0,0,0,0,33,5,/SQEGFV+URWPalladioL-Roma,9.96,76.53,261.25,579.65,298.23,261.25,543.66,76.53,15.63,systems based on biometric and symmetric crypto-system. They compared their scheme with the schemes provided in the literature regarding computation and communication cost and security threats using both BAN-logic and AVISPA [127] tools.
13,0,0,0,0,5,5,/QIFGYI+URWPalladioL-Ital,9.96,76.53,238.04,255.86,248.0,238.04,593.89,76.53,339.41,5.6. Mobile Network and Applications
13,0,0,0,0,16,5,/SQEGFV+URWPalladioL-Roma,9.96,97.8,218.55,556.07,228.51,218.55,613.38,97.8,39.2,"To allow remote users to access Internet services any time, anywhere, the authors of [ 128]"
13,0,0,0,0,139,5,/SQEGFV+URWPalladioL-Roma,9.96,76.24,83.46,579.65,215.0,83.46,626.89,76.24,15.63,"proposed a new scheme to provide a secure roaming for anonymous users beneﬁting from the group signature technique. They call it Conditional privacy-preserving authentication with access linkability (CPAL). In [129], the authors proposed two authentication schemes, the ﬁrst one is based on pseudo-random authentication and the second is based on zero-knowledge authentication for providing authentication and location privacy-preserving scheme for LTE-A. The schemes enable all the entities in LTE-A networks to mutually authenticate each other and update their location without involving the subscriber server. The authors of [ 130] provided also a group-based authentication scheme for LTE networks by developing a group temporary key. It is based on both Elliptic Curve Difﬁe–Hellman (ECDH) that provides forward and backward secrecy, while using asymmetric key protocol to provide user’s privacy. The authors of [131] proposed SEGR for the authentication of a"
14,0,0,0,0,8,7,/QIFGYI+URWPalladioL-Ital,7.97,76.31,770.94,190.78,778.91,770.94,62.98,76.31,404.5,"Sensors 2019 , 19, 1141 14 of 43"
14,0,0,0,0,30,5,/SQEGFV+URWPalladioL-Roma,9.96,76.12,720.57,584.63,744.04,720.57,97.85,76.12,10.65,group of devices using both 3GPP or WIMAX systems. It is based on certiﬁcate-less aggregate signature which was proposed to remove the complication of certiﬁcate management in public key cryptography.
14,0,0,0,0,13,5,/SQEGFV+URWPalladioL-Roma,9.96,97.8,707.06,566.04,717.02,707.06,124.87,97.8,29.24,Due to challenging issues in developing a user-friendly authentication scheme for smart phone
14,0,0,0,0,75,5,/SQEGFV+URWPalladioL-Roma,9.96,76.24,639.51,589.61,703.51,639.51,138.38,76.24,5.67,"environment where touch screen is the most user-friendly input peripherals, the authors of [ 132] provided an authentication process for Android smartphone devices using dual-factor authentication called (Duth). The protocol is made up of a registration step in which the place and time of user entering patterns to the touch screen are stored and then the stored data are used as dual factors for authentication. This approach can improve security without adding any extra hardware."
14,0,0,0,0,15,5,/SQEGFV+URWPalladioL-Roma,9.96,97.8,626.0,546.11,635.97,626.0,205.92,97.8,49.16,The authors of [133] proposed a new authentication scheme for mobile phone users based on
14,0,0,0,0,69,5,/SQEGFV+URWPalladioL-Roma,9.96,76.24,558.46,574.66,622.46,558.46,219.43,76.24,20.61,"behavioural pattern. They started by collecting the behavior of mobile phone user regarding the applications used in a speciﬁc time and the duration of usage, and then they change these data to a unique pattern to be used as an authentication between the user and the mobile phone.The proposed scheme will be used as complementary to the existing authentication schemes provided by mobile phones (pin code, ﬁngerprint, gestures, etc.)."
14,0,0,0,0,4,5,/QIFGYI+URWPalladioL-Ital,9.96,76.54,535.24,220.99,545.21,535.24,296.68,76.54,374.28,5.7. Generic IoT Applications
14,0,0,0,0,15,5,/SQEGFV+URWPalladioL-Roma,9.96,97.8,515.76,556.07,525.72,515.76,316.17,97.8,39.2,The authors of [134] provided a protocol for performing authentication between a user and a
14,0,0,0,0,38,5,/SQEGFV+URWPalladioL-Roma,9.96,76.53,475.23,569.68,512.21,475.23,329.68,76.53,25.59,"server, and not between end devices. It is a two-step veriﬁcation to IoT devices. A password or a shared secret key is considered as the ﬁrst authentication factor and the use of PUF as the second authentication factor."
14,0,0,0,0,18,5,/SQEGFV+URWPalladioL-Roma,9.96,97.8,461.72,576.0,471.68,461.72,370.21,97.8,19.28,Due to the large number of devices wishing to access the network which leads to an overload for
14,0,0,0,0,65,5,/SQEGFV+URWPalladioL-Roma,9.96,76.53,394.17,584.63,458.17,394.17,383.72,76.53,10.65,"the authenticating server and in order to achieve mutual authentication and secure key management for resource-constrained devices, the authors in [135] provided a group-based lightweight authentication and key agreement scheme called GLARM. GLARM is composed of two fundamental stages: an identiﬁcation stage and, a group authentication and key-agreement stage based on a combination of message authentication code of a group of devices to be authenticated."
14,0,0,0,0,14,5,/SQEGFV+URWPalladioL-Roma,9.96,97.8,380.66,585.96,390.63,380.66,451.26,97.8,9.31,"In [136], the authors proposed a lightweight device authentication protocol for IoT systems named"
14,0,0,0,0,25,5,/SQEGFV+URWPalladioL-Roma,9.96,76.53,353.64,549.76,377.12,353.64,464.77,76.53,45.52,speaker-to-microphone (S2M). This scheme achieves distance authentication between wireless IoT devices. Is is implemented in both mobile phones and PC to check its experimental results.
14,0,0,0,0,14,5,/SQEGFV+URWPalladioL-Roma,9.96,97.8,340.13,541.13,350.1,340.13,491.79,97.8,54.15,"The author of [ 137] provided a new hardware-based approach, using a hardware ﬁngerprint"
14,0,0,0,0,157,5,/SQEGFV+URWPalladioL-Roma,9.96,76.23,191.53,584.63,336.59,191.53,505.3,76.23,10.65,"to authenticate IoT device with its Physical Unclonable Functions (PUF). The author presented the machine learning based attacks on PUF leading to the creation of a software model of the PUF. The author of [138] presented an implementation of PUF-based algorithms for IoT device. They used PUF-based elliptic curve for device enrollment, authentication, decryption, and digital signature. The author ﬁngered the environment variations under which the IoT devices will be operating and also the effects of aging in the usage of PUF by using error correction codes. They handled the machine-learning attacks by combining the PUF with the use of ECC to encrypt the generated key. In [139], the authors proposed an authentication mechanism which applies a modeling for the PUF to avoid storing the whole Challenge–Response Pairs (CRPs) or the retrieval of some CRPs during authentication or veriﬁcation phases, and the model will be hidden by applying a symmetric encryption algorithm (AES) to avoid modeling-based attacks."
14,0,0,0,0,16,5,/SQEGFV+URWPalladioL-Roma,9.96,97.8,178.02,600.91,187.99,178.02,653.9,97.8,-5.63,The authors of [140] realized that a single-tier authentication is not adequate for services such as
14,0,0,0,0,55,5,/SQEGFV+URWPalladioL-Roma,9.96,76.53,123.98,584.63,174.47,123.98,667.41,76.53,10.65,"cloud computing. Thus, they proposed a multi-tier authentication scheme without the use of any extra software or hardware. In the ﬁrst stage, user enters a simple username and password that is validated by the server on the cloud. In the second stage, user pursues a predetermined sequence on the virtual screen during the registration phase."
14,0,0,0,0,16,5,/SQEGFV+URWPalladioL-Roma,9.96,97.8,110.48,580.98,120.44,110.48,721.45,97.8,14.29,"In [141], the authors provided an authentication scheme to be used in cloud computing use cases."
14,0,0,0,0,43,5,/SQEGFV+URWPalladioL-Roma,9.96,76.23,69.95,604.55,106.93,69.95,734.96,76.23,-9.28,"They divided the devices into two categories: registered and unregistered devices, and handled the authentication using two different approaches. The registered devices are authenticated using an authentication server. Firstly, the device is registered in the server, then a session key is generated by"
15,0,0,0,0,8,7,/QIFGYI+URWPalladioL-Ital,7.97,76.31,770.94,190.78,778.91,770.94,62.98,76.31,404.5,"Sensors 2019 , 19, 1141 15 of 43"
15,0,0,0,0,42,5,/SQEGFV+URWPalladioL-Roma,9.96,76.53,693.55,559.72,744.04,693.55,97.85,76.53,35.55,"the server and sent encrypted using Advanced Encryption Standard (AES), to the device to be used for further communications. On the other hand, a cloud-based Software-as-a-Service (SaaS) using modiﬁed Difﬁe–Hellman (DH) algorithm is used to authenticate unregistered devices for accessing cloud services."
15,0,0,0,0,16,5,/SQEGFV+URWPalladioL-Roma,9.96,97.8,680.04,571.02,690.0,680.04,151.89,97.8,24.26,Using password or smart cards as the only way of authentication for remote users is vulnerable
15,0,0,0,0,35,5,/SQEGFV+URWPalladioL-Roma,9.96,76.53,639.51,584.63,676.5,639.51,165.39,76.53,10.65,"to security attacks. Thus, the authors of [ 142] proposed a novel scheme by using a three-factor authentication. The ﬁngerprint or iris-scan, the smart card, and a password to authenticate a user to remotely-based applications."
15,0,0,0,0,12,5,/SQEGFV+URWPalladioL-Roma,9.96,97.8,626.0,531.17,635.97,626.0,205.92,97.8,64.11,Although traditional Public Key Infrastructure is considered heavy with respect to the
15,0,0,0,0,51,5,/SQEGFV+URWPalladioL-Roma,9.96,76.24,571.97,564.4,622.46,571.97,219.43,76.24,30.87,"computation and communication cost, the authors of [ 143,144] presented a lightweight PKI to be implemented in IoT use cases. The authors of [ 145] presented an efﬁcient transmission to ensure privacy of data sent. The proposed scheme used a customized data encapsulation to reduce both the computation and communication overhead."
15,0,0,0,0,14,5,/SQEGFV+URWPalladioL-Roma,9.96,97.8,558.46,556.07,568.42,558.46,273.47,97.8,39.2,The authors of [ 69] presented a two-way IoT authentication protocol. The authentication is
15,0,0,0,0,44,5,/SQEGFV+URWPalladioL-Roma,9.96,76.53,517.93,579.65,554.91,517.93,286.98,76.53,15.63,"handled using the Datagram Transport Layer Security (DTLS) protocol with the exchange of certiﬁcates based on RSA. This work is an enhancement of the work reported in [68], a two-way IoT authentication schemes based on RSA with the use of Trusted Platform Module (TPM)."
15,0,0,0,0,15,5,/SQEGFV+URWPalladioL-Roma,9.96,97.8,504.42,531.17,514.38,504.42,327.51,97.8,64.11,"In [ 146], the authors proposed an authentication protocol based on PUFs that uses the"
15,0,0,0,0,61,5,/SQEGFV+URWPalladioL-Roma,9.96,76.53,436.87,594.59,500.87,436.87,341.02,76.53,0.69,zero-knowledge proof of knowledge (ZKPK) of discrete logarithm. The protocol requires a user to input a password to the device each time it requires authentication. The limitation of this protocol is providing the authentication between the user end device and the server without also taking into consideration authentication between end devices. The use of ZKPK increased the complexity of this protocol.
15,0,0,0,0,15,5,/SQEGFV+URWPalladioL-Roma,9.96,97.8,423.36,566.04,433.32,423.36,408.56,97.8,29.24,After doing a security analysis for some of previous scheme for the authentication of devices
15,0,0,0,0,54,5,/SQEGFV+URWPalladioL-Roma,9.96,76.23,355.82,554.74,419.82,355.82,422.07,76.23,40.54,"in Low-earth-orbit satellite (LEOs) communication systems, the authors of [ 147] proposed an authentication and key management scheme based on Elliptic curve and symmetric cryptography. The proposed scheme provides a mutual authentication between the user and the Network Control Center (NCC), besides its resilience to stolen veriﬁer, replay, DoS, password guessing, and impersonation attacks."
15,0,0,0,0,14,5,/SQEGFV+URWPalladioL-Roma,9.96,97.8,342.31,546.11,352.27,342.31,489.62,97.8,49.16,The authors of [ 148] presented a two-factor device authentication scheme. They used both
15,0,0,0,0,125,5,/SQEGFV+URWPalladioL-Roma,9.96,76.12,234.23,599.15,338.76,234.23,503.13,76.12,-3.88,"the digital signature and a novel factor called the device capability. Device capability is similar to a functional operation solved by the device, which could be a mathematical challenge or even a cryptographic-based puzzle. Such scheme can be used to authenticate both the end-device and the server too. Using a secure TLS channel, the device sends a request for communication to the server, the server then sends a nonce encrypted with its private key and the timestamp to avoid replay attacks. The device then decrypts the signature, solves the nonce with functional operation, signs the result with its private key and sends it back to the server. The server then checks the valid signature and the result of the functional operation to authenticate the device."
15,0,0,0,0,16,5,/SQEGFV+URWPalladioL-Roma,9.96,97.8,220.72,536.15,230.69,220.72,611.2,97.8,59.13,The authors of [ 149] proposed a new authentication scheme for IoT system based on PUF.
15,0,0,0,0,59,5,/SQEGFV+URWPalladioL-Roma,9.96,76.23,166.68,589.61,217.18,166.68,624.71,76.23,5.67,"The scheme is based on generating a response of a challenge, then feeding the response to another PUF as a challenge. The two PUFs are connected using Linear Feedback Shift Register (LFSR). The main drawback of such design is its complexity, and the lack of security analysis. Machine learning attacks to create a model of PUF is not considered."
15,0,0,0,0,15,5,/SQEGFV+URWPalladioL-Roma,9.96,97.8,153.18,566.04,163.14,153.18,678.75,97.8,29.24,The authors of [150] proposed a new authentication scheme for IoT systems based on blockchain
15,0,0,0,0,43,5,/SQEGFV+URWPalladioL-Roma,9.96,76.53,112.65,609.53,149.63,112.65,692.26,76.53,-14.26,"called Bubbles-of-Trust. The idea is to divide the devices into virtual zones called bubbles in which they identify and trust each other (concept of grouping). Then, the communication (transaction) between different devices is controlled and validated by the public blockchain implemented using Ethereum."
15,0,0,0,0,13,5,/SQEGFV+URWPalladioL-Roma,9.96,97.8,99.14,576.0,109.1,99.14,732.79,97.8,19.28,"To provide authentication for IoT system integrated in cloud computing environment, the authors"
15,0,0,0,0,26,5,/SQEGFV+URWPalladioL-Roma,9.96,76.21,72.12,549.43,95.59,72.12,746.3,76.21,45.85,"of [151] provided a lightweight two-factor authentication scheme based on one-way hashing and XOR operation. The authentication process is made up of three steps: registration, veriﬁcation,"
16,0,0,0,0,8,7,/QIFGYI+URWPalladioL-Ital,7.97,76.31,770.94,190.78,778.91,770.94,62.98,76.31,404.5,"Sensors 2019 , 19, 1141 16 of 43"
16,0,0,0,0,20,5,/SQEGFV+URWPalladioL-Roma,9.96,76.53,720.57,564.7,744.04,720.57,97.85,76.53,30.57,and password renewal step. The computation cost of such scheme is considered and its efﬁciency is shown in resource-constrained environments.
16,0,0,0,0,18,5,/SQEGFV+URWPalladioL-Roma,9.96,97.8,707.06,580.98,717.02,707.06,124.87,97.8,14.29,"To ensure the security of IoT systems, the authors of [152] took advantage of PKI by using X.509"
16,0,0,0,0,24,5,/SQEGFV+URWPalladioL-Roma,9.96,76.53,680.04,589.61,703.51,680.04,138.38,76.53,5.67,digital certiﬁcates to ensure the authentication of devices within the system. Such certiﬁcates can be used for device identiﬁcation and also the device integrity.
16,0,0,0,0,16,5,/SQEGFV+URWPalladioL-Roma,9.96,97.8,666.53,561.06,676.5,666.53,165.39,97.8,34.22,The authors of [153] proposed a model to addresses the IoT security issues. They used Object
16,0,0,0,0,56,5,/SQEGFV+URWPalladioL-Roma,9.96,76.53,612.49,584.63,662.99,612.49,178.9,76.53,10.65,Naming service (ONS) to query the Domain Name Server (DNS) to search for information about a device using either its IP address or electronic product Codes (EPC). They ensured the anonymity of the requester by asking multiple ONSs to hide the identity and using multiple encryption layers using the encryption key of the router during transmission.
16,0,0,0,0,13,5,/SQEGFV+URWPalladioL-Roma,9.96,97.8,598.99,576.0,608.95,598.99,232.94,97.8,19.28,Table 2 summarizes the different surveyed IoT authentication schemes with a classiﬁcation based
16,0,0,0,0,17,5,/SQEGFV+URWPalladioL-Roma,9.96,76.53,585.48,569.68,595.44,585.48,246.45,76.53,25.59,on the taxonomy presented in Section 4 as well as a summary of their advantages and disadvantages.
16,0,0,0,0,9,5,/SQEGFV+URWPalladioL-Roma,9.96,97.8,571.97,396.67,581.93,571.97,259.96,97.8,198.6,The following abbreviations are used for the below criteria:
16,0,0,0,0,30,5,/SQEGFV+URWPalladioL-Roma,9.96,80.87,512.95,439.52,560.45,512.95,281.44,80.87,155.75,"IoT Layer: A, Application; N, Network; P , Perception. Procedure: 1, One-way; 2, Two-way; 3, Three-way. Architecture: C, Centralized; D, Distributed; F, Flat; H, Hierarchical. Hardware-Based: I, Implicit; E, Explicit."
16,1,0,0,0,3,5,/PEZHUJ+URWPalladioL-Bold,9.96,76.54,489.73,156.24,499.7,489.73,342.19,76.54,439.04,6. Related Works
16,0,0,0,0,13,5,/SQEGFV+URWPalladioL-Roma,9.96,97.8,470.25,580.98,480.21,470.25,361.68,97.8,14.29,Several research works surveyed the IoT authentication solutions. The authors of [154] presented
16,0,0,0,0,305,5,/SQEGFV+URWPalladioL-Roma,9.96,76.21,173.04,609.53,466.7,173.04,375.19,76.21,-14.26,"a survey of the authentication protocols deployed in Internet of Things (IoT) use cases by categorizing them into four categories: Internet of Sensors (IoS), Internet of Energy (IoE), Machine-to-Machine (M2M) communication, and Internet of Vehicles (IoV). A taxonomy and comparison of authentication protocols are provided in terms of: network model, goals, main processes, computation complexity, and communication overhead. In [ 155], the authors provided a classiﬁcation and comparison of different authentication protocols for IoT. The authors created two different classiﬁcations: the ﬁrst one based on whether the authentication technique is being distributed or centralized, ﬂat or hierarchical, and the second one based on the characteristics of the authentication process. In [ 156], the authors provided an analytical survey of the existing literature. They outlined the potential issues and challenges of authentication in IoT for further research but without providing a comparison of the existing schemes. The authors of [157] provided different authentication methods used within the IoT context with emphasis on lightweight and mutual authentication methods but without classiﬁcation or comparison. In [ 158], a review of the prominent and “recent” authentication techniques for IoT systems is provided with an indication of their limitations and future research trends, but without providing a classiﬁcation. The authors of [ 159] provided a classiﬁcation of selected research works addressing security concerns and authentication methods, in addition to their evaluation in terms of advantages and disadvantages. In [ 160], the authors mapped the current state of the art of the authentication in an IoT environment, featuring the difﬁculties and the primary methods utilized in authentication scheme but without performing any comparison. The authors of [ 161] provided a brief overview of authentication mechanisms with an evaluation of the proposed schemes in the literature. They also evaluated each method based on its resource consumption (e.g., energy, memory, computation and communication)."
16,0,0,0,0,15,5,/SQEGFV+URWPalladioL-Roma,9.96,97.8,130.34,561.06,140.3,130.34,701.59,97.8,34.22,This paper presents a taxonomy and a literature review of authentication in the IoT context.
16,0,0,0,0,39,5,/SQEGFV+URWPalladioL-Roma,9.96,76.12,89.81,569.68,126.79,89.81,715.1,76.12,25.59,The analysis of a large spectrum of authentication protocols/schemes leads to identify a number of requirements and open issues that should be taken into consideration by researchers and developers while developing new authentication schemes for IoT networks and applications.
17,0,0,0,0,8,7,/QIFGYI+URWPalladioL-Ital,7.97,76.31,770.94,190.78,778.91,770.94,62.98,76.31,404.5,"Sensors 2019 , 19, 1141 17 of 43"
17,0,0,0,0,13,5,/SQEGFV+URWPalladioL-Roma,9.96,78.38,734.08,566.55,744.04,734.08,97.85,78.38,28.73,"1. In sensor-based applications, where sensors (constrained in terms of memory, processing power,"
17,0,0,0,0,20,5,/SQEGFV+URWPalladioL-Roma,9.96,101.44,707.06,569.68,730.53,707.06,111.36,101.44,25.59,"battery, etc.) are the main end-devices, the proposed protocols must be lightweight, making a trade-off between power consumption and security."
17,0,0,0,0,13,5,/SQEGFV+URWPalladioL-Roma,9.96,78.38,694.55,576.51,704.51,694.55,137.38,78.38,18.77,"2. The robustness of authentication protocols against potential attacks, e.g., sybil, node capture,"
17,0,0,0,0,39,5,/SQEGFV+URWPalladioL-Roma,9.96,101.44,654.02,579.65,691.0,654.02,150.89,101.44,15.63,"replay, password guessing, message forgery, brute force, man-in-the-middle, DoS, collision, chosen-plaintext, etc., should be considered and analyzed. In particular, it is important to to consider Distributed Denial of Service attacks (second attack against IoT in 2017 as per [6])."
17,0,0,0,0,16,5,/SQEGFV+URWPalladioL-Roma,9.96,78.38,641.51,576.51,651.47,641.51,190.42,78.38,18.77,3. There is a need to consider location and identity privacy in certain IoT applications especially
17,0,0,0,0,4,5,/SQEGFV+URWPalladioL-Roma,9.96,101.44,628.0,220.99,637.96,628.0,203.93,101.44,374.28,smart grids and VANETs.
17,0,0,0,0,14,5,/SQEGFV+URWPalladioL-Roma,9.96,78.38,615.48,571.53,625.45,615.48,216.44,78.38,23.75,"4. The communication overhead of authentication protocols is a key factor, especially when dealing"
17,0,0,0,0,44,5,/SQEGFV+URWPalladioL-Roma,9.96,101.02,574.96,579.65,611.94,574.96,229.95,101.02,15.63,"with power-limited devices; the number of messages exchanged between authentication parties should be kept as low as possible. In the same context, the size of the messages should be as small as possible due to the restricted bandwidth of the wireless communication protocols used."
17,0,0,0,0,12,5,/SQEGFV+URWPalladioL-Roma,9.96,78.38,562.44,516.73,572.4,562.44,269.49,78.38,78.54,5. Low computation cost should be considered while designing IoT authentication schemes
17,0,0,0,0,22,5,/SQEGFV+URWPalladioL-Roma,9.96,101.44,521.91,544.78,558.89,521.91,283.0,101.44,50.5,especially for power-constrained and processing-limited IoT environment. This emphasizes the need to adopt lightweight cryptographic algorithms and protocols while designing authentication solutions.
17,0,0,0,0,17,5,/SQEGFV+URWPalladioL-Roma,9.96,78.38,509.4,571.53,519.36,509.4,322.53,78.38,23.75,6. IoT authentication scheme should be scalable in the sense that it should manage large number of
17,0,0,0,0,17,5,/SQEGFV+URWPalladioL-Roma,9.96,101.44,495.89,564.7,505.85,495.89,336.04,101.44,30.57,nodes s well as have the ability to add new nodes without any further setup or conﬁguration.
17,0,0,0,0,14,5,/SQEGFV+URWPalladioL-Roma,9.96,78.38,483.38,571.53,493.34,483.38,348.55,78.38,23.75,"7. Authentication service should be ensured for the three layers of IoT architecture (application,"
17,0,0,0,0,4,5,/SQEGFV+URWPalladioL-Roma,9.96,101.44,469.87,255.86,479.83,469.87,362.06,101.44,339.41,network and perception layer).
17,0,0,0,0,15,5,/SQEGFV+URWPalladioL-Roma,9.96,78.38,457.36,561.57,467.32,457.36,374.57,78.38,33.71,8. Heterogeneity of devices in IoT networks must be taken into consideration while designing IoT
17,0,0,0,0,16,5,/SQEGFV+URWPalladioL-Roma,9.96,78.38,431.33,571.53,441.3,431.33,400.59,78.38,23.75,9. Hardware security using “PUF” is the current trend due to its advantages over software security
17,0,0,0,0,16,5,/SQEGFV+URWPalladioL-Roma,9.96,101.11,404.31,544.78,427.79,404.31,414.1,101.11,50.5,approaches. A combination between software solutions (lower cost) and hardware solutions (more secure) should be considered.
18,0,0,0,0,8,7,/QIFGYI+URWPalladioL-Ital,7.97,76.31,524.33,190.78,532.3,524.33,62.98,76.31,651.11,"Sensors 2019 , 19, 1141 18 of 43"
18,1,0,0,0,7,6,/PEZHUJ+URWPalladioL-Bold,8.97,323.27,489.45,502.6,498.42,489.45,96.86,323.27,339.29,Table 2. Analysis of IoT Authentication Schemes.
18,1,0,0,0,7,5,/PEZHUJ+URWPalladioL-Bold,9.96,87.96,448.32,690.06,458.7,448.32,136.57,87.96,151.83,Ref# IoT Layer Identity Context   − )
18,1,0,0,0,7,5,/PEZHUJ+URWPalladioL-Bold,9.96,225.08,442.76,533.92,452.73,442.76,142.55,225.08,307.97,Credentials Token Based? Proc. Arch. HW. Strength(+)/Weakness(
18,0,0,0,0,12,5,/SQEGFV+URWPalladioL-Roma,9.96,87.68,419.83,416.45,429.79,419.83,165.48,87.68,425.44,[145] A Encryption x 2 C/H I +Encapsulation is used to efﬁciently
18,0,0,0,0,11,5,/SQEGFV+URWPalladioL-Roma,9.96,573.34,384.94,752.67,423.82,384.94,171.46,573.34,89.22,beneﬁt from resources. +Low overhead regarding computation and communication and high
18,0,0,0,0,12,5,/SQEGFV+URWPalladioL-Roma,9.96,90.17,372.99,653.04,382.95,372.99,212.33,90.17,188.85,[69] A + N Encryption /RSA x /DTLS 2 C/H I  interoperability
18,0,0,0,0,11,5,/SQEGFV+URWPalladioL-Roma,9.96,573.34,349.08,785.89,371.0,349.08,224.28,573.34,56.0,Unreliability due to the use of UDP over DTLS leads to
18,0,0,0,0,8,5,/SQEGFV+URWPalladioL-Roma,9.96,198.7,332.12,747.68,342.08,332.12,253.19,198.7,94.21,Encryption/ Symmetric  +Resistance to some DoS and replay
18,0,0,0,0,10,5,/SQEGFV+URWPalladioL-Roma,9.96,87.68,320.17,613.19,330.13,320.17,265.15,87.68,228.7,[108] P  asynchronous One Time  x/TLS 2 C/H I  attacks.
18,0,0,0,0,7,5,/SQEGFV+URWPalladioL-Roma,9.96,215.3,308.21,775.93,318.17,308.21,277.1,215.3,65.96,Password (OTP)  Performance analysis is not considered.
18,0,0,0,0,4,5,/SQEGFV+URWPalladioL-Roma,9.96,87.68,284.86,227.16,295.24,284.86,300.04,87.68,614.73,[109] N Encryption/Symmetric ✓
18,0,0,0,0,16,5,/SQEGFV+URWPalladioL-Roma,9.96,327.09,279.3,721.13,289.26,279.3,306.01,327.09,120.76,"of space, and Seed) 3 D/H I +Resistance to node capture attackEnergy cost is not efﬁcient."
18,0,0,0,0,10,5,/SQEGFV+URWPalladioL-Roma,9.96,571.84,250.39,771.09,272.31,250.39,322.97,571.84,70.8,+Resistance to node capture attack +Efﬁcient with respect to communication
18,0,0,0,0,8,5,/SQEGFV+URWPalladioL-Roma,9.96,87.68,243.99,450.31,254.37,243.99,340.9,87.68,391.58,[110] N Encryption/Symmetric ✓ (polynomialID) 3 D/H I
18,0,0,0,0,12,5,/SQEGFV+URWPalladioL-Roma,9.96,573.34,209.52,777.57,248.4,209.52,346.88,573.34,64.32,overhead No consideration to location privacy. +Resistance to Malicious entity by using
18,0,0,0,0,11,5,/SQEGFV+URWPalladioL-Roma,9.96,87.68,197.15,588.28,207.53,197.15,387.75,87.68,253.61,[143] A + N Encryption/Asymmetric ✓ (Information) 2 D/H I  PKI
18,0,0,0,0,5,5,/SQEGFV+URWPalladioL-Roma,9.96,581.66,185.61,770.95,195.57,185.61,399.7,581.66,70.94,Performance analysis is not considered
18,0,0,0,0,14,5,/SQEGFV+URWPalladioL-Roma,9.96,87.68,162.26,589.79,172.64,162.26,422.63,87.68,252.1,[144] A + N Encryption/Asymmetric ✓ (FormId) 2 C/H I +Compatibility problems are solved
18,0,0,0,0,5,5,/SQEGFV+URWPalladioL-Roma,9.96,581.66,156.7,775.93,166.66,156.7,428.61,581.66,65.96,Performance analysis is not considered.
18,0,0,0,0,18,5,/SQEGFV+URWPalladioL-Roma,9.96,87.68,133.35,654.55,143.73,133.35,451.55,87.68,187.34,"[153] A + N + P Encryption/Symmetric ✓ (IP/EPC) 2 C/F I +Resilience to attacks, access control, client"
18,0,0,0,0,4,5,/SQEGFV+URWPalladioL-Roma,9.96,573.04,127.79,727.46,137.75,127.79,457.52,573.04,114.43,privacy and data conﬁdentiality
19,0,0,0,0,8,7,/QIFGYI+URWPalladioL-Ital,7.97,76.31,524.33,190.78,532.3,524.33,62.98,76.31,651.11,"Sensors 2019 , 19, 1141 19 of 43"
19,0,0,0,0,4,6,/PEZHUJ+URWPalladioL-Bold,8.97,393.63,489.45,450.21,498.42,489.45,96.86,393.63,391.68,Table 2. Cont .
19,1,0,0,0,7,5,/PEZHUJ+URWPalladioL-Bold,9.96,87.96,448.32,690.06,458.7,448.32,136.57,87.96,151.83,Ref# IoT Layer Identity Context   − )
19,1,0,0,0,7,5,/PEZHUJ+URWPalladioL-Bold,9.96,225.08,442.76,533.92,452.73,442.76,142.55,225.08,307.97,Credentials Token Based? Proc. Arch. HW. Strength(+)/Weakness(
19,0,0,0,0,16,5,/SQEGFV+URWPalladioL-Roma,9.96,90.17,419.83,639.6,429.79,419.83,165.48,90.17,202.29,[83] N + P Encryption/Symmetric using  (SpeciﬁcId) 2 C/F I +Authentication of RFID tags with readers
19,0,0,0,0,7,5,/SQEGFV+URWPalladioL-Roma,9.96,240.63,413.43,765.97,423.82,413.43,171.46,240.63,75.92,XOR ✓ No consideration of location privacy.
19,0,0,0,0,7,5,/SQEGFV+URWPalladioL-Roma,9.96,573.34,384.94,782.55,406.86,384.94,188.42,573.34,59.34,"+Resistance to Man-in-the-Middle, Impersonation, Replay, Privileged insider"
19,0,0,0,0,16,5,/SQEGFV+URWPalladioL-Roma,9.96,87.68,372.99,767.61,382.95,372.99,212.33,87.68,74.28,"[119] N + P Encryption/Symmetric +  (Nonce) 2 C/H E  attacks, Stolen smart card, Smart card"
19,0,0,0,0,7,5,/SQEGFV+URWPalladioL-Roma,9.96,187.58,366.59,332.04,376.97,366.59,218.3,187.58,509.85,Hash + Credit card as context ✓
19,0,0,0,0,13,5,/SQEGFV+URWPalladioL-Roma,9.96,573.34,332.12,772.59,371.0,332.12,224.28,573.34,69.3,"breach attacks, etc. Communication cost is not efﬁcient. +Resistance to Eavesdropping, DoS, Node"
19,0,0,0,0,5,5,/SQEGFV+URWPalladioL-Roma,9.96,573.34,320.17,727.76,330.13,320.17,265.15,573.34,114.13,"capture, Replay and MITM attack"
19,0,0,0,0,11,5,/SQEGFV+URWPalladioL-Roma,9.96,87.68,314.19,488.38,324.15,314.19,271.12,87.68,353.51,"[120] N + P Encryption/Asymmetric  curve function, and  2 C/H I"
19,0,0,0,0,7,5,/SQEGFV+URWPalladioL-Roma,9.96,227.77,308.21,785.89,318.17,308.21,277.1,227.77,56.0,using ECC Attribute-based access control should be
19,0,0,0,0,12,5,/SQEGFV+URWPalladioL-Roma,9.96,571.84,267.34,772.59,306.22,267.34,289.06,571.84,69.3,discussed in detailed manner. +Performance measurement is considered. +Resistance to MITM attack.
19,0,0,0,0,7,5,/SQEGFV+URWPalladioL-Roma,9.96,87.68,261.37,276.97,271.33,261.37,323.95,87.68,564.92,[113] A + N + P Encryption/Asymmetric
19,0,0,0,0,14,5,/SQEGFV+URWPalladioL-Roma,9.96,207.03,255.39,736.08,265.35,255.39,329.92,207.03,105.81,using RSA and ECC x/DTLS 2 C/F I  DoS and Replay attacks are not
19,0,0,0,0,8,5,/SQEGFV+URWPalladioL-Roma,9.96,573.34,214.52,767.61,253.4,214.52,341.88,573.34,74.28,considered. +Resistance to malicious users and DoS attacks.
19,0,0,0,0,18,5,/SQEGFV+URWPalladioL-Roma,9.96,87.68,202.57,790.87,212.53,202.57,382.75,87.68,51.02,[114] A + N + P Encryption/Asymmetric  (Identity) 2 D/F I  Not Efﬁcient regarding the storage of the
19,0,0,0,0,3,5,/SQEGFV+URWPalladioL-Roma,9.96,227.77,196.17,272.6,206.55,196.17,388.72,227.77,569.29,using ECC ✓
19,0,0,0,0,12,5,/SQEGFV+URWPalladioL-Roma,9.96,573.34,149.75,772.59,200.57,149.75,394.7,573.34,69.3,certiﬁcate. Vulnerable to node capturing attack +Resistance to Impersonation and Replay attacks
19,0,0,0,0,8,5,/SQEGFV+URWPalladioL-Roma,9.96,84.3,143.35,430.39,153.73,143.35,441.54,84.3,411.5,"[65,66] A N/A ✓ (OAuth2.0) 1 C/H I"
19,0,0,0,0,6,5,/SQEGFV+URWPalladioL-Roma,9.96,573.04,125.84,746.04,147.75,125.84,447.52,573.04,95.85,No performance analysis is done. provided
20,0,0,0,0,8,7,/QIFGYI+URWPalladioL-Ital,7.97,76.31,524.33,190.78,532.3,524.33,62.98,76.31,651.11,"Sensors 2019 , 19, 1141 20 of 43"
20,0,0,0,0,4,6,/PEZHUJ+URWPalladioL-Bold,8.97,393.63,489.45,450.21,498.42,489.45,96.86,393.63,391.68,Table 2. Cont .
20,1,0,0,0,7,5,/PEZHUJ+URWPalladioL-Bold,9.96,87.96,448.32,690.06,458.7,448.32,136.57,87.96,151.83,Ref# IoT Layer Identity Context   − )
20,1,0,0,0,7,5,/PEZHUJ+URWPalladioL-Bold,9.96,225.08,442.76,533.92,452.73,442.76,142.55,225.08,307.97,Credentials Token Based? Proc. Arch. HW. Strength(+)/Weakness(
20,0,0,0,0,5,5,/SQEGFV+URWPalladioL-Roma,9.96,573.34,425.81,742.7,435.77,425.81,159.5,573.34,99.19,+Two separate servers for storing
20,0,0,0,0,7,5,/SQEGFV+URWPalladioL-Roma,9.96,191.46,413.85,762.63,423.82,413.85,171.46,191.46,79.26,"Encryption: registered user  cryptography and authentication data,"
20,0,0,0,0,3,5,/SQEGFV+URWPalladioL-Roma,9.96,327.09,407.88,396.83,417.84,407.88,177.44,327.09,445.06,x (username +
20,0,0,0,0,12,5,/SQEGFV+URWPalladioL-Roma,9.96,87.68,401.9,771.09,411.86,401.9,183.41,87.68,70.8,"[141] A  with AES and non-registered  +Resistance to brute force, timing, and"
20,0,0,0,0,4,5,/SQEGFV+URWPalladioL-Roma,9.96,326.79,395.92,416.46,405.88,395.92,189.39,326.79,425.43,password) 1 C/F I
20,0,0,0,0,4,5,/SQEGFV+URWPalladioL-Roma,9.96,191.07,389.94,593.26,399.91,389.94,195.37,191.07,248.63,users using Difﬁe–Hellman  MITM
20,0,0,0,0,11,5,/SQEGFV+URWPalladioL-Roma,9.96,573.34,361.03,797.5,387.95,361.03,207.32,573.34,44.39,"No performance analysis is done. +Resistance to split attacks (i.e., swapping"
20,0,0,0,0,13,5,/SQEGFV+URWPalladioL-Roma,9.96,90.17,349.08,772.59,359.04,349.08,236.24,90.17,69.3,"[82] P Encryption/Symmetric using   2 C/H I  tags, separating tag from product, etc.)"
20,0,0,0,1,2,5,/SQEGFV+URWPalladioL-Roma,9.96,241.63,342.68,256.57,353.06,342.68,242.21,241.63,585.32,AES ✓
20,0,0,0,0,13,5,/SQEGFV+URWPalladioL-Roma,9.96,573.34,320.17,785.89,347.08,320.17,248.19,573.34,56.0,"No analysis is done for location privacy. +Resistance to MITM, replay, DoS, and"
20,0,0,0,0,10,5,/SQEGFV+URWPalladioL-Roma,9.96,87.68,307.79,682.93,318.17,307.79,277.1,87.68,158.96,[162] A No Encryption/Hash ✓  1 D/F I  Eavesdropping attacks.
20,0,0,0,0,5,5,/SQEGFV+URWPalladioL-Roma,9.96,581.66,296.26,721.13,306.22,296.26,289.06,581.66,120.76,Storage cost is not efﬁcient
20,0,0,0,0,5,5,/SQEGFV+URWPalladioL-Roma,9.96,327.09,273.32,476.78,283.29,273.32,311.99,327.09,365.11,x (User name +  Multiple
20,0,0,0,0,5,5,/SQEGFV+URWPalladioL-Roma,9.96,87.68,267.34,328.82,277.31,267.34,317.97,87.68,513.07,[140] A  credentials using physical
20,0,0,0,0,13,5,/SQEGFV+URWPalladioL-Roma,9.96,326.79,261.37,721.13,271.33,261.37,323.95,326.79,120.76,password)  authentication D/ H I +Resistance to replay attackDoS attack is not considered
20,0,0,0,0,15,5,/SQEGFV+URWPalladioL-Roma,9.96,571.84,214.52,772.59,248.4,214.52,346.88,571.84,69.3,+ Second-tier authentication is done at client side. + Resistance to attacks from inside the
20,0,0,0,0,11,5,/SQEGFV+URWPalladioL-Roma,9.96,87.68,208.55,460.28,218.51,208.55,376.77,87.68,381.61,(User Identity) 2 D/ F E [142] A No Encryption/Hash 256
20,0,0,0,0,6,5,/SQEGFV+URWPalladioL-Roma,9.96,198.01,202.15,608.21,212.53,202.15,382.75,198.01,233.68,bits + context bio-metric ✓ system.
20,0,0,0,0,16,5,/SQEGFV+URWPalladioL-Roma,9.96,573.34,161.7,785.89,200.57,161.7,394.7,573.34,56.0,No ability to change credentials in both the tiers. + Resistance to MITM and DoS attacks.
20,0,0,0,0,14,5,/SQEGFV+URWPalladioL-Roma,9.96,87.68,149.75,770.95,159.71,149.75,435.57,87.68,70.94,[121] A Encryption/Asymmetric  (UserId) 2 D/ F I  User must be authenticated many times
20,0,0,0,0,3,5,/SQEGFV+URWPalladioL-Roma,9.96,227.77,143.35,272.6,153.73,143.35,441.54,227.77,569.29,using ECC ✓
20,0,0,0,0,3,5,/SQEGFV+URWPalladioL-Roma,9.96,573.34,137.79,712.82,147.75,137.79,447.52,573.34,129.07,in Multi-server environment.
21,0,0,0,0,8,7,/QIFGYI+URWPalladioL-Ital,7.97,76.31,524.33,190.78,532.3,524.33,62.98,76.31,651.11,"Sensors 2019 , 19, 1141 21 of 43"
21,1,0,0,0,3,6,/PEZHUJ+URWPalladioL-Bold,8.97,393.63,489.45,429.49,498.42,489.45,96.86,393.63,412.4,Table 2. Cont.
21,1,0,0,0,7,5,/PEZHUJ+URWPalladioL-Bold,9.96,87.96,448.32,690.06,458.7,448.32,136.57,87.96,151.83,Ref# IoT Layer Identity Context   − )
21,1,0,0,0,7,5,/PEZHUJ+URWPalladioL-Bold,9.96,225.08,442.76,533.92,452.73,442.76,142.55,225.08,307.97,Credentials Token Based? Proc. Arch. HW. Strength(+)/Weakness(
21,0,0,0,0,12,5,/SQEGFV+URWPalladioL-Roma,9.96,571.83,413.85,767.61,435.77,413.85,159.5,571.83,74.28,+ Filtering of the messages at gateway + Privacy preservation is considered
21,0,0,0,0,13,5,/SQEGFV+URWPalladioL-Roma,9.96,90.17,401.9,791.01,411.86,401.9,183.41,90.17,50.88,"[79] A Encryption /RSA + Hash  +Resistance to Brute force, DoS, and Replay"
21,0,0,0,0,7,5,/SQEGFV+URWPalladioL-Roma,9.96,222.49,395.92,327.09,405.88,395.92,189.39,222.49,514.8,SHA or MD5 x 2 C/H I
21,0,0,0,0,10,5,/SQEGFV+URWPalladioL-Roma,9.96,573.34,361.03,772.59,399.91,361.03,195.37,573.34,69.3,"attacks DDoS is not considered. +Resistance to Modiﬁcation, Replay, and"
21,0,0,0,0,16,5,/SQEGFV+URWPalladioL-Roma,9.96,90.17,349.08,692.89,359.04,349.08,236.24,90.17,149.0,[77] A + N Encryption /RSA + AES x 2 D/ F I  Message analysis attacks
21,0,0,0,0,15,5,/SQEGFV+URWPalladioL-Roma,9.96,573.34,308.21,765.97,347.08,308.21,248.19,573.34,75.92,"No analysis done for location privacy +Resistance to Replay, Impersonation, Spooﬁng, and Gateway attacks ."
21,0,0,0,0,11,5,/SQEGFV+URWPalladioL-Roma,9.96,87.68,302.23,395.52,312.2,302.23,283.08,87.68,446.37,[111] A + N Encryption/Symmetric +  + x 2 C/F I
21,0,0,0,0,8,5,/SQEGFV+URWPalladioL-Roma,9.96,232.59,295.84,775.93,306.22,295.84,289.06,232.59,65.96,Hashing ✓ Blackhole and Wormhole attacks are not
21,0,0,0,0,7,5,/SQEGFV+URWPalladioL-Roma,9.96,573.34,267.34,742.7,294.26,267.34,301.01,573.34,99.19,studied +Resistance to MITM and DoS attack
21,0,0,0,0,18,5,/SQEGFV+URWPalladioL-Roma,9.96,87.68,254.97,765.97,265.35,254.97,329.92,87.68,75.92,[135] A + N + P Encryption/Symmetric ✓ (Identity) 2 C/F I  Identity and Location privacy is not
21,0,0,0,0,8,5,/SQEGFV+URWPalladioL-Roma,9.96,573.34,214.52,787.53,253.4,214.52,341.88,573.34,54.36,"considered +Resistance to redirection, malicious,Dos, and MITM attacks."
21,0,0,0,0,17,5,/SQEGFV+URWPalladioL-Roma,9.96,87.68,202.57,765.97,212.53,202.57,382.75,87.68,75.92,[130] A + N + P Encryption/Asymmetric  (Identity) 3 C/F I  Location and Identity privacy is not
21,0,0,0,0,3,5,/SQEGFV+URWPalladioL-Roma,9.96,227.77,196.17,272.6,206.55,196.17,388.72,227.77,569.29,using ECC ✓
21,0,0,0,0,16,5,/SQEGFV+URWPalladioL-Roma,9.96,573.34,161.7,772.59,200.57,161.7,394.7,573.34,69.3,analyzed and can not authenticate group of machines at the same time +Location privacy is analyzed
21,0,0,0,0,14,5,/SQEGFV+URWPalladioL-Roma,9.96,87.68,149.33,756.14,159.71,149.33,435.57,87.68,85.75,[129] N + P Encryption/Asymmetric ✓ (Identity) 2 C/F I  +Low communication and computational
22,0,0,0,0,8,7,/QIFGYI+URWPalladioL-Ital,7.97,76.31,524.33,190.78,532.3,524.33,62.98,76.31,651.11,"Sensors 2019 , 19, 1141 22 of 43"
22,1,0,0,0,3,6,/PEZHUJ+URWPalladioL-Bold,8.97,393.63,489.45,429.49,498.42,489.45,96.86,393.63,412.4,Table 2. Cont.
22,1,0,0,0,14,5,/PEZHUJ+URWPalladioL-Bold,9.96,90.79,454.3,682.97,464.68,454.3,130.59,90.79,158.92,Ref# IoT Layer Identity Context Credentials Token Based? Proc. Arch. HW. Strength(+)/Weakness( − )
22,0,0,0,0,10,5,/SQEGFV+URWPalladioL-Roma,9.96,566.25,425.71,775.47,447.63,425.71,147.65,566.25,66.42,+Group of end devices is authenticated at the same time
22,0,0,0,0,16,5,/SQEGFV+URWPalladioL-Roma,9.96,90.52,413.75,763.86,423.72,413.75,171.56,90.52,78.03,[131] N + P Encryption/Asymmetric using  (Identity) 2 C/F I  Location and Identity privacy are not
22,0,0,0,0,4,5,/SQEGFV+URWPalladioL-Roma,9.96,231.15,407.36,295.91,417.74,407.36,177.54,231.15,545.98,ECC + Hashing ✓
22,0,0,0,0,15,5,/SQEGFV+URWPalladioL-Roma,9.96,566.25,372.89,765.51,411.76,372.89,183.51,566.25,76.38,analyzed and resistance to attacks are not studied +Low error rate and resistance to audio
22,0,0,0,0,9,5,/SQEGFV+URWPalladioL-Roma,9.96,357.0,360.93,770.49,370.89,360.93,224.38,357.0,71.4,"(audio samples as  replay, changing distance, and same type"
22,0,0,0,1,6,5,/SQEGFV+URWPalladioL-Roma,9.96,90.52,354.54,165.24,364.92,354.54,230.36,90.52,676.65,[136] N + P N/A ✓
22,0,0,0,0,7,5,/SQEGFV+URWPalladioL-Roma,9.96,348.35,348.98,640.97,358.94,348.98,236.34,348.35,200.92,an identity) 2 D/H I  device attacks.
22,0,0,0,0,5,5,/SQEGFV+URWPalladioL-Roma,9.96,574.57,337.02,733.97,346.99,337.02,248.29,574.57,107.92,Location privacy is not analyzed
22,0,0,0,0,8,5,/SQEGFV+URWPalladioL-Roma,9.96,90.52,308.11,335.08,318.07,308.11,277.2,90.52,506.81,[115] N + P  Hashing + Asymmetric using
22,0,0,0,0,13,5,/SQEGFV+URWPalladioL-Roma,9.96,348.35,302.13,758.88,312.1,302.13,283.18,348.35,83.01,function) 2 C/F I +Privacy preservation is consideredThreat and attacks are not considered
22,0,0,0,1,1,5,/SQEGFV+URWPalladioL-Roma,9.96,255.42,296.16,270.37,306.12,296.16,289.16,255.42,571.52,ECC
22,0,0,0,0,5,5,/SQEGFV+URWPalladioL-Roma,9.96,566.25,279.2,785.43,289.16,279.2,306.11,566.25,56.46,"+Resistance to guessing, impersonation, and"
22,0,0,0,0,15,5,/SQEGFV+URWPalladioL-Roma,9.96,90.52,267.24,635.99,277.21,267.24,318.07,90.52,205.9,[104] A + N + P Encryption/Symmetric(AES) +  (user Identity) 2 C/F I  replay attacks
22,0,0,0,0,5,5,/SQEGFV+URWPalladioL-Roma,9.96,574.57,255.29,763.86,265.25,255.29,330.02,574.57,78.03,Privacy preservation is not considered
22,0,0,0,0,15,5,/SQEGFV+URWPalladioL-Roma,9.96,207.29,226.38,755.54,248.3,226.38,346.98,207.29,86.35,"Encryption/Symmetric +  +Resistance to DoS and impersonation, considers data integrity and ensures Asymmetric using Hybrid"
22,0,0,0,0,9,5,/SQEGFV+URWPalladioL-Roma,9.96,90.52,220.4,476.56,230.36,220.4,364.91,90.52,365.33,[128] N + P  (user Identity) 2 C/F I
22,0,0,0,0,4,5,/SQEGFV+URWPalladioL-Roma,9.96,195.29,214.42,626.03,224.39,214.42,370.89,195.29,215.86,user privacyLinear Combination Encryption
22,0,0,0,0,5,5,/SQEGFV+URWPalladioL-Roma,9.96,248.29,202.47,738.95,212.43,202.47,382.84,248.29,102.94,Location privacy is not analyzed.(HLCE)
22,0,0,0,0,6,5,/SQEGFV+URWPalladioL-Roma,9.96,566.25,185.51,780.45,195.47,185.51,399.8,566.25,61.44,+Improve security without adding any extra
22,0,0,0,0,10,5,/SQEGFV+URWPalladioL-Roma,9.96,90.52,173.14,606.1,183.52,173.14,411.76,90.52,235.79,[132] P N/A ✓ (writing process) 2 C/H I  hardware
22,0,0,0,0,8,5,/SQEGFV+URWPalladioL-Roma,9.96,574.57,161.6,793.75,171.56,161.6,423.71,574.57,48.14,No analysis for threats and attacks is done.
23,0,0,0,0,8,7,/QIFGYI+URWPalladioL-Ital,7.97,76.31,524.33,190.78,532.3,524.33,62.98,76.31,651.11,"Sensors 2019 , 19, 1141 23 of 43"
23,1,0,0,0,3,6,/PEZHUJ+URWPalladioL-Bold,8.97,393.63,489.45,429.49,498.42,489.45,96.86,393.63,412.4,Table 2. Cont.
23,1,0,0,0,14,5,/PEZHUJ+URWPalladioL-Bold,9.96,96.46,454.3,688.64,464.68,454.3,130.59,96.46,153.25,Ref# IoT Layer Identity Context Credentials Token Based? Proc. Arch. HW. Strength(+)/Weakness( − )
23,0,0,0,0,8,5,/SQEGFV+URWPalladioL-Roma,9.96,570.42,425.71,734.8,447.63,425.71,147.65,570.42,107.09,+Less location update. +Uses asymmetric links in VANET.
23,0,0,0,0,19,5,/SQEGFV+URWPalladioL-Roma,9.96,96.19,413.34,734.8,423.72,413.34,171.56,96.19,107.09,"[102] A + N + P Encryption/Symmetric ✓ (user Identity) 2 D /H I  +Resistance to MITM, replay, and"
23,0,0,0,0,15,5,/SQEGFV+URWPalladioL-Roma,9.96,570.42,360.93,729.82,411.76,360.93,183.51,570.42,112.07,DoS attacks Privacy is not analyzed +Computation cost is efﬁcient. +Resistance to the replay attack
23,0,0,0,0,6,5,/SQEGFV+URWPalladioL-Roma,9.96,92.45,354.96,276.76,364.92,354.96,230.36,92.45,565.13,"[98,99] N + P Encryption/Symmetric +"
23,0,0,0,0,13,5,/SQEGFV+URWPalladioL-Roma,9.96,219.54,348.98,714.74,358.94,348.98,236.34,219.54,127.15,Asymmetric + Hashing x 3 D/H I  No analysis is done to the
23,0,0,0,0,10,5,/SQEGFV+URWPalladioL-Roma,9.96,571.62,308.11,741.29,346.99,308.11,248.29,571.62,100.6,communication overhead +Resistance to DoS attacks and to packet loss
23,0,0,0,0,9,5,/SQEGFV+URWPalladioL-Roma,9.96,98.68,296.16,739.78,306.12,296.16,289.16,98.68,102.11,[92] N + P Encryption/Symmetric+  +Computation and storage overhead
23,0,0,0,0,5,5,/SQEGFV+URWPalladioL-Roma,9.96,252.44,290.18,342.1,300.14,290.18,295.13,252.44,499.79,Hashing x 2 C/F I
23,0,0,0,0,15,5,/SQEGFV+URWPalladioL-Roma,9.96,571.62,243.33,769.53,294.16,243.33,301.11,571.62,72.36,are low Privacy preservation is not considered +Resistance to DoS attacks and to packet loss
23,0,0,0,0,9,5,/SQEGFV+URWPalladioL-Roma,9.96,98.68,231.38,739.78,241.34,231.38,353.93,98.68,102.11,[93] N + P Encryption/Symmetric+  +Computation and storage overhead
23,0,0,0,0,5,5,/SQEGFV+URWPalladioL-Roma,9.96,252.44,225.4,342.1,235.36,225.4,359.91,252.44,499.79,Hashing x 2 C/F I
23,0,0,0,0,30,5,/SQEGFV+URWPalladioL-Roma,9.96,571.92,166.6,786.12,229.39,166.6,365.89,571.92,55.77,are low. Privacy preservation is not considered +Error rate is considered and analyzed The size of the cover image should be greater than or equal the size of the text
23,0,0,0,0,10,5,/SQEGFV+URWPalladioL-Roma,9.96,96.19,160.63,472.26,170.59,160.63,424.69,96.19,369.63,[101] N + P Encryption/Asymmetric  (cover image) 2 C/H I
23,0,0,0,0,8,5,/SQEGFV+URWPalladioL-Roma,9.96,247.62,154.23,756.23,164.61,154.23,430.67,247.62,85.66,"message. Otherwise, the text message using ECC ✓"
23,0,0,0,0,8,5,/SQEGFV+URWPalladioL-Roma,9.96,571.5,130.74,749.6,152.66,130.74,442.62,571.5,92.29,will be truncated Attack analysis is not considered.
24,0,0,0,0,8,7,/QIFGYI+URWPalladioL-Ital,7.97,76.31,524.33,190.78,532.3,524.33,62.98,76.31,651.11,"Sensors 2019 , 19, 1141 24 of 43"
24,1,0,0,0,3,6,/PEZHUJ+URWPalladioL-Bold,8.97,393.63,489.45,429.49,498.42,489.45,96.86,393.63,412.4,Table 2. Cont.
24,1,0,0,0,14,5,/PEZHUJ+URWPalladioL-Bold,9.96,96.46,454.3,688.64,464.68,454.3,130.59,96.46,153.25,Ref# IoT Layer Identity Context Credentials Token Based? Proc. Arch. HW. Strength(+)/Weakness( − )
24,0,0,0,0,10,5,/SQEGFV+URWPalladioL-Roma,9.96,571.92,413.75,751.25,447.63,413.75,147.65,571.92,90.64,"+Resistance to replay, DDoS attacks and improve conﬁdentiality and non-repudiation."
24,0,0,0,0,9,5,/SQEGFV+URWPalladioL-Roma,9.96,98.68,401.8,724.84,411.76,401.8,183.51,98.68,117.05,[94] N + P Encryption/Symmetric +  +Computation and communication
24,0,0,0,0,7,5,/SQEGFV+URWPalladioL-Roma,9.96,219.54,395.82,428.74,405.78,395.82,189.49,219.54,413.15,Asymmetric + Hashing cards) 2 C/H E
24,0,0,0,0,30,5,/SQEGFV+URWPalladioL-Roma,9.96,570.42,325.07,776.16,399.81,325.07,195.47,570.42,65.73,"overhead is low +Location privacy is considered Identity privacy is not considered +No rely on third parties for shared key management, instead a DH based key exchange mechanism is used."
24,0,0,0,0,11,5,/SQEGFV+URWPalladioL-Roma,9.96,98.68,319.09,487.21,329.05,319.09,266.22,98.68,354.68,[95] N + P Encryption/Symmetric(AES) +  (transaction ID) 2 C/H I
24,0,0,0,0,7,5,/SQEGFV+URWPalladioL-Roma,9.96,209.47,312.69,734.8,323.07,312.69,272.2,209.47,107.09,Asymmetric (DH)+Hashing ✓ +Resistance to impersonation and
24,0,0,0,0,15,5,/SQEGFV+URWPalladioL-Roma,9.96,571.85,260.29,781.06,311.12,260.29,284.16,571.85,60.83,"MITM attacks. Identity privacy is not considered +Provides a node, message authentication, and privacy protection."
24,0,0,0,0,9,5,/SQEGFV+URWPalladioL-Roma,9.96,98.68,248.34,724.84,258.3,248.34,336.98,98.68,117.05,[96] N + P Encryption/Symmetric +  +Computation and communication
24,0,0,0,0,5,5,/SQEGFV+URWPalladioL-Roma,9.96,222.03,242.36,433.39,252.32,242.36,342.96,222.03,408.5,(PsID)) 2 C/H I Asymmetric+Hashing
24,0,0,0,0,14,5,/SQEGFV+URWPalladioL-Roma,9.96,571.92,195.51,749.6,246.34,195.51,348.93,571.92,92.29,overhead is studied. Identity privacy is not considered +Security and privacy analysis is considered
24,0,0,0,0,9,5,/SQEGFV+URWPalladioL-Roma,9.96,98.68,183.56,724.84,193.52,183.56,401.75,98.68,117.05,[97] N + P Encryption/Symmetric(AES) +  +Computation and communication
24,0,0,0,0,6,5,/SQEGFV+URWPalladioL-Roma,9.96,200.55,177.58,433.39,187.54,177.58,407.73,200.55,408.5,(PsID)) 2 C/F I Asymmetric(ECDSA) +Hashing
24,0,0,0,0,8,5,/SQEGFV+URWPalladioL-Roma,9.96,571.92,159.65,749.6,181.57,159.65,413.71,571.92,92.29,overhead is considered Identity privacy is not considered
25,0,0,0,0,8,7,/QIFGYI+URWPalladioL-Ital,7.97,76.31,524.33,190.78,532.3,524.33,62.98,76.31,651.11,"Sensors 2019 , 19, 1141 25 of 43"
25,1,0,0,0,3,6,/PEZHUJ+URWPalladioL-Bold,8.97,393.63,489.45,429.49,498.42,489.45,96.86,393.63,412.4,Table 2. Cont.
25,1,0,0,0,14,5,/PEZHUJ+URWPalladioL-Bold,9.96,90.79,454.3,682.97,464.68,454.3,130.59,90.79,158.92,Ref# IoT Layer Identity Context Credentials Token Based? Proc. Arch. HW. Strength(+)/Weakness( − )
25,0,0,0,0,6,5,/SQEGFV+URWPalladioL-Roma,9.96,566.25,437.66,785.43,447.63,437.66,147.65,566.25,56.46,"+Resistance to DoS, Replay,Sybil, and False"
25,0,0,0,0,3,5,/SQEGFV+URWPalladioL-Roma,9.96,357.0,425.71,650.94,435.67,425.71,159.6,357.0,190.95,(pseudo-identity  message attacks.
25,0,0,0,0,6,5,/SQEGFV+URWPalladioL-Roma,9.96,93.01,419.73,267.35,429.69,419.73,165.58,93.01,574.54,[90] N + P Encryption/Asymmetric +
25,0,0,0,0,7,5,/SQEGFV+URWPalladioL-Roma,9.96,246.77,413.75,719.17,423.72,413.75,171.56,246.77,122.72,Hashing +Consider privacy preservation.(PsID)) 2 C/F I
25,0,0,0,0,10,5,/SQEGFV+URWPalladioL-Roma,9.96,566.25,384.84,775.47,411.76,384.84,183.51,566.25,66.42,"Non-repudiation attack is not considered +Resistance to Movement tracking, Replay,"
25,0,0,0,0,14,5,/SQEGFV+URWPalladioL-Roma,9.96,93.01,372.89,725.65,382.85,372.89,212.43,93.01,116.24,[91] N + P Encryption/symmetric +  (identity) 2 C/H I  and Message modiﬁcation attacks.
25,0,0,0,0,9,5,/SQEGFV+URWPalladioL-Roma,9.96,566.25,343.98,743.94,370.9,343.98,224.38,566.25,97.95,Location privacy is not considered +Resistance to Impersonation and
25,0,0,0,0,8,5,/SQEGFV+URWPalladioL-Roma,9.96,90.52,332.02,631.01,341.98,332.02,253.29,90.52,210.88,[100] N + P Encryption/Symmetric +  MITM attacks.
25,0,0,0,0,7,5,/SQEGFV+URWPalladioL-Roma,9.96,213.87,326.04,393.2,336.01,326.04,259.27,213.87,448.69,Asymmetric + Hashing No/TLS 2 C/F I
25,0,0,0,0,13,5,/SQEGFV+URWPalladioL-Roma,9.96,566.25,291.16,795.39,330.03,291.16,265.25,566.25,46.5,Privacy is not considered +Resistance to Substitution attack (a kind of MITM attack).
25,0,0,0,0,6,5,/SQEGFV+URWPalladioL-Roma,9.96,93.01,285.18,262.37,295.14,285.18,300.14,93.01,579.52,[89] N + P Encryption/Symmetric +
25,0,0,0,0,13,5,/SQEGFV+URWPalladioL-Roma,9.96,213.87,279.2,753.9,289.16,279.2,306.11,213.87,87.99,Asymmetric + Hashing x 2 C/F I  No evaluation for message delay and
25,0,0,0,0,19,5,/SQEGFV+URWPalladioL-Roma,9.96,564.75,214.42,759.02,277.21,214.42,318.07,564.75,82.87,veriﬁcation delay +Efﬁcient use of one-way hash +Resistance to message forging attacks +Reduce the storage Increase the computation overhead
25,0,0,0,0,14,5,/SQEGFV+URWPalladioL-Roma,9.96,93.01,202.47,760.52,212.43,202.47,382.84,93.01,81.37,[80] A + N + P Encryption/Asymmetric +  although it is balanced between sender
25,0,0,0,0,5,5,/SQEGFV+URWPalladioL-Roma,9.96,246.77,196.49,336.43,206.45,196.49,388.82,246.77,505.46,Hashing x 2 C/F I
25,0,0,0,0,12,5,/SQEGFV+URWPalladioL-Roma,9.96,566.25,154.65,738.95,200.48,154.65,394.8,566.25,102.94,and receiver Privacy is not considered. Integrity and Conﬁdentiality are not considered.
26,0,0,0,0,8,7,/QIFGYI+URWPalladioL-Ital,7.97,76.31,524.33,190.78,532.3,524.33,62.98,76.31,651.11,"Sensors 2019 , 19, 1141 26 of 43"
26,1,0,0,0,3,6,/PEZHUJ+URWPalladioL-Bold,8.97,393.63,489.45,429.49,498.42,489.45,96.86,393.63,412.4,Table 2. Cont.
26,1,0,0,0,14,5,/PEZHUJ+URWPalladioL-Bold,9.96,96.46,454.3,688.64,464.68,454.3,130.59,96.46,153.25,Ref# IoT Layer Identity Context Credentials Token Based? Proc. Arch. HW. Strength(+)/Weakness( − )
26,0,0,0,0,12,5,/SQEGFV+URWPalladioL-Roma,9.96,571.92,413.75,766.19,447.63,413.75,147.65,571.92,75.7,Increase the computation overhead although it is balanced between sender and receiver
26,0,0,0,0,10,5,/SQEGFV+URWPalladioL-Roma,9.96,98.68,401.8,679.87,411.76,401.8,183.51,98.68,162.02,[78] N + P Encryption/Asymmetric +  Storage cost is high
26,0,0,0,0,5,5,/SQEGFV+URWPalladioL-Roma,9.96,252.44,395.82,337.12,405.78,395.82,189.49,252.44,504.77,Hashing x 2 C/F I
26,0,0,0,0,31,5,/SQEGFV+URWPalladioL-Roma,9.96,571.64,325.07,771.17,399.81,325.07,195.47,571.64,70.72,"The distribution of the public key via secure channel is done before the complete consumption of the hash chains. +Resistance to Message modiﬁcation attacks, Replay, Message analysis, and message injection attacks."
26,0,0,0,0,11,5,/SQEGFV+URWPalladioL-Roma,9.96,98.68,313.11,759.71,323.07,313.11,272.2,98.68,82.18,[70] N + P Encryption/Symmetric +  +Efﬁcient with respect to computation
26,0,0,0,0,7,5,/SQEGFV+URWPalladioL-Roma,9.96,219.54,307.13,373.96,317.1,307.13,278.18,219.54,467.93,Asymmetric + Hashing x 2 C/F I
26,0,0,0,0,17,5,/SQEGFV+URWPalladioL-Roma,9.96,571.92,248.34,751.25,311.12,248.34,284.16,571.92,90.64,and communication overhead. Most of the routing attacks are not considered. +Computation and communication cost is efﬁcient
26,0,0,0,0,9,5,/SQEGFV+URWPalladioL-Roma,9.96,98.68,236.38,719.86,246.34,236.38,348.93,98.68,122.03,[71] N + P Encryption/Asymmetric +  +Fault tolerance Architecture.
26,0,0,0,0,5,5,/SQEGFV+URWPalladioL-Roma,9.96,252.44,230.4,342.1,240.36,230.4,354.91,252.44,499.79,Hashing x 2 C/F I
26,0,0,0,0,20,5,/SQEGFV+URWPalladioL-Roma,9.96,570.42,171.6,761.21,234.39,171.6,360.89,570.42,80.68,"Attacks and threats analysis is not considered. +Resistance to DoS, MITM, Brute force and Replay attacks + Secure key management."
26,0,0,0,0,15,5,/SQEGFV+URWPalladioL-Roma,9.96,98.68,159.65,749.74,169.61,159.65,425.66,98.68,92.15,[72] N + P Encryption/Asymmetric +  (Node ID) 3 C/F I  +Computation and communication cost
26,0,0,0,0,8,5,/SQEGFV+URWPalladioL-Roma,9.96,571.92,123.78,744.62,157.66,123.78,437.62,571.92,97.27,is efﬁcient. Conﬁdentiality and Integrity are not considered
27,0,0,0,0,8,7,/QIFGYI+URWPalladioL-Ital,7.97,76.31,524.33,190.78,532.3,524.33,62.98,76.31,651.11,"Sensors 2019 , 19, 1141 27 of 43"
27,1,0,0,0,3,6,/PEZHUJ+URWPalladioL-Bold,8.97,393.63,489.45,429.49,498.42,489.45,96.86,393.63,412.4,Table 2. Cont.
27,1,0,0,0,7,5,/PEZHUJ+URWPalladioL-Bold,9.96,87.96,448.32,690.06,458.7,448.32,136.57,87.96,151.83,Ref# IoT Layer Identity Context   − )
27,1,0,0,0,7,5,/PEZHUJ+URWPalladioL-Bold,9.96,225.08,442.76,533.92,452.73,442.76,142.55,225.08,307.97,Credentials Token Based? Proc. Arch. HW. Strength(+)/Weakness(
27,0,0,0,0,11,5,/SQEGFV+URWPalladioL-Roma,9.96,571.83,413.85,787.53,435.77,413.85,159.5,571.83,54.36,+Efﬁcient with respect to the success rate +Identity privacy is considered
27,0,0,0,0,13,5,/SQEGFV+URWPalladioL-Roma,9.96,90.17,401.9,691.39,411.86,401.9,183.41,90.17,150.5,+Message overhead is low[73] N + P Encryption/Asymmetric + (Identity) 2 C/F I
27,0,0,0,0,17,5,/SQEGFV+URWPalladioL-Roma,9.96,573.34,349.08,762.63,399.91,349.08,195.37,573.34,79.26,"Routing attacks are not considered Storage cost is not considered +Resistance to Replay, collision, and chosen-plain-text attacks."
27,0,0,0,0,6,5,/SQEGFV+URWPalladioL-Roma,9.96,90.17,343.1,259.54,353.06,343.1,242.21,90.17,582.35,[74] N + P Encryption/symmetric +
27,0,0,0,0,13,5,/SQEGFV+URWPalladioL-Roma,9.96,199.7,337.12,765.97,347.08,337.12,248.19,199.7,75.92,Asymmetric + Hashing x 2 C/F I  Location and Identity privacy is not
27,0,0,0,0,7,5,/SQEGFV+URWPalladioL-Roma,9.96,573.34,308.21,792.52,335.13,308.21,260.15,573.34,49.37,"considered + Resistance to Impersonation, Brute force,"
27,0,0,0,0,8,5,/SQEGFV+URWPalladioL-Roma,9.96,335.74,296.26,722.78,306.22,296.26,289.06,335.74,119.11,"(Entity Id and  DoS, MITM, and Replay attacks"
27,0,0,0,0,6,5,/SQEGFV+URWPalladioL-Roma,9.96,90.17,290.28,264.52,300.24,290.28,295.03,90.17,577.37,[75] N + P Encryption/Asymmetric +
27,0,0,0,0,7,5,/SQEGFV+URWPalladioL-Roma,9.96,232.59,284.3,696.37,294.26,284.3,301.01,232.59,145.52,+Reducing management costHashingSerial number) 2 C/F I
27,0,0,0,0,13,5,/SQEGFV+URWPalladioL-Roma,9.96,571.83,243.43,731.24,282.31,243.43,312.97,571.83,110.65,Storage cost is not considered + User is anonymous +Identity privacy is considered
27,0,0,0,0,6,5,/SQEGFV+URWPalladioL-Roma,9.96,335.74,231.48,671.46,241.44,231.48,353.83,335.74,170.43,(Identity id and  +Secure session key
27,0,0,0,0,7,5,/SQEGFV+URWPalladioL-Roma,9.96,87.68,225.5,319.92,235.46,225.5,359.81,87.68,521.97,[116] N + P  Asymmetric(chaotic map) +
27,0,0,0,0,7,5,/SQEGFV+URWPalladioL-Roma,9.96,326.79,219.52,731.24,229.49,219.52,365.79,326.79,110.65,"password) 2 C/H I  +Computation, communication and"
27,0,0,0,0,19,5,/SQEGFV+URWPalladioL-Roma,9.96,573.34,154.75,742.7,217.53,154.75,377.74,573.34,99.19,"storage costs are considered Data integrity is not considered +Resistance to Password guessing, Impersonation, Forgery, and Known session-key attacks"
27,0,0,0,0,13,5,/SQEGFV+URWPalladioL-Roma,9.96,87.68,148.77,435.37,158.73,148.77,436.54,87.68,406.52,[117] A + N + P Encryption/symmetric +  (Identity) 2 D /H I
27,0,0,0,0,8,5,/SQEGFV+URWPalladioL-Roma,9.96,199.7,142.37,726.26,152.75,142.37,442.52,199.7,115.63,Asymmetric + Hashing ✓ +Computation cost is considered
27,0,0,0,0,8,5,/SQEGFV+URWPalladioL-Roma,9.96,573.34,118.88,756.0,140.8,118.88,454.48,573.34,85.89,Location privacy and communication cost are not considered
28,0,0,0,0,8,7,/QIFGYI+URWPalladioL-Ital,7.97,76.31,524.33,190.78,532.3,524.33,62.98,76.31,651.11,"Sensors 2019 , 19, 1141 28 of 43"
28,1,0,0,0,3,6,/PEZHUJ+URWPalladioL-Bold,8.97,393.63,489.45,429.49,498.42,489.45,96.86,393.63,412.4,Table 2. Cont.
28,1,0,0,0,7,5,/PEZHUJ+URWPalladioL-Bold,9.96,87.96,448.32,690.06,458.7,448.32,136.57,87.96,151.83,Ref# IoT Layer Identity Context   − )
28,1,0,0,0,7,5,/PEZHUJ+URWPalladioL-Bold,9.96,225.08,442.76,533.92,452.73,442.76,142.55,225.08,307.97,Credentials Token Based? Proc. Arch. HW. Strength(+)/Weakness(
28,0,0,0,0,14,5,/SQEGFV+URWPalladioL-Roma,9.96,573.34,401.9,780.91,435.77,401.9,159.5,573.34,60.98,"+Resistance to Stolen-Veriﬁer, Password guessing, and Impersonation attacks Sensor node impersonation attack is not"
28,0,0,0,0,3,5,/SQEGFV+URWPalladioL-Roma,9.96,335.74,395.92,420.43,405.88,395.92,189.39,335.74,421.46,(Identity id and
28,0,0,0,0,9,5,/SQEGFV+URWPalladioL-Roma,9.96,87.68,389.94,623.15,399.91,389.94,195.37,87.68,218.74,[123] A + N + P Encryption/symmetric +  considered
28,0,0,0,0,5,5,/SQEGFV+URWPalladioL-Roma,9.96,232.59,383.97,416.46,393.93,383.97,201.35,232.59,425.43,Hashing password) 2 C/F E
28,0,0,0,0,29,5,/SQEGFV+URWPalladioL-Roma,9.96,572.92,313.21,775.93,387.95,313.21,207.32,572.92,65.96,"Unsafe against user who have privilege within the system attack. No way of changing the password. +Resistance to Replay, Masquerading user, Masquerading gateway, Gateway secret guessing, Password guessing, and"
28,0,0,0,0,5,5,/SQEGFV+URWPalladioL-Roma,9.96,335.74,301.26,687.91,311.22,301.26,284.06,335.74,153.98,((smart card and  Stolen-Veriﬁer attacks
28,0,0,0,0,8,5,/SQEGFV+URWPalladioL-Roma,9.96,87.68,295.28,281.95,305.24,295.28,290.03,87.68,559.94,[122] A + N + P Encryption/symmetric +
28,0,0,0,0,10,5,/SQEGFV+URWPalladioL-Roma,9.96,232.59,289.3,766.11,299.26,289.3,296.01,232.59,75.78,Hashing password) 2 C/F E  +Computation and communication cost is
28,0,0,0,0,27,5,/SQEGFV+URWPalladioL-Roma,9.96,571.84,212.57,795.99,287.31,212.57,307.97,571.84,45.9,analyzed Unsafe against privileged insider and off-line password guessing attacks. +Resistance to node capture and key compromise impersonation attack. +Security is achieved even if the smart card
28,0,0,0,0,13,5,/SQEGFV+URWPalladioL-Roma,9.96,87.68,206.59,445.33,216.55,206.59,378.72,87.68,396.56,[118] A + N + P Encryption/symmetric +  (Identity Id) 2 C/F I
28,0,0,0,0,6,5,/SQEGFV+URWPalladioL-Roma,9.96,232.59,200.2,663.0,210.58,200.2,384.7,232.59,178.89,Hashing ✓ is stolen or lost.
28,0,0,0,0,21,5,/SQEGFV+URWPalladioL-Roma,9.96,573.34,147.79,777.57,198.62,147.79,396.65,573.34,64.32,Message delay and veriﬁcation delay is not considered. +Provided a discussion of machine learning attacks and how to deal with it.
28,0,0,0,0,7,5,/SQEGFV+URWPalladioL-Roma,9.96,87.68,141.82,197.27,151.78,141.82,443.5,87.68,644.62,[137] P N/A x 2 C/F I
28,0,0,0,0,9,5,/SQEGFV+URWPalladioL-Roma,9.96,573.34,123.88,770.95,145.8,123.88,449.48,573.34,70.94,Lack of dealing with the variation of environmental conditions
29,0,0,0,0,8,7,/QIFGYI+URWPalladioL-Ital,7.97,76.31,524.33,190.78,532.3,524.33,62.98,76.31,651.11,"Sensors 2019 , 19, 1141 29 of 43"
29,1,0,0,0,3,6,/PEZHUJ+URWPalladioL-Bold,8.97,393.63,489.45,429.49,498.42,489.45,96.86,393.63,412.4,Table 2. Cont.
29,1,0,0,0,7,5,/PEZHUJ+URWPalladioL-Bold,9.96,87.96,448.32,690.06,458.7,448.32,136.57,87.96,151.83,Ref# IoT Layer Identity Context   − )
29,1,0,0,0,7,5,/PEZHUJ+URWPalladioL-Bold,9.96,225.08,442.76,533.92,452.73,442.76,142.55,225.08,307.97,Credentials Token Based? Proc. Arch. HW. Strength(+)/Weakness(
29,0,0,0,0,6,5,/SQEGFV+URWPalladioL-Roma,9.96,573.34,425.81,767.61,435.77,425.81,159.5,573.34,74.28,+Resistance to MITM and compromising a
29,0,0,0,0,8,5,/SQEGFV+URWPalladioL-Roma,9.96,87.68,407.88,376.91,417.84,407.88,177.44,87.68,464.98,[103] P  Asymmetric(RSA or  x 2 C/F I
29,0,0,0,0,7,5,/SQEGFV+URWPalladioL-Roma,9.96,581.66,401.9,770.95,411.86,401.9,183.41,581.66,70.94,Lack of dealing with the variation of
29,0,0,0,0,6,5,/SQEGFV+URWPalladioL-Roma,9.96,573.34,372.99,772.59,399.91,372.99,195.37,573.34,69.3,environmental conditions +Resistance to machine-learning attacks
29,0,0,0,0,9,5,/SQEGFV+URWPalladioL-Roma,9.96,87.68,361.03,766.11,371.0,361.03,224.28,87.68,75.78,[138] P Encryption/symmetric +  +Deal with environmental variations by
29,0,0,0,0,5,5,/SQEGFV+URWPalladioL-Roma,9.96,202.19,355.05,346.65,365.02,355.05,230.26,202.19,495.24,Asymmetric+Hashing x 2 C/F I
29,0,0,0,0,17,5,/SQEGFV+URWPalladioL-Roma,9.96,573.34,320.17,772.59,359.04,320.17,236.24,573.34,69.3,"using error correction codes +Resistance to device cloning or copying An attacker could fake the user, then"
29,0,0,0,0,14,5,/SQEGFV+URWPalladioL-Roma,9.96,87.68,307.79,707.83,318.17,307.79,277.1,87.68,134.06,[146] P Hashing ✓ (User password) 2 C/F I  asking him for his password
29,0,0,0,0,22,5,/SQEGFV+URWPalladioL-Roma,9.96,571.84,243.43,780.91,306.22,243.43,289.06,571.84,60.98,Authentication is done between a server and end device only. +Computation cost is low +Impersonation and Physical attacks is taken into consideration.
29,0,0,0,0,8,5,/SQEGFV+URWPalladioL-Roma,9.96,87.68,231.48,767.73,241.44,231.48,353.83,87.68,74.16,[134] P Encryption/symmetric +   No consideration for machine-learning
29,0,0,0,0,7,5,/SQEGFV+URWPalladioL-Roma,9.96,232.59,225.5,466.57,235.46,225.5,359.81,232.59,375.32,Hashing identity and nonce) 2 C/F I
29,0,0,0,0,19,5,/SQEGFV+URWPalladioL-Roma,9.96,571.84,154.75,787.53,229.49,154.75,365.79,571.84,54.36,attacks. No consideration for environmental variations +Protect against physical and side channel attacks +Avoid modeling attacks by hiding the
29,0,0,0,0,4,5,/SQEGFV+URWPalladioL-Roma,9.96,87.68,148.77,242.1,158.73,148.77,436.54,87.68,599.79,[139] P Encryption/symmetric +
29,0,0,0,0,7,5,/SQEGFV+URWPalladioL-Roma,9.96,232.59,142.79,613.19,152.75,142.79,442.52,232.59,228.7,Hashing x 2 C/F I  CRP data
29,0,0,0,0,5,5,/SQEGFV+URWPalladioL-Roma,9.96,573.06,118.88,756.0,140.8,118.88,454.48,573.06,85.89,No consideration for environmental variations
30,0,0,0,0,8,7,/QIFGYI+URWPalladioL-Ital,7.97,76.31,524.33,190.78,532.3,524.33,62.98,76.31,651.11,"Sensors 2019 , 19, 1141 30 of 43"
30,1,0,0,0,3,6,/PEZHUJ+URWPalladioL-Bold,8.97,393.63,489.45,429.49,498.42,489.45,96.86,393.63,412.4,Table 2. Cont.
30,1,0,0,0,7,5,/PEZHUJ+URWPalladioL-Bold,9.96,87.96,448.32,690.06,458.7,448.32,136.57,87.96,151.83,Ref# IoT Layer Identity Context   − )
30,1,0,0,0,7,5,/PEZHUJ+URWPalladioL-Bold,9.96,225.08,442.76,533.92,452.73,442.76,142.55,225.08,307.97,Credentials Token Based? Proc. Arch. HW. Strength(+)/Weakness(
30,0,0,0,0,7,5,/SQEGFV+URWPalladioL-Roma,9.96,573.34,413.85,782.55,435.77,413.85,159.5,573.34,59.34,"+Protect against Impersonation, Physical, and Reply attacks."
30,0,0,0,0,5,5,/SQEGFV+URWPalladioL-Roma,9.96,335.74,401.9,770.95,411.86,401.9,183.41,335.74,70.94,(Dynamic  No consideration for machine-learning
30,0,0,0,0,4,5,/SQEGFV+URWPalladioL-Roma,9.96,87.68,395.92,242.1,405.88,395.92,189.39,87.68,599.79,[105] P Encryption/symmetric +
30,0,0,0,0,8,5,/SQEGFV+URWPalladioL-Roma,9.96,199.7,389.94,613.19,399.91,389.94,195.37,199.7,228.7,Asymmetric + Hashing Identity) 2 C/H I  attacks.
30,0,0,0,0,20,5,/SQEGFV+URWPalladioL-Roma,9.96,571.84,325.17,772.59,387.95,325.17,207.32,571.84,69.3,No consideration for environmental variations +Resistance to physical cloning attack. +Resistance to cloning attack based on attacking the communication protocol
30,0,0,0,0,8,5,/SQEGFV+URWPalladioL-Roma,9.96,90.17,319.19,430.39,329.15,319.19,266.12,90.17,411.5,[84] P Encryption/symmetric +  (Identity) 2 C/F E
30,0,0,0,0,10,5,/SQEGFV+URWPalladioL-Roma,9.96,199.7,312.79,727.76,323.17,312.79,272.1,199.7,114.13,Asymmetric + Hashing ✓ between the reader and the tag.
30,0,0,0,0,27,5,/SQEGFV+URWPalladioL-Roma,9.96,571.84,212.57,782.55,311.22,212.57,284.06,571.84,59.34,"No consideration for environmental variations +Deal with environmental variations(noisy system) +Resistance to Physical attacks, DoS attacks, and Forward secrecy. +Efﬁcient in terms of computation and communication cost"
30,0,0,0,0,8,5,/SQEGFV+URWPalladioL-Roma,9.96,90.17,206.59,430.39,216.55,206.59,378.72,90.17,411.5,[85] P Encryption/symmetric +  (Identity) 2 C/H I
30,0,0,0,0,8,5,/SQEGFV+URWPalladioL-Roma,9.96,232.59,200.2,766.11,210.58,200.2,384.7,232.59,75.78,Hashing ✓ +Security analysis is done compared to
30,0,0,0,0,14,5,/SQEGFV+URWPalladioL-Roma,9.96,571.84,140.84,781.05,198.62,140.84,396.65,571.84,60.84,other schemes +Authentication scheme is evaluated using AVISPA tool. No consideration for machine-learning attacks
31,0,0,0,0,8,7,/QIFGYI+URWPalladioL-Ital,7.97,76.31,524.33,190.78,532.3,524.33,62.98,76.31,651.11,"Sensors 2019 , 19, 1141 31 of 43"
31,1,0,0,0,3,6,/PEZHUJ+URWPalladioL-Bold,8.97,393.63,489.45,429.49,498.42,489.45,96.86,393.63,412.4,Table 2. Cont.
31,1,0,0,0,7,5,/PEZHUJ+URWPalladioL-Bold,9.96,87.96,448.32,690.06,458.7,448.32,136.57,87.96,151.83,Ref# IoT Layer Identity Context   − )
31,1,0,0,0,7,5,/PEZHUJ+URWPalladioL-Bold,9.96,225.08,442.76,533.92,452.73,442.76,142.55,225.08,307.97,Credentials Token Based? Proc. Arch. HW. Strength(+)/Weakness(
31,0,0,0,0,8,5,/SQEGFV+URWPalladioL-Roma,9.96,573.34,413.85,742.7,435.77,413.85,159.5,573.34,99.19,"+Resistance to cloning, replay, back-tracking, and clone attacks."
31,0,0,0,0,13,5,/SQEGFV+URWPalladioL-Roma,9.96,90.17,401.9,736.22,411.86,401.9,183.41,90.17,105.67,[81] P Encryption/symmetric +  (nonce) 2 C/F I  +Efﬁcient in terms of computation
31,0,0,0,0,8,5,/SQEGFV+URWPalladioL-Roma,9.96,573.06,361.03,756.0,399.91,361.03,195.37,573.06,85.89,No consideration for environmental variations +Resistance to DoS
31,0,0,0,0,15,5,/SQEGFV+URWPalladioL-Roma,9.96,90.17,349.08,676.3,359.04,349.08,236.24,90.17,165.59,[68] A + N + P Encryption/symmetric +  (Identity) 2 C/F E  Large packet header
31,0,0,0,0,4,5,/SQEGFV+URWPalladioL-Roma,9.96,199.7,342.68,299.32,353.06,342.68,242.21,199.7,542.57,Asymmetric + Hashing ✓
31,0,0,0,0,10,5,/SQEGFV+URWPalladioL-Roma,9.96,573.34,320.17,737.72,347.08,320.17,248.19,573.34,104.17,Large key size of RSA. +Compared with RSA regarding the
31,0,0,0,0,3,5,/SQEGFV+URWPalladioL-Roma,9.96,335.74,314.19,425.41,324.15,314.19,271.12,335.74,416.48,(Identity + smart
31,0,0,0,0,8,5,/SQEGFV+URWPalladioL-Roma,9.96,87.68,308.21,722.78,318.17,308.21,277.1,87.68,119.11,[124] P Encryption/symmetric +  encryption and decryption time
31,0,0,0,0,9,5,/SQEGFV+URWPalladioL-Roma,9.96,199.7,302.23,451.63,312.2,302.23,283.08,199.7,390.26,Asymmetric + Hashing card + password) 2 C/H E
31,0,0,0,0,16,5,/SQEGFV+URWPalladioL-Roma,9.96,571.84,255.39,762.63,306.22,255.39,289.06,571.84,79.26,No security analysis is done +Efﬁcient in terms of computation and communication +Resistance to Replay attacks
31,0,0,0,0,15,5,/SQEGFV+URWPalladioL-Roma,9.96,87.68,243.43,770.95,253.4,243.43,341.88,87.68,70.94,[106] P Encryption/symmetric +  ( smart device ID) 2 C/H I  No consideration for machine-learning
31,0,0,0,0,19,5,/SQEGFV+URWPalladioL-Roma,9.96,571.84,166.7,777.57,241.44,166.7,353.83,571.84,64.32,"attacks No consideration for environmental variations +Computation and communication +Resistance to replay, impersonation, stolen veriﬁer, DoS, and ofﬂine guessing"
31,0,0,0,0,16,5,/SQEGFV+URWPalladioL-Roma,9.96,87.68,154.75,618.17,164.71,154.75,430.57,87.68,223.72,[147] A + N + P Encryption/Asymmetric +  (smart card + ID) 2 C/H E  attacks.
31,0,0,0,0,4,5,/SQEGFV+URWPalladioL-Roma,9.96,203.77,148.35,298.41,158.73,148.35,436.54,203.77,543.48,symmetric + Hashing ✓
31,0,0,0,0,12,5,/SQEGFV+URWPalladioL-Roma,9.96,571.84,118.88,785.89,152.75,118.88,442.52,571.84,56.0,+Privacy preserving is considered. Not efﬁcient in terms of computation and communication.
32,0,0,0,0,8,7,/QIFGYI+URWPalladioL-Ital,7.97,76.31,524.33,190.78,532.3,524.33,62.98,76.31,651.11,"Sensors 2019 , 19, 1141 32 of 43"
32,1,0,0,0,3,6,/PEZHUJ+URWPalladioL-Bold,8.97,393.63,489.45,429.49,498.42,489.45,96.86,393.63,412.4,Table 2. Cont.
32,1,0,0,0,7,5,/PEZHUJ+URWPalladioL-Bold,9.96,87.96,448.32,690.06,458.7,448.32,136.57,87.96,151.83,Ref# IoT Layer Identity Context   − )
32,1,0,0,0,7,5,/PEZHUJ+URWPalladioL-Bold,9.96,225.08,442.76,533.92,452.73,442.76,142.55,225.08,307.97,Credentials Token Based? Proc. Arch. HW. Strength(+)/Weakness(
32,0,0,0,0,14,5,/SQEGFV+URWPalladioL-Roma,9.96,571.84,401.9,751.16,435.77,401.9,159.5,571.84,90.73,"+Ease to be used in smart health environments +No ability to be stolen, borrowed,"
32,0,0,0,0,3,5,/SQEGFV+URWPalladioL-Roma,9.96,335.74,389.94,648.06,399.91,389.94,195.37,335.74,193.83,(physical  and forgotten.
32,0,0,0,0,8,5,/SQEGFV+URWPalladioL-Roma,9.96,87.68,383.55,212.21,393.93,383.55,201.35,87.68,629.68,[125] A + N + P Biometric ✓
32,0,0,0,0,10,5,/SQEGFV+URWPalladioL-Roma,9.96,326.79,377.99,761.12,387.95,377.99,207.32,326.79,80.77,properties) 1 C/H E  +Resistance to clone and fork attacks.
32,0,0,0,0,27,5,/SQEGFV+URWPalladioL-Roma,9.96,571.84,301.26,787.24,376.0,301.26,219.28,571.84,54.65,"The uniqueness of behavioral biometric properties is low and its computation cost is high. +Uses three-factor authentication and privacy preserving is considered. +Resistance to replay, MITM, active,"
32,0,0,0,0,13,5,/SQEGFV+URWPalladioL-Roma,9.96,326.79,277.35,766.11,299.26,277.35,296.01,326.79,75.78,"(physical  passive, forgery, user traceability properties, smart  +Resistance to clone and fork attacks."
32,0,0,0,0,12,5,/SQEGFV+URWPalladioL-Roma,9.96,87.68,271.37,488.38,281.33,271.37,313.94,87.68,353.51,[126] A + N + P Encryption/+ symmetric +  2 C/H E
32,0,0,0,0,12,5,/SQEGFV+URWPalladioL-Roma,9.96,205.83,265.39,756.14,275.35,265.39,319.92,205.83,85.75,"Hashing + Biometric card, ID and  +The ability to update the biometric"
32,0,0,0,0,3,5,/SQEGFV+URWPalladioL-Roma,9.96,326.79,253.44,638.1,263.4,253.44,331.88,326.79,203.79,password)  or password.
32,0,0,0,0,18,5,/SQEGFV+URWPalladioL-Roma,9.96,571.84,188.66,752.67,251.44,188.66,343.83,571.84,89.22,+Scalability is high No consideration for DoS and DDoS attacks. +Uses two-factor authentication and +Resistance to replay attack
32,0,0,0,0,13,5,/SQEGFV+URWPalladioL-Roma,9.96,87.68,176.29,721.13,186.67,176.29,408.61,87.68,120.76,[148] P Encryption/Asymmetric ✓ (Nonce) 2 C/H I  No security analysis is done
32,0,0,0,0,8,5,/SQEGFV+URWPalladioL-Roma,9.96,573.34,152.79,760.98,174.71,152.79,420.56,573.34,80.91,No comparison is done with existing authentication schemes.
33,0,0,0,0,8,7,/QIFGYI+URWPalladioL-Ital,7.97,76.31,524.33,190.78,532.3,524.33,62.98,76.31,651.11,"Sensors 2019 , 19, 1141 33 of 43"
33,1,0,0,0,3,6,/PEZHUJ+URWPalladioL-Bold,8.97,393.63,489.45,429.49,498.42,489.45,96.86,393.63,412.4,Table 2. Cont.
33,1,0,0,0,7,5,/PEZHUJ+URWPalladioL-Bold,9.96,87.96,448.32,690.06,458.7,448.32,136.57,87.96,151.83,Ref# IoT Layer Identity Context   − )
33,1,0,0,0,7,5,/PEZHUJ+URWPalladioL-Bold,9.96,225.08,442.76,533.92,452.73,442.76,142.55,225.08,307.97,Credentials Token Based? Proc. Arch. HW. Strength(+)/Weakness(
33,0,0,0,0,12,5,/SQEGFV+URWPalladioL-Roma,9.96,571.84,401.9,756.14,435.77,401.9,159.5,571.84,85.75,+New architecture using PUF +The ability to update the biometric or password.
33,0,0,0,0,8,5,/SQEGFV+URWPalladioL-Roma,9.96,87.68,389.52,770.95,399.91,389.52,195.37,87.68,70.94,[149] P Encryption/+symmetric ✓ No consideration for machine-learning
33,0,0,0,0,4,5,/SQEGFV+URWPalladioL-Roma,9.96,326.79,383.97,426.42,393.93,383.97,201.35,326.79,415.47,properties) 2 C/H I
33,0,0,0,0,32,5,/SQEGFV+URWPalladioL-Roma,9.96,571.84,289.3,765.97,387.95,289.3,207.32,571.84,75.92,attacks Complex architecture with respect to resource-constrained devices in IoT +New architecture of using Blockchain in IoT. +Security analysis is done. The consensus protocol takes about 14 seconds to validate a transaction
33,0,0,0,0,13,5,/SQEGFV+URWPalladioL-Roma,9.96,87.68,283.32,435.37,293.29,283.32,301.99,87.68,406.52,"[150] A + N + P Encryption/+Assymmetric +  (ID, token) 2 C/H I"
33,0,0,0,0,8,5,/SQEGFV+URWPalladioL-Roma,9.96,232.59,276.93,762.21,287.31,276.93,307.97,232.59,79.68,Hashing ✓ which considered long period for real
33,0,0,0,0,31,5,/SQEGFV+URWPalladioL-Roma,9.96,571.84,188.66,790.87,275.35,188.66,319.92,571.84,51.02,"time applications Using a public blockchain requires a fees to be paid for each transaction, which considered inefﬁcient. +Resistance to replay, DoS, eavesdropping, and resource exhaustion attacks. +Computation and communication cost"
33,0,0,0,0,14,5,/SQEGFV+URWPalladioL-Roma,9.96,87.68,176.29,608.21,186.67,176.29,408.61,87.68,233.68,"[107] A + N + P Encryption/+symmetric ✓ (ID,token) 2 C/H I  is low."
33,0,0,0,0,14,5,/SQEGFV+URWPalladioL-Roma,9.96,573.04,140.84,780.91,174.71,140.84,420.56,573.04,60.98,Preshared key should be deployed at the provisioning phase Privacy preservation is not considered.
34,0,0,0,0,8,7,/QIFGYI+URWPalladioL-Ital,7.97,76.31,524.33,190.78,532.3,524.33,62.98,76.31,651.11,"Sensors 2019 , 19, 1141 34 of 43"
34,1,0,0,0,3,6,/PEZHUJ+URWPalladioL-Bold,8.97,393.63,489.45,429.49,498.42,489.45,96.86,393.63,412.4,Table 2. Cont.
34,1,0,0,0,7,5,/PEZHUJ+URWPalladioL-Bold,9.96,87.96,448.32,690.06,458.7,448.32,136.57,87.96,151.83,Ref# IoT Layer Identity Context   − )
34,1,0,0,0,7,5,/PEZHUJ+URWPalladioL-Bold,9.96,225.08,442.76,533.92,452.73,442.76,142.55,225.08,307.97,Credentials Token Based? Proc. Arch. HW. Strength(+)/Weakness(
34,0,0,0,0,18,5,/SQEGFV+URWPalladioL-Roma,9.96,571.84,389.94,781.05,435.77,389.94,159.5,571.84,60.84,+Use of Azure IoT hub cloud infrastructure. +The accuracy of generating X.509 digital certiﬁcates for device authentication is
34,0,0,0,0,17,5,/SQEGFV+URWPalladioL-Roma,9.96,87.68,377.99,732.74,387.95,377.99,207.32,87.68,109.15,[152] A + N + P Encryption/+Assymmetric +  (ID) 2 D/H I  increased from 50.9% into 84.7%.
34,0,0,0,0,4,5,/SQEGFV+URWPalladioL-Roma,9.96,203.77,371.59,298.41,381.97,371.59,213.3,203.77,543.48,symmetric + Hashing ✓
34,0,0,0,0,17,5,/SQEGFV+URWPalladioL-Roma,9.96,573.34,330.17,765.97,376.0,330.17,219.28,573.34,75.92,Security analysis is not considered. No consideration for the scalability requirements of IoT systems while using PKI.
34,0,0,0,0,8,4,/FERHKG+CMR10,10.38,573.46,312.79,770.95,323.17,312.79,272.1,573.46,70.94,+ Computation cost is low at the device
34,0,0,0,0,5,4,/FERHKG+CMR10,10.38,571.38,288.88,753.92,299.26,288.88,296.01,571.38,87.97,"+ Resistance to ofﬂine guessing,User"
34,0,0,0,0,7,5,/SQEGFV+URWPalladioL-Roma,9.96,335.74,277.35,767.61,287.31,277.35,307.97,335.74,74.28,"(ID, pseudo-  tracking, forgery, and insider attacks."
34,0,0,0,0,8,5,/SQEGFV+URWPalladioL-Roma,9.96,87.68,271.37,286.93,281.33,271.37,313.94,87.68,554.96,[151] A + N + P Encryption/+symmetric +
34,0,0,0,0,10,5,/SQEGFV+URWPalladioL-Roma,9.96,232.59,265.39,716.15,275.35,265.39,319.92,232.59,125.74,Hashing identity pair) 2 D/H I Communication cost is high.
34,0,0,0,0,35,5,/SQEGFV+URWPalladioL-Roma,9.96,571.84,176.7,777.57,263.4,176.7,331.88,571.84,64.32,No consideration for Dos and DDoS attacks. Computation cost at cloud is high. +Two-factors are used for authentication +Quick search of speciﬁc book and ﬁnding the location by attaching an NFC tag on each book.
34,0,0,0,0,17,5,/SQEGFV+URWPalladioL-Roma,9.96,90.17,164.75,795.85,174.71,164.75,420.56,90.17,46.04,[86] P physical ﬁngerprint as  (ID) 1 C/F E  Data collected are stored as plain text in
34,0,0,0,0,14,5,/SQEGFV+URWPalladioL-Roma,9.96,573.34,116.93,756.0,162.76,116.93,432.52,573.34,85.89,the mobile phone. Computation and communication cost is considered. No security analysis is done.
35,0,0,0,0,8,7,/QIFGYI+URWPalladioL-Ital,7.97,76.31,524.33,190.78,532.3,524.33,62.98,76.31,651.11,"Sensors 2019 , 19, 1141 35 of 43"
35,1,0,0,0,3,6,/PEZHUJ+URWPalladioL-Bold,8.97,393.63,489.45,429.49,498.42,489.45,96.86,393.63,412.4,Table 2. Cont.
35,1,0,0,0,7,5,/PEZHUJ+URWPalladioL-Bold,9.96,87.96,448.32,690.06,458.7,448.32,136.57,87.96,151.83,Ref# IoT Layer Identity Context   − )
35,1,0,0,0,7,5,/PEZHUJ+URWPalladioL-Bold,9.96,225.08,442.76,533.92,452.73,442.76,142.55,225.08,307.97,Credentials Token Based? Proc. Arch. HW. Strength(+)/Weakness(
35,0,0,0,0,27,5,/SQEGFV+URWPalladioL-Roma,9.96,573.04,377.99,795.85,435.77,377.99,159.5,573.04,46.04,+Modeling subset of the data to test the results Restriction of the study to android platform mobile phones only Data collected are stored as plain text in
35,0,0,0,0,10,5,/SQEGFV+URWPalladioL-Roma,9.96,87.68,371.59,400.5,381.97,371.59,213.3,87.68,441.39,[133] P Behavior as context ✓ (ID) 1 C/H I
35,0,0,0,0,37,5,/SQEGFV+URWPalladioL-Roma,9.96,571.84,265.39,785.89,376.0,265.39,219.28,571.84,56.0,"the mobile phone No consideration for attacks. Computation cost is high. Achievement of positive identiﬁcation of the owner is 70 out of 100. +Novel scheme and beneﬁting from cache concept. +Resistance to forward, replay, eavesdropping, spooﬁng, tracking,"
35,0,0,0,0,13,5,/SQEGFV+URWPalladioL-Roma,9.96,90.17,253.02,658.02,263.4,253.02,331.88,90.17,183.87,[87] P Hashing + Xor ✓ (ID) 2 C/H I  and DoS attacks.
35,0,0,0,0,37,5,/SQEGFV+URWPalladioL-Roma,9.96,571.84,152.79,797.5,251.44,152.79,343.83,571.84,44.39,"+Computation and storage cost is efﬁcient with respect to other schemes in literature. Security of data storage in IoT systems is not considered. +Novel scheme and beneﬁting from cache concept. +Resistance to forward, replay, eavesdropping, tracking, de-synchronization,"
35,0,0,0,0,9,5,/SQEGFV+URWPalladioL-Roma,9.96,90.17,140.42,658.02,150.8,140.42,444.47,90.17,183.87,[88] P Shifting + Xor ✓ and DoS attacks.
35,0,0,0,1,4,5,/SQEGFV+URWPalladioL-Roma,9.96,326.76,134.86,401.48,144.82,134.86,450.45,326.76,440.41,(IDS)) 2 C/H I
35,0,0,0,0,20,5,/SQEGFV+URWPalladioL-Roma,9.96,571.84,93.02,785.89,138.85,93.02,456.43,571.84,56.0,+Computation and communication cost is efﬁcient with respect to other schemes in literature. Storage overhead of the database is high.
36,0,0,0,0,8,7,/QIFGYI+URWPalladioL-Ital,7.97,76.31,770.94,190.78,778.91,770.94,62.98,76.31,404.5,"Sensors 2019 , 19, 1141 36 of 43"
36,1,0,0,0,16,6,/PEZHUJ+URWPalladioL-Bold,8.97,76.19,735.08,488.64,744.04,735.08,97.85,76.19,106.64,"Author Contributions: M.E.-h., A.F., and M.C. conceived of the presented idea. M.E.-h., A.F., and M.C. developed"
36,0,0,0,0,45,6,/SQEGFV+URWPalladioL-Roma,8.97,76.53,704.68,601.07,733.91,704.68,107.98,76.53,-5.79,"the theoretical analysis. A.F., M.C., and A.S. supervised the ﬁndings of this work. M.E.-h. took the lead in writing the manuscript with close participation of A.F. All authors provided critical feedback and helped shaping the research, discussed the results and contributed to the ﬁnal manuscript."
36,1,0,0,0,18,6,/PEZHUJ+URWPalladioL-Bold,8.97,76.53,688.57,547.27,697.54,688.57,144.35,76.53,48.0,Funding: This project has been jointly funded with the support of the National Council for Scientiﬁc Research in
36,0,0,0,0,8,6,/SQEGFV+URWPalladioL-Roma,8.97,76.53,678.44,314.14,687.4,678.44,154.49,76.53,281.13,Lebanon CNRS-L and Saint Joseph University of Beirut.
36,1,0,0,0,10,6,/PEZHUJ+URWPalladioL-Bold,8.97,76.53,662.33,273.8,671.29,662.33,170.6,76.53,321.48,Conﬂicts of Interest: The authors declare no conﬂict of interest.
36,0,0,0,0,16,6,/SQEGFV+URWPalladioL-Roma,8.97,76.54,617.14,583.14,626.1,617.14,215.79,76.54,12.14,"1. El-hajj, M.; Chamoun, M.; Fadlallah, A.; Serhrouchni, A. Analysis of authentication techniques in Internet of"
36,0,0,0,0,23,6,/SQEGFV+URWPalladioL-Roma,8.97,97.77,591.31,590.92,613.19,591.31,228.7,97.77,4.35,"Things (IoT). In Proceedings of the 2017 1st Cyber Security in Networking Conference (CSNet), Rio de Janeiro, Brazil, 18–20 October 2017; pp. 1–3."
36,0,0,0,0,15,6,/SQEGFV+URWPalladioL-Roma,8.97,76.53,578.4,569.69,587.37,578.4,254.52,76.53,25.59,"2. El-hajj, M.; Chamoun, M.; Fadlallah, A.; Serhrouchni, A. Taxonomy of authentication techniques in Internet"
36,0,0,0,0,24,6,/SQEGFV+URWPalladioL-Roma,8.97,97.75,552.58,550.85,574.46,552.58,267.43,97.75,44.42,"of Things (IoT). In Proceedings of the 2017 IEEE 15th Student Conference on Research and Development (SCOReD), Putrajaya, Malaysia, 13–14 December 2017; pp. 67–71."
36,0,0,0,0,19,6,/SQEGFV+URWPalladioL-Roma,8.97,76.53,539.67,530.14,548.63,539.67,293.26,76.53,65.13,"3. Atzori, L.; Iera, A.; Morabito, G. The Internet of Things: A survey. Comput. Netw. 2010 , 54, 2787–2805."
36,0,0,0,0,14,6,/SQEGFV+URWPalladioL-Roma,8.97,76.53,513.84,556.24,522.81,513.84,319.08,76.53,39.04,"4. Maresch, D.; Gartner, J. Make disruptive technological change happen—The case of additive manufacturing."
36,0,0,0,0,6,6,/QIFGYI+URWPalladioL-Ital,8.97,97.5,500.93,287.78,509.9,500.93,331.99,97.5,307.5,Technol. Forecast. Soc. Chang. 2018. [CrossRef]
36,0,0,0,0,16,6,/SQEGFV+URWPalladioL-Roma,8.97,76.53,488.02,538.3,496.99,488.02,344.9,76.53,56.97,"5. Ahmed, M.E.; Kim, H. DDoS Attack Mitigation in Internet of Things Using Software Deﬁned Networking."
36,0,0,0,0,24,6,/SQEGFV+URWPalladioL-Roma,8.97,97.7,462.2,532.92,484.08,462.2,357.81,97.7,62.36,"In Proceedings of the 2017 IEEE Third International Conference on Big Data Computing Service and Applications (BigDataService), San Francisco, CA, USA, 6–9 April 2017."
36,0,0,0,0,34,6,/SQEGFV+URWPalladioL-Roma,8.97,76.53,436.37,526.54,458.25,436.37,383.64,76.53,68.73,"6. McAfee. McAfee Labs Threats Report ; Technical Report; McAfee: Santa Clara, CA, USA, 2017. 7. Hern, A. Hacking risk leads to recall of 500,000 pacemakers due to patient death fears. The Guardian ,"
36,0,0,0,0,3,6,/SQEGFV+URWPalladioL-Roma,8.97,98.05,423.46,169.78,432.43,423.46,409.46,98.05,425.49,31 August 2017.
36,0,0,0,0,19,6,/SQEGFV+URWPalladioL-Roma,8.97,76.53,410.55,532.23,419.52,410.55,422.37,76.53,63.05,"8. Liu, R.; Wang, J. Internet of Things: Application and Prospect. In MATEC Web of Conferences ; Zhao, L.,"
36,0,0,0,0,18,6,/SQEGFV+URWPalladioL-Roma,8.97,97.75,397.64,559.52,406.61,397.64,435.28,97.75,35.75,"Xavior, A., Cai, J., You, L., Eds.; EDP Sciences France: Les Ulis, France, 2017; Volume 100, p. 02034."
36,0,0,0,0,18,6,/SQEGFV+URWPalladioL-Roma,8.97,76.53,384.73,565.2,393.69,384.73,448.19,76.53,30.07,"9. Taynitskiy, V .; Gubar, E.; Zhu, Q. Optimal impulse control of bi-virus SIR epidemics with application to"
36,0,0,0,0,22,6,/SQEGFV+URWPalladioL-Roma,8.97,97.77,358.91,568.79,380.78,358.91,461.11,97.77,26.49,"heterogeneous Internet of Things. In Proceedings of the 2017 Constructive Nonsmooth Analysis and Related Topics (CNSA), St. Petersburg, Russia, 22–27 May 2017."
36,0,0,0,0,15,6,/SQEGFV+URWPalladioL-Roma,8.97,76.53,345.99,529.34,354.96,345.99,486.93,76.53,65.94,"10. Rajakumari, S.; Azhagumeena, S.; Devi, A.B.; Ananthi, M. Upgraded living think-IoT and big data."
36,0,0,0,0,19,6,/SQEGFV+URWPalladioL-Roma,8.97,97.75,320.17,550.85,342.05,320.17,499.84,97.75,44.42,"In Proceedings of the 2017 2nd International Conference on Computing and Communications Technologies (ICCCT), Chennai, India, 23–24 February 2017."
36,0,0,0,0,17,6,/SQEGFV+URWPalladioL-Roma,8.97,76.53,307.26,547.27,316.23,307.26,525.66,76.53,48.0,"11. Dineshkumar, P .; SenthilKumar, R.; Sujatha, K.; Ponmagal, R.; Rajavarman, V . Big data analytics of"
36,0,0,0,0,29,6,/SQEGFV+URWPalladioL-Roma,8.97,98.05,268.52,559.82,303.31,268.52,538.58,98.05,35.46,"IoT based Health care monitoring system. In Proceedings of the 2016 IEEE Uttar Pradesh Section International Conference on Electrical, Computer and Electronics Engineering (UPCON), Varanasi, India, 9–11 December 2016."
36,0,0,0,0,18,6,/SQEGFV+URWPalladioL-Roma,8.97,76.53,255.61,335.66,264.58,255.61,577.31,76.53,259.62,"12. Shang, W.; Yu, Y.; Droms, R.; Zhang, L. Challenges in IoT Networking via TCP/IP Architecture ; Technical"
36,0,0,0,0,17,6,/SQEGFV+URWPalladioL-Roma,8.97,98.05,229.79,537.4,251.67,229.79,590.22,98.05,57.87,"Report 04, NDN, Technical Report NDN-0038; Named Data Networking. Available online: http://nameddata.net/techreports.html (accessed on 10 Augest 2018)."
36,0,0,0,0,17,6,/SQEGFV+URWPalladioL-Roma,8.97,76.53,216.88,569.69,225.84,216.88,616.05,76.53,25.59,"13. Khan, R.; Khan, S.U.; Zaheer, R.; Khan, S. Future Internet: The Internet of Things Architecture, Possible"
36,0,0,0,0,22,6,/SQEGFV+URWPalladioL-Roma,8.97,97.7,191.05,572.92,212.93,191.05,628.96,97.7,22.36,"Applications and Key Challenges. In Proceedings of the 2012 10th International Conference on Frontiers of Information Technology, Islamabad, India, 17–19 December 2012."
36,0,0,0,0,18,6,/SQEGFV+URWPalladioL-Roma,8.97,76.53,178.14,530.53,187.11,178.14,654.78,76.53,64.75,"IEEE Softw.  2016 , 33, 112–116. 14. Weyrich, M.; Ebert, C. Reference Architectures for the Internet of Things."
36,0,0,0,0,19,6,/SQEGFV+URWPalladioL-Roma,8.97,76.53,152.32,610.04,161.29,152.32,680.6,76.53,-14.76,"15. Bauer, M.; Boussard, M.; Bui, N.; Loof, J.D.; Magerkurth, C.; Meissner, S.; Nettsträter, A.; Stefa, J.; Thoma, M.;"
36,0,0,0,0,17,6,/SQEGFV+URWPalladioL-Roma,8.97,97.6,126.5,541.97,148.37,126.5,693.52,97.6,53.3,"Walewski, J.W. IoT Reference Architecture. In Enabling Things to Talk ; Springer: Berlin/Heidelberg, Germany, 2013; pp. 163–211."
36,0,0,0,0,18,6,/SQEGFV+URWPalladioL-Roma,8.97,76.53,113.58,574.17,122.55,113.58,719.34,76.53,21.11,"16. Mashal, I.; Alsaryrah, O.; Chung, T.Y.; Yang, C.Z.; Kuo, W.H.; Agrawal, D.P . Choices for interaction with"
36,0,0,0,0,14,6,/SQEGFV+URWPalladioL-Roma,8.97,98.05,100.67,440.36,109.64,100.67,732.25,98.05,154.92,"things on Internet and underlying issues. Ad Hoc Netw. 2015 , 28, 68–90. [CrossRef]"
36,0,0,0,0,21,6,/SQEGFV+URWPalladioL-Roma,8.97,76.54,87.76,527.51,96.73,87.76,745.16,76.54,67.77,"17. Said, O.; Masud, M. Towards Internet of things: Survey and future vision. Int. J. Comput. Netw. 2013 , 5, 1–17."
37,0,0,0,0,8,7,/QIFGYI+URWPalladioL-Ital,7.97,76.31,770.94,190.78,778.91,770.94,62.98,76.31,404.5,"Sensors 2019 , 19, 1141 37 of 43"
37,0,0,0,0,21,6,/SQEGFV+URWPalladioL-Roma,8.97,76.53,735.08,610.04,744.04,735.08,97.85,76.53,-14.76,"18. Wu, M.; Lu, T.J.; Ling, F.Y.; Sun, J.; Du, H.Y. Research on the architecture of Internet of Things. In Proceedings"
37,0,0,0,0,18,6,/SQEGFV+URWPalladioL-Roma,8.97,98.05,709.25,523.95,731.13,709.25,110.76,98.05,71.32,"of the 2010 3rd International Conference on Advanced Computer Theory and Engineering (ICACTE), Chengdu, China, 20–22 August 2010."
37,0,0,0,0,18,6,/SQEGFV+URWPalladioL-Roma,8.97,76.53,696.34,574.17,705.31,696.34,136.58,76.53,21.11,"19. Nastase, L. Security in the Internet of Things: A Survey on Application Layer Protocols. In Proceedings of"
37,0,0,0,0,18,6,/SQEGFV+URWPalladioL-Roma,8.97,98.05,670.52,555.34,692.39,670.52,149.5,98.05,39.94,"the 21st International Conference on Control Systems and Computer Science (CSCS), Bucharest, Romania, 29–31 May 2017; pp. 659–666."
37,0,0,0,0,21,6,/SQEGFV+URWPalladioL-Roma,8.97,76.53,657.61,569.69,666.57,657.61,175.32,76.53,25.59,"20. Wang, F.; Hu, L.; Zhou, J.; Zhao, K. A data processing middleware based on SOA for the Internet of things."
37,0,0,0,0,7,6,/QIFGYI+URWPalladioL-Ital,8.97,98.05,644.69,261.98,653.66,644.69,188.23,98.05,333.29,"J. Sens. 2015 , 2015, 827045. [CrossRef]"
37,0,0,0,0,19,6,/SQEGFV+URWPalladioL-Roma,8.97,76.53,631.78,565.2,640.75,631.78,201.14,76.53,30.07,"21. Spiess, P .; Karnouskos, S.; Guinard, D.; Savio, D.; Baecker, O.; de Souza, L.M.S.; Trifa, V . SOA-Based"
37,0,0,0,0,27,6,/SQEGFV+URWPalladioL-Roma,8.97,98.05,605.96,582.24,627.84,605.96,214.05,98.05,13.04,"Integration of the Internet of Things in Enterprise Services. In Proceedings of the 2009 IEEE International Conference on Web Services, Los Angeles, CA, USA, 6–10 July 2009."
37,0,0,0,0,17,6,/SQEGFV+URWPalladioL-Roma,8.97,76.53,593.05,493.47,602.01,593.05,239.88,76.53,101.8,"22. Sethi, P .; Sarangi, S.R. Internet of things: Architectures, protocols, and applications. J. Electr. Comput. Eng."
37,0,0,0,0,4,6,/SQEGFV+URWPalladioL-Roma,8.97,98.05,580.14,237.03,589.1,580.14,252.79,98.05,358.25,"2017, 2017, 9324035. [CrossRef]"
37,0,0,0,0,21,6,/SQEGFV+URWPalladioL-Roma,8.97,76.53,567.22,528.21,576.19,567.22,265.7,76.53,67.07,"23. Hernandez, G.; Arias, O.; Buentello, D.; Jin, Y. Smart Nest Thermostat: A Smart Spy in Your Home ; Black Hat"
37,0,0,0,0,7,6,/SQEGFV+URWPalladioL-Roma,8.97,98.05,554.31,241.51,563.28,554.31,278.61,98.05,353.76,"USA: Las Vegas, NV , USA, 2014."
37,0,0,0,0,17,6,/SQEGFV+URWPalladioL-Roma,8.97,76.53,541.4,578.65,550.37,541.4,291.52,76.53,16.62,"24. Trappe, W.; Howard, R.; Moore, R.S. Low-energy security: Limits and opportunities in the Internet of things."
37,0,0,0,0,8,6,/QIFGYI+URWPalladioL-Ital,8.97,98.05,528.49,296.01,537.46,528.49,304.43,98.05,299.27,"IEEE Secur. Privacy 2015 , 13, 14–21. [CrossRef]"
37,0,0,0,0,15,6,/SQEGFV+URWPalladioL-Roma,8.97,76.53,515.58,488.99,524.54,515.58,317.35,76.53,106.29,"25. Husamuddin, M.; Qayyum, M. Internet of Things: A study on security and privacy threats."
37,0,0,0,0,18,6,/SQEGFV+URWPalladioL-Roma,8.97,98.05,489.75,573.27,511.63,489.75,330.26,98.05,22.01,"In Proceedings of the 2017 2nd International Conference on Anti-Cyber Crimes (ICACC), Abha, Saudi Arabia, 26–27 March 2017."
37,0,0,0,0,16,6,/SQEGFV+URWPalladioL-Roma,8.97,76.53,476.84,569.69,485.81,476.84,356.08,76.53,25.59,"26. El Mouaatamid, O.; Lahmer, M.; Belkasmi, M. Internet of Things Security: Layered classiﬁcation of attacks"
37,0,0,0,0,11,6,/SQEGFV+URWPalladioL-Roma,8.97,98.05,463.93,384.29,472.9,463.93,368.99,98.05,210.99,"and possible Countermeasures. Electron. J. Inf. Technol. 2016 , 9, 24–37."
37,0,0,0,0,17,6,/SQEGFV+URWPalladioL-Roma,8.97,76.54,451.02,601.07,459.99,451.02,381.9,76.54,-5.79,"27. Mahmoud, R.; Yousuf, T.; Aloul, F.; Zualkernan, I. Internet of things (IoT) security: Current status, challenges"
37,0,0,0,0,23,6,/SQEGFV+URWPalladioL-Roma,8.97,98.05,425.2,577.75,447.07,425.2,394.81,98.05,17.52,"and prospective measures. In Proceedings of the 2015 10th International Conference for Internet Technology and Secured Transactions (ICITST), London, UK, 14–16 December 2015."
37,0,0,0,0,18,6,/SQEGFV+URWPalladioL-Roma,8.97,76.53,412.29,520.37,421.25,412.29,420.64,76.53,74.9,"28. Jung, S.W.; Jung, S. Personal OAuth authorization server and push OAuth for Internet of Things. Int. J."
37,0,0,0,0,7,6,/QIFGYI+URWPalladioL-Ital,8.97,97.7,399.37,264.88,408.34,399.37,433.55,97.7,330.4,"Distrib. Sens. Netw. 2017 , 13. [CrossRef]"
37,0,0,0,0,15,6,/SQEGFV+URWPalladioL-Roma,8.97,76.53,386.46,565.2,395.43,386.46,446.46,76.53,30.07,"29. Abomhara, M.; Koien, G.M. Cyber Security and the Internet of Things: Vulnerabilities, Threats, Intruders"
37,0,0,0,0,11,6,/SQEGFV+URWPalladioL-Roma,8.97,98.05,373.55,350.97,382.52,373.55,459.37,98.05,244.3,"and Attacks. J. Cyber Secur. Mobil. 2015 , 4, 65–88. [CrossRef]"
37,0,0,0,0,16,6,/SQEGFV+URWPalladioL-Roma,8.97,76.53,360.64,522.06,369.61,360.64,472.28,76.53,73.22,"30. Weber, R.H. Internet of Things—New security and privacy challenges. Comput. Law Secur. Rev. 2010 ,"
37,0,0,0,0,3,6,/QIFGYI+URWPalladioL-Ital,8.97,97.83,347.73,196.46,356.69,347.73,485.2,97.83,398.82,"26, 23–30. [CrossRef]"
37,0,0,0,0,17,6,/SQEGFV+URWPalladioL-Roma,8.97,76.53,334.82,556.24,343.78,334.82,498.11,76.53,39.04,"31. Wen, Q.; Dong, X.; Zhang, R. Application of dynamic variable cipher security certiﬁcate in Internet of"
37,0,0,0,0,22,6,/SQEGFV+URWPalladioL-Roma,8.97,97.77,308.99,568.51,330.87,308.99,511.02,97.77,26.77,"Things. In Proceedings of the 2012 IEEE 2nd International Conference on Cloud Computing and Intelligence Systems, Hangzhou, China, 30 October–1 November 2012."
37,0,0,0,0,18,6,/SQEGFV+URWPalladioL-Roma,8.97,76.53,296.08,583.14,305.05,296.08,536.84,76.53,12.14,"32. Zhu, B.; Addada, V .G.K.; Setia, S.; Jajodia, S.; Roy, S. Efﬁcient Distributed Detection of Node Replication"
37,0,0,0,0,23,6,/SQEGFV+URWPalladioL-Roma,8.97,97.7,270.26,550.5,292.14,270.26,549.75,97.7,44.77,"Attacks in Sensor Networks. In Proceedings of the Twenty-Third Annual Computer Security Applications Conference (ACSAC 2007), Miami Beach, FL, USA, 10–14 December 2007."
37,0,0,0,0,17,6,/SQEGFV+URWPalladioL-Roma,8.97,76.53,257.35,565.2,266.31,257.35,575.58,76.53,30.07,"33. Parno, B.; Perrig, A.; Gligor, V . Distributed detection of node replication attacks in sensor networks."
37,0,0,0,0,19,6,/SQEGFV+URWPalladioL-Roma,8.97,97.78,231.52,546.37,253.4,231.52,588.49,97.78,48.91,"In Proceedings of the 2005 IEEE Symposium on Security and Privacy, Oakland, CA, USA, 8–11 May 2005; pp. 49–63."
37,0,0,0,0,17,6,/SQEGFV+URWPalladioL-Roma,8.97,76.54,218.61,578.65,227.58,218.61,614.31,76.54,16.62,"34. Anirudh, M.; Thileeban, S.A.; Nallathambi, D.J. Use of honeypots for mitigating DoS attacks targeted on IoT"
37,0,0,0,0,20,6,/SQEGFV+URWPalladioL-Roma,8.97,98.05,192.79,546.37,214.67,192.79,627.22,98.05,48.91,"networks. In Proceedings of the 2017 International Conference on Computer, Communication and Signal Processing (ICCCSP), Chennai, India, 10–11 January 2017."
37,0,0,0,0,14,6,/SQEGFV+URWPalladioL-Roma,8.97,76.53,179.88,520.37,188.84,179.88,653.05,76.53,74.9,"35. Capossele, A.T.; Cervo, V .; Petrioli, C.; Spenza, D. Counteracting Denial-of-Sleep Attacks in"
37,0,0,0,0,24,6,/SQEGFV+URWPalladioL-Roma,8.97,97.6,154.05,523.51,175.93,154.05,665.96,97.6,71.77,"Wake-Up-Radio-Based Sensing Systems. In Proceedings of the 2016 13th Annual IEEE International Conference on Sensing, Communication, and Networking (SECON), London, UK, 27–30 June 2016."
37,0,0,0,0,17,6,/SQEGFV+URWPalladioL-Roma,8.97,76.53,141.14,560.72,150.11,141.14,691.78,76.53,34.56,"36. Uher, J.; Mennecke, R.G.; Farroha, B.S. Denial of Sleep attacks in Bluetooth Low Energy wireless sensor"
37,0,0,0,0,17,6,/SQEGFV+URWPalladioL-Roma,8.97,98.05,115.32,537.4,137.2,115.32,704.69,98.05,57.87,"networks. In Proceedings of the 2016 IEEE Military Communications Conference (MILCOM), Baltimore, MD, USA, 1–3 November 2016."
37,0,0,0,0,15,6,/SQEGFV+URWPalladioL-Roma,8.97,76.53,102.41,533.82,111.37,102.41,730.52,76.53,61.45,"37. Machaka, P .; Bagula, A.; Nelwamondo, F. Using exponentially weighted moving average algorithm to"
37,0,0,0,0,29,6,/SQEGFV+URWPalladioL-Roma,8.97,98.05,63.67,564.3,98.46,63.67,743.43,98.05,30.97,"defend against DDoS attacks. In Proceedings of the 2016 Pattern Recognition Association of South Africa and Robotics and Mechatronics International Conference (PRASA-RobMech), Stellenbosch, South Africa, 30 November–2 December 2016."
38,0,0,0,0,8,7,/QIFGYI+URWPalladioL-Ital,7.97,76.31,770.94,190.78,778.91,770.94,62.98,76.31,404.5,"Sensors 2019 , 19, 1141 38 of 43"
38,0,0,0,0,16,6,/SQEGFV+URWPalladioL-Roma,8.97,76.53,735.08,578.65,744.04,735.08,97.85,76.53,16.62,"38. Pacheco, L.A.B.; Gondim, J.J.C.; Barreto, P .A.S.; Alchieri, E. Evaluation of Distributed Denial of Service"
38,0,0,0,0,28,6,/SQEGFV+URWPalladioL-Roma,8.97,98.05,709.25,573.27,731.13,709.25,110.76,98.05,22.01,"threat in the Internet of Things. In Proceedings of the 2016 IEEE 15th International Symposium on Network Computing and Applications (NCA), Cambridge, MA, USA, 31 October–2 November 2016."
38,0,0,0,0,21,6,/SQEGFV+URWPalladioL-Roma,8.97,76.53,696.34,533.82,705.31,696.34,136.58,76.53,61.45,"39. Zhang, K.; Liang, X.; Lu, R.; Shen, X. Sybil Attacks and Their Defenses in the Internet of Things. IEEE Int."
38,0,0,0,0,7,6,/QIFGYI+URWPalladioL-Ital,8.97,97.5,683.43,258.15,692.39,683.43,149.5,97.5,337.12,"Things J. 2014 , 1, 372–383. [CrossRef]"
38,0,0,0,0,16,6,/SQEGFV+URWPalladioL-Roma,8.97,76.53,670.52,574.17,679.48,670.52,162.41,76.53,21.11,"40. Evangelista, D.; Mezghani, F.; Nogueira, M.; Santos, A. Evaluation of Sybil attack detection approaches in"
38,0,0,0,0,19,6,/SQEGFV+URWPalladioL-Roma,8.97,98.05,644.69,559.82,666.57,644.69,175.32,98.05,35.46,"the Internet of Things content dissemination. In Proceedings of the 2016 Wireless Days (WD), Toulouse, France, 23–25 March 2016."
38,0,0,0,0,18,6,/SQEGFV+URWPalladioL-Roma,8.97,76.53,631.78,560.72,640.75,631.78,201.14,76.53,34.56,"41. Na, S.; Hwang, D.; Shin, W.; Kim, K.H. Scenario and countermeasure for replay attack using join request"
38,0,0,0,0,20,6,/SQEGFV+URWPalladioL-Roma,8.97,97.75,605.96,541.89,627.84,605.96,214.05,97.75,53.39,"messages in LoRaWAN. In Proceedings of the 2017 International Conference on Information Networking (ICOIN), Da Nang, Vietnam, 11–13 January 2017."
38,0,0,0,0,16,6,/SQEGFV+URWPalladioL-Roma,8.97,76.53,593.05,542.79,602.01,593.05,239.88,76.53,52.49,"42. Tomasin, S.; Zulian, S.; Vangelista, L. Security Analysis of LoRaWAN Join Procedure for Internet of"
38,0,0,0,0,22,6,/SQEGFV+URWPalladioL-Roma,8.97,97.6,567.22,541.61,589.1,567.22,252.79,97.6,53.67,"Things Networks. In Proceedings of the 2017 IEEE Wireless Communications and Networking Conference Workshops (WCNCW), San Francisco, CA, USA, 19–22 March 2017."
38,0,0,0,0,18,6,/SQEGFV+URWPalladioL-Roma,8.97,76.53,554.31,569.69,563.28,554.31,278.61,76.53,25.59,"43. Airehrour, D.; Gutierrez, J.; Ray, S.K. A Lightweight Trust Design for IoT Routing. In Proceedings of the"
38,0,0,0,0,40,6,/SQEGFV+URWPalladioL-Roma,8.97,97.77,515.58,559.82,550.37,515.58,291.52,97.77,35.46,"2016 IEEE 14th Intl Conf on Dependable, Autonomic and Secure Computing, 14th Intl Conf on Pervasive Intelligence and Computing, 2nd Intl Conf on Big Data Intelligence and Computing and Cyber Science and Technology Congress(DASC/PiCom/DataCom/CyberSciTech), Auckland, New Zealand, 8–12 August 2016."
38,0,0,0,0,16,6,/SQEGFV+URWPalladioL-Roma,8.97,76.53,502.67,542.79,511.63,502.67,330.26,76.53,52.49,"44. Pammu, A.A.; Chong, K.S.; Ho, W.G.; Gwee, B.H. Interceptive side channel attack on AES-128 wireless"
38,0,0,0,0,23,6,/SQEGFV+URWPalladioL-Roma,8.97,98.05,476.84,564.3,498.72,476.84,343.17,98.05,30.97,"communications for IoT applications. In Proceedings of the 2016 IEEE Asia Paciﬁc Conference on Circuits and Systems (APCCAS), Jeju, Korea, 25–28 October 2016."
38,0,0,0,0,18,6,/SQEGFV+URWPalladioL-Roma,8.97,76.53,463.93,556.24,472.9,463.93,368.99,76.53,39.04,"45. Choi, J.; Kim, Y. An improved LEA block encryption algorithm to prevent side-channel attack in the IoT"
38,0,0,0,0,22,6,/SQEGFV+URWPalladioL-Roma,8.97,98.05,438.11,546.37,459.99,438.11,381.9,98.05,48.91,"system. In Proceedings of the 2016 Asia-Paciﬁc Signal and Information Processing Association Annual Summit and Conference (APSIPA), Jeju, Korea, 13–16 December 2016."
38,0,0,0,0,14,6,/SQEGFV+URWPalladioL-Roma,8.97,76.53,425.2,569.69,434.16,425.2,407.73,76.53,25.59,"46. Shahverdi, A.; Taha, M.; Eisenbarth, T. Lightweight Side Channel Resistance: Threshold Implementations of"
38,0,0,0,0,10,6,/SQEGFV+URWPalladioL-Roma,8.97,98.05,412.29,343.18,421.25,412.29,420.64,98.05,252.09,"S imon. IEEE Trans. Comput. 2017 , 66, 661–671. [CrossRef]"
38,0,0,0,0,16,6,/SQEGFV+URWPalladioL-Roma,8.97,76.53,399.37,578.65,408.34,399.37,433.55,76.53,16.62,"47. Tawalbeh, L.A.; Somani, T.F. More secure Internet of Things using robust encryption algorithms against side"
38,0,0,0,0,23,6,/SQEGFV+URWPalladioL-Roma,8.97,98.05,373.55,559.82,395.43,373.55,446.46,98.05,35.46,"channel attacks. In Proceedings of the 2016 IEEE/ACS 13th International Conference of Computer Systems and Applications (AICCSA), Agadir, Morocco, 29 November–2 December 2016."
38,0,0,0,0,19,6,/SQEGFV+URWPalladioL-Roma,8.97,76.53,360.64,556.24,369.61,360.64,472.28,76.53,39.04,"48. ˇCekerevac, Z.; Dvorak, Z.; Prigoda, L.; ˇCekerevac, P . Man in the Middle Attacks and the Internet of"
38,0,0,0,0,11,6,/SQEGFV+URWPalladioL-Roma,8.97,97.77,347.73,417.13,356.69,347.73,485.2,97.77,178.15,"Things—Security and economic risks. FBIM Trans. 2017 , 5, 25–35. [CrossRef]"
38,0,0,0,0,30,6,/SQEGFV+URWPalladioL-Roma,8.97,76.53,321.9,547.27,343.78,321.9,498.11,76.53,48.0,"49. Burkholder, P . SSL Man-in-the-Middle Attacks ; The SANS Institute: Swansea, UK, 2002. 50. Airehrour, D.; Gutierrez, J.; Ray, S.K. Securing RPL routing protocol from blackhole attacks using a"
38,0,0,0,0,21,6,/SQEGFV+URWPalladioL-Roma,8.97,97.7,296.08,546.37,317.96,296.08,523.93,97.7,48.91,"trust-based mechanism. In Proceedings of the 2016 26th International Telecommunication Networks and Applications Conference (ITNAC), Dunedin, New Zealand, 7–9 December 2016."
38,0,0,0,0,18,6,/SQEGFV+URWPalladioL-Roma,8.97,76.53,283.17,538.3,292.14,283.17,549.75,76.53,56.97,"51. Glissa, G.; Rachedi, A.; Meddeb, A. A Secure Routing Protocol Based on RPL for Internet of Things."
38,0,0,0,0,16,6,/SQEGFV+URWPalladioL-Roma,8.97,98.05,257.35,537.4,279.22,257.35,562.67,98.05,57.87,"In Proceedings of the 2016 IEEE Global Communications Conference (GLOBECOM), Washington, DC, USA, 4–8 December 2016."
38,0,0,0,0,14,6,/SQEGFV+URWPalladioL-Roma,8.97,76.53,244.43,569.69,253.4,244.43,588.49,76.53,25.59,"52. Mukherjee, A. Physical-Layer Security in the Internet of Things: Sensing and Communication Conﬁdentiality"
38,0,0,0,0,10,6,/SQEGFV+URWPalladioL-Roma,8.97,98.05,231.52,402.45,240.49,231.52,601.4,98.05,192.83,"Under Resource Constraints. Proc. IEEE 2015 , 103, 1747–1761. [CrossRef]"
38,0,0,0,0,19,6,/SQEGFV+URWPalladioL-Roma,8.97,76.53,218.61,551.75,227.58,218.61,614.31,76.53,43.52,"53. Tseng, F.H.; Chou, L.D.; Chao, H.C. A survey of black hole attacks in wireless mobile ad hoc networks."
38,0,0,0,0,9,6,/QIFGYI+URWPalladioL-Ital,8.97,97.7,205.7,315.85,214.67,205.7,627.22,97.7,279.42,"Hum.-Centric Comput. Inf. Sci. 2011 , 1, 4. [CrossRef]"
38,0,0,0,0,14,6,/SQEGFV+URWPalladioL-Roma,8.97,76.53,192.79,556.24,201.75,192.79,640.14,76.53,39.04,"54. Gurung, S.; Chauhan, S. Performance analysis of black-hole attack mitigation protocols under gray-hole"
38,0,0,0,0,10,6,/SQEGFV+URWPalladioL-Roma,8.97,98.05,179.88,343.41,188.84,179.88,653.05,98.05,251.86,"attacks in MANET. Wirel. Netw.  2017 , 25, 1–14. [CrossRef]"
38,0,0,0,0,16,6,/SQEGFV+URWPalladioL-Roma,8.97,76.53,166.96,506.92,175.93,166.96,665.96,76.53,88.35,"55. Xiaopeng, G.; Wei, C. A Novel Gray Hole Attack Detection Scheme for Mobile Ad-Hoc Networks."
38,0,0,0,0,21,6,/SQEGFV+URWPalladioL-Roma,8.97,97.75,141.14,550.85,163.02,141.14,678.87,97.75,44.42,"In Proceedings of the 2007 IFIP International Conference on Network and Parallel Computing Workshops (NPC 2007), Liaoning, China, 18–21 September 2007."
38,0,0,0,0,16,6,/SQEGFV+URWPalladioL-Roma,8.97,76.53,128.23,547.27,137.2,128.23,704.69,76.53,48.0,"56. Meghdadi, M.; Ozdemir, S.; Güler, I. A Survey of Wormhole-based Attacks and their Countermeasures in"
38,0,0,0,0,11,6,/SQEGFV+URWPalladioL-Roma,8.97,97.6,115.32,376.05,124.28,115.32,717.61,97.6,219.22,"Wireless Sensor Networks. IETE Tech. Rev. 2011 , 28, 89. [CrossRef]"
38,0,0,0,0,17,6,/QIFGYI+URWPalladioL-Ital,8.97,76.53,102.41,453.12,111.37,102.41,730.52,76.53,142.15,"ACM SIGMOBILE Mob. 57. Ahmed, N.; Kanhere, S.S.; Jha, S. The holes problem in wireless sensor networks."
38,0,0,0,0,8,6,/QIFGYI+URWPalladioL-Ital,8.97,97.75,89.49,288.18,98.46,89.49,743.43,97.75,307.09,"Comput. Commun. Rev. 2005 , 9, 4. [CrossRef]"
38,0,0,0,0,19,6,/SQEGFV+URWPalladioL-Roma,8.97,76.53,76.58,531.49,85.55,76.58,756.34,76.53,63.79,"58. Diaz, A.; Sanchez, P . Simulation of Attacks for Security in Wireless Sensor Network.Sensors 2016 , 16, 1932."
39,0,0,0,0,8,7,/QIFGYI+URWPalladioL-Ital,7.97,76.31,770.94,190.78,778.91,770.94,62.98,76.31,404.5,"Sensors 2019 , 19, 1141 39 of 43"
39,0,0,0,0,17,6,/SQEGFV+URWPalladioL-Roma,8.97,76.53,735.08,583.14,744.04,735.08,97.85,76.53,12.14,"59. Singh, R.; Singh, J.; Singh, R. Cluster Head Authentication Technique against Hello Flood Attack in Wireless"
39,0,0,0,0,11,6,/SQEGFV+URWPalladioL-Roma,8.97,98.05,722.16,378.47,731.13,722.16,110.76,98.05,216.8,"Sensor Networks. Int. J. Comput. Appl. 2016 , 156, 43–49. [CrossRef]"
39,0,0,0,0,17,6,/SQEGFV+URWPalladioL-Roma,8.97,76.53,709.25,587.62,718.22,709.25,123.67,76.53,7.66,"60. Pathan, A.; Lee, H.W.; Hong, C.S. Security in wireless sensor networks: Issues and challenges. In Proceedings"
39,0,0,0,0,15,6,/SQEGFV+URWPalladioL-Roma,8.97,98.05,683.43,532.92,705.31,683.43,136.58,98.05,62.36,"of the 2006 8th International Conference Advanced Communication Technology, Phoenix Park, Korea, 20–22 February 2006."
39,0,0,0,0,18,6,/SQEGFV+URWPalladioL-Roma,8.97,76.53,670.52,560.72,679.48,670.52,162.41,76.53,34.56,"61. Sharma, S.; Sharma, S. A defensive timestamp approach to detect and mitigate the Sybil attack in vanet."
39,0,0,0,0,19,6,/SQEGFV+URWPalladioL-Roma,8.97,97.75,644.69,537.4,666.57,644.69,175.32,97.75,57.87,"In Proceedings of the 2016 2nd International Conference on Contemporary Computing and Informatics (IC3I), Noida, India, 14–17 December 2016."
39,0,0,0,0,16,6,/SQEGFV+URWPalladioL-Roma,8.97,76.53,631.78,556.24,640.75,631.78,201.14,76.53,39.04,"62. Hari, P .B.; Singh, S.N. Security issues in Wireless Sensor Networks: Current research and challenges."
39,0,0,0,0,21,6,/SQEGFV+URWPalladioL-Roma,8.97,97.7,605.96,523.95,627.84,605.96,214.05,97.7,71.32,"In Proceedings of the 2016 International Conference on Advances in Computing, Communication, & Automation (ICACCA) (Spring), Dehradun, India, 8–9 April 2016."
39,0,0,0,0,18,6,/SQEGFV+URWPalladioL-Roma,8.97,76.53,593.05,587.62,602.01,593.05,239.88,76.53,7.66,"63. Hedi, I.; Speh, I.; Sarabok, A. IoT network protocols comparison for the purpose of IoT constrained networks."
39,0,0,0,0,22,6,/SQEGFV+URWPalladioL-Roma,8.97,98.05,567.22,555.34,589.1,567.22,252.79,98.05,39.94,"In Proceedings of the 2017 40th International Convention on Information and Communication Technology, Electronics and Microelectronics (MIPRO), Opatija, Croatia, 22–26 May 2017."
39,0,0,0,0,20,6,/SQEGFV+URWPalladioL-Roma,8.97,76.53,554.31,548.5,563.28,554.31,278.61,76.53,46.78,"64. Manyika, J.; Chui, M.; Bisson, P .; Woetzel, J.; Dobbs, R.; Bughin, J.; Aharon, D.Unlocking the Potential of the"
39,0,0,0,0,11,6,/QIFGYI+URWPalladioL-Ital,8.97,98.05,541.4,405.9,550.37,541.4,291.52,98.05,189.37,"Internet of Things; McKinsey Global Institute: New York, NY, USA, 2015."
39,0,0,0,0,17,6,/SQEGFV+URWPalladioL-Roma,8.97,76.53,528.49,560.72,537.46,528.49,304.43,76.53,34.56,"65. Chae, C.J.; Choi, K.N.; Choi, K.; Yae, Y.H.; Shin, Y. The Extended Authentication Protocol using E-mail"
39,0,0,0,0,17,6,/SQEGFV+URWPalladioL-Roma,8.97,97.7,515.58,522.06,524.54,515.58,317.35,97.7,73.22,"Authentication in OAuth 2.0 Protocol for Secure Granting of User Access. J. Internet Comput. Serv. 2015 ,"
39,0,0,0,0,3,6,/QIFGYI+URWPalladioL-Ital,8.97,97.6,502.67,196.23,511.63,502.67,330.26,97.6,399.04,"16, 21–28. [CrossRef]"
39,0,0,0,0,17,6,/SQEGFV+URWPalladioL-Roma,8.97,76.53,489.75,556.24,498.72,489.75,343.17,76.53,39.04,"66. Emerson, S.; Choi, Y.K.; Hwang, D.Y.; Kim, K.S.; Kim, K.H. An OAuth based authentication mechanism for"
39,0,0,0,0,21,6,/SQEGFV+URWPalladioL-Roma,8.97,97.77,463.93,541.89,485.81,463.93,356.08,97.77,53.39,"IoT networks. In Proceedings of the 2015 International Conference on Information and Communication Technology Convergence (ICTC), Jeju, Korea, 28–30 October 2015."
39,0,0,0,0,17,6,/SQEGFV+URWPalladioL-Roma,8.97,76.53,451.02,569.69,459.99,451.02,381.9,76.53,25.59,"67. Blazquez, A.; Tsiatsis, V .; Vandikas, K. Performance evaluation of openid connect for an iot information"
39,0,0,0,0,21,6,/SQEGFV+URWPalladioL-Roma,8.97,98.05,425.2,550.85,447.07,425.2,394.81,98.05,44.42,"marketplace. In Proceedings of the 2015 IEEE 81st IEEE Vehicular Technology Conference (VTC Spring), Glasgow, UK, 11–14 May 2015; pp. 1–6."
39,0,0,0,0,18,6,/SQEGFV+URWPalladioL-Roma,8.97,76.53,412.29,574.17,421.25,412.29,420.64,76.53,21.11,"68. Kothmayr, T.; Schmitt, C.; Hu, W.; Brunig, M.; Carle, G. A DTLS based end-to-end security architecture for"
39,0,0,0,0,25,6,/SQEGFV+URWPalladioL-Roma,8.97,98.05,386.46,568.79,408.34,386.46,433.55,98.05,26.49,"the Internet of Things with two-way authentication. In Proceedings of the 37th Annual IEEE Conference on Local Computer Networks—Workshops, Clearwater, FL, USA, 22–25 October 2012."
39,0,0,0,0,17,6,/SQEGFV+URWPalladioL-Roma,8.97,76.53,373.55,560.72,382.52,373.55,459.37,76.53,34.56,"69. Kothmayr, T.; Schmitt, C.; Hu, W.; Brünig, M.; Carle, G. DTLS based security and two-way authentication"
39,0,0,0,0,13,6,/SQEGFV+URWPalladioL-Roma,8.97,98.05,360.64,397.01,369.61,360.64,472.28,98.05,198.27,"for the Internet of Things. Ad Hoc Netw. 2013 , 11, 2710–2723. [CrossRef]"
39,0,0,0,0,18,6,/SQEGFV+URWPalladioL-Roma,8.97,76.53,347.73,574.17,356.69,347.73,485.2,76.53,21.11,"70. Li, H.; Lu, R.; Zhou, L.; Yang, B.; Shen, X. An Efﬁcient Merkle-Tree-Based Authentication Scheme for Smart"
39,0,0,0,0,9,6,/SQEGFV+URWPalladioL-Roma,8.97,98.05,334.82,298.15,343.78,334.82,498.11,98.05,297.12,"Grid. IEEE Syst. J. 2014 , 8, 655–663. [CrossRef]"
39,0,0,0,0,17,6,/SQEGFV+URWPalladioL-Roma,8.97,76.53,321.9,574.17,330.87,321.9,511.02,76.53,21.11,"71. Li, D.; Aung, Z.; Williams, J.R.; Sanchez, A. Efﬁcient authentication scheme for data aggregation in smart"
39,0,0,0,0,25,6,/SQEGFV+URWPalladioL-Roma,8.97,97.77,296.08,568.79,317.96,296.08,523.93,97.77,26.49,"grid with fault tolerance and fault diagnosis. In Proceedings of the 2012 IEEE PES Innovative Smart Grid Technologies (ISGT), Washington, DC, USA, 16–20 January 2012."
39,0,0,0,0,18,6,/SQEGFV+URWPalladioL-Roma,8.97,76.53,283.17,551.75,292.14,283.17,549.75,76.53,43.52,"72. Nicanfar, H.; Jokar, P .; Leung, V .C.M. Smart grid authentication and key management for unicast and"
39,0,0,0,0,19,6,/SQEGFV+URWPalladioL-Roma,8.97,97.6,257.35,568.79,279.22,257.35,562.67,97.6,26.49,"multicast communications. In Proceedings of the 2011 IEEE PES Innovative Smart Grid Technologies, Perth, WA, Australia, 13–16 November 2011."
39,0,0,0,0,18,6,/SQEGFV+URWPalladioL-Roma,8.97,76.53,244.43,592.1,253.4,244.43,588.49,76.53,3.17,"73. Chim, T.; Yiu, S.; Hui, L.C.; Li, V .O. PASS: Privacy-preserving authentication scheme for smart grid network."
39,0,0,0,0,18,6,/SQEGFV+URWPalladioL-Roma,8.97,98.05,218.61,559.82,240.49,218.61,601.4,98.05,35.46,"In Proceedings of the 2011 IEEE International Conference on Smart Grid Communications (SmartGridComm), Brussels, Belgium, 17–20 October 2011."
39,0,0,0,0,16,6,/SQEGFV+URWPalladioL-Roma,8.97,76.53,205.7,556.24,214.67,205.7,627.22,76.53,39.04,"74. Fouda, M.M.; Fadlullah, Z.M.; Kato, N.; Lu, R.; Shen, X. Towards a light-weight message authentication"
39,0,0,0,0,24,6,/SQEGFV+URWPalladioL-Roma,8.97,98.05,179.88,528.44,201.75,179.88,640.14,98.05,66.84,"mechanism tailored for Smart Grid communications. In Proceedings of the 2011 IEEE Conference on Computer Communications Workshops (INFOCOM WKSHPS), Shanghai, China, 10–15 April 2011."
39,0,0,0,0,16,6,/SQEGFV+URWPalladioL-Roma,8.97,76.53,166.96,533.82,175.93,166.96,665.96,76.53,61.45,"75. Nicanfar, H.; Jokar, P .; Beznosov, K.; Leung, V .C.M. Efﬁcient Authentication and Key Management"
39,0,0,0,0,13,6,/SQEGFV+URWPalladioL-Roma,8.97,98.05,154.05,460.16,163.02,154.05,678.87,98.05,135.12,"Mechanisms for Smart Grid Communications. IEEE Syst. J.  2014 , 8, 629–640. [CrossRef]"
39,0,0,0,0,16,6,/SQEGFV+URWPalladioL-Roma,8.97,76.53,141.14,529.34,150.11,141.14,691.78,76.53,65.94,"76. Wu, T. The Secure Remote Password Protocol. In Proceedings of the Network and Distributed System"
39,0,0,0,0,13,6,/SQEGFV+URWPalladioL-Roma,8.97,98.05,128.23,461.19,137.2,128.23,704.69,98.05,134.09,"Security Symposium, San Diego, CA, USA, 11–13 March 1998; Volume 98, pp. 97–111."
39,0,0,0,0,15,6,/SQEGFV+URWPalladioL-Roma,8.97,76.53,115.32,538.3,124.28,115.32,717.61,76.53,56.97,"77. Mahmood, K.; Chaudhry, S.A.; Naqvi, H.; Shon, T.; Ahmad, H.F. A lightweight message authentication"
39,0,0,0,0,16,6,/SQEGFV+URWPalladioL-Roma,8.97,98.05,102.41,535.02,111.37,102.41,730.52,98.05,60.26,"scheme for Smart Grid communications in power sector. Comput. Electr. Eng. 2016 , 52, 114–124. [CrossRef]"
39,0,0,0,0,19,6,/SQEGFV+URWPalladioL-Roma,8.97,76.54,89.49,592.1,98.46,89.49,743.43,76.54,3.17,"78. Ji, C.; Kim, J.; Lee, J.Y.; Hong, M. Review of one-time signatures for multicast authentication in smart grid."
39,0,0,0,0,24,6,/SQEGFV+URWPalladioL-Roma,8.97,97.6,63.67,559.82,85.55,63.67,756.34,97.6,35.46,"In Proceedings of the 2015 12th International Conference & Expo on Emerging Technologies for a Smarter World (CEWIT), Melville, NY, USA, 19–20 October 2015."
40,0,0,0,0,8,7,/QIFGYI+URWPalladioL-Ital,7.97,76.31,770.94,190.78,778.91,770.94,62.98,76.31,404.5,"Sensors 2019 , 19, 1141 40 of 43"
40,0,0,0,0,17,6,/SQEGFV+URWPalladioL-Roma,8.97,76.53,735.08,583.14,744.04,735.08,97.85,76.53,12.14,"79. Chim, T.W.; Yiu, S.M.; Li, V .O.; Hui, L.C.; Zhong, J. PRGA: Privacy-preserving recording & gateway-assisted"
40,0,0,0,0,15,6,/SQEGFV+URWPalladioL-Roma,8.97,98.05,722.16,522.06,731.13,722.16,110.76,98.05,73.22,"authentication of power usage information for smart grid. IEEE Trans. Dependable Secur. Comput. 2015 ,"
40,0,0,0,0,18,6,/SQEGFV+URWPalladioL-Roma,8.97,76.53,696.34,466.57,705.31,696.34,136.58,76.53,128.7,"80. Li, Q.; Cao, G. Multicast Authentication in the Smart Grid With One-Time Signature. IEEE Trans. Smart Grid"
40,0,0,0,0,4,6,/SQEGFV+URWPalladioL-Roma,8.97,98.05,683.43,223.58,692.39,683.43,149.5,98.05,371.7,"2011, 2, 686–696. [CrossRef]"
40,0,0,0,0,20,6,/SQEGFV+URWPalladioL-Roma,8.97,76.53,670.52,560.72,679.48,670.52,162.41,76.53,34.56,"81. Xu, H.; Ding, J.; Li, P .; Zhu, F.; Wang, R. A Lightweight RFID Mutual Authentication Protocol Based on"
40,0,0,0,0,10,6,/SQEGFV+URWPalladioL-Roma,8.97,98.05,657.61,404.7,666.57,657.61,175.32,98.05,190.58,"Physical Unclonable Function. Sensors 2018 , 18, 760. [CrossRef] [PubMed]"
40,0,0,0,0,16,6,/SQEGFV+URWPalladioL-Roma,8.97,76.53,644.69,556.24,653.66,644.69,188.23,76.53,39.04,"82. Yang, K.; Forte, D.; Tehranipoor, M.M. Protecting endpoint devices in IoT supply chain. In Proceedings"
40,0,0,0,0,16,6,/SQEGFV+URWPalladioL-Roma,8.97,98.05,618.87,532.92,640.75,618.87,201.14,98.05,62.36,"of the 2015 IEEE/ACM International Conference on Computer-Aided Design (ICCAD), Austin, TX, USA, 2–6 November 2015."
40,0,0,0,0,15,6,/SQEGFV+URWPalladioL-Roma,8.97,76.53,605.96,524.86,614.93,605.96,226.96,76.53,70.42,"83. Lee, J.Y.; Lin, W.C.; Huang, Y.H. A lightweight authentication protocol for Internet of Things."
40,0,0,0,0,16,6,/SQEGFV+URWPalladioL-Roma,8.97,97.77,580.14,550.85,602.01,580.14,239.88,97.77,44.42,"In Proceedings of the 2014 International Symposium on Next-Generation Electronics (ISNE), Kwei-Shan, Taiwan, 7–10 May 2014."
40,0,0,0,0,16,6,/SQEGFV+URWPalladioL-Roma,8.97,76.53,567.22,394.97,576.19,567.22,265.7,76.53,200.31,"84. Tuyls, P .; Batina, L. RFID-Tags for Anti-counterfeiting. In Topics in Cryptology—CT-RSA 2006 ; Springer:"
40,0,0,0,0,5,6,/SQEGFV+URWPalladioL-Roma,8.97,98.05,554.31,308.76,563.28,554.31,278.61,98.05,286.52,"Berlin/Heidelberg, Germany, 2006; pp. 115–131."
40,0,0,0,0,16,6,/SQEGFV+URWPalladioL-Roma,8.97,76.53,541.4,551.75,550.37,541.4,291.52,76.53,43.52,"85. Gope, P .; Lee, J.; Quek, T.Q.S. Lightweight and Practical Anonymous Authentication Protocol for RFID"
40,0,0,0,0,15,6,/SQEGFV+URWPalladioL-Roma,8.97,98.05,515.58,529.86,537.46,515.58,304.43,98.05,65.42,"Systems Using Physically Unclonable Functions. IEEE Trans. Inf. Forensics Secur. 2018 , 13, 2831–2843. [CrossRef]"
40,0,0,0,0,18,6,/SQEGFV+URWPalladioL-Roma,8.97,76.53,502.67,556.24,511.63,502.67,330.26,76.53,39.04,"86. Brian, A.L.A.; Arockiam, L.; Malarchelvi, P . An IOT based secured smart library system with NFC based"
40,0,0,0,0,13,6,/SQEGFV+URWPalladioL-Roma,8.97,98.05,489.75,401.26,498.72,489.75,343.17,98.05,194.01,"book tracking. Int. J. Emerg. Technol. Comput. Sci. Electron. 2014 , 11, 18–21."
40,0,0,0,0,17,6,/SQEGFV+URWPalladioL-Roma,8.97,76.54,476.84,574.17,485.81,476.84,356.08,76.54,21.11,"87. Fan, K.; Gong, Y.; Liang, C.; Li, H.; Yang, Y. Lightweight and ultralightweight RFID mutual authentication"
40,0,0,0,0,18,6,/SQEGFV+URWPalladioL-Roma,8.97,97.78,463.93,509.11,472.9,463.93,368.99,97.78,86.17,"protocol with cache in the reader for IoT in 5G. Secur. Commun. Netw. 2016 , 9, 3095–3104. [CrossRef]"
40,0,0,0,0,16,6,/SQEGFV+URWPalladioL-Roma,8.97,76.54,451.02,560.72,459.99,451.02,381.9,76.54,34.56,"88. Fan, K.; Song, P .; Yang, Y. ULMAP: Ultralightweight NFC mutual authentication protocol with pseudonyms"
40,0,0,0,0,15,6,/SQEGFV+URWPalladioL-Roma,8.97,98.05,438.11,390.66,447.07,438.11,394.81,98.05,204.62,"in the tag for IoT in 5G. Mob. Inf. Syst. 2017 , 2017, 2349149. [CrossRef]"
40,0,0,0,0,15,6,/SQEGFV+URWPalladioL-Roma,8.97,76.53,425.2,569.69,434.16,425.2,407.73,76.53,25.59,"89. Chan, A.C.F.; Zhou, J. Cyber–physical device authentication for the smart grid electric vehicle ecosystem."
40,0,0,0,0,10,6,/QIFGYI+URWPalladioL-Ital,8.97,98.05,412.29,344.05,421.25,412.29,420.64,98.05,251.23,"IEEE J. Sel. Areas Commun. 2014 , 32, 1509–1517. [CrossRef]"
40,0,0,0,0,14,6,/SQEGFV+URWPalladioL-Roma,8.97,76.53,399.37,524.86,408.34,399.37,433.55,76.53,70.42,"90. Zhang, L.; Wu, Q.; Domingo-Ferrer, J.; Qin, B.; Hu, C. Distributed Aggregate Privacy-Preserving"
40,0,0,0,0,13,6,/SQEGFV+URWPalladioL-Roma,8.97,97.7,386.46,462.04,395.43,386.46,446.46,97.7,133.24,"Authentication in VANETs. IEEE Trans. Intell. Transp. Syst. 2017 , 18, 516–526. [CrossRef]"
40,0,0,0,0,14,6,/SQEGFV+URWPalladioL-Roma,8.97,76.53,373.55,533.82,382.52,373.55,459.37,76.53,61.45,"91. Zhang, L.; Hu, C.; Wu, Q.; Domingo-Ferrer, J.; Qin, B. Privacy-preserving vehicular communication"
40,0,0,0,0,15,6,/SQEGFV+URWPalladioL-Roma,8.97,98.05,347.73,530.52,369.61,347.73,472.28,98.05,64.75,"authentication with hierarchical aggregation and fast response. IEEE Trans. Comput. 2016 , 65, 2562–2574. [CrossRef]"
40,0,0,0,0,15,6,/SQEGFV+URWPalladioL-Roma,8.97,76.53,334.82,551.75,343.78,334.82,498.11,76.53,43.52,"92. Lyu, C.; Gu, D.; Zeng, Y.; Mohapatra, P . PBA: Prediction-Based Authentication for Vehicle-to-Vehicle"
40,0,0,0,0,11,6,/SQEGFV+URWPalladioL-Roma,8.97,98.05,321.9,444.07,330.87,321.9,511.02,98.05,151.21,"Communications. IEEE Trans. Dependable Secur. Comput. 2016 , 13, 71–83. [CrossRef]"
40,0,0,0,0,16,6,/SQEGFV+URWPalladioL-Roma,8.97,76.54,308.99,542.79,317.96,308.99,523.93,76.54,52.49,"93. Lalli, M.; Graphy, G.S. Prediction based dual authentication model for VANET. In Proceedings of the"
40,0,0,0,0,14,6,/SQEGFV+URWPalladioL-Roma,8.97,97.6,283.17,537.4,305.05,283.17,536.84,97.6,57.87,"2017 International Conference on Computing Methodologies and Communication (ICCMC), Erode, India, 18–19 July 2017."
40,0,0,0,0,14,6,/SQEGFV+URWPalladioL-Roma,8.97,76.53,270.26,515.89,279.22,270.26,562.67,76.53,79.39,"94. Rekik, M.; Meddeb-Makhlouf, A.; Zarai, F.; Obaidat, M.S. Improved Dual Authentication and Key"
40,0,0,0,0,28,6,/SQEGFV+URWPalladioL-Roma,8.97,97.6,231.52,527.99,266.31,231.52,575.58,97.6,67.29,"Management Techniques in Vehicular Ad Hoc Networks. In Proceedings of the 2017 IEEE/ACS 14th International Conference on Computer Systems and Applications (AICCSA), Hammamet, Tunisia, 30 October–3 November 2017."
40,0,0,0,0,14,6,/SQEGFV+URWPalladioL-Roma,8.97,76.53,218.61,511.41,227.58,218.61,614.31,76.53,83.87,"95. Roberts, B.; Akkaya, K.; Bulut, E.; Kisacikoglu, M. An Authentication Framework for Electric"
40,0,0,0,0,27,6,/SQEGFV+URWPalladioL-Roma,8.97,97.73,192.79,555.01,214.67,192.79,627.22,97.73,40.26,"Vehicle-to-Electric Vehicle Charging Applications. In Proceedings of the 2017 IEEE 14th International Conference on Mobile Ad Hoc and Sensor Systems (MASS), Orlando, FL, USA, 22–25 October 2017."
40,0,0,0,0,13,6,/SQEGFV+URWPalladioL-Roma,8.97,76.53,179.88,551.75,188.84,179.88,653.05,76.53,43.52,"96. Tangade, S.; Manvi, S.S. Scalable and privacy-preserving authentication protocol for secure vehicular"
40,0,0,0,0,21,6,/SQEGFV+URWPalladioL-Roma,8.97,97.77,154.05,537.4,175.93,154.05,665.96,97.77,57.87,"communications. In Proceedings of the 2016 IEEE International Conference on Advanced Networks and Telecommunications Systems (ANTS), Bangalore, India, 6–9 November 2016."
40,0,0,0,0,13,6,/SQEGFV+URWPalladioL-Roma,8.97,76.53,141.14,511.41,150.11,141.14,691.78,76.53,83.87,"97. Waghmode, R.; Gonsalves, R.; Ambawade, D. Security enhancement in group based authentication"
40,0,0,0,0,25,6,/SQEGFV+URWPalladioL-Roma,8.97,98.05,115.32,550.85,137.2,115.32,704.69,98.05,44.42,"for VANET. In Proceedings of the 2016 IEEE International Conference on Recent Trends in Electronics, Information & Communication Technology (RTEICT), Bangalore, India, 20–21 May 2016."
40,0,0,0,0,17,6,/SQEGFV+URWPalladioL-Roma,8.97,76.53,102.41,547.27,111.37,102.41,730.52,76.53,48.0,"98. Shao, J.; Lu, R.; Lin, X.; Zuo, C. New threshold anonymous authentication for VANETs. In Proceedings"
40,0,0,0,0,16,6,/SQEGFV+URWPalladioL-Roma,8.97,98.05,76.58,537.4,98.46,76.58,743.43,98.05,57.87,"of the 2015 IEEE/CIC International Conference on Communications in China (ICCC), Shenzhen, China, 2–4 November 2015."
41,0,0,0,0,8,7,/QIFGYI+URWPalladioL-Ital,7.97,76.31,770.94,190.78,778.91,770.94,62.98,76.31,404.5,"Sensors 2019 , 19, 1141 41 of 43"
41,0,0,0,0,18,6,/QIFGYI+URWPalladioL-Ital,8.97,76.53,735.08,506.92,744.04,735.08,97.85,76.53,88.35,"IEEE Trans. 99. Shao, J.; Lin, X.; Lu, R.; Zuo, C. A Threshold Anonymous Authentication Protocol for VANETs."
41,0,0,0,0,7,6,/QIFGYI+URWPalladioL-Ital,8.97,97.41,722.16,287.61,731.13,722.16,110.76,97.41,307.67,"Veh. Technol. 2016 , 65, 1711–1720. [CrossRef]"
41,0,0,0,0,16,6,/SQEGFV+URWPalladioL-Roma,8.97,76.53,709.25,596.59,718.22,709.25,123.67,76.53,-1.31,"100. Dolev, S.; Krzywiecki, Ł.; Panwar, N.; Segal, M. Vehicle authentication via monolithically certiﬁed public key"
41,0,0,0,0,9,6,/SQEGFV+URWPalladioL-Roma,8.97,98.05,696.34,338.91,705.31,696.34,136.58,98.05,256.36,"and attributes. Wirel. Netw. 2015 , 22, 879–896. [CrossRef]"
41,0,0,0,0,17,6,/SQEGFV+URWPalladioL-Roma,8.97,76.53,683.43,587.62,692.39,683.43,149.5,76.53,7.66,"101. Kumar, A.; Prakash, A.; Sharma, S.; Jyoti, K. Vehicle authentication and message hiding protocol for vehicle"
41,0,0,0,0,22,6,/SQEGFV+URWPalladioL-Roma,8.97,98.05,657.61,550.85,679.48,657.61,162.41,98.05,44.42,"to vehicle communication. In Proceedings of the 2015 1st International Conference on Next Generation Computing Technologies (NGCT), Dehradun, India, 4–5 September 2015."
41,0,0,0,0,16,6,/SQEGFV+URWPalladioL-Roma,8.97,76.53,644.69,560.72,653.66,644.69,188.23,76.53,34.56,"102. Cespedes, S.; Taha, S.; Shen, X. A Multihop-Authenticated Proxy Mobile IP Scheme for Asymmetric VANETs."
41,0,0,0,0,7,6,/QIFGYI+URWPalladioL-Ital,8.97,98.05,631.78,335.36,640.75,631.78,201.14,98.05,259.91,"IEEE Trans. Veh. Technol.2013, 62, 3271–3286. [CrossRef]"
41,0,0,0,0,19,6,/SQEGFV+URWPalladioL-Roma,8.97,76.54,618.87,574.17,627.84,618.87,214.05,76.54,21.11,"103. Huth, C.; Zibuschka, J.; Duplys, P .; Guneysu, T. Securing systems on the Internet of Things via physical"
41,0,0,0,0,22,6,/SQEGFV+URWPalladioL-Roma,8.97,97.75,593.05,546.1,614.93,593.05,226.96,97.75,49.17,"properties of devices and communications. In Proceedings of the 2015 Annual IEEE Systems Conference (SysCon) Proceedings, Vancouver, BC, Canada, 13–16 April 2015."
41,0,0,0,0,17,6,/SQEGFV+URWPalladioL-Roma,8.97,76.53,580.14,569.69,589.1,580.14,252.79,76.53,25.59,"104. Sun, X.; Men, S.; Zhao, C.; Zhou, Z. A security authentication scheme in machine-to-machine home network"
41,0,0,0,0,9,6,/SQEGFV+URWPalladioL-Roma,8.97,98.05,567.22,354.45,576.19,567.22,265.7,98.05,240.82,"service. Secur. Commun. Netw. 2012 , 8, 2678–2686. [CrossRef]"
41,0,0,0,0,17,6,/SQEGFV+URWPalladioL-Roma,8.97,76.53,554.31,569.69,563.28,554.31,278.61,76.53,25.59,"105. Zhao, M.; Yao, X.; Liu, H.; Ning, H. Physical Unclonable Function Based Authentication Protocol for Unit"
41,0,0,0,0,27,6,/SQEGFV+URWPalladioL-Roma,8.97,98.05,528.49,573.27,550.37,528.49,291.52,98.05,22.01,"IoT and Ubiquitous IoT. In Proceedings of the 2016 International Conference on Identiﬁcation, Information and Knowledge in the Internet of Things (IIKI), Beijing, China, 20–21 October 2016."
41,0,0,0,0,15,6,/SQEGFV+URWPalladioL-Roma,8.97,76.53,515.58,556.24,524.54,515.58,317.35,76.53,39.04,"106. Muhal, M.A.; Luo, X.; Mahmood, Z.; Ullah, A. Physical Unclonable Function Based Authentication Scheme"
41,0,0,0,0,28,6,/SQEGFV+URWPalladioL-Roma,8.97,98.05,489.75,577.75,511.63,489.75,330.26,98.05,17.52,"for Smart Devices in Internet of Things. In Proceedings of the 2018 IEEE International Conference on Smart Internet of Things (SmartIoT), Xi’an, China, 17–19 August 2018; pp. 160–165."
41,0,0,0,0,17,6,/SQEGFV+URWPalladioL-Roma,8.97,76.53,476.84,556.24,485.81,476.84,356.08,76.53,39.04,"107. Jan, M.A.; Khan, F.; Alam, M.; Usman, M. A payload-based mutual authentication scheme for Internet of"
41,0,0,0,0,10,6,/SQEGFV+URWPalladioL-Roma,8.97,97.77,463.93,372.43,472.9,463.93,368.99,97.77,222.85,"Things. Future Gen. Comput. Syst. 2019 , 92, 1028–1039. [CrossRef]"
41,0,0,0,0,17,6,/SQEGFV+URWPalladioL-Roma,8.97,76.53,451.02,565.2,459.99,451.02,381.9,76.53,30.07,"108. Hammi, M.T.; Livolant, E.; Bellot, P .; Serhrouchni, A.; Minet, P . A Lightweight Mutual Authentication"
41,0,0,0,0,16,6,/SQEGFV+URWPalladioL-Roma,8.97,98.05,438.11,506.31,447.07,438.11,394.81,98.05,88.96,"Protocol for the IoT. In Mobile and Wireless Technologies 2017 ; Springer: Singapore, 2017; pp. 3–12."
41,0,0,0,0,20,6,/SQEGFV+URWPalladioL-Roma,8.97,76.54,425.2,592.1,434.16,425.2,407.73,76.54,3.17,"109. Du, W.; Deng, J.; Han, Y.S.; Varshney, P .K.; Katz, J.; Khalili, A. A pairwise key predistribution scheme for"
41,0,0,0,0,13,6,/SQEGFV+URWPalladioL-Roma,8.97,97.67,412.29,438.66,421.25,412.29,420.64,97.67,156.61,"wireless sensor networks. ACM Trans. Inf. Syst. Secur. 2005 , 8, 228–258. [CrossRef]"
41,0,0,0,0,19,6,/SQEGFV+URWPalladioL-Roma,8.97,76.54,399.37,480.02,408.34,399.37,433.55,76.54,115.25,"110. Liu, D.; Ning, P .; Li, R. Establishing pairwise keys in distributed sensor networks. ACM Trans. Inf. Syst."
41,0,0,0,0,6,6,/QIFGYI+URWPalladioL-Ital,8.97,97.8,386.46,239.32,395.43,386.46,446.46,97.8,355.96,"Secur. 2005 , 8, 41–77. [CrossRef]"
41,0,0,0,0,15,6,/SQEGFV+URWPalladioL-Roma,8.97,76.54,373.55,583.14,382.52,373.55,459.37,76.54,12.14,"111. Srinivas, J.; Mukhopadhyay, S.; Mishra, D. Secure and efﬁcient user authentication scheme for multi-gateway"
41,0,0,0,0,11,6,/SQEGFV+URWPalladioL-Roma,8.97,97.67,360.64,387.64,369.61,360.64,472.28,97.67,207.64,"wireless sensor networks. Ad Hoc Netw. 2017 , 54, 147–169. [CrossRef]"
41,0,0,0,0,16,6,/SQEGFV+URWPalladioL-Roma,8.97,76.54,347.73,574.17,356.69,347.73,485.2,76.54,21.11,"112. Choi, Y.; Lee, Y.; Moon, J.; Won, D. Security enhanced multi-factor biometric authentication scheme using"
41,0,0,0,0,10,6,/SQEGFV+URWPalladioL-Roma,8.97,98.05,334.82,391.9,343.78,334.82,498.11,98.05,203.38,"bio-hash function. PLoS ONE 2017 , 12, e0176250. [CrossRef] [PubMed]"
41,0,0,0,0,17,6,/SQEGFV+URWPalladioL-Roma,8.97,76.53,321.9,592.1,330.87,321.9,511.02,76.53,3.17,"113. Schmitt, C.; Noack, M.; Stiller, B. TinyTO: Two-way authentication for constrained devices in the Internet of"
41,0,0,0,0,13,6,/SQEGFV+URWPalladioL-Roma,8.97,97.77,308.99,470.87,317.96,308.99,523.93,97.77,124.4,"Things. In Internet of Things ; Elsevier: Amsterdam, The Netherlands, 2016; pp. 239–258."
41,0,0,0,0,16,6,/SQEGFV+URWPalladioL-Roma,8.97,76.53,296.08,556.24,305.05,296.08,536.84,76.53,39.04,"114. Porambage, P .; Schmitt, C.; Kumar, P .; Gurtov, A.; Ylianttila, M. Two-phase authentication protocol"
41,0,0,0,0,25,6,/SQEGFV+URWPalladioL-Roma,8.97,98.05,270.26,559.82,292.14,270.26,549.75,98.05,35.46,"for wireless sensor networks in distributed IoT applications. In Proceedings of the 2014 IEEE Wireless Communications and Networking Conference (WCNC), Istanbul, Turkey, 6–9 April 2014."
41,0,0,0,0,18,6,/SQEGFV+URWPalladioL-Roma,8.97,76.53,257.35,560.72,266.31,257.35,575.58,76.53,34.56,"115. Fu, A.; Lan, S.; Huang, B.; Zhu, Z.; Zhang, Y. A Novel Group-Based Handover Authentication Scheme with"
41,0,0,0,0,14,6,/SQEGFV+URWPalladioL-Roma,8.97,98.05,244.43,525.45,253.4,244.43,588.49,98.05,69.83,"Privacy Preservation for Mobile WiMAX Networks. IEEE Commun. Lett. 2012 , 16, 1744–1747. [CrossRef]"
41,0,0,0,0,19,6,/SQEGFV+URWPalladioL-Roma,8.97,76.54,231.52,565.2,240.49,231.52,601.4,76.54,30.07,"116. Kumari, S.; Li, X.; Wu, F.; Das, A.K.; Arshad, H.; Khan, M.K. A user friendly mutual authentication and"
41,0,0,0,0,16,6,/SQEGFV+URWPalladioL-Roma,8.97,98.05,218.61,522.06,227.58,218.61,614.31,98.05,73.22,"key agreement scheme for wireless sensor networks using chaotic maps. Future Gen. Comput. Syst. 2016 ,"
41,0,0,0,0,3,6,/QIFGYI+URWPalladioL-Ital,8.97,98.05,205.7,196.68,214.67,205.7,627.22,98.05,398.59,"63, 56–75. [CrossRef]"
41,0,0,0,0,17,6,/SQEGFV+URWPalladioL-Roma,8.97,76.53,192.79,565.2,201.75,192.79,640.14,76.53,30.07,"117. Chung, Y.; Choi, S.; Lee, Y.; Park, N.; Won, D. An Enhanced Lightweight Anonymous Authentication Scheme"
41,0,0,0,0,17,6,/SQEGFV+URWPalladioL-Roma,8.97,98.05,166.96,535.71,188.84,166.96,653.05,98.05,59.56,"for a Scalable Localization Roaming Service in Wireless Sensor Networks. Sensors 2016 , 16, 1653. [CrossRef] [PubMed]"
41,0,0,0,0,15,6,/SQEGFV+URWPalladioL-Roma,8.97,76.53,154.05,556.24,163.02,154.05,678.87,76.53,39.04,"118. Gope, P .; Hwang, T. A Realistic Lightweight Anonymous Authentication Protocol for Securing Real-Time"
41,0,0,0,0,16,6,/SQEGFV+URWPalladioL-Roma,8.97,97.7,128.23,529.85,150.11,128.23,691.78,97.7,65.42,"Application Data Access in Wireless Sensor Networks. IEEE Trans. Ind. Electron. 2016 , 63, 7124–7132. [CrossRef]"
41,0,0,0,0,17,6,/SQEGFV+URWPalladioL-Roma,8.97,76.53,115.32,533.82,124.28,115.32,717.61,76.53,61.45,"119. Turkanovi´ c, M.; Brumen, B.; Hölbl, M. A novel user authentication and key agreement scheme for"
41,0,0,0,0,18,6,/SQEGFV+URWPalladioL-Roma,8.97,98.05,102.41,522.12,111.37,102.41,730.52,98.05,73.16,"heterogeneous ad hoc wireless sensor networks, based on the Internet of Things notion. Ad Hoc Netw. 2014 ,"
41,0,0,0,0,3,6,/QIFGYI+URWPalladioL-Ital,8.97,97.83,89.49,200.94,98.46,89.49,743.43,97.83,394.34,"20, 96–112. [CrossRef]"
41,0,0,0,0,17,6,/SQEGFV+URWPalladioL-Roma,8.97,76.53,76.58,556.24,85.55,76.58,756.34,76.53,39.04,"120. Ye, N.; Zhu, Y.; Wang, R.C.; Malekian, R.; Qiao-min, L. An Efﬁcient Authentication and Access Control"
41,0,0,0,0,17,6,/SQEGFV+URWPalladioL-Roma,8.97,98.05,63.67,510.83,72.64,63.67,769.25,98.05,84.44,"Scheme for Perception Layer of Internet of Things. Appl. Math. Inf. Sci. 2014 , 8, 1617–1624. [CrossRef]"
42,0,0,0,0,8,7,/QIFGYI+URWPalladioL-Ital,7.97,76.31,770.94,190.78,778.91,770.94,62.98,76.31,404.5,"Sensors 2019 , 19, 1141 42 of 43"
42,0,0,0,0,19,6,/SQEGFV+URWPalladioL-Roma,8.97,76.53,735.08,569.69,744.04,735.08,97.85,76.53,25.59,"121. Chu, F.; Zhang, R.; Ni, R.; Dai, W. An Improved Identity Authentication Scheme for Internet of Things in"
42,0,0,0,0,20,6,/SQEGFV+URWPalladioL-Roma,8.97,98.05,709.25,541.89,731.13,709.25,110.76,98.05,53.39,"Heterogeneous Networking Environments. In Proceedings of the 2013 16th International Conference on Network-Based Information Systems, Gwangju, Korea, 4–6 September 2013."
42,0,0,0,0,15,6,/SQEGFV+URWPalladioL-Roma,8.97,76.53,696.34,583.14,705.31,696.34,136.58,76.53,12.14,"122. Kumar, P .; Lee, S.G.; Lee, H.J. E-SAP: Efﬁcient-Strong Authentication Protocol for Healthcare Applications"
42,0,0,0,0,12,6,/SQEGFV+URWPalladioL-Roma,8.97,98.05,683.43,477.12,692.39,683.43,149.5,98.05,118.16,"Using Wireless Medical Sensor Networks. Sensors 2012 , 12, 1625–1647. [CrossRef] [PubMed]"
42,0,0,0,0,16,6,/SQEGFV+URWPalladioL-Roma,8.97,76.54,670.52,522.06,679.48,670.52,162.41,76.54,73.22,"123. Das, M.L. Two-factor user authentication in wireless sensor networks. IEEE Trans. Wirel. Commun. 2009 ,"
42,0,0,0,0,3,6,/QIFGYI+URWPalladioL-Ital,8.97,98.05,657.61,210.13,666.57,657.61,175.32,98.05,385.15,"8, 1086–1090. [CrossRef]"
42,0,0,0,0,14,6,/SQEGFV+URWPalladioL-Roma,8.97,76.53,644.69,551.75,653.66,644.69,188.23,76.53,43.52,"124. Durairaj, M.; Muthuramalingam, K. A New Authentication Scheme with Elliptical Curve Cryptography for"
42,0,0,0,0,14,6,/SQEGFV+URWPalladioL-Roma,8.97,98.05,631.78,456.6,640.75,631.78,201.14,98.05,138.67,"Internet of Things (IoT) Environments. Int. J. Eng. Technol. 2018 , 7, 119–124. [CrossRef]"
42,0,0,0,0,18,6,/SQEGFV+URWPalladioL-Roma,8.97,76.53,618.87,565.2,627.84,618.87,214.05,76.53,30.07,"125. Hamidi, H. An approach to develop the smart health using Internet of Things and authentication based on"
42,0,0,0,0,11,6,/SQEGFV+URWPalladioL-Roma,8.97,98.05,605.96,419.39,614.93,605.96,226.96,98.05,175.88,"biometric technology. Future Gen. Comput. Syst. 2019 , 91, 434–449. [CrossRef]"
42,0,0,0,0,12,6,/SQEGFV+URWPalladioL-Roma,8.97,76.53,593.05,538.3,602.01,593.05,239.88,76.53,56.97,"126. Alotaibi, M. An Enhanced Symmetric Cryptosystem and Biometric-Based Anonymous User Authentication"
42,0,0,0,0,14,6,/SQEGFV+URWPalladioL-Roma,8.97,98.05,580.14,488.07,589.1,580.14,252.79,98.05,107.21,"and Session Key Establishment Scheme for WSN. IEEE Access 2018 , 6, 70072–70087. [CrossRef]"
42,0,0,0,0,19,6,/SQEGFV+URWPalladioL-Roma,8.97,76.53,567.22,587.62,576.19,567.22,265.7,76.53,7.66,"127. Armando, A.; Basin, D.; Boichut, Y.; Chevalier, Y.; Compagna, L.; Cuellar, J.; Drielsma, P .H.; Heám, P .C.;"
42,0,0,0,0,35,6,/SQEGFV+URWPalladioL-Roma,8.97,98.05,528.49,573.27,563.28,528.49,278.61,98.05,22.01,"Kouchnarenko, O.; Mantovani, J.; et al. The AVISPA Tool for the Automated Validation of Internet Security Protocols and Applications. In Computer Aided Veriﬁcation ; Etessami, K., Rajamani, S.K., Eds.; Springer: Berlin/Heidelberg, Germany, 2005; pp. 281–285."
42,0,0,0,0,18,6,/SQEGFV+URWPalladioL-Roma,8.97,76.53,515.58,592.1,524.54,515.58,317.35,76.53,3.17,"128. Lai, C.; Li, H.; Liang, X.; Lu, R.; Zhang, K.; Shen, X. CPAL: A Conditional Privacy-Preserving Authentication"
42,0,0,0,0,15,6,/SQEGFV+URWPalladioL-Roma,8.97,97.6,502.67,485.34,511.63,502.67,330.26,97.6,109.94,"With Access Linkability for Roaming Service. IEEE Internet Things J. 2014 , 1, 46–57. [CrossRef]"
42,0,0,0,0,15,6,/SQEGFV+URWPalladioL-Roma,8.97,76.53,489.75,574.17,498.72,489.75,343.17,76.53,21.11,"129. Haddad, Z.J.; Taha, S.; Saroit, I.A. Anonymous authentication and location privacy preserving schemes for"
42,0,0,0,0,10,6,/SQEGFV+URWPalladioL-Roma,8.97,98.05,476.84,363.53,485.81,476.84,356.08,98.05,231.74,"LTE-A networks. Egypt. Inform. J. 2017 , 18, 193–203. [CrossRef]"
42,0,0,0,0,19,6,/SQEGFV+URWPalladioL-Roma,8.97,76.53,463.93,569.69,472.9,463.93,368.99,76.53,25.59,"130. Lai, C.; Li, H.; Lu, R.; Shen, X.S. SE-AKA: A secure and efﬁcient group authentication and key agreement"
42,0,0,0,0,11,6,/SQEGFV+URWPalladioL-Roma,8.97,97.78,451.02,405.68,459.99,451.02,381.9,97.78,189.6,"protocol for LTE networks. Comput. Netw. 2013 , 57, 3492–3510. [CrossRef]"
42,0,0,0,0,21,6,/SQEGFV+URWPalladioL-Roma,8.97,76.53,438.11,574.17,447.07,438.11,394.81,76.53,21.11,"131. Lai, C.; Li, H.; Lu, R.; Jiang, R.; Shen, X. SEGR: A secure and efﬁcient group roaming scheme for machine"
42,0,0,0,0,24,6,/SQEGFV+URWPalladioL-Roma,8.97,98.05,412.29,506.02,434.16,412.29,407.73,98.05,89.25,"to machine communications between 3GPP and WiMAX networks. In Proceedings of the 2014 IEEE International Conference on Communications (ICC), Sydney, Australia, 10–14 June 2014."
42,0,0,0,0,17,6,/SQEGFV+URWPalladioL-Roma,8.97,76.53,399.37,583.14,408.34,399.37,433.55,76.53,12.14,"132. Zhu, H.; Lin, X.; Zhang, Y.; Lu, R. Duth: A user-friendly dual-factor authentication for Android smartphone"
42,0,0,0,0,9,6,/SQEGFV+URWPalladioL-Roma,8.97,98.05,386.46,356.39,395.43,386.46,446.46,98.05,238.89,"devices. Secur. Commun. Netw. 2014 , 8, 1213–1222. [CrossRef]"
42,0,0,0,0,17,6,/SQEGFV+URWPalladioL-Roma,8.97,76.53,373.55,574.17,382.52,373.55,459.37,76.53,21.11,"133. Sbeyti, H.; El Hage, B.; Fadlallah, A. Mobile user signature extraction based on user behavioural pattern"
42,0,0,0,0,11,6,/SQEGFV+URWPalladioL-Roma,8.97,97.75,360.64,404.14,369.61,360.64,472.28,97.75,191.13,"(MUSEP). Int. J. Pervasive Comput. Commun. 2016 , 12, 421–446. [CrossRef]"
42,0,0,0,0,15,6,/SQEGFV+URWPalladioL-Roma,8.97,76.53,347.73,538.3,356.69,347.73,485.2,76.53,56.97,"134. Aman, M.N.; Chua, K.C.; Sikdar, B. Mutual Authentication in IoT Systems Using Physical Unclonable"
42,0,0,0,0,10,6,/SQEGFV+URWPalladioL-Roma,8.97,98.05,334.82,366.01,343.78,334.82,498.11,98.05,229.27,"Functions. IEEE Internet Things J. 2017 , 4, 1327–1340. [CrossRef]"
42,0,0,0,0,17,6,/SQEGFV+URWPalladioL-Roma,8.97,76.53,321.9,565.2,330.87,321.9,511.02,76.53,30.07,"135. Lai, C.; Lu, R.; Zheng, D.; Li, H.; Shen, X.S. GLARM: Group-based lightweight authentication scheme for"
42,0,0,0,0,12,6,/SQEGFV+URWPalladioL-Roma,8.97,98.05,308.99,516.92,317.96,308.99,523.93,98.05,78.35,"resource-constrained machine to machine communications. Comput. Netw. 2016 , 99, 66–81. [CrossRef]"
42,0,0,0,0,20,6,/SQEGFV+URWPalladioL-Roma,8.97,76.54,296.08,574.17,305.05,296.08,536.84,76.54,21.11,"136. Chen, D.; Zhang, N.; Qin, Z.; Mao, X.; Qin, Z.; Shen, X.; Li, X. S2M: A Lightweight Acoustic Fingerprints"
42,0,0,0,0,14,6,/SQEGFV+URWPalladioL-Roma,8.97,98.05,283.17,498.63,292.14,283.17,549.75,98.05,96.65,"based Wireless Device Authentication Protocol. IEEE Internet Things J. 2016 , 4, 88–100. [CrossRef]"
42,0,0,0,0,19,6,/SQEGFV+URWPalladioL-Roma,8.97,76.53,270.26,526.54,279.22,270.26,562.67,76.53,68.73,"137. Mukhopadhyay, D. PUFs as Promising Tools for Security in Internet of Things. IEEE Des. Test 2016 , 33,"
42,0,0,0,0,13,6,/SQEGFV+URWPalladioL-Roma,8.97,76.53,244.43,569.69,253.4,244.43,588.49,76.53,25.59,"138. Wallrabenstein, J.R. Practical and Secure IoT Device Authentication Using Physical Unclonable Functions."
42,0,0,0,0,22,6,/SQEGFV+URWPalladioL-Roma,8.97,97.75,218.61,546.37,240.49,218.61,601.4,97.75,48.91,"In Proceedings of the 2016 IEEE 4th International Conference on Future Internet of Things and Cloud (FiCloud), Vienna, Austria, 22–24 August 2016."
42,0,0,0,0,15,6,/SQEGFV+URWPalladioL-Roma,8.97,76.53,205.7,578.65,214.67,205.7,627.22,76.53,16.62,"139. Barbareschi, M.; Bagnasco, P .; Mazzeo, A. Authenticating IoT Devices with Physically Unclonable Functions"
42,0,0,0,0,24,6,/SQEGFV+URWPalladioL-Roma,8.97,98.05,179.88,586.72,201.75,179.88,640.14,98.05,8.56,"Models. In Proceedings of the 2015 10th International Conference on P2P , Parallel, Grid, Cloud and Internet Computing (3PGCIC), Krakow, Poland, 4–6 November 2015."
42,0,0,0,0,14,6,/SQEGFV+URWPalladioL-Roma,8.97,76.53,166.96,547.27,175.93,166.96,665.96,76.53,48.0,"140. Singh, A.; Chatterjee, K. A secure multi-tier authentication scheme in cloud computing environment."
42,0,0,0,0,19,6,/SQEGFV+URWPalladioL-Roma,8.97,98.05,141.14,537.4,163.02,141.14,678.87,98.05,57.87,"In Proceedings of the 2015 International Conference on Circuits, Power and Computing Technologies [ICCPCT-2015], Nagercoil, India, 19–20 March 2015."
42,0,0,0,0,13,6,/SQEGFV+URWPalladioL-Roma,8.97,76.53,128.23,538.3,137.2,128.23,704.69,76.53,56.97,"141. Moghaddam, F.F.; Moghaddam, S.G.; Rouzbeh, S.; Araghi, S.K.; Alibeigi, N.M.; Varnosfaderani, S.D."
42,0,0,0,0,26,6,/SQEGFV+URWPalladioL-Roma,8.97,97.7,102.41,559.47,124.28,102.41,717.61,97.7,35.81,"A scalable and efﬁcient user authentication scheme for cloud computing environments. In Proceedings of the 2014 IEEE REGION 10 SYMPOSIUM, Kuala Lumpur, Malaysia, 14–16 April 2014."
42,0,0,0,0,17,6,/SQEGFV+URWPalladioL-Roma,8.97,76.53,89.49,574.17,98.46,89.49,743.43,76.53,21.11,"142. Lu, J.Z.; Chen, T.; Zhou, J.; Yang, J.; Jiang, J. An enhanced biometrics-based remote user authentication"
42,0,0,0,0,23,6,/SQEGFV+URWPalladioL-Roma,8.97,98.05,63.67,546.37,85.55,63.67,756.34,98.05,48.91,"scheme using smart cards. In Proceedings of the 2013 6th International Congress on Image and Signal Processing (CISP), Hangzhou, China, 16–18 December 2013."
43,0,0,0,0,8,7,/QIFGYI+URWPalladioL-Ital,7.97,76.31,770.94,190.78,778.91,770.94,62.98,76.31,404.5,"Sensors 2019 , 19, 1141 43 of 43"
43,0,0,0,0,16,6,/SQEGFV+URWPalladioL-Roma,8.97,76.53,735.08,551.75,744.04,735.08,97.85,76.53,43.52,"143. Pranata, I.; Athauda, R.I.; Skinner, G. Securing and Governing Access in Ad-Hoc Networks of Internet"
43,0,0,0,0,22,6,/SQEGFV+URWPalladioL-Roma,8.97,98.05,709.25,550.85,731.13,709.25,110.76,98.05,44.42,"of Things. In Proceedings of the IASTED International Conference on Engineering and Applied Science, Colombo, Sri Lanka, 27–29 December 2012; pp. 84–90."
43,0,0,0,0,18,6,/SQEGFV+URWPalladioL-Roma,8.97,76.53,696.34,511.41,705.31,696.34,136.58,76.53,83.87,"144. Hong, N. A Security Framework for the Internet of Things Based on Public Key Infrastructure. Adv. Mater."
43,0,0,0,0,6,6,/QIFGYI+URWPalladioL-Ital,8.97,97.75,683.43,277.13,692.39,683.43,149.5,97.75,318.15,"Res. 2013 , 671–674, 3223–3226. [CrossRef]"
43,0,0,0,0,18,6,/SQEGFV+URWPalladioL-Roma,8.97,76.53,670.52,526.54,679.48,670.52,162.41,76.53,68.73,"145. Zhao, Y.L. Research on Data Security Technology in Internet of Things. Appl. Mech. Mater. 2013 , 433–435,"
43,0,0,0,0,13,6,/SQEGFV+URWPalladioL-Roma,8.97,76.53,644.69,560.72,653.66,644.69,188.23,76.53,34.56,"146. Frikken, K.B.; Blanton, M.; Atallah, M.J. Robust Authentication Using Physically Unclonable Functions."
43,0,0,0,0,12,6,/SQEGFV+URWPalladioL-Roma,8.97,98.05,631.78,500.41,640.75,631.78,201.14,98.05,94.86,"In Lecture Notes in Computer Science; Springer: Berlin/Heidelberg, Germany, 2009; pp. 262–277."
43,0,0,0,0,18,6,/SQEGFV+URWPalladioL-Roma,8.97,76.53,618.87,551.75,627.84,618.87,214.05,76.53,43.52,"147. Qi, M.; Chen, J.; Chen, Y. A secure authentication with key agreement scheme using ECC for satellite"
43,0,0,0,0,10,6,/SQEGFV+URWPalladioL-Roma,8.97,98.05,605.96,394.53,614.93,605.96,226.96,98.05,200.75,communication systems. Int. J. Satellite Commun. Netw. 2018 . [CrossRef]
43,0,0,0,0,15,6,/SQEGFV+URWPalladioL-Roma,8.97,76.54,593.05,569.69,602.01,593.05,239.88,76.54,25.59,"148. Alizai, Z.A.; Tareen, N.F.; Jadoon, I. Improved IoT Device Authentication Scheme Using Device Capability"
43,0,0,0,0,23,6,/SQEGFV+URWPalladioL-Roma,8.97,98.05,567.22,559.82,589.1,567.22,252.79,98.05,35.46,"and Digital Signatures. In Proceedings of the 2018 International Conference on Applied and Engineering Mathematics (ICAEM), Taxila, Pakistan, 4–5 September 2018; pp. 1–5."
43,0,0,0,0,15,6,/SQEGFV+URWPalladioL-Roma,8.97,76.53,554.31,551.75,563.28,554.31,278.61,76.53,43.52,"149. Srinivasu, B.; Vikramkumar, P .; Chattopadhyay, A.; Lam, K.Y. CoLPUF: A Novel Conﬁgurable LFSR-based"
43,0,0,0,0,22,6,/SQEGFV+URWPalladioL-Roma,8.97,98.05,528.49,559.82,550.37,528.49,291.52,98.05,35.46,"PUF. In Proceedings of the 2018 IEEE Asia Paciﬁc Conference on Circuits and Systems (APCCAS), Chengdu, China, 26–30 October 2018; pp. 358–361."
43,0,0,0,0,16,6,/SQEGFV+URWPalladioL-Roma,8.97,76.53,515.58,565.2,524.54,515.58,317.35,76.53,30.07,"150. Hammi, M.T.; Hammi, B.; Bellot, P .; Serhrouchni, A. Bubbles of Trust: A decentralized blockchain-based"
43,0,0,0,0,11,6,/SQEGFV+URWPalladioL-Roma,8.97,98.05,502.67,408.71,511.63,502.67,330.26,98.05,186.57,"authentication system for IoT. Comput. Secur. 2018 , 78, 126–142. [CrossRef]"
43,0,0,0,0,18,6,/SQEGFV+URWPalladioL-Roma,8.97,76.54,489.75,587.62,498.72,489.75,343.17,76.54,7.66,"151. Zhou, L.; Li, X.; Yeh, K.H.; Su, C.; Chiu, W. Lightweight IoT-based authentication scheme in cloud computing"
43,0,0,0,0,10,6,/SQEGFV+URWPalladioL-Roma,8.97,98.05,476.84,388.39,485.81,476.84,356.08,98.05,206.89,"circumstance. Future Gen. Comput. Syst. 2019 , 91, 244–251. [CrossRef]"
43,0,0,0,0,18,6,/SQEGFV+URWPalladioL-Roma,8.97,76.53,463.93,587.62,472.9,463.93,368.99,76.53,7.66,"152. Karthikeyan, S.; Patan, R.; Balamurugan, B. Enhancement of Security in the Internet of Things (IoT) by Using"
43,0,0,0,0,18,6,/SQEGFV+URWPalladioL-Roma,8.97,97.75,438.11,532.25,459.99,438.11,381.9,97.75,63.02,"X. 509 Authentication Mechanism. In Recent Trends in Communication, Computing, and Electronics ; Springer: Singapore, 2019; pp. 217–225."
43,0,0,0,0,19,6,/SQEGFV+URWPalladioL-Roma,8.97,76.53,425.2,522.11,434.16,425.2,407.73,76.53,73.16,"153. Wu, Z.Q.; Zhou, Y.W.; Ma, J.F. A Security Transmission Model for Internet of Things.Chin. J. Comput. 2011 ,"
43,0,0,0,0,3,6,/QIFGYI+URWPalladioL-Ital,8.97,98.05,412.29,214.61,421.25,412.29,420.64,98.05,380.66,"34, 1351–1364. [CrossRef]"
43,0,0,0,0,17,6,/SQEGFV+URWPalladioL-Roma,8.97,76.53,399.37,596.59,408.34,399.37,433.55,76.53,-1.31,"154. Ferrag, M.A.; Maglaras, L.A.; Janicke, H.; Jiang, J.; Shu, L. Authentication protocols for Internet of Things:"
43,0,0,0,0,11,6,/SQEGFV+URWPalladioL-Roma,8.97,97.7,386.46,428.92,395.43,386.46,446.46,97.7,166.36,"A comprehensive survey. Secur. Commun. Netw. 2017 , 2017, 6562953. [CrossRef]"
43,0,0,0,0,16,6,/SQEGFV+URWPalladioL-Roma,8.97,76.53,373.55,578.65,382.52,373.55,459.37,76.53,16.62,"155. Saadeh, M.; Sleit, A.; Qatawneh, M.; Almobaideen, W. Authentication Techniques for the Internet of Things:"
43,0,0,0,0,17,6,/SQEGFV+URWPalladioL-Roma,8.97,97.7,347.73,559.47,369.61,347.73,472.28,97.7,35.81,"A Survey. In Proceedings of the 2016 Cybersecurity and Cyberforensics Conference (CCC), Amman, Jordan, 2–4 August 2016."
43,0,0,0,0,17,6,/SQEGFV+URWPalladioL-Roma,8.97,76.53,334.82,435.19,343.78,334.82,498.11,76.53,160.08,"156. Joshitta, R.S.M.; Arockiam, L. Authentication in IoT Environment: A Survey. Int. J. Adv. Res. Comput. Sci."
43,0,0,0,0,6,6,/QIFGYI+URWPalladioL-Ital,8.97,97.8,321.9,219.43,330.87,321.9,511.02,97.8,375.85,"Softw. Eng. 2016 , 6, 140–145."
43,0,0,0,0,36,6,/SQEGFV+URWPalladioL-Roma,8.97,76.53,296.08,578.65,317.96,296.08,523.93,76.53,16.62,"157. Sey, D. A survey on authentication methods for the Internet of Things. PeerJ Prepr. 2018 , 6, e26474v1. 158. Atwady, Y.; Hammoudeh, M. A survey on authentication techniques for the Internet of things. In Proceedings"
43,0,0,0,0,17,6,/SQEGFV+URWPalladioL-Roma,8.97,98.05,270.26,555.34,292.14,270.26,549.75,98.05,39.94,"of the International Conference on Future Networks and Distributed Systems, Cambridge, UK, 19–20 July 2017; p. 8."
43,0,0,0,0,19,6,/SQEGFV+URWPalladioL-Roma,8.97,76.53,257.35,569.69,266.31,257.35,575.58,76.53,25.59,"159. Shaikh, M.M.; Jog, V . Survey on Providing Security and Authentication for Devices to Achieve QOS in IOT."
43,0,0,0,0,7,6,/QIFGYI+URWPalladioL-Ital,8.97,98.05,244.43,231.84,253.4,244.43,588.49,98.05,363.44,"Int. J. Sci. Res. 2016, 5, 342–344."
43,0,0,0,0,18,6,/SQEGFV+URWPalladioL-Roma,8.97,76.53,231.52,596.59,240.49,231.52,601.4,76.53,-1.31,"160. e Silva, E.d.O.; de Lima, W.T.S.; Ferraz, F.S.; do Nascimento Ribeiro, F.I. Authentication and the Internet of"
43,0,0,0,0,24,6,/SQEGFV+URWPalladioL-Roma,8.97,97.77,205.7,559.54,227.58,205.7,614.31,97.77,35.73,"Things: A Survey Based on a Systematic Mapping. In Proceedings of the Twelfth International Conference on Software Engineering Advances, Athens, Greece, 8–12 October 2017."
43,0,0,0,0,16,6,/SQEGFV+URWPalladioL-Roma,8.97,76.53,192.79,565.2,201.75,192.79,640.14,76.53,30.07,"161. Gebrie, M.T.; Abie, H. Risk-based adaptive authentication for Internet of things in smart home eHealth."
43,0,0,0,0,19,6,/SQEGFV+URWPalladioL-Roma,8.97,98.05,166.96,528.44,188.84,166.96,653.05,98.05,66.84,"In Proceedings of the 11th European Conference on Software Architecture: Companion Proceedings, Canterbury, UK, 11–15 September 2017; pp. 102–108."
43,0,0,0,0,15,6,/SQEGFV+URWPalladioL-Roma,8.97,76.53,154.05,565.2,163.02,154.05,678.87,76.53,30.07,"162. Bamasag, O.O.; Youcef-Toumi, K. Towards continuous authentication in Internet of things based on secret"
43,0,0,0,0,19,6,/SQEGFV+URWPalladioL-Roma,8.97,97.77,128.23,532.92,150.11,128.23,691.78,97.77,62.36,"sharing scheme. In Proceedings of the WESS’15: Workshop on Embedded Systems Security, Amsterdam, The Netherlands, 4–9 October 2015 ."
43,0,0,0,0,31,6,/SQEGFV+URWPalladioL-Roma,8.97,169.1,81.5,570.89,116.56,81.5,725.33,169.1,24.38,"c 2019 by the authors. Licensee MDPI, Basel, Switzerland. This article is an open access article distributed under the terms and conditions of the Creative Commons Attribution (CC BY) license (http://creativecommons.org/licenses/by/4.0/)."
