page_number,is_bold,is_italic,is_underline,is_all_caps,word_count,norm_font_size,font,font_size,x0,y0,x1,y1,space_above,space_below,space_left,space_right,text
1,1,0,0,0,14,1,/NYZCCI+URWPalladioL-Bold,17.93,35.72,673.06,546.8,709.82,673.06,132.07,35.72,48.48,EBAS: An Efﬁcient Blockchain-Based Authentication Scheme for Secure Communication in Vehicular Ad Hoc Network
1,1,0,0,0,3,19,/NYZCCI+URWPalladioL-Bold,9.96,35.39,656.52,85.2,666.48,656.52,175.41,35.39,510.07,Xia Feng *
1,0,0,0,0,17,24,/ZJJDZJ+URWPalladioL-Roma,7.97,166.39,615.07,560.91,633.8,615.07,208.09,166.39,34.36,"School of Automotive and Trafﬁc Engineering, Jiangsu University, Zhenjiang 212013, China; 2212004078@stmail.ujs.edu.cn (K.C.); jianghb@ujs.edu.cn (H.J.); 2222004131@stmail.ujs.edu.cn (Z.L.)"
1,1,0,0,0,3,24,/NYZCCI+URWPalladioL-Bold,7.97,165.68,604.31,301.18,612.28,604.31,229.61,165.68,294.1,* Correspondence: xiazio@ujs.edu.cn
1,1,0,0,0,14,22,/NYZCCI+URWPalladioL-Bold,8.97,166.04,577.59,574.02,586.56,577.59,255.33,166.04,21.26,Abstract: A vehicular ad hoc network (VANET) is essential in building an intelligent transportation
1,0,0,0,0,202,22,/ZJJDZJ+URWPalladioL-Roma,8.97,166.02,383.02,637.13,573.59,383.02,268.3,166.02,-41.85,"system that optimizes trafﬁc conditions and makes trafﬁc information conveniently accessible. However, malicious vehicles may disrupt the trafﬁc order via propagating forged trafﬁc/road information. Therefore, using digital certiﬁcates based on cryptography, some existing authentication schemes were proposed to manage vehicles’ identities. At ﬁrst glance, these schemes can effectively identify malicious vehicles. However, these schemes require more computation and storage resources to maintain certiﬁcates. This is because the data storage of the database increases in a near-linear trend as the number of certiﬁcates grows. In this paper, we propose an efﬁcient blockchain-based authentication scheme for secure communication in VANET (EBAS) to address the aforementioned issues. In EBAS, the regional trusted authority (RTA) receives trafﬁc messages uploaded by the vehicle, together with transactions constructed via the unspent transaction output (UTXO) model. The veriﬁer checks the legitimacy of the single input contained in the uploaded transaction to verify the legitimacy of the message sender’s identity. In terms of privacy preservation, a asymmetric key encryption technique, elliptic curve cryptography (ECC), is applied for constructing the transaction pseudonym, and users participate in the authentication process anonymously. In addition, our scheme guarantees the scalability of EBAS by proposing a transaction update mechanism, which can keep data storage at"
1,1,0,0,0,7,26,/NYZCCI+URWPalladioL-Bold,6.97,35.72,379.01,143.81,385.99,379.01,455.9,35.72,451.47,"Citation: Feng, X.; Cui, K.; Jiang, H.;"
1,0,0,0,0,14,22,/ZJJDZJ+URWPalladioL-Roma,8.97,166.39,370.05,619.2,379.02,370.05,462.87,166.39,-23.92,"a stable level rather than near-linear growth. Under the simulation, the retrieving overhead remains"
1,0,0,0,0,5,26,/ZJJDZJ+URWPalladioL-Roma,6.97,35.72,367.09,122.89,374.06,367.09,467.83,35.72,472.39,"Li, Z. EBAS: An Efﬁcient"
1,0,0,0,0,18,22,/ZJJDZJ+URWPalladioL-Roma,8.97,166.39,357.08,614.71,366.05,357.08,475.84,166.39,-19.44,at approximately 0.32 ms while the storage cost is stable at around 32.7 M for the blockchain state
1,0,0,0,0,30,22,/ZJJDZJ+URWPalladioL-Roma,8.97,35.72,331.14,592.3,353.08,331.14,488.81,35.72,2.98,"database. In terms of authentication efﬁciency, the average overhead of the proposed scheme is Scheme for Secure Communication around 0.942 ms, which outperforms the existing schemes.in Vehicular Ad Hoc Network."
1,0,0,0,0,6,26,/OXSTFL+URWPalladioL-Ital,6.97,35.52,319.39,150.4,326.36,319.39,515.53,35.52,444.88,"Symmetry 2022 , 14, 1230. https://"
1,0,0,0,0,11,22,/ZJJDZJ+URWPalladioL-Roma,8.97,35.72,306.21,551.95,315.18,306.21,526.71,35.72,43.33,Keywords: vehicular ad hoc network (VANET); blockchain; authentication; asymmetric encryption; doi.org/10.3390/sym14061230
1,0,0,0,0,34,26,/ZJJDZJ+URWPalladioL-Roma,6.97,35.44,226.6,655.82,296.53,226.6,545.36,35.44,-60.55,"Academic Editor: Chin-Ling Chen Received: 26 May 2022 Accepted: 7 June 2022 Published: 14 June 2022 1. Introduction As the significant infrastructure of the Intelligent Transportation System (ITS), the vehicle Publisher’s Note:MDPI stays neutral"
1,0,0,0,0,21,19,/ZJJDZJ+URWPalladioL-Roma,9.96,35.42,214.05,604.75,224.01,214.05,617.88,35.42,-9.48,ad hoc network (V ANET) is the self-configuring network that has emerged as an advanced with regard to jurisdictional claims in
1,0,0,0,0,17,26,/ZJJDZJ+URWPalladioL-Roma,6.97,35.51,201.5,619.7,212.03,201.5,629.86,35.51,-24.42,published maps and institutional afﬁl- solution for improved driving safety and experience. V ANET contains several heterogeneous
1,0,0,0,0,15,26,/ZJJDZJ+URWPalladioL-Roma,6.97,35.72,188.94,644.6,200.1,188.94,641.79,35.72,-49.33,"iations. entities, such as the trusted authority (TA), roadside units (RSUs), and vehicles [1]. Signifi-"
1,0,0,0,0,41,19,/ZJJDZJ+URWPalladioL-Roma,9.96,166.4,151.28,644.6,186.35,151.28,655.54,166.4,-49.33,"cantly , the vigorous development of wireless communication technology has allowed V ANET to gain considerable attention from researchers in public and private sectors [2]. In V ANET, each authorized vehicle can collect the time-critical road/traffic information and upload it to"
1,1,0,0,0,6,26,/NYZCCI+URWPalladioL-Bold,6.97,35.72,146.27,119.4,153.24,146.27,688.65,35.72,475.87,Copyright: © 2022 by the authors.
1,0,0,0,0,13,19,/ZJJDZJ+URWPalladioL-Roma,9.96,166.4,138.73,549.96,148.69,138.73,693.2,166.4,45.32,"the TA or cloud server, to be utilized to analyze real-time road conditions."
1,0,0,0,0,4,26,/ZJJDZJ+URWPalladioL-Roma,6.97,35.72,134.34,157.76,141.32,134.34,700.57,35.72,437.52,"Licensee MDPI, Basel, Switzerland."
1,0,0,0,0,13,19,/ZJJDZJ+URWPalladioL-Roma,9.96,187.65,126.18,611.06,136.14,126.18,705.75,187.65,-15.79,"However, a range of challenges and threats to information security and system avail-"
1,0,0,0,0,7,26,/ZJJDZJ+URWPalladioL-Roma,6.97,35.5,122.42,171.49,129.39,122.42,712.5,35.5,423.79,This article is an open access article
1,0,0,0,0,14,19,/ZJJDZJ+URWPalladioL-Roma,9.96,166.39,113.63,619.69,123.59,113.63,718.3,166.39,-24.42,"ability are emerging [3–6], which is mainly reﬂected in three aspects. First, the messages"
1,0,0,0,0,5,26,/ZJJDZJ+URWPalladioL-Roma,6.97,35.72,110.49,147.3,117.47,110.49,724.42,35.72,447.98,distributed under the terms and
1,0,0,0,0,13,19,/ZJJDZJ+URWPalladioL-Roma,9.96,166.39,101.07,614.71,111.03,101.07,730.86,166.39,-19.44,"should be authenticated by recipients. As mentioned in [7], malicious vehicles may propa-"
1,0,0,0,0,5,26,/ZJJDZJ+URWPalladioL-Roma,6.97,35.72,98.57,157.76,105.54,98.57,736.35,35.72,437.52,conditions of the Creative Commons
1,0,0,0,0,13,19,/ZJJDZJ+URWPalladioL-Roma,9.96,166.39,88.52,614.71,98.48,88.52,743.41,166.39,-19.44,"gate forged trafﬁc/road messages via impersonating others, as well as fooling the trusted"
1,0,0,0,0,5,26,/ZJJDZJ+URWPalladioL-Roma,6.97,35.44,86.64,167.95,93.61,86.64,748.27,35.44,427.33,Attribution (CC BY) license (https://
1,1,0,0,0,11,27,/MCBCCO+SourceSansRoman-Bold,1.0,166.39,75.97,604.75,85.98,75.97,755.91,166.39,-9.47,"/gid00048/gid00043/gid00031/gid00028/gid00047/gid00032/gid00046authority into accepting false or pointless information without being caught. Moreover,"
1,0,0,0,0,13,26,/ZJJDZJ+URWPalladioL-Roma,6.97,35.72,62.79,609.73,81.69,62.79,760.2,35.72,-14.45,creativecommons.org/licenses/by/ the privacy-preserving and anti-tracking aspects are not negligible in the authentication4.0/).symmetryS S
1,0,0,0,0,8,24,/OXSTFL+URWPalladioL-Ital,7.97,4.74,-37.87,421.83,21.26,-37.87,820.63,4.74,173.45,"Symmetry 2022 , 14, 1230. https://doi.org/10.3390/sym14061230 https://www.mdpi.com/journal/symmetrysymmetryS S"
1,1,0,0,0,11,19,/NYZCCI+URWPalladioL-Bold,9.96,0.0,-12.0,924.0,0.0,-12.0,841.89,0.0,-328.72,"/gid00030/gid00035/gid00032/gid00030/gid00038/gid00001/gid00033/gid00042/gid00045/gid00001 /gid00048/gid00043/gid00031/gid00028/gid00047/gid00032/gid00046 , Kaiping Cui , Haobin Jiang and Ze Li"
2,0,0,0,0,5,24,/OXSTFL+URWPalladioL-Ital,7.97,35.49,770.94,122.95,778.91,770.94,62.98,35.49,472.33,"Symmetry 2022 , 14, 1230"
2,0,0,0,0,85,19,/ZJJDZJ+URWPalladioL-Roma,9.96,166.09,651.79,634.34,737.07,651.79,104.82,166.09,-39.06,"process. Attackers may track a vehicle’s trajectory to steal private information or fabricate trafﬁc scenes [8]. Second, the proposed scheme must be efﬁcient to satisfy the real-time nature of messages in VANET. Therefore, the algorithm contained in the proposed scheme must be efﬁciently executed while ensuring privacy security. Third, considering the system scalability, the proposed scheme should have an excellent information management mechanism to ensure that the scheme has stable performance and saves storage resources, especially based on the distributed system—the existing authentication scheme [9–11]."
2,0,0,0,0,10,19,/ZJJDZJ+URWPalladioL-Roma,9.96,187.65,639.23,576.19,649.2,639.23,192.69,187.65,19.08,Numerous researchers have proposed various exploratory schemes to address in-
2,0,0,0,0,61,19,/ZJJDZJ+URWPalladioL-Roma,9.96,166.39,576.47,609.73,636.64,576.47,205.25,166.39,-14.45,"formation security issues [ 12–14]. For example, as mentioned in [ 12], one message is accepted by the TA if the same information is broadcast by at least τ vehicles, and the TA analyzes real-time road condition information with the assistance of received messages. However, the architectural design of these approaches brings unaffordable costs, such as more computing and storage resources."
2,0,0,0,0,10,19,/ZJJDZJ+URWPalladioL-Roma,9.96,187.53,563.92,635.85,573.88,563.92,268.01,187.53,-40.57,"Moreover, cryptography is utilized in privacy preservation during authentication [15–17]."
2,0,0,0,0,98,19,/ZJJDZJ+URWPalladioL-Roma,9.96,166.4,476.05,659.55,561.33,476.05,280.56,166.4,-64.27,"Cryptography is a technique to convert plain text to ciphertext with the assistance of the key and algorithm [18], where the plain text is readable text and the ciphertext is unreadable text. Based on the cryptography technique, there are two types of authentication schemes: symmetric and asymmetric. In the schemes utilizing symmetric key cryptography , the same key is utilized in the encryption and decryption process of private information; on the contrary , in the asymmetric key cryptography scheme represented by public key infrastructure (PKI), the encryption and decryption processes are accomplished using public and private keys [19]."
2,0,0,0,0,10,19,/ZJJDZJ+URWPalladioL-Roma,9.96,187.65,463.49,606.08,473.46,463.49,368.43,187.65,-10.81,Blockchain technology originated from the paper “Bitcoin: A peer-to-peer electronic
2,0,0,0,0,100,19,/ZJJDZJ+URWPalladioL-Roma,9.96,166.39,350.52,604.75,460.9,350.52,380.99,166.39,-9.47,"cash system”, published by Satoshi Nakamoto in 2008 [20]. Blockchain has become an effective method of addressing vehicle management and data transfer security issues. Numerable researchers at home and abroad have proposed blockchain-based authentication schemes [11,21–23]. However, there are three limitations in existing approaches. First, due to the consensus mechanism, using smart contracts to accomplish the authentication process would incur extra time overhead. Second, the existing schemes are short of scalability, which may lead to a scheme without long-term stable performance. Third, the schemes utilize vehicles/RSUs as the mining nodes, which lacks consideration of the limited computing power and bandwidth."
2,0,0,0,0,14,19,/ZJJDZJ+URWPalladioL-Roma,9.96,187.65,337.96,606.08,347.93,337.96,493.96,187.65,-10.81,"From the above analysis, we can see that the existing approaches have the following"
2,0,0,0,0,87,19,/ZJJDZJ+URWPalladioL-Roma,9.96,165.97,250.09,644.18,335.37,250.09,506.52,165.97,-48.9,"restrictions. First, the existing methods have a prolonged delay, especially in authenticating and obtaining the related records. Second, the schemes lack sufﬁcient scalability, which is an issue faced by most schemes, especially blockchain-based distributed authentication schemes. The data storage of the database increases as the number of certiﬁcates grows, which necessitates more storage resources. Third, there are linkability risks with real identities and certiﬁcates in the existing scheme. In this paper, to address the issues mentioned above, we propose an efﬁcient blockchain-based authentication scheme for secure communication"
2,0,0,0,0,12,19,/OXSTFL+URWPalladioL-Ital,9.96,166.39,237.54,440.37,247.5,237.54,594.39,166.39,154.91,"in a vehicular ad hoc network (EBAS), which provides the following functionalities:"
2,1,0,0,0,12,19,/NYZCCI+URWPalladioL-Bold,9.96,166.39,220.01,476.94,229.97,220.01,611.92,166.39,118.34,Message authentication. The vehicle generates a trafﬁc message and uploads it to
2,0,0,0,0,41,19,/ZJJDZJ+URWPalladioL-Roma,9.96,188.02,169.79,596.49,217.41,169.79,624.48,188.02,-1.21,"the Regional Trusted Authority (RTA) together with one transaction. The RTA can independently accomplish authentication by verifying the legality of the transaction. Furthermore, the RTA accepts the uploaded trafﬁc message sent by vehicles successfully authenticated; otherwise, the message would be discarded."
2,1,0,0,0,12,19,/NYZCCI+URWPalladioL-Bold,9.96,166.39,157.24,491.88,167.2,157.24,674.69,166.39,103.4,Scheme scalability. We proposed a transaction update mechanism in our scheme to
2,0,0,0,0,44,19,/ZJJDZJ+URWPalladioL-Roma,9.96,188.02,107.03,626.38,154.65,107.03,687.24,188.02,-31.1,"enable scalability. With the assistance of the update mechanism, our scheme stabilizes the information retrieval efﬁciency of the system database and saves storage resources. Under the simulation, the retrieval overhead is maintained at around 0.32 ms while the storage cost is around 32.7 M."
2,1,0,0,0,11,19,/NYZCCI+URWPalladioL-Bold,9.96,166.39,94.48,461.99,104.44,94.48,737.45,166.39,133.28,Efﬁcient authentication. The transaction is generated based on the UTXO model.
2,0,0,0,0,36,19,/ZJJDZJ+URWPalladioL-Roma,9.96,187.71,56.82,631.36,91.89,56.82,750.0,187.71,-36.08,"Therefore, based on asymmetric cryptography, the RTA checks the legitimacy of the message sender by verifying the validity of the single input contained in the transaction uploaded together with trafﬁc messages. Under the simulation, one single"
2,0,0,0,0,3,24,/ZJJDZJ+URWPalladioL-Roma,7.97,0.0,-7.97,31.88,0.0,-7.97,841.89,0.0,563.4,2 of 22
3,0,0,0,0,5,24,/OXSTFL+URWPalladioL-Ital,7.97,35.49,770.94,122.95,778.91,770.94,62.98,35.49,472.33,"Symmetry 2022 , 14, 1230"
3,0,0,0,0,20,19,/ZJJDZJ+URWPalladioL-Roma,9.96,188.02,714.55,591.51,737.07,714.55,104.82,188.02,3.77,"RTA can accomplish authentication within 0.942 ms. Moreover, compared with other related schemes, our proposal outperforms the existing common schemes."
3,0,0,0,0,13,19,/NYZCCI+URWPalladioL-Bold,9.96,166.39,702.0,383.02,711.96,702.0,129.93,166.39,212.26,Realization of the scheme prototype. We simulate the proposed scheme on the Hy-
3,0,0,0,0,14,19,/OXSTFL+URWPalladioL-Ital,9.96,188.02,689.45,583.09,699.41,689.45,142.48,188.02,12.19,"perledger Fabric 2.0 and Network Simulator 2 . In addition, we implement an exhaustive"
3,0,0,0,0,47,19,/ZJJDZJ+URWPalladioL-Roma,9.96,187.65,634.25,611.43,686.86,634.25,155.03,187.65,-16.16,analysis of the efﬁciency and scalability of the proposed scheme. The security analysis shows that our scheme can defend against common attacks in VANET with the assistance of the asymmetric key encryption technique. The remainder of this paper is organized as follows. Section 2 reviews the existing
3,0,0,0,0,51,19,/ZJJDZJ+URWPalladioL-Roma,9.96,166.39,584.04,624.67,631.66,584.04,210.23,166.39,-29.4,"authentication schemes. Section 3 introduces the preliminaries and mathematical assumptions of the proposed scheme. The EBAS framework and the security model are formalized in Section 4. Section 5 introduces our EBAS scheme. In Section 6, we analyze the safety and efﬁciency of our EBAS scheme. Finally, Section 7 concludes the paper."
3,1,0,0,0,3,19,/NYZCCI+URWPalladioL-Bold,9.96,166.39,561.63,261.04,571.59,561.63,270.3,166.39,334.24,2. Related Research
3,0,0,0,0,13,19,/ZJJDZJ+URWPalladioL-Roma,9.96,187.65,546.08,626.01,556.05,546.08,285.84,187.65,-30.73,"Recently, numerous researchers have contributed a series of studies on the security and"
3,0,0,0,0,13,19,/ZJJDZJ+URWPalladioL-Roma,9.96,166.09,533.53,614.41,543.49,533.53,298.4,166.09,-19.14,"privacy-preserving issues in the VANET. In this section, we review some related research."
3,0,0,0,0,11,19,/ZJJDZJ+URWPalladioL-Roma,9.96,187.65,520.98,606.08,530.94,520.98,310.95,187.65,-10.81,"Numerous researchers have focused on addressing the reliability issues [ 12,24,25]."
3,0,0,0,0,177,19,/ZJJDZJ+URWPalladioL-Roma,9.96,166.06,332.68,619.69,518.39,332.68,323.5,166.06,-24.42,"Threshold authentication is a promising technology to achieve reliability in VANET, which has received widespread attention. Speciﬁcally, this involves the transmission of information via a non-fully-trusted communication environment in VANET. The threshold mechanism allows the message to be accepted only when the number of conﬁrmed vehicles exceeds the threshold value. Chen et al. [ 12] proposed a threshold anonymous announcement system. The recipient accepts the trafﬁc/road messages when the number of vehicles that report the same message exceeds the threshold value. However, this scheme cannot revoke the certiﬁcates efﬁciently, which leads to the scheme being unable to resist frequent attacks. A one-time authentication and message-linkable group signatures scheme are proposed by Wu et al. [ 24], which can implement authentication efﬁciently. However, the scheme is inefﬁcient for tracing doubtable messages because the process requires multiple expensive pairing operations. Lin et al. [ 25] proposed a roadside unit (RSU)-aided protocol to achieve the local detection and efﬁcient traceability of malicious vehicles. However, the scheme is unsuitable for areas with sparse RSUs and cannot be bootstrapped by untrusted RSUs."
3,0,0,0,0,14,19,/ZJJDZJ+URWPalladioL-Roma,9.96,187.58,320.13,625.93,330.09,320.13,511.8,187.58,-30.66,More and more safety threats [26–29] have drawn widespread attention. Zhang et al. [30]
3,0,0,0,0,140,19,/ZJJDZJ+URWPalladioL-Roma,9.96,165.97,182.05,624.37,317.54,182.05,524.35,165.97,-29.1,"proposed a scheme of addressing the linkability issue in vehicular announcement networks with the assistance of a group signature. However, the same private key needs to be shared in one group, which is unsafe. Success et al. [31] proposed an autonomous privacypreserving authentication scheme to guarantee the vehicle’s traceability privacy. The vehicles can authenticate the messages securely and efﬁciently and renew their pseudonyms without interacting with trusted authorities. Jiang et al. [ 32] proposed a batch authentication scheme for message signatures based on a binary authentication tree. However, this scheme relies on the participation of semi-trusted RSUs. Ying et al. [ 33] proposed a lightweight authentication scheme. Based on the characteristic of fast calculation of a hash function, this scheme realizes mutual authentication among the OBU, RSU and TA. However, this scheme cannot effectively resist replay attacks and tampering attacks."
3,0,0,0,0,12,19,/ZJJDZJ+URWPalladioL-Roma,9.96,187.65,169.49,611.06,179.46,169.49,662.43,187.65,-15.79,Blockchain [20] has promising adaptability in many ﬁelds. Plenty of existing schemes
3,0,0,0,0,113,19,/ZJJDZJ+URWPalladioL-Roma,9.96,166.09,56.52,624.37,166.9,56.52,674.99,166.09,-29.1,"utilize blockchain and asymmetric key cryptography to mitigate the privacy and security issues in the VANET. Yao et al. [11] proposed a blockchain-based lightweight anonymous authentication scheme. This scheme can satisfy security requirements such as anonymity, authentication, and integrity. However, this scheme does not consider the linkability of vehicles during the authentication process. Attackers can track vehicles based on static pseudonyms, leading to the disclosure of vehicles’ private information. Lu et al. [21] propose an authentication protocol utilizing the Merkle Patricia Tree (MPT) as the underlying data structure, which is efﬁcient and can save storage resources. However, the scheme cannot provide excellent scalability, and data processing in upper nodes may lead to more"
3,0,0,0,0,3,24,/ZJJDZJ+URWPalladioL-Roma,7.97,0.0,-7.97,31.88,0.0,-7.97,841.89,0.0,563.4,3 of 22
4,0,0,0,0,5,24,/OXSTFL+URWPalladioL-Ital,7.97,35.49,770.94,122.95,778.91,770.94,62.98,35.49,472.33,"Symmetry 2022 , 14, 1230"
4,0,0,0,0,54,19,/ZJJDZJ+URWPalladioL-Roma,9.96,166.12,689.45,629.65,737.07,689.45,104.82,166.12,-34.38,"time overhead following the data storage increase in MPT. Lei et al. [22] utilize blockchain to predigest the key management. Arora et al. [23] proposed a blockchain-based authentication scheme. However, this scheme relies on a centralized authority to implement the vehicle registration process, which is prone to cause a single point of failure problem."
4,1,0,0,0,5,19,/NYZCCI+URWPalladioL-Bold,9.96,166.39,667.03,390.55,676.99,667.03,164.9,166.39,204.72,3. Preliminaries and Mathematical Assumptions
4,0,0,0,0,3,19,/OXSTFL+URWPalladioL-Ital,9.96,166.39,653.58,241.11,663.54,653.58,178.35,166.39,354.16,3.1. UTXO Model
4,0,0,0,0,12,19,/ZJJDZJ+URWPalladioL-Roma,9.96,187.65,638.04,606.08,648.0,638.04,193.89,187.65,-10.81,UTXO is a special pattern of currency circulation. The transaction constructed with
4,0,0,0,0,47,19,/ZJJDZJ+URWPalladioL-Roma,9.96,166.39,587.83,614.71,635.45,587.83,206.44,166.39,-19.44,"the UTXO model mainly relies on an InputSet and  OutputSet to accomplish the currency circulation. Furthermore, the InputSet and  OutputSet contain several Inputs  and  Outputs separately. We elaborate the details in the following section. Tables 1 and 2 present the notations and deﬁnitions covered in this section."
4,1,0,0,0,7,22,/NYZCCI+URWPalladioL-Bold,8.97,166.1,566.68,323.01,575.65,566.68,266.24,166.1,272.27,Table 1. Basic notations of UTXO structure.
4,0,0,0,0,12,22,/OXSTFL+URWPalladioL-Ital,8.97,233.27,518.68,362.53,538.61,518.68,303.28,233.27,232.75,"PID t  Transaction index. pk, sk The key pair of the user."
4,0,0,0,0,8,26,/OXSTFL+URWPalladioL-Ital,6.97,242.64,510.32,413.0,519.29,510.32,322.6,242.64,182.28,sk A signature signed by the secret key.
4,0,0,0,0,33,22,/OXSTFL+URWPalladioL-Ital,8.97,227.16,460.6,507.4,505.07,460.6,336.82,227.16,87.87,H pk The hash value of public key. V The transaction value for one object. N out The sequence number of the output. Hash lock  A representative value for the transaction output object.
4,1,0,0,0,7,22,/NYZCCI+URWPalladioL-Bold,8.97,166.1,434.87,363.36,443.84,434.87,398.05,166.1,231.92,Table 2. Cryptographic algorithms of UTXO structure.
4,0,0,0,0,14,22,/OXSTFL+URWPalladioL-Ital,8.97,55.22,393.84,364.19,404.8,393.84,437.09,55.22,231.09,HashPubKey ( pk) → Hash lock  Calculating the hash value of the public key.
4,0,0,0,0,7,22,/OXSTFL+URWPalladioL-Ital,8.97,195.4,382.89,559.12,393.85,382.89,448.04,195.4,36.16,H pk and transaction output object representative
4,0,0,0,0,16,22,/OXSTFL+URWPalladioL-Ital,8.97,51.9,377.03,339.92,388.37,377.03,453.52,51.9,255.36,"Compare ( Hash lock  H  → 0, 1 Comparing the public key hash value ,pk )"
4,0,0,0,0,5,22,/ZJJDZJ+URWPalladioL-Roma,8.97,305.32,371.93,426.31,382.89,371.93,459.0,305.32,168.97,value Hash  lock  for consistency.
4,0,0,0,0,5,22,/OXSTFL+URWPalladioL-Ital,8.97,57.52,356.78,130.57,369.37,356.78,472.52,57.52,464.7,"skVeri f y(pk, σ, PID"
4,0,0,0,0,19,20,/OXSTFL+URWPalladioL-Ital,9.34,116.67,356.78,571.86,366.12,356.78,475.77,116.67,23.42,"t ) → 0, 1 Verifying the signature. If the veriﬁcation result is true, it returns 1; otherwise, it"
4,0,0,0,0,12,19,/OXSTFL+URWPalladioL-Ital,9.96,187.53,305.26,563.04,315.22,305.26,526.67,187.53,32.24,"Output provides transaction object information, which contains two elements, V, H :pk"
4,0,0,0,0,8,19,/OXSTFL+URWPalladioL-Ital,9.96,319.97,281.82,426.33,292.2,281.82,549.69,319.97,168.95,"Output ← (V , H ) (1) pk"
4,0,0,0,0,33,19,/ZJJDZJ+URWPalladioL-Roma,9.96,165.97,244.59,636.79,269.19,244.59,572.7,165.97,-41.51,"where H pk is the hash value of the transaction object’s public key, which represents the target of this output, and V represents the transaction value for one object. Notably, both Hpk and"
4,0,0,0,0,4,19,/OXSTFL+URWPalladioL-Ital,9.96,166.42,234.12,290.95,244.09,234.12,597.8,166.42,304.33,V are public information.
4,0,0,0,0,13,19,/ZJJDZJ+URWPalladioL-Roma,9.96,187.65,196.16,576.45,206.13,196.16,635.76,187.65,18.83,The Input of the current transaction is generated based on the previous transaction
4,0,0,0,0,10,19,/OXSTFL+URWPalladioL-Ital,9.96,166.27,183.61,392.6,193.57,183.61,648.32,166.27,202.68,Output . We illustrate the speciﬁc composition of Input  .
4,0,0,0,0,11,19,/OXSTFL+URWPalladioL-Ital,9.96,299.69,159.1,442.38,170.56,159.1,671.33,299.69,152.89,"Input ← (PID t , N  pk, σ ) (2)out ,"
4,0,0,0,0,5,19,/OXSTFL+URWPalladioL-Ital,9.96,188.28,137.58,356.02,151.16,137.58,690.73,188.28,239.26,"skInput contains four elements, PID"
4,0,0,0,0,13,19,/OXSTFL+URWPalladioL-Ital,9.96,316.4,136.09,609.2,147.55,136.09,694.34,316.4,-13.92,"t , σ . PID t  represents the retrieval index of the trans-"
4,0,0,0,0,14,19,/ZJJDZJ+URWPalladioL-Roma,9.96,166.39,125.03,586.6,134.99,125.03,706.9,166.39,8.67,action. The Input of the current transaction is generated based on the previous transaction
4,0,0,0,0,18,19,/OXSTFL+URWPalladioL-Ital,9.96,166.27,110.98,543.55,122.44,110.98,719.45,166.27,51.73,"Output . Therefore, N  Output  in the output set out is utilized to mark the position of the"
4,0,0,0,0,20,19,/ZJJDZJ+URWPalladioL-Roma,9.96,166.39,99.93,562.33,113.5,99.93,728.39,166.39,32.95,"sk sk is of the previous transaction. pk is the public key to verify the signature σ, and the σ"
4,0,0,0,0,18,19,/OXSTFL+URWPalladioL-Ital,9.96,166.39,85.88,589.38,97.33,85.88,744.55,166.39,5.9,"the signature of PID t  H , which is utilized to prove  using the secret key corresponding thepk"
4,0,0,0,0,11,19,/ZJJDZJ+URWPalladioL-Roma,9.96,166.39,73.32,395.53,84.78,73.32,757.11,166.39,199.74,the legitimacy of the output that is marked by Nout .
4,0,0,0,0,3,24,/ZJJDZJ+URWPalladioL-Roma,7.97,0.0,-7.97,31.88,0.0,-7.97,841.89,0.0,563.4,4 of 22
5,0,0,0,0,5,24,/OXSTFL+URWPalladioL-Ital,7.97,35.49,770.94,122.95,778.91,770.94,62.98,35.49,472.33,"Symmetry 2022 , 14, 1230"
5,0,0,0,0,3,19,/ZJJDZJ+URWPalladioL-Roma,9.96,166.39,727.11,310.85,737.07,727.11,104.82,166.39,284.42,3.1.3. Veriﬁcation Mechanism
5,0,0,0,0,13,19,/ZJJDZJ+URWPalladioL-Roma,9.96,187.65,711.56,565.89,721.53,711.56,120.36,187.65,29.38,"Generally, the InputSet consists of multiple Input  . The veriﬁer conﬁrms the legitimacy"
5,0,0,0,0,13,19,/ZJJDZJ+URWPalladioL-Roma,9.96,166.39,699.01,609.73,708.97,699.01,132.92,166.39,-14.45,"of the transaction through the following operations. First, it compares whether the hash"
5,0,0,0,0,20,19,/OXSTFL+URWPalladioL-Ital,9.96,166.12,684.37,562.77,696.42,684.37,145.47,166.12,32.5,value of pk  in the current Input  and  H  Output that is marked by N out are consis- pk in
5,0,0,0,0,17,19,/ZJJDZJ+URWPalladioL-Roma,9.96,166.39,661.35,579.95,683.87,661.35,158.02,166.39,15.32,"tent. Second, it veriﬁes the signature with the pk. We explain the veriﬁcation operation in Algorithm 1."
5,1,0,0,0,4,19,/NYZCCI+URWPalladioL-Bold,9.96,166.0,636.59,280.57,646.55,636.59,195.34,166.0,314.7,Algorithm 1 Veriﬁcation Algorithm.
5,0,0,0,0,3,19,/NYZCCI+URWPalladioL-Bold,9.96,166.39,620.43,222.46,630.39,620.43,211.5,166.39,372.81,Require: R .
5,0,0,0,0,6,19,/OXSTFL+URWPalladioL-Ital,9.96,166.39,608.48,283.41,618.44,608.48,223.45,166.39,311.87,Ensure: true  or  error _code .
5,0,0,0,0,11,19,/OXSTFL+URWPalladioL-Ital,9.96,172.37,596.1,296.12,606.48,596.1,235.41,172.37,299.16,"1: R ← (PID t , pk, H , σ )pk"
5,0,0,0,0,10,19,/ZJJDZJ+URWPalladioL-Roma,9.96,172.37,584.56,316.85,594.53,584.56,247.36,172.37,278.43,2: if formal check on the R is ok then
5,0,0,0,0,7,19,/OXSTFL+URWPalladioL-Ital,9.96,172.37,570.11,312.44,582.57,570.11,259.32,172.37,282.83,3: Hash lock HashPubKey ( pk) ←
5,0,0,0,0,5,19,/ZJJDZJ+URWPalladioL-Roma,9.96,172.37,560.65,280.36,570.62,560.65,271.27,172.37,314.92,4: else return error _code
5,0,0,0,0,12,19,/OXSTFL+URWPalladioL-Ital,9.96,172.37,544.36,333.77,556.41,544.36,285.48,172.37,261.51,"5: if Compare ( Hash lock  H ) ?= true then ,pk"
5,0,0,0,0,13,19,/ZJJDZJ+URWPalladioL-Roma,9.96,172.37,517.31,295.01,539.23,517.31,302.66,172.37,300.26,"6: if Veri f y(pk, σ ) ?= true then 7: return ture"
5,0,0,0,0,9,24,/ZJJDZJ+URWPalladioL-Roma,7.97,168.39,481.44,207.24,515.32,481.44,326.57,168.39,388.04,8: end if 9: end if 10: end if
5,0,0,0,0,4,19,/ZJJDZJ+URWPalladioL-Roma,9.96,168.39,469.49,260.17,479.45,469.49,362.44,168.39,335.11,11: return error _code
5,0,0,0,0,9,19,/ZJJDZJ+URWPalladioL-Roma,9.96,187.65,442.21,486.53,452.17,442.21,389.72,187.65,108.75,"Algorithm 1 involves three main steps, described as follows."
5,0,0,0,0,18,19,/OXSTFL+URWPalladioL-Ital,9.96,187.65,429.65,581.49,439.62,429.65,402.27,187.65,13.79,Step 1-1 (Step 1 in Algorithm 1): The user sends the tuple R  to the object located within
5,0,0,0,0,3,19,/ZJJDZJ+URWPalladioL-Roma,9.96,166.39,417.1,285.95,427.06,417.1,414.83,166.39,309.33,its communication range.
5,0,0,0,0,13,19,/OXSTFL+URWPalladioL-Ital,9.96,310.93,404.13,435.82,414.51,404.13,427.38,310.93,159.46,"R = ( PID t , pk, H , σ ) (3) pk"
5,0,0,0,0,15,19,/ZJJDZJ+URWPalladioL-Roma,9.96,187.65,385.72,571.67,395.68,385.72,446.21,187.65,23.61,"After receiving the message, the veriﬁer performs a formal check on the R, which is"
5,0,0,0,0,21,19,/ZJJDZJ+URWPalladioL-Roma,9.96,166.39,360.61,619.69,383.13,360.61,458.76,166.39,-24.42,"to conﬁrm the integrity of the message. After this, Equation (4) is leveraged to calculate the hash value of pk ."
5,0,0,0,0,7,19,/OXSTFL+URWPalladioL-Ital,9.96,300.46,345.56,446.47,358.02,345.56,483.87,300.46,148.8,Hash lock  HashPubKey ( pk) (4)  =
5,0,0,0,0,15,19,/ZJJDZJ+URWPalladioL-Roma,9.96,187.58,329.23,542.95,339.19,329.23,502.7,187.58,52.33,"The function HashPubKey  is utilized to compute the hash value of the public key ,"
5,0,0,0,0,62,19,/ZJJDZJ+URWPalladioL-Roma,9.96,165.98,266.47,619.7,326.64,266.47,515.25,165.98,-24.42,"which is constructed in a smart contract. Specifically , we implement the hash computation in the smart contract by considering the relevant functions in the standard cryptography library . After the smart contract is deployed to the blockchain, the corresponding public key hash value is obtained by considering the smart contract and using thepk as the input parameter of the smart contract."
5,0,0,0,0,17,19,/OXSTFL+URWPalladioL-Ital,9.96,187.65,253.91,563.36,263.88,253.91,578.01,187.65,31.92,Step 1-2 (Step 5 in Algorithm 1): Comparing whether the hash value of pk  in the current
5,0,0,0,0,29,19,/OXSTFL+URWPalladioL-Ital,9.96,166.39,226.72,572.23,251.32,226.72,590.57,166.39,23.05,"Input and  H  Output that is marked by N out are consistent. Here, Equation (5) is pk in leveraged to determine whether Hash lock  H and pk are equal."
5,0,0,0,0,11,19,/OXSTFL+URWPalladioL-Ital,9.96,287.82,199.08,440.46,211.12,199.08,630.77,287.82,154.81,"Compare ( Hash lock  Hash pk ) ?= true (5) ,"
5,0,0,0,0,17,19,/OXSTFL+URWPalladioL-Ital,9.96,187.65,178.15,476.57,188.11,178.15,653.78,187.65,118.71,"Step 1-3 (Step 6 in Algorithm 1): Next, Equation (6) is utilized to verify the validity of"
5,0,0,0,0,7,19,/ZJJDZJ+URWPalladioL-Roma,9.96,166.39,165.6,420.44,175.56,165.6,666.33,166.39,174.84,the signature based on the asymmetric cryptography.
5,0,0,0,0,8,19,/OXSTFL+URWPalladioL-Ital,9.96,314.51,138.9,418.7,149.28,138.9,692.61,314.51,176.58,"Veri f y(pk, σ ) ?= true (6)"
5,0,0,0,0,13,19,/ZJJDZJ+URWPalladioL-Roma,9.96,187.65,116.31,596.12,126.27,116.31,715.62,187.65,-0.84,"Thus, the recipient can verify whether the transaction is valid with the veriﬁca-"
5,0,0,0,0,4,19,/OXSTFL+URWPalladioL-Ital,9.96,166.39,81.34,315.83,91.3,81.34,750.59,166.39,279.44,3.2. Asymmetric Key Encryption
5,0,0,0,0,12,19,/ZJJDZJ+URWPalladioL-Roma,9.96,187.65,65.8,591.14,75.76,65.8,766.13,187.65,4.14,Symmetric and asymmetric encryption are the two basic forms of cryptographic en-
5,0,0,0,0,12,19,/ZJJDZJ+URWPalladioL-Roma,9.96,166.39,53.24,614.71,63.2,53.24,778.68,166.39,-19.44,"cryption applications [34]. The asymmetric cryptographic system uses key pairs, the public"
5,0,0,0,0,3,24,/ZJJDZJ+URWPalladioL-Roma,7.97,0.0,-7.97,31.88,0.0,-7.97,841.89,0.0,563.4,5 of 22
6,0,0,0,0,5,24,/OXSTFL+URWPalladioL-Ital,7.97,35.49,770.94,122.95,778.91,770.94,62.98,35.49,472.33,"Symmetry 2022 , 14, 1230"
6,0,0,0,0,101,19,/ZJJDZJ+URWPalladioL-Roma,9.96,166.06,639.23,629.65,737.07,639.23,104.82,166.06,-34.38,"and private key. It is worth noting that the public key can be broadcast openly in the business. However, the private key is not publicly available information, and it is critical for the key owner to keep the private key secret. Generally, based on the large prime numbers, the asymmetric keys can be generated with cryptographic algorithms, which is further utilized in constructing the one-way cryptographic algorithm to achieve the asymmetric encryption [35]. Among various asymmetric encryption types, elliptic curve cryptography (ECC) is a lightweight asymmetric key cryptography method for data encryption and decryption that has received extensive attention and application."
6,0,0,0,0,3,19,/OXSTFL+URWPalladioL-Ital,9.96,166.39,616.82,310.85,626.78,616.82,215.11,166.39,284.42,3.3. Mathematical Assumptions
6,0,0,0,0,12,19,/ZJJDZJ+URWPalladioL-Roma,9.96,187.65,601.28,591.14,611.24,601.28,230.65,187.65,4.14,We elaborate the following assumptions as the basic requirements for our scheme.
6,0,0,0,0,13,19,/ZJJDZJ+URWPalladioL-Roma,9.96,166.39,585.74,576.17,595.7,585.74,246.19,166.39,19.11,q  and one elliptic  Elliptic Curve Discrete Logarithm Problem. Given a prime number
6,0,0,0,0,25,19,/OXSTFL+URWPalladioL-Ital,9.96,188.02,572.76,561.88,583.14,572.76,258.75,188.02,33.4,"curve E , one point Q in the selected curve E satisﬁes Q  = xP , where P , Q ∈ G . G is"
6,0,0,0,0,29,19,/ZJJDZJ+URWPalladioL-Roma,9.96,187.72,548.08,572.23,570.59,548.08,271.3,187.72,23.05,"the additive cyclic group with prime order q, and P is the generator of G . If given parameter P  and Q , it is difﬁcult to determine x."
6,0,0,0,0,13,19,/ZJJDZJ+URWPalladioL-Roma,9.96,166.39,535.52,575.96,545.49,535.52,296.4,166.39,19.31,"Computational Difﬁe–Hellman Problem. Given a prime number  p , q and one elliptic"
6,0,0,0,0,63,19,/OXSTFL+URWPalladioL-Ital,9.96,188.02,497.45,572.4,532.93,497.45,308.96,188.02,22.87,"curve E , two points Q and V  in the selected curve E satisfy Q = xP and V  = yP , where P, Q , V ∈ G . G is the additive cyclic group with prime order q, and P is the generator of G . It is difﬁcult to compute xyP ∈ G without x , y ∈ Z .p"
6,0,0,0,0,5,19,/OXSTFL+URWPalladioL-Ital,9.96,166.39,459.59,310.85,469.55,459.59,372.34,166.39,284.42,4.1. Framework of EBAS System
6,0,0,0,0,14,19,/ZJJDZJ+URWPalladioL-Roma,9.96,187.65,444.04,626.01,454.01,444.04,387.88,187.65,-30.73,"In this section, we illustrate the architecture and design goals of our proposal, which"
6,0,0,0,0,33,19,/ZJJDZJ+URWPalladioL-Roma,9.96,166.39,406.39,609.73,441.45,406.39,400.44,166.39,-14.45,"is shown in Figure 1. Our proposal contains two layers, the computing layer and the user layer. The computing layer contains the RTAs and RA. The user layer contains the RSUs and OBUs."
6,1,0,0,0,13,19,/NYZCCI+URWPalladioL-Bold,9.96,166.39,388.85,447.05,398.81,388.85,443.08,166.39,148.23,The On-Board Unit (OBU). The On-Board Unit (OBU) is the hardware support to
6,0,0,0,0,40,19,/ZJJDZJ+URWPalladioL-Roma,9.96,188.02,338.64,606.45,386.26,338.64,455.63,188.02,-11.17,"assist vehicles in realizing wireless communication. The vehicle equipped with the OBU acts as the launcher of the authentication request. Moreover, the OBU contains a tamper-proof device, which is utilized to store conﬁdential material, such as the secret key [36]."
6,1,0,0,0,13,19,/NYZCCI+URWPalladioL-Bold,9.96,166.39,326.09,486.9,336.05,326.09,505.84,166.39,108.38,Roadside Unit (RSU). The RSUs are stationary devices deployed along the road or
6,0,0,0,0,38,19,/ZJJDZJ+URWPalladioL-Roma,9.96,187.74,275.87,611.43,323.5,275.87,518.39,187.74,-16.16,"intersections. RSUs are responsible for broadcasting essential messages within their communication range, such as the RTA’s public key. Moreover, the RSU can support vehicles in accomplishing the process of trafﬁc message uploading when the network environment is poor."
6,1,0,0,0,12,19,/NYZCCI+URWPalladioL-Bold,9.96,166.39,263.32,591.4,273.28,263.32,568.61,166.39,3.87,Regional Trusted Authority (RTA). The RTA is responsible for checking the validity
6,0,0,0,0,41,19,/ZJJDZJ+URWPalladioL-Roma,9.96,188.02,213.11,596.49,260.73,213.11,581.16,188.02,-1.21,"of received messages and authenticating the message sender’s identity. Moreover, RTAs have sufﬁcient computing power and act as the consensus nodes to maintain the blockchain. After the authentication, RTAs need to preprocess the trafﬁc messages and issue license coins to vehicles."
6,1,0,0,0,14,19,/NYZCCI+URWPalladioL-Bold,9.96,166.39,200.56,531.73,210.52,200.56,631.37,166.39,63.55,Root Authority (RA). The RA is the crucial institution that is responsible for analyzing
6,0,0,0,0,79,19,/ZJJDZJ+URWPalladioL-Roma,9.96,187.63,125.24,630.97,197.97,125.24,643.92,187.63,-35.69,"real-time road conditions based on the trafﬁc information preprocessed by the RTA. After this, the RA can make rational responses to critical trafﬁc situations after being informed by the RTA [7]. Moreover, each vehicle participating in the VANET must be registered in the RA. Meanwhile, the RA is the only institute that can expose the real identity of vehicles. Together with the RTAs, the RA has sufﬁcient computing power and acts as the consensus node to maintain the blockchain."
6,0,0,0,0,3,24,/ZJJDZJ+URWPalladioL-Roma,7.97,0.0,-7.97,31.88,0.0,-7.97,841.89,0.0,563.4,6 of 22
7,1,0,0,1,1,14,/TimesNewRomanPS-BoldMT,12.0,3903.0,2147.5,3927.0,2159.5,2147.5,-1317.61,3903.0,-3331.72,RSU1
7,1,0,0,0,7,19,/TimesNewRomanPS-BoldMT,9.96,2091.05,2060.9,4319.03,2082.86,2060.9,-1240.97,2091.05,-3723.75,V ehicle to  Transaction ConversionRTAs V ehicle
7,1,0,0,1,1,14,/TimesNewRomanPS-BoldMT,12.0,4251.6,2028.29,4275.6,2040.29,2028.29,-1198.4,4251.6,-3680.32,RSU2
7,0,0,0,0,9,19,/TimesNewRomanPSMT,9.96,1846.61,1860.07,2386.32,1874.71,1860.07,-1032.82,1846.61,-1791.04,Account V ehicle to  B lockchain network Server 2
7,0,0,0,0,5,19,/TimesNewRomanPSMT,9.96,2092.8,1845.67,2380.32,1862.42,1845.67,-1020.53,2092.8,-1785.04,V ehicle C onsensus mechanism
7,0,0,0,0,3,19,/TimesNewRomanPSMT,9.96,1652.42,1782.89,2737.61,1795.66,1782.89,-953.77,1652.42,-2142.33,Consensus  Blockchain  Network
7,0,0,0,0,4,14,/TimesNewRomanPSMT,12.0,1809.62,1778.18,1944.26,1790.18,1778.18,-948.29,1809.62,-1348.98,V ehicle to Infrastructure
7,0,0,0,0,3,19,/TimesNewRomanPSMT,9.96,1760.09,1763.69,1887.07,1774.1,1763.69,-932.21,1760.09,-1291.79,coin Register Update
7,0,0,0,0,5,17,/TimesNewRomanPSMT,11.04,4372.92,1717.97,4854.26,1742.71,1717.97,-900.82,4372.92,-4258.98,Authentication Traffic transaction and Messages
7,0,0,0,0,4,14,/TimesNewRomanPSMT,12.0,2624.62,1707.98,4312.66,1721.23,1707.98,-879.34,2624.62,-3717.38,Transaction Conversion Blockchain  Network
7,0,0,0,0,3,17,/TimesNewRomanPSMT,11.04,4829.95,1627.8,4874.74,1665.24,1627.8,-823.35,4829.95,-4279.46,Issuing license coins
7,0,0,0,0,3,17,/TimesNewRomanPSMT,11.04,4519.99,1538.76,4806.24,1552.2,1538.76,-710.31,4519.99,-4210.96,C ommunication RSU
7,1,0,0,0,4,19,/TimesNewRomanPS-BoldMT,9.96,1270.51,1489.66,4478.5,1501.1,1489.66,-659.21,1270.51,-3883.22,V ehicle to  Issuing
7,1,0,0,0,4,19,/TimesNewRomanPS-BoldMT,9.96,1275.94,1476.46,4493.71,1489.1,1476.46,-647.21,1275.94,-3898.43,V ehicle license coins
7,0,0,0,0,3,17,/TimesNewRomanPSMT,11.04,4349.9,1469.98,4734.12,1484.47,1469.98,-642.58,4349.9,-4138.84,Application for Messages
7,1,0,0,1,1,3,/TimesNewRomanPS-BoldMT,15.96,844.2,1428.96,876.12,1444.92,1428.96,-603.03,844.2,-280.84,RSU1
7,0,0,0,0,4,19,/TimesNewRomanPSMT,9.96,1469.14,1423.34,4532.33,1436.62,1423.34,-594.73,1469.14,-3937.05,Traffic Blockchain  NetworkTraffic Accident
7,1,0,0,0,3,23,/TimesNewRomanPS-BoldMT,8.04,1486.18,1393.44,4597.78,1410.07,1393.44,-568.18,1486.18,-4002.5,Smart Contract RSU
7,0,0,0,0,6,17,/TimesNewRomanPSMT,11.04,4178.52,1331.04,4310.35,1358.23,1331.04,-516.34,4178.52,-3715.07,B lockchain node W ireless communication
7,0,0,0,0,3,17,/TimesNewRomanPSMT,11.04,1272.72,1315.01,4279.92,1326.36,1315.01,-484.47,1272.72,-3684.64,W ired communicationAccount
7,0,0,0,0,4,17,/TimesNewRomanPSMT,11.04,4179.05,1296.89,4322.57,1307.93,1296.89,-466.04,4179.05,-3727.29,Vehicle with OBU installed
7,0,0,0,0,9,19,/TimesNewRomanPSMT,9.96,1026.1,1278.31,1565.81,1292.93,1278.31,-451.04,1026.1,-970.53,Account V ehicle to  B lockchain network Server 2
7,0,0,0,0,4,19,/TimesNewRomanPSMT,9.96,1272.29,1263.91,3241.66,1280.64,1263.91,-438.75,1272.29,-2646.38,V ehicle AuthenticationConsensus mechanism
7,0,0,0,1,1,19,/BCDHEE+SimSun,9.96,4057.13,1263.65,4072.07,1273.61,1263.65,-431.72,4057.13,-3476.79,RTA
7,0,0,0,1,1,19,/BCDHEE+SimSun,9.96,4056.31,1243.22,4066.27,1253.18,1243.22,-411.29,4056.31,-3470.99,RA
7,0,0,0,0,3,21,/BCDHEE+SimSun,9.0,2996.35,1222.54,3259.72,1235.57,1222.54,-393.68,2996.35,-2664.44,RTAs Transaction Conversion
7,0,0,0,0,4,14,/TimesNewRomanPSMT,12.0,989.11,1196.4,1123.75,1208.4,1196.4,-366.51,989.11,-528.47,V ehicle to Infrastructure
7,0,0,0,1,1,23,/BCDHEE+SimSun,8.04,3748.9,783.07,3760.96,791.11,783.07,50.78,3748.9,-3165.68,RTA
7,0,0,0,0,250,24,/ZJJDZJ+URWPalladioL-Roma,7.97,35.49,770.94,7518.14,778.91,770.94,62.98,35.49,-6922.86,"Symmetry 2022 , 14, 1230 Blockchain  Network … … Smart Contract RSU1 Car Bus RSU2 Vehicle to Infrastructure Consensus  Server 2 Account Consensus  Server 1 Account Account Account Account Account Vehicle to  Vehicle Account Vehicle to  Vehicle Blockchain network  Consensus mechanism UpdateRegister Revokecoin Blockchain  Network … … Smart Contract Blockchain  Network … … Smart Contract RSU1  Car Bus RSU2 Vehicle to Infrastructure Consensus  Server 2 Account Consensus  Server 1 Account Account Account Account Account Vehicle to  Vehicle Account Vehicle to  Vehicle Blockchain network  Consensus mechanism UpdateRegister Revokecoin Blockchain  Network … … Smart Contract Blockchain  Network … … Authentication Car …… Transaction Conversion … … Smart  Contract Blockchain Network RTAs Communication Blockchain   … … 加注释 … … …… … RSU1 RSU2 Blockchain  Network … … Authentication Bus Car …… Transaction Conversion RTAs Authentication …… Transaction Conversion … …… … RSU1 RSU2 Blockchain  Network … … Authentication Bus Car …… Transaction Conversion RTAs Authentication …… Transaction Conversion … …… … Authentication  transaction and  traffic report  Issuing  license  coins RA Monitoring …… Transaction Conversion RSU Blockchain  Network … … Authentication Car …… Transaction Conversion RTAs Communication … …… … Authentication  transaction and  traffic report  Issuing  license  coins RA Monitoring …… Transaction Conversion Blockchain  Network … … Traffic Accident Traffic  Messages  Traffic  Messages  … …… …  有线通信 区块链节点 无线链路 有线链路 车辆注册 RTA RA RTA与RA间的有线通信 RSU 安装OBU的车辆 … … Wired  Communication Blockchain node Wired communication 车辆注册 Wireless communication  Vehicle with OBU installed Traffic  Messages  RTA RA … … RSU Application for  registration Issuing  license coins"
7,0,0,0,1,1,23,/BCDHEE+SimSun,8.04,3747.55,762.62,3755.59,770.66,762.62,71.23,3747.55,-3160.31,RA
7,0,0,0,1,1,23,/BCDHEE+SimSun,8.04,3774.36,740.52,3786.42,748.56,740.52,93.33,3774.36,-3191.14,OBU
7,0,0,0,1,1,23,/BCDHEE+SimSun,8.04,3749.71,720.26,3761.77,728.3,720.26,113.59,3749.71,-3166.49,RSU
7,0,0,0,1,2,23,/BCDHEE+SimSun,8.04,3632.09,694.75,3660.14,702.79,694.75,139.1,3632.09,-3064.86,RTA RA
7,1,0,0,0,6,22,/NYZCCI+URWPalladioL-Bold,8.97,166.39,506.07,265.02,515.04,506.07,326.85,166.39,330.25,Figure 1. The overview of EBAS.
7,0,0,0,0,9,19,/OXSTFL+URWPalladioL-Ital,9.96,166.39,485.45,455.31,495.41,485.45,346.48,166.39,139.97,4.2. Formal Deﬁnitions of the Transaction and License Coin
7,0,0,0,0,3,19,/ZJJDZJ+URWPalladioL-Roma,9.96,166.39,472.0,310.85,481.96,472.0,359.93,166.39,284.42,4.2.1. Transaction Structure
7,0,0,0,0,13,19,/ZJJDZJ+URWPalladioL-Roma,9.96,187.65,456.46,621.03,466.42,456.46,375.47,187.65,-25.75,"As in Figure 2, we illustrate several parts contained in the transaction. Speciﬁcally,"
7,0,0,0,0,73,19,/ZJJDZJ+URWPalladioL-Roma,9.96,166.39,381.14,639.62,453.87,381.14,388.02,166.39,-44.34,"the TransactionPseudonym represents the transaction index, which is generated based on the asymmetric encryption ECC. It would be utilized in retrieving transactions stored in the blockchain state database. Moreover, the Root Authority (RA) can expose the real identity of malicious vehicles based on the TransactionPseudonym .  ExpirationTime represents the expiration time of the transaction. TransactionType represents the business type that the transaction would be used for, such as authentication, aggregating license coins, etc."
7,0,0,0,0,12,19,/OXSTFL+URWPalladioL-Ital,9.96,166.65,368.59,560.18,378.55,368.59,463.34,166.65,35.1,Timestamp and  Nonce denote the timestamp and sequence number of transaction genera-
7,0,0,0,0,82,19,/ZJJDZJ+URWPalladioL-Roma,9.96,166.39,343.48,2848.56,366.0,343.48,475.89,166.39,-2253.29,"tion, respectively. InputSet and  OutputSet contain several Inputs  and  Outputs separately, as elaborated in Section 3.1. Other records extra information about the transaction.Transaction Pseudonym  Expiration Time te Input Set  Output Set  Timestamp t Nonce η Transaction Type  Transaction Structure  ԌӚ᱉Ⲻ᧛ਙθҕᱥ僂䇷䈛Ӛ᱉ᱥੜᴿਾ  䘑㺂ԁ㔃θ ᱥӚ  ޛ  ᵢ䓡Ⲻኔᙝ  Pre-Transaction Output (1)  Input Set  Pre-Transaction Output (2)  ĊĊ  Pre-Transaction Output (n)  ㅿ  ӄ㓵с㍥䇗⭞䗽ⲺѪᰬӚ᱉δ僂䇷Ӛ᱉θ㣧䫧ε ᮦ 㾷ᢉᔶжㅊӚ᱉θ൞ ѣᆎ൞θྸ᷒ᱥӚ᱉㊱ශѰᖈжӚ᱉θቧу  䴶㾷䘏Ѡ䘿亯ҼθഖѰᖈжӚ᱉⋗ᴿ㣧䫧θ⴮ᖉӄਠ  ᴿ僂䇷Ӛ᱉㣧䫧θѣ䰪ᆎ൞ⲺᖈжӚ᱉ᱥ䗽⑗Ӛ᱉  Instant Transaction Structure  ĊĊ Transaction Output (1)  Output Set  Transaction Output (2)  ĊĊ  Transaction Output (n)  ĊĊ  ĊĊ  Other"
7,0,0,0,0,5,8,/MOMLIR+Calibri,14.04,23.48,180.61,408.01,194.65,180.61,647.24,23.48,187.27,Transaction Pseudonym  Pre-Transaction Output (1)
7,0,0,0,0,5,14,/MOMLIR+Calibri,12.0,23.48,157.93,408.01,177.56,157.93,664.33,23.48,187.27,Pre-Transaction Output (2) Transaction Type
7,0,1,0,0,3,8,/VZBWBZ+TimesNewRomanPS-ItalicMT,14.04,23.48,135.2,135.8,149.24,135.2,692.65,23.48,459.48,Expiration Time te
7,0,0,0,0,3,14,/MOMLIR+Calibri,12.0,245.96,131.48,407.96,143.48,131.48,698.41,245.96,187.32,Pre-Transaction Output (n)
7,0,0,0,0,7,22,/NYZCCI+URWPalladioL-Bold,8.97,23.48,89.84,323.31,108.83,89.84,733.06,23.48,271.97,Figure 2. The instant transaction structure.Output Set
7,0,0,0,0,3,14,/MOMLIR+Calibri,12.0,246.03,86.65,384.03,98.65,86.65,743.24,246.03,211.25,Transaction Output (1)
7,0,0,0,0,3,19,/ZJJDZJ+URWPalladioL-Roma,9.96,166.39,79.24,305.87,89.2,79.24,752.68,166.39,289.41,4.2.2. Transaction Function
7,0,0,0,0,5,8,/MOMLIR+Calibri,14.04,23.48,67.02,384.03,81.63,67.02,760.26,23.48,211.25,Transaction Output (2) Timestamp t
7,0,0,0,0,9,19,/ZJJDZJ+URWPalladioL-Roma,9.96,187.65,63.7,626.01,73.66,63.7,768.23,187.65,-30.73,"There are four transaction categories: instant transaction, authentication transaction,"
7,0,0,0,0,10,19,/ZJJDZJ+URWPalladioL-Roma,9.96,23.48,44.38,614.71,61.11,44.38,780.78,23.48,-19.44,"aggregation transaction, and original transaction. Speciﬁcally, the instant transaction isNonce"
7,0,0,0,0,3,14,/MOMLIR+Calibri,12.0,245.99,35.55,383.99,47.55,35.55,794.34,245.99,211.29,Transaction Output (n)
7,1,0,0,0,3,8,/HRQDSN+Calibri-Bold,14.04,17.63,-5.78,228.23,8.26,-5.78,833.63,17.63,367.05,Instant Transaction Structure
7,0,0,0,0,29,8,/BCDGEE+SimSun,14.04,0.0,-18.0,34.86,0.0,-18.0,841.89,0.0,560.42,7 of 22 … Revoke … … Car Revoke … … Car … … … … … … … … … … … … … … … … …
8,0,0,0,0,5,24,/OXSTFL+URWPalladioL-Ital,7.97,35.49,770.94,122.95,778.91,770.94,62.98,35.49,472.33,"Symmetry 2022 , 14, 1230"
8,0,0,0,0,99,19,/ZJJDZJ+URWPalladioL-Roma,9.96,166.09,639.23,634.64,737.07,639.23,104.82,166.09,-39.36,"generated with no speciﬁc functions. When performing one business task, the instant transaction would be redeﬁned as other transaction types. For instance, the instant transaction is utilized to participate in the authentication process, which would be redeﬁned as an authentication transaction. The instant transaction is used to aggregate the license coins owned by users, which would be redeﬁned as the aggregation transaction. After a speciﬁc business task, the RTA would upload the transaction to the blockchain state database. The transactions stored in the database are redeﬁned as original transactions, which would be utilized to generate one newest instant transaction."
8,0,0,0,0,10,19,/ZJJDZJ+URWPalladioL-Roma,9.96,187.65,626.68,601.1,636.64,626.68,205.25,187.65,-5.82,"In our scheme, the aggregation transaction signiﬁcantly affects the authentication"
8,0,0,0,0,81,19,/ZJJDZJ+URWPalladioL-Roma,9.96,166.09,538.81,604.75,624.09,538.81,217.8,166.09,-9.47,"efﬁciency. The transaction is generated based on the UTXO model, and the veriﬁer needs to check the legitimacy of all Input contained in the InputSet  during the authentication process. Therefore, the veriﬁcation for the single Input needs to be replayed multiple times, which consumes extra computing resources. Moreover, all Input in the InputSet are sourced from various previous transactions. These previous transactions need to be stored separately, which would consume additional storage resources. The aforementioned problems negatively affect the authentication efﬁciency."
8,0,0,0,0,12,19,/ZJJDZJ+URWPalladioL-Roma,9.96,187.65,526.26,576.19,536.22,526.26,305.67,187.65,19.08,A license coin aggregation mechanism is proposed to address the above issues.
8,0,0,0,0,100,19,/ZJJDZJ+URWPalladioL-Roma,9.96,166.09,403.42,629.65,523.67,403.42,318.22,166.09,-34.38,"The user could generate one instant transaction to aggregate license coins. All licensed coins owned by the user from different outputs would be contained in the Input of this latest instant transaction. It is worth noting that this latest instant transaction performs the aggregation function with one output. After this, this aggregation transaction would be stored in the blockchain state database. Obviously, based on this aggregation transaction with a single Output , the next instant transaction generated by the user would contain one Input , which decreases the computing resources and time overhead during the authentication process. 4.2.3. License Coin"
8,0,0,0,0,14,19,/ZJJDZJ+URWPalladioL-Roma,9.96,187.65,387.88,601.1,397.84,387.88,444.05,187.65,-5.82,We deﬁne license coins as the circulating currency of the EBAS system. The license
8,0,0,0,0,44,19,/ZJJDZJ+URWPalladioL-Roma,9.96,166.39,350.22,629.65,385.29,350.22,456.6,166.39,-34.38,"coins are generated by the RTA. The RTA issues license coins to newly registered vehicles or legitimate vehicles involved in the authentication via one transaction. Speciﬁcally, the RTA determines the amount of licensed coins to issue by setting the value ofV in the transaction"
8,0,0,0,0,17,19,/OXSTFL+URWPalladioL-Ital,9.96,166.27,337.66,574.74,347.63,337.66,494.26,166.27,20.54,"Output . It is worth noting that, based on the UTXO mechanism, the vehicle can only use"
8,0,0,0,0,61,19,/ZJJDZJ+URWPalladioL-Roma,9.96,166.39,274.9,634.64,335.07,274.9,506.82,166.39,-39.36,"the Output information in the original transaction to generate the Input  of the newest instant transaction. Therefore, vehicles cannot issue or counterfeit license coins. Moreover, the vehicle can participate in the authentication process via consuming a certain amount of license coins. On the contrary, the vehicle cannot generate a valid transaction without license coins and cannot participate in the authentication process."
8,0,0,0,0,12,19,/ZJJDZJ+URWPalladioL-Roma,9.96,187.65,262.35,556.27,272.31,262.35,569.58,187.65,39.01,"Generally, each transaction generated based on the UTXO model has multiple Inputs"
8,0,0,0,0,58,19,/ZJJDZJ+URWPalladioL-Roma,9.96,166.39,212.13,609.73,259.76,212.13,582.13,166.39,-14.45,"and Outputs . The authentication is the outﬂow process, and the license coins are transferred from the vehicles to the RTAs. On the contrary, the new coins are issued, and the license coins are transferred from the RTAs to the vehicles, which is the inﬂow process. In addition, because the transaction InputSet and  OutputSet contain multiple Input  and"
8,0,0,0,0,13,19,/OXSTFL+URWPalladioL-Ital,9.96,166.27,199.58,599.64,209.54,199.58,632.35,166.27,-4.37,"Output , respectively, the license coins can be transferred between various entities through"
8,0,0,0,0,4,19,/OXSTFL+URWPalladioL-Ital,9.96,166.39,164.61,320.81,174.58,164.61,667.31,166.39,274.46,4.3. Formal Security Deﬁnitions
8,0,0,0,0,11,19,/ZJJDZJ+URWPalladioL-Roma,9.96,187.65,149.07,586.16,159.03,149.07,682.86,187.65,9.12,Our scheme assumes that the adversary cannot break mathematical assumptions and
8,0,0,0,0,30,19,/ZJJDZJ+URWPalladioL-Roma,9.96,166.03,111.41,604.75,146.48,111.41,695.41,166.03,-9.47,"standard cryptographic primitives. In order to ensure the communication security of the VANET, the proposed scheme should defend against several safety risks in the VANET and satisfy several design goals."
8,1,0,0,0,15,19,/NYZCCI+URWPalladioL-Bold,9.96,166.39,93.88,581.54,103.84,93.88,738.05,166.39,13.73,Robustness. The RTAs and RA act as the consensus nodes to jointly maintain the blockchain
8,0,0,0,0,25,19,/ZJJDZJ+URWPalladioL-Roma,9.96,188.02,68.77,601.47,91.29,68.77,750.6,188.02,-6.19,"state database in our proposal. Therefore, the system could deal with the business normally when one RTA is in a power failure or downtime condition."
8,0,0,0,0,3,24,/ZJJDZJ+URWPalladioL-Roma,7.97,0.0,-7.97,31.88,0.0,-7.97,841.89,0.0,563.4,8 of 22
9,0,0,0,0,5,24,/OXSTFL+URWPalladioL-Ital,7.97,35.49,770.94,122.95,778.91,770.94,62.98,35.49,472.33,"Symmetry 2022 , 14, 1230"
9,1,0,0,0,11,19,/NYZCCI+URWPalladioL-Bold,9.96,166.39,727.11,526.75,737.07,727.11,104.82,166.39,68.53,Conﬁdentiality. The conﬁdentiality issue of users contains two types: identity and
9,0,0,0,0,63,19,/ZJJDZJ+URWPalladioL-Roma,9.96,188.02,651.79,626.38,724.51,651.79,117.38,188.02,-31.1,"location. The proposed scheme should guarantee that a vehicle’s real identity information can be kept secret. Moreover, because of the open nature of VANETs, internal attackers can obtain other vehicles’ action information by analyzing the broadcast messages in VANETs [37]. Considering the conﬁdentiality of a user’s location information, the proposed scheme should have anti-tracking capabilities and achieve unlinkability between real identities and transactions."
9,1,0,0,0,11,19,/NYZCCI+URWPalladioL-Bold,9.96,166.39,639.23,491.88,649.2,639.23,192.69,166.39,103.4,"Efﬁciency and scalability. Generally, there are a range of authentication requirements"
9,0,0,0,0,42,19,/ZJJDZJ+URWPalladioL-Roma,9.96,188.02,589.02,606.45,636.64,589.02,205.25,188.02,-11.17,"that need to be addressed by the RTA. Thus, the scheme should have an efﬁcient transaction veriﬁcation algorithm. Considering the scalability, the proposed scheme should have an effective data management mechanism to address the conﬂict between information retrieval efﬁciency and storage rises."
9,1,0,0,0,14,19,/NYZCCI+URWPalladioL-Bold,9.96,166.39,576.47,546.67,586.43,576.47,255.46,166.39,48.6,"Replay attack. The replay attack is a type of man-in-the-middle attack, where the ad-"
9,0,0,0,0,43,19,/ZJJDZJ+URWPalladioL-Roma,9.96,187.74,526.26,616.13,573.88,526.26,268.01,187.74,-20.86,"versary maliciously repeats a valid data transmission [ 38]. In our scheme, the adversary creates one instant transaction to participate in the authentication process, and the transaction’s Input is generated based on one previous transaction output that has been used in another transaction."
9,1,0,0,0,11,19,/NYZCCI+URWPalladioL-Bold,9.96,166.39,513.7,536.71,523.67,513.7,318.22,166.39,58.56,Sybil attack. The adversary utilizes multiple identities to communicate with other
9,0,0,0,0,21,19,/ZJJDZJ+URWPalladioL-Roma,9.96,188.02,488.6,631.36,511.11,488.6,330.78,188.02,-36.08,"entities simultaneously. Moreover, the adversary can use several identities to broadcast a series of false information and disturb the trafﬁc order."
9,1,0,0,0,11,19,/NYZCCI+URWPalladioL-Bold,9.96,166.39,476.05,486.9,486.01,476.05,355.88,166.39,108.38,Identity revealing attack. The attacker illegally obtains the vehicle’s real identity
9,0,0,0,0,15,19,/ZJJDZJ+URWPalladioL-Roma,9.96,188.02,450.94,611.43,473.46,450.94,368.43,188.02,-16.16,"information. Furthermore, the attacker can easily track the entity based on the real identity information."
9,1,0,0,0,11,19,/NYZCCI+URWPalladioL-Bold,9.96,166.39,438.39,471.96,448.35,438.39,393.54,166.39,123.32,Location tracking attack. The attacker obtains the user’s trajectory by analyzing
9,0,0,0,0,11,19,/ZJJDZJ+URWPalladioL-Roma,9.96,188.02,425.83,546.67,435.8,425.83,406.09,188.02,48.6,"location and path information, which causes a threat to users’ privacy."
9,1,0,0,0,12,19,/NYZCCI+URWPalladioL-Bold,9.96,166.39,413.28,501.84,423.24,413.28,418.65,166.39,93.43,Repudiation attack. The entity denies messages or facts that have been presented.
9,0,0,0,0,14,19,/ZJJDZJ+URWPalladioL-Roma,9.96,187.63,388.18,581.16,410.69,388.18,431.2,187.63,14.12,Anonymous authentication techniques may be abused by malicious users to escape from their liabilities.
9,1,0,0,0,15,19,/NYZCCI+URWPalladioL-Bold,9.96,166.39,355.3,520.07,375.72,355.3,466.17,166.39,75.21,5. EBAS: An Efﬁcient Blockchain-Based Authentication Scheme for Secure Communication in Vehicular Ad Hoc Network
9,0,0,0,0,16,19,/ZJJDZJ+URWPalladioL-Roma,9.96,187.53,339.76,655.77,349.72,339.76,492.17,187.53,-60.5,"Entities of the user layer must be registered in the RA. After the registration, the vehicles"
9,0,0,0,0,40,19,/ZJJDZJ+URWPalladioL-Roma,9.96,166.4,302.1,654.57,337.17,302.1,504.72,166.4,-59.29,"have the qualification to generate the instant transaction and participate in the authentication process. We illustrate the entity registration process and several mechanisms related to the authentication in this section. Moreover, the notations and definitions are listed in Table 3."
9,1,0,0,0,8,22,/NYZCCI+URWPalladioL-Bold,8.97,166.1,279.53,354.39,288.5,279.53,553.39,166.1,240.88,Table 3. Basic notations and deﬁnitions of system.
9,0,0,0,0,46,22,/OXSTFL+URWPalladioL-Ital,8.97,212.87,186.35,517.06,251.46,186.35,590.43,212.87,78.22,"PS trans The retrieval index of the transaction. Cipher id Encrypted ciphertext of identity information with master key. Eid Vehicle’s pseudonym. pk , skmm The master key pair of system. pk , skrr The key pair of RTA. pk , skvv The key pair of vehicles."
9,0,0,0,0,34,22,/OXSTFL+URWPalladioL-Ital,8.97,214.32,132.9,558.09,185.71,132.9,656.18,214.32,37.19,t Timestamp of transaction execution. C r Codes of the region where entities are located. Transau The instant transaction for authentication. M Uploaded trafﬁc messages. auv  t  and M  generated by vehicle’s secret key.
9,0,0,0,0,3,22,/ZJJDZJ+URWPalladioL-Roma,8.97,227.13,130.69,307.83,139.66,130.69,702.23,227.13,287.45,The signature for
9,0,0,0,0,7,22,/OXSTFL+URWPalladioL-Ital,8.97,218.03,121.95,392.87,130.91,121.95,710.98,218.03,202.41,nonce The serial number of uploaded message.
9,0,0,0,0,13,19,/ZJJDZJ+URWPalladioL-Roma,9.96,187.65,77.19,616.04,87.16,77.19,754.74,187.65,-20.77,"In the system initialization process, the RA is responsible for generating master key"
9,0,0,0,0,6,19,/ZJJDZJ+URWPalladioL-Roma,9.96,166.09,64.64,440.07,74.6,64.64,767.29,166.09,155.21,pairs and accomplishing user-layer entity registration.
9,0,0,0,0,3,24,/ZJJDZJ+URWPalladioL-Roma,7.97,0.0,-7.97,31.88,0.0,-7.97,841.89,0.0,563.4,9 of 22
10,0,0,0,0,5,24,/OXSTFL+URWPalladioL-Ital,7.97,35.49,770.94,122.95,778.91,770.94,62.98,35.49,472.33,"Symmetry 2022 , 14, 1230"
10,0,0,0,0,6,19,/ZJJDZJ+URWPalladioL-Roma,9.96,166.39,727.11,355.68,737.07,727.11,104.82,166.39,239.59,5.1.1. The Master Key Pair Generation
10,0,0,0,0,14,19,/ZJJDZJ+URWPalladioL-Roma,9.96,187.65,711.56,635.97,721.53,711.56,120.36,187.65,-40.69,"In our scheme, the user’s private information (e.g., identity) is encrypted with the mas-"
10,0,0,0,0,17,19,/OXSTFL+URWPalladioL-Ital,9.96,166.39,699.01,575.37,708.97,699.01,132.92,166.39,19.91,"ter key pair ( sk , pk ). Moreover, the transaction pseudonym is also generated with mm"
10,0,0,0,0,41,19,/ZJJDZJ+URWPalladioL-Roma,9.96,166.39,668.5,564.49,696.42,668.5,145.47,166.39,30.79,"the public key pk . The master key pair generation details are as follows: m 2 = 3 +• The RA selects an elliptic curve E: y x Ax +  B mod p , where p  > 5 is a prime,"
10,0,0,0,0,17,18,/ZJJDZJ+URWPalladioL-Roma,10.38,188.64,654.95,569.23,668.95,654.95,172.94,188.64,26.04,"3 + 2 ̸A, B ∈ZA 27B= 0. Let E (Z ) denote the set of pairs"
10,0,0,0,0,6,25,/OXSTFL+URWPalladioL-Ital,7.57,230.0,653.88,448.96,663.84,653.88,178.05,230.0,146.31,p and constants with 4 p
10,0,0,0,0,35,18,/OXSTFL+URWPalladioL-Ital,10.38,187.72,630.27,574.41,652.78,630.27,189.11,187.72,20.87,"(x, y) ∈ Z Zp × p along with O, which is the point at inﬁnity. The RA generates the master key pair (sk , pk ) based on elliptic curve cryptography (ECC) [39]. mm"
10,0,0,0,0,19,19,/ZJJDZJ+URWPalladioL-Roma,9.96,166.39,615.8,569.72,627.68,615.8,214.21,166.39,25.56,"• The RTA chooses a random number as its secret key sk E(Z ), and then computes r ∈p"
10,0,0,0,0,11,19,/OXSTFL+URWPalladioL-Ital,9.96,188.02,603.25,402.03,615.12,603.25,226.77,188.02,193.24,the corresponding public key pk = sk E(Z ). rr ×p
10,0,0,0,0,19,19,/OXSTFL+URWPalladioL-Ital,9.96,166.39,592.61,541.57,602.57,592.61,239.32,166.39,53.71,"• The RTA stores the key pair ( sk , pk ) locally and broadcasts via the RSUs. rr"
10,0,0,0,0,14,19,/ZJJDZJ+URWPalladioL-Roma,9.96,187.65,575.07,601.1,585.04,575.07,256.85,187.65,-5.82,"In the master key pair generation procedure, the RA ﬁrst selects an elliptic curve"
10,0,0,0,0,41,19,/OXSTFL+URWPalladioL-Ital,9.96,166.39,549.97,590.32,572.48,549.97,269.41,166.39,4.95,"E. Based on the curve E, the RA generates the master key pair ( pk, sk ), and the RTA mm generates the key pair ( pk , sk ). The master key is mainly utilized to encrypt the user rr"
10,0,0,0,0,16,19,/ZJJDZJ+URWPalladioL-Roma,9.96,166.39,515.0,554.94,547.38,515.0,294.51,166.39,40.34,"identity, and the RTA’s key is mainly utilized in the transaction generation. 5.1.2. User-Layer Entity Registration"
10,0,0,0,0,12,19,/ZJJDZJ+URWPalladioL-Roma,9.96,187.65,499.46,581.18,509.42,499.46,332.47,187.65,14.1,"In effect, each RTA has a disjoint management region. Each entity participates"
10,0,0,0,0,30,19,/ZJJDZJ+URWPalladioL-Roma,9.96,165.97,461.8,614.71,496.87,461.8,345.02,165.97,-19.44,in the registration process by submitting its real identity information to the RA. The RA generates the entity’s pseudonym via encrypting the received real identity information with the master key.
10,0,0,0,0,13,19,/ZJJDZJ+URWPalladioL-Roma,9.96,187.65,449.25,601.1,459.21,449.25,382.68,187.65,-5.82,"After this, the RA forwards the registration results to the corresponding RTA. The"
10,0,0,0,0,73,19,/ZJJDZJ+URWPalladioL-Roma,9.96,166.39,368.95,624.67,446.65,368.95,395.24,166.39,-29.4,"RTA utilizes one registration transaction to issue n license coins to the registered entity to initialize authentication permissions. Moreover, this registration transaction would be uploaded to the database as the original pioneer transaction. The details of the user-layer entity registration are as follows: • The entity in the user layer submits its real identity material to the RA. • The RA veriﬁes the legitimacy of the received material. After this, the RA generates"
10,0,0,0,0,14,19,/ZJJDZJ+URWPalladioL-Roma,9.96,188.02,354.31,589.19,366.36,354.31,475.53,188.02,6.09,the E id via encrypting the entity’s real identity information with the master key.
10,0,0,0,0,26,19,/ZJJDZJ+URWPalladioL-Roma,9.96,166.39,331.29,594.79,353.8,331.29,488.09,166.39,0.49,• The RA gives authorization to the user for the transaction generation. • The RA forwards the registration results to the corresponding RTA. The RTA utilizes
10,0,0,0,0,32,19,/ZJJDZJ+URWPalladioL-Roma,9.96,187.65,286.56,614.04,328.7,286.56,513.19,187.65,-18.77,"one registration transaction to issue n license coins to the registered entity to initialize authentication permissions, which can be utilized in the authentication process. We deﬁne the generation of Eid as follows:"
10,0,0,0,0,7,19,/OXSTFL+URWPalladioL-Ital,9.96,314.17,261.99,427.36,275.6,261.99,566.29,314.17,167.92,m t) (7)Cipher idEid || =pkm (
10,0,0,0,0,9,19,/OXSTFL+URWPalladioL-Ital,9.96,315.61,233.99,431.09,246.46,233.99,595.43,315.61,164.19,E = Slice ( Cipher id  (8) id  )
10,0,0,0,0,15,19,/ZJJDZJ+URWPalladioL-Roma,9.96,165.97,215.58,591.92,227.63,215.58,614.26,165.97,3.35,where t  is the timestamp of the entity registration. mid represents the entity’s real identity
10,0,0,0,0,13,19,/OXSTFL+URWPalladioL-Ital,9.96,166.39,201.89,580.78,215.07,201.89,626.82,166.39,14.5,information. E  Cipher  idpk  is ciphertext. The operation m represents the encrypted operation.
10,0,0,0,0,23,19,/ZJJDZJ+URWPalladioL-Roma,9.96,165.97,180.01,602.74,202.52,180.01,639.37,165.97,-7.46,"of the function Slice is to intercept the ﬁrst 20 characters of the target ﬁeld (hexadecimal), which is utilized to generate E. id"
10,0,0,0,0,16,19,/OXSTFL+URWPalladioL-Ital,9.96,187.65,165.37,585.38,177.42,165.37,664.47,187.65,9.9,"Finally, the RA stores the entity’sE Cipher idid and  as key value pairs in the blockchain"
10,0,0,0,0,27,19,/ZJJDZJ+URWPalladioL-Roma,9.96,166.39,140.26,604.75,164.86,140.26,677.03,166.39,-9.47,"state database. It is worth noting that the RTAs and RA are the consensus node, so each RTA can retrieve the Eid in the blockchain state database."
10,0,0,0,0,3,19,/OXSTFL+URWPalladioL-Ital,9.96,166.39,119.93,300.89,129.89,119.93,712.0,166.39,294.39,5.2. Transaction Generation
10,0,0,0,0,12,19,/ZJJDZJ+URWPalladioL-Roma,9.96,187.65,104.39,611.06,114.35,104.39,727.54,187.65,-15.79,"There are two computation operations in the transaction generation process, key pair"
10,0,0,0,0,10,19,/ZJJDZJ+URWPalladioL-Roma,9.96,166.39,91.84,544.97,101.8,91.84,740.09,166.39,50.3,generation and transaction pseudonym generation. The details are as follows.
10,0,0,0,0,3,24,/ZJJDZJ+URWPalladioL-Roma,7.97,0.0,-7.97,35.87,0.0,-7.97,841.89,0.0,559.41,10 of 22
11,0,0,0,0,5,24,/OXSTFL+URWPalladioL-Ital,7.97,35.49,770.94,122.95,778.91,770.94,62.98,35.49,472.33,"Symmetry 2022 , 14, 1230"
11,0,0,0,0,4,19,/ZJJDZJ+URWPalladioL-Roma,9.96,166.39,727.11,300.89,737.07,727.11,104.82,166.39,294.39,5.2.1. Key Pair Generation
11,0,0,0,0,14,19,/ZJJDZJ+URWPalladioL-Roma,9.96,187.65,711.56,635.97,721.53,711.56,120.36,187.65,-40.69,"In our scheme, the newest instant transaction is generated based on the original transac-"
11,0,0,0,0,37,19,/ZJJDZJ+URWPalladioL-Roma,9.96,166.39,669.23,576.83,708.97,669.23,132.92,166.39,18.45,tion. The license coin information stored in the original transactionOutput would be utilized in the newest instant transactionInput . The details of key pair generation are as follows: • The vehicle calls the instant transaction generation algorithm.
11,0,0,0,0,18,19,/OXSTFL+URWPalladioL-Ital,9.96,166.39,654.77,569.83,666.64,654.77,175.25,166.39,25.45,"sk E(Z ), and computes the • The OBU chooses a random number as its secret keyv ∈p"
11,0,0,0,0,10,19,/OXSTFL+URWPalladioL-Ital,9.96,188.02,642.21,394.12,654.09,642.21,187.8,188.02,201.16,corresponding public key pk  sk E(Z ). v =v ×p
11,0,0,0,0,13,19,/OXSTFL+URWPalladioL-Ital,9.96,166.39,631.16,410.82,641.54,631.16,200.35,166.39,184.45,"• The vehicle stores the key pair (sk , pk ) locally. vv"
11,0,0,0,0,14,19,/ZJJDZJ+URWPalladioL-Roma,9.96,187.65,614.35,611.06,624.31,614.35,217.58,187.65,-15.79,"After this, the secret key is stored in the tamper-proof device. Moreover, we assume"
11,0,0,0,0,16,19,/ZJJDZJ+URWPalladioL-Roma,9.96,166.39,579.38,539.99,611.76,579.38,230.13,166.39,55.28,that this phase has no privacy disclosure and security attack risk threat. 5.2.2. Transaction Pseudonym Generation
11,0,0,0,0,12,19,/ZJJDZJ+URWPalladioL-Roma,9.96,187.65,563.84,606.08,573.8,563.84,268.09,187.65,-10.81,"The transaction pseudonym acts as the retrieval index of the transaction. Moreover,"
11,0,0,0,0,36,19,/ZJJDZJ+URWPalladioL-Roma,9.96,166.09,526.18,629.65,561.25,526.18,280.64,166.09,-34.38,the transaction pseudonym is utilized for conditional privacy protection and non-reputation. The vehicle generates the transaction pseudonym using the RTA public key broadcast periodically via the RSU. The details of transaction pseudonym generation are as follows:
11,0,0,0,0,9,19,/OXSTFL+URWPalladioL-Ital,9.96,310.82,499.53,430.9,513.13,499.53,328.76,310.82,164.37,EC E E t||C ) (9)trans =rpkid ||r (
11,0,0,0,0,8,19,/OXSTFL+URWPalladioL-Ital,9.96,309.94,472.12,436.81,483.99,472.12,357.9,309.94,158.46,PS = Slice ( EC  (10)trans trans )
11,0,0,0,0,14,19,/OXSTFL+URWPalladioL-Ital,9.96,187.74,451.98,573.28,465.16,451.98,376.73,187.74,21.99,ECr is the regional code where the vehicle is located.pkr is an asymmetric encryption
11,0,0,0,0,16,19,/OXSTFL+URWPalladioL-Ital,9.96,166.39,441.15,560.76,452.61,441.15,389.28,166.39,34.52,operation based on the RTA public key pk . PS  PSrtrans is the transaction pseudonym. trans
11,0,0,0,0,16,19,/ZJJDZJ+URWPalladioL-Roma,9.96,166.39,428.6,590.33,440.06,428.6,401.83,166.39,4.94,and the ciphertext EC trans are recorded in the blockchain state database as key value pairs.
11,0,0,0,0,3,19,/OXSTFL+URWPalladioL-Ital,9.96,166.39,407.68,300.89,417.64,407.68,424.25,166.39,294.39,5.3. Message Authentication
11,0,0,0,0,12,19,/ZJJDZJ+URWPalladioL-Roma,9.96,187.65,392.14,611.06,402.1,392.14,439.79,187.65,-15.79,"In the following section, we illustrate the authentication procedure and issuance of"
11,0,0,0,0,10,19,/ZJJDZJ+URWPalladioL-Roma,9.96,166.39,357.17,380.59,389.55,357.17,452.34,166.39,214.69,license coins. The details are as follows. 5.3.1. Authentication Operation
11,0,0,0,0,14,19,/ZJJDZJ+URWPalladioL-Roma,9.96,187.65,341.62,596.12,351.59,341.62,490.3,187.65,-0.84,We elaborate the authentication between the entity of the user layer and the RTA.
11,0,0,0,0,30,19,/ZJJDZJ+URWPalladioL-Roma,9.96,166.39,311.85,587.9,334.36,311.85,507.53,166.39,7.38,"Step1: The vehicle sends the message ⟨ Trans , t, nonce, M to the RTA. au Step2: Based on the received Trans , the RTA retrieves the original transactions au"
11,0,0,0,0,55,19,/ZJJDZJ+URWPalladioL-Roma,9.96,187.72,259.55,611.13,309.26,259.55,532.63,187.72,-15.86,"involved in the Input in the blockchain state database. Suppose that the retrieval procedure is successful, as described in Section 3.1.3. In this case, the RTA checks the validity of the signature based on the asymmetric cryptography and compares the hash value of the public key with the Hash lock stored in the original transaction."
11,0,0,0,0,16,19,/OXSTFL+URWPalladioL-Ital,9.96,188.23,244.41,562.28,257.99,244.41,583.9,188.23,33.0,"au M is ciphertext for the trafﬁc report, which is generated with pk. The signature σ"
11,0,0,0,0,14,19,/OXSTFL+URWPalladioL-Ital,9.96,166.39,231.44,568.44,245.44,231.44,596.45,166.39,26.84,au for (t||M) is generated using sk. The σ sk  Input  of  Trans .
11,0,0,0,0,8,25,/OXSTFL+URWPalladioL-Ital,7.57,308.22,229.4,557.7,240.33,229.4,601.56,308.22,37.58,v v are contained in the auv and
11,0,0,0,0,28,19,/ZJJDZJ+URWPalladioL-Roma,9.96,166.0,184.34,599.38,229.27,184.34,612.62,166.0,-4.1,"Afterward, based on the transaction update mechanism, the vehicle generates one newest instant transaction to implement the next authentication or license coin aggregation. 5.3.2. Issuance of License Coins"
11,0,0,0,0,13,19,/ZJJDZJ+URWPalladioL-Roma,9.96,187.65,168.8,630.99,178.76,168.8,663.13,187.65,-35.71,"The RTA will issue license coins to vehicles successfully authenticated, and the details"
11,0,0,0,0,3,19,/ZJJDZJ+URWPalladioL-Roma,9.96,166.39,156.24,246.09,166.21,156.24,675.68,166.39,349.18,are as follows:
11,1,0,0,0,7,19,/NYZCCI+URWPalladioL-Bold,9.96,166.39,139.02,442.07,148.98,139.02,692.91,166.39,153.21,Step1: The RTA implements the authentication operations.
11,0,0,0,0,11,19,/NYZCCI+URWPalladioL-Bold,9.96,166.39,126.47,563.29,136.43,126.47,705.46,166.39,31.98,Step2: The RTA generates one instant transaction locally and calculates theLockinghash
11,0,0,0,0,6,19,/ZJJDZJ+URWPalladioL-Roma,9.96,188.02,113.91,362.37,123.88,113.91,718.01,188.02,232.91,based on the vehicle’s public key.
11,1,0,0,0,16,19,/NYZCCI+URWPalladioL-Bold,9.96,166.39,101.36,601.39,111.32,101.36,730.57,166.39,-6.12,Step3: The RTA sends the instant transaction to the RTAs and stores it in the blockchain
11,0,0,0,0,13,19,/ZJJDZJ+URWPalladioL-Roma,9.96,188.03,76.25,601.47,98.77,76.25,743.12,188.03,-6.2,state database. The RTAs broadcast the received instant transaction in the management region.
11,1,0,0,0,10,19,/NYZCCI+URWPalladioL-Bold,9.96,166.39,63.7,586.53,73.66,63.7,768.23,166.39,8.75,Step4: Vehicles accomplishing the authentication process execute the license aggrega-
11,0,0,0,0,3,24,/ZJJDZJ+URWPalladioL-Roma,7.97,0.0,-7.97,35.87,0.0,-7.97,841.89,0.0,559.41,11 of 22
12,0,0,0,0,5,24,/OXSTFL+URWPalladioL-Ital,7.97,35.49,770.94,122.95,778.91,770.94,62.98,35.49,472.33,"Symmetry 2022 , 14, 1230"
12,0,0,0,0,3,19,/OXSTFL+URWPalladioL-Ital,9.96,166.39,727.11,305.87,737.07,727.11,104.82,166.39,289.41,5.4. Transaction Conﬁrmation
12,0,0,0,0,13,19,/ZJJDZJ+URWPalladioL-Roma,9.96,187.65,711.56,596.12,721.53,711.56,120.36,187.65,-0.84,We deﬁne the process of checking the legitimacy of the transaction as transaction
12,0,0,0,0,46,19,/ZJJDZJ+URWPalladioL-Roma,9.96,166.0,656.37,624.67,708.97,656.37,132.92,166.0,-29.4,"conﬁrmation, which contains several operations, such as retrieve, veriﬁcation, and storage. After the transaction conﬁrmation process, the original transaction would be replaced by the latest veriﬁed transaction. The details are as follows: • In the blockchain state database, the previous transaction involved in Input would be"
12,0,0,0,0,5,19,/ZJJDZJ+URWPalladioL-Roma,9.96,188.02,643.82,412.18,653.78,643.82,188.11,188.02,183.1,retrieved through the transaction pseudonym.
12,0,0,0,0,15,19,/ZJJDZJ+URWPalladioL-Roma,9.96,166.39,631.26,584.82,641.23,631.26,200.66,166.39,10.45,"• The system veriﬁes the signature and compares the hash value of public key, which"
12,0,0,0,0,6,19,/ZJJDZJ+URWPalladioL-Roma,9.96,188.02,618.71,382.29,628.67,618.71,213.22,188.02,212.98,has been illustrated in Section 3.1.3.
12,0,0,0,0,15,19,/ZJJDZJ+URWPalladioL-Roma,9.96,166.39,606.16,604.75,616.12,606.16,225.77,166.39,-9.47,• The transaction would be stored in the database as the latest original transaction to
12,0,0,0,0,4,19,/ZJJDZJ+URWPalladioL-Roma,9.96,188.02,593.61,312.55,603.57,593.61,238.32,188.02,282.72,replace the previous one.
12,0,0,0,0,3,19,/OXSTFL+URWPalladioL-Ital,9.96,166.39,571.19,305.87,581.15,571.19,260.74,166.39,289.41,5.5. Aggregation Transaction
12,0,0,0,0,12,19,/ZJJDZJ+URWPalladioL-Roma,9.96,187.65,555.65,611.06,565.61,555.65,276.28,187.65,-15.79,The RTA will issue license coins to the corresponding vehicle successfully authenti-
12,0,0,0,0,81,19,/ZJJDZJ+URWPalladioL-Roma,9.96,166.39,467.78,619.69,553.06,467.78,288.83,166.39,-24.42,"cated through one instant transaction. The vehicle utilizes the aggregation transaction to aggregate all owned coins existing in other transactions. Based on the other transactions, the vehicle constructs several Input contained in the aggregation transaction. Afterward, the vehicle constructs aggregated transaction Output based on the local key pair. This aggregation transaction is uploaded to the RTA, and the RTA executes the transaction authentication process. Finally, this aggregation transaction would be stored in the blockchain state database as the newest original transaction."
12,0,0,0,0,3,19,/OXSTFL+URWPalladioL-Ital,9.96,166.39,445.36,280.96,455.32,445.36,386.57,166.39,314.31,5.6. Transaction Update
12,0,0,0,0,14,19,/ZJJDZJ+URWPalladioL-Roma,9.96,187.65,429.82,616.04,439.78,429.82,402.11,187.65,-20.77,"As shown in Figure 3, we deﬁne the conversion between different types of transactions"
12,0,0,0,0,37,19,/ZJJDZJ+URWPalladioL-Roma,9.96,166.39,387.18,609.73,427.23,387.18,414.66,166.39,-14.45,"as an update process. Based on the transaction update mechanism, our proposal can guarantee scalability. The details of the transaction update are as follows: • The instant transaction is utilized in authentication or in aggregating license coins,"
12,0,0,0,0,13,19,/ZJJDZJ+URWPalladioL-Roma,9.96,188.02,362.07,626.38,384.59,362.07,457.3,188.02,-31.1,and the instant transaction is redeﬁned as an authentication transaction or aggregation transaction.
12,0,0,0,0,12,19,/ZJJDZJ+URWPalladioL-Roma,9.96,166.39,349.52,604.75,359.48,349.52,482.41,166.39,-9.47,• Authentication or aggregating license coins would be accomplished via the transaction
12,0,0,0,0,17,19,/ZJJDZJ+URWPalladioL-Roma,9.96,188.02,324.41,596.49,346.93,324.41,494.96,188.02,-1.21,"conﬁrmation process, and the transaction would be the newest original transaction stored in the blockchain state database."
12,0,0,0,0,16,19,/ZJJDZJ+URWPalladioL-Roma,9.96,166.39,311.86,546.79,321.82,311.86,520.07,166.39,48.49,"• Based on the original transaction, the user can construct the Input , which would be"
12,0,0,0,0,6,19,/ZJJDZJ+URWPalladioL-Roma,9.96,188.02,299.31,412.18,309.27,299.31,532.62,188.02,183.1,contained in one newest instant transaction.
12,0,0,0,0,13,19,/ZJJDZJ+URWPalladioL-Roma,9.96,166.39,286.76,599.77,296.72,286.76,545.17,166.39,-4.49,"• Afterward, the newest instant transaction can be utilized in the next authentication"
12,0,0,0,0,62,19,/ZJJDZJ+URWPalladioL-Roma,9.96,187.72,274.2,1821.59,284.17,274.2,557.72,187.72,-1226.31,process or license coin aggregation.Ċ 㲐㓵ᱥ㓵сⲺ  ᇔ㓵ᱥ㓵рⲺ  ĊĊ  ৕ခӚ᱉ ѪᰬӚ᱉ ᓊ⭞Ӛ᱉ ⺤䇚Ӛ᱉ਾ⌋ Ӛ᱉ᴪ᯦ᵰ࡬ Ӛ᱉ᴪ᯦ Ӛ᱉⭕ᡆ㇍⌋  僂䇷Ӛ᱉ㆴ੃  ะӄᮦᦤᓉỶ㍘Ӛ᱉  ᓊ⭞ӄᨆӚᣛ઀  ᓊ⭞ӄ᧛᭬䇮ਥᐷ  Original TX 1 Instant TX 1 Specific TX 1 Transaction Confirmation  Transaction Update Mechanism  RTA  Original TX 2 Instant TX 2 Specific TX 2 Original TX 3 Instant TX 3 Specific TX 3 Original TX n Instant TX n Specific TX n Ċ
12,1,0,0,1,1,3,/EKNTKT+Calibri-Bold,15.96,276.8,198.54,308.72,214.5,198.54,627.39,276.8,286.55,RTA
12,1,0,0,0,27,14,/EKNTKT+Calibri-Bold,12.0,51.37,81.95,543.05,168.92,81.95,672.97,51.37,52.22,Original TX  Original TX  Original TX Original TX 13n2 Instant TX  Instant TX  Instant TX Instant TX 13n2 Specific TX  Specific TX  Specific TX Specific TX 13n2
12,1,0,0,0,6,22,/NYZCCI+URWPalladioL-Bold,8.97,166.39,77.54,318.82,86.5,77.54,755.39,166.39,276.45,Figure 3. The transaction update mechanism.
12,1,0,0,0,3,8,/EKNTKT+Calibri-Bold,14.04,12.03,-4.79,215.61,9.25,-4.79,832.64,12.03,379.66,Transaction Update Mechanism
12,0,0,0,0,3,24,/ZJJDZJ+URWPalladioL-Roma,7.97,0.0,-7.97,35.87,0.0,-7.97,841.89,0.0,559.41,12 of 22
13,0,0,0,0,5,24,/OXSTFL+URWPalladioL-Ital,7.97,35.49,770.94,122.95,778.91,770.94,62.98,35.49,472.33,"Symmetry 2022 , 14, 1230"
13,0,0,0,0,13,19,/ZJJDZJ+URWPalladioL-Roma,9.96,187.65,727.11,596.12,737.07,727.11,104.82,187.65,-0.84,"Through the transaction update process, we achieve the replacement of old and new"
13,0,0,0,0,16,19,/ZJJDZJ+URWPalladioL-Roma,9.96,166.39,702.0,639.62,724.51,702.0,117.38,166.39,-44.34,"transaction data stored in the blockchain state database, thereby guaranteeing the scalability of the storage level."
13,1,0,0,0,6,19,/NYZCCI+URWPalladioL-Bold,9.96,166.39,679.58,400.52,689.55,679.58,152.34,166.39,194.76,6. Security Analysis and Performance Evaluation
13,0,0,0,0,13,19,/ZJJDZJ+URWPalladioL-Roma,9.96,187.65,664.04,601.1,674.0,664.04,167.89,187.65,-5.82,"In this section, we implement the performance evaluation and prove that our scheme"
13,0,0,0,0,8,19,/ZJJDZJ+URWPalladioL-Roma,9.96,166.39,651.49,480.22,661.45,651.49,180.44,166.39,115.06,can effectively defend against several common security threats.
13,0,0,0,0,3,19,/OXSTFL+URWPalladioL-Ital,9.96,166.39,629.07,275.98,639.03,629.07,202.86,166.39,319.29,6.1. Security Analysis
13,1,0,0,0,26,19,/NYZCCI+URWPalladioL-Bold,9.96,166.06,589.02,584.82,623.49,589.02,218.4,166.06,10.45,"Theorem 1. Our proposal can resist the replay attack and the Sybil attack. Proof. During the transaction conﬁrmation procedure, the RTA needs to retrieve the origi-"
13,0,0,0,0,55,19,/ZJJDZJ+URWPalladioL-Roma,9.96,166.39,526.26,624.67,586.43,526.26,255.46,166.39,-29.4,"nal transaction. Moreover, the original transaction would be replaced after the transaction conﬁrmation process. Therefore, the attacker cannot utilize one previous Output from the transaction that is not stored in the blockchain state database to generate one valid transaction. Moreover, each transaction has its expiration time and timestamp. Our scheme can effectively resist replay attacks."
13,0,0,0,0,11,19,/ZJJDZJ+URWPalladioL-Roma,9.96,187.65,513.71,611.06,523.67,513.71,318.22,187.65,-15.79,"Based on the transaction update mechanism, the newest instant transaction generation"
13,0,0,0,0,28,19,/ZJJDZJ+URWPalladioL-Roma,9.96,166.09,476.05,619.69,511.12,476.05,330.77,166.09,-24.42,"is executed based on the original transaction. Therefore, the attacker cannot forge multiple transactions to participate in the authentication process. Therefore, our scheme can effectively resist Sybil attacks."
13,1,0,0,0,13,19,/NYZCCI+URWPalladioL-Bold,9.96,166.06,451.54,604.42,461.5,451.54,380.39,166.06,-9.14,"Theorem 2. Our scheme can effectively achieve privacy preservation in the authentication process,"
13,0,0,0,0,9,19,/OXSTFL+URWPalladioL-Ital,9.96,166.39,438.99,579.84,448.95,438.99,392.94,166.39,15.43,including defense against identity-revealing attacks and locating tracking attacks.
13,1,0,0,0,15,19,/NYZCCI+URWPalladioL-Bold,9.96,166.39,414.48,594.79,424.44,414.48,417.45,166.39,0.49,"Proof. In our proposal, the user’s real identity information is encrypted and stored by the"
13,0,0,0,0,58,19,/ZJJDZJ+URWPalladioL-Roma,9.96,166.09,351.71,614.71,411.89,351.71,430.0,166.09,-19.44,"RA. The RA has sufﬁcient security levels, and the attacker cannot acquire the user’s real identity by obtaining the RA’s private key or breaking standard cryptographic primitives. Moreover, in the generation process of the PStrans , timestamp ﬁelds facilitate no critical connection between Cipher id  and the real identity. Therefore, the proposed scheme achieves privacy-preserving and anti-tracking capabilities."
13,1,0,0,0,11,19,/NYZCCI+URWPalladioL-Bold,9.96,166.06,327.2,489.85,337.17,327.2,504.72,166.06,105.43,Theorem 3. Our scheme can ensure the non-repudiation of published messages.
13,0,0,0,0,31,19,/ZJJDZJ+URWPalladioL-Roma,9.96,166.39,288.65,581.08,312.66,288.65,529.23,166.39,14.2,"Proof. When a selﬁsh or malicious entity denies presented messages or facts, its Eid can be exposed via decrypting the EC trans . Therefore, the RTA can track the malicious entity"
13,0,0,0,0,18,19,/OXSTFL+URWPalladioL-Ital,9.96,165.97,275.5,570.34,287.55,275.5,554.34,165.97,24.94,"with the assistance of the E. Furthermore, the RTA forwards the Eidid to the RA, and the RA"
13,0,0,0,0,21,19,/ZJJDZJ+URWPalladioL-Roma,9.96,166.39,252.48,624.67,275.0,252.48,566.89,166.39,-29.4,"can expose the real identity information of the malicious entity. Therefore, our scheme can effectively ensure the non-repudiation of published messages."
13,0,0,0,0,3,19,/OXSTFL+URWPalladioL-Ital,9.96,166.39,230.07,300.89,240.03,230.07,601.86,166.39,294.39,6.2. Performance Evaluation
13,0,0,0,0,12,19,/ZJJDZJ+URWPalladioL-Roma,9.96,187.65,214.53,616.04,224.49,214.53,617.4,187.65,-20.77,"In this subsection, through theoretical analysis and simulation, we evaluate the per-"
13,0,0,0,0,82,19,/ZJJDZJ+URWPalladioL-Roma,9.96,166.03,139.21,602.25,211.94,139.21,629.95,166.03,-6.97,"formance of the proposed scheme. We deploy the Hyperledger Fabric V2.0.0 on Ubuntu V16.04 running on a machine with Intel(R) Core(TM) i5-6200U CPU @ 2.30 GHz and 4 GB RAM. Furthermore, we construct a consortium blockchain with four peer nodes belonging to two organizations, namely org 1 and org 2, three order nodes, and one client node. The operations involved in our scheme are executed via chaincode . Moreover, we implement the communication simulation using NS-2, and measure the related communication delay."
13,0,0,0,0,13,19,/OXSTFL+URWPalladioL-Ital,9.96,188.08,126.66,576.62,136.62,126.66,705.27,188.08,18.66,LevelDB is selected as the blockchain state database (statedb) to store the original
13,0,0,0,0,69,19,/ZJJDZJ+URWPalladioL-Roma,9.96,166.09,63.89,634.64,124.06,63.89,717.83,166.09,-39.36,"transactions in the form of key /value . It is worth noting that the key utilized to retrieve the database is irregular and discontinuous, owing to the discreteness of the transaction pseudonym. However, the LevelDB  has an excellent performance in reading/writing continuously, while it is poor for random keys [40]. Therefore, the scalability and efﬁciency of our scheme are inﬂuenced by the statedb performance. We address the above issues"
13,0,0,0,0,3,24,/ZJJDZJ+URWPalladioL-Roma,7.97,0.0,-7.97,35.87,0.0,-7.97,841.89,0.0,559.41,13 of 22
14,0,0,0,0,5,24,/OXSTFL+URWPalladioL-Ital,7.97,35.49,770.94,122.95,778.91,770.94,62.98,35.49,472.33,"Symmetry 2022 , 14, 1230"
14,0,0,0,0,29,19,/ZJJDZJ+URWPalladioL-Roma,9.96,166.39,692.14,594.79,737.07,692.14,104.82,166.39,0.49,"and present the related simulation in the following section. In addition, we evaluate the authentication overhead and compare our scheme with related others. 6.2.1. Storage Cost and Retrieval Overhead"
14,0,0,0,0,14,19,/ZJJDZJ+URWPalladioL-Roma,9.96,187.65,676.59,596.12,686.56,676.59,155.33,187.65,-0.84,We implement a series of simulations to estimate the storage cost in the proposed
14,0,0,0,0,177,19,/ZJJDZJ+URWPalladioL-Roma,9.96,166.09,551.06,1172.62,677.62,551.06,164.27,166.09,-577.34,"4scheme. As Figure 4 shows, original transactions are scaled from 10 to 12 ×10, and the storage cost shows an upward tendency with a non-linear trend. Speciﬁcally, when original 5transactions are in 10, the static storage cost is 42.3 M, and it shows an upward trend following the increase in the number of original transactions. Moreover, based on the retrieval properties of the blockchain state database, we further simulate the retrieval performance under various orders of storage magnitude, which is shown in Figure 4. Obviously, the time overhead of the retrieval operation is ever-mounting with the increase in storage. In particular, the retrieval overhead presents a clear upward trend from the original transaction in 60 k. Furthermore, when the storage is large enough, the time delay shows an irregular upward trend, and the retrieval efﬁciency is degraded [40].0.01k 0.1k 1k 10k 20k 40k 60k 80k 100k 120k  Original transactions  0 10  20  30  40  50  60 Storage cost of database(MB)  0 1 2 3 4 5 6 7 8 Retrieval time(ms)  Storage cost of database  Retrieval time"
14,1,0,0,0,8,22,/NYZCCI+URWPalladioL-Bold,8.97,166.39,306.41,350.21,315.37,306.41,526.52,166.39,245.07,Figure 4. The storage cost and retrieval overhead.
14,0,0,0,0,15,19,/ZJJDZJ+URWPalladioL-Roma,9.96,187.65,283.03,606.08,293.0,283.03,548.89,187.65,-10.81,"Besides, as shown in Figure 5, we also compare the retrieval overhead when the num-"
14,0,0,0,0,14,19,/ZJJDZJ+URWPalladioL-Roma,9.96,166.39,270.48,624.67,280.44,270.48,561.45,166.39,-29.4,ber of vehicles varies. The single vehicle accomplishes the retrieval operation within 8 ms
14,0,0,0,0,19,19,/ZJJDZJ+URWPalladioL-Roma,9.96,79.37,257.51,597.15,271.5,257.51,570.38,79.37,-1.88,"4Storage cost of database under the condition of storage in 12 ×10. Based on the simulation, the retrieval overhead"
14,1,0,0,0,9,15,/WHYTQY+Times-Bold,11.7,79.37,243.88,390.55,257.76,243.88,584.13,79.37,204.72,Retrieval time  7 is tolerable for the authentication process.
14,0,0,0,0,4,19,/ZJJDZJ+URWPalladioL-Roma,9.96,166.39,222.96,320.81,232.92,222.96,608.97,166.39,274.46,6.2.2. Analysis of Scalability
14,0,0,0,0,13,19,/ZJJDZJ+URWPalladioL-Roma,9.96,187.65,207.42,591.14,217.38,207.42,624.51,187.65,4.14,"In our scheme, we construct a transaction update mechanism to maintain the stor-"
14,1,0,0,0,18,12,/WHYTQY+Times-Bold,13.0,18.49,193.5,604.75,206.5,193.5,635.39,18.49,-9.47,40   age of the blockchain state database at a stable level. The RTA needs to store the data
14,1,0,0,0,14,12,/WHYTQY+Times-Bold,13.0,166.39,182.31,594.79,196.43,182.31,645.46,166.39,0.49,5 in the blockchain state database with extra time overhead when the transaction conﬁr-
14,0,0,0,0,12,19,/ZJJDZJ+URWPalladioL-Roma,9.96,166.39,169.76,594.79,179.72,169.76,662.17,166.39,0.49,"mation process is executed. Without the transaction update mechanism, we observe that"
14,1,0,0,0,18,12,/WHYTQY+Times-Bold,13.0,18.49,153.2,629.65,167.17,153.2,674.72,18.49,-34.38,the amount of data stored in the database and the retrieval time overhead show a near-linear 30  4
14,0,0,0,0,27,19,/ZJJDZJ+URWPalladioL-Roma,9.96,166.39,132.1,614.71,154.61,132.1,687.28,166.39,-19.44,"upward trend as the number of transaction conﬁrmations grows. Under the simulation, the storage cost increases by 5.8 M when the number of transaction conﬁrmations is scaled"
14,0,0,0,0,17,19,/ZJJDZJ+URWPalladioL-Roma,9.96,18.49,112.9,594.79,129.51,112.9,712.38,18.49,0.49,"from 0 to 10,000. In addition, as the statedb has a data compression mechanism [ 41], 20"
14,0,0,0,0,15,19,/ZJJDZJ+URWPalladioL-Roma,9.96,166.39,99.4,564.9,116.95,99.4,724.93,166.39,30.38,"the curve of storage cost has three descending processes, as shown in Figure 6a.Retrieval time(ms)"
14,1,0,0,0,5,12,/WHYTQY+Times-Bold,13.0,12.49,66.4,219.84,85.6,66.4,756.29,12.49,375.44,10  Storage cost of database(MB)
14,1,0,0,0,12,12,/WHYTQY+Times-Bold,13.0,25.09,6.81,379.69,45.3,6.81,796.59,25.09,215.59,0  0 0.01k 0.1k 1k 10k 20k 40k 60k 80k 100k 120k
14,1,0,0,0,5,6,/WHYTQY+Times-Bold,14.3,0.0,-11.29,291.39,3.01,-11.29,838.88,0.0,303.89,Original transactions  14 of 22
15,0,0,0,0,43,24,/ZJJDZJ+URWPalladioL-Roma,7.97,35.49,770.94,1464.85,778.91,770.94,62.98,35.49,-869.57,"Symmetry 2022 , 14, 1230 0.01k 0.1k 1k 10k 20k 40k 60k 80k 100k 120k  Original transactions  0 20  40  60  80  100  120  140  160 Retrieval time(ms)  Number of vehicles=1  Number of vehicles=2  Number of vehicles=3  Number of vehicles=4  Number of vehicles=5"
15,0,0,0,0,55,22,/ZJJDZJ+URWPalladioL-Roma,8.97,166.39,498.8,1464.32,507.77,498.8,334.12,166.39,-869.05,Figure 5. The retrieval overhead of multi-vehicles participating in authentication process.濃濁濅濉濈濊濈濆  濃濁濆濊濈濅濄  濃濁濅濇濌濄濌濇  濃濁濅濉濊濄濅濉  濃濁濅濊濇濃濄  濃濁濅濉濅濈濃濈  濅濊濁濋  22  24  26  28  30  32  34  36  38  0 0.05  0.1  0.15  0.2  0.25  0.3  0.35  0.4  0.45  0.5  0 2000 4000 6000 8000 10000  Storage cost(MB)  Time delay(ms)  Number of transaction confirmation  Time delay  Storage cost
15,0,0,0,0,41,24,/ZJJDZJ+URWPalladioL-Roma,7.97,164.16,336.77,1067.44,344.75,336.77,497.14,164.16,-472.16,(a)18  20  22  24  26  28  30  32  34  36  38  0 0.05  0.1  0.15  0.2  0.25  0.3  0.35  0.4  0.45  0.5  0 2000 4000 6000 8000 10000  Storage cost(MB)  Time delay(ms)  Number of transaction confirmation  Time delay  Storage cost (b)
15,1,0,0,0,17,22,/NYZCCI+URWPalladioL-Bold,8.97,166.39,312.18,581.17,321.15,312.18,520.74,166.39,14.11,Figure 6. The storage cost and retrieval overhead of the blockchain state database. (a) presents the re-
15,0,0,0,0,27,22,/ZJJDZJ+URWPalladioL-Roma,8.97,166.39,286.54,570.62,308.33,286.54,533.56,166.39,24.66,trieval overhead and storage cost of statedb without the transaction update mechanism; (b) presents the retrieval overhead and storage cost of statedb with the transaction update mechanism.
15,0,0,0,0,12,19,/ZJJDZJ+URWPalladioL-Roma,9.96,187.65,264.85,566.23,274.81,264.85,567.08,187.65,29.04,"Based on the transaction update mechanism, we observe the time overhead and"
15,1,0,0,0,86,5,/TYBDEC+TimesNewRomanPS-BoldMT,14.4,18.15,195.67,634.64,262.26,195.67,579.63,18.15,-39.36,"storage status of statedb with the constructed system under existing facility conditions, as 0.5  38 140  0.5  38 shown in Figure 6b. Contrary to Figure 6a, the storage of the statedb shows a dynamic and 0.45   36 stable status as the number of transaction conﬁrmations increases. Speciﬁcally, the retrieval 0.45 36 operation is executed within 0.32 ms, while the storage cost is stable at around 32.7 M. 120 0.4   34 Therefore, the storage cost would remain in a stable status under a certain vehicle order 0.4"
15,0,0,0,0,13,19,/ZJJDZJ+URWPalladioL-Roma,9.96,166.39,184.7,584.82,199.49,184.7,642.4,166.39,10.45,of magnitude. There would be no necessary connection between retrieval overhead and 34
15,1,0,0,0,6,5,/TMCVKD+Times-Bold,14.4,18.15,179.05,518.09,194.2,179.05,647.69,18.15,77.19,100   32 0.35  Number of vehicles=1
15,1,0,0,0,13,7,/TYBDEC+TimesNewRomanPS-BoldMT,14.26,20.84,173.71,619.69,187.96,173.71,653.93,20.84,-24.42,"0.35   the number of transaction conﬁrmations, and our scheme can efﬁciently achieve scalability."
15,1,0,0,0,3,15,/TMCVKD+Times-Bold,11.7,395.24,166.09,518.09,177.79,166.09,664.1,395.24,77.19,Number of vehicles=2
15,1,0,0,0,4,7,/TYBDEC+TimesNewRomanPS-BoldMT,14.26,27.96,151.75,474.22,171.5,151.75,670.39,27.96,121.06,32 0.3  30 0.3
15,1,0,0,0,11,19,/TMCVKD+Times-Bold,9.96,24.75,150.98,518.09,164.52,150.98,677.37,24.75,77.19,6.2.3. Efﬁciency Analysis of License Coin Issuance Number of vehicles=3 80
15,1,0,0,0,23,5,/TYBDEC+TimesNewRomanPS-BoldMT,14.4,20.84,129.79,660.75,150.76,129.79,691.13,20.84,-65.48,"Number of vehicles=4 0.25  28 Generally , the RTA constructs one transaction with a single output to issue license coins for 0.25   30"
15,1,0,0,0,16,15,/TMCVKD+Times-Bold,11.7,24.75,120.75,624.68,137.24,120.75,704.65,24.75,-29.4,"Number of vehicles=5 each vehicle. However, it would cause unacceptable storage costs and communication overhead 60"
15,1,0,0,0,43,5,/TYBDEC+TimesNewRomanPS-BoldMT,14.4,12.15,83.37,634.64,127.21,83.37,714.68,12.15,-39.37,"0.2   26 when more vehicles need to issue license coins. Based on the UTXO model, the RTA can create 0.2 28 Retrieval time(ms) the transaction containing multi-outputs to accomplish the license coins’ issuance when there 24 0.15  Time delay(ms) 40  0.15  Storage cost(MB)"
15,0,0,0,0,14,19,/ZJJDZJ+URWPalladioL-Roma,9.96,166.4,88.81,649.59,98.77,88.81,743.12,166.4,-54.31,"are multiple issuance objects. Therefore, we simulate the issuance process of license coins when"
15,1,0,0,0,19,19,/TYBDEC+TimesNewRomanPS-BoldMT,9.96,12.56,69.11,629.16,90.93,69.11,750.96,12.56,-33.89,"Time delay(ms)  26  Storage cost(MB)  transactions have different numbers ofOutput , as shown in Figure 7. Under the simulation,"
15,1,0,0,0,3,5,/TYBDEC+TimesNewRomanPS-BoldMT,14.4,27.96,63.89,474.22,83.05,63.89,758.84,27.96,121.06,0.1   22 0.1
15,1,0,0,0,19,19,/ZJJDZJ+URWPalladioL-Roma,9.96,24.75,60.18,649.59,73.66,60.18,768.23,24.75,-54.31,the storage cost of the transaction with the multi-outputs does not alter significantly . On the Time delay 20
15,1,0,0,0,21,7,/TYBDEC+TimesNewRomanPS-BoldMT,14.26,20.84,41.93,669.51,61.67,41.93,780.22,20.84,-74.23,"24 contrary , if the RTA constructs one transaction with a single output to issue license coins for each0.05  20 0.05"
15,1,0,0,0,4,10,/TYBDEC+TimesNewRomanPS-BoldMT,13.49,330.01,36.35,419.52,54.97,36.35,786.92,330.01,175.76,Storage cost Storage cost
15,1,0,0,0,27,5,/TYBDEC+TimesNewRomanPS-BoldMT,14.4,31.35,3.24,474.22,43.07,3.24,798.82,31.35,121.06,0 0  18 0  22 0 2000 4000 6000 8000 10000 0.01k 0.1k 1k 10k 20k 40k 60k 80k 100k 120k 0 2000 4000 6000 8000 10000
15,1,0,0,0,13,2,/TYBDEC+TimesNewRomanPS-BoldMT,17.09,0.0,-16.02,418.57,1.41,-16.02,840.48,0.0,176.71,Number of transaction confirmation Number of transaction confirmation Original transactions  15 of 22
16,0,0,0,0,5,24,/OXSTFL+URWPalladioL-Ital,7.97,35.49,770.94,122.95,778.91,770.94,62.98,35.49,472.33,"Symmetry 2022 , 14, 1230"
16,0,0,0,0,94,19,/ZJJDZJ+URWPalladioL-Roma,9.96,166.4,689.45,1222.43,737.07,689.45,104.82,166.4,-627.16,"object, the storage cost of the transaction with a single output increases linearly with the number of objects. In addition, the communication overhead increases with the number of outputs in the transaction. The communication overhead is 57.21 ms and 300.23 ms when there are 10 and 100 objects receiving license coins, respectively .10 20 30 40 50 60 70 80 90 100 Number of vehicles 0 50 100 150 200 250 300Storage cost of database(MB) 0 50 100 150 200 250 300 Time delay(ms) Storage cost of single-output Storage cost of multi-output Time delay"
16,1,0,0,0,12,22,/NYZCCI+URWPalladioL-Bold,8.97,166.39,434.83,480.22,443.8,434.83,398.09,166.39,115.06,Figure 7. The storage cost and communication overhead of license coin issuance.
16,0,0,0,0,3,19,/ZJJDZJ+URWPalladioL-Roma,9.96,166.39,413.55,320.81,423.52,413.55,418.37,166.39,274.46,6.2.4. Authentication Overhead
16,0,0,0,0,12,19,/ZJJDZJ+URWPalladioL-Roma,9.96,187.65,398.01,581.18,407.97,398.01,433.92,187.65,14.1,We evaluate the authentication overhead of our scheme for both the transaction
16,0,0,0,0,6,19,/ZJJDZJ+URWPalladioL-Roma,9.96,166.39,385.46,410.48,395.42,385.46,446.47,166.39,184.8,conﬁrmation process and authentication of users.
16,0,0,0,0,11,19,/ZJJDZJ+URWPalladioL-Roma,9.96,187.65,372.91,591.14,382.87,372.91,459.02,187.65,4.14,"The transaction conﬁrmation process mainly contains two steps, public key match-"
16,0,0,0,0,15,19,/OXSTFL+URWPalladioL-Ital,9.96,166.39,360.35,558.88,373.93,360.35,467.96,166.39,36.4,"Au  Au ing and signature veriﬁcation. We calculate the time overhead, which is T T"
16,0,0,0,0,4,25,/OXSTFL+URWPalladioL-Ital,7.57,503.94,357.41,561.1,367.86,357.41,474.03,503.94,34.18,"ver , mat and"
16,0,0,0,0,7,19,/ZJJDZJ+URWPalladioL-Roma,9.96,166.39,347.8,430.4,357.76,347.8,484.13,166.39,164.87,respectively. The calculation details are as follows:
16,0,0,0,0,7,19,/OXSTFL+URWPalladioL-Ital,9.96,326.28,321.91,411.69,334.75,321.91,507.14,326.28,183.58,T  T  T mat (11)h +mat =
16,0,0,0,0,8,19,/OXSTFL+URWPalladioL-Ital,9.96,325.06,289.55,420.11,302.39,289.55,539.5,325.06,175.17,T  T  Tret + ver (12) ver =
16,0,0,0,0,15,19,/ZJJDZJ+URWPalladioL-Roma,9.96,187.65,272.1,601.17,283.56,272.1,558.33,187.65,-5.9,"The T ver is the time overhead to implement the signature veriﬁcation, which is stable"
16,0,0,0,0,20,19,/OXSTFL+URWPalladioL-Ital,9.96,30.2,258.16,567.33,271.42,258.16,570.47,30.2,27.94,"Storage cost of single-output300 300at around 0.62 ms. T Tret is the retrieval overhead, which is around 0.32 ms. Moreover,h"
16,0,0,0,0,35,19,/ZJJDZJ+URWPalladioL-Roma,9.96,97.68,232.28,570.17,258.45,232.28,583.43,97.68,25.11,is the time overhead for executing one hash operation. TStorage cost of multi-outputmat is the time overhead for comparing the hash value of the public key and Lockinghash stored in the original transaction Time delay
16,1,0,0,0,14,12,/WZVZRK+Times-Bold,13.0,30.2,218.32,584.82,233.35,218.32,608.54,30.2,10.45,"output. Moreover, the RTA may have a number of veriﬁcation missions simultaneously. 250 250"
16,0,0,0,0,9,19,/OXSTFL+URWPalladioL-Ital,9.96,166.09,210.83,400.44,224.41,210.83,617.48,166.09,194.83,"Au Au  TTherefore, we compare the time overhead T"
16,0,0,0,0,9,25,/OXSTFL+URWPalladioL-Ital,7.57,356.85,207.47,572.03,218.34,207.47,623.55,356.85,23.25,ver when there are multiple input loads mat +
16,0,0,0,0,18,19,/ZJJDZJ+URWPalladioL-Roma,9.96,166.39,198.28,629.65,208.24,198.28,633.65,166.39,-34.38,"in the transaction, as Figure 8 shows. The time overhead is 31 ms when there are 50 transac-"
16,1,0,0,0,15,12,/WZVZRK+Times-Bold,13.0,30.2,178.48,599.77,195.69,178.48,646.2,30.2,-4.49,"tion veriﬁcation requests (Input Num=1). In general, the time overhead shows an upward 200 200"
16,0,0,0,0,10,19,/ZJJDZJ+URWPalladioL-Roma,9.96,166.39,173.17,535.01,183.14,173.17,658.75,166.39,60.27,linear trend as the number of transaction veriﬁcation requests increases.
16,0,0,0,0,11,19,/ZJJDZJ+URWPalladioL-Roma,9.96,187.65,160.62,611.06,170.58,160.62,671.31,187.65,-15.79,The authentication process for users mainly includes the transaction generation pro-
16,0,0,0,0,11,19,/ZJJDZJ+URWPalladioL-Roma,9.96,166.39,148.07,604.75,158.03,148.07,683.86,166.39,-9.47,"cess, communication process, and transaction conﬁrmation process. We give details about"
16,0,0,0,0,44,19,/ZJJDZJ+URWPalladioL-Roma,9.96,166.39,102.1,624.67,145.48,102.1,696.41,166.39,-29.4,"the time overhead for the authentication process for users. Here, Equation (13) is the time overhead of a single authentication process without an aggregation mechanism. On the contrary, Equation (14) is the time overhead of a single authentication process with an ag- Time delay(ms)"
16,1,0,0,0,14,12,/WZVZRK+Times-Bold,13.0,30.2,97.86,614.71,111.79,97.86,730.1,30.2,-19.44,100  100 gregation mechanism. It is worth noting that the authentication transaction contains only
16,0,0,0,0,27,19,/ZJJDZJ+URWPalladioL-Roma,9.96,166.09,72.75,609.73,95.27,72.75,746.62,166.09,-14.45,"one input (Input Num = 1) with the assistance of the license coin aggregation mechanism. Therefore, the authentication in our scheme can be accomplished more efﬁciently compared"
16,1,0,0,0,16,12,/WZVZRK+Times-Bold,13.0,24.2,58.94,609.31,74.1,58.94,767.79,24.2,-14.03,"Storage cost of database(MB)50  50 with multi-inputs. Under the simulation, considering the communication overhead, the sin-"
16,1,0,0,0,12,12,/WZVZRK+Times-Bold,13.0,43.4,7.0,393.8,32.1,7.0,809.79,43.4,201.48,0  0 10 20 30 40 50 60 70 80 90 100
16,1,0,0,0,6,6,/WZVZRK+Times-Bold,14.3,0.0,-11.5,285.3,2.8,-11.5,839.09,0.0,309.98,Number of vehicles 16 of 22
17,1,0,0,0,7,27,/Times-Bold,1.0,31.43,924.52,43.93,2584.85,924.52,-1742.96,31.43,551.34,400Average time delay(ms) 350 300 250 200
17,0,0,0,0,5,24,/OXSTFL+URWPalladioL-Ital,7.97,35.49,770.94,122.95,778.91,770.94,62.98,35.49,472.33,"Symmetry 2022 , 14, 1230"
17,0,0,0,0,50,19,/ZJJDZJ+URWPalladioL-Roma,9.96,166.39,714.55,1013.22,737.07,714.55,104.82,166.39,-417.94,gle authentication is implemented within 29.142 ms. Figure 9 shows the authentication overhead considering the communication delay.0 5 10 15 20 25 30 35 40 45 50  Number of vehicles  0 50  100  150  200  250  300 Average time delay(ms)  Input Num=1  Input Num=3  Input Num=5  Input Num=7  Input Num=9
17,0,0,0,0,44,22,/ZJJDZJ+URWPalladioL-Roma,8.97,166.39,461.31,935.31,470.27,461.31,371.62,166.39,-340.03,Figure 8. The average time overhead to implement the transaction conﬁrmation process.0 1 02 03 04 05 0 Number of vehicles 0 50 100 150 200 250 300 350 400Average time delay(ms) Input Num=1 Input Num=2 Input Num=3 Input Num=5 Input Num=7 Input Num=9
17,0,0,0,0,14,22,/ZJJDZJ+URWPalladioL-Roma,8.97,166.39,218.37,527.23,227.34,218.37,614.55,166.39,68.05,Figure 9. The time delay of authentication when the transaction has different Input  quantities.
17,0,0,0,0,4,25,/OXSTFL+URWPalladioL-Ital,7.57,19.06,187.62,414.95,200.62,187.62,641.27,19.06,180.32,200   Au Au Au
17,0,0,0,0,5,19,/OXSTFL+URWPalladioL-Ital,9.96,280.74,182.02,444.88,194.05,182.02,647.84,280.74,150.4,Input Num=1T TT T n(T
17,0,0,0,0,7,25,/OXSTFL+URWPalladioL-Ital,7.57,286.57,179.24,466.41,190.91,179.24,650.98,286.57,128.86,c (13)gen +ver ) +mat +Nagg =
17,0,0,0,0,5,25,/OXSTFL+URWPalladioL-Ital,7.57,299.6,160.23,487.96,174.92,160.23,666.97,299.6,107.31,Au Au Au  Input Num=3
17,0,0,0,0,11,19,/OXSTFL+URWPalladioL-Ital,9.96,292.67,157.96,459.46,170.8,157.96,671.09,292.67,135.81,T T TTTc (14) gen + (ver ) +mat +agg =
17,1,0,0,0,3,15,/MNHLHI+Times-Bold,11.7,19.06,145.12,487.96,158.42,145.12,683.47,19.06,107.31,Input Num=5 150
17,1,0,0,0,14,27,/Times-Bold,1.0,187.65,142.01,591.14,153.07,142.01,688.82,187.65,4.14,Input Num=5It is worth noting that the communication overhead increases as the data package
17,0,0,0,0,15,19,/ZJJDZJ+URWPalladioL-Roma,9.96,166.39,129.46,592.53,139.42,129.46,702.47,166.39,2.75,"size increases. Thus, the proportional coefﬁcient ξ is utilized to represent the increments. Input Num=7"
17,0,0,0,0,5,19,/OXSTFL+URWPalladioL-Ital,9.96,166.39,116.91,487.96,131.38,116.91,710.51,166.39,107.31,"Input Num=9 Moreover, T T"
17,0,0,0,0,12,25,/OXSTFL+URWPalladioL-Ital,7.57,221.34,115.41,562.14,125.75,115.41,716.14,221.34,33.13,Input Num=9c represents the time overhead of communication; gen represents the time
17,1,0,0,0,5,12,/MNHLHI+Times-Bold,13.0,19.06,102.62,345.72,115.62,102.62,726.27,19.06,249.56,100   overhead of transaction generation.
17,1,0,0,0,10,27,/Times-Bold,1.0,13.06,76.02,405.5,95.85,76.02,746.04,13.06,189.78,100  6.2.5. Computation Cost Analysis and Comparison Average time delay(ms)
17,0,0,0,0,14,19,/ZJJDZJ+URWPalladioL-Roma,9.96,25.66,60.12,596.12,76.36,60.12,765.53,25.66,-0.84,"In this subsection, we evaluate the computation overhead of our proposal. We cal- 50"
17,1,0,0,0,14,27,/Times-Bold,1.0,38.04,53.84,589.8,63.98,53.84,777.91,38.04,5.47,50  culate the execution time of several basic cryptographic operations with the JPBC li-
17,1,0,0,0,17,27,/Times-Bold,1.0,40.16,5.52,241.67,20.0,5.52,821.89,40.16,353.61,0 1 02 03 04 05 00 5 10 15 20 25 30 35 40 45 50
17,1,0,0,0,8,27,/Times-Bold,1.0,0.0,-12.98,282.81,2.8,-12.98,839.09,0.0,312.46,Number of vehiclesNumber of vehicles  17 of 22
18,0,0,0,0,5,24,/OXSTFL+URWPalladioL-Ital,7.97,35.49,770.94,122.95,778.91,770.94,62.98,35.49,472.33,"Symmetry 2022 , 14, 1230"
18,0,0,0,0,37,19,/ZJJDZJ+URWPalladioL-Roma,9.96,166.39,702.0,634.64,737.07,702.0,104.82,166.39,-39.36,"brary [42]. Then, we calculate the details of the authentication overhead for several related schemes, presented in Table 4. Finally, we compare our scheme in batch authentication overhead with other related schemes. The details are as follows:"
18,0,0,0,0,44,19,/OXSTFL+URWPalladioL-Ital,9.96,166.39,657.86,617.24,694.43,657.86,147.46,166.39,-21.97,T  T 39.872 ms. p is the time required to perform a bilinear pairing.p ≈ T  T 0.002 ms. h is the time required to implement the hash function.h ≈ T m is the time required to implement one elliptic curve point multiplication operation.
18,0,0,0,0,5,19,/OXSTFL+URWPalladioL-Ital,9.96,188.28,644.89,263.98,656.77,644.89,185.12,188.28,331.29,T 0.601 ms. m ≈
18,0,0,0,0,32,19,/ZJJDZJ+URWPalladioL-Roma,9.96,166.39,618.36,543.35,644.22,618.36,197.67,166.39,51.93,T  G . T 20.311 ms. ep1 is time required to implement one exponentiation in1ep1 ≈ T  G . T 16.928 ms. ep2 is time required to implement one exponentiation in2ep2 ≈
18,0,0,0,0,14,19,/OXSTFL+URWPalladioL-Ital,9.96,166.39,605.4,587.47,616.86,605.4,225.03,166.39,7.81,T a is the time required to implement one elliptic curve point addition operation.
18,0,0,0,0,4,19,/OXSTFL+URWPalladioL-Ital,9.96,188.28,592.43,256.59,604.31,592.43,237.58,188.28,338.69,T 0.051 ms.a ≈
18,1,0,0,0,7,22,/NYZCCI+URWPalladioL-Bold,8.97,166.1,572.84,345.43,581.81,572.84,260.08,166.1,249.85,Table 4. Comparison for the computational costs.
18,1,0,0,0,9,22,/NYZCCI+URWPalladioL-Bold,8.97,191.87,551.76,556.66,560.73,551.76,281.16,191.87,38.62,Scheme For One Entity Authentication For n  Entities Authentication
18,0,0,0,0,75,22,/OXSTFL+URWPalladioL-Ital,8.97,191.88,499.71,548.16,544.77,499.71,297.12,191.88,47.12,IBCPPA 3 T  2 T  2 T 2 + n )T 2n)T  2 nTp +p + (ep1 +ep1 +h ( h BPPA 2 T  T  25 T nT  nT  25 nTm +a +m +a +h 2 h EAAP 2 T  4 T  T 1 + n )T  4 T  nTp +p +ep2 ( ep2ep1 +ep1 + CPAV 2 T  2 T  T 1 + n )T  2 nT  nTp +p +ep1 +ep1 +h ( h
18,0,0,0,0,17,22,/OXSTFL+URWPalladioL-Ital,8.97,173.62,488.33,548.88,499.66,488.33,342.23,173.62,46.4,EBAS (proposed) T  T  T  T  nT  nT  nTver +ver +mat +ret nTmat + reth +h +
18,0,0,0,0,13,19,/ZJJDZJ+URWPalladioL-Roma,9.96,187.65,459.39,611.06,469.36,459.39,372.53,187.65,-15.79,"For one single authentication, our scheme requires one hash operation, one key match"
18,0,0,0,0,11,19,/ZJJDZJ+URWPalladioL-Roma,9.96,166.39,446.84,614.71,456.8,446.84,385.09,166.39,-19.44,"operation, one signature veriﬁcation operation, and one retrieval operation. According to"
18,0,0,0,0,15,19,/OXSTFL+URWPalladioL-Ital,9.96,166.39,434.29,573.8,444.25,434.29,397.64,166.39,21.48,"the simulation, the average execution time of hash ( T), retrieval (T), and veriﬁcation reth"
18,0,0,0,0,17,19,/ZJJDZJ+URWPalladioL-Roma,9.96,166.06,420.24,613.62,431.7,420.24,410.19,166.06,-18.34,"(Tver ) is 0.002 ms, 0.32 ms, and 0.62 ms, respectively. Thus, the total computation cost of"
18,0,0,0,0,22,19,/OXSTFL+URWPalladioL-Ital,9.96,166.39,406.68,594.78,419.14,406.68,422.75,166.39,0.5,EBAS is T  T  T  T 0.942 ms. It should be noted that the execution time of mat +ver +ret ≈h +
18,0,0,0,0,8,19,/ZJJDZJ+URWPalladioL-Roma,9.96,166.39,396.63,445.35,406.59,396.63,435.3,166.39,149.93,the match operation is negligible under the simulation.
18,0,0,0,0,13,19,/ZJJDZJ+URWPalladioL-Roma,9.96,187.65,384.08,616.04,394.04,384.08,447.85,187.65,-20.77,"In addition, we analyze the calculation details of the compared schemes, IBCPPA [43],"
18,0,0,0,0,29,19,/ZJJDZJ+URWPalladioL-Roma,9.96,166.09,357.11,579.84,381.49,357.11,460.4,166.09,15.43,"BPPA [21], EAAP [ 44], and CPAV [ 45]. For example, the EAAP requires two bilinear pairing operations, four exponentiations in G G 21 operations, and one exponentiation in"
18,0,0,0,0,18,19,/OXSTFL+URWPalladioL-Ital,9.96,166.39,344.14,568.74,356.38,344.14,485.51,166.39,26.54,"hash operation. Thus, the total computational cost is 2T 4 T  T 177.916 ms. p +ep2 ≈ep1 +"
18,0,0,0,0,30,19,/ZJJDZJ+URWPalladioL-Roma,9.96,166.39,319.45,587.73,343.83,319.45,498.06,166.39,7.54,"For batch authentication, the EAAP needs (1 + n ) bilinear pairing operations, four exponentiations in G  n  exponentiations in G 2 hash operations. Thus, the total 1 operations, and"
18,0,0,0,0,14,19,/OXSTFL+URWPalladioL-Ital,9.96,166.39,306.48,384.77,318.72,306.48,523.17,166.39,210.51,computational cost is (1 + n )T  4 T  nT . p +ep2ep1 +
18,0,0,0,0,16,19,/ZJJDZJ+URWPalladioL-Roma,9.96,187.58,296.2,640.88,306.17,296.2,535.72,187.58,-45.6,"From Table 4, it is seen that the computational cost of a single authentication in IBCPPA,"
18,0,0,0,0,39,19,/ZJJDZJ+URWPalladioL-Roma,9.96,165.9,258.55,619.2,293.62,258.55,548.27,165.9,-23.92,"EAAP , CPA V , BPPA, and the proposed EBAS scheme is 160.242 ms, 177.916 ms, 120.368 ms, 1.303 ms, and 0.942 ms, respectively . Thus, the proposed scheme is characterized by lower computational overhead than the compared schemes."
18,0,0,0,0,14,19,/ZJJDZJ+URWPalladioL-Roma,9.96,187.65,245.99,581.18,255.96,245.99,585.93,187.65,14.1,"In addition, as shown in Figure 10, we compare our proposal in batch authenti-"
18,0,0,0,0,82,19,/ZJJDZJ+URWPalladioL-Roma,9.96,166.09,148.26,589.8,243.4,148.26,598.49,166.09,5.47,"cation with four existing schemes, IBCPPA, EAAP , CPAV , and BPPA. When there are 50 authentication requests, the time delay is 4104.644 ms, 3204.848 ms, 4064.672 ms, 65.15 ms, and 56.52 ms, respectively, for IBCPPA, EAAP , CPAV , BPPA, and the proposed scheme. Therefore, our scheme outperforms the other four schemes by at least (65.15 − 56.52)/65.15 ≈ 13.25%. Therefore, the proposed scheme is more efﬁcient than the compared schemes when the trafﬁc load increases. 6.2.6. Authentication Analysis and Comparison"
18,0,0,0,0,13,19,/ZJJDZJ+URWPalladioL-Roma,9.96,187.65,132.72,576.19,142.68,132.72,699.21,187.65,19.08,"We analyze the communication overhead of our scheme, compared to those of the"
18,0,0,0,0,42,19,/ZJJDZJ+URWPalladioL-Roma,9.96,166.39,95.06,624.67,130.13,95.06,711.76,166.39,-29.4,"IBCPPA, BPPA, EAAP , and CPAV schemes. The communication overhead refers to sending the information from a vehicle to an RTA. Table 5 lists the total communication overhead of all schemes in terms of sending out a single message and n messages."
18,0,0,0,0,3,24,/ZJJDZJ+URWPalladioL-Roma,7.97,0.0,-7.97,35.87,0.0,-7.97,841.89,0.0,559.41,18 of 22
19,0,0,0,0,30,24,/ZJJDZJ+URWPalladioL-Roma,7.97,35.49,770.94,1006.57,778.91,770.94,62.98,35.49,-411.29,"Symmetry 2022 , 14, 1230 20 40 60 80 100 120  Number of vehicles  10 1 10 2 10 3 10 4 Time consumption/ms  IBCPPA  EAAP  CPAV  BPPA  Our Scheme"
19,1,0,0,0,16,22,/NYZCCI+URWPalladioL-Bold,8.97,166.1,478.07,435.39,506.83,478.07,335.06,166.1,159.89,Figure 10. Comparison of computational cost between different schemes. Table 5. Comparison for the communication overhead.
19,1,0,0,0,8,22,/NYZCCI+URWPalladioL-Bold,8.97,215.94,456.99,518.71,465.96,456.99,375.93,215.94,76.57,Scheme For One Single Message For n  Messages
19,0,0,0,0,24,22,/ZJJDZJ+URWPalladioL-Roma,8.97,215.95,408.15,518.93,450.0,408.15,391.89,215.95,76.35,IBCPPA 833 bytes 833 n  bytes BPPA 552 bytes 552 n  bytes EAAP 220 bytes 220 n  bytes CPAV 800 bytes 800 n  bytes
19,0,0,0,0,7,22,/ZJJDZJ+URWPalladioL-Roma,8.97,197.69,397.19,514.45,406.16,397.19,435.73,197.69,80.83,EBAS (proposed) 161 bytes 161 n  bytes
19,0,0,0,0,11,19,/ZJJDZJ+URWPalladioL-Roma,9.96,187.65,365.89,611.06,375.85,365.89,466.04,187.65,-15.79,"Generally, the communication overhead is caused by the identity information, certiﬁ-"
19,0,0,0,0,104,19,/ZJJDZJ+URWPalladioL-Roma,9.96,165.97,278.02,639.2,363.3,278.02,478.59,165.97,-43.92,"cate, pseudo identity, and timestamp, etc. The total packet sizes of IBCPPA and BPPA are 833 bytes and 552 bytes, respectively. The packet size of the EAAP scheme is 220 bytes, which contains a 20-byte signature, a 20-byte public key, and a 180-byte certiﬁcate. The total packet size of CPAV is 800 bytes, which consists of a 544-byte certiﬁcate and 256 bytes for other authentication parameters. The transaction involved in our scheme requires 161 bytes. Based on the parameters in Tables 5 and 6, we use NS-2 to simulate the communication delay and compare the proposed scheme with other schemes in terms of communication"
19,1,0,0,0,18,16,/QKFAPL+Times-Bold,11.2,33.56,265.47,589.8,276.7,265.47,565.18,33.56,5.47,"4 overhead, as shown in Figure 11. From Table 5 and Figure 11, we can observe that our"
19,0,0,0,0,11,19,/ZJJDZJ+URWPalladioL-Roma,9.96,166.39,252.91,544.97,262.88,252.91,579.01,166.39,50.3,scheme has advantages over other schemes in terms of communication overhead.
19,1,0,0,0,6,22,/NYZCCI+URWPalladioL-Bold,8.97,166.1,229.17,349.91,238.14,229.17,603.75,166.1,245.37,Table 6. Parameters for communication simulation.
19,0,0,0,0,5,22,/ZJJDZJ+URWPalladioL-Roma,8.97,233.48,191.41,487.06,204.01,191.41,637.88,233.48,108.21,2Simulation area 2500 ×16 m
19,1,0,0,0,7,9,/QKFAPL+Times-Bold,14.0,19.14,176.31,457.19,190.31,176.31,651.59,19.14,138.09,10  IBCPPA No. of trafﬁc lane 4
19,0,0,0,0,9,22,/ZJJDZJ+URWPalladioL-Roma,8.97,240.13,158.91,444.59,178.84,158.91,663.05,240.13,150.69,No. of RSUs 4  EAAP No. of RTAs 1
19,1,0,0,0,6,13,/QKFAPL+Times-Bold,12.6,214.21,146.5,444.59,159.1,146.5,682.78,214.21,150.69,CPAV Maximum no. of vehicles 25
19,0,0,0,0,5,22,/ZJJDZJ+URWPalladioL-Roma,8.97,232.93,131.07,444.59,145.96,131.07,695.93,232.93,150.69,Simulation time 100 s  BPPA
19,0,0,0,0,4,22,/ZJJDZJ+URWPalladioL-Roma,8.97,214.79,126.03,358.26,135.0,126.03,706.89,214.79,237.02,Communication protocol 802.11 p
19,1,0,0,0,6,13,/QKFAPL+Times-Bold,12.6,224.87,115.08,482.39,128.24,115.08,713.65,224.87,112.89,Our Scheme Channel bandwidth 6 Mbps
19,1,0,0,0,7,16,/QKFAPL+Times-Bold,11.2,33.56,104.12,353.47,116.5,104.12,725.38,33.56,241.81,2 Transmission range of OBU 300 m
19,0,0,0,0,6,22,/ZJJDZJ+URWPalladioL-Roma,8.97,211.02,93.16,358.97,102.12,93.16,739.77,211.02,236.31,Transmission range of RTA 1000 m
19,0,0,0,0,7,22,/ZJJDZJ+URWPalladioL-Roma,8.97,12.53,74.69,362.55,91.16,74.69,750.73,12.53,232.73,Minimum inter-vehicle distance 40 m Time consumption/ms
19,0,0,0,0,3,22,/ZJJDZJ+URWPalladioL-Roma,8.97,235.25,71.24,320.43,80.21,71.24,761.68,235.25,274.84,Route protocol AODV
19,1,0,0,0,6,9,/QKFAPL+Times-Bold,14.0,63.94,5.31,203.94,19.31,5.31,822.58,63.94,391.33,20 40 60 80 100 120
19,1,0,0,0,6,4,/QKFAPL+Times-Bold,15.4,0.0,-13.9,290.08,1.51,-13.9,840.38,0.0,305.19,Number of vehicles  19 of 22
20,0,0,0,0,31,24,/ZJJDZJ+URWPalladioL-Roma,7.97,35.49,770.94,1042.43,778.91,770.94,62.98,35.49,-447.16,"Symmetry 2022 , 14, 1230 0 5 10 15 20 25  Number of vehicles  0 25  50  75  100  125  150  175  200 Time delay(ms)  IBCPPA  BPPA  EAAP  CPAV  Our Scheme"
20,1,0,0,0,9,22,/NYZCCI+URWPalladioL-Bold,8.97,166.39,521.04,439.87,530.01,521.04,311.88,166.39,155.41,Figure 11. Comparison of communication delay between different schemes.
20,0,0,0,0,10,19,/ZJJDZJ+URWPalladioL-Roma,9.96,187.65,497.67,591.14,507.63,497.67,334.26,187.65,4.14,"Finally, considering the communication delay and computational costs, we compare"
20,0,0,0,0,48,19,/ZJJDZJ+URWPalladioL-Roma,9.96,165.97,472.57,763.73,495.08,472.57,346.81,165.97,-168.46,"the proposed scheme with others in terms of authentication overhead. From Figure 12, we can observe that our scheme outperforms others in terms of authentication overhead.0 5 10 15 20 25  Number of vehicles  0 500  1000  1500  2000  2500 Time delay(ms)  IBCPPA  BPPA  EAAP  CPAV  Our Scheme"
20,1,0,0,1,2,15,/SHGUSL+Times-Bold,11.7,85.33,258.28,133.21,269.98,258.28,571.91,85.33,462.07,IBCPPA IBCPPA
20,1,0,0,0,11,15,/IAATZK+Times-Bold,11.7,17.83,240.74,457.8,256.35,240.74,585.54,17.83,137.47,BPPA BPPA  Figure 12. Comparison of authentication overhead between different schemes.175
20,1,0,0,1,2,15,/IAATZK+Times-Bold,11.7,85.33,231.02,121.51,242.72,231.02,599.17,85.33,473.77,EAAP EAAP
20,1,0,0,0,3,12,/SHGUSL+Times-Bold,13.0,18.16,221.61,236.13,234.62,221.61,607.27,18.16,359.14,2000   7. Conclusions
20,1,0,0,1,2,15,/SHGUSL+Times-Bold,11.7,85.33,217.38,121.51,229.08,217.38,612.81,85.33,473.77,CPAV CPAV
20,1,0,0,0,12,12,/IAATZK+Times-Bold,13.0,17.83,208.33,601.1,221.87,208.33,620.02,17.83,-5.82,"150   In this article, we propose an efﬁcient blockchain-based authentication scheme for"
20,1,0,0,0,4,15,/SHGUSL+Times-Bold,11.7,85.33,203.75,156.61,215.45,203.75,626.44,85.33,438.67,Our Scheme Our Scheme
20,0,0,0,0,14,19,/ZJJDZJ+URWPalladioL-Roma,9.96,166.39,195.78,584.82,205.74,195.78,636.15,166.39,10.45,"secure communication in a vehicular ad hoc network (EBAS). In our scheme, the enti-"
20,0,0,0,0,12,19,/ZJJDZJ+URWPalladioL-Roma,9.96,17.83,176.99,609.73,193.19,176.99,648.7,17.83,-14.45,ties can accomplish authentication with the assistance of transactions constructed based 125
20,1,0,0,0,18,12,/SHGUSL+Times-Bold,13.0,18.16,170.62,624.67,183.62,170.62,658.27,18.16,-29.4,1500   on the UTXO model. The veriﬁer checks the validity of the single input contained in the up-
20,0,0,0,0,13,19,/ZJJDZJ+URWPalladioL-Roma,9.96,166.39,158.12,599.77,168.08,158.12,673.81,166.39,-4.49,loaded transaction to verify the legitimacy of the message sender’s identity. In terms
20,1,0,0,0,13,12,/IAATZK+Times-Bold,13.0,17.83,145.12,604.75,158.12,145.12,683.77,17.83,-9.47,"100   of privacy preservation, based on the asymmetric key encryption technique, the transac-"
20,0,0,0,0,13,19,/ZJJDZJ+URWPalladioL-Roma,9.96,166.39,133.01,609.73,142.97,133.01,698.91,166.39,-14.45,tion pseudonym is generated to assist users to participate in the authentication process
20,1,0,0,0,12,12,/SHGUSL+Times-Bold,13.0,18.16,119.62,574.86,132.62,119.62,709.27,18.16,20.42,"1000   anonymously. Moreover, our scheme guarantees the scalability of EBAS by proposing"
20,1,0,0,0,17,6,/ZJJDZJ+URWPalladioL-Roma,14.3,11.83,100.62,599.77,117.87,100.62,724.02,11.83,-4.49,"a transaction update mechanism, which can keep data storage and retrieval efﬁciency at Time delay(ms) Time delay(ms)"
20,0,0,0,0,13,19,/ZJJDZJ+URWPalladioL-Roma,9.96,166.39,95.35,614.71,105.32,95.35,736.57,166.39,-19.44,"a stable level rather than undergoing near-linear growth. Based on the security analysis,"
20,1,0,0,0,14,12,/IAATZK+Times-Bold,13.0,24.43,81.37,589.8,94.37,81.37,747.52,24.43,5.47,50   our scheme is more comprehensive in terms of privacy preservation and resisting com-
20,1,0,0,0,13,12,/SHGUSL+Times-Bold,13.0,24.76,68.62,584.82,81.62,68.62,760.27,24.76,10.45,"500   mon attacks in the VANET. Regarding the authentication scheme, the simulations show"
20,0,0,0,0,14,19,/ZJJDZJ+URWPalladioL-Roma,9.96,24.43,49.49,584.82,67.66,49.49,774.23,24.43,10.45,"that the average computational cost of the proposed scheme is around 0.942 ms, which25"
20,1,0,0,0,14,12,/IAATZK+Times-Bold,13.0,31.03,5.52,149.86,30.62,5.52,811.27,31.03,445.42,0 0 0 5 10 15 20 25 0 5 10 15 20 25
20,1,0,0,0,9,6,/IAATZK+Times-Bold,14.3,0.0,-12.98,289.1,1.32,-12.98,840.57,0.0,306.17,Number of vehicles Number of vehicles  20 of 22
21,0,0,0,0,5,24,/OXSTFL+URWPalladioL-Ital,7.97,35.49,770.94,122.95,778.91,770.94,62.98,35.49,472.33,"Symmetry 2022 , 14, 1230"
21,0,0,0,0,52,19,/ZJJDZJ+URWPalladioL-Roma,9.96,166.39,676.89,599.77,737.07,676.89,104.82,166.39,-4.49,"outperforms the existing schemes. Furthermore, we implement a simulation experiment to evaluate the communication delay and authentication overhead. Thus, compared with other existing schemes, our proposal has advantages in communication delay and authentication overhead. The future work will focus on adding an incentive module, which is a signiﬁcant step toward wider applications."
21,1,0,0,0,12,22,/NYZCCI+URWPalladioL-Bold,8.97,166.04,654.22,520.22,663.18,654.22,178.71,166.04,75.06,"Author Contributions: Conceptualization, X.F. and K.C.; methodology, X.F. and K.C.; software, K.C.;"
21,0,0,0,0,53,22,/ZJJDZJ+URWPalladioL-Roma,8.97,166.04,607.35,628.16,651.47,607.35,190.42,166.04,-32.89,"validation, X.F., K.C., H.J. and Z.L.; formal analysis, X.F. and K.C.; investigation, X.F. and K.C.; data curation, K.C. and Z.L.; writing—original draft preparation, X.F. and K.C.; writing—review and editing, X.F. and K.C.; supervision, X.F.; project administration, X.F.; funding acquisition, X.F. All authors have read and agreed to the published version of the manuscript."
21,1,0,0,0,14,22,/NYZCCI+URWPalladioL-Bold,8.97,166.39,589.66,542.98,598.63,589.66,243.26,166.39,52.29,Funding: This research was funded by the National Natural Science Foundation of China under
21,1,0,0,0,28,22,/NYZCCI+URWPalladioL-Bold,8.97,166.04,507.17,497.8,569.22,507.17,272.67,166.04,97.48,Institutional Review Board Statement: Not applicable. Informed Consent Statement: Not applicable. Data Availability Statement: Not applicable. Acknowledgments: The authors thank the anonymous referees for their valuable comments and
21,1,0,0,0,10,22,/NYZCCI+URWPalladioL-Bold,8.97,166.39,477.76,363.65,486.73,477.76,355.16,166.39,231.62,Conﬂicts of Interest: The authors declare no conﬂict of interest.
21,0,0,0,0,17,22,/ZJJDZJ+URWPalladioL-Roma,8.97,35.72,440.85,605.08,449.81,440.85,392.08,35.72,-9.81,"1. Tan, H.; Xuan, S.; Chung, I. Hcda: Efﬁcient pairing-free homographic key management for dynamic cross-domain authentication"
21,0,0,0,0,8,22,/ZJJDZJ+URWPalladioL-Roma,8.97,57.23,429.34,254.78,438.31,429.34,403.58,57.23,340.5,"in vanets. Symmetry 2020 , 12, 1003. [CrossRef]"
21,0,0,0,0,15,22,/ZJJDZJ+URWPalladioL-Roma,8.97,35.72,417.83,623.02,426.8,417.83,415.09,35.72,-27.74,"2. Al-shareeda, M.A.; Anbar, M.; Manickam, S.; Hasbullah, I.H. An efﬁcient identity-based conditional privacy-preserving authenti-"
21,0,0,0,0,17,22,/ZJJDZJ+URWPalladioL-Roma,8.97,57.23,406.33,500.51,415.29,406.33,426.6,57.23,94.77,"cation scheme for secure communication in a vehicular ad hoc network. Symmetry 2020 , 12, 1687. [CrossRef]"
21,0,0,0,0,23,22,/ZJJDZJ+URWPalladioL-Roma,8.97,35.72,394.82,572.56,403.79,394.82,438.1,35.72,22.72,"3. Ashraf, M.; Bilal, H.; Khan, I.A.; Ahmad, F. Vanet challenges of availability and scalability .VF AST T rans. Softw. Eng.2016, 4, 46–53."
21,0,0,0,0,19,22,/ZJJDZJ+URWPalladioL-Roma,8.97,35.72,371.81,571.82,380.77,371.81,461.12,35.72,23.46,"International Workshop on Privacy Enhancing Technologies ; Springer: 4. Dötzer, F. Privacy issues in vehicular ad hoc networks. In"
21,0,0,0,0,3,22,/ZJJDZJ+URWPalladioL-Roma,8.97,57.23,360.3,209.66,369.27,360.3,472.62,57.23,385.62,"Berlin/Heidelberg, Germany, 2005."
21,0,0,0,0,21,22,/ZJJDZJ+URWPalladioL-Roma,8.97,35.72,348.79,570.39,357.76,348.79,484.13,35.72,24.89,"5. Hartenstein, H.; Laberteaux, K.P . A tutorial survey on vehicular ad hoc networks. IEEE Commun. Mag. 2008 , 46, 164–171."
21,0,0,0,0,21,22,/ZJJDZJ+URWPalladioL-Roma,8.97,35.72,325.78,563.87,334.75,325.78,507.14,35.72,31.4,"6. Parno, B.; Perrig, A. Challenges in securing vehicular networks. In Workshop on Hot Topics in Networks (HotNets-IV) ; MD, USA,"
21,0,0,0,0,11,22,/ZJJDZJ+URWPalladioL-Roma,8.97,57.23,302.77,595.22,323.24,302.77,518.65,57.23,0.06,2005; pp. 1–6. Available online: https://www.semanticscholar.org/paper/Challenges-in-Securing-Vehicular-Networks-ParnoPerrig/d49b53b33590a4aafe5f5779c41ae40f50af0d6a (accessed on 6 June 2022).
21,0,0,0,0,20,22,/ZJJDZJ+URWPalladioL-Roma,8.97,35.72,291.26,605.08,300.22,291.26,541.66,35.72,-9.81,"7. Wang, Y.; Ding, Y.; Wu, Q.; Wei, Y.; Qin, B.; Wang, H. Privacy-preserving cloud-based road condition monitoring with source"
21,0,0,0,0,13,22,/ZJJDZJ+URWPalladioL-Roma,8.97,57.23,279.75,420.19,288.72,279.75,553.17,57.23,175.09,"authentication in vanets. IEEE Trans. Inf. Forensics Secur. 2018 , 14, 1779–1790. [CrossRef]"
21,0,0,0,0,16,22,/ZJJDZJ+URWPalladioL-Roma,8.97,35.72,268.24,600.6,277.21,268.24,564.68,35.72,-5.32,"8. Motlagh, N.H.; Taleb, T.; Arouk, O. Low-altitude unmanned aerial vehicles-based internet of things services: Comprehensive"
21,0,0,0,0,13,22,/ZJJDZJ+URWPalladioL-Roma,8.97,57.23,256.74,398.98,265.7,256.74,576.19,57.23,196.29,"survey and future perspectives. IEEE Internet Things J. 2016 , 3, 899–922. [CrossRef]"
21,0,0,0,0,21,22,/ZJJDZJ+URWPalladioL-Roma,8.97,35.72,245.23,658.88,254.2,245.23,587.69,35.72,-63.6,"9. Horng, S.-J.; Tzeng, S.-F.; Huang, P .-H.; Wang, X.; Li, T.; Khan, M.K. An efﬁcient certiﬁcateless aggregate signature with conditional"
21,0,0,0,0,12,22,/ZJJDZJ+URWPalladioL-Roma,8.97,56.96,233.72,415.06,242.69,233.72,599.2,56.96,180.22,"privacy-preserving for vehicular sensor networks. Inf. Sci. 2015 , 317, 48–66. [CrossRef]"
21,0,0,0,0,22,22,/ZJJDZJ+URWPalladioL-Roma,8.97,35.72,222.22,582.67,231.18,222.22,610.71,35.72,12.61,"10. Luo, B.; Li, X.; Weng, J.; Guo, J.; Ma, J. Blockchain enabled trust-based location privacy protection scheme in vanet. IEEE Trans."
21,0,0,0,0,7,22,/OXSTFL+URWPalladioL-Ital,8.97,56.59,210.71,246.79,219.68,210.71,622.21,56.59,348.49,"Veh. Technol. 2019 , 69, 2034–2048. [CrossRef]"
21,0,0,0,0,21,22,/ZJJDZJ+URWPalladioL-Roma,8.97,35.72,199.2,654.4,208.17,199.2,633.72,35.72,-59.12,"11. Yao, Y.; Chang, X.; Miši´ c, J.; Miši´ c, V .B.; Li, L. Bla: Blockchain-assisted lightweight anonymous authentication for distributed"
21,0,0,0,0,12,22,/ZJJDZJ+URWPalladioL-Roma,8.97,56.98,187.7,370.86,196.66,187.7,645.23,56.98,224.41,"vehicular fog services. IEEE Internet Things J. 2019 , 6, 3775–3784. [CrossRef]"
21,0,0,0,0,21,22,/ZJJDZJ+URWPalladioL-Roma,8.97,35.72,176.19,570.9,185.16,176.19,656.73,35.72,24.38,"12. Chen, L.; Ng, S.-L.; Wang, G. Threshold anonymous announcement in vanets. IEEE J. Sel. Areas Commun. 2011 , 29, 605–615."
21,0,0,0,0,22,22,/ZJJDZJ+URWPalladioL-Roma,8.97,35.72,153.18,576.12,162.14,153.18,679.75,35.72,19.16,"13. Liu, Y .; Ling, J.; Wu, Q.; Qin, B. Scalable privacy-enhanced traffic monitoring in vehicular ad hoc networks.Soft Comput.2016, 20, 3335–3346."
21,0,0,0,0,18,22,/ZJJDZJ+URWPalladioL-Roma,8.97,35.72,130.16,627.5,139.13,130.16,702.76,35.72,-32.22,"14. Goumidi, H.; Harous, S.; Aliouat, Z.; Gueroui, A.M. Lightweight secure authentication and key distribution scheme for vehicular"
21,0,0,0,0,8,22,/ZJJDZJ+URWPalladioL-Roma,8.97,57.23,118.66,282.38,127.62,118.66,714.27,57.23,312.9,"cloud computing. Symmetry 2021 , 13, 484. [CrossRef]"
21,0,0,0,0,16,22,/ZJJDZJ+URWPalladioL-Roma,8.97,35.72,107.15,573.53,116.11,107.15,725.77,35.72,21.75,"15. Adams, C.; Lloyd, S. Understanding Public-Key Infrastructure: Concepts, Standards, and Deployment Considerations ; Sams Publishing:"
21,0,0,0,0,4,22,/ZJJDZJ+URWPalladioL-Roma,8.97,57.23,95.64,160.35,104.61,95.64,737.28,57.23,434.93,"Carmel, IN, USA, 1999."
21,0,0,0,0,19,22,/ZJJDZJ+URWPalladioL-Roma,8.97,35.72,84.13,649.91,93.1,84.13,748.79,35.72,-54.64,"16. Wu, L.; Fan, J.; Xie, Y.; Wang, J.; Liu, Q. Efﬁcient location-based conditional privacy-preserving authentication scheme for vehicle"
21,0,0,0,0,13,22,/ZJJDZJ+URWPalladioL-Roma,8.97,57.23,72.63,394.77,81.59,72.63,760.3,57.23,200.51,"ad hoc networks. Int. J. Distrib. Sens. Netw. 2017 , 13, 1550147717700899. [CrossRef]"
21,0,0,0,0,3,24,/ZJJDZJ+URWPalladioL-Roma,7.97,0.0,-7.97,35.87,0.0,-7.97,841.89,0.0,559.41,21 of 22
22,0,0,0,0,5,24,/OXSTFL+URWPalladioL-Ital,7.97,35.49,770.94,122.95,778.91,770.94,62.98,35.49,472.33,"Symmetry 2022 , 14, 1230"
22,0,0,0,0,22,22,/ZJJDZJ+URWPalladioL-Roma,8.97,35.72,728.1,645.43,737.07,728.1,104.82,35.72,-50.16,"17. Zhang, C.; Lu, R.; Lin, X.; Ho, P .-H.; Shen, X. An efﬁcient identity-based batch veriﬁcation scheme for vehicular sensor networks."
22,0,0,0,0,20,22,/ZJJDZJ+URWPalladioL-Roma,8.97,56.88,705.09,559.35,725.56,705.09,116.33,56.88,35.93,"In Proceedings of the IEEE INFOCOM 2008—The 27th Conference on Computer Communications, Phoenix, AZ, USA, 13–18 April 2008; pp. 246–250."
22,0,0,0,0,18,22,/ZJJDZJ+URWPalladioL-Roma,8.97,35.72,693.58,627.5,702.55,693.58,139.34,35.72,-32.22,"18. Salim, A.; Tripathi, S.; Tiwari, R.K. Applying Geo-Encryption and Attribute Based Encryption to Implement Secure Access Control"
22,0,0,0,0,14,22,/ZJJDZJ+URWPalladioL-Roma,8.97,57.23,670.57,604.18,691.04,670.57,150.85,57.23,-8.91,in the Cloud. SSRN 3459330. 2019. Available online: https://papers.ssrn.com/sol3/papers.cfm?abstract_id=3459330 (accessed on 6 June 2022).
22,0,0,0,0,17,22,/ZJJDZJ+URWPalladioL-Roma,8.97,35.72,659.06,627.5,668.03,659.06,173.86,35.72,-32.22,"19. Zukarnain, Z.A.; Muneer, A.; Aziz, M.K.A. Authentication securing methods for mobile identity: Issues, solutions and challenges."
22,0,0,0,0,6,22,/OXSTFL+URWPalladioL-Ital,8.97,56.98,647.55,209.17,656.52,647.55,185.37,56.98,386.11,"Symmetry 2022 , 14, 821. [CrossRef]"
22,0,0,0,0,18,22,/ZJJDZJ+URWPalladioL-Roma,8.97,35.72,636.05,576.29,645.01,636.05,196.88,35.72,18.98,"20. Nakamoto, S. Bitcoin: A peer-to-peer electronic cash system. Decent. Bus. Rev. 2008 , 21260. Available online: https://www."
22,0,0,0,0,6,22,/ZJJDZJ+URWPalladioL-Roma,8.97,57.23,624.54,559.35,633.51,624.54,208.38,57.23,35.93,microstrategy.com/en/bitcoin/documents/bitcoin-a-peer-to-peer-electronic-cash-system (accessed on 6 June 2022).
22,0,0,0,0,20,22,/ZJJDZJ+URWPalladioL-Roma,8.97,35.72,613.03,573.7,622.0,613.03,219.89,35.72,21.58,"21. Lu, Z.; Wang, Q.; Qu, G.; Zhang, H.; Liu, Z. A blockchain-based privacy-preserving authentication scheme for vanets. IEEE Trans."
22,0,0,0,0,9,22,/OXSTFL+URWPalladioL-Ital,8.97,56.59,601.53,305.99,610.49,601.53,231.4,56.59,289.28,"Very Large Scale Integr. Syst. 2019, 27, 2792–2801. [CrossRef]"
22,0,0,0,0,21,22,/ZJJDZJ+URWPalladioL-Roma,8.97,35.72,590.02,605.08,598.99,590.02,242.9,35.72,-9.81,"22. Lei, A.; Ogah, C.; Asuquo, P .; Cruickshank, H.; Sun, Z. A secure key management scheme for heterogeneous secure vehicular"
22,0,0,0,0,8,22,/ZJJDZJ+URWPalladioL-Roma,8.97,57.23,578.51,287.89,587.48,578.51,254.41,57.23,307.39,"communication systems. ZTE Commun.  2019 , 14, 21–31."
22,0,0,0,0,21,22,/ZJJDZJ+URWPalladioL-Roma,8.97,35.72,567.0,645.43,575.97,567.0,265.92,35.72,-50.16,"23. Arora, A.; Yadav, S.K. Block chain based security mechanism for internet of vehicles (iov). In Proceedings of 3rd the International"
22,0,0,0,0,16,22,/ZJJDZJ+URWPalladioL-Roma,8.97,57.23,555.5,572.8,564.47,555.5,277.42,57.23,22.48,"Conference on Internet of Things and Connected Technologies (ICIoTCT), Jaipur, India, 26–27 March 2018; pp. 26–27."
22,0,0,0,0,15,22,/ZJJDZJ+URWPalladioL-Roma,8.97,35.72,543.99,627.5,552.96,543.99,288.93,35.72,-32.22,"24. Wu, Q.; Domingo-Ferrer, J.; Gonzalez-Nicolas, U. Balanced trustworthiness, safety, and privacy in vehicle-to-vehicle communica-"
22,0,0,0,0,8,22,/ZJJDZJ+URWPalladioL-Roma,8.97,57.23,532.48,260.73,541.45,532.48,300.44,57.23,334.54,"tions. IEEE Trans. Veh. Technol. 2010, 59, 559–573."
22,0,0,0,0,17,22,/ZJJDZJ+URWPalladioL-Roma,8.97,35.72,520.98,533.35,529.94,520.98,311.95,35.72,61.92,"25. Lin, X. Lsr: Mitigating zero-day sybil vulnerability in privacy-preserving vehicular peer-to-peer networks. IEEE J. Sel. Areas"
22,0,0,0,0,6,22,/OXSTFL+URWPalladioL-Ital,8.97,56.94,509.47,225.85,518.44,509.47,323.45,56.94,369.42,"Commun. 2013 , 31, 237–246. [CrossRef]"
22,0,0,0,0,19,22,/ZJJDZJ+URWPalladioL-Roma,8.97,35.72,497.96,614.05,506.93,497.96,334.96,35.72,-18.77,"26. Miller, C.; Valasek, C. Remote Exploitation of an Unaltered Passenger Vehicle. Black Hat USA. 2015. Available online: https:"
22,0,0,0,0,6,22,/ZJJDZJ+URWPalladioL-Roma,8.97,56.15,486.46,473.08,495.42,486.46,346.47,56.15,122.19,//dl.packetstormsecurity.net/papers/attack/Remote-Car-Hacking.pdf (accessed on 6 June 2022).
22,0,0,0,0,57,22,/ZJJDZJ+URWPalladioL-Roma,8.97,35.72,451.94,627.5,483.92,451.94,357.97,35.72,-32.22,"27. Engoulou, R.G.; Bellaieche, M.; Pierre, S.; Quintero, A. Vanet security surveys. Comput. Commun. 2014 , 44, 1–13. [CrossRef] 28. Petit, J.; Shladover, S.E. Potential cyberattacks on automated vehicles. IEEE Trans. Intell. Transp. Syst. 2015 , 16, 546–556. [CrossRef] 29. Jaballah, W.B.; Conti, M.; Mosbah, M.; Palazzi, C.E. Fast and secure multihop broadcast solutions for intervehicular communica-"
22,0,0,0,0,11,22,/ZJJDZJ+URWPalladioL-Roma,8.97,57.23,440.43,330.36,449.4,440.43,392.49,57.23,264.91,"tion. IEEE Trans. Intell. Transp. Syst. 2014 , 15, 433–450. [CrossRef]"
22,0,0,0,0,18,22,/ZJJDZJ+URWPalladioL-Roma,8.97,35.72,428.92,623.02,437.89,428.92,404.0,35.72,-27.74,"30. Zhang, L.; Wu, Q.; Qin, B.; Domingo-Ferrer, J. Appa: Aggregate privacy-preserving authentication in vehicular ad hoc networks."
22,0,0,0,0,16,22,/ZJJDZJ+URWPalladioL-Roma,8.97,57.23,417.42,590.73,426.38,417.42,415.51,57.23,4.54,"In Proceedings of the Information Security, 14th International Conference, ISC 2011, Xi’an, China, 26–29 October 2011."
22,0,0,0,0,18,22,/ZJJDZJ+URWPalladioL-Roma,8.97,35.72,405.91,627.5,414.88,405.91,427.01,35.72,-32.22,"31. Sucasas, V .; Mantas, G.; Saghezchi, F.B.; Radwan, A.; Rodriguez, J. An autonomous privacy-preserving authentication scheme for"
22,0,0,0,0,10,22,/ZJJDZJ+URWPalladioL-Roma,8.97,57.23,394.4,380.3,403.37,394.4,438.52,57.23,214.98,"intelligent transportation systems. Comput. Secur. 2016 , 60, 93–205. [CrossRef]"
22,0,0,0,0,22,22,/ZJJDZJ+URWPalladioL-Roma,8.97,35.72,382.89,614.05,391.86,382.89,450.03,35.72,-18.77,"32. Jiang, Y.; Shi, M.; Shen, X.; Lin, C. Bat: A robust signature scheme for vehicular networks using binary authentication tree. IEEE"
22,0,0,0,0,8,22,/OXSTFL+URWPalladioL-Ital,8.97,56.69,371.39,280.64,380.35,371.39,461.54,56.69,314.64,"Trans. Wirel. Commun. 2008 , 8, 1974–1983. [CrossRef]"
22,0,0,0,0,22,22,/ZJJDZJ+URWPalladioL-Roma,8.97,35.72,359.88,577.71,368.85,359.88,473.04,35.72,17.56,"IEEE T rans. V eh. T echnol.2017, 66, 10626–10636. 33. Ying, B.; Nayak, A. Anonymous and lightweight authentication for secure vehicular networks."
22,0,0,0,0,37,22,/ZJJDZJ+URWPalladioL-Roma,8.97,35.72,325.36,627.5,345.83,325.36,496.06,35.72,-32.22,"34. Simmons, G.J. Symmetric and asymmetric encryption. ACM Comput. Surv. 1997 , 11, 305–330. [CrossRef] 35. Hasan, A.; Sabah, S.; Haque, R.U.; Daria, A.; Rasool, A.; Jiang, Q. Towards convergence of iot and blockchain for secure supply"
22,0,0,0,0,8,22,/ZJJDZJ+URWPalladioL-Roma,8.97,57.23,313.85,277.79,322.82,313.85,519.07,57.23,317.49,"chain transaction. Symmetry 2022 , 14, 64. [CrossRef]"
22,0,0,0,0,20,22,/ZJJDZJ+URWPalladioL-Roma,8.97,35.72,302.35,578.97,311.31,302.35,530.58,35.72,16.31,"36. Liu, Y.; Wang, L.; Chen, H.-H. Message authentication using proxy vehicles in vehicular ad hoc networks.IEEE Trans. Veh. Technol."
22,0,0,0,0,4,22,/ZJJDZJ+URWPalladioL-Roma,8.97,57.23,290.84,196.21,299.81,290.84,542.08,57.23,399.07,"2014, 64, 3697–3710. [CrossRef]"
22,0,0,0,0,21,22,/ZJJDZJ+URWPalladioL-Roma,8.97,35.72,279.33,600.6,288.3,279.33,553.59,35.72,-5.32,"37. Lu, Z.; Wang, Q.; Qu, G.; Liu, Z. Bars: A blockchain-based anonymous reputation system for trust management in vanets. In"
22,0,0,0,0,36,22,/ZJJDZJ+URWPalladioL-Roma,8.97,56.78,244.81,586.25,276.79,244.81,565.1,56.78,9.03,"Proceedings of the 2018 17th IEEE International Conference On Trust, Security And Privacy In Computing And Communications/12th IEEE International Conference On Big Data Science And Engineering (TrustCom/BigDataSE), New York, NY, USA, 1–3 August 2018; pp. 98–103."
22,0,0,0,0,20,22,/ZJJDZJ+URWPalladioL-Roma,8.97,35.72,233.31,591.63,242.27,233.31,599.62,35.72,3.64,"38. Chuang, Y.-H.; Lei, C.-L.; Shiu, H., Jr. How to design a secure anonymous authentication and key agreement protocol for"
22,0,0,0,0,12,22,/ZJJDZJ+URWPalladioL-Roma,8.97,57.23,221.8,412.05,230.76,221.8,611.12,57.23,183.23,"multi-server environments and prove its security. Symmetry 2021 , 13, 1629. [CrossRef]"
22,0,0,0,0,22,22,/ZJJDZJ+URWPalladioL-Roma,8.97,35.72,210.29,571.14,219.26,210.29,622.63,35.72,24.14,"Int. J. Inf. Secur.  2001 , 1, 36–63. 39. Johnson, D.; Menezes, A.; Vanstone, S. The elliptic curve digital signature algorithm (ecdsa)."
22,0,0,0,0,21,22,/ZJJDZJ+URWPalladioL-Roma,8.97,35.72,187.28,627.5,196.24,187.28,645.65,35.72,-32.22,"40. Liu, Y.; Guo, W.; Fan, C.-I.; Chang, L.; Cheng, C. A practical privacy-preserving data aggregation (3pda) scheme for smart grid."
22,0,0,0,0,9,22,/OXSTFL+URWPalladioL-Ital,8.97,57.23,175.77,290.72,184.74,175.77,657.15,57.23,304.55,"IEEE Trans. Ind. Inform. 2018 , 15, 1767–1774. [CrossRef]"
22,0,0,0,0,21,22,/ZJJDZJ+URWPalladioL-Roma,8.97,35.72,164.26,578.18,173.23,164.26,668.66,35.72,17.09,"41. Gorenﬂo, C.; Lee, S.; Golab, L.; Keshav, S. Fastfabric: Scaling hyperledger fabric to 20,000 transactions per second. Int. J. Netw."
22,0,0,0,0,6,22,/OXSTFL+URWPalladioL-Ital,8.97,57.23,152.76,209.19,161.72,152.76,680.17,57.23,386.08,"Manag. 2020 , 30, e2099. [CrossRef]"
22,0,0,0,0,21,22,/ZJJDZJ+URWPalladioL-Roma,8.97,35.72,141.25,600.6,150.22,141.25,691.67,35.72,-5.32,"42. Caro, A.D.; Iovino, V . jpbc: Java pairing based cryptography. In Proceedings of the 2011 IEEE Symposium on Computers and"
22,0,0,0,0,11,22,/ZJJDZJ+URWPalladioL-Roma,8.97,57.23,129.74,411.4,138.71,129.74,703.18,57.23,183.87,"Communications (ISCC), Kerkyra, Greece, 28 June 2011–1 July 2011; pp. 850–855."
22,0,0,0,0,24,22,/ZJJDZJ+URWPalladioL-Roma,8.97,35.72,118.24,574.76,127.2,118.24,714.69,35.72,20.51,"43. Shao, J.; Lin, X.; Lu, R.; Zuo, C. A threshold anonymous authentication protocol for vanets.IEEE T rans. V eh. T echnol.2015, 65, 1711–1720."
22,0,0,0,0,16,22,/ZJJDZJ+URWPalladioL-Roma,8.97,35.72,95.22,618.53,104.19,95.22,737.7,35.72,-23.26,"44. Azees, M.; Vijayakumar, P .; Deboarh, L.J. Eaap: Efﬁcient anonymous authentication with conditional privacy-preserving scheme"
22,0,0,0,0,15,22,/ZJJDZJ+URWPalladioL-Roma,8.97,57.23,83.72,442.48,92.68,83.72,749.21,57.23,152.8,"for vehicular ad hoc networks. IEEE Trans. Intell. Transp. Syst. 2017 , 18, 2467–2476. [CrossRef]"
22,0,0,0,0,19,22,/ZJJDZJ+URWPalladioL-Roma,8.97,35.72,72.21,609.57,81.17,72.21,760.72,35.72,-14.29,"45. Vijayakumar, P .; Chang, V .; Deborah, L.J.; Balusamy, B.; Shynu, P . Computationally efﬁcient privacy preserving anonymous"
22,0,0,0,0,19,22,/ZJJDZJ+URWPalladioL-Roma,8.97,57.23,60.7,572.8,69.67,60.7,772.22,57.23,22.48,"mutual and batch authentication schemes for vehicular ad hoc networks. Future Gener. Comput. Syst. 2018 , 78, 943–955. [CrossRef]"
22,0,0,0,0,3,24,/ZJJDZJ+URWPalladioL-Roma,7.97,0.0,-7.97,35.87,0.0,-7.97,841.89,0.0,559.41,22 of 22
