page_number,is_bold,is_italic,is_underline,is_all_caps,word_count,norm_font_size,font,font_size,x0,y0,x1,y1,space_above,space_below,space_left,space_right,text
1,1,0,0,0,12,1,/WZFCUG+URWPalladioL-Bold,17.93,35.02,673.06,475.07,709.82,673.06,132.07,35.02,120.21,Securing Fog Computing with a Decentralised User Authentication Approach Based on Blockchain
1,1,0,0,0,4,2,/WZFCUG+URWPalladioL-Bold,9.96,35.72,654.41,175.19,664.38,654.41,177.51,35.72,420.08,"Otuekong Umoren, Raman Singh"
1,0,0,0,0,23,4,/XNLBYX+URWPalladioL-Roma,7.97,166.39,602.21,533.02,631.7,602.21,210.19,166.39,62.26,"School of Computing, Engineering and Physical Sciences, University of the West of Scotland, Paisley PA1 2BE, UK; otuekong.umoren@uws.ac.uk (O.U.); raman.singh@uws.ac.uk (R.S.); keshav.dahal@uws.ac.uk (K.D.)"
1,1,0,0,0,3,4,/WZFCUG+URWPalladioL-Bold,7.97,165.68,591.45,329.07,599.42,591.45,242.47,165.68,266.2,* Correspondence: zeeshan.pervez@uws.ac.uk
1,1,0,0,0,16,3,/WZFCUG+URWPalladioL-Bold,8.97,166.04,564.73,591.95,573.7,564.73,268.19,166.04,3.33,Abstract: The use of low-cost sensors in IoT over high-cost devices has been considered less expensive.
1,0,0,0,0,160,3,/XNLBYX+URWPalladioL-Roma,8.97,166.12,409.07,659.55,560.73,409.07,281.16,166.12,-64.27,"However, these low-cost sensors have their own limitations such as the accuracy, quality, and reliability of the data collected. Fog computing offers solutions to those limitations; nevertheless, owning to its intrinsic distributed architecture, it faces challenges in the form of security of fog devices, secure authentication and privacy. Blockchain technology has been utilised to offer solutions for the authentication and security challenges in fog systems. This paper proposes an authentication system that utilises the characteristics and advantages of blockchain and smart contracts to authenticate users securely. The implemented system uses the email address, username, Ethereum address, password and data from a biometric reader to register and authenticate users. Experiments showed that the proposed method is secure and achieved performance improvement when compared to existing methods. The comparison of results with state-of-the-art showed that the proposed authentication system consumed up to 30% fewer resources in transaction and execution cost; however, there was an increase of up to 30% in miner fees."
1,1,0,0,0,9,3,/WZFCUG+URWPalladioL-Bold,8.97,166.39,384.15,511.6,393.11,384.15,448.78,166.39,83.68,Keywords: authentication; IoT; cloud computing; fog computing; blockchain technology;
1,1,0,0,0,5,5,/WZFCUG+URWPalladioL-Bold,6.97,35.72,379.01,119.4,385.99,379.01,455.9,35.72,475.87,"Citation: Umoren, O.; Singh, R.;"
1,0,0,0,0,21,5,/XNLBYX+URWPalladioL-Roma,6.97,35.72,331.31,158.78,374.06,331.31,467.83,35.72,436.49,"Pervez, Z.; Dahal, K. Securing Fog Computing with a Decentralised User Authentication Approach Based on Blockchain. Sensors 2022 , 22, 3956."
1,0,0,0,0,12,2,/XNLBYX+URWPalladioL-Roma,9.96,187.65,306.87,591.14,316.84,306.87,525.05,187.65,4.14,"The quick development in technology, Internet of Things (IoT) and edge computing"
1,0,0,0,0,4,5,/XNLBYX+URWPalladioL-Roma,6.97,35.72,301.48,150.78,308.46,301.48,533.43,35.72,444.49,Academic Editors: Dhaval Thakker
1,0,0,0,0,12,2,/XNLBYX+URWPalladioL-Roma,9.96,166.39,294.32,604.75,304.28,294.32,537.61,166.39,-9.47,"has given room for corporations, government agencies, health services and businesses to"
1,0,0,0,0,4,5,/XNLBYX+URWPalladioL-Roma,6.97,35.72,289.56,122.89,296.53,289.56,545.36,35.72,472.39,and Bhupesh Kumar Mishra
1,0,0,0,0,12,2,/XNLBYX+URWPalladioL-Roma,9.96,166.09,281.77,609.43,291.73,281.77,550.16,166.09,-14.15,provide their services through the cloud. Running these cloud services requires ﬁnancial
1,0,0,0,0,53,2,/XNLBYX+URWPalladioL-Roma,9.96,35.44,244.11,604.45,279.18,244.11,562.71,35.44,-9.17,and computational resources to secure and protect data from malicious entities and to Received: 12 April 2022 process large amounts of data generated through these services on edge and IoT devices. Accepted: 17 May 2022 These data are considered vulnerable to breaches and need to be secure from malicious Published: 23 May 2022
1,0,0,0,0,12,2,/XNLBYX+URWPalladioL-Roma,9.96,166.39,231.56,584.82,241.52,231.56,600.37,166.39,10.45,entities; this hereby makes authentication essential in IoT and cloud services [1].
1,1,0,0,0,4,5,/WZFCUG+URWPalladioL-Bold,6.97,35.72,228.91,158.84,235.88,228.91,606.01,35.72,436.44,Publisher’s Note:MDPI stays neutral
1,0,0,0,0,11,2,/XNLBYX+URWPalladioL-Roma,9.96,187.65,219.0,596.12,228.97,219.0,612.92,187.65,-0.84,The increase in cyber-attacks on various services has demonstrated the importance
1,0,0,0,0,6,5,/XNLBYX+URWPalladioL-Roma,6.97,35.42,216.98,174.9,223.95,216.98,617.94,35.42,420.38,with regard to jurisdictional claims in
1,0,0,0,0,13,2,/XNLBYX+URWPalladioL-Roma,9.96,166.39,206.45,609.73,216.41,206.45,625.48,166.39,-14.45,of secure and robust authentication systems. Notable attacks such as the Facebook breach
1,0,0,0,0,5,5,/XNLBYX+URWPalladioL-Roma,6.97,35.51,205.06,171.5,212.03,205.06,629.86,35.51,423.78,published maps and institutional afﬁl-
1,0,0,0,0,15,6,/MCBCCI+SourceSansRoman-Regular,1.0,166.39,193.9,898.73,204.05,193.9,637.84,166.39,-303.46,/gid00030/gid00035/gid00032/gid00030/gid00038/gid00001/gid00033/gid00042/gid00045 /gid00001in 2019 exposed the datasets and information of over 500 million users publicly. This
1,0,0,0,0,44,2,/XNLBYX+URWPalladioL-Roma,9.96,165.97,156.24,604.75,191.31,156.24,650.58,165.97,-9.47,"included users’ Facebook IDs, names, and contact numbers [ 2]. In 2021 [ 3], a scraping method exploited LinkedIn’s API exposed data related to 700 million LinkedIn users that were shared on the dark web. Data harvested in such types of attacks contain contact"
1,0,0,0,0,120,5,/XNLBYX+URWPalladioL-Roma,6.97,35.44,80.92,634.34,153.65,80.92,688.24,35.44,-39.06,"numbers, email addresses, gender information, geolocation, and other social media details, Copyright: © 2022 by the authors. Licensee MDPI, Basel, Switzerland.  thus having direct professional, social, and ﬁnancial implications for the users and service This article is an open access article providers. Yahoo in 2013 suffered a breach that had the information of 3 billion of its users distributed under the terms and  accessed by a group of hackers [4], and in 2014, Yahoo suffered an attack in which names, conditions of the Creative Commons  email addresses, hashed passwords, dates of birth, and contact numbers were stolen. To Attribution (CC BY) license (https:// make things worse, this was not made public until the stolen database was put up for sale"
1,0,0,0,0,20,5,/XNLBYX+URWPalladioL-Roma,6.97,35.72,62.79,624.67,81.69,62.79,760.2,35.72,-29.4,creativecommons.org/licenses/by/  in 2016 [4]. Zoom in 2020 [5] suffered an attack that had the login credentials of its users 4.0/).sensors
1,0,0,0,0,7,4,/SUEMDN+URWPalladioL-Ital,7.97,35.49,-23.05,401.02,21.26,-23.05,820.63,35.49,194.26,"Sensors 2022 , 22, 3956. https://doi.org/10.3390/s22103956 https://www.mdpi.com/journal/sensorssensors"
1,1,0,0,0,9,2,/WZFCUG+URWPalladioL-Bold,9.96,0.0,-12.0,924.0,0.0,-12.0,841.89,0.0,-328.72,"/gid00030/gid00035/gid00032/gid00030/gid00038/gid00001/gid00033/gid00042/gid00045/gid00001 /gid00048/gid00043/gid00031/gid00028/gid00047/gid00032/gid00046 , Zeeshan Pervez * and Keshav Dahal"
2,0,0,0,0,5,4,/SUEMDN+URWPalladioL-Ital,7.97,35.49,770.94,114.09,778.91,770.94,62.98,35.49,481.18,"Sensors 2022 , 22, 3956"
2,0,0,0,0,19,2,/XNLBYX+URWPalladioL-Roma,9.96,166.39,714.55,609.73,737.07,714.55,104.82,166.39,-14.45,"stolen; those stolen passwords were gathered through credential surﬁng, and successfully compromised accounts were packaged into a new database."
2,0,0,0,0,13,2,/XNLBYX+URWPalladioL-Roma,9.96,187.65,702.0,616.04,711.96,702.0,129.93,187.65,-20.77,Authentication is considered a key factor that guarantees the security of data stored
2,0,0,0,0,149,2,/XNLBYX+URWPalladioL-Roma,9.96,165.97,551.36,639.62,699.41,551.36,142.48,165.97,-44.34,"on cloud servers. Security is guaranteed through controlled access to data, services and resources. However, these authentication systems based on a centralised database or a trusted third party are vulnerable to cyber-attacks and breaches [6]. In IoT, devices generate a large quantity of data in relatively less time; these data are transferred from multiple IoT devices to the cloud through the internet simultaneously, sometimes causing network congestion. Fog computing was introduced to overcome the limitations related to IoT and the cloud. The fog computing environment operates between the cloud data centres and IoT devices. These fog devices and computing instances are commonly referred to as fog nodes, which are deployed with distributed ownership [ 7]. Authentication systems would beneﬁt from the unique characteristics of fog computing such as the distribution of fog nodes, the decentralised storage of blockchain technology and smart contract, hereby ensuring secure authentication and mitigating cyber-attacks."
2,0,0,0,0,11,2,/XNLBYX+URWPalladioL-Roma,9.96,187.65,538.81,586.16,548.77,538.81,293.12,187.65,9.12,The introduction of fog computing provides a decentralised environment with the
2,0,0,0,0,66,2,/XNLBYX+URWPalladioL-Roma,9.96,166.39,476.05,634.64,536.22,476.05,305.67,166.39,-39.36,"involvement of several fog devices to engage from different locations. This offers a solution for the enhancement of cloud computing services. Hence, data generated by edge or IoT devices are readily processed and passed to the cloud through the fog devices, hereby achieving its initial objective of off-loading computational load to edge devices, thus reducing communication overhead in the form of bandwidth and network congestion [1]."
2,0,0,0,0,13,2,/XNLBYX+URWPalladioL-Roma,9.96,187.65,463.49,606.08,473.46,463.49,368.43,187.65,-10.81,"In fog computing, computation is pushed to edge devices, the characteristics of fog"
2,0,0,0,0,110,2,/XNLBYX+URWPalladioL-Roma,9.96,165.97,350.52,644.6,460.9,350.52,380.99,165.97,-49.32,"and edge devices such as low latency make it capable of processing information without the involvement of the cloud server [8]. However, the security challenges and limitations in fog computing includes trust, security and privacy due to its untrusted decentralised environment [1]. Fog computing still relies on a centralised entity (cloud) for authentication. The use of blockchain technology can help reduce this burden while saving computation and network cost, whilst achieving traceability. The unique characteristics of blockchain technology such as transparency, secure encryption, reliability, mutual authentication between nodes, the use of a distributed encrypted ledger, and distributed database in which operations are executed would be beneﬁcial to fog-based authentication [9]."
2,0,0,0,0,12,2,/XNLBYX+URWPalladioL-Roma,9.96,187.65,337.96,626.01,347.93,337.96,493.96,187.65,-30.73,"Various authentication systems use a centralised database, but these systems have limi-"
2,0,0,0,0,39,2,/XNLBYX+URWPalladioL-Roma,9.96,166.39,287.75,634.64,335.37,287.75,506.52,166.39,-39.36,"tations such as dependability on centralised authority and are vulnerable to attacks/security threats such as brute force, dictionary attack, and Man-in-the-Middle attack [6]. The use of a decentralised database utilising blockchain ledger has been proposed by different researchers [1,10,11]."
2,0,0,0,0,11,2,/XNLBYX+URWPalladioL-Roma,9.96,187.65,275.2,616.04,285.16,275.2,556.73,187.65,-20.77,This paper aims to propose a decentralised authentication system utilising blockchain
2,0,0,0,0,71,2,/XNLBYX+URWPalladioL-Roma,9.96,166.09,199.88,624.67,272.61,199.88,569.28,166.09,-29.4,"technology and fog computing. It uses data types such as email address, Ethereum address, username, password and data from the biometric reader to register and authenticate users. With the characteristics and features of blockchain technology such as peer-to-peer, cryptography, consensus and the use of smart contracts, it addresses authentication using a decentralized database and peer-to-peer communication between fog devices (nodes). The proposed system achieves authentication and communication without a central authority."
2,0,0,0,0,11,2,/XNLBYX+URWPalladioL-Roma,9.96,187.65,187.33,521.4,197.29,187.33,644.6,187.65,73.88,The main contributions of this paper can be summarized as follows:
2,0,0,0,0,11,2,/XNLBYX+URWPalladioL-Roma,9.96,165.89,171.79,619.19,181.75,171.79,660.14,165.89,-23.92,"1. Propose a secure decentralised user authentication that utilises blockchain technology,"
2,0,0,0,0,5,2,/XNLBYX+URWPalladioL-Roma,9.96,189.46,159.23,358.82,169.2,159.23,672.69,189.46,236.46,smart contract and secure ledger.
2,0,0,0,0,12,2,/XNLBYX+URWPalladioL-Roma,9.96,166.39,146.68,604.75,156.64,146.68,685.25,166.39,-9.47,"2. The system can handle authentication requests using the username, password, Ethereum"
2,0,0,0,0,9,2,/XNLBYX+URWPalladioL-Roma,9.96,189.46,134.13,458.45,144.09,134.13,697.8,189.46,136.83,"address, user email and data from a biometric sensor."
2,0,0,0,0,13,2,/XNLBYX+URWPalladioL-Roma,9.96,166.39,121.57,579.84,131.54,121.57,710.35,166.39,15.43,3. The system must guarantee the non-transferability of user data extracted from a
2,0,0,0,0,25,2,/XNLBYX+URWPalladioL-Roma,9.96,166.39,83.92,609.73,106.43,83.92,735.46,166.39,-14.45,4. The system is scalable and can scale to multiple IoT devices. 5. The proposed system utilises different authentication methods and data types for user
2,0,0,0,0,13,2,/XNLBYX+URWPalladioL-Roma,9.96,189.46,58.81,582.98,81.33,58.81,760.56,189.46,12.3,"registration and authentication, which will be an improvement when compared to existing methods."
2,0,0,0,0,3,4,/XNLBYX+URWPalladioL-Roma,7.97,0.0,-7.97,31.88,0.0,-7.97,841.89,0.0,563.4,2 of 21
3,0,0,0,0,5,4,/SUEMDN+URWPalladioL-Ital,7.97,35.49,770.94,114.09,778.91,770.94,62.98,35.49,481.18,"Sensors 2022 , 22, 3956"
3,0,0,0,0,14,2,/XNLBYX+URWPalladioL-Roma,9.96,187.65,727.11,626.01,737.07,727.11,104.82,187.65,-30.73,The rest of this paper is organised as follows: Section 2 introduces the authentication
3,0,0,0,0,75,2,/XNLBYX+URWPalladioL-Roma,9.96,166.09,651.79,614.71,724.51,651.79,117.38,166.09,-19.44,"systems, fog computing and blockchain technology. Section 3 discusses the related works. Section 4 presents the proposed authentication system. Section 5 provides the implementation details of the proposed system, followed by details of the experimental setup in Section 6. Section 7 presents the performance metrics and results. Section 8 presents the performance evaluation. Section 9 discusses the overall performance and security analysis of the proposed system. section 10 concludes the paper along with future directions."
3,0,0,0,0,11,2,/XNLBYX+URWPalladioL-Roma,9.96,187.65,613.83,581.18,623.79,613.83,218.1,187.65,14.1,"This section presents an overview of authentication systems, fog computing and"
3,0,0,0,0,3,2,/SUEMDN+URWPalladioL-Ital,9.96,166.39,578.86,300.89,588.82,578.86,253.07,166.39,294.39,2.1. Authentication Systems
3,0,0,0,0,10,2,/XNLBYX+URWPalladioL-Roma,9.96,187.65,563.32,591.14,573.28,563.32,268.61,187.65,4.14,"Authentication has become increasingly important in the world, with individuals,"
3,0,0,0,0,156,2,/XNLBYX+URWPalladioL-Roma,9.96,165.97,387.58,619.69,560.73,387.58,281.16,165.97,-24.42,"corporations, and businesses making use of it to control access to data and information. Basic authentication methods such as knowledge-based factors (username and password) are commonly and widely used across platforms and services, while other authentication mechanisms such as biometric authentication (inherent factors) and token-based authentication (possession factors) are increasingly becoming popular and used across services. Knowledge-based authentication systems utilise usernames and passwords (alphanumeric and special characters); these are considered conventional and are widely used across platforms and services. This popularity comes as a result of fast processing and ease of memorability. The popularity of password-based authentication systems makes them vulnerable to various attacks such as brute force, dictionary, shoulder surﬁng, and they have limitations such as character count, password length and strength of the password [ 12]. Graphical passwords are introduced to mitigate some vulnerabilities in text-based passwords. This method is resistant to attacks such as dictionary attacks because of its large password space [13]."
3,0,0,0,0,11,2,/XNLBYX+URWPalladioL-Roma,9.96,187.65,375.02,581.18,384.99,375.02,456.9,187.65,14.1,Biometric authentication has been known to be an improvement on password-based
3,0,0,0,0,100,2,/XNLBYX+URWPalladioL-Roma,9.96,166.09,274.6,624.67,372.43,274.6,469.46,166.09,-29.4,"authentication, hereby mitigating some of those vulnerabilities. It is usually grouped into physiological (ﬁngerprints, DNA, face) and behavioural characteristics (keystroke, voice, signature, etc.). Face recognition and ﬁngerprints have been largely used on smartphones, laptops, and other smart devices to control user access and for the purpose of authentication on services, bank applications, and social media. Biometric authentication also has limitations and threats; this is largely due to the immutability and management of biometric data in a centralised database or module. The disclosure of these biometric data can cause various security threats such as the reuse of stolen biometric data [14]."
3,0,0,0,0,10,2,/XNLBYX+URWPalladioL-Roma,9.96,187.65,262.05,611.06,272.01,262.05,569.88,187.65,-15.79,"With the vulnerabilities and threats in password-based and biometric authentication,"
3,0,0,0,0,76,2,/XNLBYX+URWPalladioL-Roma,9.96,166.0,174.18,644.6,259.46,174.18,582.43,166.0,-49.32,"two-factor authentication is considered reliable and increases security in authentication [15]. It utilises both password-based and biometric authentication—the inclusion of tokenbased authentication systems to serve as an extra level of security in multiple or twofactor authentication systems [ 16]. However, the user is required to have and carry a physical or hardware authentication device or authentication software on a smartphone. Although these methods are popular, they are not widely used as the traditional username and password."
3,0,0,0,0,3,2,/SUEMDN+URWPalladioL-Ital,9.96,166.39,151.76,256.06,161.72,151.76,680.17,166.39,339.22,2.2. Fog Computing
3,0,0,0,0,12,2,/XNLBYX+URWPalladioL-Roma,9.96,187.65,136.22,611.06,146.18,136.22,695.71,187.65,-15.79,The fog generally is described as a decentralised distributed computing system where
3,0,0,0,0,79,2,/XNLBYX+URWPalladioL-Roma,9.96,166.39,60.9,629.65,133.63,60.9,708.26,166.39,-34.38,"several fog devices are owned by different entities, and organisations can engage from different locations such as hospitals, schools, airports, smart hubs, etc. Researchers [ 17] described fog computing as a virtualised environment that is not completely situated outside the network space and tasked with the delivery, storage, and computing of resources in cloud computing centres. These are various fog nodes with less storage and computing capabilities. Fog computing is widely considered as an extension of the cloud situated"
3,0,0,0,0,3,4,/XNLBYX+URWPalladioL-Roma,7.97,0.0,-7.97,31.88,0.0,-7.97,841.89,0.0,563.4,3 of 21
4,0,0,0,0,5,4,/SUEMDN+URWPalladioL-Ital,7.97,35.49,770.94,114.09,778.91,770.94,62.98,35.49,481.18,"Sensors 2022 , 22, 3956"
4,0,0,0,0,33,2,/XNLBYX+URWPalladioL-Roma,9.96,166.39,702.0,639.62,737.07,702.0,104.82,166.39,-44.34,"close to devices that collects data for resource-constrained IoT. These devices are called fog nodes having storage, network connection, and computational power and they are placed on different geographical locations with network connectivity."
4,0,0,0,0,13,2,/XNLBYX+URWPalladioL-Roma,9.96,187.65,689.45,586.16,699.41,689.45,142.48,187.65,9.12,The main characteristics of fog computing are described in [17] as given below:
4,0,0,0,0,14,2,/XNLBYX+URWPalladioL-Roma,9.96,166.39,673.9,584.82,683.87,673.9,158.02,166.39,10.45,• Adaptability: These are made up of numerous network sensors and other fog devices
4,0,0,0,0,8,2,/XNLBYX+URWPalladioL-Roma,9.96,188.02,661.35,481.92,671.31,661.35,170.58,188.02,113.36,that deliver storage resources and handle computing tasks.
4,0,0,0,0,9,2,/XNLBYX+URWPalladioL-Roma,9.96,166.39,648.8,564.9,658.76,648.8,183.13,166.39,30.38,• Real-time communications: Fog computing gives real-time communication between
4,0,0,0,0,10,2,/XNLBYX+URWPalladioL-Roma,9.96,188.02,636.25,491.88,646.21,636.25,195.68,188.02,103.4,fog nodes and with corresponding data deployed in the cloud.
4,0,0,0,0,10,2,/XNLBYX+URWPalladioL-Roma,9.96,166.39,623.69,604.75,633.65,623.69,208.24,166.39,-9.47,• Physical distribution: Fog computing provides decentralised services and applications
4,0,0,0,0,4,2,/XNLBYX+URWPalladioL-Roma,9.96,188.02,611.14,342.44,621.1,611.14,220.79,188.02,252.83,hosted on different locations.
4,0,0,0,0,12,2,/XNLBYX+URWPalladioL-Roma,9.96,166.39,598.59,574.86,608.55,598.59,233.34,166.39,20.42,• Less latency: Fog computing’s closeness to the edge devices reduces information
4,0,0,0,0,17,2,/XNLBYX+URWPalladioL-Roma,9.96,188.02,573.48,596.49,596.0,573.48,245.89,188.02,-1.21,computing time with the edge devices and aids position responsiveness to host fog devices on several locations.
4,0,0,0,0,12,2,/XNLBYX+URWPalladioL-Roma,9.96,166.39,560.93,569.88,570.89,560.93,271.0,166.39,25.4,• Compatibility: Fog modules are designed to work with several platforms through
4,0,0,0,0,3,2,/XNLBYX+URWPalladioL-Roma,9.96,188.02,548.38,307.57,558.34,548.38,283.55,188.02,287.7,many service providers.
4,0,0,0,0,14,2,/XNLBYX+URWPalladioL-Roma,9.96,166.39,535.82,584.82,545.78,535.82,296.11,166.39,10.45,• Web analytics and cloud integration: The fog’s position between the cloud and the
4,0,0,0,0,16,2,/XNLBYX+URWPalladioL-Roma,9.96,188.02,523.27,631.36,533.23,523.27,308.66,188.02,-36.08,edge devices is vital to the computing and processing of data close to the edge devices.
4,0,0,0,0,13,2,/XNLBYX+URWPalladioL-Roma,9.96,166.39,510.72,584.82,520.68,510.72,321.21,166.39,10.45,• Heterogeneity: Fog nodes and edge devices are made by different organisations and
4,0,0,0,0,14,2,/XNLBYX+URWPalladioL-Roma,9.96,188.02,498.16,631.36,508.13,498.16,333.76,188.02,-36.08,"have different features, and it is necessary they are hosted according to their features."
4,0,0,0,0,3,2,/SUEMDN+URWPalladioL-Ital,9.96,166.39,475.75,295.91,485.71,475.75,356.18,166.39,299.37,2.3. Blockchain Technology
4,0,0,0,0,11,2,/XNLBYX+URWPalladioL-Roma,9.96,187.65,460.21,611.06,470.17,460.21,371.72,187.65,-15.79,Blockchain is a distributed ledger technology that utilises consensus algorithms and
4,0,0,0,0,193,2,/XNLBYX+URWPalladioL-Roma,9.96,166.0,271.91,629.27,457.62,271.91,384.27,166.0,-33.99,"cryptographic techniques to attain features such as immutability, traceability, anonymity, security, transparency and decentralisation. On the blockchain, conﬁrmed transactions are validated by all nodes and recorded with a timestamp. Transparency is provided by the distribution of the ledger between the members of the blockchain network. Security of the data recorded in the ledger is guaranteed and cannot be tampered [18]. The smart contract is one of the important features in blockchain; it is a short-code included in the blockchain and can be automatically executed when the conditions are met. There are three known classes of blockchain: these are private, public and consortium blockchain. A private blockchain is controlled by a single organisation, governing the activities in the blockchain such as those who can participate in the blockchain and is considered more trusted among participants. A public blockchain is permissionless, and any entity can participate in it. Its highly decentralised nature brings about drawbacks such as privacy, security and performance. A consortium blockchain is a permissioned blockchain built by a consortium with several entities. Entities in this type of blockchain are nodes. The consortium controls which entity or organisations participate in the blockchain [18]."
4,0,0,0,0,11,2,/XNLBYX+URWPalladioL-Roma,9.96,187.65,259.36,616.04,269.32,259.36,572.57,187.65,-20.77,Blockchain technology has increasingly gained popularity in a variety of applications
4,0,0,0,0,105,2,/XNLBYX+URWPalladioL-Roma,9.96,166.39,146.38,619.69,256.77,146.38,585.12,166.39,-24.42,"such as auctions [10], mutual authentication, and IoT [1] which has been the main beneﬁciary of blockchain technology’s features such as the decentralised characteristics which allow devices to connect and share sensitive data securely in an IoT environment. These attributes enable blockchain to provide the underlying secure storage and a trustworthy computational platform for authentication systems. Devices in a blockchain network establish trust through a consensus algorithm; this enables devices to keep a digital signature and cryptographic keys (private and public keys). This aids the communication and transaction between devices in the network; the immutability of these transactions makes them tamper-proof on the blockchain network."
4,1,0,0,0,3,2,/WZFCUG+URWPalladioL-Bold,9.96,166.39,123.97,246.09,133.93,123.97,707.96,166.39,349.18,3. Related Works
4,0,0,0,0,12,2,/XNLBYX+URWPalladioL-Roma,9.96,187.65,108.42,591.14,118.39,108.42,723.5,187.65,4.14,There have been several works proposed on authentication which have utilised fog
4,0,0,0,0,42,2,/XNLBYX+URWPalladioL-Roma,9.96,166.39,58.21,609.73,105.83,58.21,736.06,166.39,-14.45,"computing and blockchain technology in IoT, auctions, cloud computing and other systems mainly in decentralised methods. In this section, a review has been done on schemes that included authentication, fog computing, blockchain technology, IoT and cloud computing to understand the proposed scheme."
4,0,0,0,0,3,4,/XNLBYX+URWPalladioL-Roma,7.97,0.0,-7.97,31.88,0.0,-7.97,841.89,0.0,563.4,4 of 21
5,0,0,0,0,5,4,/SUEMDN+URWPalladioL-Ital,7.97,35.49,770.94,114.09,778.91,770.94,62.98,35.49,481.18,"Sensors 2022 , 22, 3956"
5,0,0,0,0,15,2,/XNLBYX+URWPalladioL-Roma,9.96,187.65,727.11,611.06,737.07,727.11,104.82,187.65,-15.79,"In [19], the authors proposed a solution with the aim of solving the problems accom-"
5,0,0,0,0,87,2,/XNLBYX+URWPalladioL-Roma,9.96,166.09,639.23,624.67,724.51,639.23,117.38,166.09,-29.4,"panied by a single root of trust in a distributed management of identity and authorisation policies using blockchain technology. This solution was integrated within FIWARE (an open-source technology used for the development of digital twins, data spaces and smart solutions) and was made as an authentication and authorisation solution for smart cities. The system was integrated with its set of security policies, which required other systems to be aware of these policies to permit the use of the same credentials as a single sign-on across other infrastructure."
5,0,0,0,0,11,2,/XNLBYX+URWPalladioL-Roma,9.96,187.65,626.68,611.06,636.64,626.68,205.25,187.65,-15.79,A decentralised authentication and access control system for lightweight IoT devices
5,0,0,0,0,51,2,/XNLBYX+URWPalladioL-Roma,9.96,165.97,563.92,609.43,624.09,563.92,217.8,165.97,-14.15,"was proposed by Khalid et al. [ 20]. This system utilised the advantages of fog computing, the distributed nature, peer-to-peer, and immutability of blockchain technology. This enables secure communications between IoT devices in different systems [20]. This system was limited to secure communications between IoT devices through blockchain technology’s peer-to-peer properties."
5,0,0,0,0,12,2,/XNLBYX+URWPalladioL-Roma,9.96,187.65,551.36,621.03,561.33,551.36,280.56,187.65,-25.75,"In [1], Patwary et al. proposed a decentralised mutual authentication using blockchain"
5,0,0,0,0,90,2,/XNLBYX+URWPalladioL-Roma,9.96,166.12,463.49,629.65,548.77,463.49,293.12,166.12,-34.38,"technology that authenticates devices independently without trusted third parties. This was designed to use an Ethereum smart contract to execute mutual authentication between fog devices using their secure keys. The main objective of this scheme was to secure fog devices from unauthorised users while maintaining user privacy. However, the initial challenges faced before the introduction of this scheme were secure communication, privacy, and validation due to the different ownership or possession of fog devices. This scheme was limited to the use of stored keys and location for device authentication purposes."
5,0,0,0,0,14,2,/XNLBYX+URWPalladioL-Roma,9.96,187.65,450.94,616.04,460.9,450.94,380.99,187.65,-20.77,Kalaria et al. in [21] proposed a mutual authentication scheme based on fog computing
5,0,0,0,0,43,2,/XNLBYX+URWPalladioL-Roma,9.96,166.39,400.73,644.6,448.35,400.73,393.54,166.39,-49.32,"that utilised one-way hash functions and Elliptic Curve Cryptography. Their security analysis highlights that their system offers protection for interacting entities against cyberattacks such as Man-In-The-Middle and replay attacks. The proposed scheme achieved mutual authentication among fog devices; however, immutability was a problem."
5,0,0,0,0,14,2,/XNLBYX+URWPalladioL-Roma,9.96,187.65,388.18,586.16,398.14,388.18,443.75,187.65,9.12,The authors in [22] proposed a scheme to address the problem accompanied by the
5,0,0,0,0,108,2,/XNLBYX+URWPalladioL-Roma,9.96,166.09,287.75,634.64,385.58,287.75,456.31,166.09,-39.36,"presence of trusted parties in edge computing. The problem of trusted entities registering and authenticating servers and generally the presence of this third party presented scalability challenges, and the entire network could be at risk due to threats from a single point of failure. Their solution eliminated the public trusted entity within their network framework and ended the difﬁculties of implementing decentralised platforms using permissioned blockchain. In this framework, authenticated users would not have to sign in to all service providers to be allowed access to the services. This scheme was limited to the use of a single authentication mechanism that could make the system vulnerable to attacks."
5,0,0,0,0,14,2,/XNLBYX+URWPalladioL-Roma,9.96,187.65,275.2,586.16,285.16,275.2,556.73,187.65,9.12,Maurya et al. [ 23] proposed an authentication technique based on a bloom ﬁlter
5,0,0,0,0,75,2,/XNLBYX+URWPalladioL-Roma,9.96,166.39,199.88,624.67,272.61,199.88,569.28,166.39,-29.4,"and fuzzy extractor for IoT-enabled multi-hop Wireless Sensor Networks. This technique stopped deceitful querying of data delivery at the sensor node to stop unwanted or false ﬂooding of data from resource-constrained IoT-enabled sensor nodes to the nearest gateway node. However, the system could put biometric data at the risk of getting stolen and reused by adversaries through biometric spooﬁng and exploiting the risk of a data breach in storing personal data stored in a database."
5,0,0,0,0,11,2,/XNLBYX+URWPalladioL-Roma,9.96,187.65,187.33,566.23,197.29,187.33,644.6,187.65,29.04,"Guo and Guo [8] proposed FogHA, an anonymous handover authentication scheme"
5,0,0,0,0,72,2,/XNLBYX+URWPalladioL-Roma,9.96,166.39,112.01,619.69,184.74,112.01,657.15,166.39,-24.42,"that used lightweight cryptographic primitives and eliminated unnecessary authentication messages with the fog node’s assistance to achieve mutual authentication and key agreement between the fog node and mobile device. This scheme presents characteristics such as anonymity, low latency, untraceability, and resistance to compromised and insider attacks. However, an adversary could use untraceability and anonymity to its advantage to carry out attacks undetected and without a trace of the origin of the attack."
5,0,0,0,0,11,2,/XNLBYX+URWPalladioL-Roma,9.96,187.65,99.46,576.19,109.42,99.46,732.47,187.65,19.08,The authors in [24] proposed an identity management mechanism that maintained
5,0,0,0,0,34,2,/XNLBYX+URWPalladioL-Roma,9.96,166.39,61.8,584.82,96.87,61.8,745.02,166.39,10.45,device anonymity and guaranteed secure negotiation of session keys and secure communication through authentication. This used blockchain technology and a secure key mechanism for authentication. Authentication was not limited to devices on a single
5,0,0,0,0,3,4,/XNLBYX+URWPalladioL-Roma,7.97,0.0,-7.97,31.88,0.0,-7.97,841.89,0.0,563.4,5 of 21
6,0,0,0,0,5,4,/SUEMDN+URWPalladioL-Ital,7.97,35.49,770.94,114.09,778.91,770.94,62.98,35.49,481.18,"Sensors 2022 , 22, 3956"
6,0,0,0,0,35,2,/XNLBYX+URWPalladioL-Roma,9.96,165.97,702.0,604.75,737.07,702.0,104.82,165.97,-9.47,"domain; thus, devices in different administrative domains could authenticate each other without the knowledge of their identities. This characteristic could be exploited by an adversary, and this could be a possible limitation in the system."
6,0,0,0,0,10,2,/XNLBYX+URWPalladioL-Roma,9.96,187.65,689.45,611.06,699.41,689.45,142.48,187.65,-15.79,The authors in [25] proposed a lightweight traceable device-to-device authentication
6,0,0,0,0,81,2,/XNLBYX+URWPalladioL-Roma,9.96,166.39,601.58,624.67,686.86,601.58,155.03,166.39,-29.4,"and key agreement protocol based on 5G networks. This scheme generated message authorship by randomly generating a hash-based message authentication code and enabled key exchange through the Elliptic Curve. Their system delivered device traceability for network operators and anonymity to devices’ users. However, an adversary can pose as one of the devices and use brute force to generate a random hash-based message authentication code, especially in a centralised system, hereby putting the system at risk of an attack by anonymous devices."
6,0,0,0,0,12,2,/XNLBYX+URWPalladioL-Roma,9.96,187.65,589.02,606.08,598.99,589.02,242.9,187.65,-10.81,An identity management system was proposed by [26]; this system utilised blockchain
6,0,0,0,0,66,2,/XNLBYX+URWPalladioL-Roma,9.96,166.09,513.7,624.37,586.43,513.7,255.46,166.09,-29.1,to provide non-transferability to new computed biometric attributes. These attributes are generated on each authentication attempt using a secure fuzzy extractor. This system was proposed for smart industrial organisations with the aim of procuring guaranteed identities based on anonymous biometric credentials. The use of anonymous biometric credentials could be used against this system; this could be exploited by unauthorised users and can be considered a limitation.
6,0,0,0,0,14,2,/XNLBYX+URWPalladioL-Roma,9.96,187.65,501.15,611.06,511.11,501.15,330.78,187.65,-15.79,A decentralised system called bubbles of trust was proposed by [27]; this system was
6,0,0,0,0,84,2,/XNLBYX+URWPalladioL-Roma,9.96,166.39,413.28,644.6,498.56,413.28,343.33,166.39,-49.32,"designed to identify and authenticate devices. It achieved availability and data integrity through the advantages and characteristics of blockchain technology and by using servers to create secure virtual zones where devices can verify the identities of each other. However, these virtual zones if not properly secure could serve as a point of attack for malicious devices. They identiﬁed areas that could be limitations to their approach such as its adaptability to real-time applications, the need for the initialisation phase and the evolution of cryptocurrency."
6,0,0,0,0,11,2,/XNLBYX+URWPalladioL-Roma,9.96,187.65,400.73,591.14,410.69,400.73,431.2,187.65,4.14,"In [28], the authors presented AuthCODE, an AI-based multi-device continuous au-"
6,0,0,0,0,71,2,/XNLBYX+URWPalladioL-Roma,9.96,166.39,325.41,629.65,398.14,325.41,443.75,166.39,-34.38,"thentication architecture that maintained privacy and improved single device results by adding behavioural data generated on several devices. This offered features and characteristics that associated the communication of users with several devices and presented lists of privacy and multi-device features that harvested user communication on different devices. The use of a centralised database or trusted third party could be a limitation, and a single attack on it could collapse the system."
6,0,0,0,0,11,2,/XNLBYX+URWPalladioL-Roma,9.96,187.65,312.86,616.04,322.82,312.86,519.07,187.65,-20.77,"In [14], the authors proposed a blockchain-based biometric authentication system that"
6,0,0,0,0,46,2,/XNLBYX+URWPalladioL-Roma,9.96,166.09,250.09,599.46,310.27,250.09,531.62,166.09,-4.18,"processed biometric authentication through a decentralised and distributed mechanism. This also provided an auditable mechanism for the management of biometric information. This scheme with the advantages of blockchain enhanced the security of biometric data utilising through the distributed ledger, guaranteed biometric data transparency, and improved authentication."
6,0,0,0,0,12,2,/XNLBYX+URWPalladioL-Roma,9.96,187.65,237.54,621.03,247.5,237.54,594.39,187.65,-25.75,A cancellable biometric authentication system was proposed in [29] to secure biometric
6,0,0,0,0,61,2,/XNLBYX+URWPalladioL-Roma,9.96,166.09,174.77,604.75,234.95,174.77,606.94,166.09,-9.47,data with a feature adaptive random projection. The projection metrics are generated by rendering the local feature slots and are discarded after use. This technique made the unique biometric template data unretrievable even when the user-speciﬁed key was lost. This made the user template secure and personal data protected. This scheme aimed to protect biometric data against attacks via Record Multiplicity.
6,0,0,0,0,13,2,/XNLBYX+URWPalladioL-Roma,9.96,187.65,162.22,611.06,172.18,162.22,669.71,187.65,-15.79,"The authors in [30] proposed CAB-IoT, which is a distributed and scalable continuous"
6,0,0,0,0,105,2,/XNLBYX+URWPalladioL-Roma,9.96,166.39,61.8,634.64,159.63,61.8,682.26,166.39,-39.36,"authentication solution based on blockchain technology. This enabled the fog nodes layer to tackle the limitations of IoT resources by processing the heavy continuous authenticationrelated tasks for a group of IoT devices. Their proposed system also introduced a trust module that depended on a face recognition machine learning model to control access and designed mutual authentication between end-users and fog nodes, and secure communication between the authenticated fog nodes. Their solution depended on the user’s facial data and the use of a private Ethereum network to provide privacy; however, a variety of methods can be used to manipulate users’ identities, hereby leaving this technique insecure."
6,0,0,0,0,3,4,/XNLBYX+URWPalladioL-Roma,7.97,0.0,-7.97,31.88,0.0,-7.97,841.89,0.0,563.4,6 of 21
7,0,0,0,0,5,4,/SUEMDN+URWPalladioL-Ital,7.97,35.49,770.94,114.09,778.91,770.94,62.98,35.49,481.18,"Sensors 2022 , 22, 3956"
7,0,0,0,0,100,2,/XNLBYX+URWPalladioL-Roma,9.96,166.0,626.68,614.71,737.07,626.68,104.82,166.0,-19.44,"An authentication and authorisation framework for blockchain-enabled IoT networks was proposed in [31] using a probabilistic model. This used random numbers during authentication, which was further connected through joint conditional probability and creates a secure connection between IoT devices for data acquisition. In [32], the authors proposed a Blockchain of Things (BCoT) Gateway with the aim to enable the recording of authentication transactions in a blockchain network without changing existing device hardware or applications and introduced a new device recognition model that is appropriate for blockchain-based identity authentication, where a new feature selection method for device trafﬁc ﬂow was used."
7,0,0,0,0,11,2,/XNLBYX+URWPalladioL-Roma,9.96,187.65,614.13,601.1,624.09,614.13,217.8,187.65,-5.82,Feng et al. [33] proposed an Efﬁcient Privacy-preserving Authentication Model that
7,0,0,0,0,69,2,/XNLBYX+URWPalladioL-Roma,9.96,166.09,538.81,629.36,611.54,538.81,230.35,166.09,-34.08,"utilised blockchain technology, extending its structure to preserve and achieve efﬁcient authentication in VANETs. This supported membership veriﬁcation and saved time by avoiding the veriﬁcation process through a Certiﬁcate Revocation List. The authors in [9] proposed a technique that used the identity of devices as public keys during the authentication of each node by using the identity-based signature to achieve secure communications between devices on a blockchain applied system."
7,0,0,0,0,12,2,/XNLBYX+URWPalladioL-Roma,9.96,187.6,526.26,601.05,536.22,526.26,305.67,187.6,-5.78,The schemes and systems mentioned in this section focused mainly on authentication
7,0,0,0,0,136,2,/XNLBYX+URWPalladioL-Roma,9.96,166.09,375.62,614.71,523.67,375.62,318.22,166.09,-19.44,"and the use of blockchain in fog environments and IoT. Nonetheless, some schemes and systems have limitations as a result of the use of a centralised database or the use of a trusted third party . While authentication methods such as password-based authentication are considered non-practical in a decentralised system, some of the mentioned proposed schemes were not focused on user authentication in a decentralised database, and the schemes that utilised blockchain technology focused on biometric authentication and peerto-peer communication between devices. Consequently , our proposed system is based on decentralised user authentication utilising blockchain technology and can handle various types of authentication requests with username, password, Ethereum address and user email. This addresses the secure authentication of users through a decentralised system. Table 1 summarises the existing works for decentralised, multi and mutual authentication techniques."
7,1,0,0,0,13,3,/WZFCUG+URWPalladioL-Bold,8.97,166.1,357.86,574.07,366.83,357.86,475.06,166.1,21.21,"Table 1. Comparative analysis of existing work for decentralised, multi, and mutual authentication"
7,0,0,0,0,48,3,/XNLBYX+URWPalladioL-Roma,8.97,166.02,306.57,592.3,354.0,306.57,487.89,166.02,2.98,"whilst considering the scalability and robustness of the authentication systems and frameworks (Y = Yes, N = No, NA = Not Mentioned). (DM = Distributed model, DBP = Data breach protection, Mutual Auth = Mutual authentication, MFA = Multi-factor authentication, S = Scalability, RAA = Robust against attacks)."
7,1,0,0,0,5,4,/WZFCUG+URWPalladioL-Bold,7.97,42.09,280.35,181.57,288.32,280.35,553.57,42.09,413.71,Work Distributed Model Data Breach
7,1,0,0,0,8,4,/WZFCUG+URWPalladioL-Bold,7.97,229.89,275.62,547.28,283.59,275.62,558.3,229.89,48.0,AttacksAuthentication Scalability Robust against Protection Mutual Authentication Multi-Factor
7,0,0,0,0,198,4,/XNLBYX+URWPalladioL-Roma,7.97,42.09,62.4,197.51,269.13,62.4,572.76,42.09,397.77,FogAuthChain [1] Y Y Y N Y Y FogHA [8] Y Y Y N NA Y Blockchain meets IoT [11] Y N N N Y NA B. Gupta [34] Y NA Y Y NA NA SDFC [35] Y NA N N NA NA Esposito et al. [19] Y NA N N NA NA Khalid et al. [20] Y NA Y N NA Y Kalaria et al. [21] Y Y Y N NA Y Dechain [22] Y Y Y N NA Y Meng et al. [24] Y NA Y N NA NA Chow and Ma [25] N NA Y N NA Y Bubble of trust [27] Y Y Y N Y Y AuthCODE [28] N NA N N NA NA Almadhoun et al. [36] Y Y Y N Y Y Leandrlofﬁ et al. [37] N Y Y Y NA Y Masfog [38] Y Y Y NA NA NA FogBus [7] Y NA N N Y NA DA-SADA [39] Y Y NA N NA Y PF-BTS [40] Y Y NA N Y Y AttriChain [41] Y NA NA N NA Y Patil et al. [42] Y NA NA N NA Y Our Proposed work Y Y Y Y Y Y
7,0,0,0,0,3,4,/XNLBYX+URWPalladioL-Roma,7.97,0.0,-7.97,31.88,0.0,-7.97,841.89,0.0,563.4,7 of 21
8,0,0,0,0,5,4,/SUEMDN+URWPalladioL-Ital,7.97,35.49,770.94,114.09,778.91,770.94,62.98,35.49,481.18,"Sensors 2022 , 22, 3956"
8,1,0,0,0,3,2,/WZFCUG+URWPalladioL-Bold,9.96,166.39,727.11,256.06,737.07,727.11,104.82,166.39,339.22,4. Proposed System
8,0,0,0,0,10,2,/XNLBYX+URWPalladioL-Roma,9.96,187.65,711.56,586.16,721.53,711.56,120.36,187.65,9.12,This section presents a comprehensive methodology of the proposed decentralised
8,0,0,0,0,55,2,/XNLBYX+URWPalladioL-Roma,9.96,166.09,643.82,614.41,708.97,643.82,132.92,166.09,-19.14,"authentication system necessary for the authentication of users. Before presenting the proposed system in detail, we outline some of the assumptions that are considered for the development of the proposed methodology. These assumptions are commonly used in blockchain-based authentication systems such as [1]: • The fog computing environment consists of mobile and immobile devices connected"
8,0,0,0,0,3,2,/XNLBYX+URWPalladioL-Roma,9.96,188.02,631.26,317.53,641.23,631.26,200.66,188.02,277.74,through several networks.
8,0,0,0,0,28,2,/XNLBYX+URWPalladioL-Roma,9.96,166.39,606.16,594.79,628.67,606.16,213.22,166.39,0.49,• The registered user devices have access to blockchain technology. • The fog device must meet requirements to host the blockchain and act as a node or a
8,0,0,0,0,23,2,/XNLBYX+URWPalladioL-Roma,9.96,166.39,568.5,584.82,591.01,568.5,250.88,166.39,10.45,• The smart contracts should perform tasks of user registration and authentication. • Nodes should not depend on other nodes to perform tasks.
8,0,0,0,0,10,2,/XNLBYX+URWPalladioL-Roma,9.96,187.65,550.97,586.16,560.93,550.97,280.96,187.65,9.12,"We propose a decentralised authentication system using the Ethereum blockchain,"
8,0,0,0,0,30,2,/XNLBYX+URWPalladioL-Roma,9.96,166.39,525.86,609.73,548.38,525.86,293.51,166.39,-14.45,"smart contract, and ledger. In this system, fog nodes will serve as blockchain nodes and host a decentralised digital ledger where each node has a copy of the smart contract."
8,0,0,0,0,3,2,/SUEMDN+URWPalladioL-Ital,9.96,166.39,503.44,285.95,513.41,503.44,328.48,166.39,309.33,4.1. System Architecture
8,0,0,0,0,11,2,/XNLBYX+URWPalladioL-Roma,9.96,187.65,487.9,621.03,497.86,487.9,344.03,187.65,-25.75,This section describes the components of the decentralised authentication system using
8,0,0,0,0,23,2,/XNLBYX+URWPalladioL-Roma,9.96,166.39,445.26,604.75,485.31,445.26,356.58,166.39,-9.47,blockchain. The architecture of the system is represented in the Figure 1. The proposed system components are described below: • Ethereum Smart Contract:
8,0,0,0,0,47,2,/XNLBYX+URWPalladioL-Roma,9.96,187.71,395.05,606.45,442.67,395.05,399.22,187.71,-11.17,"The contract in this authentication system is deployed to handle the task of user registration and authentication. The contract would require information such as the email, passwrd , and the UserEthAdr to enrol users upon registration and to authenticate users in the subsequent interaction with the system."
8,0,0,0,0,3,2,/XNLBYX+URWPalladioL-Roma,9.96,166.39,382.5,226.17,392.46,382.5,449.43,166.39,369.11,• Fog Node:
8,0,0,0,0,67,2,/XNLBYX+URWPalladioL-Roma,9.96,187.71,319.73,611.43,379.91,319.73,461.98,187.71,-16.16,"The fog nodes are devices that act as servers and blockchain nodes; each node has a copy of the BlockC , LDG , and SmContract . The BlockC information on each node is updated when a User  registration or authentication transaction occurs on a node. The fog device or fog server must have enough or necessary requirements to host or to be part of the BlockCN ."
8,0,0,0,0,3,2,/XNLBYX+URWPalladioL-Roma,9.96,166.39,307.18,246.09,317.14,307.18,524.75,166.39,349.18,• Edge Devices:
8,0,0,0,0,27,2,/XNLBYX+URWPalladioL-Roma,9.96,187.71,282.07,601.16,304.59,282.07,537.3,187.71,-5.88,"The end devices are user devices, and they are mapped to nodes during registration and authentication. These devices do not have the resources to host the BlockC."
8,0,0,0,0,30,2,/XNLBYX+URWPalladioL-Roma,9.96,187.71,244.41,621.09,266.93,244.41,574.96,187.71,-25.81,"The cloud is a large storage unit that stores, hosts and computes IoT data. This cloud server is tasked with processing and analysing data generated by IoT or edge devices."
8,1,0,0,0,9,3,/WZFCUG+URWPalladioL-Bold,8.97,166.39,60.67,507.12,69.63,60.67,772.26,166.39,88.16,Figure 1. System architecture for fog-enabled blockchain-based authentication system.
8,0,0,0,0,3,4,/XNLBYX+URWPalladioL-Roma,7.97,0.0,-7.97,31.88,0.0,-7.97,841.89,0.0,563.4,8 of 21
9,0,0,0,0,5,4,/SUEMDN+URWPalladioL-Ital,7.97,35.49,770.94,114.09,778.91,770.94,62.98,35.49,481.18,"Sensors 2022 , 22, 3956"
9,0,0,0,0,4,2,/SUEMDN+URWPalladioL-Ital,9.96,166.39,727.11,305.87,737.07,727.11,104.82,166.39,289.41,4.2. Proposed System Working
9,0,0,0,0,12,2,/XNLBYX+URWPalladioL-Roma,9.96,187.65,711.56,611.06,721.53,711.56,120.36,187.65,-15.79,"In the following, we present the core functionalities of the proposed authentication"
9,0,0,0,0,3,2,/XNLBYX+URWPalladioL-Roma,9.96,166.39,681.48,256.06,708.97,681.48,132.92,166.39,339.22,system. • Initialisation:
9,0,0,0,0,40,2,/XNLBYX+URWPalladioL-Roma,9.96,187.63,643.82,625.99,678.89,643.82,163.0,187.63,-30.71,"All parameters of the authentication system applied by the user during the registration are initialised by the Ethereum blockchain. These parameters are valid UserEthAdr (with Ethers or auth coins), valid Usermail , passwrd, and Bdata . The user passwrd and"
9,0,0,0,0,5,2,/SUEMDN+URWPalladioL-Ital,9.96,187.71,631.26,302.28,641.23,631.26,200.66,187.71,292.99,Bdata are hash with SHA256.
9,0,0,0,0,3,2,/XNLBYX+URWPalladioL-Roma,9.96,166.39,618.71,271.0,628.67,618.71,213.22,166.39,324.27,• User Registration:
9,0,0,0,0,61,2,/XNLBYX+URWPalladioL-Roma,9.96,188.02,568.5,587.72,616.12,568.5,225.77,188.02,7.55,"In the registration stage, the new user is required to present a valid Usermail, passwrd, and valid UserEthAdr to the  BlockCNet , these data are validated and stored through the SmContract . The BlockC identiﬁes this User  as a valid User , the data provided by this user are stored on all BlockCN . User registration is represented in Figure 2."
9,0,0,0,0,3,2,/XNLBYX+URWPalladioL-Roma,9.96,166.39,555.95,280.96,565.91,555.95,275.98,166.39,314.31,• User Authentication:
9,0,0,0,0,11,2,/XNLBYX+URWPalladioL-Roma,9.96,188.02,543.39,563.06,553.36,543.39,288.53,188.02,32.21,"In the authentication stage, a user sends authentication requests withUsermail, passwrd,"
9,0,0,0,0,28,2,/SUEMDN+URWPalladioL-Ital,9.96,187.63,518.29,589.56,540.8,518.29,301.09,187.63,5.72,UserEthAdr and presents Bdata . The BlockC veriﬁes the User  identity through the SmContract and the  LDG . The outcome of this process depends on the data provided
9,0,0,0,0,40,2,/XNLBYX+URWPalladioL-Roma,9.96,187.72,480.63,631.36,515.7,480.63,326.19,187.72,-36.08,"by the User . The authentication is successful if User presents valid details; otherwise, it is declared unsuccessful. The User authentication is represented in Figure 3. In this proposed system, a newUser registers to the network with parameters such asUsermail,"
9,0,0,0,0,16,2,/SUEMDN+URWPalladioL-Ital,9.96,188.02,468.08,580.41,478.04,468.08,363.85,188.02,14.87,"passwrd, a valid UserEthAdr , Username , and Bdata . The data from this parameter are"
9,0,0,0,0,38,2,/XNLBYX+URWPalladioL-Roma,9.96,187.72,430.42,616.11,465.49,430.42,376.4,187.72,-20.84,"hashed with Secure Hash Algorithm (SHA256) and stored on the BlockCNet . For successful authentication, the User must present data according to the parameter presented by the system. In the event of inaccurate data or failed authentication, the"
9,0,0,0,0,6,2,/SUEMDN+URWPalladioL-Ital,9.96,187.63,417.86,401.83,427.83,417.86,414.06,187.63,193.45,User is allowed another authentication attempt.
9,1,0,0,0,7,3,/WZFCUG+URWPalladioL-Bold,8.97,166.39,186.27,327.79,195.24,186.27,646.65,166.39,267.49,Figure 2. Flow diagram for user registration.
9,0,0,0,0,3,4,/XNLBYX+URWPalladioL-Roma,7.97,0.0,-7.97,31.88,0.0,-7.97,841.89,0.0,563.4,9 of 21
10,0,0,0,0,5,4,/SUEMDN+URWPalladioL-Ital,7.97,35.49,770.94,114.09,778.91,770.94,62.98,35.49,481.18,"Sensors 2022 , 22, 3956"
10,1,0,0,0,7,3,/WZFCUG+URWPalladioL-Bold,8.97,166.39,521.23,336.76,530.2,521.23,311.69,166.39,258.52,Figure 3. Flow diagram for user authentication.
10,0,0,0,0,14,2,/XNLBYX+URWPalladioL-Roma,9.96,187.65,484.41,630.99,494.37,484.41,347.52,187.65,-35.71,This section presents a description of functions in the smart contract that captures the
10,0,0,0,0,10,2,/XNLBYX+URWPalladioL-Roma,9.96,165.97,471.86,529.61,481.82,471.86,360.07,165.97,65.67,working principle and pseudo code of the proposed authentication system.
10,0,0,0,0,13,2,/XNLBYX+URWPalladioL-Roma,9.96,187.65,459.3,562.96,469.27,459.3,372.62,187.65,32.31,"Algorithm 1 shows the pseudocode for user registration request using the EthAdr ,"
10,0,0,0,0,17,2,/SUEMDN+URWPalladioL-Ital,9.96,166.0,446.75,560.66,456.71,446.75,385.18,166.0,34.61,"Usermail, Username, password, and Bdata of a new User . The User data are hashed and stored"
10,0,0,0,0,105,2,/XNLBYX+URWPalladioL-Roma,9.96,166.06,358.88,619.69,444.16,358.88,397.73,166.06,-24.42,"on the blockchain, and a new User is registered successfully. Figure 4 highlights the struct of the smart contract, the struct contains and deﬁnes custom data types in the User detail (UserDetail), these data types include the EthAdr , Usermail, Username, password, and Bdata of User . Boolean data are also used to represent scenario “isUserLoggedIn” and “true or false” binary results. The data a user must provide are included in the struct. During the registration phase, the User registration function is initiated to register a newUser with data and parameters initialised by the SmContract ; the new User is required to provide Usermail ,"
10,0,0,0,0,7,2,/SUEMDN+URWPalladioL-Ital,9.96,166.0,346.33,369.94,356.29,346.33,485.6,166.0,225.34,"UserEthAdr, password and Bdata to be registered."
10,1,0,0,0,6,2,/WZFCUG+URWPalladioL-Bold,9.96,166.0,320.57,330.39,330.53,320.57,511.36,166.0,264.89,Algorithm 1 Pseudocode for user registration
10,0,0,0,0,9,4,/XNLBYX+URWPalladioL-Roma,7.97,172.37,304.18,453.94,314.14,304.18,527.75,172.37,141.33,"1: function USER REGISTRATION (EthAdr, Usermail, Username, password, BData)"
10,0,0,0,0,9,2,/XNLBYX+URWPalladioL-Roma,9.96,172.37,292.22,477.76,302.18,292.22,539.71,172.37,117.51,"2: if  (EthAdr, Usermail, Username, password, BData = True)then"
10,0,0,0,0,22,4,/XNLBYX+URWPalladioL-Roma,7.97,172.37,268.31,570.88,290.23,268.31,551.66,172.37,24.4,"3: SHA256 (EthAdr, Usermail, Username, password, BData = True) 4: BlockchainUser (Store all user data and values to the Blockchain through smart"
10,0,0,0,0,4,4,/XNLBYX+URWPalladioL-Roma,7.97,172.37,244.4,281.96,254.36,244.4,587.53,172.37,313.32,5: Log (user registered)
10,0,0,0,0,3,2,/XNLBYX+URWPalladioL-Roma,9.96,172.37,232.45,238.12,242.41,232.45,599.48,172.37,357.15,6: return  true
10,0,0,0,0,8,4,/XNLBYX+URWPalladioL-Roma,7.97,172.37,196.58,237.13,230.45,196.58,611.44,172.37,358.15,7: else 8: end if 9: end function
10,0,0,0,0,3,4,/XNLBYX+URWPalladioL-Roma,7.97,0.0,-7.97,35.87,0.0,-7.97,841.89,0.0,559.41,10 of 21
11,0,0,0,0,5,4,/SUEMDN+URWPalladioL-Ital,7.97,35.49,770.94,114.09,778.91,770.94,62.98,35.49,481.18,"Sensors 2022 , 22, 3956"
11,1,0,0,0,11,3,/WZFCUG+URWPalladioL-Bold,8.97,166.39,498.21,421.94,507.18,498.21,334.71,166.39,173.34,Figure 4. An example of smart contract code for user registration.
11,0,0,0,0,12,2,/XNLBYX+URWPalladioL-Roma,9.96,187.65,474.84,581.18,484.8,474.84,357.09,187.65,14.1,Algorithm 2 shows the pseudocode for user authentication request using the data
11,0,0,0,0,15,2,/SUEMDN+URWPalladioL-Ital,9.96,166.09,462.28,549.17,472.25,462.28,369.64,166.09,46.11,"EthAdr, Usermail, Username, password, and Bdata of an existing User . The submitted User data"
11,0,0,0,0,120,2,/XNLBYX+URWPalladioL-Roma,9.96,166.09,349.31,619.69,459.69,349.31,382.2,166.09,-24.42,"are searched with data stored on the blockchain; if there is a match, theUser is authenticated, or it is unsuccessful if there is no match. During authentication, the user login function requires inputs “UserEthAdr, Usermail, password, Bdata” from the User to validate the data presented by the User through SHA256 as shown in Figure 5. The boolean variable returns a true value if the User identity is veriﬁed or false if the data presented by the User are not veriﬁed. The function checkIsUserLogged (address address) checks the user’s Ethereum address to conﬁrm the user’s status on the network and returns a boolean reply. The function logout (address address) uses the Ethereum address to end the user’s time on the network."
11,1,0,0,0,6,2,/WZFCUG+URWPalladioL-Bold,9.96,166.0,327.14,340.35,337.1,327.14,504.79,166.0,254.93,Algorithm 2 Pseudocode for user authentication
11,0,0,0,0,9,4,/XNLBYX+URWPalladioL-Roma,7.97,172.37,311.01,453.94,320.97,311.01,520.92,172.37,141.33,"1: function USER AUTHENTICATION (EthAdr, Usermail, Username, password, BData)"
11,0,0,0,0,9,2,/XNLBYX+URWPalladioL-Roma,9.96,172.37,299.05,452.32,309.01,299.05,532.88,172.37,142.96,2: if  (received authentication request from user = True)then
11,0,0,0,0,11,4,/XNLBYX+URWPalladioL-Roma,7.97,172.37,287.1,531.02,297.06,287.1,544.83,172.37,64.25,3: stored User data—match User data from blockchain through smart contract
11,0,0,0,0,10,2,/XNLBYX+URWPalladioL-Roma,9.96,172.37,275.14,407.49,285.1,275.14,556.79,172.37,187.79,4: if  (User data matches data stored = true) then
11,0,0,0,0,6,4,/XNLBYX+URWPalladioL-Roma,7.97,172.37,251.23,281.96,273.15,251.23,568.74,172.37,313.32,5: Authenticate user 6: Log (“authenticated”)
11,0,0,0,0,3,2,/XNLBYX+URWPalladioL-Roma,9.96,172.37,239.28,253.07,249.24,239.28,592.65,172.37,342.21,7: return  true
11,0,0,0,0,5,2,/XNLBYX+URWPalladioL-Roma,9.96,172.37,215.37,353.02,225.33,215.37,616.56,172.37,242.25,9: Log (“unsuccessful”) return  false
11,0,0,0,0,9,4,/XNLBYX+URWPalladioL-Roma,7.97,168.39,179.5,233.14,213.37,179.5,628.52,168.39,362.13,10: end if 11: end if 12: end function
11,0,0,0,0,3,4,/XNLBYX+URWPalladioL-Roma,7.97,0.0,-7.97,35.87,0.0,-7.97,841.89,0.0,559.41,11 of 21
12,0,0,0,0,5,4,/SUEMDN+URWPalladioL-Ital,7.97,35.49,770.94,114.09,778.91,770.94,62.98,35.49,481.18,"Sensors 2022 , 22, 3956"
12,1,0,0,0,11,3,/WZFCUG+URWPalladioL-Bold,8.97,166.39,512.13,412.97,521.1,512.13,320.79,166.39,182.31,Figure 5. An example of smart contract code for user validation.
12,1,0,0,0,3,2,/WZFCUG+URWPalladioL-Bold,9.96,166.39,490.85,271.0,500.81,490.85,341.07,166.39,324.27,6. Experimental Setup
12,0,0,0,0,13,2,/XNLBYX+URWPalladioL-Roma,9.96,187.65,475.31,626.01,485.27,475.31,356.62,187.65,-30.73,An evaluation based on several experiments is presented to rigorously validate the pro-
12,0,0,0,0,362,2,/XNLBYX+URWPalladioL-Roma,9.96,165.97,136.38,634.64,472.72,136.38,369.17,165.97,-39.36,"posed system. The proposed authentication system is implemented through an Ethereum smart contract utilizing Solidity. This smart contract is tested, and the simulation is run through Remix Ethereum [43]. This IDE offers various features such as the creation, deployment, testing, and debugging of smart contracts, and it permits the connection of virtual Ethereum blockchain environments such as Ganache [44] and MetaMask [45] through a web3 provider. The network layout of the system and simulations are executed in Ethereum Remix IDE and Cisco Packet Tracer. Ethereum Remix IDE is chosen for this experiment for its features which allows for the development, administering and deployment of smart contracts in a virtual blockchain environment. Cisco Packet Tracer is considered one of the best tools that deliver a network simulation environment to create virtual networks [46]. The experiment is conducted using different Ethereum accounts provided by Remix Ethereum and Ganache, each virtual Ethereum account representing a user. Multiple user registration and authentication attempts are conducted to analyse the metrics and each experiment. Data from the metrics are collected such as contract deployment cost, user registration cost, and user authentication cost. For this experiment, authentication time is not measured because security and the above-mentioned resources have been considered more important. Simulations are run through Cisco Packet Tracer to replicate the fog network with nodes and determine the time needed to send packets from user devices to the fog nodes. The simulation model is shown in Figure 6. In this, at step (1), User A presents data and sends a registration request through the edge device to the blockchain-enabled fog node. At step (2), the blockchain-enabled fog node stores user data on a distributed ledger, whereas at step (3), User A is registered as a new user. In the next step (4), User B presents data and sends an authentication request through the edge device to the blockchain-enabled fog node. At the next step (5), the blockchain-enabled fog node conﬁrms User B’s data are valid and exist in a distributed ledger. Then, the user is authenticated or denied. The transaction cost, execution cost and miner fees are recorded for both registration and authentication requests through the blockchain network."
12,0,0,0,0,3,4,/XNLBYX+URWPalladioL-Roma,7.97,0.0,-7.97,35.87,0.0,-7.97,841.89,0.0,559.41,12 of 21
13,0,0,0,0,5,4,/SUEMDN+URWPalladioL-Ital,7.97,35.49,770.94,114.09,778.91,770.94,62.98,35.49,481.18,"Sensors 2022 , 22, 3956"
13,1,0,0,0,5,3,/WZFCUG+URWPalladioL-Bold,8.97,166.39,399.45,265.02,408.42,399.45,433.47,166.39,330.25,Figure 6. The simulation model.
13,1,0,0,0,5,2,/WZFCUG+URWPalladioL-Bold,9.96,166.39,378.17,335.76,388.13,378.17,453.76,166.39,259.52,7. Performance Metrics and Results
13,0,0,0,0,10,2,/XNLBYX+URWPalladioL-Roma,9.96,187.65,362.63,511.44,372.59,362.63,469.3,187.65,83.84,Performance metrics and the result are presented in this section.
13,0,0,0,0,3,2,/SUEMDN+URWPalladioL-Ital,9.96,166.39,340.21,285.95,350.18,340.21,491.71,166.39,309.33,7.1. Performance Metrics
13,0,0,0,0,12,2,/XNLBYX+URWPalladioL-Roma,9.96,187.65,324.67,606.08,334.63,324.67,507.26,187.65,-10.81,Many metrics are considered in these experiments: these are the contract deployment
13,0,0,0,0,41,2,/XNLBYX+URWPalladioL-Roma,9.96,166.39,282.03,634.64,322.08,282.03,519.81,166.39,-39.36,"cost, the user registration cost, and the user authentication cost. The metrics are important for the comparison and evaluation of the proposed scheme with existing methods [1,36]. • Contract deployment cost: cost of deploying the smart contract in the virtual Ethereum"
13,0,0,0,0,11,2,/XNLBYX+URWPalladioL-Roma,9.96,188.02,269.48,551.66,279.44,269.48,562.45,188.02,43.62,environment (the number of ether required to deploy the smart contract).
13,0,0,0,0,16,2,/XNLBYX+URWPalladioL-Roma,9.96,166.39,256.93,589.8,266.89,256.93,575.0,166.39,5.47,• User registration cost: the amount of ether required to register a new user in the
13,0,0,0,0,15,2,/XNLBYX+URWPalladioL-Roma,9.96,166.39,231.82,609.73,241.78,231.82,600.11,166.39,-14.45,• User authentication cost: the amount of ether required to validate the identity of the
13,0,0,0,0,5,2,/XNLBYX+URWPalladioL-Roma,9.96,188.02,219.27,342.44,229.23,219.27,612.66,188.02,252.83,user in the blockchain network.
13,0,0,0,0,5,2,/SUEMDN+URWPalladioL-Ital,9.96,166.39,196.85,340.74,206.81,196.85,635.08,166.39,254.54,7.2. Cisco Packet Tracer Simulation
13,0,0,0,0,15,2,/XNLBYX+URWPalladioL-Roma,9.96,187.65,181.31,606.08,191.27,181.31,650.62,187.65,-10.81,The network is replicated in Cisco Packet Tracer [ 46] with fog servers (nodes) and
13,0,0,0,0,56,2,/XNLBYX+URWPalladioL-Roma,9.96,166.39,118.54,619.69,178.72,118.54,663.17,166.39,-24.42,"user devices to run simulations and tests on various packets and protocols (HTTPS, SSH, SMTP , ICMP), multiple requests on wired and wireless networks to obtain the time required to send these authentication packets on the network. These packets are chosen for this experiment because they are commonly used for secure communications over computer networks [47]."
13,1,0,0,0,3,2,/WZFCUG+URWPalladioL-Bold,9.96,166.39,96.13,290.93,106.09,96.13,735.8,166.39,304.35,8. Performance Evaluation
13,0,0,0,0,12,2,/XNLBYX+URWPalladioL-Roma,9.96,187.65,80.59,606.08,90.55,80.59,751.34,187.65,-10.81,This section presents the comparison of the performance between the proposed system
13,0,0,0,0,13,2,/XNLBYX+URWPalladioL-Roma,9.96,166.39,68.03,614.71,78.0,68.03,763.89,166.39,-19.44,"and the existing method [1,36] with reference to user registration and authentication. Our"
13,0,0,0,0,3,4,/XNLBYX+URWPalladioL-Roma,7.97,0.0,-7.97,35.87,0.0,-7.97,841.89,0.0,559.41,13 of 21
14,0,0,0,0,5,4,/SUEMDN+URWPalladioL-Ital,7.97,35.49,770.94,114.09,778.91,770.94,62.98,35.49,481.18,"Sensors 2022 , 22, 3956"
14,0,0,0,0,22,2,/XNLBYX+URWPalladioL-Roma,9.96,166.09,714.55,599.47,737.07,714.55,104.82,166.09,-4.19,"proposed method can be identiﬁed with the blue colour; existing methods [ 1,36] can be identiﬁed with orange and green colours, respectively."
14,0,0,0,0,11,2,/XNLBYX+URWPalladioL-Roma,9.96,187.65,702.0,601.1,711.96,702.0,129.93,187.65,-5.82,"The scheme [ 36] is designed for user authentication, utilising blockchain-enabled"
14,0,0,0,0,126,2,/XNLBYX+URWPalladioL-Roma,9.96,166.09,576.47,629.65,699.41,576.47,142.48,166.09,-34.38,"nodes to carry out tasks of user authentication. However, system [1] is a decentralised mutual authentication that utilised blockchain and is considered an improvement on [36]. The proposed system uses less ether (Ethereum coins) when compared to existingmethods [1,36] in execution cost, transaction cost, and miner fees in both registration and authentication scenarios. The performance evaluation of the proposed system demonstrated that the system scales nicely within the increasing number of authentication requests whilst without having a signiﬁcant effect on the execution time, execution cost, transaction cost and miner fees. The experiment is executed with four groups of user’s devices: 5, 10, 15, and 20 user devices. The experimental results executed in a blockchain environment for a registration and authentication scenario are discussed in this section."
14,0,0,0,0,16,2,/XNLBYX+URWPalladioL-Roma,9.96,187.65,538.51,630.99,548.48,538.51,293.41,187.65,-35.71,"Figure 7 displays the transaction cost, and it decreased by 30 to 40%. Figure 8 displays"
14,0,0,0,0,99,2,/XNLBYX+URWPalladioL-Roma,9.96,166.09,463.19,634.34,535.92,463.19,305.97,166.09,-39.06,"execution cost, and it decreased by 30 to 40%, and Figure 9 displays a miner fees decrease of 10% for a group of 5 users, 60% in the group of 10 and over 70% in the group of 15 and 20 users when compared to the metrics from the existing methods [ 1,36]. In our proposed system, factors such as the use of larger data values, e.g., longer password length, contributed to the increase in miner fees during user registration. The cost of registering one user through the smart contract is 698,326 ether, and the miner fee is 0.0011."
14,1,0,0,0,14,3,/WZFCUG+URWPalladioL-Bold,8.97,166.39,152.85,560.92,161.81,152.85,680.08,166.39,34.36,Figure 7. Comparison of experimental results of the proposed system and existing systems (Almad-
14,0,0,0,0,11,3,/XNLBYX+URWPalladioL-Roma,8.97,166.39,140.03,489.18,148.99,140.03,692.9,166.39,106.09,houn et al. [36] and FogAuthChain [1]) on registration transaction cost.
14,0,0,0,0,3,4,/XNLBYX+URWPalladioL-Roma,7.97,0.0,-7.97,35.87,0.0,-7.97,841.89,0.0,559.41,14 of 21
15,0,0,0,0,5,4,/SUEMDN+URWPalladioL-Ital,7.97,35.49,770.94,114.09,778.91,770.94,62.98,35.49,481.18,"Sensors 2022 , 22, 3956"
15,1,0,0,0,14,3,/WZFCUG+URWPalladioL-Bold,8.97,166.39,442.08,560.92,451.05,442.08,390.84,166.39,34.36,Figure 8. Comparison of experimental results of the proposed system and existing systems (Almad-
15,0,0,0,0,11,3,/XNLBYX+URWPalladioL-Roma,8.97,166.39,429.26,480.22,438.23,429.26,403.66,166.39,115.06,houn et al. [36] and FogAuthChain [1]) on registration execution cost.
15,1,0,0,0,14,3,/WZFCUG+URWPalladioL-Bold,8.97,166.39,155.99,560.92,164.96,155.99,676.93,166.39,34.36,Figure 9. Comparison of experimental results of the proposed system and existing systems (Almad-
15,0,0,0,0,11,3,/XNLBYX+URWPalladioL-Roma,8.97,166.39,143.17,462.29,152.13,143.17,689.76,166.39,132.99,houn et al. [36] and FogAuthChain [1]) on registration miner fees.
15,0,0,0,0,15,2,/XNLBYX+URWPalladioL-Roma,9.96,187.65,106.34,616.04,116.31,106.34,725.58,187.65,-20.77,"Figure 10 displays the 40% decrease in transaction cost in all user groups, Figure 11"
15,0,0,0,0,65,2,/XNLBYX+URWPalladioL-Roma,9.96,166.39,56.13,624.67,103.75,56.13,738.14,166.39,-29.4,"displays the 40% decrease in execution cost in all user groups and Figure 12 displays the miner fees 30% decrease in the group of 5 users, a decreased by30% in the group of10 users, and a decrease of over 30% and 50% in the groups of 15 and 20 users when compared to existing methods [1,36]. In our proposed system, factors such as failed authentication"
15,0,0,0,0,3,4,/XNLBYX+URWPalladioL-Roma,7.97,0.0,-7.97,35.87,0.0,-7.97,841.89,0.0,559.41,15 of 21
16,0,0,0,0,5,4,/SUEMDN+URWPalladioL-Ital,7.97,35.49,770.94,114.09,778.91,770.94,62.98,35.49,481.18,"Sensors 2022 , 22, 3956"
16,0,0,0,0,29,2,/XNLBYX+URWPalladioL-Roma,9.96,166.39,702.0,599.77,737.07,702.0,104.82,166.39,-4.49,"attempts contributed to the increase in miner fees during authentication. The cost of authenticating one user through the smart contract is 140,885 ether, and the miner fee is 0.0007."
16,1,0,0,0,14,3,/WZFCUG+URWPalladioL-Bold,8.97,166.39,396.67,560.92,405.64,396.67,436.25,166.39,34.36,Figure 10. Comparison of experimental results of the proposed system and existing systems (Almad-
16,0,0,0,0,11,3,/XNLBYX+URWPalladioL-Roma,8.97,166.39,383.85,498.15,392.82,383.85,449.07,166.39,97.13,houn et al. [36] and FogAuthChain [1]) on authentication transaction cost.
16,1,0,0,0,14,3,/WZFCUG+URWPalladioL-Bold,8.97,166.39,76.64,560.92,85.6,76.64,756.29,166.39,34.36,Figure 11. Comparison of experimental results of the proposed system and existing systems (Almad-
16,0,0,0,0,11,3,/XNLBYX+URWPalladioL-Roma,8.97,166.39,63.82,489.18,72.78,63.82,769.11,166.39,106.09,houn et al. [36] and FogAuthChain [1]) on authentication execution cost.
16,0,0,0,0,3,4,/XNLBYX+URWPalladioL-Roma,7.97,0.0,-7.97,35.87,0.0,-7.97,841.89,0.0,559.41,16 of 21
17,0,0,0,0,5,4,/SUEMDN+URWPalladioL-Ital,7.97,35.49,770.94,114.09,778.91,770.94,62.98,35.49,481.18,"Sensors 2022 , 22, 3956"
17,1,0,0,0,14,3,/WZFCUG+URWPalladioL-Bold,8.97,166.39,457.81,560.92,466.78,457.81,375.11,166.39,34.36,Figure 12. Comparison of experimental results of the proposed system and existing systems (Almad-
17,0,0,0,0,11,3,/XNLBYX+URWPalladioL-Roma,8.97,166.39,444.99,471.25,453.95,444.99,387.94,166.39,124.02,houn et al. [36] and FogAuthChain [1]) on authentication miner fees.
17,0,0,0,0,7,2,/SUEMDN+URWPalladioL-Ital,9.96,166.39,423.71,395.53,433.67,423.71,408.22,166.39,199.74,8.3. Simulation Results in Cisco Packet Tracer
17,0,0,0,0,13,2,/XNLBYX+URWPalladioL-Roma,9.96,187.65,408.17,596.12,418.13,408.17,423.76,187.65,-0.84,The results for simulation conducted in a fog computing environment in both wired
17,0,0,0,0,126,2,/XNLBYX+URWPalladioL-Roma,9.96,166.39,295.19,629.65,405.57,295.19,436.31,166.39,-34.38,"and wireless networks to obtain the time required to authenticate several packets: HTTPS, SSH, SMTP , and ICMP from the user device to the fog server or blockchain node on the network is presented in Figure 13. The results showed that all the packets are delivered in 0.004 s in a wired network, while SMTP packets are delivered faster in 0.003 s in a wireless network, SSH packets are delivered in 0.009 s, and HTTPS and ICMP packets are delivered in 0.006 s. Obtained results display the time required to authenticate different packets in the proposed method; this shows our proposed method efﬁciently handles authentication requests quickly and can scale to multiple devices in a fog computing environment and is suited for application on edge devices."
17,1,0,0,0,13,3,/WZFCUG+URWPalladioL-Bold,8.97,166.39,65.4,547.47,74.36,65.4,767.53,166.39,47.81,Figure 13. Simulation results showing the time required for authentication and sending packets.
17,0,0,0,0,3,4,/XNLBYX+URWPalladioL-Roma,7.97,0.0,-7.97,35.87,0.0,-7.97,841.89,0.0,559.41,17 of 21
18,0,0,0,0,5,4,/SUEMDN+URWPalladioL-Ital,7.97,35.49,770.94,114.09,778.91,770.94,62.98,35.49,481.18,"Sensors 2022 , 22, 3956"
18,0,0,0,0,13,2,/XNLBYX+URWPalladioL-Roma,9.96,187.65,711.56,601.1,721.53,711.56,120.36,187.65,-5.82,This section discusses possible attacks and threats on the proposed system and the
18,0,0,0,0,28,2,/XNLBYX+URWPalladioL-Roma,9.96,166.39,673.9,609.73,708.97,673.9,132.92,166.39,-14.45,advantages blockchain technology presents to mitigate these threats in an authentication system. A comparative discussion of the proposed system with existing works is also included in this section.
18,0,0,0,0,14,2,/XNLBYX+URWPalladioL-Roma,9.96,187.65,661.35,621.03,671.31,661.35,170.58,187.65,-25.75,The principal security issues in IoT are deeply rooted in systems that provide authen-
18,0,0,0,0,155,2,/XNLBYX+URWPalladioL-Roma,9.96,166.09,498.16,634.64,658.76,498.16,183.13,166.09,-39.36,"tication to IoT devices, services and its end users. An increase in IoT sensors and their ability to interconnect, collect and be associated with user personal data requires stringent security measures [48]. The conventional nature of the authentication system makes it less vulnerable to attacks, thereby making it robust. Utilising a combination of Ethereum address, email address, password, and data from biometric reader or device makes authentication secure. It also makes the system more resilient to common attacks targeted to authentication systems such as password attacks, Man-in-the-Middle, and spooﬁng. IoT presents some challenges after integration with blockchain technology. These challenges are as a result of IoT devices’ limited networking and computing capacity. The edge devices (IoT) do not have the capability to authenticate users due to their limited ability to coordinate registration and authentication; due to this, registration and authentication are performed in blockchain-enabled fog nodes/servers using edge devices as input and data collection devices."
18,0,0,0,0,10,2,/XNLBYX+URWPalladioL-Roma,9.96,187.65,485.61,601.1,495.57,485.61,346.32,187.65,-5.82,Conﬁdentiality is considered an important requirement in an authentication system;
18,0,0,0,0,112,2,/XNLBYX+URWPalladioL-Roma,9.96,165.97,372.63,629.24,483.02,372.63,358.87,165.97,-33.96,"this is realised through the prevention of unauthorised or non-recognised access to the data in a system, network, or device. A method to achieve this is the use of encryption and hashing techniques such as SSL and SHA256. The proposed system utilised SHA256 to hash user’s data; this transforms the data into a secure unreadable format that is readable without a secret key. Similar to conﬁdentiality, integrity is an important characteristic of a good access-controlled or access restricted environment. This is necessary to mitigate or evade the modiﬁcation or tampering of data to make the system secure against attacks such as replay and Man-in-the-Middle attacks. The encryption of messages mitigates these attacks."
18,0,0,0,0,13,2,/XNLBYX+URWPalladioL-Roma,9.96,187.65,360.08,611.06,370.04,360.08,471.85,187.65,-15.79,The use of blockchain technology in authentication system without relying on a third
18,0,0,0,0,152,2,/XNLBYX+URWPalladioL-Roma,9.96,166.09,196.89,634.64,357.49,196.89,484.4,166.09,-39.36,"party makes the proposed system robust and resistant to attacks. Blockchain generally provides high-level security for authentication systems and the fog computing environment [49]. This high-level security encompasses data conﬁdentiality through secure encryption, data integration through credibility and traceability, data availability through distributed and remote access, access control through user authorisation, trust through secure communication and mitigation of attacks and preserves user identity through data and identity privacy [ 50]. Our proposed system depends on the unique properties of blockchain technology for security. This mitigates vulnerabilities in SSH. Although SSH has its advantages and provides robust authentication, however, it does not provide traceability or trust and is vulnerable to attacks such as connection hijacking, Man-in-the-Middle attack, IP spooﬁng and connection hijacking [51]. The use of blockchain technology would mitigate threats and provide security, traceability, trust and anonymity, and the proposed system’s reliance on blockchain technology makes it robust against common authentication attacks."
18,0,0,0,0,12,2,/XNLBYX+URWPalladioL-Roma,9.96,187.65,184.34,611.06,194.3,184.34,647.59,187.65,-15.79,The use of blockchain technology makes the proposed system robust against Denial-of-
18,0,0,0,0,87,2,/XNLBYX+URWPalladioL-Roma,9.96,165.97,96.47,639.62,181.75,96.47,660.14,165.97,-44.34,"Service attacks (DoS) by storing user data, mappings, and other records in a distributed and decentralised Ethereum ledger. Blockchain’s provision of anonymity and privacy makes authentication secure and offers security for sensitive user data. The resilience and global distribution of Ethereum’s public ledger make it resistant to several attacks (DoS inclusive)— the ledger is shared and protected by various nodes where these data and records are hosted with integrity. Generally, the unique characteristics of blockchain technology provide extra security measures to authentication systems, IoT, and cloud devices."
18,0,0,0,0,15,2,/XNLBYX+URWPalladioL-Roma,9.96,187.65,83.92,626.01,93.88,83.92,748.01,187.65,-30.73,Possible vulnerabilities in smart contract code can pose a risk to the system and users
18,0,0,0,0,28,2,/XNLBYX+URWPalladioL-Roma,9.96,166.39,58.81,619.69,81.33,58.81,760.56,166.39,-24.42,of the contract. Vulnerabilities in Solidity open up a possibility to take over control of untrusted functions in another smart contract; this is commonly known as a re-entrancy
18,0,0,0,0,3,4,/XNLBYX+URWPalladioL-Roma,7.97,0.0,-7.97,35.87,0.0,-7.97,841.89,0.0,559.41,18 of 21
19,0,0,0,0,5,4,/SUEMDN+URWPalladioL-Ital,7.97,35.49,770.94,114.09,778.91,770.94,62.98,35.49,481.18,"Sensors 2022 , 22, 3956"
19,0,0,0,0,50,2,/XNLBYX+URWPalladioL-Roma,9.96,166.09,689.45,634.64,737.07,689.45,104.82,166.09,-39.36,"attack. During this attack, smart contract 1 calls an unspeciﬁed function from smart contract 2, which could give way to call a function from smart contract 2 with a malicious aim. The proposed system addresses this concern by deploying smart contracts with absolute necessary functionalities (code) and removing auxiliary functions."
19,0,0,0,0,13,2,/XNLBYX+URWPalladioL-Roma,9.96,187.65,676.89,621.03,686.86,676.89,155.03,187.65,-25.75,The evaluation results have demonstrated that the proposed system is fully scalable to
19,0,0,0,0,34,2,/XNLBYX+URWPalladioL-Roma,9.96,165.97,639.23,644.6,674.3,639.23,167.59,165.97,-49.32,"multiple IoT devices and can still carry out the tasks of user registration and authentication. Results also highlighted that the proposed system used less resources in Ethereum (ether) when compared to existing methods [1,36]."
19,0,0,0,0,12,2,/XNLBYX+URWPalladioL-Roma,9.96,187.65,601.28,596.12,611.24,601.28,230.65,187.65,-0.84,"In this paper, a decentralised user authentication system was designed and imple-"
19,0,0,0,0,264,2,/XNLBYX+URWPalladioL-Roma,9.96,166.06,350.22,624.67,598.69,350.22,243.2,166.06,-29.4,"mented using Ethereum smart contract. It aimed to address user authentication in a decentralised environment and address fog computing security problems inherited from IoT and cloud computing. It provided a solution for immutability, scale-ability problems in fog computing and proposed the use of conventional authentication in a fog and a blockchain environment to achieve the distributed authentication system. Compared to other methods, the proposed system utilised commonly used authentication factors to ensure frictionless adoption in real-world applications. Experimental results revealed that the proposed method achieved performance improvement, used less resources in Ethereum (ether) and could be scaled to more devices and relatively used less resources when compared to existing methods. In addition to this, the comparison of results with existing methods showed that the proposed authentication system consumed less gas. During user registration, the transaction cost decreased by 30% to 40%, execution cost decreased by 40%, and miner fees decreased by 10% for the group of 5 users, 60% in the group of 10, and over 70% in the group of 15 and 20 users when compared to the metrics from the existing methods. During user authentication, there was a 40% decrease in transaction cost in all user groups, 40% decrease in execution cost in all user groups, and 30% decrease in miner fees in the group of 5 users, 30% decrease in the group of 10 users, over 30% and 50% decrease in the groups 15 and 20 users when compared to existing methods. Future direction would focus on replicating the experiment using another approach such as NEO smart contracts to improve authentication."
19,1,0,0,0,14,3,/WZFCUG+URWPalladioL-Bold,8.97,166.04,327.54,497.8,336.51,327.54,505.38,166.04,97.48,"Author Contributions: Conceptualization, O.U. and Z.P .; Data curation, O.U. and Z.P .; Formal"
19,0,0,0,0,63,3,/XNLBYX+URWPalladioL-Roma,8.97,166.39,280.68,637.13,324.79,280.68,517.1,166.39,-41.85,"analysis, Z.P . and K.D.; Investigation, O.U.; Methodology, O.U. and R.S.; Project administration, R.S. and K.D.; Resources, R.S. and Z.P .; Software, O.U.; Supervision, Z.P . and K.D.; Validation, O.U., R.S. and K.D.; Visualization, O.U.; Writing—original draft, O.U., R.S. and Z.P .; Writing—review & editing, R.S., Z.P . and K.D. All authors have read and agreed to the published version of the manuscript."
19,1,0,0,0,17,3,/WZFCUG+URWPalladioL-Bold,8.97,166.39,245.29,363.65,271.95,245.29,569.94,166.39,231.62,Funding: This research received no external funding. Conﬂicts of Interest: The authors declare no conﬂict of interest.
19,0,0,0,0,8,3,/XNLBYX+URWPalladioL-Roma,8.97,165.8,206.08,416.86,215.04,206.08,626.85,165.8,178.42,The following abbreviations are used in this manuscript:
19,0,0,0,0,28,3,/SUEMDN+URWPalladioL-Ital,8.97,166.39,91.44,265.02,194.13,91.44,647.76,166.39,330.25,Usermail User email address User User Userz multiple Users Username User name passwrd User password EthAdr Ethereum address UserEthAdr User Ethereum address Bdata Biometric data FogN Fog Node
19,0,0,0,0,3,4,/XNLBYX+URWPalladioL-Roma,7.97,0.0,-7.97,35.87,0.0,-7.97,841.89,0.0,559.41,19 of 21
20,0,0,0,0,5,4,/SUEMDN+URWPalladioL-Ital,7.97,35.49,770.94,114.09,778.91,770.94,62.98,35.49,481.18,"Sensors 2022 , 22, 3956"
20,0,0,0,0,22,3,/SUEMDN+URWPalladioL-Ital,8.97,166.39,647.85,260.54,738.83,647.85,103.06,166.39,334.73,EdgeD Edge Device Cld Cloud SHA256 Online hash function SmContract Smart Contract BlockC Blockchain BlockCNet Blockchain Network LDG Ledger EthAcc Ethereum Account
20,0,0,0,0,18,3,/XNLBYX+URWPalladioL-Roma,8.97,35.72,609.57,618.53,618.53,609.57,223.36,35.72,-23.26,"1. Patwary, A.A.N.; Fu, A.; Battula, S.K.; Naha, R.K.; Garg, S.; Mahanti, A. FogAuthChain: A secure location-based authentication"
20,0,0,0,0,13,3,/XNLBYX+URWPalladioL-Roma,8.97,57.23,598.06,498.35,607.02,598.06,234.87,57.23,96.93,"scheme in fog computing environments using Blockchain. Comput. Commun. 2020, 162, 212–224. [CrossRef]"
20,0,0,0,0,22,3,/XNLBYX+URWPalladioL-Roma,8.97,35.72,586.55,587.15,595.52,586.55,246.37,35.72,8.13,"2. Jordan Valinsky, C.B. Here’s How to Tell If Your Facebook Account Was One of the Half Billion That Were Breached. 2021."
20,0,0,0,0,8,3,/XNLBYX+URWPalladioL-Roma,8.97,56.78,563.54,572.45,584.01,563.54,257.88,56.78,22.83,Available online: https://edition.cnn.com/2021/04/05/tech/facebook-data-leaked-how-to-tell/index.html (accessed on 1 December 2021).
20,0,0,0,0,15,3,/XNLBYX+URWPalladioL-Roma,8.97,35.72,552.03,555.77,561.0,552.03,280.89,35.72,39.51,"3. Andy, B.N. LinkedIn 2012 Hack: What You Need to Know. 2017. Available online: https://www.ncsc.gov.uk/blog-post/"
20,0,0,0,0,6,3,/XNLBYX+URWPalladioL-Roma,8.97,57.23,540.52,366.57,549.49,540.52,292.4,57.23,228.7,linkedin-2012-hack-what-you-need-know (accessed on 1 December 2021).
20,0,0,0,0,13,3,/XNLBYX+URWPalladioL-Roma,8.97,35.72,529.02,591.63,537.98,529.02,303.91,35.72,3.64,"4. News, B. ’One Billion’ Affected by Yahoo Hack. 2017. Available online: https://www.bbc.co.uk/news/world-us-canada-383245"
20,0,0,0,0,6,3,/XNLBYX+URWPalladioL-Roma,8.97,57.23,517.51,209.66,526.48,517.51,315.41,57.23,385.62,27 (accessed on 1 December 2021).
20,0,0,0,0,17,3,/XNLBYX+URWPalladioL-Roma,8.97,35.72,506.0,596.12,514.97,506.0,326.92,35.72,-0.84,"5. Winder, D. Zoom Gets Stuffed: Here’s How Hackers Got Hold of 500,000 Passwords. Available online: https://www.forbes.com/"
20,0,0,0,0,6,3,/XNLBYX+URWPalladioL-Roma,8.97,57.23,482.99,577.28,503.46,482.99,338.43,57.23,17.99,sites/daveywinder/2020/04/28/zoom-gets-stuffed-heres-how-hackers-got-hold-of-500000-passwords/?sh=40c6a0315cdc (accessed on 1 December 2021).
20,0,0,0,0,20,3,/XNLBYX+URWPalladioL-Roma,8.97,35.72,471.48,596.12,480.45,471.48,361.44,35.72,-0.84,"6. Wang, W.; Huang, H.; Zhang, L.; Su, C. Secure and efﬁcient mutual authentication protocol for smart grid under blockchain."
20,0,0,0,0,6,3,/SUEMDN+URWPalladioL-Ital,8.97,56.95,459.98,290.4,468.94,459.98,372.95,56.95,304.88,"Peer-to-Peer Netw. Appl.2021, 14, 2681–2693. [CrossRef]"
20,0,0,0,0,21,3,/XNLBYX+URWPalladioL-Roma,8.97,35.72,448.47,578.18,457.44,448.47,384.45,35.72,17.09,"7. Tuli, S.; Mahmud, R.; Tuli, S.; Buyya, R. Fogbus: A blockchain-based lightweight framework for edge and fog computing. J. Syst."
20,0,0,0,0,6,3,/SUEMDN+URWPalladioL-Ital,8.97,56.98,436.96,207.96,445.93,436.96,395.96,56.98,387.32,"Softw. 2019 , 154, 22–36. [CrossRef]"
20,0,0,0,0,19,3,/XNLBYX+URWPalladioL-Roma,8.97,35.72,425.46,562.59,434.42,425.46,407.47,35.72,32.68,"Comput. Secur.  2021 ,8. Guo, Y.; Guo, Y. FogHA: An efﬁcient handover authentication for mobile devices in fog computing."
20,0,0,0,0,3,3,/SUEMDN+URWPalladioL-Ital,8.97,56.78,413.95,164.38,422.92,413.95,418.97,56.78,430.9,"108, 102358. [CrossRef]"
20,0,0,0,0,17,3,/XNLBYX+URWPalladioL-Roma,8.97,35.72,402.44,596.12,411.41,402.44,430.48,35.72,-0.84,"9. Fotohi, R.; Shams Aliee, F. Securing communication between things using blockchain technology based on authentication and"
20,0,0,0,0,13,3,/XNLBYX+URWPalladioL-Roma,8.97,57.24,390.93,450.67,399.9,390.93,441.99,57.24,144.6,"SHA-256 to improving scalability in large-scale IoT. Comput. Netw. 2021, 197, 108331. [CrossRef]"
20,0,0,0,0,17,3,/XNLBYX+URWPalladioL-Roma,8.97,35.72,379.43,587.15,388.39,379.43,453.5,35.72,8.13,"10. Omar, I.A.; Hasan, H.R.; Jayaraman, R.; Salah, K.; Omar, M. Implementing decentralized auctions using blockchain smart"
20,0,0,0,0,9,3,/XNLBYX+URWPalladioL-Roma,8.97,57.23,367.92,343.06,376.89,367.92,465.0,57.23,252.22,"contracts. Technol. Forecast. Soc. Chang. 2021, 168, 120786. [CrossRef]"
20,0,0,0,0,19,3,/XNLBYX+URWPalladioL-Roma,8.97,35.72,356.41,573.14,365.38,356.41,476.51,35.72,22.13,"11. Novo, O. Blockchain Meets IoT: An Architecture for Scalable Access Management in IoT.IEEE Internet Things J.2018, 5, 1184–1195."
20,0,0,0,0,17,3,/XNLBYX+URWPalladioL-Roma,8.97,35.72,333.4,580.62,342.37,333.4,499.52,35.72,14.66,"12. Juneja, K. An XML transformed method to improve effectiveness of graphical password authentication.J. King Saud Univ.-Comput."
20,0,0,0,0,5,3,/SUEMDN+URWPalladioL-Ital,8.97,57.23,321.89,209.91,330.86,321.89,511.03,57.23,385.36,"Inf. Sci.2020, 32, 11–23. [CrossRef]"
20,0,0,0,0,22,3,/XNLBYX+URWPalladioL-Roma,8.97,35.72,310.39,571.0,319.35,310.39,522.54,35.72,24.27,"13. Wang, X.; Yan, Z.; Zhang, R.; Zhang, P . Attacks and defenses in user authentication systems: A survey.J. Netw. Comput. Appl."
20,0,0,0,0,4,3,/XNLBYX+URWPalladioL-Roma,8.97,57.23,298.88,187.24,307.85,298.88,534.04,57.23,408.03,"2021, 188, 103080. [CrossRef]"
20,0,0,0,0,36,3,/XNLBYX+URWPalladioL-Roma,8.97,35.72,275.87,640.95,296.34,275.87,545.55,35.72,-45.67,"14. Lee, Y .K.; Jeong, J. Securing biometric authentication system using blockchain. ICT Express2021, 7, 322–326. [CrossRef] 15. Fotouhi, M.; Bayat, M.; Das, A.K.; Far, H.A.N.; Pournaghi, S.M.; Doostari, M.A. A lightweight and secure two-factor authentication"
20,0,0,0,0,15,3,/XNLBYX+URWPalladioL-Roma,8.97,57.23,264.36,481.26,273.33,264.36,568.56,57.23,114.02,"scheme for wireless body area networks in health-care IoT. Comput. Netw. 2020, 177, 107333. [CrossRef]"
20,0,0,0,0,19,3,/XNLBYX+URWPalladioL-Roma,8.97,35.72,252.85,614.05,261.82,252.85,580.07,35.72,-18.77,"16. Hossain, M.J.; Xu, C.; Li, C.; Mahmud, S.H.; Zhang, X.; Li, W. ICAS: Two-factor identity-concealed authentication scheme for"
20,0,0,0,0,8,3,/XNLBYX+URWPalladioL-Roma,8.97,57.23,241.35,309.15,250.31,241.35,591.58,57.23,286.13,"remote-servers. J. Syst. Archit. 2021, 117, 102077. [CrossRef]"
20,0,0,0,0,19,3,/XNLBYX+URWPalladioL-Roma,8.97,35.72,229.84,609.57,238.81,229.84,603.09,35.72,-14.29,"17. Sabireen, H.; Neelanarayanan, V . A Review on Fog Computing: Architecture, Fog with IoT, Algorithms and Research Challenges."
20,0,0,0,0,4,3,/SUEMDN+URWPalladioL-Ital,8.97,57.23,218.33,180.61,227.3,218.33,614.59,57.23,414.67,"ICT Express2021, 7, 162–176."
20,0,0,0,0,33,3,/XNLBYX+URWPalladioL-Roma,8.97,35.72,195.32,569.22,215.79,195.32,626.1,35.72,26.06,"18. Zhang, T.; Huang, Z. Blockchain and central bank digital currency .ICT Express2021, 7, 1–7. [CrossRef] 19. Esposito, C.; Ficco, M.; Gupta, B.B. Blockchain-based authentication and authorization for smart city applications. Inf. Process."
20,0,0,0,0,6,3,/SUEMDN+URWPalladioL-Ital,8.97,57.23,183.81,213.68,192.78,183.81,649.11,57.23,381.6,"Manag. 2021 , 58, 102468. [CrossRef]"
20,0,0,0,0,19,3,/XNLBYX+URWPalladioL-Roma,8.97,35.72,172.3,645.43,181.27,172.3,660.62,35.72,-50.16,"20. Khalid, U.; Asim, M.; Baker, T.; Hung, P .C.; Tariq, M.A.; Rafferty, L. A decentralized lightweight blockchain-based authentication"
20,0,0,0,0,10,3,/XNLBYX+URWPalladioL-Roma,8.97,57.23,160.8,370.11,169.76,160.8,672.13,57.23,225.16,"mechanism for IoT systems. Clust. Comput. 2020, 23, 2067–2087. [CrossRef]"
20,0,0,0,0,19,3,/XNLBYX+URWPalladioL-Roma,8.97,35.72,149.29,578.18,158.26,149.29,683.63,35.72,17.09,"21. Kalaria, R.; Kayes, A.; Rahayu, W.; Pardede, E. A Secure Mutual authentication approach to fog computing environment. Comput."
20,0,0,0,0,6,3,/SUEMDN+URWPalladioL-Ital,8.97,56.98,137.78,211.95,146.75,137.78,695.14,56.98,383.33,"Secur. 2021 , 111, 102483. [CrossRef]"
20,0,0,0,0,18,3,/XNLBYX+URWPalladioL-Roma,8.97,35.72,126.28,533.35,135.24,126.28,706.65,35.72,61.92,"22. Bonnah, E.; Shiguang, J. DecChain: A decentralized security approach in Edge Computing based on Blockchain. Future Gener."
20,0,0,0,0,5,3,/SUEMDN+URWPalladioL-Ital,8.97,56.94,114.77,246.81,123.74,114.77,718.15,56.94,348.47,"Comput. Syst.2020, 113, 363–379. [CrossRef]"
20,0,0,0,0,18,3,/XNLBYX+URWPalladioL-Roma,8.97,35.72,103.26,614.05,112.23,103.26,729.66,35.72,-18.77,"23. Maurya, A.K.; Das, A.K.; Jamal, S.S.; Giri, D. Secure user authentication mechanism for IoT-enabled Wireless Sensor Networks"
20,0,0,0,0,12,3,/XNLBYX+URWPalladioL-Roma,8.97,57.23,91.76,374.36,100.72,91.76,741.17,57.23,220.91,"based on multiple Bloom ﬁlters. J. Syst. Archit. 2021, 120, 102296. [CrossRef]"
20,0,0,0,0,21,3,/XNLBYX+URWPalladioL-Roma,8.97,35.72,80.25,636.46,89.22,80.25,752.67,35.72,-41.19,"24. Shen, M.; Liu, H.; Zhu, L.; Xu, K.; Yu, H.; Du, X.; Guizani, M. Blockchain-assisted secure device authentication for cross-domain"
20,0,0,0,0,11,3,/XNLBYX+URWPalladioL-Roma,8.97,57.23,68.74,348.92,77.71,68.74,764.18,57.23,246.35,"industrial IoT. IEEE J. Sel. Areas Commun. 2020, 38, 942–954. [CrossRef]"
20,0,0,0,0,3,4,/XNLBYX+URWPalladioL-Roma,7.97,0.0,-7.97,35.87,0.0,-7.97,841.89,0.0,559.41,20 of 21
21,0,0,0,0,5,4,/SUEMDN+URWPalladioL-Ital,7.97,35.49,770.94,114.09,778.91,770.94,62.98,35.49,481.18,"Sensors 2022 , 22, 3956"
21,0,0,0,0,19,3,/XNLBYX+URWPalladioL-Roma,8.97,35.72,728.1,551.28,737.07,728.1,104.82,35.72,43.99,"25. Chow, M.C.; Ma, M. A lightweight traceable D2D authentication and key agreement scheme in 5G cellular networks. Comput."
21,0,0,0,0,5,3,/SUEMDN+URWPalladioL-Ital,8.97,56.95,716.59,228.39,725.56,716.59,116.33,56.95,366.89,"Electr. Eng.2021, 95, 107375. [CrossRef]"
21,0,0,0,0,16,3,/XNLBYX+URWPalladioL-Roma,8.97,35.72,705.09,546.8,714.05,705.09,127.84,35.72,48.48,"26. Sarier, N.D. Efﬁcient biometric-based identity management on the Blockchain for smart industrial applications. Pervasive Mob."
21,0,0,0,0,6,3,/SUEMDN+URWPalladioL-Ital,8.97,56.94,693.58,216.88,702.55,693.58,139.34,56.94,378.4,"Comput. 2021 , 71, 101322. [CrossRef]"
21,0,0,0,0,18,3,/XNLBYX+URWPalladioL-Roma,8.97,35.72,682.07,618.53,691.04,682.07,150.85,35.72,-23.26,"27. Hammi, M.T.; Hammi, B.; Bellot, P .; Serhrouchni, A. Bubbles of Trust: A decentralized blockchain-based authentication system"
21,0,0,0,0,8,3,/XNLBYX+URWPalladioL-Roma,8.97,57.23,670.57,278.49,679.53,670.57,162.36,57.23,316.78,"for IoT. Comput. Secur. 2018, 78, 126–142. [CrossRef]"
21,0,0,0,0,18,3,/XNLBYX+URWPalladioL-Roma,8.97,35.72,659.06,591.63,668.03,659.06,173.86,35.72,3.64,"28. Sánchez Sánchez, P .M.; Fernández Maimó, L.; Huertas Celdrán, A.; Martínez Pérez, G. AuthCODE: A privacy-preserving and"
21,0,0,0,0,17,3,/XNLBYX+URWPalladioL-Roma,8.97,57.23,636.05,571.12,656.52,636.05,185.37,57.23,24.15,"multi-device continuous authentication architecture based on machine and deep learning. Comput. Secur. 2021 , 103, 102168. [CrossRef]"
21,0,0,0,0,18,3,/XNLBYX+URWPalladioL-Roma,8.97,35.72,624.54,591.63,633.51,624.54,208.38,35.72,3.64,"29. Yang, W.; Wang, S.; Shahzad, M.; Zhou, W. A cancelable biometric authentication system based on feature-adaptive random"
21,0,0,0,0,9,3,/XNLBYX+URWPalladioL-Roma,8.97,56.96,613.03,299.04,622.0,613.03,219.89,56.96,296.23,"projection. J. Inf. Secur. Appl. 2021, 58, 102704. [CrossRef]"
21,0,0,0,0,18,3,/XNLBYX+URWPalladioL-Roma,8.97,35.72,601.53,587.15,610.49,601.53,231.4,35.72,8.13,"30. Al-Naji, F.H.; Zagrouba, R. CAB-IoT: Continuous authentication architecture based on Blockchain for internet of things. J. King"
21,0,0,0,0,7,3,/SUEMDN+URWPalladioL-Ital,8.97,56.98,590.02,284.47,598.99,590.02,242.9,56.98,310.8,"Saud Univ.-Comput. Inf. Sci.2020. 32, 1–18. [CrossRef]"
21,0,0,0,0,17,3,/XNLBYX+URWPalladioL-Roma,8.97,35.72,578.51,564.73,587.48,578.51,254.41,35.72,30.54,"31. Tahir, M.; Sardaraz, M.; Muhammad, S.; Saud Khan, M. A lightweight authentication and authorization framework for"
21,0,0,0,0,11,3,/XNLBYX+URWPalladioL-Roma,8.97,57.23,567.0,446.53,575.97,567.0,265.92,57.23,148.75,"blockchain-enabled IoT network in health-informatics. Sustainability 2020 , 12, 6960. [CrossRef]"
21,0,0,0,0,17,3,/XNLBYX+URWPalladioL-Roma,8.97,35.72,555.5,591.63,564.47,555.5,277.42,35.72,3.64,"32. Gong, L.; Alghazzawi, D.M.; Cheng, L. BCoT sentry: A blockchain-based identity authentication framework for IoT devices."
21,0,0,0,0,6,3,/SUEMDN+URWPalladioL-Ital,8.97,57.23,543.99,214.89,552.96,543.99,288.93,57.23,380.39,"Information 2021 , 12, 203. [CrossRef]"
21,0,0,0,0,21,3,/XNLBYX+URWPalladioL-Roma,8.97,35.72,532.48,587.15,541.45,532.48,300.44,35.72,8.13,"33. Feng, X.; Shi, Q.; Xie, Q.; Liu, L. An Efﬁcient Privacy-preserving Authentication Model based on blockchain for VANETs. J. Syst."
21,0,0,0,0,6,3,/SUEMDN+URWPalladioL-Ital,8.97,56.91,520.98,215.35,529.94,520.98,311.95,56.91,379.92,"Archit. 2021 , 117, 102158. [CrossRef]"
21,0,0,0,0,18,3,/XNLBYX+URWPalladioL-Roma,8.97,35.72,509.47,609.57,518.44,509.47,323.45,35.72,-14.29,"34. Gupta, B.; Quamara, M. An identity based access control and mutual authentication framework for distributed cloud computing"
21,0,0,0,0,14,3,/XNLBYX+URWPalladioL-Roma,8.97,57.24,497.96,461.83,506.93,497.96,334.96,57.24,133.45,"services in IoT environment using smart cards. Procedia Comput. Sci. 2018, 132, 189–197. [CrossRef]"
21,0,0,0,0,18,3,/XNLBYX+URWPalladioL-Roma,8.97,35.72,486.46,627.5,495.42,486.46,346.47,35.72,-32.22,"35. Chatterjee, S.; Roy, S.; Das, A.K.; Chattopadhyay, S.; Kumar, N.; Vasilakos, A.V . Secure biometric-based authentication scheme"
21,0,0,0,0,16,3,/XNLBYX+URWPalladioL-Roma,8.97,57.23,474.95,576.46,483.92,474.95,357.97,57.23,18.82,"using Chebyshev chaotic map for multi-server environment. IEEE Trans. Dependable Secur. Comput. 2016, 15, 824–839. [CrossRef]"
21,0,0,0,0,19,3,/XNLBYX+URWPalladioL-Roma,8.97,35.72,463.44,578.18,472.41,463.44,369.48,35.72,17.09,"36. Almadhoun, R.; Kadadha, M.; Alhemeiri, M.; Alshehhi, M.; Salah, K. A user authentication scheme of IoT devices using"
21,0,0,0,0,26,3,/XNLBYX+URWPalladioL-Roma,8.97,56.88,440.43,595.22,460.9,440.43,380.99,56.88,0.06,"blockchain-enabled fog nodes. In Proceedings of the 2018 IEEE/ACS 15th International Conference on Computer Systems and Applications (AICCSA), Aqaba, Jordan, 28 October–1 November 2018; pp. 1–8."
21,0,0,0,0,16,3,/XNLBYX+URWPalladioL-Roma,8.97,35.72,428.92,627.5,437.89,428.92,404.0,35.72,-32.22,"37. Lofﬁ, L.; Westphall, C.M.; Grüdtner, L.D.; Westphall, C.B. Mutual authentication with multi-factor in IoT-Fog-Cloud environment."
21,0,0,0,0,7,3,/SUEMDN+URWPalladioL-Ital,8.97,57.23,417.42,276.53,426.38,417.42,415.51,57.23,318.74,"J. Netw. Comput. Appl.2021, 176, 102932. [CrossRef]"
21,0,0,0,0,18,3,/XNLBYX+URWPalladioL-Roma,8.97,35.72,405.91,591.63,414.88,405.91,427.01,35.72,3.64,"38. Imine, Y.; Kouicem, D.E.; Bouabdallah, A.; Ahmed, L. MASFOG: An efﬁcient mutual authentication scheme for fog computing"
21,0,0,0,0,38,3,/XNLBYX+URWPalladioL-Roma,8.97,57.23,371.39,613.15,403.37,371.39,438.52,57.23,-17.87,"architecture. In Proceedings of the 2018 17th IEEE International Conference On Trust, Security And Privacy In Computing And Communications/12th IEEE International Conference On Big Data Science And Engineering (TrustCom/BigDataSE), New York, NY, USA, 1–3 August 2018; pp. 608–613."
21,0,0,0,0,20,3,/XNLBYX+URWPalladioL-Roma,8.97,35.72,359.88,618.53,368.85,359.88,473.04,35.72,-23.26,"39. Chen, S.; Yang, L.; Zhao, C.; Varadarajan, V .; Wang, K. Double-blockchain Assisted Secure and Anonymous Data Aggregation for"
21,0,0,0,0,9,3,/XNLBYX+URWPalladioL-Roma,8.97,57.23,348.37,331.57,357.34,348.37,484.55,57.23,263.7,"Fog-enabled Smart Grid. Engineering 2020 , 8, 159–169. [CrossRef]"
21,0,0,0,0,16,3,/XNLBYX+URWPalladioL-Roma,8.97,35.72,336.87,551.28,345.83,336.87,496.06,35.72,43.99,"40. Baniata, H.; Anaqreh, A.; Kertesz, A. PF-BTS: A Privacy-Aware Fog-enhanced Blockchain-assisted task scheduling. Inf. Process."
21,0,0,0,0,6,3,/SUEMDN+URWPalladioL-Ital,8.97,57.23,325.36,213.68,334.33,325.36,507.56,57.23,381.6,"Manag. 2021 , 58, 102393. [CrossRef]"
21,0,0,0,0,20,3,/XNLBYX+URWPalladioL-Roma,8.97,35.72,313.85,640.95,322.82,313.85,519.07,35.72,-45.67,"41. Shao, W.; Jia, C.; Xu, Y.; Qiu, K.; Gao, Y.; He, Y. AttriChain: Decentralized traceable anonymous identities in privacy-preserving"
21,0,0,0,0,8,3,/XNLBYX+URWPalladioL-Roma,8.97,56.96,302.35,346.9,311.31,302.35,530.58,56.96,248.38,"permissioned blockchain. Comput. Secur. 2020, 99, 102069. [CrossRef]"
21,0,0,0,0,20,3,/XNLBYX+URWPalladioL-Roma,8.97,35.72,290.84,640.95,299.81,290.84,542.08,35.72,-45.67,"42. Patil, A.S.; Hamza, R.; Hassan, A.; Jiang, N.; Yan, H.; Li, J. Efﬁcient privacy-preserving authentication protocol using PUFs with"
21,0,0,0,0,9,3,/XNLBYX+URWPalladioL-Roma,8.97,57.23,279.33,353.97,288.3,279.33,553.59,57.23,241.3,"blockchain smart contracts. Comput. Secur. 2020, 97, 101958. [CrossRef]"
21,0,0,0,0,8,3,/XNLBYX+URWPalladioL-Roma,8.97,35.72,267.83,582.67,276.79,267.83,565.1,35.72,12.61,43. Solidity. Remix-Ethereum IDE. 2022. Available online: https://remix.ethereum.org/#optimize=false&runs=200&evmVersion=
21,0,0,0,0,6,3,/XNLBYX+URWPalladioL-Roma,8.97,57.23,256.32,397.96,265.29,256.32,576.6,57.23,197.32,null&version=soljson-v0.8.7+commit.e28d00a7.js (accessed on 10 April 2022).
21,0,0,0,0,44,3,/XNLBYX+URWPalladioL-Roma,8.97,35.72,221.8,596.12,253.78,221.8,588.11,35.72,-0.84,44. Trufﬂe Suite. Ganache. 2022. Available online: https://trufﬂesuite.com/ganache/index.html (accessed on 1 November 2021). 45. Metemask. Metamask Wallet. 2022. Available online: https://metamask.io/ (accessed on 1 November 2021). 46. Cisco Packet Tracer 8.0.1: Download Free Labs and Tutorials for CCNA v7 Certiﬁcation Exam Preparation. Available online:
21,0,0,0,0,6,3,/XNLBYX+URWPalladioL-Roma,8.97,57.23,210.29,415.89,219.26,210.29,622.63,57.23,179.39,https://www.netacad.com/courses/packet-tracer (accessed on 16 Octoberber 2021).
21,0,0,0,0,19,3,/XNLBYX+URWPalladioL-Roma,8.97,35.72,198.78,658.88,207.75,198.78,634.14,35.72,-63.6,"47. Triantafyllou, A.; Sarigiannidis, P .; Lagkas, T.D. Network protocols, schemes, and mechanisms for internet of things (iot): Features,"
21,0,0,0,0,12,3,/XNLBYX+URWPalladioL-Roma,8.97,57.23,187.28,432.79,196.24,187.28,645.65,57.23,162.48,"open challenges, and trends. Wirel. Commun. Mob. Comput. 2018, 2018, 5349894. [CrossRef]"
21,0,0,0,0,18,3,/XNLBYX+URWPalladioL-Roma,8.97,35.72,175.77,591.63,184.74,175.77,657.15,35.72,3.64,"48. Gamundani, A.M.; Phillips, A.; Muyingi, H.N. An overview of potential authentication threats and attacks on Internet of"
21,0,0,0,0,50,3,/XNLBYX+URWPalladioL-Roma,8.97,56.94,141.25,603.9,173.23,141.25,668.66,56.94,-8.63,"Things (IoT): A focus on Smart home applications. In Proceedings of the 2018 IEEE International Conference on Internet of Things (iThings) and IEEE Green Computing and Communications (GreenCom) and IEEE Cyber, Physical and Social Computing (CPSCom) and IEEE Smart Data (SmartData), Halifax, NS, Canada, 30 July–3 August 2018; pp. 50–57."
21,0,0,0,0,19,3,/XNLBYX+URWPalladioL-Roma,8.97,35.72,129.74,609.57,138.71,129.74,703.18,35.72,-14.29,"49. Alzoubi, Y.I.; Al-Ahmad, A.; Kahtan, H. Blockchain technology as a Fog computing security and privacy solution: An overview."
21,0,0,0,0,6,3,/SUEMDN+URWPalladioL-Ital,8.97,56.94,118.24,264.75,127.2,118.24,714.69,56.94,330.53,"Comput. Commun. 2022, 182, 129–152. [CrossRef]"
21,0,0,0,0,41,3,/XNLBYX+URWPalladioL-Roma,8.97,35.72,95.22,547.46,115.7,95.22,726.19,35.72,47.81,"50. Guo, H.; Yu, X. A Survey on Blockchain Technology and its security. Blockchain Res. Appl. 2022, 182, 129–152. [CrossRef] 51. Rohit Bhagwat, A.K. A Research on Secure Shell (SSH) Protocol. Int. J. Adv. Res. Sci. Commun. Technol. 2020, 9, 56–60."
21,0,0,0,0,3,4,/XNLBYX+URWPalladioL-Roma,7.97,0.0,-7.97,35.87,0.0,-7.97,841.89,0.0,559.41,21 of 21
