page_number,is_bold,is_italic,is_underline,is_all_caps,word_count,norm_font_size,font,font_size,x0,y0,x1,y1,space_above,space_below,space_left,space_right,text
1,0,0,0,0,13,1,/DZKXTF+MinionPro-Regular,7.97,50.57,707.9,213.95,744.25,707.9,55.8,50.57,386.08,"Hindawi Security and Communication Networks Volume 2022, Article ID 8689651, 14 pages https://doi.org/10.1155/2022/8689651"
1,0,0,0,0,8,3,/NAHHLB+MinionStd-Black,1.0,50.97,625.97,79.47,626.97,625.97,173.08,50.97,520.57,A Summary of Security Techniques-Based Blockchain in IoV
1,0,0,0,0,5,3,/NAHHLB+MinionStd-Black,1.0,86.8,578.12,98.3,579.12,578.12,220.93,86.8,501.74,Chen Chen1 and Shi Quan
1,0,0,0,0,20,3,/MXVQRU+MinionPro-It,1.0,86.8,551.25,128.3,563.19,551.25,236.86,86.8,471.74,"1School of Information Science and Technology, Nantong University, Nantong, China 2School of Transportation and Civil Engineering, Nantong University, Nantong, China"
1,0,0,0,0,8,3,/XKLSHV+MinionPro-Regular2,1.0,86.8,528.34,117.3,529.34,528.34,270.71,86.8,482.74,Correspondence should be addressed to Shi Quan; sq@ntu.edu.cn
1,0,0,0,0,16,3,/MinionPro-Regular,1.0,86.8,508.38,136.3,509.38,508.38,290.67,86.8,463.74,Received 28 October 2021; Revised 16 January 2022; Accepted 9 February 2022; Published 8 March 2022
1,0,0,0,0,184,3,/XKLSHV+MinionPro-Regular2,1.0,86.8,348.0,158.46,490.44,348.0,309.61,86.8,441.58,"Academic Editor:  Haowen Tan Copyright ©2022 Chen Chen and Shi Quan. ,is is an open access article distributed under the Creative Commons Attribution License, which permits unrestricted use, distribution, and reproduction in any medium, provided the original work is properly cited. With the rapid development of the informatization and industrialization of the Internet of Vehicles (IoV), the number and application of connected vehicles are growing rapidly. ,e safety problem is related to the property and life of human beings, which has attracted extensive attention from academic and industrial circles. Based on the study of high-quality literature published in the past decade and other high-level research works, this paper ﬁrst analyzes the forms of attack against the Internet of Vehicles fromthe two aspects of attackmode and target. ,en, it summarizes theexisting blockchain-basedsystem framework of the Internet of Vehicles (BIoV) and then discusses the security solutions of blockchain-based vehicles from the aspects of authentication, privacy, trustmanagement, accesscontrol,and soon, tosupport the distributedsystem architecture and solve the security challenges of the Internet of Vehicles. Finally, the technical diﬃculties and the direction of further research of BIoV are summarized."
1,0,0,0,0,52,3,/XKLSHV+MinionPro-Regular2,1.0,50.97,9.6,80.47,273.09,9.6,526.96,50.97,519.57,"IoV has become the most promising and fastest-growing new network paradigm and has also brought many applications, such as emergency communication of traﬃc incidents, traﬃc congestion prediction, and new traﬃc service modes. So in IoV, the secure transmission of V2X [1] is crucial. Suppose a hacker invades a regular vehicle or in-"
1,0,0,0,0,81,3,/XKLSHV+MinionPro-Regular2,1.0,50.97,-1039.73,81.97,-103.44,-1039.73,903.49,50.97,518.07,"terferes with vehicle communications through eavesdropping, jamming, or spooﬁng attacks. In that case, there is a potentialforseriousaccidentsthatcandamagethevehicleor endanger the lives of passengers. ,erefore, the primary safety goal of the Internet of Vehicles is to disseminate critical event information (such as accident reports) in a timely, safe, and accurate manner to ensure safe driving [2]. Most models of IoV are on centralized patterns. But the main problem with centralized mechanisms is the single point of failure problem. Many researchers have proposed distributedmodelschemes,butduetothedynamicnatureof"
1,0,0,0,0,9,3,/XKLSHV+MinionPro-Regular2,1.0,308.98,-1141.25,337.98,-1140.25,-1141.25,1940.3,308.98,262.06,"in IoV cannot manipulate, alter, or delete critical event"
1,0,0,0,0,10,3,/XKLSHV+MinionPro-Regular2,1.0,50.97,-1153.77,80.97,-1152.77,-1153.77,1952.82,50.97,519.07,"IoV, it has other issues, such as distributed vital manage-"
1,0,0,0,0,9,3,/XKLSHV+MinionPro-Regular2,1.0,308.98,-1255.29,338.48,-1254.29,-1255.29,2054.34,308.98,261.56,messages in VANET. If critical event messages generated by
1,0,0,0,0,8,3,/XKLSHV+MinionPro-Regular2,1.0,50.97,-1267.81,81.47,-1266.81,-1267.81,2066.86,50.97,518.57,"ment, content distribution, message trust, and data privacy."
1,0,0,0,0,9,3,/XKLSHV+MinionPro-Regular2,1.0,308.98,-1369.33,340.98,-1368.33,-1369.33,2168.38,308.98,259.06,"vehicle entities are in a distributed database, all information"
1,0,0,0,0,78,3,/XKLSHV+MinionPro-Regular2,1.0,308.98,-2304.62,340.48,-1482.37,-2304.62,2282.42,308.98,259.56,"will be transparent and shared. ,e security technologybased blockchain can achieve this. Blockchain is a decentralized peer-to-peer network, and nodes do not need to trust each other. It includes data encryption, timestamps, distributed consensus, smart contracts, and other technologies. With the maturity of blockchain technology, it has been deeply integrated with various industries [3, 4], solving the technical bottlenecks unique to multiple industries. ,e integration of blockchain technology and IoV is also one of the current research hotspots."
1,0,0,0,0,64,3,/XKLSHV+MinionPro-Regular2,1.0,308.98,-2920.68,338.98,-2326.52,-2920.68,3126.57,308.98,261.06,"main characteristics of blockchain is decentralization. We can use this feature to realize the rapid authentication of safety information on the Internet of Vehicles and achieve the purpose of traceability management of traﬃc accidents. By improving the traceability and transparency of related vehicle information, we provide the event-speciﬁc basis for decision-making. Second, because the blockchain is a decentralized, peer-to-peer trust-based network, the data in"
2,0,0,0,0,35,2,/Times-Roman,5.76,584.28,778.29,1511.64,784.05,778.29,16.0,584.28,-911.6,"2037, 2022, 1, Downloaded from https://onlinelibrary.wiley.com/doi/10.1155/2022/8689651, Wiley Online Library on [17/06/2024]. See the Terms and Conditions (https://onlinelibrary.wiley.com/terms-and-conditions) on Wiley Online Library for rules of use; OA articles are governed by the applicable Creative Commons License"
2,0,0,0,0,39,3,/XKLSHV+MinionPro-Regular2,1.0,50.97,479.3,82.97,719.83,479.3,80.22,50.97,517.07,"the blockchain is reliable, accurate, consistent, timely, and widely accessible. It is resistant to malicious attacks and has no single point of failure [5]. In addition, blockchain can protect the security and privacy of vehicle nodes by using a"
2,0,0,0,0,220,3,/XKLSHV+MinionPro-Regular2,1.0,50.97,-935.11,81.97,366.26,-935.11,433.79,50.97,518.07,"hash function and encryption technology. All transactions Asearlyas2005,Chavezetal.[8]suggestedthathackersmay and transactions in the blockchain are timestamped and authenticated using private keys, which can prevent maliattack cars, and identity authentication and encryption cious or forged messages; anonymized vehicle identities or should keep cars safe. ,is section focuses on attack catedatacanprotectuserprivacy.,erefore,blockchainhasbeen gories and security requirements of the IoV. Firstly, attacks applied to the Internet of Vehicles as a security mechanism, of IoV can be classiﬁed into traditional security attacks and and related research has attracted increasing attention. For exclusive attacks, according to the target and mode. Conexample, 30 companies, including BMW, Ford, Renault, ventional security attacks include physical control attacks, General Motors and IBM, Bosch, and Blockchain, have network layer attacks, identity attacks, forged information joined MOBI’s Mobility Open Blockchain initiative [6]. ,e attacks, and application attacks. Exclusive attacks are mission of MOBI is to accelerate the application of blockcommon and seriouslyimpact the IoVbut do not exist orbe chain. Ali et al. [7] are working on a project blockchainuncommon and have little impact on the traditional network. ,e VeReMi [9] (an attack data set with tagged atbased system, including designing and implementing a complete vehicle tracking lifecycle, from manufacturing, tributes), for example, launches ﬁve types of positional customs, registration, on the road, and violations to buying attacks by forging GPS positions. and selling."
2,0,0,0,0,10,3,/XKLSHV+MinionPro-Regular2,1.0,65.88,-946.56,92.88,-945.56,-946.56,1745.61,65.88,507.16,",is paper classiﬁes attacks of IoV in terms of attack"
2,0,0,0,0,63,3,/XKLSHV+MinionPro-Regular2,1.0,50.97,-1210.61,81.97,-957.01,-1210.61,1757.06,50.97,518.07,"targetsandmethods.Ittheninvestigates securitytechnology 2.1. Physical Control Attacks. IVI (In-Vehicle Infotainment) is an intelligent multimedia device integrated with the car center console, with radio, GPS navigation, entertainment, that combines IoV and blockchain, which are also the focus voice assistant, Bluetooth, WiFi, and other functions. Beof this paper. Firstly, the network model system to BIoV is cause of its ancillary functions and high integration, it has"
2,0,0,0,0,12,3,/XKLSHV+MinionPro-Regular2,1.0,308.98,-1230.37,337.98,-1229.37,-1230.37,2029.42,308.98,262.06,access any ﬁle in the IVI system to steal private data or
2,0,0,0,0,18,3,/XKLSHV+MinionPro-Regular2,1.0,50.97,-1324.66,80.97,-1299.14,-1324.66,2099.19,50.97,519.07,"studied. ,en, it discusses the security technology of BIoV, become an essential target for attackers. ,rough IVI, the"
2,0,0,0,0,9,3,/XKLSHV+MinionPro-Regular2,1.0,308.98,-1344.41,339.98,-1343.41,-1344.41,2143.46,308.98,260.06,"critical information. ,ey start or stop the vehicle’s regular"
2,0,0,0,0,17,3,/XKLSHV+MinionPro-Regular2,1.0,50.97,-1438.7,80.47,-1413.18,-1438.7,2213.23,50.97,519.57,proposes the security analysis methods and evaluation paattacker tries to open the system engineering mode and use
2,0,0,0,0,9,3,/XKLSHV+MinionPro-Regular2,1.0,308.98,-1458.46,337.98,-1457.46,-1458.46,2257.51,308.98,262.06,service [10] by tampering with the system conﬁguration to
2,0,0,0,0,17,3,/XKLSHV+MinionPro-Regular2,1.0,50.97,-1552.74,78.97,-1527.22,-1552.74,2327.27,50.97,521.07,"rameters, and compares the currently popular methods. ADB (Android Debug Bridge) or USB to connect. After the"
2,0,0,0,0,11,3,/XKLSHV+MinionPro-Regular2,1.0,308.98,-1572.5,341.48,-1571.5,-1572.5,2371.55,308.98,258.56,bypass vehicle safety restrictions. It is a severe threat to the
2,0,0,0,0,17,3,/XKLSHV+MinionPro-Regular2,1.0,50.97,-1666.78,80.47,-1641.26,-1666.78,2441.31,50.97,519.57,"Finally, the future challenges and research directions of connection is successful, obtain the system login name and"
2,0,0,0,0,6,3,/XKLSHV+MinionPro-Regular2,1.0,308.98,-1686.54,330.48,-1685.54,-1686.54,2485.59,308.98,269.56,safety of vehicle function and information.
2,0,0,0,0,12,3,/MXVQRU+MinionPro-It,1.0,308.98,-1716.36,327.98,-1715.36,-1716.36,2515.41,308.98,272.06,"2.2. Network Attacks. ,e IoV is built on top of the tradi-"
2,0,0,0,0,9,3,/XKLSHV+MinionPro-Regular2,1.0,308.98,-1739.25,339.48,-1726.81,-1739.25,2526.86,308.98,260.56,"tionalnetwork.Forexample,thenetworkofIoValsohasthe functions of routing and forwarding, logical addressing, and"
2,0,0,0,0,7,3,/XKLSHV+MinionPro-Regular2,1.0,50.97,-1780.83,78.47,-1755.3,-1780.83,2555.35,50.97,521.57,"security technology are summarized. passwordbybruteforce.Aftertheloginsucceeds, theytry to"
2,0,0,0,0,8,3,/XKLSHV+MinionPro-Regular2,1.0,308.98,-1853.29,337.98,-1852.29,-1853.29,2652.34,308.98,262.06,"congestion control. ,erefore, IoV faces the same security"
2,0,0,0,0,10,3,/XKLSHV+MinionPro-Regular2,1.0,50.97,-1894.87,81.47,-1893.87,-1894.87,2693.92,50.97,518.57,"raise the rights. If the operation succeeds, an attacker can"
2,0,0,0,0,41,3,/XKLSHV+MinionPro-Regular2,1.0,308.98,-2332.42,339.98,-1966.34,-2332.42,2766.39,308.98,260.06,"problems as traditional networks, such as DOS (Denial of Service)/DDOS (Distributed Denial of Service) [11], BlackHole Attacks, Replay Attacks, and Grey Hole Attacks. In addition, automobiles are also under wireless threats [12] by using cellular networks (4G/5G), WiFi, Bluetooth, and LTE-V2X."
2,0,0,0,0,9,3,/XKLSHV+MinionPro-Regular2,1.0,323.94,-2343.86,351.44,-2342.86,-2343.86,3142.91,323.94,248.6,"In a cellular network, an attacker establishes a pseu-"
2,0,0,0,0,30,3,/XKLSHV+MinionPro-Regular2,1.0,308.98,-2697.44,336.98,-2354.31,-2697.44,3154.36,308.98,263.06,"dobase station, hijacks and monitors t-box session and communication data through conventional methods such as DNS hijacking, and obtains sensitive data (such as user sensitive information and vehicle status information)."
2,0,0,0,0,8,3,/MXVQRU+MinionPro-It,1.0,308.98,-2727.26,321.98,-2726.26,-2727.26,3526.31,308.98,278.06,2.2.1. WiFi Communication. By cracking the WiFi au-
2,0,0,0,0,34,3,/XKLSHV+MinionPro-Regular2,1.0,308.98,-3092.28,338.98,-2737.7,-3092.28,3537.75,308.98,261.06,"thentication password, the attacker can connect to the InVehicle Networking and obtain the sensitive and private data of the vehicle without authorization. Hackers can also exploit known vulnerabilities in operatingsystems to launch inﬁltration attacks."
2,0,0,0,0,4,3,/MXVQRU+MinionPro-It,1.0,308.98,-3122.03,324.48,-3121.03,-3122.03,3921.08,308.98,275.56,2.2.2. Bluetooth Communication. Attackerscanhijacktraﬃc
2,0,0,0,0,23,3,/XKLSHV+MinionPro-Regular2,1.0,308.98,-3487.11,338.48,-3132.54,-3487.11,3932.59,308.98,261.56,"between Bluetooth keys and vehicles and tamper with and replay malicious traﬃc. Not only does it result in vehicle theft,butalsoitthreatensthefunctionalsafetyofthevehicle. Ingeneral,cellularnetworksarethemoresecureofthethree wireless technologies."
2,0,0,0,0,10,3,/MXVQRU+MinionPro-It,1.0,308.98,-3516.87,328.48,-3515.87,-3516.87,4315.92,308.98,271.56,"2.3. Identity Attacks. ,ere are two main attack entities for"
2,0,0,0,0,66,3,/XKLSHV+MinionPro-Regular2,1.0,308.98,-4235.53,339.48,-3527.32,-4235.53,4327.37,308.98,260.56,"identity attacks: vehicles and roadside unit (RSU). In IoV, malicious nodes are often disguised as RSU and attempt to trick users into obtaining their authentication information. ,e attackers then use their identity to access conﬁdential information, even as an authentication against others. In addition, they can also impersonate the identity of other vehicles. For example, an attacker might mimic an emergencyvehicle,whichwouldgivethemahigherpriorityinthe network and thus reduce congestion."
2,0,0,0,0,9,3,/MXVQRU+MinionPro-It,1.0,308.98,-4265.34,323.98,-4264.34,-4265.34,5064.39,308.98,276.06,"2.4. Fake Information Attacks. ,e spread of false infor-"
2,0,0,0,0,12,3,/XKLSHV+MinionPro-Regular2,1.0,308.98,-4276.79,339.98,-4275.79,-4276.79,5075.84,308.98,260.06,"mation [13] also exists in IoV, and it will cause more severe"
2,0,0,0,0,40,3,/XKLSHV+MinionPro-Regular2,1.0,50.97,-4290.09,2321.25,-4278.09,-4290.09,5078.14,50.97,-1721.21,"2 Security and Communication Networks  2037, 2022, 1, Downloaded from https://onlinelibrary.wiley.com/doi/10.1155/2022/8689651, Wiley Online Library on [17/06/2024]. See the Terms and Conditions (https://onlinelibrary.wiley.com/terms-and-conditions) on Wiley Online Library for rules of use; OA articles are governed by the applicable Creative Commons License"
2,0,0,0,0,49,3,/XKLSHV+MinionPro-Regular2,1.0,308.98,-4972.49,339.98,-4287.24,-4972.49,5087.29,308.98,260.06,"harm. Like Sybil Attacks by Douceur [14], attackers can spread incorrect information about road congestion, effectively forcing other vehicles to divert. ,ey can also lead to traﬃc jams or sending accident alerts. Because of its low computing cost, falsifying information becomes one of the commonattacks.AndthedistributedfeatureofIoVwilllead to more severe harm."
3,0,0,0,0,35,2,/Times-Roman,5.76,584.28,778.29,1511.64,784.05,778.29,16.0,584.28,-911.6,"2037, 2022, 1, Downloaded from https://onlinelibrary.wiley.com/doi/10.1155/2022/8689651, Wiley Online Library on [17/06/2024]. See the Terms and Conditions (https://onlinelibrary.wiley.com/terms-and-conditions) on Wiley Online Library for rules of use; OA articles are governed by the applicable Creative Commons License"
3,0,0,0,0,9,3,/MXVQRU+MinionPro-It,1.0,50.97,718.83,68.97,719.83,718.83,80.22,50.97,531.07,2.5. Application Attacks. Applications related to IoV can be
3,0,0,0,0,51,3,/XKLSHV+MinionPro-Regular2,1.0,50.97,330.86,81.97,708.38,330.86,91.67,50.97,518.07,"classiﬁed by function into vehicle control, query, and services (which provide the procedures required by safe and unsafe applications). ,e most common examples are malware and spyware. A malicious node inserts malware into a legitimate, intelligent connected vehicle application. Usersareinstallingmalwareatthesametimetheydownload and install the software. ,e purpose of malware is to collect"
3,0,0,0,0,5,3,/NAHHLB+MinionStd-Black,1.0,50.97,259.56,70.47,260.56,259.56,539.49,50.97,529.57,3.The System Model of Blockchain-Based
3,0,0,0,0,104,3,/XKLSHV+MinionPro-Regular2,1.0,50.97,-367.0,81.97,227.17,-367.0,572.88,50.97,518.07,"Most scenarios in IoV are real-time and mobile, generating vehicle terminal location information, authentication inand exchanging large amounts of data [17]. In particular, formation, personal privacy [15] information, and other many of the classic technology centralized security techpieces of information. Due to the highly dynamic nature of nologies are unlikely to be suitable for scenarios. ,erefore, the IoV, the onboard software system changes and updates blockchain can provide a large number of innovative sofrequently, so the vehicle must ensure the reliability of the lutionsformostapplicationscenarios.So,ontheotherhand, sourceoftheupdatesandinformationitreceives.Otherwise, integrating blockchain into the Internet of Vehicles not only improves the security, privacy, and trust of the Internet of"
3,0,0,0,0,6,3,/XKLSHV+MinionPro-Regular2,1.0,308.98,-409.65,333.48,-408.65,-409.65,1208.7,308.98,266.56,"communication nodes (RCNs), and blockchain cloud"
3,0,0,0,0,8,3,/XKLSHV+MinionPro-Regular2,1.0,50.97,-481.04,76.47,-466.44,-481.04,1266.49,50.97,523.57,severe failure can occur in some cases. Vehiclesbutalsoenhancestheperformanceandautomation
3,0,0,0,0,9,3,/MXVQRU+MinionPro-It,1.0,50.97,-499.07,68.47,-498.07,-499.07,1298.12,50.97,531.57,"2.6. Exclusive Attack. Most applications in IoV, such as"
3,0,0,0,0,49,3,/XKLSHV+MinionPro-Regular2,1.0,50.97,-595.08,337.98,-509.52,-595.08,1309.57,50.97,262.06,"traﬃc information, weather conditions, and navigation, rely on location information. Incorrect or misleading location  platform. VCNs are mobile nodes installed on the vehicle, information can lead to accidents, ﬁnancial losses, and even life-threatening situations. ,e identity of a competent, of the system. To sum up, to accommodate ﬂexibility and"
3,0,0,0,0,7,3,/XKLSHV+MinionPro-Regular2,1.0,308.98,-637.73,336.98,-636.73,-637.73,1436.78,308.98,263.06,responsible for communication with other vehicles. How-
3,0,0,0,0,19,3,/XKLSHV+MinionPro-Regular2,1.0,50.97,-709.12,79.97,-657.96,-709.12,1458.01,50.97,520.07,"connected vehicle is legal, but an attacker can launch an handle large amounts of data, we should combine block-"
3,0,0,0,0,9,3,/XKLSHV+MinionPro-Regular2,1.0,308.98,-751.77,338.48,-750.77,-751.77,1550.82,308.98,261.56,"ever, the calculation and storage capabilities of VCNs are"
3,0,0,0,0,20,3,/XKLSHV+MinionPro-Regular2,1.0,50.97,-823.17,82.47,-772.0,-823.17,1572.05,50.97,517.57,"attack by forging the location, which is rare in a traditional chain technology with the Internet of Vehicles. ,is section"
3,0,0,0,0,16,3,/XKLSHV+MinionPro-Regular2,1.0,50.97,-937.21,81.47,-886.05,-937.21,1686.1,50.97,518.57,network. Literature [16] describes detailed types of VeReMi: will focus on the system model of BIoV.
3,0,0,0,0,8,3,/XKLSHV+MinionPro-Regular2,1.0,65.88,-948.65,91.38,-947.65,-948.65,1747.7,65.88,508.66,According to the communication entities in the IoV
3,0,0,0,0,11,3,/XKLSHV+MinionPro-Regular2,1.0,50.97,-960.1,82.47,-959.1,-960.1,1759.15,50.97,517.57,"system, Hu et al. [18] divided IoV into three levels: vehicle-"
3,0,0,0,0,13,3,/XKLSHV+MinionPro-Regular2,1.0,308.98,-991.37,338.48,-978.86,-991.37,1778.91,308.98,261.56,"base station, responsible for promptly sharing information with othernodesin the network,but havestrong computing"
3,0,0,0,0,33,3,/XKLSHV+MinionPro-Regular2,1.0,50.97,-1116.85,338.48,-1000.09,-1116.85,1800.14,50.97,261.56,"constant attacker, constant oﬀset, random attack, random  and storage capabilities. ,erefore, RCNs are the consensus mounted communication nodes (VCNs), roadside oﬀset, and eventual stop.  formation nodes of the Internet of Vehicles. ,e blockchain"
3,0,0,0,0,8,3,/XKLSHV+MinionPro-Regular2,1.0,65.88,-1126.58,90.38,-1125.58,-1126.58,1925.63,65.88,509.66,"Of course, the blockchain also has many security"
3,0,0,0,0,12,3,/XKLSHV+MinionPro-Regular2,1.0,50.97,-1138.02,81.47,-1137.02,-1138.02,1937.07,50.97,518.57,"problems, such as a 51% attack. In [2], the paper proposes a"
3,0,0,0,0,11,3,/XKLSHV+MinionPro-Regular2,1.0,308.98,-1230.9,340.98,-1229.9,-1230.9,2029.95,308.98,259.06,cloud platform will store all data on the Internet of Vehicles.
3,0,0,0,0,10,3,/XKLSHV+MinionPro-Regular2,1.0,308.98,-1344.94,337.98,-1343.94,-1344.94,2143.99,308.98,262.06,Ma et al. introduced cloud computing in [19] and proposed
3,0,0,0,0,24,3,/XKLSHV+MinionPro-Regular2,1.0,50.97,-1389.06,80.47,-1365.11,-1389.06,2165.16,50.97,519.57,"of the blockchain, by controlling the number of vehicles, malicious vehicles, and message transmission, several control parameters such as time and puzzle calculation time"
3,0,0,0,0,7,3,/XKLSHV+MinionPro-Regular2,1.0,308.98,-1458.98,337.48,-1457.98,-1458.98,2258.03,308.98,262.56,"security, privacy protection, and decentralized car net-"
3,0,0,0,0,7,3,/XKLSHV+MinionPro-Regular2,1.0,50.97,-1503.1,70.97,-1502.1,-1503.1,2302.15,50.97,529.07,make the attack success rate reach 51%.
3,0,0,0,0,7,3,/XKLSHV+MinionPro-Regular2,1.0,65.88,-1514.55,93.38,-1513.55,-1514.55,2313.6,65.88,506.66,Unlike the traditional network’s deep and hierarchical
3,0,0,0,0,9,3,/XKLSHV+MinionPro-Regular2,1.0,50.97,-1526.0,77.97,-1525.0,-1526.0,2325.05,50.97,522.07,"defense system, it urgently needs us to introduce new"
3,0,0,0,0,7,3,/XKLSHV+MinionPro-Regular2,1.0,308.98,-1573.02,337.98,-1572.02,-1573.02,2372.07,308.98,262.06,"working architecture. ,e architecture uses blockchain and"
3,0,0,0,0,8,3,/XKLSHV+MinionPro-Regular2,1.0,308.98,-1687.07,338.98,-1686.07,-1687.07,2486.12,308.98,261.06,"delegated PoS and consists of vehicles, sensors, actuators,"
3,0,0,0,0,7,3,/XKLSHV+MinionPro-Regular2,1.0,50.97,-1754.08,80.47,-1753.08,-1754.08,2553.13,50.97,519.57,particular requirements of decentralized and high mobility
3,0,0,0,0,9,3,/XKLSHV+MinionPro-Regular2,1.0,308.98,-1801.11,334.48,-1800.11,-1801.11,2600.16,308.98,265.56,"RSU, and cloud computing nodes. RSU is the central"
3,0,0,0,0,6,3,/XKLSHV+MinionPro-Regular2,1.0,50.97,-1868.12,72.47,-1867.12,-1868.12,2667.17,50.97,527.57,"of computing, storage, and other resources."
3,0,0,0,0,65,3,/XKLSHV+MinionPro-Regular2,1.0,308.98,-2622.36,338.48,-1914.15,-2622.36,2714.2,308.98,261.56,"blockchain storage node in this architecture. ,e cloud computing node is responsible for backing up and storing data such as the blockchain. ,e architecture contains two diﬀerent subchains, namely, InterChain and IntraChain, which provide users with ﬂexibility in access control. InterChain is responsible for sharing information between vehicles, roadside equipment, and other infrastructures. IntraChain maintains the communication between sensors, drivers, and personnel in the vehicle."
3,0,0,0,0,10,3,/XKLSHV+MinionPro-Regular2,1.0,323.94,-2633.8,351.94,-2632.8,-2633.8,3432.85,323.94,248.1,"In [18, 19], roadside units (RSU/RCN) serve as nodes of"
3,0,0,0,0,151,3,/XKLSHV+MinionPro-Regular2,1.0,308.98,-4515.83,339.48,-2644.25,-4515.83,3444.3,308.98,260.56,"the blockchain, but there is no mention of how to plan the deployment of roadside units. ,erefore, such solutions require mathematical modeling of roadside units and the scale of roads and blockchains in natural environments. ,erefore, Gao et al. [20]combined fog computing and SDN and proposed new system architecture. ,e fog computing platform comprises roadside units, vehicles, base stations, and other infrastructures. ,e SDN controller implements resource allocation, mobility management, and rule generation.SDNplanedataconsistsofthevehicle,BS,andRSU, whose primary duty is to collect and forward the data to the quantizationcontrolplane.,econtrolplaneiscomposedof an SDNcontroller,RSU,andblockchain anddeterminesthe ﬂow rules of the network. ,e nodes in the blockchain are composedofanauthenticationserver,anaccesscontroller,a data management server, and a policy management server. ,eir functions are registration authentication, access control, data, and security policy management. ,is model gives a new solution. RSU no longer holds the nodes of the blockchain. However, the coordination and management between node servers is still a problem to be solved."
3,0,0,0,0,8,3,/XKLSHV+MinionPro-Regular2,1.0,323.94,-4527.28,349.94,-4526.28,-4527.28,5326.33,323.94,250.1,"Lin et al. [21]combined blockchain, DRL (deep rein-"
3,0,0,0,0,39,3,/XKLSHV+MinionPro-Regular2,1.0,308.98,-4892.36,338.98,-4537.73,-4892.36,5337.78,308.98,261.06,"forcement learning), and spatial crowdsourcing technology and proposed a spatial crowdsourcing system (DB-SCS) based on deep reinforcement learning and blockchain. ,e DB-SCS system consists of three layers: the spatial crowdsourcing layer, the blockchain layer, and the DRL layer. In"
3,0,0,0,0,40,3,/XKLSHV+MinionPro-Regular2,1.0,50.97,-4905.65,2476.3,-4893.65,-4905.65,5693.7,50.97,-1876.27,"Security and Communication Networks 3  2037, 2022, 1, Downloaded from https://onlinelibrary.wiley.com/doi/10.1155/2022/8689651, Wiley Online Library on [17/06/2024]. See the Terms and Conditions (https://onlinelibrary.wiley.com/terms-and-conditions) on Wiley Online Library for rules of use; OA articles are governed by the applicable Creative Commons License"
3,0,0,0,0,48,3,/XKLSHV+MinionPro-Regular2,1.0,308.98,-5588.06,338.48,-4902.81,-5588.06,5702.86,308.98,261.56,"the spatial crowdsourcing layer, hierarchical task management and people management modules divide tasks and people into diﬀerent security levels and manage them differently in task release andassignment. ,eblockchain layer usestheblockchainasadistributedserver.Buildingaprivate blockchain based on Hyperledger Fabric [22, 23] by storing crowdsourcing tasks in the form of transactions on the"
4,0,0,0,0,35,2,/Times-Roman,5.76,584.28,778.29,1511.64,784.05,778.29,16.0,584.28,-911.6,"2037, 2022, 1, Downloaded from https://onlinelibrary.wiley.com/doi/10.1155/2022/8689651, Wiley Online Library on [17/06/2024]. See the Terms and Conditions (https://onlinelibrary.wiley.com/terms-and-conditions) on Wiley Online Library for rules of use; OA articles are governed by the applicable Creative Commons License"
4,0,0,0,0,31,3,/XKLSHV+MinionPro-Regular2,1.0,50.97,479.3,80.97,719.83,479.3,80.22,50.97,519.07,"blockchain overcomes the single point of failure problem of traditional crowdsourcing. Using the subchain mechanism and decentralized server module, it is responsible for constructing diﬀerent subblockchains for tasks of varying se-"
4,0,0,0,0,4,3,/NAHHLB+MinionStd-Black,1.0,308.98,448.97,323.48,449.97,448.97,350.08,308.98,276.56,4.Security Technology of BIoV
4,0,0,0,0,8,3,/XKLSHV+MinionPro-Regular2,1.0,308.98,429.02,337.98,430.02,429.02,370.03,308.98,262.06,",is section will focus on blockchain-based security tech-"
4,0,0,0,0,9,3,/XKLSHV+MinionPro-Regular2,1.0,50.97,365.26,78.47,366.26,365.26,433.79,50.97,521.57,"curity levels, as a decentralized server to manage the"
4,0,0,0,0,7,3,/XKLSHV+MinionPro-Regular2,1.0,308.98,314.97,338.98,315.97,314.97,484.08,308.98,261.06,nologies forthe Internetof Vehicles. Bykeyword retrieval of
4,0,0,0,0,16,3,/XKLSHV+MinionPro-Regular2,1.0,50.97,228.26,80.97,252.21,228.26,547.84,50.97,519.07,"functionsandstaﬀonthesubblockchain.,efusionofDRL, deep learning and reinforcement learning, and the consensus algorithm of dynamic selection of blockchain realize"
4,0,0,0,0,8,3,/XKLSHV+MinionPro-Regular2,1.0,308.98,200.93,339.98,201.93,200.93,598.12,308.98,260.06,"Internet of Vehicles, blockchain, security technology, and so"
4,0,0,0,0,6,3,/XKLSHV+MinionPro-Regular2,1.0,50.97,114.22,76.47,115.22,114.22,684.83,50.97,523.57,spatial task allocation and blockchain performance
4,0,0,0,0,8,3,/XKLSHV+MinionPro-Regular2,1.0,308.98,86.89,337.48,87.89,86.89,712.16,308.98,262.56,"on, we searched relevant literature since 2010, manually"
4,0,0,0,0,8,3,/XKLSHV+MinionPro-Regular2,1.0,65.88,-11.27,92.38,-10.27,-11.27,810.32,65.88,507.66,While the researchers are researching the BIoV model
4,0,0,0,0,10,3,/XKLSHV+MinionPro-Regular2,1.0,50.97,-22.72,79.47,-21.72,-22.72,821.77,50.97,520.57,"with the entity as the center, some researchers are also"
4,0,0,0,0,9,3,/XKLSHV+MinionPro-Regular2,1.0,308.98,-27.15,336.98,-26.15,-27.15,826.2,308.98,263.06,"screened the title and abstract of the paper, conducted"
4,0,0,0,0,11,3,/XKLSHV+MinionPro-Regular2,1.0,50.97,-136.76,80.47,-135.76,-136.76,935.81,50.97,519.57,studying with the data. Gao et al. [20] and others divided
4,0,0,0,0,8,3,/XKLSHV+MinionPro-Regular2,1.0,308.98,-141.19,336.98,-140.19,-141.19,940.24,308.98,263.06,corresponding screening according to the quality of the
4,0,0,0,0,8,3,/XKLSHV+MinionPro-Regular2,1.0,50.97,-250.8,79.47,-249.8,-250.8,1049.85,50.97,520.57,"BIoV from bottom to top: perception layer, communication"
4,0,0,0,0,9,3,/XKLSHV+MinionPro-Regular2,1.0,308.98,-255.24,337.98,-254.24,-255.24,1054.29,308.98,262.06,"article, and sorted out and analyzed as many high-quality"
4,0,0,0,0,8,3,/XKLSHV+MinionPro-Regular2,1.0,50.97,-364.84,80.97,-363.84,-364.84,1163.89,50.97,519.07,"layer, blockchain middle layer, computing layer, and appli-"
4,0,0,0,0,10,3,/XKLSHV+MinionPro-Regular2,1.0,308.98,-369.28,340.48,-368.28,-369.28,1168.33,308.98,259.56,"papers as possible. In Figure 1, the security technologies are"
4,0,0,0,0,7,3,/XKLSHV+MinionPro-Regular2,1.0,50.97,-478.89,79.47,-477.89,-478.89,1277.94,50.97,520.57,"cation service layer. ,e framework integrates blockchain"
4,0,0,0,0,10,3,/XKLSHV+MinionPro-Regular2,1.0,308.98,-483.32,337.98,-482.32,-483.32,1282.37,308.98,262.06,classiﬁed based on the research of the papers we reviewed
4,0,0,0,0,8,3,/XKLSHV+MinionPro-Regular2,1.0,50.97,-592.93,78.97,-591.93,-592.93,1391.98,50.97,521.07,"technology from the third layer. ,e communication layer"
4,0,0,0,0,8,3,/XKLSHV+MinionPro-Regular2,1.0,308.98,-597.36,337.48,-596.36,-597.36,1396.41,308.98,262.56,and concerning the existing Internet of Vehicles defense
4,0,0,0,0,6,3,/XKLSHV+MinionPro-Regular2,1.0,50.97,-604.44,79.97,-603.44,-604.44,1403.49,50.97,520.07,realizes information interaction between vehicles through
4,0,0,0,0,10,3,/XKLSHV+MinionPro-Regular2,1.0,50.97,-615.88,76.97,-614.88,-615.88,1414.93,50.97,523.07,"Bluetooth, VANET, and so on and uploads data to the"
4,0,0,0,0,7,3,/MXVQRU+MinionPro-It,1.0,308.98,-639.88,324.48,-638.88,-639.88,1438.93,308.98,275.56,4.1. Identity Authentication. Anonymous authentication is a
4,0,0,0,0,19,3,/XKLSHV+MinionPro-Regular2,1.0,308.98,-662.78,339.48,-650.33,-662.78,1450.38,308.98,260.56,commonly used technology to protect vehicle identity and privacy in IoV [27]. Vijayakumar et al. [28] proposed a two-
4,0,0,0,0,8,3,/XKLSHV+MinionPro-Regular2,1.0,50.97,-729.92,81.47,-728.92,-729.92,1528.97,50.97,518.57,"blockchain middle layer through cellular networks, wide area"
4,0,0,0,0,7,3,/XKLSHV+MinionPro-Regular2,1.0,308.98,-776.82,336.48,-775.82,-776.82,1575.87,308.98,263.56,factor authentication and key management mechanism for
4,0,0,0,0,9,3,/XKLSHV+MinionPro-Regular2,1.0,50.97,-843.97,79.47,-842.97,-843.97,1643.02,50.97,520.57,"networks, and other network services [24]. In the commu-"
4,0,0,0,0,8,3,/XKLSHV+MinionPro-Regular2,1.0,308.98,-890.86,337.48,-889.86,-890.86,1689.91,308.98,262.56,"secure data transmission in virtual networks, which pro-"
4,0,0,0,0,7,3,/XKLSHV+MinionPro-Regular2,1.0,50.97,-958.01,80.97,-957.01,-958.01,1757.06,50.97,519.07,"nication layer, authentication services based on blockchain"
4,0,0,0,0,12,3,/XKLSHV+MinionPro-Regular2,1.0,308.98,-1004.9,340.48,-1003.9,-1004.9,1803.95,308.98,259.56,vided a high level of security for the vehicle side of virtual
4,0,0,0,0,9,3,/XKLSHV+MinionPro-Regular2,1.0,50.97,-1072.05,81.47,-1071.05,-1072.05,1871.1,50.97,518.57,ensure the reliability of communication objects. At the same
4,0,0,0,0,9,3,/XKLSHV+MinionPro-Regular2,1.0,308.98,-1118.95,337.98,-1117.95,-1118.95,1918.0,308.98,262.06,networks. Azeez et al. [29] designed an eﬃcient anonymous
4,0,0,0,0,8,3,/XKLSHV+MinionPro-Regular2,1.0,50.97,-1186.09,80.97,-1185.09,-1186.09,1985.14,50.97,519.07,"time, hashing and other digital signature veriﬁcation tech-"
4,0,0,0,0,6,3,/XKLSHV+MinionPro-Regular2,1.0,308.98,-1232.99,336.48,-1231.99,-1232.99,2032.04,308.98,263.56,authentication mechanism with conditional privacy pro-
4,0,0,0,0,8,3,/XKLSHV+MinionPro-Regular2,1.0,50.97,-1300.14,80.47,-1299.14,-1300.14,2099.19,50.97,519.57,"nologies safeguard the integrity of information. ,e middle"
4,0,0,0,0,9,3,/XKLSHV+MinionPro-Regular2,1.0,308.98,-1347.03,338.98,-1346.03,-1347.03,2146.08,308.98,261.06,tection for virtual networks to reduce the storage overhead
4,0,0,0,0,8,3,/XKLSHV+MinionPro-Regular2,1.0,50.97,-1414.18,81.47,-1413.18,-1414.18,2213.23,50.97,518.57,layer of the blockchain provides essential blockchain appli-
4,0,0,0,0,9,3,/XKLSHV+MinionPro-Regular2,1.0,308.98,-1461.07,339.98,-1460.07,-1461.07,2260.12,308.98,260.06,of vehicles and anonymous roadside certiﬁcates. Karati et al.
4,0,0,0,0,10,3,/XKLSHV+MinionPro-Regular2,1.0,50.97,-1528.22,79.97,-1527.22,-1528.22,2327.27,50.97,520.07,"cation services. ,ey deploy in the computing layer of the"
4,0,0,0,0,22,3,/XKLSHV+MinionPro-Regular2,1.0,308.98,-1598.07,337.98,-1574.12,-1598.07,2374.17,308.98,262.06,"[30] introduced a new identity-based signature encryption mechanism suitable for low-bandwidth communication. In [31], Zhang et al. proposed an eﬀectively distributed ag-"
4,0,0,0,0,49,3,/XKLSHV+MinionPro-Regular2,1.0,50.96,-1642.26,2321.24,-1610.81,-1642.26,2410.86,50.96,-1721.21,"4 Security and Communication Networks  2037, 2022, 1, Downloaded from https://onlinelibrary.wiley.com/doi/10.1155/2022/8689651, Wiley Online Library on [17/06/2024]. See the Terms and Conditions (https://onlinelibrary.wiley.com/terms-and-conditions) on Wiley Online Library for rules of use; OA articles are governed by the applicable Creative Commons License blockchain’s all-node mining machine. It uses the public key"
4,0,0,0,0,27,3,/XKLSHV+MinionPro-Regular2,1.0,50.97,-1779.26,81.47,-1755.3,-1779.26,2555.35,50.97,518.57,"address as a credential to encrypt and store information to ensure the conﬁdentiality of data. ,e application layer uses smart contracts to force applications and underlying drivers"
4,0,0,0,0,8,3,/XKLSHV+MinionPro-Regular2,1.0,308.98,-1826.15,338.98,-1825.15,-1826.15,2625.2,308.98,261.06,et al. [32] proposed an eﬀective password-based conditional
4,0,0,0,0,8,3,/XKLSHV+MinionPro-Regular2,1.0,50.97,-1893.3,77.97,-1892.3,-1893.3,2692.35,50.97,522.07,"to upgrade, avoiding intrusion caused by software and"
4,0,0,0,0,7,3,/XKLSHV+MinionPro-Regular2,1.0,308.98,-1940.2,338.48,-1939.2,-1940.2,2739.25,308.98,261.56,privacy protection authentication and group key generation
4,0,0,0,0,7,3,/XKLSHV+MinionPro-Regular2,1.0,50.97,-2007.34,79.97,-2006.34,-2007.34,2806.39,50.97,520.07,hardware vulnerabilities and ensuring that hackers cannot
4,0,0,0,0,8,3,/XKLSHV+MinionPro-Regular2,1.0,50.97,-2121.38,77.97,-2120.38,-2121.38,2920.43,50.97,522.07,"embed malicious code during updates. ,e network model"
4,0,0,0,0,8,3,/XKLSHV+MinionPro-Regular2,1.0,308.98,-2168.28,338.48,-2167.28,-2168.28,2967.33,308.98,261.56,with a preestablished trust relationship with the vehicle.
4,0,0,0,0,9,3,/XKLSHV+MinionPro-Regular2,1.0,50.97,-2235.43,81.47,-2234.43,-2235.43,3034.48,50.97,518.57,proposed by Liu et al. [25] integrates blockchain technology
4,0,0,0,0,9,3,/XKLSHV+MinionPro-Regular2,1.0,308.98,-2305.22,336.98,-2304.22,-2305.22,3104.27,308.98,263.06,"on blockchain and Bitcoin. ,is paper builds CertCoin on"
4,0,0,0,0,112,3,/XKLSHV+MinionPro-Regular2,1.0,50.97,-3626.89,82.97,-2348.47,-3626.89,3148.52,50.97,517.07,"into each layer, namely, data, network, artiﬁcial intelligence, application, and business. ,e network layer consists of the network coordination module and the P2P network sublayer of the blockchain. ,e AI layer, composed of the blockchain consensus sublayer and vehicle-oriented computational analysis services, includes the blockchain consensus protocol that runs on this layer. ,e smart contract sublayer of the blockchainrunsintheapplicationlayer;theblockchain-dense sublayer rewards the ﬁrst miner who provides a valid PoW using a digital token. Smart contracts are a set of predeﬁned protocols that all peers operate in a blockchain-based system to meet speciﬁc service requirements. ,e business model of the Internet of Vehicles, data transaction business, and debt business constitute the business layer."
4,0,0,0,0,10,3,/XKLSHV+MinionPro-Regular2,1.0,65.88,-3638.33,92.38,-3637.33,-3638.33,4437.38,65.88,507.66,Jiang et al. [26] divided the blockchain data on the
4,0,0,0,0,15,3,/XKLSHV+MinionPro-Regular2,1.0,50.97,-3672.73,79.97,-3648.78,-3672.73,4448.83,50.97,520.07,"InternetofVehiclesintoﬁvecategories:vehiclemanagement blockchain data, automobile factory blockchain data, user privacy (audio and video) blockchain data, vehicle-insur-"
4,0,0,0,0,9,3,/XKLSHV+MinionPro-Regular2,1.0,323.94,-3692.49,350.94,-3691.49,-3692.49,4491.54,323.94,249.1,We can compare the architectures studied in the above
4,0,0,0,0,5,3,/XKLSHV+MinionPro-Regular2,1.0,50.97,-3786.78,75.47,-3785.78,-3786.78,4585.83,50.97,524.57,"ance-purchase-blockchain data, and common things"
4,0,0,0,0,7,3,/XKLSHV+MinionPro-Regular2,1.0,308.98,-3817.98,334.98,-3816.98,-3817.98,4617.03,308.98,265.06,"blockchain and IoV, the performance requirements of"
4,0,0,0,0,9,3,/XKLSHV+MinionPro-Regular2,1.0,50.97,-3900.82,78.97,-3899.82,-3900.82,4699.87,50.97,521.07,"blockchain data. ,e blockchain nodes on the Internet of"
4,0,0,0,0,9,3,/XKLSHV+MinionPro-Regular2,1.0,308.98,-3932.02,337.48,-3931.02,-3932.02,4731.07,308.98,262.56,blockchain will become higher and higher. A single chain
4,0,0,0,0,10,3,/XKLSHV+MinionPro-Regular2,1.0,50.97,-4014.86,79.97,-4013.86,-4014.86,4813.91,50.97,520.07,Vehicles are divided into ﬁve types of nodes: senior man-
4,0,0,0,0,7,3,/XKLSHV+MinionPro-Regular2,1.0,50.97,-4128.9,78.97,-4127.9,-4128.9,4927.95,50.97,521.07,"agement nodes, vehicle monitoring nodes, privacy (audio"
4,0,0,0,0,15,3,/XKLSHV+MinionPro-Regular2,1.0,308.98,-4171.61,338.98,-4159.11,-4171.61,4959.16,308.98,261.06,"a single chain will increase system load, resulting in more signiﬁcant latency and computing costs."
4,0,0,0,0,10,3,/XKLSHV+MinionPro-Regular2,1.0,323.94,-4183.06,350.94,-4182.06,-4183.06,4982.11,323.94,249.1,"To sum up, the architecture design of the BIoV system"
4,0,0,0,0,5,3,/XKLSHV+MinionPro-Regular2,1.0,308.98,-4194.51,328.98,-4193.51,-4194.51,4993.56,308.98,271.06,should follow the following principles:
4,0,0,0,0,7,3,/XKLSHV+MinionPro-Regular2,1.0,329.39,-4211.68,355.89,-4210.68,-4211.68,5010.73,329.39,244.15,(i) Availability and fault tolerance principle: when
4,0,0,0,0,10,3,/XKLSHV+MinionPro-Regular2,1.0,342.43,-4234.58,366.43,-4222.13,-4234.58,5022.18,342.43,233.61,"some nodes are oﬄine, vehicles on the road communicate continuously"
4,0,0,0,0,8,3,/XKLSHV+MinionPro-Regular2,1.0,50.97,-4242.94,79.97,-4241.94,-4242.94,5041.99,50.97,520.07,"and video) monitoring nodes, insurance nodes, and general"
4,0,0,0,0,6,3,/XKLSHV+MinionPro-Regular2,1.0,342.43,-4260.48,364.43,-4259.48,-4260.48,5059.53,342.43,235.61,money and time; communication with existing
4,0,0,0,0,4,3,/XKLSHV+MinionPro-Regular2,1.0,342.43,-4374.52,363.93,-4373.52,-4374.52,5173.57,342.43,236.11,infrastructure achieves availability goals
4,0,0,0,0,18,3,/XKLSHV+MinionPro-Regular2,1.0,342.43,-4628.51,368.43,-4399.43,-4628.51,5199.48,342.43,231.61,"to various scenarios of vehicle driving environment and can meet the growing requirements of vehicles, data, and safety"
4,0,0,0,0,8,3,/XKLSHV+MinionPro-Regular2,1.0,324.75,-4642.97,351.75,-4641.97,-4642.97,5442.02,324.75,248.29,(iv) Security: it can guarantee the communication and
4,0,0,0,0,7,3,/XKLSHV+MinionPro-Regular2,1.0,342.43,-4654.41,362.93,-4653.41,-4654.41,5453.46,342.43,237.11,data security of the Internet of Vehicles
5,0,0,0,0,35,2,/Times-Roman,5.76,584.28,778.29,1511.64,784.05,778.29,16.0,584.28,-911.6,"2037, 2022, 1, Downloaded from https://onlinelibrary.wiley.com/doi/10.1155/2022/8689651, Wiley Online Library on [17/06/2024]. See the Terms and Conditions (https://onlinelibrary.wiley.com/terms-and-conditions) on Wiley Online Library for rules of use; OA articles are governed by the applicable Creative Commons License"
5,0,0,0,0,40,3,/XKLSHV+MinionPro-Regular2,1.0,50.97,736.74,2476.3,748.74,736.74,51.31,50.97,-1876.27,"Security and Communication Networks 5  2037, 2022, 1, Downloaded from https://onlinelibrary.wiley.com/doi/10.1155/2022/8689651, Wiley Online Library on [17/06/2024]. See the Terms and Conditions (https://onlinelibrary.wiley.com/terms-and-conditions) on Wiley Online Library for rules of use; OA articles are governed by the applicable Creative Commons License"
5,0,0,0,0,8,3,/SKIOQL+Minion-RegularSC,1.0,214.81,719.45,259.54,720.45,719.45,79.6,214.81,340.5,T able 1: Comparison of architecture of BIoV.
5,0,0,0,0,11,3,/XKLSHV+MinionPro-Regular2,1.0,52.96,692.29,89.96,703.78,692.29,96.27,52.96,510.08,Classiﬁcation of models Literature Key technologies used in the model Strengths/weaknesses
5,0,0,0,0,12,3,/XKLSHV+MinionPro-Regular2,1.0,149.62,679.54,182.12,680.54,679.54,119.51,149.62,417.91,"[10] Blockchain RSU acts as a blockchain node, but the scale and"
5,0,0,0,0,12,3,/XKLSHV+MinionPro-Regular2,1.0,373.39,669.12,418.89,670.12,669.12,129.93,373.39,181.15,deployment issues of nodes are not resolved[11] Cloud computing and double-chain structure
5,0,0,0,0,13,3,/XKLSHV+MinionPro-Regular2,1.0,149.62,653.42,192.12,654.42,653.42,145.63,149.62,407.91,"[12] SDN, fog computing, and blockchain ,e problem of coordination between nodes has"
5,0,0,0,0,5,3,/XKLSHV+MinionPro-Regular2,1.0,52.96,648.19,434.11,649.21,648.19,150.84,52.96,165.93,not been solved Entity-centric model
5,0,0,0,0,7,3,/XKLSHV+MinionPro-Regular2,1.0,366.01,637.73,389.01,638.73,637.73,161.32,366.01,211.03,",e performance of the blockchain is improved,"
5,0,0,0,0,12,3,/XKLSHV+MinionPro-Regular2,1.0,149.62,627.29,397.02,628.3,627.29,171.75,149.62,203.02,"but the computing power and throughput [13] Blockchain, deep learning, and spatial"
5,0,0,0,0,4,3,/XKLSHV+MinionPro-Regular2,1.0,380.98,616.81,400.48,617.81,616.81,182.24,380.98,199.56,performance requirements are increased
5,0,0,0,0,6,3,/XKLSHV+MinionPro-Regular2,1.0,181.14,604.1,203.64,605.1,604.1,194.95,181.14,396.4,",e communication layer, the computing layer,"
5,0,0,0,0,10,3,/XKLSHV+MinionPro-Regular2,1.0,144.75,593.61,205.63,594.61,593.61,205.44,144.75,394.41,"[2, 16]  and the application layer are integrated with the"
5,0,0,0,0,13,3,/XKLSHV+MinionPro-Regular2,1.0,52.96,583.18,263.8,584.18,583.18,215.87,52.96,336.24,"A model centered on  blockchain technology Integrate data and blockchain to varying degrees,"
5,0,0,0,0,7,3,/XKLSHV+MinionPro-Regular2,1.0,371.85,577.91,392.85,578.91,577.91,221.14,371.85,207.19,but the management and performance of the
5,0,0,0,0,4,3,/XKLSHV+MinionPro-Regular2,1.0,52.96,572.69,62.96,573.69,572.69,226.36,52.96,537.08,the data life cycle
5,0,0,0,0,12,3,/XKLSHV+MinionPro-Regular2,1.0,401.16,567.48,443.66,568.48,567.48,231.57,401.16,156.38,system bring great challenges[17] Blockchain is incorporated into every layer of the
5,0,0,0,0,46,3,/XKLSHV+MinionPro-Regular2,1.0,149.62,551.79,329.62,552.79,551.79,247.26,149.62,270.42,[18] Five types of data correspond to ﬁve subchainsSecurity technology of  BIoV  Identity authentication  Privacy protection  Trust management  Access control Content-based privacy protection Location-based privacy protection Anonymous Authentication PKI Crowdsourcing  Trust-based access control Data-based access control Risk-based access control Data center Entity centered Identity-based privacy protection
5,0,0,0,0,7,3,/SKIOQL+Minion-RegularSC,1.0,208.01,243.35,229.51,244.35,243.35,555.7,208.01,370.53,Figure 1: Security technology categories of BIoV.
5,0,0,0,1,1,3,/MinionPro-Regular22,1.0,271.22,233.55,272.72,234.55,233.55,565.5,271.22,327.32,PKI
5,0,0,0,0,11,3,/XKLSHV+MinionPro-Regular2,1.0,50.97,214.72,79.47,215.72,214.72,584.33,50.97,520.57,"top of Namecoin, whose core idea is to maintain a public"
5,0,0,0,0,11,3,/XKLSHV+MinionPro-Regular2,1.0,50.97,203.27,78.97,204.27,203.27,595.78,50.97,521.07,ledger of a domain and its related public keys. It also
5,0,0,0,0,3,3,/MinionPro-Regular22,1.0,134.59,165.28,252.99,166.82,165.28,633.22,134.59,347.05,Content-based privacy Privacy
5,0,0,0,0,8,3,/MinionPro-Regular22,1.0,50.97,89.23,130.19,91.09,89.23,708.96,50.97,469.85,"management supports domain name registration, domain name public"
5,0,0,0,0,3,3,/MinionPro-Regular22,1.0,235.0,55.76,248.0,56.76,55.76,743.29,235.0,352.04,Trust-based access control
5,0,0,0,0,4,3,/MinionPro-Regular22,1.0,123.69,29.88,248.44,32.45,29.88,767.6,123.69,351.6,Data-based access controlAccess control
5,0,0,0,0,3,3,/MinionPro-Regular22,1.0,236.95,6.6,249.45,7.6,6.6,792.45,236.95,350.59,Risk-based access control
5,0,0,0,0,26,3,/XKLSHV+MinionPro-Regular2,1.0,50.97,-150.36,81.97,-23.82,-150.36,823.87,50.97,518.07,"key update, and authentication and provides revocation and restoration of the secret key. In addition, an accumulator is also used to reduce the storage of CertCoin."
5,0,0,0,0,8,3,/XKLSHV+MinionPro-Regular2,1.0,65.88,-161.81,93.38,-160.81,-161.81,960.86,65.88,506.66,Maria et al. [34] designed an anonymous authentication
5,0,0,0,0,38,3,/XKLSHV+MinionPro-Regular2,1.0,50.97,-640.87,79.47,-172.26,-640.87,972.31,50.97,520.57,"and switching authentication scheme. First, trusted authority (TA), RSU, vehicle, and blockchain network constitute the system. ,en, system initialization, TA registration, anonymous authentication, and switching anonymous authentication comprise blockchain-based authentication. ,e Merkle Hash Tree (MHT) is the real-time"
5,0,0,0,0,9,3,/XKLSHV+MinionPro-Regular2,1.0,308.98,-708.57,336.48,-707.57,-708.57,1507.62,308.98,263.56,scheme also can be used as vehicle illegal information
5,0,0,0,0,8,3,/XKLSHV+MinionPro-Regular2,1.0,50.97,-754.92,79.47,-753.92,-754.92,1553.97,50.97,520.57,"authentication record. ,e blockchain server serves as an"
5,0,0,0,0,3,3,/XKLSHV+MinionPro-Regular2,1.0,308.98,-822.61,322.48,-821.61,-822.61,1621.66,308.98,277.56,tracking and traceability.
5,0,0,0,0,9,3,/XKLSHV+MinionPro-Regular2,1.0,323.94,-834.06,351.44,-833.06,-834.06,1633.11,323.94,248.6,Yao et al. [35] ﬁrstly proposed a noninteractive anon-
5,0,0,0,0,6,3,/XKLSHV+MinionPro-Regular2,1.0,308.98,-845.51,335.48,-844.51,-845.51,1644.56,308.98,264.56,"ymous cross-data center authentication mechanism. ,e"
5,0,0,0,0,6,3,/XKLSHV+MinionPro-Regular2,1.0,50.97,-868.96,77.97,-867.96,-868.96,1668.01,50.97,522.07,"auxiliary for anonymous switching authentication. ,is"
5,0,0,0,0,83,3,/XKLSHV+MinionPro-Regular2,1.0,308.98,-1894.84,340.48,-958.55,-1894.84,1758.6,308.98,259.56,"instrument’s ﬂexibility is that the vehicle can decide when to revalidate and change the pseudonym and how often to verify and change. Blockchain-assisted Lightweight Anonymous Authentication (BLA) begins by registering the vehicle’s OBU and service manager (SM). ,en, SM can cooperate with RSU to complete the identity authentication. SM broadcasts the authentication results and writes the authentication resultsinto the blockchainthrough the PBFT (Practical Byzantine Fault Tolerance) consensus algorithm. When the vehicle moves to the next RSU or new SM area, it does notneedtoauthenticateagain.,issolutioneliminates"
6,0,0,0,0,35,2,/Times-Roman,5.76,584.28,778.29,1511.64,784.05,778.29,16.0,584.28,-911.6,"2037, 2022, 1, Downloaded from https://onlinelibrary.wiley.com/doi/10.1155/2022/8689651, Wiley Online Library on [17/06/2024]. See the Terms and Conditions (https://onlinelibrary.wiley.com/terms-and-conditions) on Wiley Online Library for rules of use; OA articles are governed by the applicable Creative Commons License"
6,0,0,0,0,12,3,/XKLSHV+MinionPro-Regular2,1.0,50.97,707.38,80.47,719.83,707.38,80.22,50.97,519.57,the interaction between the vehicle and SM and reduces the communication overhead.
6,0,0,0,0,9,3,/XKLSHV+MinionPro-Regular2,1.0,65.88,695.94,91.88,696.94,695.94,103.11,65.88,508.16,Noh et al. [36] discussed a distributed message au-
6,0,0,0,0,83,3,/XKLSHV+MinionPro-Regular2,1.0,50.97,-364.84,80.97,685.49,-364.84,114.56,50.97,519.07,"thentication scheme based on blockchain. First, the RTA (root trusted authority) acts as the management system to issue the certiﬁcates of the vehicles entering the network. Vehicles need to verify the driver’s biometric information before broadcasting messages. Other vehicles receive the broadcast message for authentication. After receiving the message within a certain period, the local TA generates a blockaccordingtothePoWconsensusandveriﬁestheblock through the PBFT consensus. It guarantees anonymity and dispersion of broadcasting information. In particular, it enables vehicles to authenticate messages eﬃciently and distribute them."
6,0,0,0,0,8,3,/XKLSHV+MinionPro-Regular2,1.0,65.88,-376.29,91.88,-375.29,-376.29,1175.34,65.88,508.16,Zheng et al. [37] proposed an access authentication
6,0,0,0,0,80,3,/XKLSHV+MinionPro-Regular2,1.0,50.97,-1323.03,81.47,-386.74,-1323.03,1186.79,50.97,518.57,"system based on blockchain in a VANETenvironment. ,e system provides a trusted communication environment for intelligent vehicles and maintains anonymity without revealing the user’s true identity. Secure access between vehicles and roadside units reduces reliance on authority centers and reduces the burden of vehicle identiﬁcation. To prevent the spread of internal vehicle forged messages, this paper also designs a secure distributed transaction storage scheme based on blockchain, which can eﬀectively protect the transaction information from attacks while tracking malicious vehicles."
6,0,0,0,0,10,3,/XKLSHV+MinionPro-Regular2,1.0,65.88,-1334.48,95.38,-1333.48,-1334.48,2133.53,65.88,504.66,"To sum up, identity authentication is an essential part of"
6,0,0,0,0,51,3,/XKLSHV+MinionPro-Regular2,1.0,50.97,-2053.13,81.47,-1344.92,-2053.13,2144.97,50.97,518.57,"theIoV.Vehiclesshouldberegisteredandassignedkeysbya uniﬁed authority before joining the network. To avoid a single point of failure, we need to implement blockchain through consensus or smart contracts, credit mechanisms between vehicles, or RSU. ,e role of blockchain is to store, update,andmanage secretkeysorcertiﬁcates.InTable 2,we can compare the application of blockchain in the identity authenticationschemeoftheInternetofVehiclesmentioned above."
6,0,0,0,0,4,3,/MXVQRU+MinionPro-It,1.0,50.97,-2087.54,67.47,-2086.54,-2087.54,2886.59,50.97,532.57,4.2. Privacy Protection. IoVusesV2Xinterconnectivitysuch
6,0,0,0,0,105,3,/XKLSHV+MinionPro-Regular2,1.0,50.97,-3159.77,83.97,-2097.99,-3159.77,2898.04,50.97,516.07,"as V2V (Vehicle-to-Vehicle), V2R (Vehicle-to-Road), V2I (Vehicle-to-Infrastructure), and V2P (Vehicle-to-Person) to create a social network with intelligent objects as participants.V2Xhasledtotheexistenceofvehiclesocialnetworks (VSNs). According to literature [39], VSN is divided into three layers: social network, vehicular social networks, and vehicular networks. ,e data sharing message of the social network includes the personal information of the car owner and the motion status of the vehicle. For example, the leakage of location privacy will seriously aﬀect the user’s identity privacy. It is precise because vehicle safety is closely related to the owner’s daily life and work; privacy leakage will aﬀect his everyday life and even aﬀect his life and"
6,0,0,0,0,8,3,/XKLSHV+MinionPro-Regular2,1.0,308.98,-3179.53,337.48,-3178.53,-3179.53,3978.58,308.98,262.56,privacy protection in the SIoV environment from diﬀerent
6,0,0,0,0,8,3,/XKLSHV+MinionPro-Regular2,1.0,50.97,-3273.81,79.47,-3272.81,-3273.81,4072.86,50.97,520.57,"property safety. ,erefore, privacy protection on the In-"
6,0,0,0,0,8,3,/XKLSHV+MinionPro-Regular2,1.0,308.98,-3293.57,339.48,-3292.57,-3293.57,4092.62,308.98,260.56,"perspectives, such as personal privacy, behavior and action,"
6,0,0,0,0,7,3,/XKLSHV+MinionPro-Regular2,1.0,308.98,-3407.61,338.48,-3406.61,-3407.61,4206.66,308.98,261.56,"communication, data, image, thought and feeling, location,"
6,0,0,0,0,10,3,/XKLSHV+MinionPro-Regular2,1.0,50.97,-3501.89,79.47,-3500.89,-3501.89,4300.94,50.97,520.57,[40] pointed out that the role of privacy management be-
6,0,0,0,0,8,3,/XKLSHV+MinionPro-Regular2,1.0,308.98,-3521.65,338.98,-3520.65,-3521.65,4320.7,308.98,261.06,"and space association. In addition, the literature analyzes"
6,0,0,0,0,11,3,/XKLSHV+MinionPro-Regular2,1.0,50.97,-3615.94,79.47,-3614.94,-3615.94,4414.99,50.97,520.57,comes crucial in SIoV as data is collected and stored at
6,0,0,0,0,6,3,/XKLSHV+MinionPro-Regular2,1.0,308.98,-3635.69,337.48,-3634.69,-3635.69,4434.74,308.98,262.56,"existing blockchain-based privacy protection methods. ,e"
6,0,0,0,0,9,3,/XKLSHV+MinionPro-Regular2,1.0,50.97,-3729.98,80.97,-3728.98,-3729.98,4529.03,50.97,519.07,"diﬀerent layers of its architecture. ,e author analyzes the"
6,0,0,0,0,25,3,/XKLSHV+MinionPro-Regular2,1.0,308.98,-3772.69,338.98,-3748.74,-3772.69,4548.79,308.98,261.06,"diﬀerence is that we divide them into three types according to the objects of privacy protection: privacy protection technology based on location, content, and identity."
6,0,0,0,0,8,3,/XKLSHV+MinionPro-Regular2,1.0,323.94,-3784.14,348.94,-3783.14,-3784.14,4583.19,323.94,251.1,Qian et al. [41] proposed a privacy-aware content
6,0,0,0,0,8,3,/XKLSHV+MinionPro-Regular2,1.0,308.98,-3795.58,337.48,-3794.58,-3795.58,4594.63,308.98,262.56,caching architecture based on blockchain. In this archi-
6,0,0,0,0,10,3,/XKLSHV+MinionPro-Regular2,1.0,50.97,-3844.02,79.47,-3843.02,-3844.02,4643.07,50.97,520.57,privacy issues and factors that need to be considered in
6,0,0,0,0,28,3,/XKLSHV+MinionPro-Regular2,1.0,308.98,-4251.75,339.48,-3908.63,-4251.75,4708.68,308.98,260.56,"tecture, blockchain technology completes and records transactions. After a consensus mechanism ﬁnishes, transactions are written into blocks, thus solving the problem of privacy data disclosure in content caching."
6,0,0,0,0,9,3,/XKLSHV+MinionPro-Regular2,1.0,323.94,-4263.2,351.94,-4262.2,-4263.2,5062.25,323.94,248.1,Lin et al. [21] proposed a spatial crowdsourcing system
6,0,0,0,0,52,3,/XKLSHV+MinionPro-Regular2,1.0,308.98,-4867.81,338.48,-4273.65,-4867.81,5073.7,308.98,261.56,"(DB-SCS) based on deep reinforcement learning (DRL) and blockchain. ,e authors integrate deep reinforcement learning (DRL) and blockchain into the spatial crowdsourcing process of SDN-IOV applications. In DB-SCS, to protect the privacy of tasks in task assignment and publishing, two methods are proposed: hierarchical task classiﬁcation and management strategy based on multiblockchainandtaskassignmentschemebasedonDRL."
6,0,0,0,0,9,3,/XKLSHV+MinionPro-Regular2,1.0,323.94,-4879.26,350.94,-4878.26,-4879.26,5678.31,323.94,249.1,Xu et al. [42] proposed a remote authentication model
6,0,0,0,0,101,3,/XKLSHV+MinionPro-Regular2,1.0,308.98,-5940.04,339.98,-4889.71,-5940.04,5689.76,308.98,260.06,"based on a privacy protection blockchain called RASM (remote authentication security model) for intelligent vehicles in the V2X network. ,is security model aims to enhance privacy security while ensuring decentralization, traceability, and nonrepudiation. RASM consists of two main steps. ,e ﬁrst step is identity authentication; vehicles share their trusted identity to the blockchain network as evidence. In the second step, the vehicle will calculate and estimate the criteria used to decide. Finally, the authors tested the scheme in a real network environment, and the success rate of 97.09% proved that the system could eﬀectively improve the privacy security of V2X vehicles."
6,0,0,0,0,6,3,/XKLSHV+MinionPro-Regular2,1.0,323.94,-5951.49,349.94,-5950.49,-5951.49,6750.54,323.94,250.1,A conditional Privacy Protection Statement Protocol
6,0,0,0,0,61,3,/XKLSHV+MinionPro-Regular2,1.0,308.98,-6556.1,337.98,-5961.93,-6556.1,6761.98,308.98,262.06,"(BTCPS), which contains three entities, vehicle, trusted institution, and RSU, was proposed by Liu et al. [43]. ,e protocol has two parts: the anonymous aggregation vehicle announcement protocol and privacy protection. ,e second step is the TM model based on blockchain. ,e trust value mechanism of direct and indirect trust realizes message synchronization and prevents abnormal vehicles from spreading false messages."
6,0,0,0,0,9,3,/XKLSHV+MinionPro-Regular2,1.0,323.94,-6567.54,352.94,-6566.54,-6567.54,7366.59,323.94,247.1,Luo et al. [44] introduced blockchain to realize location
6,0,0,0,0,23,3,/XKLSHV+MinionPro-Regular2,1.0,308.98,-6807.08,339.48,-6577.99,-6807.08,7378.04,308.98,260.56,"privacy protection of vehicles based on location services in IoV. ,is solution solves the distributed K-anonymous privacy protection technology that cannot detect malicious"
6,0,0,0,0,40,3,/XKLSHV+MinionPro-Regular2,1.0,50.97,-6854.77,2321.25,-6842.77,-6854.77,7642.82,50.97,-1721.21,"6 Security and Communication Networks  2037, 2022, 1, Downloaded from https://onlinelibrary.wiley.com/doi/10.1155/2022/8689651, Wiley Online Library on [17/06/2024]. See the Terms and Conditions (https://onlinelibrary.wiley.com/terms-and-conditions) on Wiley Online Library for rules of use; OA articles are governed by the applicable Creative Commons License"
6,0,0,0,0,43,3,/XKLSHV+MinionPro-Regular2,1.0,308.98,-7286.2,339.98,-6920.12,-7286.2,7720.17,308.98,260.06,"vehicles and sensitive location privacy leakage. In addition, the scheme considers the reliability of the vehicles and realizes the coordination between the vehicles. ,e scheme also includes a data structure to make trusted records of vehicles publicly available, which can detect malicious vehicles."
6,0,0,0,0,6,3,/XKLSHV+MinionPro-Regular2,1.0,323.94,-7297.65,349.44,-7296.65,-7297.65,8096.7,323.94,250.6,Diﬀerent from K-anonymous privacy protection tech-
6,0,0,0,0,12,3,/XKLSHV+MinionPro-Regular2,1.0,308.98,-7537.18,337.48,-7308.09,-7537.18,8108.14,308.98,262.56,"nology, Feng et al. [45] proposed a trusted stealth area constructionschemebasedontrust,calledTACA,toprotect vehiclelocationprivacy,whichissimilartotheideaofstealth"
7,0,0,0,0,35,2,/Times-Roman,5.76,584.28,778.29,1511.64,784.05,778.29,16.0,584.28,-911.6,"2037, 2022, 1, Downloaded from https://onlinelibrary.wiley.com/doi/10.1155/2022/8689651, Wiley Online Library on [17/06/2024]. See the Terms and Conditions (https://onlinelibrary.wiley.com/terms-and-conditions) on Wiley Online Library for rules of use; OA articles are governed by the applicable Creative Commons License"
7,0,0,0,0,40,3,/XKLSHV+MinionPro-Regular2,1.0,50.97,736.74,2476.3,748.74,736.74,51.31,50.97,-1876.27,"Security and Communication Networks 7  2037, 2022, 1, Downloaded from https://onlinelibrary.wiley.com/doi/10.1155/2022/8689651, Wiley Online Library on [17/06/2024]. See the Terms and Conditions (https://onlinelibrary.wiley.com/terms-and-conditions) on Wiley Online Library for rules of use; OA articles are governed by the applicable Creative Commons License"
7,0,0,0,0,7,3,/SKIOQL+Minion-RegularSC,1.0,210.95,719.45,257.24,720.45,719.45,79.6,210.95,342.8,T able 2: Comparison of identity authentication.
7,0,0,0,0,51,3,/XKLSHV+MinionPro-Regular2,1.0,52.95,653.41,97.45,703.78,653.41,96.27,52.95,502.59,"Literature Registration authority Functions of RA Functions of blockchain Method [30] Namecoin Public key signature information Publish, update, and validate Merkle tree [34] ,e oﬄine registration Random number and public key Validate RSU collaboration [35] AD SM area management Alliance chain validation Consensus algorithm [36] RTA Public-private key for the vehicle"
7,0,0,0,0,8,3,/XKLSHV+MinionPro-Regular2,1.0,230.06,648.2,249.56,649.2,648.2,150.85,230.06,350.48,and system key K Validate PoW and PBFT
7,0,0,0,0,13,3,/XKLSHV+MinionPro-Regular2,1.0,52.95,637.72,91.95,638.72,637.72,161.33,52.95,508.09,[38] CA A certiﬁcate and two special hash functions RSU Pseudonyms and hashes
7,0,0,0,0,79,3,/XKLSHV+MinionPro-Regular2,1.0,50.97,-121.43,81.47,598.22,-121.43,201.83,50.97,518.57,"area [44]. In addition, with theassistance of edge computing and blockchain, theRSU can quicklyevaluate the trust value by using the trust data gathered from the blockchain. ,e scheme proposes that multiple anonymous persons in the adjacent vehicle area are selected to construct the stealthy region in a cross-region manner. ,is scheme can eﬀectively protect the location privacy of the vehicle and avoid the leakage of RV’s (request vehicle) request content and LSP’s (Location-Based Service Provider) service results during transmission."
7,0,0,0,0,9,3,/XKLSHV+MinionPro-Regular2,1.0,65.88,-132.88,92.88,-131.88,-132.88,931.93,65.88,507.16,Akhter et al. [46] proposed a multilevel privacy pro-
7,0,0,0,0,183,3,/XKLSHV+MinionPro-Regular2,1.0,50.97,-2357.03,82.97,-143.32,-2357.03,943.37,50.97,517.07,"tection authentication protocol based on blockchain, which includes two certiﬁcation centers. ,e Global Certiﬁcation Center (GAC) is responsible for storing all vehicle information. ,e Local Certiﬁcation Center (LAC) maintains a block to realize fast switching between clusters within the vehicle. In addition, the paper also puts forward that a tree can represent the blockchain-based authentication system. At the top level, the GAC stores all vehicle information (publicandprivatekeys,etc.).Allvehiclesmustberegistered with the LAC before a road permit. ,e LAC is responsible forphysicallyverifyingeachvehicleandgeneratingapublicprivate key pair. All LACs maintain a blockchain called an LABC by storing only information about locally registered vehicles, storing only public keys and vehicle types in the second layer of the tree structure. All CHs in the same state are members of LABC (as the third level of the tree), thus obtaining a list of all locally registered vehicles. Whenever a new vehicle approaches and requests to join the cluster, the CH can verify the vehicle’s authenticity. Communication between the blockchain and its members is encrypted using the RSA-1024 digital signature algorithm. ,e author implements the authentication protocol in virtual machines andteststhecomputer,storage,andpropagationcostsinthe authentication process."
7,0,0,0,0,10,3,/XKLSHV+MinionPro-Regular2,1.0,65.88,-2368.48,92.88,-2367.48,-2368.48,3167.53,65.88,507.16,"To sum up, we compare the above literature on privacy"
7,0,0,0,0,37,3,/XKLSHV+MinionPro-Regular2,1.0,50.97,-2950.2,81.97,-2378.99,-2950.2,3179.04,50.97,518.07,"protection, as shown in Table 3. Privacy protection mainly focuses on two aspects: privacy protection of the Internet of Vehicles social network and privacy protection of vehicle location.Privacyprotectionfocusesontwoparts:theprivacy protectionofasocialnetworkofInternetofVehiclesandthe privacy protection of the vehicle location. ,e privacy"
7,0,0,0,0,13,3,/XKLSHV+MinionPro-Regular2,1.0,308.98,-3004.84,336.98,-2992.4,-3004.84,3792.45,308.98,263.06,ensure the regular use of Internet of Vehicles location services and other applications.
7,0,0,0,0,7,3,/MXVQRU+MinionPro-It,1.0,308.98,-3039.71,324.98,-3038.71,-3039.71,3838.76,308.98,275.06,4.3. Trust Management. Most existing trust management
7,0,0,0,0,9,3,/XKLSHV+MinionPro-Regular2,1.0,308.98,-3051.22,338.48,-3050.22,-3051.22,3850.27,308.98,261.56,methods focus on collecting various pieces of evidence and
7,0,0,0,0,87,3,/XKLSHV+MinionPro-Regular2,1.0,50.97,-3531.91,339.48,-3061.67,-3531.91,3861.72,50.97,260.56,"analyzing the historical behavior of nodes to evaluate their protection of social networks mainly focuses on protecting trustworthiness of nodes. Unlike the object-oriented foun- vehicle identity information, transaction content, and so on. dation, trust models can also be divided into three types Location privacy protection especially involves vehicle [38, 47]: message-centric, entity-centric, and hybrid or tracking and location and service provision. However, for composite models. Likewise, deployment strategies for trust location privacy protection, conditional privacy protection in the case of information sharing needs to be established to"
7,0,0,0,0,105,3,/XKLSHV+MinionPro-Regular2,1.0,308.98,-4796.25,340.48,-3631.88,-4796.25,4431.93,308.98,259.56,"management can be classiﬁed into centralized and decentralized types. Trust in the Internet of Vehicles is based on the trust value gained by the vehicle’s past behavior (reputation) and neighbors’ opinions on the messages broadcast by the warning vehicle in the event to realize the vehicle’s importance.Trust managementcan facilitatepeer incentives that perform well and achieve good trust scores. ,e system also punishes dishonest or misbehaving peers. When misbehavior exceeds a certain threshold, trust scores are low, and trust is revoked. ,erefore, trust management has profound signiﬁcance for the security of the Internet of Vehicles and is also the basis for identity authentication and access control."
7,0,0,0,0,12,3,/XKLSHV+MinionPro-Regular2,1.0,323.94,-4807.7,352.94,-4806.7,-4807.7,5606.75,323.94,247.1,Yang et al. [48] designed a trust model based on the data
7,0,0,0,0,78,3,/XKLSHV+MinionPro-Regular2,1.0,308.98,-5526.35,339.98,-4818.15,-5526.35,5618.2,308.98,260.06,"center category and used blockchain to conduct decentralized trust management for vehicle networks. ,ey used a Bayes reasoning model to assess the credibility of messages received from neighbors. ,e vehicle periodically uploads the rating for each original vehicle generated to an adjacent RSU. ,e RSU calculates the oﬀset of the conﬁdence value, formed into blocks, which ﬁnally add to the blockchain that the RSU plans to hold. ,rough this strategy, the RSU maintains a dependable and consistent blockchain."
7,0,0,0,0,8,3,/XKLSHV+MinionPro-Regular2,1.0,323.94,-5537.8,349.94,-5536.8,-5537.8,6336.85,323.94,250.1,Lu et al. [15] adopted a blockchain-based anonymous
7,0,0,0,0,77,3,/XKLSHV+MinionPro-Regular2,1.0,308.98,-6712.62,338.98,-5548.25,-6712.62,6348.3,308.98,261.06,"reputationsystem(BARS)toimplementsuggestionstobuild trust and protect privacy. BARS systems include certiﬁcates to protect vehicle privacy, certiﬁcate management, certiﬁcation bodies (CAS), law enforcement agencies (LEA), and vehicles and RSUs. ,ere are three blockchain structures in BARS: MesBC (blockchain for messages) for continuous proof of the reputational evaluation, CerBC (blockchain for certiﬁcates)forallcertiﬁcatesissued,andRevSC(blockchain for revoked public keys) for revoked public keys. BARS uses extensive blockchain technology to achieve transparency, conditional anonymity, and robustness. ,e reputation valuation algorithm objectively reﬂects the message’s credibility."
8,0,0,0,0,35,2,/Times-Roman,5.76,584.28,778.29,1511.64,784.05,778.29,16.0,584.28,-911.6,"2037, 2022, 1, Downloaded from https://onlinelibrary.wiley.com/doi/10.1155/2022/8689651, Wiley Online Library on [17/06/2024]. See the Terms and Conditions (https://onlinelibrary.wiley.com/terms-and-conditions) on Wiley Online Library for rules of use; OA articles are governed by the applicable Creative Commons License"
8,0,0,0,0,40,3,/XKLSHV+MinionPro-Regular2,1.0,50.97,736.74,2321.25,748.74,736.74,51.31,50.97,-1721.21,"8 Security and Communication Networks  2037, 2022, 1, Downloaded from https://onlinelibrary.wiley.com/doi/10.1155/2022/8689651, Wiley Online Library on [17/06/2024]. See the Terms and Conditions (https://onlinelibrary.wiley.com/terms-and-conditions) on Wiley Online Library for rules of use; OA articles are governed by the applicable Creative Commons License"
8,0,0,0,0,7,3,/SKIOQL+Minion-RegularSC,1.0,219.12,719.45,262.9,720.45,719.45,79.6,219.12,337.14,T able 3: Comparison of privacy protection.
8,0,0,0,0,20,3,/XKLSHV+MinionPro-Regular2,1.0,52.96,674.33,89.96,703.78,674.33,96.27,52.96,510.08,"Literature Object Method Superiority [41] Content Cognitive engine Flexible short response time [42] Content Software-deﬁned networking, deep reinforcement, and learning"
8,0,0,0,0,7,3,/XKLSHV+MinionPro-Regular2,1.0,214.58,669.12,242.08,670.12,669.12,129.93,214.58,357.96,spatial crowdsourcing High throughput and low overhead
8,0,0,0,0,17,3,/XKLSHV+MinionPro-Regular2,1.0,52.96,642.99,100.47,659.64,642.99,140.41,52.96,499.57,[43] Identity Remote authentication model Trace [44] Identity Conditional privacy statement protocol Trust management method preventing forged
8,0,0,0,0,29,3,/XKLSHV+MinionPro-Regular2,1.0,52.97,611.59,112.47,628.29,611.59,171.76,52.97,487.56,[45] Location Trust management method based on Dirichlet distribution Detection of malicious vehicles [46] Location Construction of trusted stealth region based on trust mechanism Limited computing time and communication
8,0,0,0,0,12,3,/XKLSHV+MinionPro-Regular2,1.0,52.97,595.89,102.97,596.89,595.89,203.16,52.97,497.06,[38] Identity Cluster-based MAC authentication protocol (ACB-MAC) High throughput and lower latency
8,0,0,0,0,10,3,/XKLSHV+MinionPro-Regular2,1.0,65.88,558.45,92.38,559.45,558.45,240.6,65.88,507.66,Javaid et al. [49] proposed a data sharing and trust
8,0,0,0,0,154,3,/XKLSHV+MinionPro-Regular2,1.0,50.96,-1095.5,81.96,548.0,-1095.5,252.05,50.96,518.07,"management system for the BIoV. ,is document initially uses the Physical Nonclone Function (PUF) function to generate and assign a unique vehicle identiﬁer. ,en, two smart contracts are designed: one for the interaction between RSU and smart vehicle, and the other for the storage and retrieval of data from the blockchain, to establish distributed trust management and realize safety data sharing while protecting privacy. In [50], the author introduces the PoW dynamic mechanism to expand the traﬃc ﬂow generated by vehicles and designs the data structure of the vehicle’s blockchain in detail. ,e diagram attributes to each vehicle user a blockchain account with a 20-byte address similar to Bitcoin and Ethereum. ,e operation of the address size protocol is divided into two phases: the conﬁguration phase for vehicle registration and the data transfer phase for communication between vehicles. Smart contracts with PUF, certiﬁcates, and dPoW consensus algorithms constitute the blockchain’s IoV conﬁdence management system."
8,0,0,0,0,9,3,/XKLSHV+MinionPro-Regular2,1.0,65.88,-1106.95,93.88,-1105.95,-1106.95,1906.0,65.88,506.16,Singh et al. [51] studied that smart contracts deployed
8,0,0,0,0,106,3,/XKLSHV+MinionPro-Regular2,1.0,50.96,-2395.81,81.46,-1117.39,-2395.81,1917.44,50.96,518.57,"through the CA/TA and that the USR was working in a distributed way to maintain a consistent vehicle conﬁdential database and improve reliability, availability, and consistency. ,is paper introduces the concept of sharing blockchain, which uses an authoritative consensus mechanism, which can reduce the propagation delay of transactions and improve the throughput and eﬃciency of the whole system. Inaddition,theauthorsalsointroduceincentivestrategiesto help the vehicles participating in event detection obtain various services and pay incentives through the detection and accurate reporting of the actual event. ,e authors implemented the scheme in the private Ethereum blockchain and proved the feasibility of the framework by testing average throughput and runtime performance."
8,0,0,0,0,9,3,/XKLSHV+MinionPro-Regular2,1.0,65.88,-2407.32,92.38,-2406.32,-2407.32,3206.37,65.88,507.66,Han et al. [52] deﬁned malicious behaviors and mali-
8,0,0,0,0,32,3,/XKLSHV+MinionPro-Regular2,1.0,50.96,-2760.89,80.46,-2417.76,-2760.89,3217.81,50.96,519.57,"cious RSUs of vehicles, then proposed a vehicle trust evaluation algorithm based on the hidden Markov Model (HMM), built Hyperledger Fabric, designed three smart contracts, and realized the functions of adding, updating,"
8,0,0,0,0,23,3,/XKLSHV+MinionPro-Regular2,1.0,308.97,-2861.39,337.97,-2837.44,-2861.39,3637.49,308.97,262.06,"technology has been fully integrated with IoV. ,e introduction of consensus mechanism, smart contract, incentive strategy, and the comparison of their technology applica-"
8,0,0,0,0,13,3,/XKLSHV+MinionPro-Regular2,1.0,308.97,-2975.44,339.97,-2974.44,-2975.44,3774.49,308.97,260.06,"tions shows in Table 4. At the same time, it also reﬂects the"
8,0,0,0,0,8,3,/XKLSHV+MinionPro-Regular2,1.0,50.96,-2988.98,80.96,-2987.98,-2988.98,3788.03,50.96,519.07,"of malicious vehicles sending false information, the author"
8,0,0,0,0,8,3,/XKLSHV+MinionPro-Regular2,1.0,308.97,-3089.48,337.97,-3088.48,-3089.48,3888.53,308.97,262.06,"advantages of blockchain, a public distributed ledger, in"
8,0,0,0,0,10,3,/XKLSHV+MinionPro-Regular2,1.0,50.96,-3103.02,79.46,-3102.02,-3103.02,3902.07,50.96,520.57,builds a trust management model of a truck network based
8,0,0,0,0,9,3,/XKLSHV+MinionPro-Regular2,1.0,308.97,-3203.52,335.47,-3202.52,-3203.52,4002.57,308.97,264.56,"terms of trust management, which can fully solve the"
8,0,0,0,0,8,3,/XKLSHV+MinionPro-Regular2,1.0,50.96,-3217.06,78.96,-3216.06,-3217.06,4016.11,50.96,521.07,"on blockchain, which improves the accuracy of malicious"
8,0,0,0,0,10,3,/XKLSHV+MinionPro-Regular2,1.0,308.97,-3317.56,338.97,-3316.56,-3317.56,4116.61,308.97,261.06,"problem of node trust in the Internet of Vehicles. However,"
8,0,0,0,0,14,3,/XKLSHV+MinionPro-Regular2,1.0,308.97,-3659.69,336.47,-3430.61,-3659.69,4230.66,308.97,263.56,"we cannot ignore the cost of communication, computing, andstorage.,erefore,weneedtolookattrustmanagement solutions and do lightweight optimizations."
8,0,0,0,0,9,3,/MXVQRU+MinionPro-It,1.0,308.97,-3694.1,325.97,-3693.1,-3694.1,4493.15,308.97,274.06,"4.4. Access Control. With expanding scale in IoV, the"
8,0,0,0,0,12,3,/XKLSHV+MinionPro-Regular2,1.0,308.97,-3945.08,337.47,-3704.55,-3945.08,4504.6,308.97,262.56,"amountofgenerateddataisincreasingexponentially.Secure systemsmusteﬀectivelycontrolaccesstothisinformationto protect the network from speciﬁc attacks (data analysis, tracking, etc.)."
8,0,0,0,0,8,3,/XKLSHV+MinionPro-Regular2,1.0,323.94,-3956.53,348.44,-3955.53,-3956.53,4755.58,323.94,251.6,Sharma and Chakraborty [53] propose a system for
8,0,0,0,0,42,3,/XKLSHV+MinionPro-Regular2,1.0,308.97,-4447.1,338.97,-3966.97,-4447.1,4767.02,308.97,261.06,"vehicle data management that incorporates secure identity authentication, privacy protection, and access control. ,is systemconsistsofavehicle,amodel,achain,aregistry,anda service provider. ,e vehicle can request information from the service provider, who adds the access request details, along with the permission status, to the blockchain as transactions."
8,0,0,0,0,8,3,/XKLSHV+MinionPro-Regular2,1.0,323.94,-4458.54,351.44,-4457.54,-4458.54,5257.59,323.94,248.6,Considering the need for both attribute-based data ac-
8,0,0,0,0,131,3,/XKLSHV+MinionPro-Regular2,1.0,308.97,-5975.49,340.47,-4468.99,-5975.49,5269.04,308.97,259.56,"cess control and location-based data access control, Jiang et al. [54] developed a location-based data access control scheme (LB-DAC) for vehicle networking. Data owners, data users, cloud storage servers, attribute permissions, location permissions, fog computing nodes, and blockchain systems are the seven entities deﬁned within the LB-DAC scheme. Data owners can encrypt data and upload it to the cloud server under speciﬁc access control policies. Decryption can only occur if the vehicle’s attributes and location meet speciﬁc requirements. As a result, the addition of fog nodes enables the positioning function. When the vehicle arrives at the designated area, the vehicle receives a location key. Additionally, it provides computing resources for decrypting vehicles. As a tamper-proof bulletin board, the blockchain is responsible for publishing public parameters of property permissions and location permits."
8,0,0,0,0,9,3,/XKLSHV+MinionPro-Regular2,1.0,323.94,-5986.94,350.44,-5985.94,-5986.94,6785.99,323.94,249.6,Mendiboure et al. [55] introduced SDN to improve the
8,0,0,0,0,7,3,/XKLSHV+MinionPro-Regular2,1.0,308.97,-5998.39,333.97,-5997.39,-5998.39,6797.44,308.97,266.06,scalability of blockchain networks and shorten the
9,0,0,0,0,35,2,/Times-Roman,5.76,584.28,778.29,1511.64,784.05,778.29,16.0,584.28,-911.6,"2037, 2022, 1, Downloaded from https://onlinelibrary.wiley.com/doi/10.1155/2022/8689651, Wiley Online Library on [17/06/2024]. See the Terms and Conditions (https://onlinelibrary.wiley.com/terms-and-conditions) on Wiley Online Library for rules of use; OA articles are governed by the applicable Creative Commons License"
9,0,0,0,0,40,3,/XKLSHV+MinionPro-Regular2,1.0,50.97,736.74,2476.3,748.74,736.74,51.31,50.97,-1876.27,"Security and Communication Networks 9  2037, 2022, 1, Downloaded from https://onlinelibrary.wiley.com/doi/10.1155/2022/8689651, Wiley Online Library on [17/06/2024]. See the Terms and Conditions (https://onlinelibrary.wiley.com/terms-and-conditions) on Wiley Online Library for rules of use; OA articles are governed by the applicable Creative Commons License"
9,0,0,0,0,8,3,/SKIOQL+Minion-RegularSC,1.0,202.68,719.45,249.41,720.45,719.45,79.6,202.68,350.63,T able 4: Comparison of trust management schemes.
9,0,0,0,0,39,3,/XKLSHV+MinionPro-Regular2,1.0,52.94,648.19,87.46,703.78,648.19,96.27,52.94,512.58,"Scheme Smart contract Consensus algorithm Incentive mechanism Others [48] N Y N Bayes reasoning model [15] N Y N Reputation evaluation algorithm [49, 50] Y Y N PUF [51] Y Y Y Sharing blochchain [52] Y Y Y HMM"
9,0,0,0,0,116,3,/XKLSHV+MinionPro-Regular2,1.0,50.97,-787.2,81.97,616.71,-787.2,183.34,50.97,518.07,"authentication/access control/undo process. ,e authors deﬁnedthreetypesofnodesinthispaper:localnodes,which only involve the local blockchain subnet, used to authenticate/control the access of devices (vehicles, SDN controllers, and roadside devices) located in the geographical area; internal nodes, nodes involving two or more local blockchain subnets, enabling transitional veriﬁcation/control of access across diﬀerent geographic regions; global node: a node that contains both the global blockchain network and the local blockchain subnet. It retrieves information about each local blockchain subnetwork and updates the global status of the network. When the SDN controller attempts to connect to the vehicle, the blockchain node checks whether the current geographical area of the vehicle belongs to the area authorized by the controller; if not, the contact deny."
9,0,0,0,0,9,3,/XKLSHV+MinionPro-Regular2,1.0,65.88,-798.65,92.38,-797.65,-798.65,1597.7,65.88,507.66,Liu et al. [56] introduced the edge-chain system and
9,0,0,0,0,160,3,/XKLSHV+MinionPro-Regular2,1.0,50.97,-2794.72,81.97,-809.09,-2794.72,1609.14,50.97,518.07,"designed a dynamic access control model based on risk prediction, RPBAC, to secure access control of Internet of Vehicles devices. ,e blockchain network consists of vehicle nodes and roadside cells (RSUs), where the edge chain is on theRSU,andthevehiclenodeservesasthelightweightnode. ,e RSU, as a full node and an edge node (edge service), provides access control services for the vehicle node. Blockchainisresponsibleforsafestorage,thesmartcontract is responsible for automatic execution of the control strategy,andtheintelligentcontrolmoduleisresponsiblefor a wise decision. ,e intelligent management control module establishes the RPBAC model by introducing GAN. ,e RPBAC model obtains the behavior data of the requesting vehicle from the blockchain and receives the numerical matrix from the historical behavior through data preprocessing. As the input of GAN, the numerical matrix predictstherequestedvehicle’srisklevel.,eriskprediction model is built on TensorFlow 1.12.0 and coded by Python. ,e expected risk level, combined with the security requirements of the resource owner’s vehicle, is used to assess the access rights of the requesting vehicle and generate the corresponding access control policies."
9,0,0,0,0,7,3,/XKLSHV+MinionPro-Regular2,1.0,65.88,-2806.17,91.88,-2805.17,-2806.17,3605.22,65.88,508.16,"In addition, attribute-based encryption (ABE) is an"
9,0,0,0,0,41,3,/XKLSHV+MinionPro-Regular2,1.0,50.97,-3273.84,80.47,-2816.67,-3273.84,3616.72,50.97,519.57,"encryption technique that can simultaneously achieve data conﬁdentiality and access control, especially those ABE schemes with revocation functions. However, most of the existing revocable ABE schemes require nodes to update the private keys of all nonrevoked nodes during the update and"
9,0,0,0,0,7,3,/XKLSHV+MinionPro-Regular2,1.0,308.98,-3282.68,337.98,-3281.68,-3282.68,4081.73,308.98,262.06,decryption authorization for some vehicles without updat-
9,0,0,0,0,8,3,/XKLSHV+MinionPro-Regular2,1.0,50.97,-3387.88,77.97,-3386.88,-3387.88,4186.93,50.97,522.07,"withdrawal process. ,erefore, the key update work may"
9,0,0,0,0,8,3,/XKLSHV+MinionPro-Regular2,1.0,308.98,-3396.72,337.48,-3395.72,-3396.72,4195.77,308.98,262.56,"ing all unrevoked keys, reducing computational delay and"
9,0,0,0,0,10,3,/XKLSHV+MinionPro-Regular2,1.0,50.97,-3501.93,78.97,-3500.93,-3501.93,4300.98,50.97,521.07,become a system bottleneck. Wang et al. [57] proposed a
9,0,0,0,0,7,3,/XKLSHV+MinionPro-Regular2,1.0,323.94,-3522.21,349.94,-3521.21,-3522.21,4321.26,323.94,250.1,"In summary, research on blockchain-based IoV access"
9,0,0,0,0,10,3,/XKLSHV+MinionPro-Regular2,1.0,308.98,-3533.66,339.98,-3532.66,-3533.66,4332.71,308.98,260.06,control technology is still at an early stage. In combination
9,0,0,0,0,8,3,/XKLSHV+MinionPro-Regular2,1.0,50.97,-3615.97,78.97,-3614.97,-3615.97,4415.02,50.97,521.07,dynamic ﬁne-grained access control scheme based on ABE.
9,0,0,0,0,7,3,/XKLSHV+MinionPro-Regular2,1.0,308.98,-3647.7,337.98,-3646.7,-3647.7,4446.75,308.98,262.06,with identity authentication and privacy protection tech-
9,0,0,0,0,10,3,/XKLSHV+MinionPro-Regular2,1.0,308.98,-3784.7,336.48,-3760.74,-3784.7,4560.79,308.98,263.56,"nology,therearemoreaccesscontrolmethods.Butthereare fewmethodsforapplicationaccesscontrol.Inthelaterstage, the application access control table can be designed"
9,0,0,0,0,15,3,/XKLSHV+MinionPro-Regular2,1.0,308.98,-4012.78,339.98,-3897.74,-4012.78,4697.79,308.98,260.06,according to the size of the blockchain to realize the access control of the application.
9,0,0,0,0,9,3,/MXVQRU+MinionPro-It,1.0,308.98,-4047.14,327.48,-4046.14,-4047.14,4846.19,308.98,272.56,4.5. Other Solutions. To speed up distributed key manage-
9,0,0,0,0,109,3,/XKLSHV+MinionPro-Regular2,1.0,308.98,-5233.41,338.48,-4057.59,-5233.41,4857.64,308.98,261.56,"mentinheterogeneousnetworksandimproveeﬃciency,Lai et al. [58] adopted blockchain technology. ,e framework consists of two schemes, namely, a new blockchain-assisted key management scheme and a dynamic transaction collection scheme. In the key management scheme, the authors eliminate the central manager and introduce multiple security managers to play an essential role in the authentication and veriﬁcation of the key transmission process. ,e processed records are stored on the blockchain and shared between the SMs. On the other hand, the dynamic transaction acquisition scheme enables the system to reduce the key transmission time of the blockchain network during the vehicle switching process, and the acquisition cycle can change dynamically according to diﬀerent traﬃc levels."
9,0,0,0,0,9,3,/XKLSHV+MinionPro-Regular2,1.0,323.94,-5244.86,351.44,-5243.86,-5244.86,6043.91,323.94,248.6,On behalf of ensuring the security and traceability of
9,0,0,0,0,137,3,/XKLSHV+MinionPro-Regular2,1.0,308.98,-7332.08,339.98,-5255.36,-7332.08,6055.41,308.98,260.06,"datasharingin-vehiclenetworks,Kangetal.[59]proposeda reputation-based blockchain scheme. Two smart contracts, DSSC(adatastoragesmartcontract)andISSC(information sharing smart contract), are deployed on the blockchain. DSSC realizes secure data storage, and ISSC realizes the eﬃcient data sharing function. ,e paper also cites subjective logic to construct the interactive individual reputation evaluation. ,e authors propose a three-component local view TWSL (three-weight subjective logic), which is diﬀerent from traditional subjective logic (TSL). ,ey also consider interaction frequency, event timelines, track similarity, and combine local opinions with recommendations to achieve accurate reputation management and highquality data sharing. Chen et al. [60] built a data sharing system composed of a two-layer blockchain based on a new content-centered vehicle Internet data sharing model-VehicleNamingDataNetwork(VNDN),whichhasemergedin recentyears.Atthebottom,wedividevehiclesintogroupsof blockchains based on their mobility trend similarity or PBO (a private blockchain for OBUs). At the top level, a preselected RSU executes the consensus process. Assume that"
10,0,0,0,0,35,2,/Times-Roman,5.76,584.28,778.29,1511.64,784.05,778.29,16.0,584.28,-911.6,"2037, 2022, 1, Downloaded from https://onlinelibrary.wiley.com/doi/10.1155/2022/8689651, Wiley Online Library on [17/06/2024]. See the Terms and Conditions (https://onlinelibrary.wiley.com/terms-and-conditions) on Wiley Online Library for rules of use; OA articles are governed by the applicable Creative Commons License"
10,0,0,0,0,59,3,/XKLSHV+MinionPro-Regular2,1.0,50.97,227.76,81.47,719.83,227.76,80.22,50.97,518.57,"allvehiclesinclinedtoparticipateintheinformationsharing system are legitimate entities registered with a trusted institution. ,e authors also model the balance between demand and supply as a matching game. To encourage nodes to provide forward services, the authors propose a reputation management mechanism that combines negative and forward transaction records to improve the security of information interaction in VNDN. 5.Security Analysis Methods and Performance"
10,0,0,0,0,8,3,/XKLSHV+MinionPro-Regular2,1.0,65.88,216.81,92.88,217.81,216.81,582.24,65.88,507.16,Akhter et al. [61] proposed a blockchain-based secure
10,0,0,0,0,3,3,/NAHHLB+MinionStd-Black,1.0,62.48,214.32,71.48,215.32,214.32,584.73,62.48,528.56,Parameters in BIoV
10,0,0,0,0,52,3,/XKLSHV+MinionPro-Regular2,1.0,50.97,91.32,351.94,206.9,91.32,593.15,50.97,248.1,"Bidirectional authentication: in the designed certiﬁca- cluster MAC protocol (SCB-MAC) based on the traditional tion process, certiﬁcation entities are for mutual 5.1. Security Analysis Methods. Based on thoroughly investigating blockchain-based IoV security technology in the last section, we analyzed that each protocol and scheme’s IEEE802.11 standard, which deﬁned the formation of the"
10,0,0,0,0,15,3,/XKLSHV+MinionPro-Regular2,1.0,50.97,-22.72,79.47,58.42,-22.72,741.63,50.97,520.57,"simulation environment and analysis methods diﬀered. ,is cluster, handshake mode, and transmission of speciﬁc and"
10,0,0,0,0,7,3,/XKLSHV+MinionPro-Regular2,1.0,329.16,-50.81,353.66,-49.81,-50.81,849.86,329.16,246.38,after mutual authentication and key protocol are
10,0,0,0,0,16,3,/XKLSHV+MinionPro-Regular2,1.0,50.97,-136.76,80.47,-55.62,-136.76,855.67,50.97,519.57,section focuses on security analysis methods and perfornonsecure messages in detail. Assume that all vehicles are
10,0,0,0,0,8,3,/XKLSHV+MinionPro-Regular2,1.0,329.16,-164.85,355.16,-163.85,-164.85,963.9,329.16,244.88,"completed, the secret key is generated, stored, and"
10,0,0,0,0,4,3,/XKLSHV+MinionPro-Regular2,1.0,50.97,-170.66,63.47,-169.66,-170.66,969.71,50.97,536.57,mance parameters in BIoV.
10,0,0,0,0,19,3,/XKLSHV+MinionPro-Regular2,1.0,329.16,-202.2,355.66,-175.36,-202.2,975.41,329.16,244.38,"revoked, and this forms the life cycle management of the private key Privacy protection: in schemes, protocols, and other"
10,0,0,0,0,7,3,/MXVQRU+MinionPro-It,1.0,50.97,-207.62,66.97,-206.62,-207.62,1006.67,50.97,533.07,5.1.1. Informal Safety Analysis. Informal security analysis
10,0,0,0,0,8,3,/XKLSHV+MinionPro-Regular2,1.0,329.16,-213.71,356.16,-212.71,-213.71,1012.76,329.16,243.88,"processes, it is necessary to consider preventing the"
10,0,0,0,0,10,3,/XKLSHV+MinionPro-Regular2,1.0,50.97,-219.07,79.97,-218.07,-219.07,1018.12,50.97,520.07,refers to the theory or process analysis of the following
10,0,0,0,0,8,3,/XKLSHV+MinionPro-Regular2,1.0,329.16,-225.16,357.16,-224.16,-225.16,1024.21,329.16,242.88,disclosure of information such as original identity and
10,0,0,0,0,16,3,/XKLSHV+MinionPro-Regular2,1.0,50.97,-250.8,82.47,-229.52,-250.8,1029.57,50.97,517.57,security elements according to the characteristics of security equipped with the hardware and software resources needed
10,0,0,0,0,8,3,/XKLSHV+MinionPro-Regular2,1.0,329.16,-339.2,356.16,-338.2,-339.2,1138.25,329.16,243.88,how to share sensitive information (such as anonymity
10,0,0,0,0,19,3,/XKLSHV+MinionPro-Regular2,1.0,50.97,-364.84,79.97,-343.56,-364.84,1143.61,50.97,520.07,"protocols proposed in this paper. Table 5 shows the comto send and receive information, such as OBUs, sensors, a"
10,0,0,0,0,4,3,/XKLSHV+MinionPro-Regular2,1.0,50.97,-458.6,65.47,-457.6,-458.6,1257.65,50.97,534.57,parison of relating schemes.
10,0,0,0,0,9,3,/XKLSHV+MinionPro-Regular2,1.0,329.16,-467.7,357.66,-466.7,-467.7,1266.75,329.16,242.38,Resist attacks: according to the design of the agreement
10,0,0,0,0,48,3,/XKLSHV+MinionPro-Regular2,1.0,50.97,-615.88,356.16,-477.89,-615.88,1277.94,50.97,243.88,"global positioning system (GPS). ,ey can connect to high-  and scheme, it is necessary to consider resisting the speed Internet. A Certiﬁcation Authority (CA) physically  man-in-the-middleattack,DOSattack,andotherkinds veriﬁes all vehicles. ,e CA assigns a public and private key pair to each car. ,e CA is considered secure enough to"
10,0,0,0,0,6,3,/XKLSHV+MinionPro-Regular2,1.0,329.16,-707.23,345.16,-706.23,-707.23,1506.28,329.16,254.88,of attacks proposed in Section 2
10,0,0,0,0,8,3,/MXVQRU+MinionPro-It,1.0,308.98,-738.64,327.98,-737.64,-738.64,1537.69,308.98,272.06,"5.1.2. Formal Safety Analysis Methods. ,e formal security"
10,0,0,0,0,8,3,/XKLSHV+MinionPro-Regular2,1.0,308.98,-750.09,337.98,-749.09,-750.09,1549.14,308.98,262.06,"analysis method is proved by mathematical theorem. First,"
10,0,0,0,0,10,3,/XKLSHV+MinionPro-Regular2,1.0,50.97,-843.97,80.97,-842.97,-843.97,1643.02,50.97,519.07,and others as cluster members (CM) in a centralized vehicle
10,0,0,0,0,8,3,/XKLSHV+MinionPro-Regular2,1.0,308.98,-864.13,338.98,-863.13,-864.13,1663.18,308.98,261.06,"establish the theorem. Secondly, the popular security veri-"
10,0,0,0,0,11,3,/XKLSHV+MinionPro-Regular2,1.0,50.97,-958.01,79.47,-957.01,-958.01,1757.06,50.97,520.57,system. CH will handle all NSMT between CMs as an access
10,0,0,0,0,10,3,/XKLSHV+MinionPro-Regular2,1.0,308.98,-978.17,338.98,-977.17,-978.17,1777.22,308.98,261.06,ﬁcation tool ProVerif [66] veriﬁes the security of the pro-
10,0,0,0,0,7,3,/XKLSHV+MinionPro-Regular2,1.0,308.98,-1092.21,336.98,-1091.21,-1092.21,1891.26,308.98,263.06,posed authentication protocol. ProVerif is an automatic
10,0,0,0,0,8,3,/XKLSHV+MinionPro-Regular2,1.0,308.98,-1206.26,338.98,-1205.26,-1206.26,2005.31,308.98,261.06,formal veriﬁcation cryptographic protocol tool based on the
10,0,0,0,0,6,3,/XKLSHV+MinionPro-Regular2,1.0,50.97,-1300.14,80.47,-1299.14,-1300.14,2099.19,50.97,519.57,initiatea transactionin aspeciﬁed blockchainto notifyof an
10,0,0,0,0,8,3,/XKLSHV+MinionPro-Regular2,1.0,308.98,-1320.3,334.48,-1319.3,-1320.3,2119.35,308.98,265.56,Dolev-Yao model developed by Bruno Blanchet. It is
10,0,0,0,0,10,3,/XKLSHV+MinionPro-Regular2,1.0,50.97,-1414.18,81.47,-1413.18,-1414.18,2213.23,50.97,518.57,"emergency. ,e vehicle will sign the message with its private"
10,0,0,0,0,9,3,/XKLSHV+MinionPro-Regular2,1.0,50.97,-1528.22,79.47,-1527.22,-1528.22,2327.27,50.97,520.57,"key to conﬁrm its identity and ensure nonrepudiation. ,e"
10,0,0,0,0,8,3,/XKLSHV+MinionPro-Regular2,1.0,50.97,-1642.26,80.97,-1641.26,-1642.26,2441.31,50.97,519.07,"blockchain server will check the authentication, generate a"
10,0,0,0,0,7,3,/XKLSHV+MinionPro-Regular2,1.0,308.98,-1662.42,337.98,-1661.42,-1662.42,2461.47,308.98,262.06,"key cryptography (encryption and digital signature), hash"
10,0,0,0,0,10,3,/XKLSHV+MinionPro-Regular2,1.0,50.97,-1767.81,77.47,-1755.3,-1767.81,2555.35,50.97,522.57,"block from the transmission, and broadcast it to all members."
10,0,0,0,0,7,3,/XKLSHV+MinionPro-Regular2,1.0,65.88,-1779.26,93.88,-1778.26,-1779.26,2578.31,65.88,506.16,",is section examines security solutions beyond identity"
10,0,0,0,0,5,3,/XKLSHV+MinionPro-Regular2,1.0,308.98,-1787.97,337.98,-1786.97,-1787.97,2587.02,308.98,262.06,"specify rewriterules and equationsforinput languages,such"
10,0,0,0,0,6,3,/XKLSHV+MinionPro-Regular2,1.0,50.97,-1790.7,79.97,-1789.7,-1790.7,2589.75,50.97,520.07,"authentication, privacy protection, trust management, and"
10,0,0,0,0,9,3,/XKLSHV+MinionPro-Regular2,1.0,308.98,-1913.46,339.48,-1912.46,-1913.46,2712.51,308.98,260.56,protocol used for authentication is divided into three parts
10,0,0,0,0,11,3,/XKLSHV+MinionPro-Regular2,1.0,50.97,-1916.19,80.47,-1915.19,-1916.19,2715.24,50.97,519.57,"a speciﬁc point on the Internet of Vehicles, such as repu-"
10,0,0,0,0,8,3,/XKLSHV+MinionPro-Regular2,1.0,308.98,-2027.51,338.98,-2026.51,-2027.51,2826.56,308.98,261.06,"[67]: (1) declaring encryption primitives, (2) deﬁning pro-"
10,0,0,0,0,6,3,/XKLSHV+MinionPro-Regular2,1.0,50.97,-2030.24,78.47,-2029.24,-2030.24,2829.29,50.97,521.57,"tation-based data sharing, without considering privacy"
10,0,0,0,0,11,3,/XKLSHV+MinionPro-Regular2,1.0,308.98,-2141.55,338.48,-2140.55,-2141.55,2940.6,308.98,261.56,cesses on the primary process and a single entity as child
10,0,0,0,0,7,3,/XKLSHV+MinionPro-Regular2,1.0,50.97,-2144.28,78.97,-2143.28,-2144.28,2943.33,50.97,521.07,"protection while considering data sharing. ,erefore, we"
10,0,0,0,0,8,3,/XKLSHV+MinionPro-Regular2,1.0,308.98,-2255.59,338.48,-2254.59,-2255.59,3054.64,308.98,261.56,"processes, and (3) instantiation child processes using the"
10,0,0,0,0,10,3,/XKLSHV+MinionPro-Regular2,1.0,50.97,-2258.32,80.47,-2257.32,-2258.32,3057.37,50.97,519.57,suggest that we take full advantage of the technical char-
10,0,0,0,0,9,3,/XKLSHV+MinionPro-Regular2,1.0,308.98,-2369.63,337.98,-2368.63,-2369.63,3168.68,308.98,262.06,immediate process. When using the ProVerif tool to verify
10,0,0,0,0,9,3,/XKLSHV+MinionPro-Regular2,1.0,50.97,-2372.36,79.47,-2371.36,-2372.36,3171.41,50.97,520.57,acteristics of IoV and blockchain and solve the security
10,0,0,0,0,9,3,/XKLSHV+MinionPro-Regular2,1.0,308.98,-2483.67,337.48,-2482.67,-2483.67,3282.72,308.98,262.56,"the cryptographic protocol, this tool will give a corre-"
10,0,0,0,0,10,3,/XKLSHV+MinionPro-Regular2,1.0,50.97,-2486.4,79.47,-2485.4,-2486.4,3285.45,50.97,520.57,problems of the Internet of Vehicles through the IoV ar-
10,0,0,0,0,8,3,/XKLSHV+MinionPro-Regular2,1.0,308.98,-2597.72,339.98,-2596.72,-2597.72,3396.77,308.98,260.06,sponding attack sequence if the protocol has vulnerabilities.
10,0,0,0,0,8,3,/XKLSHV+MinionPro-Regular2,1.0,50.97,-2611.95,78.47,-2599.45,-2611.95,3399.5,50.97,521.57,chitecture and technology innovation of the integrated block.
10,0,0,0,0,42,3,/XKLSHV+MinionPro-Regular2,1.0,308.98,-2962.8,339.48,-2710.76,-2962.8,3510.81,308.98,260.56,"ProVerif can prove the following attributes: conﬁdentiality (the adversary does not have access to the secret), authentication and its more general counterpart, high secrecy (the adversary does not see the diﬀerence when the secret value changes), and only equivalence between processes with"
10,0,0,0,0,40,3,/XKLSHV+MinionPro-Regular2,1.0,50.97,-3059.02,2321.25,-3047.02,-3059.02,3847.07,50.97,-1721.21,"10 Security and Communication Networks  2037, 2022, 1, Downloaded from https://onlinelibrary.wiley.com/doi/10.1155/2022/8689651, Wiley Online Library on [17/06/2024]. See the Terms and Conditions (https://onlinelibrary.wiley.com/terms-and-conditions) on Wiley Online Library for rules of use; OA articles are governed by the applicable Creative Commons License"
10,0,0,0,0,15,3,/XKLSHV+MinionPro-Regular2,1.0,308.98,-3190.88,338.98,-3075.84,-3190.88,3875.89,308.98,261.06,diﬀerent terms. Table 6 lists a comparison of formal safety analysis methods in the literature.
10,0,0,0,0,13,3,/MXVQRU+MinionPro-It,1.0,308.98,-3233.74,337.98,-3221.23,-3233.74,4021.28,308.98,262.06,5.2. Performance Evaluation Characteristic Parameters and Comparison. We summarize the blockchain types and
10,0,0,0,0,44,3,/XKLSHV+MinionPro-Regular2,1.0,308.98,-3712.8,339.98,-3244.19,-3712.8,4044.24,308.98,260.06,"performance evaluation parameters involved in the literature, as shown in Table 7. We can see that, by evaluating the methods proposed in the literature in a blockchain, in addition to the regular communication overhead and computational overhead, the researchers also assess the storage overhead."
10,0,0,0,0,7,3,/XKLSHV+MinionPro-Regular2,1.0,324.74,-3729.98,349.74,-3728.98,-3729.98,4529.03,324.74,250.3,(1) Communication overhead: this parameter is the
10,0,0,0,0,6,3,/XKLSHV+MinionPro-Regular2,1.0,339.19,-3741.42,360.19,-3740.42,-3741.42,4540.47,339.19,239.84,maximum packet size required for protocol
11,0,0,0,0,35,2,/Times-Roman,5.76,584.28,778.29,1511.64,784.05,778.29,16.0,584.28,-911.6,"2037, 2022, 1, Downloaded from https://onlinelibrary.wiley.com/doi/10.1155/2022/8689651, Wiley Online Library on [17/06/2024]. See the Terms and Conditions (https://onlinelibrary.wiley.com/terms-and-conditions) on Wiley Online Library for rules of use; OA articles are governed by the applicable Creative Commons License"
11,0,0,0,0,40,3,/XKLSHV+MinionPro-Regular2,1.0,50.97,736.74,2471.54,748.74,736.74,51.31,50.97,-1871.5,"Security and Communication Networks 11  2037, 2022, 1, Downloaded from https://onlinelibrary.wiley.com/doi/10.1155/2022/8689651, Wiley Online Library on [17/06/2024]. See the Terms and Conditions (https://onlinelibrary.wiley.com/terms-and-conditions) on Wiley Online Library for rules of use; OA articles are governed by the applicable Creative Commons License"
11,0,0,0,0,9,3,/SKIOQL+Minion-RegularSC,1.0,192.42,719.45,243.2,720.45,719.45,79.6,192.42,356.84,T able 5: Comparison of informal safety analysis methods.
11,0,0,0,0,34,3,/XKLSHV+MinionPro-Regular2,1.0,52.96,653.41,99.96,703.78,653.41,96.27,52.96,500.07,"Security characteristics [62] [63] [64] [65] Bidirectional authentication Y Y Y N Key management Y Y N Y Privacy protection PFS/PBS Y N N Resist attacks Man-in-the-middle attack Man-in-the-middle attack DOS attack, physical attack,"
11,0,0,0,0,5,3,/XKLSHV+MinionPro-Regular2,1.0,362.11,648.2,386.11,649.2,648.2,150.85,362.11,213.93,and man-in-the-middle attack Resist cyberattacks
11,0,0,0,0,9,3,/SKIOQL+Minion-RegularSC,1.0,196.1,609.98,245.83,610.98,609.98,189.07,196.1,354.21,T able 6: Comparison of formal safety analysis methods.
11,0,0,0,0,20,3,/XKLSHV+MinionPro-Regular2,1.0,52.94,570.01,71.45,594.26,570.01,205.79,52.94,528.59,Literature [25] [35] [53] [55] [58] Mathematical theorem proof Y Y N Y N ProVerif N N Y Y Y
11,0,0,0,0,7,3,/SKIOQL+Minion-RegularSC,1.0,210.95,542.29,256.68,543.29,542.29,256.76,210.95,343.35,T able 7: Blockchain simulation and parameters.
11,0,0,0,0,41,3,/XKLSHV+MinionPro-Regular2,1.0,52.96,481.4,91.46,526.57,481.4,273.48,52.96,508.58,Literature Simulation tools Blockchain Parameters for performance evaluation [21] Hyperledger Fabric 1.2 Storage overhead and computational overhead [35] Cygwin NO Computational overhead and communication overhead [51] Ethereum blockchain Computational overhead and communication overhead [61] Truﬄe framework Ethereum blockchain Storage overhead delay
11,0,0,0,0,8,3,/XKLSHV+MinionPro-Regular2,1.0,81.18,453.0,107.68,454.0,453.0,346.05,81.18,492.35,transport. Literature [48] points out that there are
11,0,0,0,0,16,3,/XKLSHV+MinionPro-Regular2,1.0,81.18,441.55,362.69,442.55,441.55,357.5,81.18,237.35,"two kinds of data, namely, secure and nonsecure  used to measure the dispersion of the proposed"
11,0,0,0,0,5,3,/CVTREQ+MinionMathSymbols,1.0,344.92,336.04,354.92,337.04,336.04,463.01,344.92,245.12,() can be expressed as
11,0,0,0,0,13,3,/XKLSHV+MinionPro-Regular2,1.0,81.18,327.51,364.19,328.51,327.51,471.54,81.18,235.85,"messages, transmitted through a wireless channel in  protocol by considering the geographical location"
11,0,0,0,0,8,3,/CVTREQ+MinionMathSymbols,1.0,364.48,318.63,503.53,319.63,318.63,480.41,364.48,96.51,|(x) − λ (y)|dydx |(x) − λ (y)|dydx
11,0,1,0,0,4,3,/LLQAFT+minionMathItalic,1.0,350.65,314.84,467.25,315.84,314.84,484.21,350.65,132.79,a a a a
11,0,0,0,0,3,3,/LLQAFT+minionMathItalic,1.0,381.77,303.04,492.86,305.01,303.04,495.04,381.77,107.18,"2M ,(x)dydx �"
11,0,0,0,0,26,3,/XKLSHV+MinionPro-Regular2,1.0,339.2,242.62,457.09,266.57,242.62,533.48,339.2,142.95,"where a  is the area of the two-dimensional coordinate (x, y) of the geographical location of RSU and the distribution density of (x) in this area."
11,0,0,0,0,9,3,/XKLSHV+MinionPro-Regular2,1.0,324.07,228.22,351.57,229.22,228.22,570.83,324.07,248.47,(4) Delay: the time required for the successful trans-
11,0,0,0,0,10,3,/XKLSHV+MinionPro-Regular2,1.0,339.2,216.78,544.02,217.78,216.78,582.27,339.2,56.01,"mission of a message [46]. ,en, the average delay E"
11,0,0,0,0,15,3,/XKLSHV+MinionPro-Regular2,1.0,81.18,213.47,365.19,214.47,213.47,585.58,81.18,234.85,"the vehicular network. Safety messages are triggered  distribution of miners’ nodes. ,e Gini coeﬃcient is"
11,0,0,0,0,5,3,/XKLSHV+MinionPro-Regular2,1.0,339.2,205.27,349.7,206.27,205.27,593.78,339.2,250.34,[D] can be expressed as
11,0,0,0,1,10,3,/LLQAFT+minionMathItalic,1.0,346.35,178.89,536.37,180.65,178.89,619.4,346.35,63.67,E[D] � E T E T  ( − . 2)
11,0,0,0,1,2,3,/XKLSHV+MinionPro-Regular2,1.0,431.94,172.82,439.98,173.82,172.82,626.23,431.94,160.06,1  P
11,0,0,0,0,8,3,/CVTREQ+MinionMathSymbols,1.0,323.95,146.06,438.05,147.06,146.06,652.99,323.95,161.99,] represents the average time Among them E[T
11,0,0,0,0,7,3,/XKLSHV+MinionPro-Regular2,1.0,308.98,134.61,333.48,135.61,134.61,664.44,308.98,266.55,"interval between two successful packets received, Pf"
11,0,0,0,0,5,3,/XKLSHV+MinionPro-Regular2,1.0,308.98,123.16,498.58,124.16,123.16,675.89,308.98,101.45,"showsthepacketlossprobability,and E [T ] expressesthe"
11,0,0,0,0,4,3,/XKLSHV+MinionPro-Regular2,1.0,308.98,111.71,321.98,112.71,111.71,687.34,308.98,278.06,average packet loss time.
11,0,0,0,0,11,3,/XKLSHV+MinionPro-Regular2,1.0,81.18,99.42,362.69,101.26,99.42,698.79,81.18,237.35,"Communicationdelayisanimportantindicatortojudge by speciﬁc road-related events and broadcast by the in[0,1],where0representscomplete dispersionand"
11,0,0,0,0,9,3,/XKLSHV+MinionPro-Regular2,1.0,308.98,88.82,338.48,89.82,88.82,710.23,308.98,261.56,whether the technical security solution of the Internet of
11,0,0,0,1,3,3,/NWWMST+MinionMathExtension,1.0,0.0,-1.0,1.0,0.0,-1.0,800.05,0.0,599.04,􏽒 􏽒 P
11,0,0,0,0,13,3,/XKLSHV+MinionPro-Regular2,1.0,81.18,-14.62,363.19,-13.62,-14.62,813.67,81.18,236.85,"vehicle; the packet size of the message is set to 800  1representstotalconcentration. ,erefore,themore"
11,0,0,0,0,8,3,/XKLSHV+MinionPro-Regular2,1.0,308.98,-25.23,336.48,-24.23,-25.23,824.28,308.98,263.56,"Vehicles is eﬃcient. ,e most common simulation indica-"
11,0,0,0,0,16,3,/XKLSHV+MinionPro-Regular2,1.0,81.18,-128.66,365.19,-127.66,-128.66,927.71,81.18,234.85,bytes. Unsafe data generated by a car are accumu-  dispersed or uniform the geographic distribution of
11,0,0,0,0,10,3,/XKLSHV+MinionPro-Regular2,1.0,308.98,-150.78,336.48,-138.27,-150.78,938.32,308.98,263.56,tors: the same method evaluates the change of the communicationdelaywiththenumberofnodestodeterminethe
11,0,0,0,0,56,3,/XKLSHV+MinionPro-Regular2,1.0,81.18,-265.66,403.73,-241.7,-265.66,1041.75,81.18,196.31,"lated in a certain period, packaged into a packet, and  miner nodes is, the closer the coeﬃcient is to 0. In uploaded to a nearby RSU. ,e size of the nonsecure  this paper, (x) is used to express the geographical message packet is usually more signiﬁcant than the  distribution density of RSU, and the Gini coeﬃcient"
11,0,0,0,0,29,3,/XKLSHV+MinionPro-Regular2,1.0,81.18,-607.78,109.68,-378.7,-607.78,1178.75,81.18,490.35,"size of the secure message. In literature [50], the size of the blockchain data packet is 512 bytes, and the size of the application data packet is 64 bytes."
11,0,0,0,0,6,3,/XKLSHV+MinionPro-Regular2,1.0,65.99,-622.24,92.49,-621.24,-622.24,1421.29,65.99,507.55,(2) Computational complexity: the computational com-
11,0,0,0,0,107,3,/XKLSHV+MinionPro-Regular2,1.0,81.18,-1925.56,109.18,-735.28,-1925.56,1535.33,81.18,490.85,"plexityisrelatedtothealgorithmusedbytheprotocol or scheme. We can deﬁne the algorithm complexity involving signature, veriﬁcation, encryption, and decryption in the process as O (Sig), O (Sig), O (Enc), and O (Enc) functions. We can compare literature [44] and literature [45], as shown in Table 8. From the above comparison, we can see the location privacy protection scheme combined edge computing and RSU adopted in the literature [45] can quickly evaluate the trust value by using the trust data gathered from the blockchain. We want to protect vehicle location privacy while reducing computing time and communication costs. Of course, literature [44] strengthens the reliability of vehicles by analyzing various requirements of"
11,0,0,0,0,7,3,/XKLSHV+MinionPro-Regular2,1.0,339.2,-2009.14,524.57,-2008.14,-2009.14,2808.19,339.2,75.47,"decentralization. In [50], the Gini coeﬃcient g"
11,0,0,0,0,4,3,/XKLSHV+MinionPro-Regular2,1.0,81.18,-2039.6,99.68,-2038.6,-2039.6,2838.65,81.18,500.35,requesting and cooperating vehicles.
11,0,0,0,0,17,3,/XKLSHV+MinionPro-Regular2,1.0,81.18,-2407.63,106.18,-2064.5,-2407.63,2864.55,81.18,493.85,"tothedegreeof decentralizationofthesystem,andit can also judge the inﬂuence of system modiﬁcation onthedegreeofdecentralization.Wecandesignand optimize algorithms and frameworks to maximize"
12,0,0,0,0,35,2,/Times-Roman,5.76,584.28,778.29,1511.64,784.05,778.29,16.0,584.28,-911.6,"2037, 2022, 1, Downloaded from https://onlinelibrary.wiley.com/doi/10.1155/2022/8689651, Wiley Online Library on [17/06/2024]. See the Terms and Conditions (https://onlinelibrary.wiley.com/terms-and-conditions) on Wiley Online Library for rules of use; OA articles are governed by the applicable Creative Commons License"
12,0,0,0,0,40,3,/XKLSHV+MinionPro-Regular2,1.0,50.97,736.74,2321.25,748.74,736.74,51.31,50.97,-1721.21,"12 Security and Communication Networks  2037, 2022, 1, Downloaded from https://onlinelibrary.wiley.com/doi/10.1155/2022/8689651, Wiley Online Library on [17/06/2024]. See the Terms and Conditions (https://onlinelibrary.wiley.com/terms-and-conditions) on Wiley Online Library for rules of use; OA articles are governed by the applicable Creative Commons License"
12,0,0,0,0,7,3,/SKIOQL+Minion-RegularSC,1.0,204.78,719.45,251.56,720.45,719.45,79.6,204.78,348.48,T able 8: Comparison of computational complexity.
12,0,0,0,0,41,3,/XKLSHV+MinionPro-Regular2,1.0,52.95,669.11,98.46,703.78,669.11,96.27,52.95,501.58,Process of [45] Computational complexity Process of [44] Computational complexity Position veriﬁcation O (1) Veriﬁcation O (sig) Cross-regional trust stealth zone construction O (1) Request cooperative signature O (sig) Restore key and verify integrity O (Enc) Returns response O (sig)+O (Enc)
12,0,0,0,0,18,3,/XKLSHV+MinionPro-Regular2,1.0,50.97,618.71,316.48,631.16,618.71,168.89,50.97,283.56,scalability of the scheme; the comparison of the commu-  Acknowledgments nication delay between diﬀerent ways reﬂects the eﬃciency
12,0,0,0,0,25,3,/XKLSHV+MinionPro-Regular2,1.0,308.98,586.01,337.98,609.96,586.01,190.09,308.98,262.06,",is work was supported by the following projects: (1) the Graduate Research Innovation Project of Jiangsu Province, China (Grant no. KYCX21_3087); (2) the National Natural"
12,0,0,0,0,3,3,/NAHHLB+MinionStd-Black,1.0,50.97,579.82,64.97,580.82,579.82,219.23,50.97,535.07,6.Summarization and Prospect
12,0,0,0,0,9,3,/XKLSHV+MinionPro-Regular2,1.0,50.97,559.92,79.47,560.92,559.92,239.13,50.97,520.57,",rough the above discussion on various aspects of block-"
12,0,0,0,0,15,3,/XKLSHV+MinionPro-Regular2,1.0,50.97,503.85,347.35,505.67,503.85,294.38,50.97,252.69,"of the method. [1] R. Shrestha, S. Y. Nam, R. Bajracharya, and S. Kim, “Evolution"
12,0,0,0,0,18,3,/XKLSHV+MinionPro-Regular2,1.0,327.86,482.93,426.35,494.36,482.93,305.69,327.86,173.69,"of V2X communication and integration of blockchain for security enhancements,” Electronics, vol. 9, no. 9, p. 1338, 2020."
12,0,0,0,0,11,3,/XKLSHV+MinionPro-Regular2,1.0,308.98,471.96,341.9,473.44,471.96,326.61,308.98,258.13,"[2] R.ShresthaandS.Y.Nam,“Regionalblockchainforvehicular Science Foundation of China (Grant no. 61771265); (3) the"
12,0,0,0,0,13,3,/XKLSHV+MinionPro-Regular2,1.0,327.86,450.84,474.99,462.61,450.84,337.44,327.86,125.05,"networks to prevent 51% attacks,” IEEE Access , vol. 7, pp. 95033–95045, 2019."
12,0,0,0,0,8,3,/XKLSHV+MinionPro-Regular2,1.0,50.97,445.88,80.47,446.88,445.88,353.17,50.97,519.57,"chain-based IoV technology, security and privacy issues in"
12,0,0,0,0,14,3,/XKLSHV+MinionPro-Regular2,1.0,313.4,440.35,344.9,441.35,440.35,358.7,313.4,255.13,"[3] S. Xie, Z. Zheng, W. Chen, J. Wu, H.-N. Dai, and M. Imran,"
12,0,0,0,0,8,3,/XKLSHV+MinionPro-Regular2,1.0,327.86,429.52,348.86,430.52,429.52,369.53,327.86,251.18,"“Blockchain for cloud exchange: a survey,” Computers &"
12,0,0,0,0,8,3,/MXVQRU+MinionPro-It,1.0,327.86,418.75,345.86,419.75,418.75,380.3,327.86,254.18,"Electrical Engineering, vol. 81, Article ID 106526, 2020."
12,0,0,0,0,10,3,/XKLSHV+MinionPro-Regular2,1.0,313.4,408.26,343.9,409.26,408.26,390.79,313.4,256.13,"[4] P. Fraga-Lamas and T. M. Fernandez-Carames, “A review on"
12,0,0,0,0,10,3,/XKLSHV+MinionPro-Regular2,1.0,327.86,386.66,418.39,398.49,386.66,401.56,327.86,181.65,"blockchain technologies for an advanced and cyber-resilient automotiveindustry,” IEEE Access,vol.7,pp.17578–17598,2019."
12,0,0,0,0,13,3,/XKLSHV+MinionPro-Regular2,1.0,313.4,376.17,346.9,377.17,376.17,422.88,313.4,253.13,"[5] R. Shrestha, R. Bajracharya, A. P. Shrestha, and S. Y. Nam, “A"
12,0,0,0,0,9,3,/XKLSHV+MinionPro-Regular2,1.0,327.86,365.4,354.86,366.4,365.4,433.65,327.86,245.18,new type of blockchain for secure message exchange in
12,0,0,0,0,8,3,/XKLSHV+MinionPro-Regular2,1.0,308.98,357.92,336.98,358.92,357.92,441.13,308.98,263.06,Key Science and Technology Foundation of Nantong (Grant
12,0,0,0,0,9,3,/XKLSHV+MinionPro-Regular2,1.0,50.97,331.84,80.97,332.84,331.84,467.21,50.97,519.07,IoV applications have focused on people’s attention. We can
12,0,0,0,0,13,3,/XKLSHV+MinionPro-Regular2,1.0,327.86,257.46,374.0,269.29,257.46,530.76,327.86,226.04,"VANET,” Digital communications and networks , vol. 6, no. 2, pp. 177–186, 2020."
12,0,0,0,0,13,3,/XKLSHV+MinionPro-Regular2,1.0,313.4,247.03,346.4,248.03,247.03,552.02,313.4,253.63,"[6] T. Ali Syed, A. Alzahrani, S. Jan, M. S. Siddiqui, A. Nadeem,"
12,0,0,0,0,8,3,/XKLSHV+MinionPro-Regular2,1.0,327.86,236.2,355.36,237.2,236.2,562.85,327.86,244.68,"and T. Alghamdi, “A comparative analysis of blockchain"
12,0,0,0,0,6,3,/XKLSHV+MinionPro-Regular2,1.0,50.97,217.79,80.97,218.79,217.79,581.26,50.97,519.07,"enhance decentralized privacy protection, traceability, and"
12,0,0,0,0,15,3,/XKLSHV+MinionPro-Regular2,1.0,327.86,128.32,380.56,140.08,128.32,659.97,327.86,219.48,"architecture and its applications: problems and recommendations,” IEEE Access , vol. 7, pp. 176838–176869, 2019."
12,0,0,0,0,12,3,/XKLSHV+MinionPro-Regular2,1.0,313.39,117.83,344.89,118.83,117.83,681.22,313.39,255.14,"[7] T. Ali, A. Nadeem, M. Shoaib, M. Nauman, and A. Alzahrani,"
12,0,0,0,0,8,3,/XKLSHV+MinionPro-Regular2,1.0,50.97,103.75,81.97,104.75,103.75,695.3,50.97,518.07,other types of security by integrating blockchain technology.
12,0,0,0,0,3,3,/NAHHLB+MinionStd-Black,1.0,50.97,74.23,61.47,75.23,74.23,724.82,50.97,538.57,Conflicts of Interest
12,0,0,0,0,10,3,/XKLSHV+MinionPro-Regular2,1.0,50.97,54.33,79.97,55.33,54.33,744.72,50.97,520.07,",e authors declare that they have no conﬂicts of interest."
12,0,0,0,0,34,3,/XKLSHV+MinionPro-Regular2,1.0,50.97,-33.24,357.85,-9.29,-33.24,809.34,50.97,242.19,",e research achievements in identity authentication, privacy  [8] M.L.Chavez,C.H.Rosete,andF.R.Henriguez,“Securityand privacy vulnerabilities of in-car wireless networks: a tire protection, trust management, access control, and so on have been made. However, the following problems remain unre-"
12,0,0,0,0,9,3,/XKLSHV+MinionPro-Regular2,1.0,327.85,-118.76,494.79,-117.76,-118.76,917.81,327.85,105.25,"pressure monitoring system case study,” in Proceedings of the"
12,0,0,0,0,14,3,/MXVQRU+MinionPro-It,1.0,327.85,-140.36,357.85,-128.59,-140.36,928.64,327.85,242.19,"15th International Conference on electronics (2005), communications and Computers, August 2010, Article ID 166e70."
12,0,0,0,0,8,3,/XKLSHV+MinionPro-Regular2,1.0,50.97,-147.29,81.47,-146.29,-147.29,946.34,50.97,518.57,"solved. However, the following issues remain unresolved: (1)"
12,0,0,0,0,9,3,/XKLSHV+MinionPro-Regular2,1.0,313.39,-150.85,342.39,-149.85,-150.85,949.9,313.39,257.64,"[9] P. Sharma and H. Liu, “A machine-learning-based data-"
12,0,0,0,0,18,3,/XKLSHV+MinionPro-Regular2,1.0,327.85,-258.24,361.97,-246.4,-258.24,1046.45,327.85,238.06,"centric misbehavior detection model for internet of vehicles,” IEEE Internet of 5ings Journal , vol. 8, no. 6,"
12,0,0,0,0,7,3,/XKLSHV+MinionPro-Regular2,1.0,50.97,-261.33,79.97,-260.33,-261.33,1060.38,50.97,520.07,"development of a blockchain-based IoV security framework,"
12,0,0,0,0,3,3,/XKLSHV+MinionPro-Regular2,1.0,327.85,-269.07,338.35,-268.07,-269.07,1068.12,327.85,261.69,"pp. 4991–4999, 2021."
12,0,0,0,0,7,3,/XKLSHV+MinionPro-Regular2,1.0,327.85,-290.33,358.35,-289.33,-290.33,1089.38,327.85,241.69,"M. Szydlo, “Security analysis of a cryptographically-enabled"
12,0,0,0,0,9,3,/XKLSHV+MinionPro-Regular2,1.0,50.97,-375.37,79.97,-374.37,-375.37,1174.42,50.97,520.07,which is diﬀerent from the traditional IoV network archi-
12,0,0,0,0,8,3,/XKLSHV+MinionPro-Regular2,1.0,327.85,-387.44,394.66,-386.44,-387.44,1186.49,327.85,205.38,"RFID device,” USENIX Security Symposium, vol. 31, 2005."
12,0,0,0,0,11,3,/XKLSHV+MinionPro-Regular2,1.0,309.53,-397.87,339.03,-396.87,-397.87,1196.92,309.53,261.01,"[11] Sumra, I. Ahmed, H. BinHasbullah, J. L. A. Manan, and"
12,0,0,0,0,9,3,/XKLSHV+MinionPro-Regular2,1.0,327.84,-408.7,355.84,-407.7,-408.7,1207.75,327.84,244.2,"I. Ahmad, “Classiﬁcation of attacks in vehicular ad hoc"
12,0,0,0,0,9,3,/XKLSHV+MinionPro-Regular2,1.0,50.97,-489.41,79.47,-488.41,-489.41,1288.46,50.97,520.57,tecture. We can use existing infrastructure to build IoV
12,0,0,0,0,11,3,/XKLSHV+MinionPro-Regular2,1.0,327.84,-516.58,414.7,-504.81,-516.58,1304.86,327.84,185.34,"network (vanet),” International Information Institute (Tokyo), vol. 5, p. 2995, 2013."
12,0,0,0,0,9,3,/XKLSHV+MinionPro-Regular2,1.0,309.53,-527.07,339.03,-526.07,-527.07,1326.12,309.53,261.01,"[12] S. Checkoway, D. McCoy, and B. Kantor, “Comprehensive"
12,0,0,0,0,9,3,/XKLSHV+MinionPro-Regular2,1.0,50.97,-603.46,79.47,-602.46,-603.46,1402.51,50.97,520.57,systems at maximum cost savings; (2) studying new block-
12,0,0,0,0,7,3,/XKLSHV+MinionPro-Regular2,1.0,327.84,-624.19,354.34,-623.19,-624.19,1423.24,327.84,245.7,"experimental analyses of automotive attack surfaces,” 20th"
12,0,0,0,0,8,3,/MXVQRU+MinionPro-It,1.0,327.84,-634.95,344.34,-633.95,-634.95,1434.0,327.84,255.7,"USENIX Security Symposium, USENIX Security, vol. 11, 2011."
12,0,0,0,0,216,3,/XKLSHV+MinionPro-Regular2,1.0,50.97,-3181.24,82.97,-716.5,-3181.24,1516.55,50.97,517.07,"chainmodels.,emodeladdressescurrentchallengessuchas growing nodes, ledger, and data, reducing complexity and latency, and increasing scalability; (3) strengthening the control layer. ,is layer mainly uses intrusion detection and attack mitigation control. ,ese methods require numerical and theoretical analysis and can keep the network running in the face of errors, emergency demand outages, or physical attacks; (4) studying lightweight blockchain. ,e important limitations of smart contracts and consensus mechanisms are computingpower,communication,andenergyconsumption; moreover, with the increasing number of vehicles, there is a lot of data transmission and storage consumption. ,erefore, we should design a lightweight blockchain-based IoV framework or lightweight authentication and privacy protection protocols; (5) combination with existing new technologies. Blockchain can be combined with edge computing to enhance data analytics and improve the security of nodes on the Internet of Vehicles. Blockchain can also be combined with deep learning to build risk prediction models and improve access control security for Internet of Vehicles systems. Blockchain can also be combined with SDN and AI technologies to improve the transparency of the control plane. ,erefore, the signiﬁcance of the research work carried out in this paper is to summarize, classify, and discuss the existing blockchain-based Internet of Vehicles security technology, grasp its development direction, summarize veriﬁcation and eﬀective evaluation methods, and provide direction and method guidance for the following research work."
13,0,0,0,0,35,2,/Times-Roman,5.76,584.28,778.29,1511.64,784.05,778.29,16.0,584.28,-911.6,"2037, 2022, 1, Downloaded from https://onlinelibrary.wiley.com/doi/10.1155/2022/8689651, Wiley Online Library on [17/06/2024]. See the Terms and Conditions (https://onlinelibrary.wiley.com/terms-and-conditions) on Wiley Online Library for rules of use; OA articles are governed by the applicable Creative Commons License"
13,0,0,0,0,49,3,/XKLSHV+MinionPro-Regular2,1.0,50.97,719.34,2471.54,748.74,719.34,51.31,50.97,-1871.5,"Security and Communication Networks 13  2037, 2022, 1, Downloaded from https://onlinelibrary.wiley.com/doi/10.1155/2022/8689651, Wiley Online Library on [17/06/2024]. See the Terms and Conditions (https://onlinelibrary.wiley.com/terms-and-conditions) on Wiley Online Library for rules of use; OA articles are governed by the applicable Creative Commons License [13] R. Shrestha and S. Y. Nam, “Trustworthy event-information"
13,0,0,0,0,8,3,/XKLSHV+MinionPro-Regular2,1.0,69.84,708.74,249.24,709.74,708.74,90.31,69.84,350.79,"dissemination in vehicular ad hoc networks,” Mobile Infor-"
13,0,0,0,0,8,3,/MXVQRU+MinionPro-It,1.0,69.84,698.2,89.34,699.2,698.2,100.85,69.84,510.7,"mation Systems, vol. 2017, Article ID 9050787, 2017."
13,0,0,0,0,10,3,/XKLSHV+MinionPro-Regular2,1.0,51.53,687.71,212.8,688.71,687.71,111.34,51.53,387.23,"[14] J. R. Douceur, “,e sybil attack,” Peer-to-Peer Systems ,"
13,0,0,0,0,6,3,/XKLSHV+MinionPro-Regular2,1.0,69.84,677.11,94.34,678.11,677.11,121.94,69.84,505.7,"Springer, Berlin, Heidelberg, pp. 251–260, 2002."
13,0,0,0,0,14,3,/XKLSHV+MinionPro-Regular2,1.0,51.53,666.68,81.53,667.68,666.68,132.37,51.53,518.5,"[15] Z. Lu, W. Liu, Q. Wang, G. Qu, and Z. Liu, “A privacy-"
13,0,0,0,0,8,3,/XKLSHV+MinionPro-Regular2,1.0,69.84,656.08,97.34,657.08,656.08,142.97,69.84,502.7,"preserving trust model based on blockchain for VANETs,”"
13,0,0,0,0,7,3,/MXVQRU+MinionPro-It,1.0,69.84,645.49,86.34,646.49,645.49,153.56,69.84,513.7,"IEEE Access, vol. 6, pp. 45655–45664, 2018."
13,0,0,0,0,11,3,/XKLSHV+MinionPro-Regular2,1.0,51.53,635.06,86.53,636.06,635.06,163.99,51.53,513.5,"[16] S. So, P. Sharma, and J. Petit, “Integrating plausibility checks"
13,0,0,0,0,17,3,/XKLSHV+MinionPro-Regular2,1.0,69.84,529.44,99.84,625.46,529.44,174.59,69.84,500.2,"and machine learning for misbehavior detection in VANET,” in Proceedings of the 2018 17th IEEE International Conference"
13,0,0,0,0,6,3,/MXVQRU+MinionPro-It,1.0,69.84,518.84,91.84,519.84,518.84,280.21,69.84,508.2,"on Machine Learning and Applications (ICMLA),pp.564–571,"
13,0,0,0,0,6,3,/XKLSHV+MinionPro-Regular2,1.0,69.84,508.29,89.84,509.29,508.29,290.76,69.84,510.2,"ICMLA, Orlando, FL, USA, December 2018."
13,0,0,0,0,14,3,/XKLSHV+MinionPro-Regular2,1.0,51.53,497.8,83.03,498.8,497.8,301.25,51.53,517.0,"[17] S. Chen, X. Zhu, H. Zhang, C. Zhao, G. Yang, and K. Wang,"
13,0,0,0,0,15,3,/XKLSHV+MinionPro-Regular2,1.0,69.84,392.66,99.84,488.2,392.66,311.85,69.84,500.2,"“Eﬃcient privacy preserving data collection and computation oﬄoading for fog-assisted IoT,” IEEE Transactions on Sus-"
13,0,0,0,0,9,3,/MXVQRU+MinionPro-It,1.0,69.84,382.06,87.84,383.06,382.06,416.99,69.84,512.2,"tainable Computing, vol. 5, no. 4, pp. 526–540, 2020."
13,0,0,0,0,12,3,/XKLSHV+MinionPro-Regular2,1.0,51.53,371.57,80.53,372.57,371.57,427.48,51.53,519.5,"[18] W. Hu, Y. Hu, W. Yao, and H. Li, “A blockchain-based"
13,0,0,0,0,19,3,/XKLSHV+MinionPro-Regular2,1.0,69.84,339.83,215.38,362.03,339.83,438.02,69.84,384.66,"byzantine consensus algorithm for information authentication of the internet of vehicles,” IEEE Access , vol. 7, pp. 139703–139711, 2019."
13,0,0,0,0,10,3,/XKLSHV+MinionPro-Regular2,1.0,51.53,329.41,83.53,330.41,329.41,469.64,51.53,516.5,"[19] X. Ma, C. Ge, and Z. Liu, “Blockchain-enabled privacy-pre-"
13,0,0,0,0,8,3,/XKLSHV+MinionPro-Regular2,1.0,69.84,139.36,99.34,235.38,139.36,564.67,69.84,500.7,"servingInternetofvehicles:decentralizedandreputation-based network architecture,” in Proceedings of the International"
13,0,0,0,0,8,3,/MXVQRU+MinionPro-It,1.0,69.84,128.76,90.34,129.76,128.76,670.29,69.84,509.7,"Conference on Network and System Security, December 2019."
13,0,0,0,0,14,3,/XKLSHV+MinionPro-Regular2,1.0,51.08,118.33,81.08,119.33,118.33,680.72,51.08,518.96,"[20] J. Gao, K. O. B. Obour Agyekum, E. B. Sifah et al., “A"
13,0,0,0,0,10,3,/XKLSHV+MinionPro-Regular2,1.0,69.84,12.71,97.34,108.73,12.71,691.32,69.84,502.7,"blockchain-SDN-enabledinternetofvehiclesenvironmentfor fog computing and 5G networks,” IEEE Internet of 5ings"
13,0,0,0,0,8,3,/MXVQRU+MinionPro-It,1.0,69.84,2.11,88.84,3.11,2.11,796.94,69.84,511.2,"Journal, vol. 7, no. 5, pp. 4278–4291, 2020."
13,0,0,0,0,12,3,/XKLSHV+MinionPro-Regular2,1.0,51.53,-8.32,78.53,-7.32,-8.32,807.37,51.53,521.5,"[21] H. Lin, S. Garg, J. Hu, G. Kaddoum, M. Peng, and"
13,0,0,0,0,21,3,/XKLSHV+MinionPro-Regular2,1.0,69.84,-124.48,99.34,-17.91,-124.48,817.96,69.84,500.7,"M. S. Hossain, “Blockchain and deep reinforcement learning empowered spatial crowdsourcing in software-deﬁned internet of vehicles,” IEEE Transactions on Intelligent Trans-"
13,0,0,0,0,9,3,/MXVQRU+MinionPro-It,1.0,69.84,-135.08,89.34,-134.08,-135.08,934.13,69.84,510.7,"portation Systems, vol. 22, no. 6, pp. 3755–3764, 2021."
13,0,0,0,0,11,3,/XKLSHV+MinionPro-Regular2,1.0,51.08,-145.57,83.58,-144.57,-145.57,944.62,51.08,516.46,"[22] H.-N. Dai, Z. Zheng, and Y. Zhang, “Blockchain for internet"
13,0,0,0,0,16,3,/XKLSHV+MinionPro-Regular2,1.0,69.84,-166.71,162.34,-155.12,-166.71,955.17,69.84,437.7,"of things: a survey,” IEEE Internet of 5ings Journal, vol. 6, no. 5, pp. 8076–8094, 2019."
13,0,0,0,0,12,3,/XKLSHV+MinionPro-Regular2,1.0,51.08,-177.2,80.58,-176.2,-177.2,976.25,51.08,519.46,"[23] Y. Lu, X. Huang, K. Zhang, S. Maharjan, and Y. Zhang,"
13,0,0,0,0,6,3,/XKLSHV+MinionPro-Regular2,1.0,69.84,-187.8,98.84,-186.8,-187.8,986.85,69.84,501.2,“Blockchain empowered asynchronous federated learning for
13,0,0,0,0,7,3,/MXVQRU+MinionPro-It,1.0,327.85,-208.35,352.85,-207.35,-208.35,1007.4,327.85,247.19,"Transactions on Intelligent Transportation Systems, vol. 18,"
13,0,0,0,0,5,3,/XKLSHV+MinionPro-Regular2,1.0,327.85,-218.95,341.85,-217.95,-218.95,1018.0,327.85,258.19,"no. 9, pp. 2467–2476, 2017."
13,0,0,0,0,13,3,/XKLSHV+MinionPro-Regular2,1.0,309.08,-229.37,339.58,-228.37,-229.37,1028.42,309.08,260.46,"[30] A. Karati, S. H. Islam, G. P. Biswas, M. Z. A. Bhuiyan,"
13,0,0,0,0,9,3,/XKLSHV+MinionPro-Regular2,1.0,69.84,-282.34,234.97,-281.34,-282.34,1081.39,69.84,365.07,"secure data sharing in internet of vehicles,” IEEE Transactions"
13,0,0,0,0,10,3,/MXVQRU+MinionPro-It,1.0,69.84,-292.94,89.34,-291.94,-292.94,1091.99,69.84,510.7,"on Vehicular Technology, vol. 69, no. 4, pp. 4298–4311, 2020."
13,0,0,0,0,14,3,/XKLSHV+MinionPro-Regular2,1.0,51.08,-303.43,83.58,-302.43,-303.43,1102.48,51.08,516.46,"[24] F. Dai, H. Chen, Z. Qiang, Z. Liang, B. Huang, and L. Wang,"
13,0,0,0,0,10,3,/XKLSHV+MinionPro-Regular2,1.0,69.84,-324.57,126.81,-312.98,-324.57,1113.03,69.84,473.23,"“AutomaticAnalysisofComplexInteractionsinMicroservice Systems,” Complexity , vol. 2021, Article ID 2128793, 2020."
13,0,0,0,0,9,3,/XKLSHV+MinionPro-Regular2,1.0,51.08,-335.06,356.85,-334.0,-335.06,1134.05,51.08,243.19,"based signcryption scheme for crowdsourced industrial in- [25] K.Liu,W.Chen,Z.Zheng,Z.Li,andW.Liang,“Anoveldebt-"
13,0,0,0,0,15,3,/XKLSHV+MinionPro-Regular2,1.0,69.84,-345.61,343.35,-344.54,-345.61,1144.59,69.84,256.69,"ternet of things environments,” IEEE Internet of 5ings credit mechanism for blockchain-based data-trading in in-"
13,0,0,0,0,8,3,/MXVQRU+MinionPro-It,1.0,327.85,-356.14,346.85,-355.14,-356.14,1155.19,327.85,253.19,"Journal, vol. 5, no. 4, pp. 2904–2914, 2018."
13,0,0,0,0,12,3,/XKLSHV+MinionPro-Regular2,1.0,309.54,-366.63,339.54,-365.63,-366.63,1165.68,309.54,260.5,"[31] L. Zhang, Q. Wu, J. Domingo-Ferrer, B. Qin, and C. Hu,"
13,0,0,0,0,11,3,/XKLSHV+MinionPro-Regular2,1.0,327.85,-387.77,357.85,-376.17,-387.77,1176.22,327.85,242.19,"“Distributed aggregate privacy-preserving authentication in VANETs,” IEEE Transactions on Intelligent Transportation"
13,0,0,0,0,8,3,/MXVQRU+MinionPro-It,1.0,327.85,-398.37,346.35,-397.37,-398.37,1197.42,327.85,253.69,"Systems, vol. 18, no. 3, pp. 516–526, 2017."
13,0,0,0,0,10,3,/XKLSHV+MinionPro-Regular2,1.0,327.85,-419.4,356.35,-418.4,-419.4,1218.45,327.85,243.69,"and M. K. C. Reddy, “A robust and eﬃcient password-based"
13,0,0,0,0,16,3,/XKLSHV+MinionPro-Regular2,1.0,69.84,-451.23,148.77,-439.63,-451.23,1239.68,69.84,451.27,"ternet of vehicles,” IEEE Internet of 5ings Journal , vol. 6, no. 5, pp. 9098–9111, 2019."
13,0,0,0,0,6,3,/XKLSHV+MinionPro-Regular2,1.0,69.84,-472.26,99.34,-471.26,-472.26,1271.31,69.84,500.7,vehicles: distributed network architecture and performance
13,0,0,0,0,6,3,/XKLSHV+MinionPro-Regular2,1.0,327.85,-514.43,357.85,-513.43,-514.43,1313.48,327.85,242.19,conditional privacy preserving authentication and group-key
13,0,0,0,0,14,3,/XKLSHV+MinionPro-Regular2,1.0,69.84,-577.88,117.12,-566.28,-577.88,1366.33,69.84,482.92,"analysis,” IEEE Internet of 5ings Journal , vol. 6, no. 3, pp. 4640–4649, 2019."
13,0,0,0,0,14,3,/XKLSHV+MinionPro-Regular2,1.0,51.08,-588.31,82.58,-587.31,-588.31,1387.36,51.08,517.46,"[27] Z. Lu, G. Qu, and Z. Liu, “A survey on recent advances in"
13,0,0,0,0,23,3,/XKLSHV+MinionPro-Regular2,1.0,69.84,-609.5,469.96,-597.91,-609.5,1397.96,69.84,130.07,"vehicular network security, trust, and privacy,” IEEE Transagreement protocol for VANETs,” Future Generation Com- actions on Intelligent Transportation Systems, vol. 20, no. 2,"
13,0,0,0,0,7,3,/MXVQRU+MinionPro-It,1.0,327.85,-620.05,342.85,-619.05,-620.05,1419.1,327.85,257.19,"puter Systems, vol. 84, pp. 216–227, 2018."
13,0,0,0,0,9,3,/XKLSHV+MinionPro-Regular2,1.0,309.08,-630.48,338.08,-629.48,-630.48,1429.53,309.08,261.96,"[33] C. Fromknecht and D. Velicanu, “CertCoin: A NameCoin"
13,0,0,0,0,6,3,/XKLSHV+MinionPro-Regular2,1.0,327.85,-641.08,355.35,-640.08,-641.08,1440.13,327.85,244.69,Based Decentralized Authentication System” 6.857 Class
13,0,0,0,0,3,3,/XKLSHV+MinionPro-Regular2,1.0,69.84,-704.53,79.34,-703.53,-704.53,1503.58,69.84,520.7,"pp. 760–776, 2019."
13,0,0,0,0,11,3,/XKLSHV+MinionPro-Regular2,1.0,51.08,-714.96,82.08,-713.96,-714.96,1514.01,51.08,517.96,"[28] P. Vijayakumar, M. Azees, A. Kannan, and L. Jegatha Deb-"
13,0,0,0,0,7,3,/XKLSHV+MinionPro-Regular2,1.0,69.84,-725.55,98.34,-724.55,-725.55,1524.6,69.84,501.7,"orah, “Dual authentication and key management techniques"
13,0,0,0,0,4,3,/XKLSHV+MinionPro-Regular2,1.0,327.85,-746.64,359.35,-735.1,-746.64,1535.15,327.85,240.69,"Project,” 2014, https://courses.csail.mit.edu/6.857/2014/ﬁles/ 19-fromknecht-velicann-yakoubov-certcoin.pdf."
13,0,0,0,0,11,3,/XKLSHV+MinionPro-Regular2,1.0,309.08,-757.13,338.08,-756.13,-757.13,1556.18,309.08,261.96,"[34] A. Maria, V. Pandi, J. D. Lazarus, M. Karuppiah, and"
13,0,0,0,0,26,3,/XKLSHV+MinionPro-Regular2,1.0,327.85,-799.47,385.88,-766.73,-799.47,1566.78,327.85,214.16,"M. S. Christo, “BBAAS: blockchain-based anonymous authentication scheme for providing secure communication in VANETs,” Security and Communication Networks, vol. 2021, Article ID 6679882, 11 pages, 2021."
13,0,0,0,0,14,3,/XKLSHV+MinionPro-Regular2,1.0,309.08,-809.96,340.58,-808.96,-809.96,1609.01,309.08,259.46,"[35] Y. Yao, X. Chang, J. Misic, V. B. Misic, and L. Li, “BLA:"
13,0,0,0,0,43,3,/XKLSHV+MinionPro-Regular2,1.0,69.84,-841.72,477.9,-819.51,-841.72,1619.56,69.84,122.14,"blockchain-assisted lightweight Anonymous authentication for secure data transmission in vehicular ad hoc networks,” for distributed vehicular fog services,” IEEE Internet of 5ings IEEE Transactions on Intelligent Transportation Systems, Journal, vol. 6, no. 2, pp. 3775–3784, 2019. vol. 17, no. 4, pp. 1015–1028, 2016."
13,0,0,0,0,12,3,/XKLSHV+MinionPro-Regular2,1.0,51.08,-852.21,341.08,-851.13,-852.21,1651.18,51.08,258.96,"[36] J. Noh, S. Jeon, and S. Cho, “Distributed blockchain-based [29] M.Azees,P.Vijayakumar,andL.J.Deboarh,“EAAP:eﬃcient"
13,0,0,0,0,17,3,/XKLSHV+MinionPro-Regular2,1.0,69.84,-873.35,354.85,-861.73,-873.35,1661.78,69.84,245.19,"message authentication scheme for connected vehicles,”anonymous authentication with conditional privacy-preserving scheme for vehicular ad hoc networks,” IEEE"
13,0,0,0,0,8,3,/MXVQRU+MinionPro-It,1.0,327.85,-957.75,342.85,-956.75,-957.75,1756.8,327.85,257.19,"Electronics, vol. 9, no. 1, p. 74, 2020."
13,0,0,0,0,14,3,/XKLSHV+MinionPro-Regular2,1.0,309.08,-968.18,342.08,-967.18,-968.18,1767.23,309.08,257.96,"[37] D. Zheng, C. Jing, R. Guo, S. Gao, and L. Wang, “A traceable"
13,0,0,0,0,17,3,/XKLSHV+MinionPro-Regular2,1.0,327.85,-1084.4,439.59,-977.78,-1084.4,1777.83,327.85,160.45,"blockchain-based access authentication system with privacy preservation in VANETs,” IEEE Access, vol. 7, pp. 117716– 117726, 2019."
13,0,0,0,0,8,3,/XKLSHV+MinionPro-Regular2,1.0,309.08,-1094.83,331.58,-1093.83,-1094.83,1893.88,309.08,268.46,"[38] J. Zhang, “Trust management for VANETs,” International"
13,0,0,0,0,10,3,/MXVQRU+MinionPro-It,1.0,327.85,-1105.43,351.35,-1104.43,-1105.43,1904.48,327.85,248.69,"Journal of Distributed Systems and Technologies, vol. 3, no. 1,"
13,0,0,0,0,3,3,/XKLSHV+MinionPro-Regular2,1.0,327.85,-1200.45,336.35,-1199.45,-1200.45,1999.5,327.85,263.69,"pp. 48–62, 2012."
13,0,0,0,0,11,3,/XKLSHV+MinionPro-Regular2,1.0,309.08,-1210.88,343.58,-1209.88,-1210.88,2009.93,309.08,256.46,"[39] S. Kim and R. Shrestha, “Internet of vehicles, vehicular social"
13,0,0,0,0,12,3,/XKLSHV+MinionPro-Regular2,1.0,327.85,-1232.08,446.65,-1220.48,-1232.08,2020.53,327.85,153.39,"networks, and cybersecurity,” Automotive Cyber Security , Springer, Singapore, pp. 149–181, 2020."
13,0,0,0,0,13,3,/XKLSHV+MinionPro-Regular2,1.0,309.08,-1242.5,342.58,-1241.5,-1242.5,2041.55,309.08,257.46,"[40] T. A. Butt, R. Iqbal, K. Salah, M. Aloqaily, and Y. Jararweh,"
13,0,0,0,0,21,3,/XKLSHV+MinionPro-Regular2,1.0,327.85,-1358.72,502.61,-1252.1,-1358.72,2052.15,327.85,97.43,"“Privacy management in social internet of vehicles: review, challenges and blockchain based solutions,” IEEE Access , vol. 7, pp. 79694–79713, 2019."
13,0,0,0,0,13,3,/XKLSHV+MinionPro-Regular2,1.0,309.54,-1369.15,341.54,-1368.15,-1369.15,2168.2,309.54,258.5,"[41] Y. Qian, Y. Jiang, L. Hu, M. S. Hossain, M. Alrashoud, and"
13,0,0,0,0,21,3,/XKLSHV+MinionPro-Regular2,1.0,327.85,-1485.37,494.9,-1378.75,-1485.37,2178.8,327.85,105.14,"M. Al-Hammadi, “Blockchain-based privacy-aware content caching in cognitive internet of vehicles,” IEEE Network , vol. 34, no. 2, pp. 46–51, 2020."
13,0,0,0,0,13,3,/XKLSHV+MinionPro-Regular2,1.0,309.08,-1495.8,340.08,-1494.8,-1495.8,2294.85,309.08,259.96,"[42] C. Xu, H. Liu, P. Li, and P. Wang, “A remote attestation"
13,0,0,0,0,16,3,/XKLSHV+MinionPro-Regular2,1.0,327.85,-1601.42,369.46,-1505.4,-1601.42,2305.45,327.85,230.58,"security model based on privacy-preserving blockchain for V2X,” IEEE Access , vol. 6, pp. 67809–67818, 2018."
13,0,0,0,0,12,3,/XKLSHV+MinionPro-Regular2,1.0,309.08,-1611.85,340.58,-1610.85,-1611.85,2410.9,309.08,259.46,"[43] X. Liu, H. Huang, F. Xiao, and Z. Ma, “A blockchain-based"
13,0,0,0,0,13,3,/XKLSHV+MinionPro-Regular2,1.0,327.85,-1717.47,473.87,-1621.45,-1717.47,2421.5,327.85,126.16,"trust management with conditional privacy-preserving announcement scheme for VANETs,” IEEE Internet of 5ings"
13,0,0,0,0,8,3,/MXVQRU+MinionPro-It,1.0,327.85,-1728.02,346.85,-1727.02,-1728.02,2527.07,327.85,253.19,"Journal, vol. 7, no. 5, pp. 4101–4112, 2020."
13,0,0,0,0,14,3,/XKLSHV+MinionPro-Regular2,1.0,309.08,-1738.51,343.08,-1737.51,-1738.51,2537.56,309.08,256.96,"[44] B. Luo, X. Li, J. Weng, J. Guo, and J. Ma, “Blockchain enabled"
13,0,0,0,0,7,3,/XKLSHV+MinionPro-Regular2,1.0,327.85,-1749.1,356.35,-1748.1,-1749.1,2548.15,327.85,243.69,"trust-based location privacy protection scheme in VANET,”"
13,0,0,0,0,9,3,/MXVQRU+MinionPro-It,1.0,327.85,-1759.65,348.35,-1758.65,-1759.65,2558.7,327.85,251.69,"IEEE Transactions on Vehicular Technology, vol. 69, no. 2,"
13,0,0,0,0,3,3,/XKLSHV+MinionPro-Regular2,1.0,327.85,-1770.25,338.35,-1769.25,-1770.25,2569.3,327.85,261.69,"pp. 2034–2048, 2020."
13,0,0,0,0,13,3,/XKLSHV+MinionPro-Regular2,1.0,327.85,-1801.88,355.85,-1790.33,-1801.88,2590.38,327.85,244.19,management and edge-assisted trusted cloaking area construction for location privacy protection in vehicular
14,0,0,0,0,35,2,/Times-Roman,5.76,584.28,778.29,1511.64,784.05,778.29,16.0,584.28,-911.6,"2037, 2022, 1, Downloaded from https://onlinelibrary.wiley.com/doi/10.1155/2022/8689651, Wiley Online Library on [17/06/2024]. See the Terms and Conditions (https://onlinelibrary.wiley.com/terms-and-conditions) on Wiley Online Library for rules of use; OA articles are governed by the applicable Creative Commons License"
14,0,0,0,0,40,3,/XKLSHV+MinionPro-Regular2,1.0,50.97,736.74,2321.25,748.74,736.74,51.31,50.97,-1721.21,"14 Security and Communication Networks  2037, 2022, 1, Downloaded from https://onlinelibrary.wiley.com/doi/10.1155/2022/8689651, Wiley Online Library on [17/06/2024]. See the Terms and Conditions (https://onlinelibrary.wiley.com/terms-and-conditions) on Wiley Online Library for rules of use; OA articles are governed by the applicable Creative Commons License"
14,0,0,0,0,14,3,/XKLSHV+MinionPro-Regular2,1.0,69.85,708.51,121.66,720.34,708.51,79.71,69.85,478.38,"networks,” IEEE Internet of 5ings Journal , vol. 8, no. 4, pp. 2087–2101, 2021."
14,0,0,0,0,12,3,/XKLSHV+MinionPro-Regular2,1.0,51.08,698.08,76.08,699.08,698.08,100.97,51.08,523.96,"[46] A. F. M. S. Akhter and M. Ahmed, A. A. Shah,"
14,0,0,0,0,11,3,/XKLSHV+MinionPro-Regular2,1.0,69.85,665.65,124.23,688.25,665.65,111.8,69.85,475.81,"A.F.M.S.Shah,A.Anwar,andA.Zengin,Asecuredprivacypreservingmulti-levelblockchainframeworkforclusterbased VANET,” Sustainability , vol. 13, no. 1, p. 400, 2021."
14,0,0,0,0,13,3,/XKLSHV+MinionPro-Regular2,1.0,51.09,655.16,84.09,656.16,655.16,143.89,51.09,515.95,"[47] S. A. Soleymani, A. H. Abdullah, W. H. Hassan et al., “Trust"
14,0,0,0,0,15,3,/XKLSHV+MinionPro-Regular2,1.0,69.85,547.28,98.35,645.39,547.28,154.66,69.85,501.68,"management in vehicular ad hoc network: a systematic review,” EURASIP Journal on Wireless Communications and"
14,0,0,0,0,8,3,/MXVQRU+MinionPro-It,1.0,69.85,536.45,86.85,537.45,536.45,262.6,69.85,513.18,"Networking, vol. 2015, no. 1, p. 146, 2015."
14,0,0,0,0,14,3,/XKLSHV+MinionPro-Regular2,1.0,51.09,526.02,81.59,527.02,526.02,273.03,51.09,518.45,"[48] Z. Yang, K. Yang, L. Lei, K. Zheng, and V. C. M. Leung,"
14,0,0,0,0,20,3,/XKLSHV+MinionPro-Regular2,1.0,69.85,407.3,147.14,516.19,407.3,283.86,69.85,452.9,"“Blockchain-based decentralized trust management in vehicular networks,” IEEE Internet of 5ings Journal , vol. 6, no. 2, pp. 1495–1505, 2019."
14,0,0,0,0,18,3,/XKLSHV+MinionPro-Regular2,1.0,69.85,375.21,180.96,386.98,375.21,413.07,69.85,419.07,"management and data sharing in VANETs with blockchain and smart contracts,” in Proceedings of the 2019 IEEE 89th"
14,0,0,0,0,6,3,/MXVQRU+MinionPro-It,1.0,69.85,364.38,93.85,365.38,364.38,434.67,69.85,506.18,"Vehicular Technology Conference (VTC2019-Spring), pp. 1–5,"
14,0,0,0,0,5,3,/XKLSHV+MinionPro-Regular2,1.0,69.85,353.55,86.85,354.55,353.55,445.5,69.85,513.18,"Kuala Lumpur, Malaysia, May 2019."
14,0,0,0,0,22,3,/XKLSHV+MinionPro-Regular2,1.0,69.85,224.41,127.27,333.29,224.41,466.76,69.85,472.77,"driving trust management in internet of vehicles with blockchain,” IEEE Internet of 5ings Journal , vol. 7, no. 12, pp. 11815–11829, 2020."
14,0,0,0,0,15,3,/XKLSHV+MinionPro-Regular2,1.0,51.55,213.92,86.05,214.92,213.92,585.13,51.55,513.99,"[51] P. K. Singh, R. Singh, S. K. Nandi, K. Z. Ghafoor, D. B. Rawat,"
14,0,0,0,0,16,3,/XKLSHV+MinionPro-Regular2,1.0,69.85,106.04,246.02,204.15,106.04,595.9,69.85,354.02,"and S. Nandi, “Blockchain-based adaptive trust management in internet of vehicles using smart contract,” IEEE Transac-"
14,0,0,0,0,9,3,/MXVQRU+MinionPro-It,1.0,69.85,95.21,91.35,96.21,95.21,703.84,69.85,508.68,"tions on Intelligent Transportation Systems, vol. 22, no. 6,"
14,0,0,0,0,15,3,/XKLSHV+MinionPro-Regular2,1.0,309.55,29.04,342.55,30.04,29.04,770.01,309.55,257.49,"[61] A. F. M. S. Akhter, A. F. M. S. Shah, M. Ahmed, N. Moustafa,"
14,0,0,0,0,18,3,/XKLSHV+MinionPro-Regular2,1.0,327.86,8.13,513.75,19.61,8.13,780.44,327.86,86.29,"U. Çavus ¸o˘ glu, and A. Zengin, “A secured message transmission protocol for vehicular ad hoc networks,” Computers,"
14,0,0,0,0,13,3,/XKLSHV+MinionPro-Regular2,1.0,69.85,-2.3,346.36,-0.91,-2.3,800.96,69.85,253.68,"pp. 3616–3630, 2021.  Materials & Continua, vol. 68, no. 1, pp. 229–246, 2021."
14,0,0,0,0,25,3,/XKLSHV+MinionPro-Regular2,1.0,51.09,-12.79,343.09,-11.34,-12.79,811.39,51.09,256.95,"[52] L. Han, D. Han, and D. Li, “Behavior analysis and blockchain  [62] R. Ma, J. Cao, D. Feng et al., “A secure authentication scheme"
14,0,0,0,0,11,3,/XKLSHV+MinionPro-Regular2,1.0,69.85,-23.22,354.86,-22.17,-23.22,822.22,69.85,245.18,"based trust management in vanets,” vol. 151, pp. 61–69, 2021.  forremotediagnosisandmaintenanceininternetofvehicles,”"
14,0,0,0,0,16,3,/XKLSHV+MinionPro-Regular2,1.0,51.09,-33.71,354.86,-32.6,-33.71,832.65,51.09,245.18,"[53] R. Sharma and S. Chakraborty, “BlockAPP: using blockchain  2020 IEEE Wireless Communications and Networking Con-"
14,0,0,0,0,17,3,/XKLSHV+MinionPro-Regular2,1.0,69.85,-44.43,349.36,-43.14,-44.43,843.19,69.85,250.68,"ference (WCNC), pp. 1–7, Seoul, Korea (South), May 2020. for authentication and privacy preservation in IoV,” in"
14,0,0,0,0,11,3,/XKLSHV+MinionPro-Regular2,1.0,309.09,-54.63,340.59,-53.63,-54.63,853.68,309.09,259.45,"[63] T. Alladi, S. Chakravarty, V. Chamola, and M. Guizani, “A"
14,0,0,0,0,15,3,/XKLSHV+MinionPro-Regular2,1.0,327.86,-75.54,466.39,-64.05,-75.54,864.1,327.86,133.65,"lightweight Authentication and attestation scheme for intransit vehicles in IoV scenario,” IEEE Transactions on Ve-"
14,0,0,0,0,9,3,/MXVQRU+MinionPro-It,1.0,327.86,-86.03,348.86,-85.03,-86.03,885.08,327.86,251.18,"hicular Technology, vol. 69, no. 12, pp. 14188–14197, 2020."
14,0,0,0,0,11,3,/XKLSHV+MinionPro-Regular2,1.0,309.09,-96.46,341.59,-95.46,-96.46,895.51,309.09,258.45,"[64] M. N. Aman, U. Javaid, and B. Sikdar, “A privacy-preserving"
14,0,0,0,0,22,3,/XKLSHV+MinionPro-Regular2,1.0,327.86,-127.87,368.22,-105.95,-127.87,906.0,327.86,231.82,"and scalable authentication protocol for the internet of vehicles,” IEEE Internet of 5ings Journal , vol. 8, no. 2, pp. 1123–1139, 2021."
14,0,0,0,0,12,3,/XKLSHV+MinionPro-Regular2,1.0,309.09,-138.3,340.59,-137.3,-138.3,937.35,309.09,259.45,"[65] M. Wazid, P. Bagga, A. K. Das et al., “AKM-IoV: authenti-"
14,0,0,0,0,8,3,/MXVQRU+MinionPro-It,1.0,69.85,-141.54,95.85,-140.54,-141.54,940.59,69.85,504.18,Proceedings of the 2018 IEEE Globecom Workshops (GC
14,0,0,0,0,7,3,/XKLSHV+MinionPro-Regular2,1.0,327.86,-148.79,354.36,-147.79,-148.79,947.84,327.86,245.68,cated key management protocol in fog computing-based
14,0,0,0,0,8,3,/MXVQRU+MinionPro-It,1.0,69.85,-152.31,90.85,-151.31,-152.31,951.36,69.85,509.18,"Wkshps), pp. 1–6, Abu Dhabi, UAE, December 2018."
14,0,0,0,0,13,3,/XKLSHV+MinionPro-Regular2,1.0,51.09,-162.8,80.59,-161.8,-162.8,961.85,51.09,519.45,"[54] M. Jiang, H. Wang, W. Zhang, H. Qin, and Xi Sun, “Lo-"
14,0,0,0,0,20,3,/XKLSHV+MinionPro-Regular2,1.0,69.85,-195.23,116.51,-172.63,-195.23,972.68,69.85,483.53,"cation-based data access control scheme for internet of vehicles,” Computers & Electrical Engineering , vol. 86, Article ID 106716, 2020."
14,0,0,0,0,11,3,/XKLSHV+MinionPro-Regular2,1.0,51.09,-205.66,81.59,-204.66,-205.66,1004.71,51.09,518.45,"[55] L. Mendiboure, M. A. Chalouf, and F. Krief, “A scalable"
14,0,0,0,0,14,3,/XKLSHV+MinionPro-Regular2,1.0,69.85,-227.32,97.85,-215.49,-227.32,1015.54,69.85,502.18,"blockchain-based approach for authentication and access control in software deﬁned vehicular networks,” in Pro-"
14,0,0,0,0,9,3,/MXVQRU+MinionPro-It,1.0,69.85,-238.15,99.35,-237.15,-238.15,1037.2,69.85,500.68,ceedings of the 2020 29th International Conference on Com-
14,0,0,0,0,8,3,/XKLSHV+MinionPro-Regular2,1.0,327.86,-242.29,344.36,-241.29,-242.29,1041.34,327.86,255.68,"internet of vehicles deployment,” IEEE Internet of 5ings"
14,0,0,0,0,7,3,/MXVQRU+MinionPro-It,1.0,69.85,-248.92,90.35,-247.92,-248.92,1047.97,69.85,509.68,"puter Communications and Networks (ICCCN), pp. 1–11,"
14,0,0,0,0,8,3,/MXVQRU+MinionPro-It,1.0,327.86,-252.78,346.86,-251.78,-252.78,1051.83,327.86,253.18,"Journal, vol. 6, no. 5, pp. 8804–8817, 2019."
14,0,0,0,0,5,3,/XKLSHV+MinionPro-Regular2,1.0,69.85,-259.75,87.35,-258.75,-259.75,1058.8,69.85,512.68,"Honolulu, HI, USA, September 2020."
14,0,0,0,0,3,3,/XKLSHV+MinionPro-Regular2,1.0,309.09,-263.2,339.09,-262.2,-263.2,1062.25,309.09,260.95,"[66] B.Blanchetand V.Cheval,“ProVerif:Cryptographicprotocol"
14,0,0,0,0,15,3,/XKLSHV+MinionPro-Regular2,1.0,51.09,-270.18,83.59,-269.18,-270.18,1069.23,51.09,516.45,"[56] Y. Liu, M. Xiao, S. Chen, F. Bai, J. Pan, and D. Zhang, “An"
14,0,0,0,0,7,3,/XKLSHV+MinionPro-Regular2,1.0,327.86,-273.69,358.36,-272.69,-273.69,1072.74,327.86,241.68,"veriﬁer in the formal model,” 2020, https://prosecco.gforge."
14,0,0,0,0,6,3,/XKLSHV+MinionPro-Regular2,1.0,69.85,-281.01,99.85,-280.01,-281.01,1080.06,69.85,500.18,intelligent edge-chain-enabled access control mechanism for
14,0,0,0,0,30,3,/XKLSHV+MinionPro-Regular2,1.0,69.85,-388.96,355.36,-376.68,-388.96,1176.73,69.85,244.68,"[67] B. Blanchet and V. Cheval, “ProVerif 2.00: automatic cryp- IoV,” IEEE Internet of 5ings Journal, vol. 8, no. 15, tographic protocol veriﬁer, user manual and tutorial,” pp. 12231–12241, 2021."
14,0,0,0,0,15,3,/XKLSHV+MinionPro-Regular2,1.0,51.09,-399.38,355.86,-397.6,-399.38,1197.65,51.09,244.18,"pp. 05–16, 2018, https://bblanche.gitlabpages.inria.fr/ [57] T. Wang, L. Kang, and J. Duan, “Dynamic ﬁne-grained access"
14,0,0,0,0,9,3,/XKLSHV+MinionPro-Regular2,1.0,69.85,-410.21,338.36,-408.03,-410.21,1208.08,69.85,261.68,"proverif/manual.pdf. control scheme for vehicular ad hoc networks,” Computer"
14,0,0,0,0,7,3,/MXVQRU+MinionPro-It,1.0,69.85,-420.98,88.35,-419.98,-420.98,1220.03,69.85,511.68,"Networks, vol. 188, Article ID 107872, 2021."
14,0,0,0,0,13,3,/XKLSHV+MinionPro-Regular2,1.0,69.85,-453.07,263.14,-441.3,-453.07,1241.35,69.85,336.9,"Z. Sun, “Blockchain-based dynamic key management for heterogeneous intelligent transportation systems,” IEEE In-"
14,0,0,0,0,11,3,/MXVQRU+MinionPro-It,1.0,69.85,-463.9,88.85,-462.9,-463.9,1262.95,69.85,511.18,"ternet of 5ings Journal, vol. 4, no. 6, pp. 1832–1843, 2017."
14,0,0,0,0,13,3,/XKLSHV+MinionPro-Regular2,1.0,51.09,-474.39,83.59,-473.39,-474.39,1273.44,51.09,516.45,"[59] J. Kang, R. Yu, X. Huang et al., “Blockchain for secure and"
14,0,0,0,0,22,3,/XKLSHV+MinionPro-Regular2,1.0,69.85,-506.83,111.47,-484.16,-506.83,1284.21,69.85,488.57,"eﬃcient data sharing in vehicular edge computing and networks,” IEEE Internet of 5ings Journal , vol. 6, no. 3, pp. 4660–4670, 2019."
14,0,0,0,0,14,3,/XKLSHV+MinionPro-Regular2,1.0,51.09,-517.25,81.09,-516.25,-517.25,1316.3,51.09,518.95,"[60] C. Chen, C. Wang, T. Qiu, N. Lv, and Q. Pei, “A secure"
14,0,0,0,0,16,3,/XKLSHV+MinionPro-Regular2,1.0,69.85,-625.2,97.85,-527.08,-625.2,1327.13,69.85,502.18,"content sharing scheme based on blockchain in vehicular named data networks,” IEEE Transactions on Industrial In-"
14,0,0,0,0,8,3,/MXVQRU+MinionPro-It,1.0,69.85,-635.97,89.35,-634.97,-635.97,1435.02,69.85,510.68,"formatics, vol. 16, no. 5, pp. 3278–3289, 2020."
