page_number,is_bold,is_italic,is_underline,is_all_caps,word_count,norm_font_size,font,font_size,x0,y0,x1,y1,space_above,space_below,space_left,space_right,text
1,0,0,0,0,15,10,/OLPGNG+FormataOTF-Reg,6.97,36.17,706.34,343.02,713.31,706.34,69.62,36.17,232.98,"Received February 21, 2019, accepted April 2, 2019, date of current version May 6, 2019."
1,0,1,0,0,6,11,/VUVSPG+GiovanniStd-BookItalic,5.98,36.17,694.49,200.55,700.47,694.49,82.46,36.17,375.45,Digital Object Identifier 10.1 109/ACCESS.2019.291 1924
1,0,0,0,0,15,1,/MRUWOP+FormataOTFCond-Md,21.92,36.17,556.36,463.57,654.19,556.36,128.74,36.17,112.43,An Efficient Privacy-Preserving Mutual Authentication Scheme for Secure V2V Communication in Vehicular Ad Hoc Network
1,0,0,0,1,13,3,/CEKIDF+FormataOTFMd,9.86,36.17,539.45,401.02,552.89,539.45,230.04,36.17,174.98,"1 1LIBING WU, QIANQIAN SUN, XINPEI WANG, JING WANG , SHUI YU ,"
1,0,0,0,1,9,9,/CEKIDF+FormataOTFMd,7.5,36.17,527.49,224.17,540.94,527.49,241.99,36.17,351.83,"4 2 5YIFEI ZOU, BINGYI LIU, AND ZIKE ZHU"
1,0,0,0,0,59,12,/KLADYP+TimesLTStd-Roman,5.0,36.17,490.93,400.81,531.77,490.93,251.16,36.17,175.19,"1School of Computer Science, Wuhan University, Wuhan 430072, China 2Hubei Key Laboratory of Transportation Internet of Things, Wuhan University of Technology, Wuhan 430072, China 3School of Software, University of Technology Sydney, Ultimo, NSW 2007, Australia 4Deparment of Computer Science, The Chinese University of Hong Kong, Hong Kong 5School of Economics and Finance, Wuhan University of Technology, Wuhan 430072, China"
1,0,0,0,0,74,6,/KLADYP+TimesLTStd-Roman,7.67,36.17,435.3,542.47,485.47,435.3,297.46,36.17,33.53,"Corresponding author: Libing Wu (wu@whu.edu.cn) This work was supported in part by the National Natural Science Foundation of China under Grant 61772377, Grant 61572370, and Grant 91746206, in part by the Natural Science Foundation of Hubei Province of China under Grant 2017CFA007, in part by the Science and Technology Planning Project of ShenZhen under Grant JCYJ20170818112550194, and in part by the Fund of Hubei Key Laboratory of Transportation Internet of Things under Grant WHUTIOT-2017A0011."
1,1,0,0,0,13,2,/PTNQIO+FormataOTF-Bold,9.96,43.42,393.69,481.78,403.65,393.69,379.28,43.42,94.22,ABSTRACT Recent years have witnessed that the new mobility Intelligent Transportation System is
1,0,0,0,0,185,2,/KLADYP+TimesLTStd-Roman,9.96,43.42,226.32,571.44,391.7,226.32,391.23,43.42,4.56,"booming, especially the development of Vehicular Ad Hoc Networks (V ANETs). It brings convenience and a good experience for drivers. Unfortunately, V ANETs are suffering from potential security and privacy issues due to the inherent openness of V ANETs. In the past few years, to address security and privacy-preserving problems, many identity-based privacy-preserving authentication schemes have been proposed by researchers. However, we found that these schemes fail to meet the requirements of user privacy protection and are vulnerable to attacks or have high computational complexity. Hence, we focus on enhancing privacy-preserving via authentication and achieving better performance. In this paper, ﬁrst, we describe the vulnerabilities of the previous scheme. Furthermore, to enhance privacy protection and achieve better performance, we propose an efﬁcient privacy-preserving mutual authentication protocol for secure V2V communication in V ANETs. Through security analysis and comparison, we formally demonstrate that our scheme can accomplish security goals under dynamic topographical scenario compared with the previous scheme. Finally, the efﬁciency of the scheme is showed by performance evaluation. The results of our proposed scheme are computationally efﬁcient compared with the previously proposed privacy-preserving authentication scheme."
1,1,0,0,0,12,2,/PTNQIO+FormataOTF-Bold,9.96,43.42,196.18,476.8,206.15,196.18,576.78,43.42,99.2,"INDEX TERMS V ANETs, authentication, V2V , privacy-preserving, security, identity guessing attack."
1,1,0,0,0,12,4,/PTNQIO+FormataOTF-Bold,8.97,37.17,163.79,571.05,173.75,163.79,609.18,37.17,4.95,"I. INTRODUCTION ﬁelds, such as V ANETs. Vehicles as mobile devices are"
1,0,0,0,0,116,2,/KLADYP+TimesLTStd-Roman,9.96,36.17,80.1,595.96,161.79,80.1,621.13,36.17,-19.96,"generally equipped with sensors (e.g., speed, acceleration, In recent years, along with the fast growth of intelligent position, rotational speed sensor), processors and wireless transportation systems (ITSs) [1] and wireless technolocommunication equipment (e.g., Bluetooth, Wi-Fi, OBU) to gies (e.g., GPRS, VLC, 5G, WiMAX and GSM), Vehicuperform all terminal perception, computation and communi- lar Ad Hoc Networks (V ANETs) [2] become increasingly prosperous, enabling mobile devices to enjoy convenient and cation tasks [4]. Vehicles can communicate and share information with each other, since V ANET is a mobile wireless comprehensive services. As [3] pointed out, in the Internet network [5]. It is envisaged that the police may demand of things, there are different forms in different application"
1,0,0,0,0,9,2,/KLADYP+TimesLTStd-Roman,9.96,297.08,68.15,581.01,78.11,68.15,704.82,297.08,-5.01,"to require information from drivers, but drivers may pay"
1,0,0,0,0,18,2,/KLADYP+TimesLTStd-Roman,9.96,46.33,55.35,595.96,66.15,55.35,716.78,46.33,-19.96,close attention to their own personal sensitive information The associate editor coordinating the review of this manuscript and
1,0,0,0,0,15,5,/KLADYP+TimesLTStd-Roman,7.97,36.17,44.24,585.99,54.36,44.24,728.57,36.17,-9.99,"approving it for publication was Giovanni Angiulli. (e.g., identity, location history and movements) when they"
1,0,0,0,0,13,11,/OLPGNG+FormataOTF-Reg,5.98,153.99,27.65,442.64,33.63,27.65,749.3,153.99,133.36,2169-3536  2019 IEEE. Translations and content mining are permitted for academic research only.
1,0,0,0,0,14,11,/OLPGNG+FormataOTF-Reg,5.98,36.17,19.58,534.56,26.65,19.58,756.28,36.17,41.44,"Personal use is also permitted, but republication/redistribution requires IEEE permission. 55050 VOLUME 7, 2019"
1,0,0,0,0,5,11,/OLPGNG+FormataOTF-Reg,5.98,151.38,13.7,450.26,19.68,13.7,763.25,151.38,125.74,See http://www.ieee.org/publications_standards/publications/rights/index.html for more information.
1,0,0,0,0,3,9,/CEKIDF+FormataOTFMd,7.5,0.0,-7.5,14.99,0.0,-7.5,782.93,0.0,561.01,"1,2 1 3"
2,0,0,0,0,15,10,/OLPGNG+FormataOTF-Reg,6.97,36.17,744.73,412.32,751.7,744.73,31.23,36.17,163.68,L. Wu et al.: Efficient Privacy-Preserving Mutual Authentication Scheme for Secure V2V Communication in VANETs
2,0,0,0,0,137,2,/KLADYP+TimesLTStd-Roman,9.96,36.17,604.29,615.88,709.9,604.29,73.03,36.17,-39.88,"communicate in the V ANETs environment which exists secu- However, existing authentication protocols generally have rity threats. It is possible that these valuable data may be shortcomings against the external adversary. V ANETs still stolen by the adversary in the above communication process. need a secure and effective authentication scheme. Our That’s why mobile users, researchers even governments pay research aims to construct an efﬁcient and secure authenticagreater attention to security issues to achieve better imple- tion scheme to eliminate these vulnerabilities of Zhou et al.’s ment of real-time and intelligent applications [6].  scheme under V ANETs environment. There are two different communication scenarios, namely The major contributions of our improved scheme are listed Vehicle To Infrastructure (V2I) and Vehicle To Vehicle (V2V) as following: in V ANETs. As shown in Figure 1, there are three major"
2,0,0,0,0,12,4,/ITGHYW+FormataOTFMdIt,8.97,36.17,592.34,387.74,602.97,592.34,179.96,36.17,188.26,"A. OUR CONTRIBUTIONSunits in V ANETs, which are the authentication server (AS),"
2,0,0,0,0,258,2,/KLADYP+TimesLTStd-Roman,9.96,36.17,401.06,595.96,590.35,401.06,192.58,36.17,-19.96,"wireless onboard unit (OBU) and roadside unit (RSU). Vehi-  First, in order to enhance the security, we bring up an cles in V ANETs are deemed as mobile nodes equipped with efﬁcient privacy protection mutual authentication proOBUs with an integration of the GPS receiver, ITS-G5/IEEE tocol for secure V2V communication in V ANETs to 802.11p protocols, and vehicular sensors [7]. The OBU is overcome the shortcomings of Zhou et al.’s scheme. in charge of recording information (e.g., velocity, location)  Second, we reveal the weakness of Zhou et al.’s scheme during driving and allows itself to correspond with RSU or and give an in-depth description of the damaging threat other vehicles. The RSU is ﬁxed at the roadsides and plays of the existing weakness. itself as public transport infrastructure to connect the vehi-  Third, we present an elaborate security analysis to forcle to the Internet through reliable communication channels. mally demonstrate that the proposed scheme is provable Further, because of equipping with wireless devices, RSU security and meet the security goals in V ANETs, especan exchange information with passing vehicles and gather cially in key protection. information to know about local situations [8]. Due to above  Finally, we display our performance analysis to demonfeatures and their inherent openness, V ANETs are facing strate that our scheme has a reasonable consumption a serious security challenge, like the issues of information with a lower computation and communication cost than conﬁdentiality, information integrity. Hence, it is becoming the previous scheme in V ANETs. increasingly important for protocols to have the ability to"
2,0,0,0,0,9,4,/ITGHYW+FormataOTFMdIt,8.97,36.17,389.1,342.91,399.4,389.1,383.53,36.17,233.09,B. ROADMAPprovide drivers with secure and user friendly authentication
2,0,0,0,0,17,2,/KLADYP+TimesLTStd-Roman,9.96,36.17,376.48,605.92,387.11,376.48,395.82,36.17,-29.92,"to achieve a secure communication [9]. To present our contributions and work, the rest of the frame-"
2,0,0,0,0,98,2,/KLADYP+TimesLTStd-Roman,9.96,297.08,256.93,620.86,374.49,256.93,408.44,297.08,-44.86,"work for this paper is structured as follows. The related work in recent years is introduced in section II. We present the preliminaries to the elliptical curve cryptosystem in Section III. In Section IV , we have a review of Zhou et al.’s scheme. In addition, section V points out its existing security vulnerabilities. The main improvement of our proposal is described in Section VI while Section VII describes the security analysis. We show the performance evaluation to demonstrate our scheme’s reasonable overhead in Section VIII. At last, we provide the conclusion of the paper in last section."
2,1,0,0,1,3,4,/PTNQIO+FormataOTF-Bold,8.97,298.07,234.68,369.81,243.65,234.68,539.28,298.07,206.19,II. RELATED WORK
2,0,0,0,0,51,2,/KLADYP+TimesLTStd-Roman,9.96,297.08,161.95,590.98,231.69,161.95,551.24,297.08,-14.98,"In order to address security and privacy issue in V ANETs, numerous research schemes [15]–[26], [30]–[32] have been proposed. Raya and Hubaux [15] investigated an authentication scheme which pre-storaged many public and private key pairs with a short lifecycle, as well as corresponding certiﬁcates into each vehicle’s OBU to preserve drivers’"
2,0,0,0,0,15,10,/PTNQIO+FormataOTF-Bold,6.97,36.17,150.0,566.07,160.52,150.0,622.41,36.17,9.93,"FIGURE 1. Structure of the VANETS. privacy. However, a vehicle’s OBU needs to store very"
2,0,0,0,0,11,2,/KLADYP+TimesLTStd-Roman,9.96,297.08,138.04,585.99,148.01,138.04,634.92,297.08,-9.99,large number key pairs due to the changing key each time.
2,0,0,0,0,145,2,/KLADYP+TimesLTStd-Roman,9.96,36.17,42.4,600.94,136.05,42.4,646.88,36.17,-24.94,"Owing to V ANETs are vulnerable to malicious attacks Raya and Hubaux’s scheme has a high computation cost, just as any other wireless network [7], [10]–[14], more and since the key management is a complex problem. more researchers are having eye on and taking part in pri- To solve the shortcomings of Raya and Hubaux scheme, vacy protection authentication. Authentication protocols for a new privacy protection protocol, which adopted an alterV ANETs have been designed by most researchers, including native approach to avoidance of the preloading of a large those put forward for offering privacy protection during the number of public or private key pairs of OBU and correperiod of communication and those proposed for a reduc- sponding certiﬁcates was designed by Lu et al. [17] in 2008. tion of the storage and computation/communication costs. In their scheme, when a vehicle passes through the RSU,"
2,0,0,0,1,4,11,/OLPGNG+FormataOTF-Reg,5.98,36.17,24.56,78.01,31.53,24.56,751.39,36.17,497.99,"VOLUME 7, 2019 55051"
3,0,0,0,0,15,10,/OLPGNG+FormataOTF-Reg,6.97,186.46,744.73,562.61,751.7,744.73,31.23,186.46,13.39,L. Wu et al.: Efficient Privacy-Preserving Mutual Authentication Scheme for Secure V2V Communication in VANETs
3,0,0,0,0,168,2,/KLADYP+TimesLTStd-Roman,9.96,36.17,592.34,610.9,709.9,592.34,73.03,36.17,-34.9,"each vehicle will receive an anonymous certiﬁcate for a III. PRELIMINARIES short period of time. In order to obtain anonymous cer- Mathematical problems in Elliptic Curve Cryptographic have tiﬁcates that change over time from RSU to avoid the been widely used in the authentication scheme in V ANETs. adversary’s traceability, the vehicle needs to execute this In this paper, our proposed scheme uses the problem of procedure frequently. Hence, Lu et al.’s scheme with high elliptic curve discrete logarithm to achieve its security. The computation/communication and storage costs has a weak brief reviews on ECC are as follows: efﬁciency. To address the weakness of Lu et al.’s scheme, Let G be an elliptic curve group, which is deﬁned by a a novel authentication protocol combining mix-zones with prime number p and a generator P. The following two difﬁcult anonymous certiﬁcates was proposed by Freudiger et al. [18]. problem assumptions are based on ECC and these problems However, the scheme also must store massive anonymous are difﬁcult to solve."
3,0,1,0,0,23,2,/OZAJVJ+TimesLTStd-Italic,9.96,36.17,580.38,538.29,593.96,580.38,188.97,36.17,37.71,"3 +certiﬁcates. Additionally, in 2008, Zhang et al. [19] designed Let E be an equation of the elliptic curve: y =xax + b"
3,0,0,0,0,16,2,/OZAJVJ+TimesLTStd-Italic,9.96,36.17,565.75,398.68,578.39,565.75,204.54,36.17,177.32,"a privacy-preserving authentication protocol with the Hash mod p, where a , b ∈ ZRp ."
3,0,0,0,0,39,2,/KLADYP+TimesLTStd-Roman,9.96,36.17,544.52,559.84,566.44,544.52,216.49,36.17,16.16,"message authentication code in V ANETs. In their scheme, for Deﬁnition 1: Discrete Logarithm Problem (DLP): Given the sake of user’s privacy, the vehicle communicates with near two points P and Q  on E  randomly, the objective of the"
3,0,0,0,0,21,2,/OZAJVJ+TimesLTStd-Italic,9.96,36.17,529.88,558.65,542.53,529.88,240.4,36.17,17.35,"RSU using different public keys. Therefore, Zhang et al.’s DLP is to calculate an integer a ∈ZRp to meet the following"
3,0,0,0,0,25,2,/KLADYP+TimesLTStd-Roman,9.96,36.17,508.65,526.22,530.57,508.65,252.36,36.17,49.78,scheme also fails to meet the requirement of performance condition: Q is equal to aP . in V ANETs.  Deﬁnition 2: Elliptic Curve Computational Diffe-Hellman
3,0,0,0,0,20,2,/OZAJVJ+TimesLTStd-Italic,9.96,46.13,496.7,537.18,506.66,496.7,276.27,46.13,38.82,To address high computation and high storage costs Problem (ECCDHP): Given two points R = aP and Q  = bP
3,0,0,0,0,19,2,/KLADYP+TimesLTStd-Roman,9.96,36.17,484.74,583.65,494.71,484.74,288.22,36.17,-7.65,"problems, these schemes [25], [26], [30]–[32] were pro- on E randomly, the objective of the ECCDHP is to calculate"
3,0,0,0,0,24,2,/OZAJVJ+TimesLTStd-Italic,9.96,36.17,470.11,546.73,482.75,470.11,300.18,36.17,29.27,"posed. Zhang et al. [24], [25] designed an ID-based condi- the point abP , where a , b ∈ ZRp are two unknown integers."
3,0,0,0,0,8,2,/KLADYP+TimesLTStd-Roman,9.96,36.17,460.83,335.05,470.79,460.83,312.13,36.17,240.95,tional privacy protection authentication scheme in V ANETs.
3,1,0,0,0,18,4,/PTNQIO+FormataOTF-Bold,8.97,36.17,448.88,468.44,458.98,448.88,323.95,36.17,107.56,"IV. REVIEW OF THE ZHOU ET AL.’s SCHEMEIn their scheme, both the vehicle and RSU are not nec-"
3,0,0,0,0,227,2,/KLADYP+TimesLTStd-Roman,9.96,36.17,281.51,605.92,447.02,281.51,335.91,36.17,-29.92,"We review the Zhou et al.’s scheme based on TEAM essary to store certiﬁcates. However, Lee and Lai found for V ANETs in this section. TABLE 1 shows the sym- that [24], [25] cannot resist replying attacks. [31] designed a bols and their corresponding meanings. We are only keen conditional privacy protection authentication and group-key on six phases of this scheme: initialization, registration, agreement scheme based on password for V ANETs with login, general authentication, secure communication, key no use bilinear pairing. References [30], [32] proposed a update. In their scheme, as shown in Figure 1, vehicles have privacy-preserving authentication scheme to improve comthree types: ﬁrst is law executors (LEs), second is trust- putation efﬁciency. Chuang and Lee [26] proposed the ful vehicles (TVs) and third is mistrustful vehicles (MVs). ﬁrst authentication mechanism (TEAM) using a transitive LEs are always trustful and play a role of mobile authen- trust relationship for V ANETs in 2014. TEAM is a quite tication server. In the beginning, the normal vehicle is lightweight privacy-preserving authentication scheme, since authenticated only via LE. Later, if this normal vehicle is it only uses a hash function and an XOR operation to prosuccessfully authenticated, it will become a trustful vehicle.tect the drivers’ privacy and security from malicious adversary. Vehicles are divided into three types in their scheme, that is, mistrustful vehicles (MVs), trustful vehicles (TVs)"
3,0,0,0,0,16,10,/PTNQIO+FormataOTF-Bold,6.97,36.17,269.55,440.04,283.44,269.55,499.49,36.17,135.96,"TABLE 1. The notations and specific descriptions.and law executors (LEs), as shown in Figure 1. However,"
3,0,0,0,0,153,2,/KLADYP+TimesLTStd-Roman,9.96,36.17,42.4,345.01,267.56,42.4,515.37,36.17,230.99,"Kumari et al. [5] and Zhou et al. [23] revealed that Chuang and Lee’s scheme suffers from privacy breach, insider attack, impersonation attack and has some other weaknesses. To address these vulnerabilities, on the basis of TEAM, Zhou et al. applied Elliptic Curve Cryptographic (ECC) to propose a new enhanced scheme which is based on mutual authentication in V ANETs. Nevertheless, according to our research efforts, Zhou et al.’s scheme cannot withstand identity guessing attack and impersonation attack as well as has weaker user anonymity. To enhance security and privacy protection in V ANETs, we also use ECC technology to design a new privacypreserving authentication scheme. The formal and informal security analysis of our proposed scheme indicates its provable security and could overcome the vulnerability in Zhou et al.’s scheme. The performance analysis of our proposed scheme demonstrates that it yields lower computational and communication overheads making it applicable to dynamic topographic scenarios."
3,0,0,0,1,4,10,/OLPGNG+FormataOTF-Reg,6.97,36.17,24.56,81.0,31.54,24.56,751.39,36.17,495.0,"55052 VOLUME 7, 2019"
4,0,0,0,0,15,10,/OLPGNG+FormataOTF-Reg,6.97,36.17,744.73,412.32,751.7,744.73,31.23,36.17,163.68,L. Wu et al.: Efficient Privacy-Preserving Mutual Authentication Scheme for Secure V2V Communication in VANETs
4,0,0,0,0,44,2,/KLADYP+TimesLTStd-Roman,9.96,36.17,652.12,364.94,709.9,652.12,73.03,36.17,211.06,"Otherwise, it still a mistrustful vehicle. At this time, a normal vehicle can be authenticated by LE or a trustful vehicle. When the key’s lifecycle expires, the vehicle’s state changes from trust to mistrust. The whole process consists of 9 phases, which are ini-"
4,0,0,0,0,15,10,/KLADYP+TimesLTStd-Roman,6.97,36.17,640.16,440.04,650.12,640.16,132.81,36.17,135.96,"tialization, registration, login, password change, general FIGURE 2. Generating key set by Hash Chain method."
4,0,0,0,0,76,2,/KLADYP+TimesLTStd-Roman,9.96,36.17,566.07,595.96,638.17,566.07,144.76,36.17,-19.96,"authentication, trust-extended authentication, secure communication, key revocation, and key update. When AS starts to set up the system parameters, the initiation phase will B. REGISTRATION be performed. Registration has two types, namely LE reg- 1) LE REGISTRATION istration and normal vehicle registration. In LE registration LE is registered with AS through a secure channel in this phase, a LE registers itself as a trustful vehicle with AS process. AS uses the hash-chain to calculate secure key-sets"
4,0,0,0,0,25,2,/OZAJVJ+TimesLTStd-Italic,9.96,36.17,554.11,566.96,566.44,554.11,216.49,36.17,9.04,"using a secure transmit channel. In normal vehicle regis- {psk, i = 1, . . . ,n }, and sends both key-sets and public i"
4,0,0,0,0,187,2,/KLADYP+TimesLTStd-Roman,9.96,36.17,436.92,610.9,554.48,436.92,228.45,36.17,-34.9,"tration phase, which is performed only once by per vehi- parameters { G , P, p } to LE. LE stores these parameters in cle, all vehicles but LEs have to execute this phase before its reliable security hardware OBU. To ensure the robust they enter into V ANETs. User i has to execute the login security, the lifecycle of every pski needs to be set shorter. phase, when it hopes to V ANETs supply the best service for it. And if the User i wants to try changing its pass- 2) NORMAL VEHICLE REGISTRATION word, the password change process is started. After Useri When all vehicles enter the market, they are required to perhas completed its login phase, the general authentication form the procedure by means of the manufacturer or a secure procedure is performed between OBU  LE . At this i andj channel, but LE is an exception. Each vehicle is registered time, the state of OBU i changes from mistrust to trust only once in this process. Here are several steps of this stage : and gets the parameter psk (i.e., authentication key) after"
4,0,1,0,0,13,2,/OZAJVJ+TimesLTStd-Italic,9.96,307.04,429.87,562.03,441.33,429.87,341.6,307.04,13.97,"1) User AS: User  pw , then trans- i →i selects its passwordi"
4,0,0,0,0,6,2,/KLADYP+TimesLTStd-Roman,9.96,36.17,424.97,340.03,434.93,424.97,348.0,36.17,235.97,achieving the general authentication procedure successfully.
4,0,1,0,0,13,2,/OZAJVJ+TimesLTStd-Italic,9.96,321.32,417.91,560.98,429.37,417.91,353.56,321.32,15.02,mits its identity id pwi and i to the AS using a secure
4,0,0,0,0,10,2,/KLADYP+TimesLTStd-Roman,9.96,36.17,413.01,325.09,422.97,413.01,359.95,36.17,250.91,Mistrustful OBUs can get authenticated by LEs at the gen-
4,0,0,0,0,8,2,/KLADYP+TimesLTStd-Roman,9.96,36.17,399.56,297.92,411.02,399.56,371.91,36.17,278.08,eral authentication phase or trusted OBUi in trust-extended
4,0,1,0,0,10,2,/OZAJVJ+TimesLTStd-Italic,9.96,307.04,394.0,539.47,405.46,394.0,377.47,307.04,36.53,2) After receiving the identity id pwi and secret passwordi
4,0,0,0,0,8,2,/KLADYP+TimesLTStd-Roman,9.96,36.17,389.1,340.03,399.06,389.1,383.87,36.17,235.97,"authentication phase at present. Then, two trustful vehicles"
4,0,1,0,0,11,2,/OZAJVJ+TimesLTStd-Italic,9.96,321.32,382.05,547.29,393.51,382.05,389.42,321.32,28.71,"from User , the AS selects yii as a random number,"
4,0,0,0,0,8,2,/KLADYP+TimesLTStd-Roman,9.96,36.17,377.15,315.12,387.11,377.15,395.82,36.17,260.88,can have a communication at secure communication phase.
4,0,1,0,0,12,2,/OZAJVJ+TimesLTStd-Italic,9.96,321.32,370.09,542.44,381.55,370.09,401.38,321.32,33.56,"and then calculates a h(x||id), b a h(pw ),i =ii =i ⊕i"
4,0,0,0,0,9,2,/KLADYP+TimesLTStd-Roman,9.96,36.17,365.19,330.07,375.15,365.19,407.78,36.17,245.93,"When the key’s lifecycle expires, the vehicle’s state will"
4,0,1,0,0,12,2,/OZAJVJ+TimesLTStd-Italic,9.96,321.32,358.14,492.72,369.59,358.14,413.33,321.32,83.28,"c a h(psk||y ), d h(id||pw ||a ). i =i ⊕ii =iii"
4,0,0,0,0,9,2,/KLADYP+TimesLTStd-Roman,9.96,36.17,353.24,340.03,363.2,353.24,419.73,36.17,235.97,become mistrustful and the key revocation will be performed.
4,0,0,0,0,13,2,/KLADYP+TimesLTStd-Roman,9.96,307.04,347.68,555.16,357.64,347.68,425.29,307.04,20.84,"3) AS → User : The AS stores the parameters (i.e., h(), G,i"
4,0,0,0,0,11,2,/KLADYP+TimesLTStd-Roman,9.96,36.17,339.79,304.65,351.24,339.79,431.69,36.17,271.35,The state of the OBU i continues to be mistrustful again
4,0,1,0,0,17,2,/OZAJVJ+TimesLTStd-Italic,9.96,321.32,335.72,584.42,345.68,335.72,437.24,321.32,-8.42,"P, p, b , c , d , y ) in its OBU reliable security hardware iiii"
4,0,0,0,0,10,2,/KLADYP+TimesLTStd-Roman,9.96,36.17,329.33,325.09,339.29,329.33,443.64,36.17,250.91,"when the lifecycle of key expires, and the key revocation"
4,0,0,0,0,4,2,/KLADYP+TimesLTStd-Roman,9.96,321.32,323.77,440.87,333.73,323.77,449.2,321.32,135.13,using a secure channel.
4,0,0,0,0,11,2,/KLADYP+TimesLTStd-Roman,9.96,36.17,317.37,320.1,327.33,317.37,455.6,36.17,255.9,will be performed. When the key of a trustful vehicle is
4,0,1,0,0,12,2,/OZAJVJ+TimesLTStd-Italic,9.96,307.04,310.32,572.23,321.77,310.32,461.15,307.04,3.77,"4) User  xi selects a numberi as its private key, and then"
4,0,0,0,0,10,2,/KLADYP+TimesLTStd-Roman,9.96,36.17,305.42,320.1,315.38,305.42,467.55,36.17,255.9,"nearing expiration, it can update the key during the key"
4,0,1,0,0,12,2,/OZAJVJ+TimesLTStd-Italic,9.96,321.32,297.19,562.55,309.82,297.19,473.11,321.32,13.45,calculates P x P which is deemed to its public pubii =
4,0,0,0,0,11,2,/KLADYP+TimesLTStd-Roman,9.96,36.17,293.46,320.1,303.42,293.46,479.51,36.17,255.9,update phase. This is the whole process of Zhou et al.’s
4,0,1,0,0,12,2,/OZAJVJ+TimesLTStd-Italic,9.96,321.32,286.41,550.8,297.86,286.41,485.06,321.32,25.2,"key, and then calculates z h(pw ) ⊕ xi =ii and stores"
4,0,1,0,0,10,2,/OZAJVJ+TimesLTStd-Italic,9.96,321.32,273.28,559.21,285.91,273.28,497.02,321.32,16.79,both P  zpub i in its reliable security hardware.i and
4,0,0,0,0,17,2,/KLADYP+TimesLTStd-Roman,9.96,36.17,257.59,335.05,279.51,257.59,503.42,36.17,240.95,Each vehicle is equipped with the OBU consisting of Event Data Recorders (EDRs) and Tamper-Proof Devices (TPDs).
4,0,0,0,1,2,4,/ITGHYW+FormataOTFMdIt,8.97,298.08,252.93,333.94,261.89,252.93,521.03,298.08,242.06,C. LOGIN
4,0,0,0,0,11,2,/KLADYP+TimesLTStd-Roman,9.96,36.17,245.64,345.01,255.6,245.64,527.33,36.17,230.99,"The former are in charge of recording event data (e.g., time,"
4,0,0,0,0,12,2,/KLADYP+TimesLTStd-Roman,9.96,297.08,237.49,580.09,248.94,237.49,533.99,297.08,-4.09,"When a User i intends to access service from V ANETs, this"
4,0,0,0,0,9,2,/KLADYP+TimesLTStd-Roman,9.96,36.17,233.68,354.97,243.65,233.68,539.28,36.17,221.03,"location, login history of the vehicle, public parameters). The"
4,0,0,0,0,3,2,/KLADYP+TimesLTStd-Roman,9.96,297.08,227.02,416.63,236.99,227.02,545.94,297.08,159.37,procedure is performed.
4,0,0,0,0,7,2,/KLADYP+TimesLTStd-Roman,9.96,36.17,221.73,335.05,231.69,221.73,551.24,36.17,240.95,latter prevent attackers from intercepting information from
4,0,1,0,0,20,2,/OZAJVJ+TimesLTStd-Italic,9.96,36.17,209.77,543.47,222.94,209.77,559.99,36.17,32.53,"1) User OBU : User  idi →ii submits its real identityi and OBU. Additionally, assuming that the GPS device synchro-"
4,0,0,0,0,15,2,/KLADYP+TimesLTStd-Roman,9.96,36.17,197.82,421.24,210.98,197.82,571.95,36.17,154.76,password pw  OBU . i toinizes the time of each vehicle. The vehicle broadcasts the
4,0,1,0,0,43,2,/OZAJVJ+TimesLTStd-Italic,9.96,36.17,173.91,563.02,199.03,173.91,583.9,36.17,12.98,"2) Verify: OBU  a  h (pw ) ⊕ b . Then i recalculatesi =iimessage with the authentication state (trusted or mistrusted) it veriﬁes d  h (id||pw ||a ) holds or not. If so, i =iiiperiodically. The following displays Zhou et al.’s scheme in"
4,0,0,0,0,11,2,/KLADYP+TimesLTStd-Roman,9.96,36.17,161.95,556.95,175.11,161.95,607.81,36.17,19.05,"it indicates that these parameters ( id, pw) inputted by iidetail."
4,0,1,0,0,9,2,/OZAJVJ+TimesLTStd-Italic,9.96,321.32,151.7,558.69,163.16,151.7,619.77,321.32,17.31,"the User  OBUi are correct. Otherwise,i denies the user"
4,0,0,0,0,4,4,/ITGHYW+FormataOTFMdIt,8.97,37.17,141.24,391.06,152.57,141.24,630.35,37.17,184.94,A. INITIALIZATION login request.
4,0,0,0,0,39,2,/KLADYP+TimesLTStd-Roman,9.96,36.17,102.35,560.77,139.62,102.35,643.31,36.17,15.23,"The following two steps are initialization procedures for AS when setting up system parameters.  D. GENERAL AUTHENTICATION On completing the login process, OBUi implements this pro- 1) Let G be an elliptic curve group, which is deﬁned by a"
4,0,0,0,0,20,2,/KLADYP+TimesLTStd-Roman,9.96,60.41,90.39,600.94,102.28,90.39,680.65,60.41,-24.94,cedure with the help of the LE. Here are seven steps of this prime number p and a generator P.
4,0,0,0,0,10,2,/KLADYP+TimesLTStd-Roman,9.96,46.13,78.44,331.95,90.33,78.44,692.6,46.13,244.05,stage. 2) The AS chooses x at random from RZ
4,0,1,0,0,4,8,/OZAJVJ+TimesLTStd-Italic,7.57,219.48,75.76,294.2,85.72,75.76,697.21,219.48,281.8,p as its secret
4,0,1,0,0,25,2,/OZAJVJ+TimesLTStd-Italic,9.96,60.41,64.82,536.51,76.45,64.82,706.48,60.41,39.49,"key and uses the one way hash chain method to cal- 1) The OBU  aid h(r ) ⊕ id, where r Zi calculatesi =iii ∈Rp"
4,0,0,0,0,28,2,/OZAJVJ+TimesLTStd-Italic,9.96,60.41,52.86,530.15,64.49,52.86,718.44,60.41,45.85,"culate secure key-sets {psk, i = 1, . . . ,n }, such as, is generated randomly, m  h (a ) ⊕ r  mi1 =ii and 2 ="
4,0,1,0,0,15,2,/OZAJVJ+TimesLTStd-Italic,9.96,60.41,42.4,422.43,56.15,42.4,726.78,60.41,153.57,"2h(x) = h(h(x)), which is showed in Figure 2. h(r ||aid||c ||y ), where a"
4,0,1,0,0,10,8,/OZAJVJ+TimesLTStd-Italic,7.57,333.49,40.91,570.57,50.87,40.91,732.06,333.49,5.43,i i i i i is obtained from login phase.
4,0,0,0,1,4,11,/OLPGNG+FormataOTF-Reg,5.98,36.17,24.56,78.01,31.53,24.56,751.39,36.17,497.99,"VOLUME 7, 2019 55053"
5,0,0,0,0,15,10,/OLPGNG+FormataOTF-Reg,6.97,186.46,744.73,562.61,751.7,744.73,31.23,186.46,13.39,L. Wu et al.: Efficient Privacy-Preserving Mutual Authentication Scheme for Secure V2V Communication in VANETs
5,0,1,0,0,22,2,/OZAJVJ+TimesLTStd-Italic,9.96,46.13,698.44,539.47,709.9,698.44,73.03,46.13,36.53,"2) OBU  LE : OBU m  h (id||k) are equal. If yes, OBU OBUi →ji obtains these parameters 2 andji believes j"
5,0,1,0,0,42,2,/OZAJVJ+TimesLTStd-Italic,9.96,60.41,676.03,562.31,697.94,676.03,84.99,60.41,13.69,"(i.e., aid , c , y , m , m ) after step 1), and then it sends is trustful and calculates the reply information miii123 = these authentication parameters to LE.  h(u ||k). If not, the process will be terminated. jj"
5,0,1,0,0,21,2,/OZAJVJ+TimesLTStd-Italic,9.96,46.13,662.58,496.26,674.03,662.58,108.9,46.13,79.74,"3) LE  aid , 6) OBU OBU : OBU  m  OBU . j receives these authentication parameters (i.e.,ii →ji sends3 toj"
5,0,1,0,0,117,2,/OZAJVJ+TimesLTStd-Italic,9.96,60.41,592.34,590.31,662.08,592.34,120.85,60.41,-14.31,"c , y , m , m ) after step 2) from OBU, and then it uses 7) Upon receiving m  OBU , OBUii12i3 fromi j checks whether psk to recalculate a  r  m h(a ) and then  m  h (u ||k) are equal. If yes, the session key k can i andi =1 ⊕i3 andj veriﬁes whether m h(r ||aid||c ||y ) holds or not.  be used for secure communication. If not, the process 2 =iiii If so, LE  aid id h(r ), where r Z will be terminated.j calculatesj =j ⊕jj ∈Rp , sk h(r ||r ). Then LEij =ij j computers the reply message 2mrh(r ), m psk ⊕ r , and the veriﬁcation"
5,0,1,0,0,6,8,/OZAJVJ+TimesLTStd-Italic,7.57,67.6,590.85,356.36,601.11,590.85,181.82,67.6,219.64,F. KEY UPDATE3 =j ⊕i4 =j
5,0,1,0,0,20,2,/OZAJVJ+TimesLTStd-Italic,9.96,60.41,578.19,595.96,590.35,578.19,192.58,60.41,-19.96,"message m h(aid||sk ||r ||psk). 5 =jijj In Zhou et al.’s scheme, the procedure is as same as in the"
5,0,0,0,0,11,2,/OZAJVJ+TimesLTStd-Italic,9.96,46.13,566.24,386.74,578.39,566.24,204.54,46.13,189.26,"4) LE OBU : On calculating these response messages,j →iChuang-Lee scheme."
5,0,1,0,0,13,2,/OZAJVJ+TimesLTStd-Italic,9.96,60.41,554.98,284.02,566.44,554.98,216.49,60.41,291.98,"LE  m , m , m , aid) j returns response messages (i.e.,345j"
5,0,0,0,0,11,2,/KLADYP+TimesLTStd-Roman,9.96,60.41,542.13,454.99,554.48,542.13,228.45,60.41,121.01,to OBU . i V. WEAKNESS OF ZHOU ET AL.’s SCHEME
5,0,0,0,0,20,2,/KLADYP+TimesLTStd-Roman,9.96,46.13,529.18,595.96,542.53,529.18,240.4,46.13,-19.96,"5) receiving the response message after step 4) fromIn this section, we show that Zhou et al.’s scheme fails to"
5,0,1,0,0,7,2,/OZAJVJ+TimesLTStd-Italic,9.96,60.41,520.61,283.16,534.19,520.61,248.74,60.41,292.84,"2LE, OBU h(r ) and then retrieves"
5,0,1,0,0,12,8,/OZAJVJ+TimesLTStd-Italic,7.57,72.04,517.22,600.94,529.08,517.22,253.85,72.04,-24.94,j i calculates i withstand the identity guessing and the impersonation attack
5,0,1,0,0,8,2,/OZAJVJ+TimesLTStd-Italic,9.96,60.41,508.65,259.49,522.23,508.65,260.7,60.41,316.51,"2rmh(r ), and then uses r psk  ="
5,0,1,0,0,18,8,/OZAJVJ+TimesLTStd-Italic,7.57,64.29,505.27,610.9,517.12,505.27,265.81,64.29,-34.9,"j = 3 ⊕ i j to retrieve even the session key leaking. In particular, it cannot achieve"
5,0,1,0,0,38,2,/OZAJVJ+TimesLTStd-Italic,9.96,60.41,481.35,595.96,506.66,481.35,276.27,60.41,-19.96,"r m , and sk h(r ||r ). Next, OBUj ⊕4ij =ij i computers the security requirement of resisting the identity guessing h(aid||sk ||r ||psk) and checks if it and miijj5 are equal.  in Zhou et al.’s scheme."
5,0,0,0,0,10,2,/KLADYP+TimesLTStd-Roman,9.96,60.41,471.29,308.83,482.75,471.29,300.18,60.41,267.17,"If not so, the OBU i terminates the process. Otherwise,"
5,0,1,0,0,13,2,/OZAJVJ+TimesLTStd-Italic,9.96,60.41,459.34,300.21,470.79,459.34,312.13,60.41,275.79,OBU  m sk h(r ) and then calcu- i computers the6 =ij ⊕j
5,0,0,0,1,4,4,/ITGHYW+FormataOTFMdIt,8.97,298.08,457.25,419.12,466.21,457.25,316.72,298.08,156.88,A. IDENTITY GUESSING ATTACK
5,0,1,0,0,17,2,/OZAJVJ+TimesLTStd-Italic,9.96,60.41,445.69,296.54,458.84,445.69,324.09,60.41,279.46,"lates: c h(psk||r ) ⊕ a , e psk ⊕ h(pw ). At this iii =ii ="
5,0,0,0,0,11,2,/KLADYP+TimesLTStd-Roman,9.96,297.08,443.3,605.92,453.26,443.3,329.67,297.08,-29.92,"Here, we list the steps that the adversary guesses the user’s"
5,0,1,0,0,14,2,/OZAJVJ+TimesLTStd-Italic,9.96,60.41,433.74,278.56,446.88,433.74,336.04,60.41,297.44,"time, c  r  c  y . Finally, OBUi take place ofi andi ii and"
5,0,0,0,0,7,2,/KLADYP+TimesLTStd-Roman,9.96,60.41,424.97,294.53,434.93,424.97,348.0,60.41,281.47,stores them in its reliable security hardware.
5,0,1,0,0,18,2,/OZAJVJ+TimesLTStd-Italic,9.96,46.13,413.01,545.0,426.16,413.01,356.77,46.13,31.0,1) Guess the value of id  idi to be i from a uniformly 6) OBULE: OBU m LE.
5,0,1,0,0,8,8,/OZAJVJ+TimesLTStd-Italic,7.57,80.78,411.52,209.71,421.48,411.52,361.45,80.78,366.29,i → j i sends 6 to j
5,0,1,0,0,10,2,/OZAJVJ+TimesLTStd-Italic,9.96,46.13,401.06,475.74,414.21,401.06,368.72,46.13,100.26,"distributed identity dictionary Did . 7) LE h(r), where r"
5,0,1,0,0,10,8,/OZAJVJ+TimesLTStd-Italic,7.57,72.04,399.56,315.48,409.52,399.56,373.4,72.04,260.52,j calculates j j is generated at step 3) and
5,0,0,0,0,17,2,/KLADYP+TimesLTStd-Roman,9.96,60.41,389.1,571.05,402.25,389.1,380.68,60.41,4.95,2) Precisely because the open channel is exposed and uses sk h(r) and checks whether the two
5,0,1,0,0,4,8,/OZAJVJ+TimesLTStd-Italic,7.57,89.23,387.61,157.79,397.57,387.61,385.36,89.23,418.21,ij to retrieve j
5,0,0,0,0,12,2,/KLADYP+TimesLTStd-Roman,9.96,60.41,377.15,580.35,390.3,377.15,392.63,60.41,-4.35,"unprotected on V ANETs, the adversary can intercept have value are equal."
5,0,1,0,0,11,2,/OZAJVJ+TimesLTStd-Italic,9.96,321.32,368.38,536.59,378.46,368.38,404.47,321.32,39.41,"}some messages as follows: {aid, m, m, m, c, y. i134ii"
5,0,1,0,0,12,2,/OZAJVJ+TimesLTStd-Italic,9.96,46.13,359.38,535.3,370.84,359.38,412.09,46.13,40.7,"At this time, OBU 2i is trustful since it has obtained the"
5,0,1,0,0,17,2,/OZAJVJ+TimesLTStd-Italic,9.96,307.04,353.24,540.78,366.39,353.24,416.54,307.04,35.22,"3) Calculate h (r ) = aid id  r m [h (r )],ii ⊕3 ⊕ii ,j ="
5,0,0,0,0,10,2,/KLADYP+TimesLTStd-Roman,9.96,36.17,347.42,345.35,358.88,347.42,424.05,36.17,230.65,"authentication parameter psk. From now to start, OBU  =i can"
5,0,1,0,0,18,2,/OZAJVJ+TimesLTStd-Italic,9.96,321.32,341.29,533.2,354.43,341.29,428.5,321.32,42.8,"psk r m , a h(psk ||y ) ⊕ c , r m4ii 1 ⊕j ⊕i =i ="
5,0,0,0,0,6,2,/KLADYP+TimesLTStd-Roman,9.96,36.17,336.96,250.37,346.93,336.96,436.0,36.17,325.63,authenticate other normal vehicles like LE.
5,0,1,0,0,13,2,/OZAJVJ+TimesLTStd-Italic,9.96,321.32,329.33,539.58,342.59,329.33,440.34,321.32,36.42,"}h(a skh(rr {aid, m, m, m, c, yij =i134iii ),i ||j ), where"
5,0,0,0,0,6,2,/KLADYP+TimesLTStd-Roman,9.96,321.32,320.56,520.57,330.52,320.56,452.41,321.32,55.43,is intercepted from the public channel.
5,0,0,0,0,11,2,/OZAJVJ+TimesLTStd-Italic,9.96,37.17,308.6,530.78,320.69,308.6,462.24,37.17,45.22,E. SECURE COMMUNICATION 4) Verify the correctness of id  h (r
5,0,1,0,0,5,8,/OZAJVJ+TimesLTStd-Italic,7.57,442.3,305.42,544.62,315.38,305.42,467.55,442.3,31.38,i by comparing i )
5,0,1,0,0,20,2,/OZAJVJ+TimesLTStd-Italic,9.96,36.17,296.28,437.12,307.74,296.28,475.19,36.17,138.88,When two trusted OBU  OBU and h (r ) holds or not. i andj intend to have an interac- i
5,0,0,0,0,30,2,/KLADYP+TimesLTStd-Roman,9.96,36.17,273.87,551.55,295.78,273.87,487.14,36.17,24.45,"tion with each other, they will perform the secure communi- 5) Repeat 1), 3), 4) until the correct value of idi is found. cation procedure, the followings are the steps."
5,0,0,0,0,15,2,/OZAJVJ+TimesLTStd-Italic,9.96,307.04,268.06,546.29,279.51,268.06,503.42,307.04,29.71,Let | D be the size of the identity dictionary Did |id . As a
5,0,1,0,0,29,2,/OZAJVJ+TimesLTStd-Italic,9.96,46.13,256.1,586.12,267.56,256.1,515.37,46.13,-10.12,"1) OBU  e  psk  = e h(pw ) and uses z matter of fact, |D is limited for users’ own reasons. It is i usesi to retrievei ⊕iiid |"
5,0,1,0,0,70,2,/OZAJVJ+TimesLTStd-Italic,9.96,60.41,220.23,605.92,255.6,220.23,527.33,60.41,-29.92,"to retrieve x z h(pw ) and calculates the messagewell known that users are prone to choose identities that are i =i ⊕i aid id h(r P  r easier to remember for convenience, or a meaningful phrase i =i ⊕ipubi is generated randomly,j ), where T = r P, u T + psk · P, and m h(T ||id||aid).  as his/her identity in normal circumstances. Bonneau and ii =1 =ii"
5,0,1,0,0,23,2,/OZAJVJ+TimesLTStd-Italic,9.96,46.13,208.28,547.16,219.74,208.28,563.19,46.13,28.84,"2) OBU OBU : The request information (i.e., m, aid, Joseph [27] pointed out that the space of Di →j1iid has a range,"
5,0,1,0,0,15,2,/OZAJVJ+TimesLTStd-Italic,9.96,60.41,197.82,561.82,211.4,197.82,571.53,60.41,14.18,"6 . Moreover, the procedure of u) is transmitted to OBU OBU. e.g., |DD| ≤10"
5,0,1,0,0,9,8,/OZAJVJ+TimesLTStd-Italic,7.57,65.39,196.32,376.81,206.29,196.32,576.64,65.39,199.19,i j by i id | ≤ | pw
5,0,0,0,0,19,2,/KLADYP+TimesLTStd-Roman,9.96,46.13,184.37,605.92,195.83,184.37,587.1,46.13,-29.92,3) As soon as OBU the identity guessing for the adversary only requires passive j receives these secure communication
5,0,1,0,0,76,2,/OZAJVJ+TimesLTStd-Italic,9.96,60.41,148.5,605.92,183.87,148.5,599.06,60.41,-29.92,"messages (i.e., m, aid, u ) from OBU , it uses psk to  guessing attack and does not involve special encryption oper- 1iii retrieve T = u  psk, and then calculates id aid ations. And the time complexity of the above attack procedure i -i =i ⊕ h(x T ), and checks if m  h (T ||id||aid) are equal. is O (|D T  Tj1 andiiid |∗H ), where H is the execution time of the Hash"
5,0,0,0,0,20,2,/KLADYP+TimesLTStd-Roman,9.96,60.41,138.04,620.86,148.01,138.04,634.92,60.41,-44.86,"If not, the request will be rejected. Otherwise, OBUfunction. That’s to say, the time for the adversary to obtain thej"
5,0,1,0,0,72,2,/OZAJVJ+TimesLTStd-Italic,9.96,60.41,99.51,590.98,136.05,99.51,646.88,60.41,-14.98,"generates a random number r  aid OBU ’s identity is a linear function of the |D. According j and calculates:j =iid | id h(r P  R = r P, u R + psk · P, s = r P to the above description, identity guessing attack is very j ⊕jpubjj =jpubi ),i + x T , k = h(T ||R||P P s), m h(id||k).  effective for the adversary. jpubpub2 =ji ||j ||"
5,0,1,0,0,22,2,/OZAJVJ+TimesLTStd-Italic,9.96,46.13,88.73,570.57,100.18,88.73,682.74,46.13,5.43,4) OBU OBU : OBU Assuming the correct value of idj →ij sends the response information i is obtained by the adver-
5,0,1,0,0,20,2,/OZAJVJ+TimesLTStd-Italic,9.96,60.41,78.27,605.92,88.23,78.27,694.7,60.41,-29.92,"(i.e., aid , m , u ) to OBU .  sary, user’s real identity will be found. Therefore, identity j2ji"
5,0,1,0,0,22,2,/OZAJVJ+TimesLTStd-Italic,9.96,46.13,64.82,590.98,76.27,64.82,706.65,46.13,-14.98,"5) Upon receiving (i.e., aid, u ) from OBU , OBU guessing attack helps the adversary reveal the user’s real jjji calcu-"
5,0,1,0,0,51,2,/OZAJVJ+TimesLTStd-Italic,9.96,60.41,39.73,595.96,64.32,39.73,718.61,60.41,-19.96,"lates R = u  psk · P, id aid h(x R), s = r P identity id . Hence, Zhou et al.’s scheme is vulnerable to j -j =j ⊕iipubij + x R, k = h(T ||R||P P s), then checks whetheridentity guessing attack and provides weaker user anonymity.ipubpubi ||j ||"
5,0,0,0,1,4,10,/OLPGNG+FormataOTF-Reg,6.97,36.17,24.56,81.0,31.53,24.56,751.4,36.17,495.0,"55054 VOLUME 7, 2019"
6,0,0,0,0,15,10,/OLPGNG+FormataOTF-Reg,6.97,36.17,744.73,412.32,751.7,744.73,31.23,36.17,163.68,L. Wu et al.: Efficient Privacy-Preserving Mutual Authentication Scheme for Secure V2V Communication in VANETs
6,0,0,0,1,5,4,/ITGHYW+FormataOTFMdIt,8.97,37.17,700.93,180.63,709.9,700.93,73.03,37.17,395.37,B. SECURE SESSION KEY DISCLOSURE
6,0,0,0,0,29,2,/KLADYP+TimesLTStd-Roman,9.96,36.17,663.07,349.99,696.95,663.07,85.98,36.17,226.01,"As we all know, it is important that principals can prove each other’s identities to realize identity authentication and then build a session key for a secure networked authentication"
6,0,1,0,0,12,2,/OZAJVJ+TimesLTStd-Italic,9.96,36.17,649.62,285.12,661.08,649.62,121.85,36.17,290.88,system. The session key sk OBU  LEij created betweeni and j in
6,0,0,0,0,9,2,/KLADYP+TimesLTStd-Roman,9.96,36.17,639.16,345.01,649.13,639.16,133.8,36.17,230.99,the process of general mutual authentication can be extracted
6,0,1,0,0,16,2,/OZAJVJ+TimesLTStd-Italic,9.96,36.17,624.03,283.07,637.17,624.03,145.76,36.17,292.93,"by the adversary through sk h(r r  r  rij =i ||j ), wherei and j are"
6,0,0,0,0,21,2,/KLADYP+TimesLTStd-Roman,9.96,36.17,603.3,349.99,625.22,603.3,157.71,36.17,226.01,"obtained from identity guessing attack phase. If the adversary ﬁnds the correct value of id, the session key will be disclosed.i"
6,1,0,0,0,6,10,/PTNQIO+FormataOTF-Bold,6.97,297.08,585.73,419.12,592.71,585.73,190.22,297.08,156.88,FIGURE 3. Normal vehicle registration phase.
6,0,0,0,1,3,4,/ITGHYW+FormataOTFMdIt,8.97,37.17,579.72,140.28,588.69,579.72,194.24,37.17,435.72,C. IMPERSONATION ATTACK
6,0,0,0,0,22,2,/KLADYP+TimesLTStd-Roman,9.96,36.17,553.82,308.25,575.73,553.82,207.19,36.17,267.75,"To impersonate as OBU , the adversary should be able to i access the user’s associated value r, otherwise he/she can- i"
6,0,1,0,0,13,2,/OZAJVJ+TimesLTStd-Italic,9.96,307.04,549.57,545.76,559.53,549.57,223.39,307.04,30.24,"2) Upon receiving parameters ( id, h (pw )) from OBU , iii"
6,0,0,0,0,9,2,/KLADYP+TimesLTStd-Roman,9.96,36.17,541.86,340.03,551.82,541.86,231.1,36.17,235.97,not obtain the valid authentication request message. For the
6,0,0,0,0,10,2,/KLADYP+TimesLTStd-Roman,9.96,321.32,536.12,545.61,547.58,536.12,235.35,321.32,30.39,the AS chooses a random number y i and performs
6,0,0,0,0,11,2,/KLADYP+TimesLTStd-Roman,9.96,36.17,526.72,295.97,539.87,526.72,243.06,36.17,280.03,"adversary can select the random number ri , which can also"
6,0,1,0,0,11,2,/OZAJVJ+TimesLTStd-Italic,9.96,321.32,524.17,542.44,535.62,524.17,247.31,321.32,33.56,"following operations: a h(id||x), b a h(pw ),i =ii =i ⊕i"
6,0,0,0,0,9,2,/KLADYP+TimesLTStd-Roman,9.96,36.17,517.95,340.03,527.91,517.95,255.01,36.17,235.97,"be recovered from the procedure of identity guessing attack,"
6,0,1,0,0,19,2,/OZAJVJ+TimesLTStd-Italic,9.96,321.32,512.21,545.17,523.67,512.21,259.26,321.32,30.83,"c  h (psk||y ) ⊕ s , s  h (a ) ⊕ psk, where si =iii =i i is"
6,0,1,0,0,14,2,/OZAJVJ+TimesLTStd-Italic,9.96,36.17,504.5,306.66,515.96,504.5,266.97,36.17,269.34,"and obtain aid , c , yiii from the open channel on the Inter-"
6,0,0,0,0,12,2,/KLADYP+TimesLTStd-Roman,9.96,321.32,501.75,554.96,511.71,501.75,271.22,321.32,21.04,only known by the AS at present and x is the secret
6,0,0,0,0,9,2,/KLADYP+TimesLTStd-Roman,9.96,36.17,494.04,310.14,504.0,494.04,278.93,36.17,265.86,"net, and he/she can compute the correct request message"
6,0,0,0,0,3,2,/KLADYP+TimesLTStd-Roman,9.96,321.32,489.8,376.11,499.76,489.8,283.17,321.32,199.89,key to AS.
6,0,1,0,0,14,2,/OZAJVJ+TimesLTStd-Italic,9.96,36.17,478.9,320.98,492.05,478.9,290.88,36.17,255.02,"m h(r aid||c ||y ). Hence, [23] cannot resist an imper- 2 =iiii ||"
6,0,1,0,0,13,2,/OZAJVJ+TimesLTStd-Italic,9.96,307.04,477.84,544.1,487.8,477.84,295.13,307.04,31.9,"3) The AS stores a set of parameters (i.e., b, c, y, h(),iii"
6,0,1,0,0,12,2,/OZAJVJ+TimesLTStd-Italic,9.96,321.32,465.89,589.58,475.85,465.89,307.08,321.32,-13.58,"G , P, P) in the reliable security hardware OBU using a"
6,0,0,0,0,10,2,/KLADYP+TimesLTStd-Roman,9.96,46.13,458.18,330.07,468.14,458.18,314.79,46.13,245.93,"In above analysis, we have revealed that the scheme pro-"
6,0,0,0,0,10,2,/KLADYP+TimesLTStd-Roman,9.96,321.32,453.93,569.83,463.89,453.93,319.04,321.32,6.17,"secure channel, where G, P, p are deﬁned in initializa-"
6,0,0,0,0,11,2,/KLADYP+TimesLTStd-Roman,9.96,36.17,446.22,345.01,456.18,446.22,326.75,36.17,230.99,posed by Zhou et al could not achieve certain important secu-
6,0,0,0,0,9,2,/KLADYP+TimesLTStd-Roman,9.96,36.17,434.27,345.01,444.23,434.27,338.7,36.17,230.99,rity requirements in our new but realistic attacking scenario.
6,0,1,0,0,12,2,/OZAJVJ+TimesLTStd-Italic,9.96,307.04,428.53,539.37,439.98,428.53,342.95,307.04,36.63,4) User  id  pwi inputs its real identityi and password i to
6,0,1,0,0,11,2,/OZAJVJ+TimesLTStd-Italic,9.96,321.32,416.57,568.36,428.03,416.57,354.9,321.32,7.64,OBU  xi and selects a numberi at random as its private
6,0,0,0,0,16,2,/OZAJVJ+TimesLTStd-Italic,9.96,37.17,406.11,550.96,419.65,406.11,363.28,37.17,25.04,VI. THE PROPOSED IMPROVED SCHEME key and calculates P x P as its public key and
6,0,1,0,0,3,8,/OZAJVJ+TimesLTStd-Italic,7.57,407.02,403.44,442.55,414.58,403.44,368.35,407.02,133.45,pub ii =
6,0,1,0,0,17,2,/OZAJVJ+TimesLTStd-Italic,9.96,36.17,394.15,546.04,407.7,394.15,375.23,36.17,29.96,This section proposes an improved privacy protection authen- zx h(pw ). OBU  a b h(pw ) using
6,0,1,0,0,11,8,/OZAJVJ+TimesLTStd-Italic,7.57,325.19,392.66,512.36,402.62,392.66,380.31,325.19,63.64,i = i ⊕ i i extractsi = i ⊕ i
6,0,0,0,0,19,2,/KLADYP+TimesLTStd-Roman,9.96,36.17,382.2,582.73,395.74,382.2,387.19,36.17,-6.73,"tication scheme to address these shortcomings of Zhou et al.’s b pw , and then calculates the validate parameter"
6,0,1,0,0,3,8,/OZAJVJ+TimesLTStd-Italic,7.57,326.3,380.71,364.74,390.67,380.71,392.26,326.3,211.26,i and i
6,0,1,0,0,26,2,/OZAJVJ+TimesLTStd-Italic,9.96,36.17,370.24,557.78,383.79,370.24,399.14,36.17,18.22,"scheme [23] in V ANETs. There are also three types of vehi- d h(id||pw ||a ) and stores ( P z, d ) in its OBU."
6,0,1,0,0,9,8,/OZAJVJ+TimesLTStd-Italic,7.57,326.3,367.58,489.23,378.71,367.58,404.22,326.3,86.77,"i = i i i pub i ii ,"
6,0,0,0,0,13,2,/KLADYP+TimesLTStd-Roman,9.96,36.17,358.29,386.07,371.83,358.29,411.1,36.17,189.93,"cles in our proposed scheme, which are law executors (LEs), The parameter z"
6,0,1,0,0,8,8,/OZAJVJ+TimesLTStd-Italic,7.57,384.54,356.79,588.78,366.76,356.79,416.17,384.54,-12.78,i protects the security of the private key
6,0,0,0,0,9,2,/KLADYP+TimesLTStd-Roman,9.96,36.17,346.33,340.03,359.88,346.33,423.05,36.17,235.97,trusted vehicles (TVs) and mistrusted vehicles (MVs) respec- x
6,0,1,0,0,8,8,/OZAJVJ+TimesLTStd-Italic,7.57,325.74,344.84,529.97,354.8,344.84,428.13,325.74,46.03,i and can prevent the side channel attack.
6,0,0,0,0,25,2,/KLADYP+TimesLTStd-Roman,9.96,36.17,314.05,340.03,347.92,314.05,435.01,36.17,235.97,"tively, as shown in Figure 1. There are also nine phases in our proposed scheme: Initialization, Registration, Login, C. LOGIN Password Change, General Authentication, Trust-Extended"
6,0,0,0,0,12,2,/KLADYP+TimesLTStd-Roman,9.96,297.08,309.86,605.92,319.82,309.86,463.11,297.08,-29.92,Vehicle users need to be veriﬁed ﬁrst when they intend to get
6,0,0,0,0,5,2,/KLADYP+TimesLTStd-Roman,9.96,36.17,302.09,305.16,312.06,302.09,470.87,36.17,270.84,"Authentication, Secure Communication, Key Revocation,"
6,0,0,0,0,12,2,/KLADYP+TimesLTStd-Roman,9.96,297.08,297.9,595.96,307.86,297.9,475.06,297.08,-19.96,to access to service from V ANETs. The details of the login
6,0,0,0,0,11,2,/KLADYP+TimesLTStd-Roman,9.96,36.17,290.14,335.05,300.1,290.14,482.83,36.17,240.95,Key Update. Table 1 shows all notations used in our scheme.
6,0,0,0,0,4,2,/KLADYP+TimesLTStd-Roman,9.96,297.08,285.95,411.65,295.91,285.95,487.02,297.08,164.35,phase are as followed.
6,0,0,0,0,9,2,/KLADYP+TimesLTStd-Roman,9.96,36.17,278.18,330.07,288.15,278.18,494.78,36.17,245.93,"In the following, we describe our proposed improved scheme"
6,0,1,0,0,12,2,/OZAJVJ+TimesLTStd-Italic,9.96,307.04,270.89,542.89,282.35,270.89,500.58,307.04,33.11,1) User OBU : User  idi →ii inputs its real identityi and
6,0,1,0,0,6,2,/OZAJVJ+TimesLTStd-Italic,9.96,321.32,258.93,421.24,270.39,258.93,512.54,321.32,154.76,password pw  OBU . i toi
6,0,1,0,0,11,2,/OZAJVJ+TimesLTStd-Italic,9.96,307.04,246.98,541.81,258.44,246.98,524.49,307.04,34.19,"2) Upon receiving id  pw , OBU  ai andii recalculatesi using"
6,0,0,0,1,2,4,/ITGHYW+FormataOTFMdIt,8.97,37.17,242.65,113.38,251.62,242.65,531.31,37.17,462.62,A. INITIALIZATION
6,0,1,0,0,13,2,/OZAJVJ+TimesLTStd-Italic,9.96,321.32,235.02,545.13,246.48,235.02,536.45,321.32,30.87,"b , then checks whether h(id||pw ||a ) is equals to diiiii or"
6,0,0,0,0,13,2,/KLADYP+TimesLTStd-Roman,9.96,36.17,228.7,340.03,238.66,228.7,544.26,36.17,235.97,This procedure mainly is used by the AS to set up the system
6,0,0,0,0,12,2,/KLADYP+TimesLTStd-Roman,9.96,321.32,223.07,595.2,234.52,223.07,548.4,321.32,-19.2,"not. If its correct, OBUi believes the user is legal. If not,"
6,0,0,0,0,12,2,/KLADYP+TimesLTStd-Roman,9.96,36.17,216.75,315.12,226.71,216.75,556.22,36.17,260.88,parameters and it is as same as in Zhou et al.’s scheme.
6,0,0,0,0,6,2,/KLADYP+TimesLTStd-Roman,9.96,321.32,212.61,495.66,222.57,212.61,560.36,321.32,80.34,the login request will be rejected.
6,0,0,0,1,5,4,/ITGHYW+FormataOTFMdIt,8.97,37.17,190.08,378.77,202.14,190.08,580.79,37.17,197.23,B. REGISTRATION D. PASSWORD CHANGE
6,0,0,0,0,16,4,/OLPGNG+FormataOTF-Reg,8.97,36.17,176.13,595.96,189.18,176.13,593.75,36.17,-19.96,1) LE REGISTRATION This procedure in our scheme is as same as in Zhou et al.’s
6,0,0,0,0,11,2,/KLADYP+TimesLTStd-Roman,9.96,36.17,164.17,331.95,176.23,164.17,606.7,36.17,244.05,This procedure is as same as in Zhou et al.’s scheme.scheme.
6,0,0,0,1,7,4,/OLPGNG+FormataOTF-Reg,8.97,36.17,141.64,410.15,151.66,141.64,631.27,36.17,165.85,2) NORMAL VEHICLE REGISTRATION E. GENERAL AUTHENTICATION
6,0,0,0,0,71,2,/KLADYP+TimesLTStd-Roman,9.96,36.17,91.83,605.92,138.71,91.83,644.22,36.17,-29.92,"Except for LE does not require this registration, all other When the vehicle intends to establish authentication session, vehicles have to be registered in this phase when they left the general authentication will be performed between OBUi the car factory. Each vehicle is registered only once in this and LE. The steps are discussed in this part and showed j process. Below we describe the normal vehicle registration in Figure 4."
6,0,1,0,0,10,2,/OZAJVJ+TimesLTStd-Italic,9.96,36.17,78.27,487.49,90.89,78.27,692.04,36.17,88.51,while Figure 3 shows the steps.  1) OBU  r Z
6,0,1,0,0,9,8,/OZAJVJ+TimesLTStd-Italic,7.57,341.69,75.59,547.83,86.74,75.59,696.19,341.69,28.17,i generates a random numberi ∈ p and calcu-
6,0,1,0,0,28,2,/OZAJVJ+TimesLTStd-Italic,9.96,46.13,64.82,531.37,76.28,64.82,706.65,46.13,44.63,"lates: aid h(r ||t ) ⊕ id, m h(a ) ⊕ r , m1) A user selects its identity id pwi =ioi1 =ii 2 =i and passwordi and"
6,0,1,0,0,23,2,/OZAJVJ+TimesLTStd-Italic,9.96,60.41,52.86,567.66,64.32,52.86,718.61,60.41,8.34,"h(r ||aid||c ||y ||t ), where tcalculates h(pw). (id, h(pw)) are sent to the AS using iiiioo is the current time stamp iii"
6,0,0,0,0,13,2,/KLADYP+TimesLTStd-Roman,9.96,60.41,40.91,543.82,52.36,40.91,730.56,60.41,32.18,of OBU  aa secure channel.i and i has acquired in the login phase.
6,0,0,0,1,4,11,/OLPGNG+FormataOTF-Reg,5.98,36.17,24.56,78.01,31.54,24.56,751.39,36.17,497.99,"VOLUME 7, 2019 55055"
7,0,0,0,0,15,10,/OLPGNG+FormataOTF-Reg,6.97,186.46,744.73,562.61,751.7,744.73,31.23,186.46,13.39,L. Wu et al.: Efficient Privacy-Preserving Mutual Authentication Scheme for Secure V2V Communication in VANETs
7,0,1,0,0,43,2,/OZAJVJ+TimesLTStd-Italic,9.96,321.32,674.53,547.14,709.9,674.53,73.03,321.32,28.86,"calculates m sk h(r ||aid), c h(psk||r ) ⊕ a ; 6 =ij ⊕jjiii = and replaces the c y  c  r . Actually, OBUi andi withi ii and is trustful now, since it can extract psk using s h(a ); i ⊕i"
7,0,0,0,0,14,2,/OZAJVJ+TimesLTStd-Italic,9.96,321.32,662.58,574.75,674.03,662.58,108.9,321.32,1.25,calculates e h(pw ) ⊕ psk and stores it in its reliable i =i
7,0,0,0,0,26,2,/KLADYP+TimesLTStd-Roman,9.96,321.32,616.25,590.31,662.08,616.25,120.85,321.32,-14.31,"security hardware. In this way, an adversary cannot obtain information to initiate a side channel attack. Otherwise, authentication process will be terminated by OBU . i"
7,0,1,0,0,8,2,/OZAJVJ+TimesLTStd-Italic,9.96,307.04,602.8,429.31,614.26,602.8,168.67,307.04,146.69,6) OBU  m  LE . i submits6 toj
7,0,0,0,0,10,2,/OZAJVJ+TimesLTStd-Italic,9.96,307.04,590.84,519.68,602.3,590.84,180.63,307.04,56.32,"7) Upon receiving the message m LE :6 ,j calculates"
7,0,1,0,0,8,2,/OZAJVJ+TimesLTStd-Italic,9.96,377.87,567.71,476.61,579.16,567.71,203.77,377.87,99.39,"h (r ||aid) = sk m ,jjij ⊕6"
7,0,1,0,0,13,2,/OZAJVJ+TimesLTStd-Italic,9.96,321.32,546.06,553.63,556.03,546.06,226.9,321.32,22.37,then checks h (r ||aid) is equal to h(r ||aid) or not. jjjj
7,0,0,0,0,11,2,/KLADYP+TimesLTStd-Roman,9.96,321.32,534.11,570.38,544.07,534.11,238.86,321.32,5.62,This also can avoid a reply attack from an invalid OBU.i
7,0,0,0,1,3,4,/ITGHYW+FormataOTFMdIt,8.97,298.07,506.97,450.5,515.94,506.97,266.99,298.07,125.5,F. TRUSTED-EXTENDED AUTHENTICATION
7,0,0,0,0,14,2,/KLADYP+TimesLTStd-Roman,9.96,297.08,481.07,595.96,502.99,481.07,279.94,297.08,-19.96,This procedure in our scheme is as same as in Zhou et al.’s scheme.
7,0,0,0,1,3,4,/ITGHYW+FormataOTFMdIt,8.97,298.07,457.04,401.19,466.01,457.04,316.92,298.07,174.81,G. SECURE COMMUNICATION
7,0,0,0,0,25,2,/KLADYP+TimesLTStd-Roman,9.96,297.08,419.18,600.94,453.06,419.18,329.87,297.08,-24.94,"Two trusted Vehicles can complete this process in the secure communication phase, the following steps are described in this part, as shown in Figure 5."
7,1,0,0,0,6,10,/PTNQIO+FormataOTF-Bold,6.97,36.17,363.51,165.19,370.48,363.51,412.45,36.17,410.81,FIGURE 4. Normal vehicle authentication phase.
7,0,1,0,0,10,2,/OZAJVJ+TimesLTStd-Italic,9.96,46.13,315.88,291.53,327.33,315.88,455.6,46.13,284.47,"2) OBU LE : The authentication message (i.e., aid,i →ji"
7,0,1,0,0,18,2,/OZAJVJ+TimesLTStd-Italic,9.96,60.41,303.92,259.02,315.38,303.92,467.55,60.41,316.98,"c , y , m , m , t ) is transmitted to LE OBU . ii12oj byi"
7,0,1,0,0,17,2,/OZAJVJ+TimesLTStd-Italic,9.96,46.13,293.46,279.53,303.42,293.46,479.51,46.13,296.47,"3) Upon receiving (i.e., aid , c , y , m , m , t ) fromiii12o"
7,0,1,0,0,13,2,/OZAJVJ+TimesLTStd-Italic,9.96,60.41,280.01,298.6,291.47,280.01,491.46,60.41,277.4,"OBU , LE  t  LEij checkso is fresh or not ﬁrstly. If not,j"
7,0,0,0,0,11,2,/KLADYP+TimesLTStd-Roman,9.96,60.41,269.55,334.38,279.51,269.55,503.42,60.41,241.62,thinks that there may be a reply attack from an invalid
7,0,1,0,0,98,2,/OZAJVJ+TimesLTStd-Italic,9.96,60.41,173.91,303.79,267.56,173.91,515.37,60.41,272.21,"OBU . If yes, LE  s  c h(psk||y ),ij calculatesi usingi ⊕i h(a ) = s psk and then retrieves r m h(a ), ii ⊕i =1 ⊕i and next checks whether m  h (r ||c aid||y ||t ) 2 =ii ||iio holds or not. If it does, LE aid h(r ||t) ⊕j calculatesj =jl LE , id, where r Zjjj ∈p is generated randomly by the session key sk h(r ||r ||t), where tij =ijl l denotes the current time of LE . And then calculates: mj3 = 2rh(r ||t), m s h(r ), the veriﬁcation mes-"
7,0,1,0,0,9,8,/OZAJVJ+TimesLTStd-Italic,7.57,64.29,172.41,185.42,182.38,172.41,600.55,64.29,390.58,j ⊕ i l 4 = i ⊕ j
7,0,1,0,0,13,2,/OZAJVJ+TimesLTStd-Italic,9.96,60.41,160.46,307.46,171.92,160.46,611.01,60.41,268.54,"sage m h(r ||r ||aid||aid||sk ||s ). If it does not, 5 =ijijiji"
7,0,0,0,0,6,2,/KLADYP+TimesLTStd-Roman,9.96,60.41,150.0,284.57,159.96,150.0,622.97,60.41,291.43,the authentication request will be rejected.
7,0,1,0,0,10,2,/OZAJVJ+TimesLTStd-Italic,9.96,46.13,136.55,300.52,148.01,136.55,634.92,46.13,275.48,4) LE  OBU : LEj →i j transmits the authentication
7,0,1,0,0,15,2,/OZAJVJ+TimesLTStd-Italic,9.96,60.41,126.09,279.01,136.05,126.09,646.88,60.41,296.99,"response message (i.e., aid, m , m , m , t) to OBU . j345li"
7,0,1,0,0,10,2,/OZAJVJ+TimesLTStd-Italic,9.96,46.13,114.13,278.56,124.1,114.13,658.83,46.13,297.44,"5) On receiving the response message from LE, OBUj i"
7,0,1,0,0,11,2,/OZAJVJ+TimesLTStd-Italic,9.96,60.41,100.68,286.17,112.14,100.68,670.79,60.41,289.83,"ﬁrstly checks t  OBUl is fresh or not. If not,i thinks"
7,0,0,0,0,10,2,/KLADYP+TimesLTStd-Roman,9.96,60.41,88.73,288.96,100.19,88.73,682.74,60.41,287.04,"there may be a reply attack. If yes, OBUi calculates:"
7,0,1,0,0,8,2,/OZAJVJ+TimesLTStd-Italic,9.96,60.41,78.27,251.95,91.85,78.27,691.08,60.41,324.05,"2r mh(r ||t), s  m h(r ), sk"
7,0,1,0,0,13,8,/OZAJVJ+TimesLTStd-Italic,7.57,64.29,76.77,266.21,86.74,76.77,696.19,64.29,309.79,j = 3 ⊕ i l i = 4 ⊕ j ij =
7,0,1,0,0,36,2,/OZAJVJ+TimesLTStd-Italic,9.96,60.41,40.91,394.71,76.28,40.91,706.65,60.41,181.29,"h(r ||r ||t). Then, OBUijl i checks whether the equation m h(r ||r ||aid||aid||sk ||s ) holds or not. If it does,5 =ijijiji FIGURE 5. Secure communication phase.OBU LE OBUi afﬁrms that thej is trustful. Next,i"
7,0,0,0,1,4,10,/OLPGNG+FormataOTF-Reg,6.97,36.17,24.56,81.0,31.53,24.56,751.39,36.17,495.0,"55056 VOLUME 7, 2019"
8,0,0,0,0,15,10,/OLPGNG+FormataOTF-Reg,6.97,36.17,744.73,412.32,751.7,744.73,31.23,36.17,163.68,L. Wu et al.: Efficient Privacy-Preserving Mutual Authentication Scheme for Secure V2V Communication in VANETs
8,0,1,0,0,20,2,/OZAJVJ+TimesLTStd-Italic,9.96,46.13,698.44,551.36,709.9,698.44,73.03,46.13,24.64,"1) OBU  r  aid believes OBU  LEi selects a random numberi and calculates:i =i is trustful. Then,j chooses a random"
8,0,1,0,0,97,2,/OZAJVJ+TimesLTStd-Italic,9.96,60.41,650.62,548.06,697.94,650.62,84.99,60.41,27.94,"id h(r ||t ), T = x P  m h(psk||t ) ⊕ r ,  number r  m  r h(r ||t ), mi ⊕ioiipub1 =oiij to calculate4 =j ⊕ilj 5 =j , and the veriﬁcation message m h(aid||T ||id||t ),  psk h(r ||t ), m h(r ||r ||psk ||t ), where t2 =iioinew ⊕jlj6 =ijnewljlj where psk  = e h(pw ) is obtained from the login  is the current time stamp of LE. Next, LEi ⊕ij j calculates phase and t  OBU .  sk h(r ||r ||psk ||t ||t ). oi denotes the current time stamp ofiij =ijnewoioj"
8,0,1,0,0,30,2,/OZAJVJ+TimesLTStd-Italic,9.96,46.13,638.67,539.47,650.12,638.67,132.81,46.13,36.53,"2) OBU  OBU : The request message (i.e., m, m , 4) The reply message ( m , m , m  t ) is sent by LEi →j12456 ,lj j"
8,0,1,0,0,14,2,/OZAJVJ+TimesLTStd-Italic,9.96,60.41,626.71,364.5,638.17,626.71,144.76,60.41,211.5,"aid, t ) is transmitted to OBU  OBU .  to OBU . ioij byii"
8,0,1,0,0,26,2,/OZAJVJ+TimesLTStd-Italic,9.96,46.13,614.76,548.27,626.21,614.76,156.72,46.13,27.73,"3) On receiving the request message (i.e., m, m, aid , 5) Upon receiving ( m, m , m  t ), OBU12i456 ,lj i ﬁrstly checks"
8,0,1,0,0,199,2,/OZAJVJ+TimesLTStd-Italic,9.96,60.41,507.16,573.93,614.26,507.16,168.67,60.41,2.07,"t ) from OBU , OBU  t t  OBUoiij ﬁrstly checks whetheroi is lj is fresh or not. If not,i considers there may fresh or not. If not, OBU be a reply attack. If yes, OBU  r mj thinks there may be a replay i retrievesj = 4 ⊕ attack. If yes, OBU  T  using its own private  h(r ||t ), psk  m h(r ||t ); checks whetherj calculatesiljnew =5 ⊕jlj key and public key of OBU , T =  x P  r h(r ||r ||psk ||t ) is equal to m OBUijpubi =ijnewlj6 . If it’s,i believesi , m psk||t ), id  aid h(r ||t ), then checks  LE1 ⊕oii =i ⊕ioi j is trustful. whether m h(aid||T ||id||t ) is equal to m 6) OBU  psk  using2 =iioi2 or not. i updates the authentication parameter If it’s, OBU  r psk , and recalculates the session key skj selects a random numberj and calculates:newij = aid id h(r ||t ), m h(psk||t ) ⊕ r , sk h(r ||r ||psk ||t ||t ) to be used for the secure com- j =j ⊕joj3 =ojjij =ijnewoioj h(id||id||T ||t ||t ||psk), m h(id||sk ).  munication between two trusted vehicles.ijoioj4 =jij"
8,0,1,0,0,11,2,/OZAJVJ+TimesLTStd-Italic,9.96,46.13,495.2,302.13,506.66,495.2,276.27,46.13,273.87,4) OBU OBU : OBUj →i j submits its response message
8,0,1,0,0,15,2,/OZAJVJ+TimesLTStd-Italic,9.96,60.41,482.75,396.71,494.71,482.75,288.22,60.41,179.29,"(i.e., m , m , aid, t ) to OBU . 34joji VII. SECURITY ANALYSIS"
8,0,0,0,0,19,2,/KLADYP+TimesLTStd-Roman,9.96,46.13,469.8,605.92,482.75,469.8,300.18,46.13,-29.92,"5) Upon receiving the response message (i.e., m, m ,34 To illustrate security, the security analysis of our proposed"
8,0,1,0,0,42,2,/OZAJVJ+TimesLTStd-Italic,9.96,60.41,445.89,590.98,470.79,445.89,312.13,60.41,-14.98,"aid, t ) from OBU , where tjojj oj denotes the current  scheme in this section will be analyzed. First, the formal time stamp of OBU , OBU  tji ﬁrstly checks whetheroj security analysis is given to prove our proposed scheme is"
8,0,0,0,0,22,2,/KLADYP+TimesLTStd-Roman,9.96,60.41,433.93,590.98,446.88,433.93,336.04,60.41,-14.98,"is fresh or not. If not, OBUi thinks there may be a reply secure. Second, we apply the informal security analysis to"
8,0,1,0,0,58,2,/OZAJVJ+TimesLTStd-Italic,9.96,60.41,387.61,600.94,434.93,387.61,348.0,60.41,-24.94,"attack. If yes, OBU  r m h(psk||t ),i calculates:j =3 ⊕oj show the feasibility of coming up with security requirements id aid h(r ||t ), sk h(id||id||T ||t ||t ||psk) j =j ⊕jojij =ijoioj in V ANETs. and then checks whether h(id||sk ) is equal to mjij4 or not. If its, OBU  mi calculates the reply message5 ="
8,0,0,0,1,3,4,/ITGHYW+FormataOTFMdIt,8.97,298.08,384.12,374.29,393.09,384.12,389.84,298.08,201.71,A. SECURITY MODEL
8,0,1,0,0,10,2,/OZAJVJ+TimesLTStd-Italic,9.96,60.41,377.15,263.26,387.11,377.15,395.82,60.41,312.74,"h(r ||sk ). If not, the process will fail. jij"
8,0,0,0,0,8,2,/KLADYP+TimesLTStd-Roman,9.96,297.08,370.17,595.96,380.13,370.17,402.79,297.08,-19.96,The capabilities of the adversary and security requirements
8,0,1,0,0,11,2,/OZAJVJ+TimesLTStd-Italic,9.96,46.13,363.7,247.63,375.15,363.7,407.78,46.13,328.37,6) OBU  m  OBU . i submits its reply message5 toj
8,0,0,0,0,9,2,/KLADYP+TimesLTStd-Roman,9.96,297.08,358.22,595.96,368.18,358.22,414.75,297.08,-19.96,of the mutual authentication protocol are presented in this
8,0,1,0,0,10,2,/OZAJVJ+TimesLTStd-Italic,9.96,46.13,351.74,287.82,363.2,351.74,419.73,46.13,288.18,"7) Upon receiving the message m , OBU5 j recalculates"
8,0,0,0,0,8,2,/KLADYP+TimesLTStd-Roman,9.96,297.08,346.26,576.03,356.22,346.26,426.71,297.08,-0.03,subsection. The security model of our proposed improved
8,0,1,0,0,13,2,/OZAJVJ+TimesLTStd-Italic,9.96,60.41,339.79,288.67,351.24,339.79,431.69,60.41,287.33,h(r ||sk ) and checks whether m h(r ||sk ) holds jij5 =jij
8,0,0,0,0,12,2,/KLADYP+TimesLTStd-Roman,9.96,297.08,334.31,551.13,344.27,334.31,438.66,297.08,24.87,scheme is realized by the game between an adversary A and a
8,0,1,0,0,12,2,/OZAJVJ+TimesLTStd-Italic,9.96,60.41,327.83,288.9,339.29,327.83,443.64,60.41,287.1,"or not. If yes, the OBU  OBUi and j both reach the"
8,0,0,0,0,9,2,/KLADYP+TimesLTStd-Roman,9.96,297.08,322.35,595.96,332.31,322.35,450.62,297.08,-19.96,challenger. Our security proofs adopt a random oracle model
8,0,0,0,0,9,2,/KLADYP+TimesLTStd-Roman,9.96,60.41,317.37,339.36,327.33,317.37,455.6,60.41,236.64,"trust threshold of each other. So, they can communicate"
8,0,0,0,0,9,2,/KLADYP+TimesLTStd-Roman,9.96,297.08,310.4,600.94,320.36,310.4,462.57,297.08,-24.94,from Bellare et al. [28]. Concrete security requirements can
8,0,0,0,0,9,2,/KLADYP+TimesLTStd-Roman,9.96,60.41,303.92,302.33,315.38,303.92,467.55,60.41,273.67,securely using the skij session key to ensure communi-
8,0,0,0,0,11,2,/KLADYP+TimesLTStd-Roman,9.96,297.08,298.44,558.0,308.4,298.44,474.53,297.08,18.0,be referred to [26]. An adversary A can be a probabilistic
8,0,0,0,0,9,2,/KLADYP+TimesLTStd-Roman,9.96,60.41,293.46,339.36,303.42,293.46,479.51,60.41,236.64,"cation security. If not, the process will be terminated."
8,0,0,0,0,20,2,/KLADYP+TimesLTStd-Roman,9.96,297.08,274.53,600.94,296.45,274.53,486.48,297.08,-24.94,"polynomial time machine [28]. When A gets access to all the possible oracles, which are described as below, we allow"
8,0,0,0,1,3,4,/ITGHYW+FormataOTFMdIt,8.97,37.17,267.89,113.38,276.86,267.89,506.07,37.17,462.62,H. KEY REVOCATION
8,0,0,0,0,9,2,/KLADYP+TimesLTStd-Roman,9.96,297.08,262.58,610.9,272.54,262.58,510.39,297.08,-34.9,it to potentially control both the general authentication pro-
8,0,0,0,0,22,2,/KLADYP+TimesLTStd-Roman,9.96,36.17,250.62,585.99,263.9,250.62,519.03,36.17,-9.99,This procedure in our scheme is the same as the Zhou et al.’s cess and the secure communication process in our improved
8,0,1,0,0,13,2,/OZAJVJ+TimesLTStd-Italic,9.96,36.17,238.67,543.26,252.39,238.67,530.54,36.17,32.74,i scheme which is same as the TEAM.scheme. Both OBU V L U
8,0,1,0,0,8,8,/OZAJVJ+TimesLTStd-Italic,7.57,386.57,237.17,546.56,247.13,237.17,535.8,386.57,29.44,i and LE i are a participant. Leti
8,0,0,0,0,11,2,/KLADYP+TimesLTStd-Roman,9.96,297.08,226.71,566.81,236.67,226.71,546.26,297.08,9.19,"denote the ith instance U, where U denotes all participants, i"
8,0,0,0,0,13,4,/ITGHYW+FormataOTFMdIt,8.97,37.17,214.75,541.16,225.38,214.75,557.55,37.17,34.84,I. KEY UPDATE and they all could be considered to be an oracle.
8,0,1,0,0,13,2,/OZAJVJ+TimesLTStd-Italic,9.96,36.17,202.47,476.41,212.76,202.47,570.17,36.17,99.59,Deﬁnition 1 (Adversary Abilities):The key update procedure will be triggered when the TV’s
8,0,0,0,0,13,2,/KLADYP+TimesLTStd-Roman,9.96,36.17,190.51,382.2,200.48,190.51,582.45,36.17,193.8,key lifecycle is coming to an end. The process is displayed as  i
8,0,1,0,0,12,2,/OZAJVJ+TimesLTStd-Italic,9.96,307.04,182.68,597.74,195.83,182.68,587.1,307.04,-21.74,"Execute(V i  Ui , i ): This query tests the adversary’s passive"
8,0,0,0,0,10,2,/KLADYP+TimesLTStd-Roman,9.96,316.81,173.91,563.45,183.87,173.91,599.06,316.81,12.55,attack ability. The adversary A is allowed to get access
8,0,0,0,0,18,2,/KLADYP+TimesLTStd-Roman,9.96,46.13,160.46,590.78,171.92,160.46,611.01,46.13,-14.78,1) OBU  r to the honest general authentication procedure and the i selects a numberi randomly to calculate
8,0,1,0,0,46,2,/OZAJVJ+TimesLTStd-Italic,9.96,60.41,126.09,595.76,159.96,126.09,622.97,60.41,-19.76,"m  r psk  m  msg psk  m communication procedure. This query is answered with 1 =i ⊕old ,2 =kup ⊕old ,3 = h(r ||t ||msg ), where t the honest execution transcripts of the proposed proto- ioikupoi is the current time stamp of OBU .  col.i"
8,0,1,0,0,15,2,/OZAJVJ+TimesLTStd-Italic,9.96,46.13,114.13,583.12,127.86,114.13,655.07,46.13,-7.12,"i 2) OBU m, m, m, Send(U m ): This query tests the adversary’s active"
8,0,1,0,0,9,8,/OZAJVJ+TimesLTStd-Italic,7.57,80.78,110.95,368.43,122.6,110.95,660.33,80.78,207.57,"i submits the key update request (i.e.,123 0i ,"
8,0,1,0,0,16,2,/OZAJVJ+TimesLTStd-Italic,9.96,60.41,100.68,555.63,112.14,100.68,670.79,60.41,20.37,t ) to LE .  attack ability. A could transmit a message moij0 to the ora-
8,0,1,0,0,17,2,/OZAJVJ+TimesLTStd-Italic,9.96,46.13,90.22,561.28,103.95,90.22,678.98,46.13,14.72,"i 3) Upon receiving (i.e., m, m, m, t) from OBU, LEcle U m , the result"
8,0,1,0,0,13,8,/OZAJVJ+TimesLTStd-Italic,7.57,153.41,87.04,517.42,98.69,87.04,684.24,153.41,58.58,1 2 3 oi i j 0i . On receiving this request message
8,0,0,0,0,37,2,/KLADYP+TimesLTStd-Roman,9.96,60.41,64.82,565.08,88.23,64.82,694.7,60.41,10.92,"ﬁrstly checks t  LE and answer are returned to A by the oracle according to oi is fresh or not. If not,j considers there may be a reply attack. If yes, then LE the proposed protocol.j recalculates"
8,0,1,0,0,6,2,/OZAJVJ+TimesLTStd-Italic,9.96,60.41,54.36,363.21,68.08,54.36,714.85,60.41,212.79,i r mpsk msg mpsk Reveal(U
8,0,1,0,0,23,8,/OZAJVJ+TimesLTStd-Italic,7.57,64.29,51.17,593.69,62.82,51.17,720.1,64.29,-17.69,"i = 1 ⊕ old , kup = 2 ⊕ old ; checks  i ): In this query, the oracle simulates a known"
8,0,1,0,0,25,2,/OZAJVJ+TimesLTStd-Italic,9.96,60.41,42.4,563.7,52.36,42.4,730.57,60.41,12.3,"whether h (r ||t ||msg ) is equal to m . If it’s, LE key attack. The adversary A could get a session key fromioikup3j"
8,0,0,0,1,4,11,/OLPGNG+FormataOTF-Reg,5.98,36.17,24.56,78.01,31.53,24.56,751.4,36.17,497.99,"VOLUME 7, 2019 55057"
9,0,0,0,0,15,10,/OLPGNG+FormataOTF-Reg,6.97,186.46,744.73,562.61,751.7,744.73,31.23,186.46,13.39,L. Wu et al.: Efficient Privacy-Preserving Mutual Authentication Scheme for Secure V2V Communication in VANETs
9,0,1,0,0,6,2,/OZAJVJ+TimesLTStd-Italic,9.96,55.9,699.94,376.78,713.66,699.94,69.27,55.9,199.22,i the oracle U Experiment Exp
9,0,1,0,0,9,2,/OZAJVJ+TimesLTStd-Italic,9.96,307.04,699.94,585.21,709.9,699.94,73.03,307.04,-9.21,"2 : In this experiment, all oracles are also"
9,0,1,0,0,10,8,/OZAJVJ+TimesLTStd-Italic,7.57,103.19,696.75,327.34,706.72,696.75,76.21,103.19,248.66,"i , if the oracle has obtained a session key."
9,0,0,0,0,42,2,/KLADYP+TimesLTStd-Roman,9.96,46.13,672.84,588.06,697.94,672.84,84.99,46.13,-12.06,"Otherwise, it returns ⊥to the adversary. simulated. There is a collision in Exp. If the collision occurs, 2 Corrupt(V i  the adversary A will initiate a reply attack to win the game. i ): In this query, the oracle simulates a violent"
9,0,1,0,0,22,2,/OZAJVJ+TimesLTStd-Italic,9.96,55.9,663.96,590.98,677.69,663.96,105.24,55.9,-14.98,i  We can have the probability of collisions according to the attack. It allows the adversary A to get access to U
9,0,0,0,0,9,2,/KLADYP+TimesLTStd-Roman,9.96,55.9,652.01,416.63,662.08,652.01,120.85,55.9,159.37,"birthday paradox. Hence,secret information stored in the vehicle’s OBU."
9,0,1,0,0,4,2,/OZAJVJ+TimesLTStd-Italic,9.96,46.13,640.05,275.7,653.78,640.05,129.15,46.13,300.3,i  i  Test(U U
9,0,0,0,0,21,2,/KLADYP+TimesLTStd-Roman,9.96,82.87,636.87,605.92,647.99,636.87,134.94,82.87,-29.92,"If there’s a hash collision occurs, the probability of the i ): This query tests the AKE security of thei ’s"
9,0,1,0,0,11,2,/OZAJVJ+TimesLTStd-Italic,9.96,55.9,628.1,408.62,641.87,628.1,141.06,55.9,167.38,2 session key. The adversary A could ask the oracle for
9,0,1,0,0,8,11,/OZAJVJ+TimesLTStd-Italic,5.98,316.8,621.14,420.93,636.51,621.14,146.42,316.8,155.07,hcollision at most is q l+ 1 .
9,0,1,0,0,11,8,/OZAJVJ+TimesLTStd-Italic,7.57,55.9,616.14,399.29,628.91,616.14,154.01,55.9,176.71,2the real session key at most once. On receiving this test
9,0,1,0,0,12,2,/OZAJVJ+TimesLTStd-Italic,9.96,307.04,607.72,559.75,619.17,607.72,163.76,307.04,16.25,"So, only in above case can Exp Exp1 and 2 be distinguished,"
9,0,0,0,0,12,2,/KLADYP+TimesLTStd-Roman,9.96,55.9,604.19,349.79,614.15,604.19,168.78,55.9,226.21,"query, the oracle outputs an unbiased bit value b. If b is"
9,0,0,0,0,12,2,/KLADYP+TimesLTStd-Roman,9.96,55.9,592.23,319.9,602.2,592.23,180.73,55.9,256.1,"equal to 1, the oracle will return the session key to A."
9,0,0,0,0,7,2,/KLADYP+TimesLTStd-Roman,9.96,55.9,580.28,476.05,590.24,580.28,192.69,55.9,99.95,"Otherwise, it returns ⊥to A . h"
9,0,1,0,0,8,2,/OZAJVJ+TimesLTStd-Italic,9.96,343.83,572.31,455.91,583.77,572.31,199.16,343.83,120.09,F Pr[Su ] − Pr[Su ]|≤ q2 =|21
9,0,1,0,0,9,2,/OZAJVJ+TimesLTStd-Italic,9.96,46.13,566.0,486.48,579.72,566.0,203.21,46.13,89.52,i  l+ 1 .2Deﬁnition 2 (Freshness): An instance U
9,0,1,0,0,4,8,/OZAJVJ+TimesLTStd-Italic,7.57,211.27,562.81,295.96,572.78,562.81,210.15,211.27,280.04,i is fresh unless
9,0,0,0,0,15,2,/OZAJVJ+TimesLTStd-Italic,9.96,36.17,552.71,556.54,564.0,552.71,218.92,36.17,19.46,"one of following situations occurs : Experiment Exp 3: Now, all oracles have been modeled"
9,0,1,0,0,20,2,/OZAJVJ+TimesLTStd-Italic,9.96,46.13,539.76,563.29,553.49,539.76,229.44,46.13,12.71,i  in Exp . Once the adversary A obtains the correct session 1) The Reveal-query has been sent by U
9,0,1,0,0,4,8,/OZAJVJ+TimesLTStd-Italic,7.57,209.41,536.58,328.1,549.23,536.58,233.7,209.41,247.9,3i or its partner.
9,0,1,0,0,23,2,/OZAJVJ+TimesLTStd-Italic,9.96,46.13,527.31,557.21,538.77,527.31,244.16,46.13,18.79,"key: sk =  h (r ||r ||t), the invalid OBU2) The adversary A queries the Corrupt( V i ijl i could extract the"
9,0,1,0,0,4,8,/OZAJVJ+TimesLTStd-Italic,7.57,236.76,524.52,286.57,534.48,524.52,248.45,236.76,289.43,i ) at the
9,0,0,0,0,11,2,/KLADYP+TimesLTStd-Roman,9.96,60.41,515.75,542.38,526.81,515.75,256.12,60.41,33.62,"pre-shared key between LE and AS. However, A could do meantime."
9,0,1,0,0,18,2,/OZAJVJ+TimesLTStd-Italic,9.96,46.13,503.79,535.47,517.52,503.79,265.41,46.13,40.53,"i  nothing with only b, c , d , y , z  P  r , r3) Before U"
9,0,1,0,0,19,8,/OZAJVJ+TimesLTStd-Italic,7.57,97.95,500.61,539.47,513.36,500.61,269.57,97.95,36.53,"i i i i i and pub i ji , becausei or its partner sent the Test-query, they had"
9,0,0,0,0,18,2,/KLADYP+TimesLTStd-Roman,9.96,60.41,491.84,568.24,502.9,491.84,280.03,60.41,7.76,"is required for A to break a session key. Hence, we have a already been sent the Corrupt-query."
9,0,1,0,0,95,2,/OZAJVJ+TimesLTStd-Italic,9.96,36.17,441.69,550.89,490.94,441.69,291.98,36.17,25.11,"hypothesis that A has queried Corrupt( V i  A  intends to i ). IfDeﬁnition 3 (Semantic Security): Let the adversary As break the session key sk =  h (r ||r ||t), it must computeijlability to beat our protocol be the probability of guessing the r , r  a , where a b h(pw ). However, ij with the valueii =i ⊕ibit b got involved in the Test session. To be speciﬁc, let’s it is hard to recover a pw . Ai without the correct passwordideﬁne the advantage of A to be: our scheme is AKE-secure"
9,0,1,0,0,11,2,/OZAJVJ+TimesLTStd-Italic,9.96,60.32,431.67,541.0,443.46,431.67,339.47,60.32,35.0,ake  asks Corrupt(V i  pw  D  with i from the dictionary
9,0,0,0,0,11,2,/OZAJVJ+TimesLTStd-Italic,9.96,36.17,429.73,426.64,439.94,429.73,342.99,36.17,149.36,"i ) and guesses}{if Adv(A) is negligibly greater than max(q/|D|, ε)s"
9,0,1,0,1,2,8,/OZAJVJ+TimesLTStd-Italic,7.57,60.32,428.94,89.2,436.51,428.94,346.42,60.32,486.8,O2L /O2O
9,0,0,0,0,15,2,/KLADYP+TimesLTStd-Roman,9.96,36.17,417.78,593.48,431.17,417.78,351.76,36.17,-17.48,"maximum q s Send-queries. Therefore, the probability at most with q |D|is the space of"
9,0,1,0,0,6,8,/OZAJVJ+TimesLTStd-Italic,7.57,62.08,416.28,221.48,426.25,416.28,356.68,62.08,354.52,"s Send-queries at the most, where"
9,0,0,0,0,6,2,/KLADYP+TimesLTStd-Roman,9.96,297.08,409.25,388.14,422.82,409.25,360.11,297.08,187.86,s . Then we have :is
9,0,1,0,0,3,8,/OZAJVJ+TimesLTStd-Italic,7.57,36.17,405.82,304.65,419.21,405.82,363.72,36.17,271.35,qthe password dictionary.
9,0,0,0,1,2,8,/GXICME+MTSYN,7.57,307.41,408.11,318.83,415.68,408.11,367.25,307.41,257.17,|D |
9,0,0,0,0,3,2,/FGTJDS+MTEX,9.96,464.42,396.54,503.92,406.5,396.54,376.42,464.42,72.08,{ 1 }
9,0,1,0,0,16,2,/OZAJVJ+TimesLTStd-Italic,9.96,37.17,381.06,511.73,392.52,381.06,390.41,37.17,64.27,"F Pr[Su ] − Pr[Su ]|≤ q max , ε) .B. THE FORMAL SECURITY ANALYSIS3 =|32s"
9,0,0,0,1,2,2,/GXICME+MTSYN,9.96,471.77,375.48,486.8,385.44,375.48,397.49,471.77,89.2,|D |
9,0,0,0,0,9,2,/KLADYP+TimesLTStd-Roman,9.96,36.17,368.63,330.07,378.59,368.63,404.34,36.17,245.93,The formal security analysis under the random oracle model
9,0,1,0,0,21,2,/OZAJVJ+TimesLTStd-Italic,9.96,36.17,356.67,525.39,369.03,356.67,413.9,36.17,50.61,"Experiment Exp: Besides, we say that A succeeds the O2L4is given from aspects of its theorems as well as its correspond-"
9,0,1,0,0,9,2,/OZAJVJ+TimesLTStd-Italic,9.96,297.08,347.11,437.31,360.84,347.11,422.09,297.08,138.69,i of the scheme if A uses the Test(U
9,0,0,0,0,17,2,/KLADYP+TimesLTStd-Roman,9.96,36.17,343.93,583.11,354.68,343.93,428.25,36.17,-7.11,ing proofs in detail. The details are displayed as follows. i ) oracle and returns the real
9,0,1,0,0,13,2,/OZAJVJ+TimesLTStd-Italic,9.96,46.13,331.27,376.78,345.12,331.27,437.81,46.13,199.22,"bit guess. Thus,Theorem 1: We deﬁne G O2Lp be the elliptic curve group,"
9,0,0,0,0,12,2,/KLADYP+TimesLTStd-Roman,9.96,36.17,318.98,449.74,330.77,318.98,452.16,36.17,126.26,be an event that the adversary A could control the general  1
9,0,0,0,0,15,2,/OZAJVJ+TimesLTStd-Italic,9.96,36.17,308.85,455.92,321.95,308.85,460.97,36.17,120.08,F Pr[Su ] = .4 =3authentication procedure between OBU and LE. Let D be a
9,0,0,0,0,8,2,/KLADYP+TimesLTStd-Roman,9.96,36.17,296.9,345.01,306.86,296.9,476.07,36.17,230.99,password dictionary following a uniformly distributed and its
9,0,1,0,0,22,2,/OZAJVJ+TimesLTStd-Italic,9.96,101.81,288.56,474.41,300.86,288.56,482.07,101.81,101.59,"Therefore, from F , F , F , F , we have : 1234l be the space of the Hash Function, where"
9,0,0,0,0,7,2,/OZAJVJ+TimesLTStd-Italic,9.96,36.17,284.94,117.32,294.91,284.94,488.02,36.17,458.68,size is |D |. Let 2  l
9,0,0,0,0,11,2,/KLADYP+TimesLTStd-Roman,9.96,36.17,272.99,382.46,285.25,272.99,497.68,36.17,193.54,1denotes the bit length of Hash values. And let A denote
9,0,0,0,0,9,2,/OZAJVJ+TimesLTStd-Italic,9.96,329.53,268.3,489.48,278.27,268.3,504.66,329.53,86.52,|=| Pr [Su ] − Pr[Su ]| |Pr[Su] −030
9,0,0,0,0,8,2,/KLADYP+TimesLTStd-Roman,9.96,36.17,261.03,382.46,271.19,261.03,511.74,36.17,193.54,2an adversary against the general authentication procedure of
9,0,0,0,0,15,2,/OZAJVJ+TimesLTStd-Italic,9.96,36.17,247.58,489.48,261.46,247.58,521.47,36.17,86.52,"≤| Pr[Su ] − Pr[Su ]| 01our scheme by executing at the most qe Execute-queries,"
9,0,1,0,0,16,2,/OZAJVJ+TimesLTStd-Italic,9.96,36.17,235.63,498.91,247.08,235.63,535.84,36.17,77.09,q  q  : +| Pr[Su ] − Pr[Su ]| s Send-queries andh Hash-queries. Then we have12
9,0,0,0,0,8,2,/OZAJVJ+TimesLTStd-Italic,9.96,136.91,221.61,498.91,234.79,221.61,548.14,136.91,77.09,}{ 12  +| Pr[Su ] − Pr[Su ]|
9,0,0,0,0,5,2,/OZAJVJ+TimesLTStd-Italic,9.96,74.76,208.01,234.23,220.81,208.01,562.12,74.76,341.77,", ε) .2qmaxAdvA) =sO2L ("
9,0,1,0,0,7,2,/OZAJVJ+TimesLTStd-Italic,9.96,132.53,203.77,456.09,216.63,203.77,566.3,132.53,119.91,= F F Fl +1 +2 +32|D|
9,0,1,0,0,9,2,/OZAJVJ+TimesLTStd-Italic,9.96,46.13,186.58,415.28,200.18,186.58,582.75,46.13,160.72,hProof of Theorem 1: We demonstrate that the proposed
9,0,1,0,0,4,2,/OZAJVJ+TimesLTStd-Italic,9.96,390.03,186.03,508.07,195.99,186.03,586.94,390.03,67.93,"q , ε) .qmaxs"
9,0,1,0,0,5,2,/OZAJVJ+TimesLTStd-Italic,9.96,402.27,178.95,483.13,191.8,178.95,591.13,402.27,92.87,l+ 1 +2 |D |
9,0,1,0,0,35,2,/OZAJVJ+TimesLTStd-Italic,9.96,36.17,161.05,430.17,184.59,161.05,598.34,36.17,145.83,"protocol is provably secure with Exp, Exp , Exp , Exp ,0123 Exp . Let Su 1 ≤ n ≤ 4) denote the event that A success-  Hence, from F  :4n (0 we will have"
9,0,0,0,0,7,2,/FGTJDS+MTEX,9.96,36.17,150.71,487.19,161.57,150.71,621.36,36.17,88.81,}{ 1fully guesses b from the Test-query.2
9,0,1,0,0,16,2,/OZAJVJ+TimesLTStd-Italic,9.96,46.13,134.78,495.0,148.72,134.78,634.21,46.13,81.0,"Experiment Exp 0: This experiment models a real attack.  Adv A) ≤ , ε) .2qmaxsO2L ("
9,0,1,0,0,5,2,/OZAJVJ+TimesLTStd-Italic,9.96,163.45,130.54,470.06,143.38,130.54,639.54,163.45,105.94,l +ake 2 |D |
9,0,0,0,0,10,2,/KLADYP+TimesLTStd-Roman,9.96,36.17,123.62,237.13,136.77,123.62,646.16,36.17,338.87,"According to our deﬁnition Adv A), we have :O2L ("
9,0,1,0,0,13,2,/OZAJVJ+TimesLTStd-Italic,9.96,124.42,112.84,556.47,124.09,112.84,658.83,124.42,19.53,Theorem 2: Let O2O be an event that A  could violate the ake
9,0,0,0,0,10,2,/OZAJVJ+TimesLTStd-Italic,9.96,85.25,103.5,223.74,116.3,103.5,666.63,85.25,352.26,F Adv A) = 2Pr[Su ] − 1.0 =0O2L (
9,0,1,0,0,9,2,/OZAJVJ+TimesLTStd-Italic,9.96,297.08,100.68,545.58,112.14,100.68,670.79,297.08,30.42,secure communication procedure between OBU  OBUi and j of
9,0,1,0,0,18,2,/OZAJVJ+TimesLTStd-Italic,9.96,46.13,86.32,567.5,100.19,86.32,682.74,46.13,8.5,"two trusted vehicles. D D  are identity dictionary with id andExperiment Exp: All oracles Execute, Send, Reveal, Cor-"
9,0,0,0,0,22,2,/GXICME+MTSYN,9.96,36.17,74.37,564.43,88.23,74.37,694.7,36.17,11.57,"the size of |D and identity dictionary with the size of |D|id |rupt, Test in this experiment are modeled. The adversary A"
9,0,0,0,0,14,2,/KLADYP+TimesLTStd-Roman,9.96,36.17,62.41,605.92,76.28,62.41,706.65,36.17,-29.92,"respectively and both of them follow a uniformly distributed. cannot distinguish Exp Exp. Hence,"
9,0,1,0,0,4,8,/OZAJVJ+TimesLTStd-Italic,7.57,126.94,60.51,350.44,70.88,60.51,712.05,126.94,225.56,0 and 1 ECDHP
9,0,0,0,0,12,2,/KLADYP+TimesLTStd-Roman,9.96,297.08,51.17,550.72,64.32,51.17,718.61,297.08,25.28,Let Adv  A  in solving the ECCDHP A be the advantage for
9,0,0,0,0,14,2,/OZAJVJ+TimesLTStd-Italic,9.96,90.38,40.91,562.12,52.36,40.91,730.56,90.38,13.88,in a polynomial time. Let A denote an adversary against theFPr[Su] −Pr[Su]|= 0.1 =|01
9,0,0,0,1,4,10,/OLPGNG+FormataOTF-Reg,6.97,36.17,24.56,81.0,31.53,24.56,751.39,36.17,495.0,"55058 VOLUME 7, 2019"
10,0,0,0,0,15,10,/OLPGNG+FormataOTF-Reg,6.97,36.17,744.73,412.32,751.7,744.73,31.23,36.17,163.68,L. Wu et al.: Efficient Privacy-Preserving Mutual Authentication Scheme for Secure V2V Communication in VANETs
10,0,0,0,0,29,2,/KLADYP+TimesLTStd-Roman,9.96,36.17,687.98,581.01,709.9,687.98,73.03,36.17,-5.01,"secure communication procedure. Let |Hash|denote the Hash  no user password in the whole communication message. So, function space. And within the time complexity limit t, A can we have:"
10,0,0,0,0,3,2,/FGTJDS+MTEX,9.96,464.42,681.46,503.92,691.42,681.46,91.51,464.42,72.08,{ 1 }
10,0,1,0,0,21,2,/OZAJVJ+TimesLTStd-Italic,9.96,36.17,664.07,511.73,685.99,664.07,96.94,36.17,64.27,"only issue at the most q qe Execute-queries,s Send-queries, F Pr[Su ] − Pr[Su ]|≤ q max , ε) .4 =|43sq"
10,0,0,0,0,5,2,/OZAJVJ+TimesLTStd-Italic,9.96,41.15,660.4,486.8,672.54,660.4,110.39,41.15,89.2,"h Hash-queries. Hence, |D |"
10,0,1,0,0,18,2,/OZAJVJ+TimesLTStd-Italic,9.96,69.44,642.69,542.41,655.44,642.69,127.49,69.44,33.59,"(q q )2(qq) Experiment Exp 5: Here and now, all oracles in Expss +es +e4 have h +ake"
10,0,1,0,0,3,2,/OZAJVJ+TimesLTStd-Italic,9.96,53.95,638.05,104.02,648.46,638.05,134.47,53.95,471.98,Adv (A) ≤O2O
10,0,1,0,0,12,2,/OZAJVJ+TimesLTStd-Italic,9.96,123.45,631.42,605.92,644.26,631.42,138.67,123.45,-29.92,"l + been modeled. In this experiment, we consider the probability |D2p"
10,0,1,0,0,3,8,/OZAJVJ+TimesLTStd-Italic,7.57,133.49,629.93,153.42,639.89,629.93,143.04,133.49,422.58,id | +
10,0,0,0,0,3,2,/FGTJDS+MTEX,9.96,153.44,625.91,192.94,635.88,625.91,147.05,153.44,383.06,{ 1 }
10,0,1,0,0,12,2,/OZAJVJ+TimesLTStd-Italic,9.96,297.08,619.91,544.43,631.37,619.91,151.56,297.08,31.57,"that A forges the authentication value m, m , m24 5 without"
10,0,0,0,0,13,2,/OZAJVJ+TimesLTStd-Italic,9.96,111.7,609.45,590.98,621.89,609.45,161.04,111.7,-14.98,"+ 2q max , ε)s using random oracles for corresponding queries. Unless the"
10,0,0,0,1,2,2,/GXICME+MTSYN,9.96,160.79,604.85,175.82,614.82,604.85,168.11,160.79,400.18,|D |
10,0,0,0,0,12,2,/OZAJVJ+TimesLTStd-Italic,9.96,174.79,594.46,540.21,607.46,594.46,175.47,174.79,35.79,"oracle can stop the game with right values, Exp5 becomes 2 +"
10,0,1,0,0,7,2,/OZAJVJ+TimesLTStd-Italic,9.96,111.69,588.85,201.24,600.3,588.85,182.62,111.69,374.76,+ 2q ((q q ) 1)hs +e
10,0,0,0,0,11,2,/KLADYP+TimesLTStd-Roman,9.96,297.08,584.05,532.71,595.5,584.05,187.42,297.08,43.29,"indistinguishable from Exp  A . Hence, we will have :4 to"
10,0,1,0,0,9,2,/OZAJVJ+TimesLTStd-Italic,9.96,118.55,573.9,476.47,585.36,573.9,197.57,118.55,99.53,Adv (A)(t + (q q )t ).e +smO2O s
10,0,1,0,0,8,2,/OZAJVJ+TimesLTStd-Italic,9.96,348.5,564.56,460.58,576.02,564.56,206.91,348.5,115.42,F Pr[Su ] − Pr[Su ]|≤ q5 =|54
10,0,1,0,0,24,2,/OZAJVJ+TimesLTStd-Italic,9.96,46.13,544.13,540.52,566.05,544.13,216.88,46.13,35.48,"Proof of Theorem 2: Experiment Exp 6  Here and now, Exp : 6 will simu- Experiment Exp 0: This experiment models a real attack."
10,0,0,0,0,19,2,/OZAJVJ+TimesLTStd-Italic,9.96,36.17,532.18,521.79,545.9,532.18,237.02,36.17,54.21,"ake  late the hash oracle h to break the session key sk =According to our deﬁnition Adv(A), we have"
10,0,1,0,1,1,8,/OZAJVJ+TimesLTStd-Italic,7.57,163.45,531.39,174.81,538.96,531.39,243.97,163.45,401.19,O2O
10,0,1,0,0,10,2,/OZAJVJ+TimesLTStd-Italic,9.96,297.08,519.71,544.33,532.34,519.71,250.58,297.08,31.67,h(id||id||x P psk||t ||t ). Computing x Pijipuboiojipubj ||j belongs
10,0,0,0,0,17,2,/KLADYP+TimesLTStd-Roman,9.96,96.7,510.43,541.64,522.38,510.43,260.55,96.7,34.36,Adv (A) = 2Pr[Su ] − 1.0 to ECCDHP. The case when the adversary A  queries O2O
10,0,1,0,0,15,2,/OZAJVJ+TimesLTStd-Italic,9.96,297.08,495.8,557.73,508.43,495.8,274.49,297.08,18.27,"the oracle h on id ||id||x P psk||t ||t , and the oracle ijipuboiojj ||"
10,0,1,0,0,9,2,/OZAJVJ+TimesLTStd-Italic,9.96,46.13,493.1,318.44,503.07,493.1,279.86,46.13,257.56,"Experiment Exp: All oracles Execute, Send, Reveal, Cor- 1"
10,0,1,0,0,11,2,/OZAJVJ+TimesLTStd-Italic,9.96,297.08,483.85,542.55,496.48,483.85,286.45,297.08,33.45,responds the value as follows: id||id||x P psk||t ||t ||ijipuboiojj ||
10,0,0,0,0,10,2,/KLADYP+TimesLTStd-Roman,9.96,36.17,481.15,315.12,491.11,481.15,291.82,36.17,260.88,"rupt, Test in this experiment are modeled. The adversary A"
10,0,1,0,0,16,2,/OZAJVJ+TimesLTStd-Italic,9.96,297.08,471.89,537.79,484.52,471.89,298.41,297.08,38.21,"ECCDH (x P  P  + ECCDH (x P  P  Expjpubpubipubpub 5i ,i )j ,j ). So,"
10,0,1,0,0,7,2,/OZAJVJ+TimesLTStd-Italic,9.96,36.17,467.7,210.22,479.16,467.7,303.77,36.17,365.78,"cannot distinguish Exp  Exp . Hence,0 and1"
10,0,0,0,0,10,2,/KLADYP+TimesLTStd-Roman,9.96,297.08,461.11,566.11,472.57,461.11,310.36,297.08,9.89,and Exp 4 cannot be distinguished unless the above case
10,0,1,0,0,10,2,/OZAJVJ+TimesLTStd-Italic,9.96,297.08,450.65,544.93,464.38,450.65,318.55,297.08,31.07,ake occurs. We deﬁne the advantage of A as Adv(A)
10,0,1,0,0,10,2,/OZAJVJ+TimesLTStd-Italic,9.96,90.38,448.39,521.71,459.85,448.39,323.08,90.38,54.29,F Pr[Su ] − Pr[Su ]|= 0 .1 =|10 O2O
10,0,1,0,0,16,2,/OZAJVJ+TimesLTStd-Italic,9.96,297.08,437.2,548.22,448.66,437.2,334.27,297.08,27.78,"(t + (q q )tm), while t is the maximum time and te +sm is the"
10,0,1,0,0,20,2,/OZAJVJ+TimesLTStd-Italic,9.96,46.13,426.74,549.78,440.54,426.74,342.39,46.13,26.22,"Experiment Exp 2: Here, all the oracles Send, Execute, point multiplication time based on ECC. A can win the game"
10,0,0,0,0,15,2,/KLADYP+TimesLTStd-Roman,9.96,36.17,414.78,371.39,428.58,414.78,354.35,36.17,204.61,"Reveal, Corrupt, and Test are also modeled in this experiment. at the fewest q :"
10,0,1,0,0,5,8,/OZAJVJ+TimesLTStd-Italic,7.57,354.65,413.29,494.13,423.25,413.29,359.68,354.65,81.87,"h hash-queries. Then, we have"
10,0,1,0,0,30,2,/OZAJVJ+TimesLTStd-Italic,9.96,36.17,393.22,458.17,416.63,393.22,366.3,36.17,117.83,"Once A  gets the real identity id  OBU , idi of trustedij of F Pr[Su  − Pr[Su ]| 6 =|6 ]5trusted OBUj from the identity space, we stop simulating this"
10,0,1,0,0,4,8,/OZAJVJ+TimesLTStd-Italic,7.57,36.17,382.75,409.03,396.01,382.75,386.91,36.17,166.97,ake guessing identity attacks.
10,0,1,0,0,9,2,/OZAJVJ+TimesLTStd-Italic,9.96,369.13,380.44,494.05,391.9,380.44,391.03,369.13,81.95,q Adv (A)(t + (q q )t ).he +smO2O
10,0,1,0,0,11,2,/OZAJVJ+TimesLTStd-Italic,9.96,46.13,369.3,320.02,380.76,369.3,402.17,46.13,255.98,"So, Exp  Exp2 and 1 cannot be distinguished unless the case"
10,0,1,0,0,11,2,/OZAJVJ+TimesLTStd-Italic,9.96,307.04,362.54,556.18,374.0,362.54,408.93,307.04,19.82,"Experiment Exp 7 In this experiment, we suppose that A :"
10,0,1,0,0,13,2,/OZAJVJ+TimesLTStd-Italic,9.96,297.08,348.9,590.0,362.04,348.9,420.89,297.08,-14.0,has issued Corrupt( V i i ) after the previous Test query. Similar
10,0,1,0,0,12,2,/OZAJVJ+TimesLTStd-Italic,9.96,201.26,340.12,562.98,353.49,340.12,429.44,201.26,13.02,qs +e to the Exp  sk  can be obtained in the hash
10,0,1,0,0,8,2,/OZAJVJ+TimesLTStd-Italic,9.96,77.07,336.54,442.09,348.59,336.54,434.34,77.07,133.91,"6 , if the session keyFPr[Su] −Pr[Su]|≤ q"
10,0,1,0,0,4,8,/OZAJVJ+TimesLTStd-Italic,7.57,83.16,335.05,175.37,345.01,335.05,437.92,83.16,400.63,2 =| 2 1
10,0,0,0,0,18,2,/OZAJVJ+TimesLTStd-Italic,9.96,201.03,326.67,566.88,339.43,326.67,443.5,201.03,9.12,"|D  . oracle h , the probability that x xid |i and j are in the same session"
10,0,0,0,0,16,2,/KLADYP+TimesLTStd-Roman,9.96,46.13,313.48,421.57,325.92,313.48,457.01,46.13,154.43,":is 12 . So we will haveExperiment Exp 3: In this experiment, all oracles are also"
10,0,1,0,0,4,8,/OZAJVJ+TimesLTStd-Italic,7.57,307.41,313.92,333.17,321.49,313.92,461.44,307.41,242.83,(q + q )se
10,0,0,0,0,12,2,/KLADYP+TimesLTStd-Roman,9.96,36.17,301.52,296.42,311.49,301.52,471.44,36.17,279.58,simulated. There exist two styles of collisions in Exp. If both 3
10,0,1,0,0,8,2,/OZAJVJ+TimesLTStd-Italic,9.96,323.3,295.78,438.04,307.24,295.78,475.69,323.3,137.96,F Pr[Su  − Pr[Su ]| 7 =|6 ]5
10,0,1,0,0,12,2,/OZAJVJ+TimesLTStd-Italic,9.96,36.17,288.84,429.29,299.53,288.84,483.4,36.17,146.71,"collisions occur, the adversary A will initiate a reply attack  2 ake"
10,0,1,0,0,13,2,/OZAJVJ+TimesLTStd-Italic,9.96,349.0,280.84,514.3,292.29,280.84,490.64,349.0,61.7,q (q q ) Adv (A)(t + (q q )t ).hs +ee +smO2O
10,0,0,0,0,49,2,/KLADYP+TimesLTStd-Roman,9.96,36.17,251.55,596.86,287.58,251.55,495.35,36.17,-20.86,"to win the game. We can have the probability of collisions according to the birthday paradox. Hence, Besides, A will succeed against an oracle, if the Test query return it the real bit Guess randomly. So, we have : If there’s a hash collision occurs, the probability of the"
10,0,0,0,0,5,2,/KLADYP+TimesLTStd-Roman,9.96,55.9,236.82,450.12,250.04,236.82,532.89,55.9,125.88,h 1collision at most is
10,0,1,0,0,4,11,/OZAJVJ+TimesLTStd-Italic,5.98,55.9,234.66,155.04,246.78,234.66,536.15,55.9,420.96,q l+ 1 .
10,0,1,0,0,5,2,/OZAJVJ+TimesLTStd-Italic,9.96,134.59,230.63,456.3,242.44,230.63,540.49,134.59,119.7,2 F Pr[Su  = .
10,0,1,0,0,4,8,/OZAJVJ+TimesLTStd-Italic,7.57,380.6,229.14,432.24,239.1,229.14,543.83,380.6,143.76,8 = 7 ]
10,0,0,0,0,9,2,/KLADYP+TimesLTStd-Roman,9.96,46.13,223.56,450.12,234.83,223.56,548.1,46.13,125.88,If there’s a collision between the random number 2
10,0,1,0,0,10,2,/OZAJVJ+TimesLTStd-Italic,9.96,55.9,212.91,296.76,226.48,212.91,556.45,55.9,279.24,"s er r, the probability of the collision at most"
10,0,0,0,0,17,2,/OZAJVJ+TimesLTStd-Italic,9.96,59.77,210.87,526.67,222.87,210.87,560.06,59.77,49.33,"(i andj Therefore, from F , F , F , F , F , F  F :"
10,0,1,0,0,12,8,/OZAJVJ+TimesLTStd-Italic,7.57,255.91,209.37,516.26,219.34,209.37,563.59,255.91,59.74,2p .  1 2 3 4 5 6 and 7 we have
10,0,0,0,0,13,2,/KLADYP+TimesLTStd-Roman,9.96,36.17,196.59,361.25,208.77,196.59,574.16,36.17,214.75,"So, only in following cases can Exp  Exp1 and 2 be distin-  1"
10,0,0,0,0,11,2,/OZAJVJ+TimesLTStd-Italic,9.96,36.17,186.85,469.02,199.56,186.85,583.37,36.17,106.98,"|=| Pr [Su ] − Pr[Su | |Pr[Su] −07 ]0guished, and:"
10,0,0,0,0,8,2,/OZAJVJ+TimesLTStd-Italic,9.96,183.87,172.8,468.27,182.76,172.8,600.17,183.87,107.73,≤| Pr[Su ] − Pr[Su ]| 2 201
10,0,1,0,0,4,2,/OZAJVJ+TimesLTStd-Italic,9.96,183.87,166.76,244.75,178.22,166.76,604.71,183.87,331.25,(q q )s +eh
10,0,0,0,0,14,2,/OZAJVJ+TimesLTStd-Italic,9.96,55.43,157.85,477.7,171.24,157.85,611.69,55.43,98.3,F Pr[Su ] − Pr[Su ]|≤ q3 =|32 +| Pr[Su ] − Pr[Su ]|
10,0,1,0,0,6,8,/OZAJVJ+TimesLTStd-Italic,7.57,174.64,154.2,463.92,167.04,154.2,615.89,174.64,112.08,l+ 1 + 1 222p .
10,0,0,0,0,7,2,/OZAJVJ+TimesLTStd-Italic,9.96,379.87,142.91,477.7,152.87,142.91,630.06,379.87,98.3,+| Pr[Su ] − Pr[Su ]| 23
10,0,1,0,0,10,2,/OZAJVJ+TimesLTStd-Italic,9.96,46.13,138.04,305.83,148.01,138.04,634.92,46.13,270.17,"Experiment Exp 4: Here, all the oracles that have been"
10,0,0,0,0,35,2,/OZAJVJ+TimesLTStd-Italic,9.96,36.17,110.95,477.7,137.93,110.95,645.0,36.17,98.3,"+| Pr[Su ] − Pr[Su ]| 34modeled in Exp3 are also modeled in this experiment. When Corrupt(V i  A  can extract the infor-  +| Pr[Su ] − Pr[Su ]| 45i ) is queried, the adversary"
10,0,1,0,0,20,2,/OZAJVJ+TimesLTStd-Italic,9.96,36.17,99.51,304.99,112.14,99.51,670.79,36.17,271.01,"mation b , c , d , y , z , P  eiiiiipub i stored in the vehicle’s i and"
10,0,0,0,0,8,2,/OZAJVJ+TimesLTStd-Italic,9.96,379.87,96.58,478.33,108.04,96.58,674.89,379.87,97.67,+| Pr[Su ] − Pr[Su | 56 ]
10,0,0,0,0,12,2,/KLADYP+TimesLTStd-Roman,9.96,36.17,90.22,297.33,100.19,90.22,682.74,36.17,278.67,"OBU, To break the session key, A needs to know the secret"
10,0,0,0,0,8,2,/OZAJVJ+TimesLTStd-Italic,9.96,379.87,81.64,479.09,93.1,81.64,689.83,379.87,96.91,+| Pr[Su  − Pr[Su | 6 ]7 ]
10,0,1,0,0,42,2,/OZAJVJ+TimesLTStd-Italic,9.96,36.17,64.82,525.79,88.23,64.82,694.7,36.17,50.21,"key x , psk, id, id  r  r . iij and the random numberi as well asj = F F F F F F F1 +2 +3 +4 +5 +6 +7It is difﬁcult to recover psk and x b,i from the informationi"
10,0,1,0,0,18,2,/OZAJVJ+TimesLTStd-Italic,9.96,36.17,51.69,521.2,64.5,51.69,718.43,36.17,54.8,"(q q ) qqqc, d, y, z, P es +es +esiiiipubi without getting the correct password. hi and"
10,0,1,0,0,15,2,/OZAJVJ+TimesLTStd-Italic,9.96,36.17,40.48,521.38,53.32,40.48,729.61,36.17,54.62,"l+ 1 + lThe adversary cannot get the user password, since there is |D22p +2"
10,0,1,0,0,3,8,/OZAJVJ+TimesLTStd-Italic,7.57,395.86,38.98,415.78,48.95,38.98,733.98,395.86,160.22,id | +
10,0,0,0,1,4,11,/OLPGNG+FormataOTF-Reg,5.98,36.17,24.56,78.01,31.53,24.56,751.39,36.17,497.99,"VOLUME 7, 2019 55059"
11,0,0,0,0,15,10,/OLPGNG+FormataOTF-Reg,6.97,186.46,744.73,562.61,751.7,744.73,31.23,186.46,13.39,L. Wu et al.: Efficient Privacy-Preserving Mutual Authentication Scheme for Secure V2V Communication in VANETs
11,0,0,0,0,3,2,/FGTJDS+MTEX,9.96,155.72,711.43,195.22,721.4,711.43,61.53,155.72,380.78,{ 1 }
11,0,1,0,0,9,2,/OZAJVJ+TimesLTStd-Italic,9.96,118.96,697.2,482.0,709.9,697.2,73.03,118.96,94.0,"a h(psk ||y ) ⊕ c ,ii+qmax, ε)i =s"
11,0,0,0,1,2,2,/GXICME+MTSYN,9.96,163.08,690.37,178.1,700.34,690.37,82.59,163.08,397.9,|D |
11,0,1,0,0,7,2,/OZAJVJ+TimesLTStd-Italic,9.96,391.0,682.26,464.64,694.95,682.26,87.97,391.0,111.36,"r m h(a ,1 ⊕i =i )"
11,0,1,0,0,7,2,/OZAJVJ+TimesLTStd-Italic,9.96,118.96,674.37,203.52,685.82,674.37,97.11,118.96,372.48,+ q ((q q ) 1)hs +e
11,0,1,0,0,7,2,/OZAJVJ+TimesLTStd-Italic,9.96,387.16,667.31,455.38,680.01,667.31,102.92,387.16,120.62,sk h(r r .ij =i ||j )
11,0,1,0,0,8,2,/OZAJVJ+TimesLTStd-Italic,9.96,125.81,659.42,241.46,670.88,659.42,112.05,125.81,334.54,Adv (A)(t + (q q )t ).e +smO2O
11,0,0,0,0,14,2,/OZAJVJ+TimesLTStd-Italic,9.96,321.32,647.96,549.78,661.11,647.96,121.82,321.32,26.22,"And then compares the h (r  = h (r ), if yes, ii )?"
11,0,0,0,0,17,2,/OZAJVJ+TimesLTStd-Italic,9.96,36.17,637.69,563.54,649.72,637.69,133.21,36.17,12.46,"Hence, from F  : the adversary guess the id OBU0 we will havei of i successfully. Next,"
11,0,1,0,0,15,2,/OZAJVJ+TimesLTStd-Italic,9.96,173.54,624.05,583.42,637.19,624.05,145.73,173.54,-7.42,the sk h(r rij =i ||j ) also be guesses successfully by the 2 2
11,0,1,0,0,8,2,/OZAJVJ+TimesLTStd-Italic,9.96,69.44,617.09,255.78,630.23,617.09,152.7,69.44,320.22,q 2q2(qq) (q q )ss +es +eh +ake
11,0,0,0,0,10,2,/KLADYP+TimesLTStd-Roman,9.96,53.95,612.89,585.33,625.24,612.89,157.69,53.95,-9.33,"adversary. Therefore, Zhou et al.’s scheme still has Adv(A) ≤"
11,0,1,0,0,3,8,/OZAJVJ+TimesLTStd-Italic,7.57,69.44,608.7,196.91,620.02,608.7,162.9,69.44,379.09,O2O l +
11,0,1,0,0,13,2,/OZAJVJ+TimesLTStd-Italic,9.96,123.45,603.32,575.36,615.78,603.32,167.14,123.45,0.64,"|D 2 pid | + security threats. In our scheme, assuming that the"
11,0,0,0,0,3,2,/FGTJDS+MTEX,9.96,153.44,600.31,192.94,610.28,600.31,172.65,153.44,383.06,{ 1 }
11,0,0,0,0,13,2,/KLADYP+TimesLTStd-Roman,9.96,321.32,588.18,543.17,601.33,588.18,181.6,321.32,32.83,adversary also guesses a id L  of OBU i and i from the
11,0,0,0,0,5,2,/OZAJVJ+TimesLTStd-Italic,9.96,111.7,586.33,189.83,596.29,586.33,186.64,111.7,386.17,"+ 2q max , ε)s"
11,0,0,0,0,11,2,/OZAJVJ+TimesLTStd-Italic,9.96,160.79,577.92,583.27,589.37,577.92,193.55,160.79,-7.27,computers sk|D| ij that is generated by the hash that takes
11,0,1,0,0,15,2,/OZAJVJ+TimesLTStd-Italic,9.96,174.79,565.96,552.9,578.82,565.96,204.11,174.79,23.1,"2 + random number r , r  r , rij as the input.ij are encrypted"
11,0,1,0,0,7,2,/OZAJVJ+TimesLTStd-Italic,9.96,111.69,563.25,201.24,574.7,563.25,208.22,111.69,374.76,+ 2q ((q q ) 1)hs +e
11,0,1,0,0,15,2,/OZAJVJ+TimesLTStd-Italic,9.96,134.04,554.01,558.05,565.46,554.01,217.47,134.04,17.95,"by key a , and ai i is known by AS and trustful OBU. ake"
11,0,1,0,0,8,2,/OZAJVJ+TimesLTStd-Italic,9.96,118.55,548.3,234.2,559.76,548.3,223.17,118.55,341.8,Adv (A)(t + (q q )t ).e +smO2O
11,0,0,0,0,14,2,/KLADYP+TimesLTStd-Roman,9.96,321.32,531.59,590.31,553.51,531.59,229.42,321.32,-14.31,"Therefore, our scheme can resist to identity guessing attack, but Zhou et al.’s cannot."
11,0,0,0,1,3,4,/ITGHYW+FormataOTFMdIt,8.97,37.17,526.26,126.83,535.23,526.26,247.7,37.17,449.17,C. OTHER DISCUSSIONS
11,0,0,0,0,11,2,/KLADYP+TimesLTStd-Roman,9.96,307.04,519.64,620.86,529.6,519.64,253.33,307.04,-44.86,"6) Resistance to reply attack: In our proposal, all the trans-"
11,0,0,0,0,9,2,/KLADYP+TimesLTStd-Roman,9.96,46.13,512.32,330.07,522.28,512.32,260.65,46.13,245.93,1) Resistance to insider attack enhancement: If the real
11,0,0,0,0,8,2,/KLADYP+TimesLTStd-Roman,9.96,321.32,507.68,590.31,517.64,507.68,265.29,321.32,-14.31,"mitted messages contain current time stamps, so these"
11,0,0,0,0,11,2,/KLADYP+TimesLTStd-Roman,9.96,60.41,500.36,271.01,510.32,500.36,272.61,60.41,304.99,"password is stored in plaintext form in AS, the AS may"
11,0,0,0,0,10,2,/KLADYP+TimesLTStd-Roman,9.96,321.32,495.73,590.31,505.69,495.73,277.24,321.32,-14.31,messages must pass the check of the time stamp fresh-
11,0,0,0,0,11,2,/KLADYP+TimesLTStd-Roman,9.96,60.41,486.91,289.84,498.37,486.91,284.56,60.41,286.16,careless use of it. So in our scheme Useri sends its
11,0,0,0,0,9,2,/KLADYP+TimesLTStd-Roman,9.96,321.32,483.77,605.25,493.73,483.77,289.2,321.32,-29.25,"ness ﬁrstly. Therefore, a reply attack from an adversary"
11,0,1,0,0,12,2,/OZAJVJ+TimesLTStd-Italic,9.96,60.41,476.45,301.35,486.41,476.45,296.52,60.41,274.65,"(id, h(pw )) to AS . AS cannot recalculate the password ii"
11,0,0,0,0,15,2,/KLADYP+TimesLTStd-Roman,9.96,60.41,452.54,324.42,474.46,452.54,308.47,60.41,251.58,because of the one-way feature of the hash function. So AS cannot misuse the password.
11,1,0,0,1,3,4,/PTNQIO+FormataOTF-Bold,8.97,298.08,448.84,414.64,457.81,448.84,325.12,298.08,161.36,VIII. PERFORMANCE ANALYSIS
11,0,0,0,0,7,2,/KLADYP+TimesLTStd-Roman,9.96,46.13,440.59,325.09,450.55,440.59,332.38,46.13,250.91,"2) Anonymity, Identity Privacy-Preserving and the loca-"
11,0,0,0,1,3,4,/ITGHYW+FormataOTFMdIt,8.97,298.08,436.89,383.26,445.85,436.89,337.08,298.08,192.74,A. COMPUTATION COST
11,0,0,0,0,8,2,/KLADYP+TimesLTStd-Roman,9.96,60.41,428.63,314.46,438.59,428.63,344.34,60.41,261.54,tion privacy of user Enhancement: If the anonymity
11,0,0,0,0,8,2,/KLADYP+TimesLTStd-Roman,9.96,297.08,422.94,561.09,432.9,422.94,350.03,297.08,14.91,"To demonstrate the efﬁciency of our proposed scheme,"
11,0,0,0,0,11,2,/KLADYP+TimesLTStd-Roman,9.96,60.41,416.67,344.34,426.64,416.67,356.29,60.41,231.66,"has not changed for a long time, the adversary can still"
11,0,0,0,0,9,2,/KLADYP+TimesLTStd-Roman,9.96,297.08,410.99,600.94,420.95,410.99,361.98,297.08,-24.94,we analyze computation cost of the authentication and secure
11,0,0,0,0,9,2,/KLADYP+TimesLTStd-Roman,9.96,60.41,404.72,349.32,414.68,404.72,368.25,60.41,226.68,steal the trajectory privacy. If the real user’s identity
11,0,0,0,0,7,2,/KLADYP+TimesLTStd-Roman,9.96,297.08,399.03,590.98,408.99,399.03,373.94,297.08,-14.98,communication phase respectively. The following display is
11,0,0,0,0,10,2,/KLADYP+TimesLTStd-Roman,9.96,60.41,392.76,319.44,402.73,392.76,380.2,60.41,256.56,"is transmitted in plaintext form on V ANETs, it can"
11,0,0,0,0,10,2,/KLADYP+TimesLTStd-Roman,9.96,297.08,387.07,595.96,397.04,387.07,385.89,297.08,-19.96,the performance analysis of [23] and our scheme. We analyze
11,0,0,0,0,10,2,/KLADYP+TimesLTStd-Roman,9.96,60.41,380.81,324.42,390.77,380.81,392.16,60.41,251.58,be analyzed the message easily by the attack. In our
11,0,0,0,0,8,2,/KLADYP+TimesLTStd-Roman,9.96,297.08,375.12,590.98,385.08,375.12,397.85,297.08,-14.98,the computation and communication cost by contrast between
11,0,0,0,0,10,2,/KLADYP+TimesLTStd-Roman,9.96,60.41,368.85,304.49,378.82,368.85,404.11,60.41,271.51,"scheme, we also use XOR operation with a hash to"
11,0,1,0,0,12,2,/OZAJVJ+TimesLTStd-Italic,9.96,297.08,363.16,537.79,373.13,363.16,409.8,297.08,38.21,"our proposed scheme and [23]. These symbols T, T , Thm a"
11,0,0,0,0,7,2,/KLADYP+TimesLTStd-Roman,9.96,60.41,356.9,329.4,366.86,356.9,416.07,60.41,246.6,"increase the security of anonymous identity. However,"
11,0,0,0,0,7,2,/KLADYP+TimesLTStd-Roman,9.96,297.08,351.21,595.96,361.17,351.21,421.76,297.08,-19.96,"respectively illustrate the execution time of shs-hash-256,"
11,0,0,0,0,11,2,/KLADYP+TimesLTStd-Roman,9.96,60.41,344.94,324.42,354.91,344.94,428.02,60.41,251.58,the hash takes a timestamp to connect to a random as
11,0,0,0,0,7,2,/KLADYP+TimesLTStd-Roman,9.96,297.08,339.25,610.9,349.22,339.25,433.71,297.08,-34.9,scalar point multiplication and scalar addition multiplication
11,0,0,0,0,8,2,/KLADYP+TimesLTStd-Roman,9.96,60.41,332.99,319.44,342.95,332.99,439.98,60.41,256.56,an input. We use double security parameters (random
11,0,0,0,0,10,2,/KLADYP+TimesLTStd-Roman,9.96,297.08,327.3,585.99,337.26,327.3,445.67,297.08,-9.99,based on ECC. These related operations are based upon the
11,0,0,0,0,6,2,/KLADYP+TimesLTStd-Roman,9.96,60.41,321.03,319.44,331.0,321.03,451.93,60.41,256.56,"number, timestamp) to change anonymity dynamically."
11,0,0,0,0,10,2,/KLADYP+TimesLTStd-Roman,9.96,297.08,315.34,590.37,325.31,315.34,457.62,297.08,-14.37,"miracl c++ library [29]. In our scheme, the machine parame-"
11,0,0,0,0,10,2,/KLADYP+TimesLTStd-Roman,9.96,60.41,309.08,339.36,319.04,309.08,463.89,60.41,236.64,"Above all, the adversary cannot get the user privacy by"
11,0,0,0,0,9,2,/KLADYP+TimesLTStd-Roman,9.96,297.08,303.39,576.03,313.35,303.39,469.58,297.08,-0.03,"ters are Intel(R) Core(TM) i5-3337U CPU, 1.8GHz and RAM"
11,0,0,0,0,7,2,/KLADYP+TimesLTStd-Roman,9.96,297.08,291.43,431.57,301.4,291.43,481.53,297.08,144.43,is 4GB on a Windows 10 PC.
11,0,0,0,0,8,2,/KLADYP+TimesLTStd-Roman,9.96,46.13,285.17,305.16,295.13,285.17,487.8,46.13,270.84,3) Secure session key enhancement: Although in Zhou
11,0,0,0,0,12,2,/KLADYP+TimesLTStd-Roman,9.96,307.04,279.48,600.94,289.44,279.48,493.49,307.04,-24.94,"As shown in TABLE 2, 3, 4, the authentication time of [23]"
11,0,0,0,0,10,2,/KLADYP+TimesLTStd-Roman,9.96,60.41,273.21,344.34,283.18,273.21,499.75,60.41,231.66,"et al.’s scheme, the session key is diverse in different"
11,0,0,0,0,13,2,/KLADYP+TimesLTStd-Roman,9.96,297.08,266.03,575.18,277.49,266.03,505.44,297.08,0.82,"is about 17 T 0.170 ms, the authentication time of our h ≈"
11,0,0,0,0,7,2,/KLADYP+TimesLTStd-Roman,9.96,60.41,261.26,334.38,271.22,261.26,511.71,60.41,241.62,"authentication or communication phase, the session key"
11,0,0,0,0,12,2,/KLADYP+TimesLTStd-Roman,9.96,297.08,254.07,560.63,265.53,254.07,517.4,297.08,15.37,"scheme is about 18 T 0.180 ms, the communication time h ≈"
11,0,0,0,0,10,2,/KLADYP+TimesLTStd-Roman,9.96,60.41,249.3,344.34,259.27,249.3,523.66,60.41,231.66,can be leaked by guessing the identity from the identity
11,0,0,0,0,16,2,/OZAJVJ+TimesLTStd-Italic,9.96,297.08,242.12,528.35,253.57,242.12,529.35,297.08,47.65,of [23] is about 12 T 10T + 6T  12 T 10Th +ma ≈h +m ≈
11,0,0,0,0,9,2,/KLADYP+TimesLTStd-Roman,9.96,60.41,237.35,339.36,247.31,237.35,535.62,60.41,236.64,"space, the explanation is described in the following 5)"
11,0,0,0,0,13,2,/OZAJVJ+TimesLTStd-Italic,9.96,297.08,230.16,552.58,241.62,230.16,541.31,297.08,23.42,"29.900 ms, and T  T , T . Then the communication a ≪mh"
11,0,0,0,0,11,2,/KLADYP+TimesLTStd-Roman,9.96,60.41,225.39,339.36,235.35,225.39,547.57,60.41,236.64,"in detail. In our scheme, the session key is secure and"
11,0,0,0,0,15,2,/KLADYP+TimesLTStd-Roman,9.96,297.08,218.21,544.52,229.66,218.21,553.26,297.08,31.48,time of our scheme is about 16 T 2T  6 .116 ms. h +m ≈
11,0,0,0,0,10,2,/KLADYP+TimesLTStd-Roman,9.96,60.41,213.44,339.36,223.4,213.44,559.53,60.41,236.64,also change dynamically because of the hash of the cur-
11,0,0,0,0,11,2,/KLADYP+TimesLTStd-Roman,9.96,297.08,207.75,571.05,217.71,207.75,565.22,297.08,4.95,"As shown in Figure 6, TABLE 5, [23] is slightly lighter"
11,0,0,0,0,13,2,/KLADYP+TimesLTStd-Roman,9.96,60.41,189.53,344.34,211.44,189.53,571.48,60.41,231.66,rent time. The reasons of security are also demonstrated in the following 5).
11,0,0,0,0,17,10,/KLADYP+TimesLTStd-Roman,6.97,46.13,177.57,433.07,187.53,177.57,595.39,46.13,142.93,4) Resistance to password guessing attack: Since there is TABLE 2. The execution time of basic operation.
11,0,0,0,0,15,2,/KLADYP+TimesLTStd-Roman,9.96,60.41,153.66,324.42,175.58,153.66,607.35,60.41,251.58,"no user password in the whole communication message, the adversary cannot obtain the user password."
11,0,0,0,0,7,2,/KLADYP+TimesLTStd-Roman,9.96,46.13,141.71,310.14,151.67,141.71,631.26,46.13,265.86,5) Resistance to identity guessing and impersonation
11,0,0,0,0,20,2,/KLADYP+TimesLTStd-Roman,9.96,60.41,114.61,310.62,139.71,114.61,643.22,60.41,265.38,"attack: Assuming D id denotes the size of the identity space, a adversary guesses a idi from a uniformly dis-"
11,0,1,0,0,9,2,/OZAJVJ+TimesLTStd-Italic,9.96,60.41,104.35,287.02,115.8,104.35,667.13,60.41,288.98,tributed identity dictionary D OBUid of i and computes
11,1,0,0,0,11,10,/PTNQIO+FormataOTF-Bold,6.97,297.08,103.77,499.32,110.75,103.77,672.18,297.08,76.68,TABLE 3. The Authentication cost and total execution time of each
11,0,0,0,0,9,2,/KLADYP+TimesLTStd-Roman,9.96,60.41,93.89,321.49,103.85,93.89,679.08,60.41,254.51,the following parameters in Zhou et al.’s scheme :scheme.
11,0,1,0,0,8,2,/OZAJVJ+TimesLTStd-Italic,9.96,116.72,69.99,199.28,82.68,69.99,700.24,116.72,376.72,"h (r ) = aid idii ⊕i ,"
11,0,0,0,0,7,2,/OZAJVJ+TimesLTStd-Italic,9.96,130.09,54.93,216.14,67.62,54.93,715.31,130.09,359.86,"r m [h (r )],3 ⊕ij ="
11,0,1,0,0,3,2,/OZAJVJ+TimesLTStd-Italic,9.96,120.74,39.98,191.86,52.68,39.98,730.25,120.74,384.14,"m ,psk=r4j ⊕"
11,0,0,0,1,4,10,/OLPGNG+FormataOTF-Reg,6.97,36.17,24.56,81.0,31.54,24.56,751.39,36.17,495.0,"55060 VOLUME 7, 2019"
12,0,0,0,0,15,10,/OLPGNG+FormataOTF-Reg,6.97,36.17,744.73,412.32,751.7,744.73,31.23,36.17,163.68,L. Wu et al.: Efficient Privacy-Preserving Mutual Authentication Scheme for Secure V2V Communication in VANETs
12,1,0,0,0,11,10,/PTNQIO+FormataOTF-Bold,6.97,36.17,704.63,234.92,711.61,704.63,71.32,36.17,341.08,TABLE 4. The communication cost and total execution time of each
12,1,0,0,0,7,10,/PTNQIO+FormataOTF-Bold,6.97,297.08,506.89,412.15,513.86,506.89,269.07,297.08,163.85,FIGURE 7. Consumption time of each scheme.
12,0,0,0,0,10,2,/KLADYP+TimesLTStd-Roman,9.96,297.08,466.01,576.03,475.97,466.01,306.96,297.08,-0.03,We calculate RSU serving capability on the basis of the
12,0,1,0,0,3,8,/OZAJVJ+TimesLTStd-Italic,7.57,437.43,461.19,463.88,468.76,461.19,314.17,437.43,112.12,p T rcom
12,0,1,0,0,33,2,/OZAJVJ+TimesLTStd-Italic,9.96,297.08,430.14,582.33,464.01,430.14,318.92,297.08,-6.33,"formula deﬁned in [30] RSU  p , r, T ,ser =comsd , where s, and d respectively denote the probability for RSU to send SI messages to the trusted vehicles within its communica-"
12,0,0,0,0,15,2,/KLADYP+TimesLTStd-Roman,9.96,36.17,418.18,559.53,430.96,418.18,351.97,36.17,16.47,"FIGURE 6. Comparison of authentication cost. tion range r (200m), the communication time between RSU"
12,0,0,0,0,10,2,/KLADYP+TimesLTStd-Roman,9.96,297.08,406.23,605.92,416.19,406.23,366.74,297.08,-29.92,"and trusted vehicles, the average speed of a trusted vehicle,"
12,0,0,0,0,16,10,/KLADYP+TimesLTStd-Roman,6.97,36.17,394.27,581.01,404.24,394.27,378.69,36.17,-5.01,"the number of trusted vehicles. In our scheme, we assume TABLE 5. Comparison of security features"
12,0,0,0,0,18,2,/KLADYP+TimesLTStd-Roman,9.96,297.08,368.87,566.53,392.28,368.87,390.65,297.08,9.47,"that the Tcom is as same as between two trusted vehicles’, 16T 2T 6.116 ms. h +m ≈"
12,0,0,0,0,14,2,/GXICME+MTSYN,9.96,307.04,358.41,532.6,368.37,358.41,414.56,307.04,43.4,"As shown in Figure 8, we can see that 8 ≤s ≤10, 200 ≤"
12,0,0,0,0,12,2,/OZAJVJ+TimesLTStd-Italic,9.96,297.08,346.45,572.93,356.42,346.45,426.51,297.08,3.07,d ≤  400. It can be observed that the performance of the
12,0,0,0,0,18,2,/KLADYP+TimesLTStd-Roman,9.96,297.08,322.54,595.96,344.46,322.54,438.47,297.08,-19.96,RSU in our scheme is effective. RSU can generate 33 session keys and communicate with corresponding trusted vehicles
12,0,1,0,0,11,2,/OZAJVJ+TimesLTStd-Italic,9.96,297.08,310.59,541.16,320.55,310.59,462.38,297.08,34.84,for each 200 ms. We also have an observation that RSUser
12,0,0,0,0,10,2,/KLADYP+TimesLTStd-Roman,9.96,297.08,298.63,570.69,308.6,298.63,474.33,297.08,5.31,is directly proportional to r and inversely proportional to the
12,0,0,0,0,84,2,/KLADYP+TimesLTStd-Roman,9.96,36.17,151.96,340.03,257.57,151.96,525.36,36.17,235.97,"than our scheme in authentication cost, however, it cannot meet security requirements that we know about. As shown in Figure 7, it is noteworthy that the communication cost of our scheme is far more lightweight than [23], so our scheme yields better efﬁciency than previously proposed scheme in V ANETs. At the same time, our scheme can resist malicious attacks which have been analyzed in section VII and shown in TABLE 5. Therefore, our scheme is a robust improvement of the privacy-preserving authentication scheme."
12,0,0,0,1,4,4,/ITGHYW+FormataOTFMdIt,8.97,37.17,128.08,149.25,137.05,128.08,645.88,37.17,426.75,B. RSU SERVING CAPABILITY
12,0,0,0,0,54,2,/KLADYP+TimesLTStd-Roman,9.96,36.17,54.36,345.01,124.09,54.36,658.83,36.17,230.99,"When getting into the DSRC communication coverage of a LE/trusted vehicle in the area of RSU, the mistrusted vehicle will ﬁrstly build a mutual authentication with the LE/trusted vehicle. After the authentication process is ﬁnished, trusted vehicles can communicate with each other. RSU can broadcast some safety information SI, such as school zone, traf-"
12,1,0,0,0,12,10,/PTNQIO+FormataOTF-Bold,6.97,297.08,53.26,513.27,60.23,53.26,722.69,297.08,62.73,FIGURE 8. RSU serving capacity under different speed and the number of
12,0,0,0,0,9,2,/KLADYP+TimesLTStd-Roman,9.96,36.17,42.4,340.03,52.36,42.4,730.57,36.17,235.97,"ﬁc signal, or accident zone periodically to trusted vehicles.vehicles."
12,0,0,0,1,4,11,/OLPGNG+FormataOTF-Reg,5.98,36.17,24.56,78.01,31.54,24.56,751.39,36.17,497.99,"VOLUME 7, 2019 55061"
13,0,0,0,0,15,10,/OLPGNG+FormataOTF-Reg,6.97,186.46,744.73,562.61,751.7,744.73,31.23,186.46,13.39,L. Wu et al.: Efficient Privacy-Preserving Mutual Authentication Scheme for Secure V2V Communication in VANETs
13,0,0,0,0,23,2,/KLADYP+TimesLTStd-Roman,9.96,36.17,699.94,588.97,709.9,699.94,73.03,36.17,-12.97,"number d  and the speed s of trusted vehicles. We can calculate [15] M. Raya, P. Papadimitratos, and J.-P. Hubaux, ‘‘Securing vehicular com-"
13,0,0,0,0,21,7,/KLADYP+TimesLTStd-Roman,7.58,36.17,687.98,580.69,700.93,687.98,82.0,36.17,-4.69,"munications,’’IEEE Wireless Commun., vol. 13, no. 5, pp. 8–15, Oct. 2006. that a LE can authenticate about 200 mistrusted vehicles for"
13,0,0,0,0,13,7,/KLADYP+TimesLTStd-Roman,7.58,297.08,684.38,592.76,691.97,684.38,90.96,297.08,-16.76,"[16] P. Porambage, C. Schmitt, P. Kumar, A. Gurtov, and M. Ylianttila, ‘‘Two-"
13,0,0,0,0,23,2,/KLADYP+TimesLTStd-Roman,9.96,36.17,675.42,595.21,685.99,675.42,96.94,36.17,-19.21,"each 200 ms due to the limit of the vehicle density, but 1111 in phase authentication protocol for wireless sensor networks in distributed"
13,0,0,0,0,37,7,/KLADYP+TimesLTStd-Roman,7.58,36.17,652.12,492.86,674.03,652.12,108.9,36.17,83.14,"theory. Hence, we come to the conclusion that our scheme has iot applications,’’ in Proc. IEEE Wireless Commun. Netw. Conf. (WCNC) , Apr. 2014, pp. 2728–2733. lower message loss than Zhou et al.’s when the vehicle density"
13,0,0,0,0,15,7,/KLADYP+TimesLTStd-Roman,7.58,297.08,648.52,581.39,656.1,648.52,126.83,297.08,-5.39,"[17] R. Lu, X. Lin, H. Zhu, P.-H. Ho, and X. Shen, ‘‘ECPP: Efﬁcient condi-"
13,0,0,0,0,13,2,/KLADYP+TimesLTStd-Roman,9.96,36.17,639.55,602.79,650.12,639.55,132.81,36.17,-26.79,"inside the communication area enlarges. tional privacy preservation protocol for secure vehicular communications,’’"
13,0,0,0,0,11,7,/KLADYP+TimesLTStd-Roman,7.58,314.69,630.59,496.65,638.17,630.59,144.76,314.69,79.35,"in Proc. IEEE 27th Conf. Comput. Commun. (INFOCOM) , Apr. 2008,"
13,1,0,0,0,4,4,/PTNQIO+FormataOTF-Bold,8.97,37.17,621.62,371.55,631.84,621.62,151.09,37.17,204.45,IX. CONCLUSIONS pp. 1229–1237.
13,0,0,0,0,42,7,/KLADYP+TimesLTStd-Roman,7.58,36.17,597.97,600.34,620.23,597.97,162.69,36.17,-24.34,"[18] J. Freudiger, M. Raya, M. Félegyházi, P. Papadimitratos, and J.-P. Hubaux, We ﬁnd that Zhou et al.’s scheme cannot achieve some of ‘‘Mix-zones for location privacy in vehicular networks,’’ in Proc. ACM vital security requirements due to its vulnerability to iden-"
13,0,1,0,0,11,7,/OZAJVJ+TimesLTStd-Italic,7.58,314.69,594.72,523.18,602.3,594.72,180.63,314.69,52.82,"Workshop Wireless Netw. Intell. Transp. Syst. (WiN-ITS) , 2007, pp. 1–7."
13,0,0,0,0,23,2,/KLADYP+TimesLTStd-Roman,9.96,36.17,585.75,581.39,595.97,585.75,186.96,36.17,-5.39,"tity guessing attack and impersonation attack in this paper. [19] C. Zhang, X. Lin, R. Lu, and P.-H. Ho, ‘‘RAISE: An efﬁcient RSU-aided"
13,0,0,0,0,36,7,/KLADYP+TimesLTStd-Roman,7.58,36.17,562.1,583.84,584.37,562.1,198.56,36.17,-7.84,"message authentication scheme in vehicular communication networks,’’ inIn addition, to overcome the weakness of Zhou et al.’s Proc. IEEE Int. Conf. Commun. , May 2008, pp. 1451–1457. scheme, by using elliptic curves encryption technology, a new"
13,0,0,0,0,11,7,/KLADYP+TimesLTStd-Roman,7.58,297.08,558.86,588.97,566.44,558.86,216.49,297.08,-12.97,"[20] J. Zhang and Y . Xu, ‘‘Privacy-preserving authentication protocols with"
13,0,0,0,0,54,7,/KLADYP+TimesLTStd-Roman,7.58,36.17,526.24,566.23,560.11,526.24,222.82,36.17,9.77,"efﬁcient privacy-preserving mutual authentication scheme efﬁcient veriﬁcation in V ANETs,’’ Int. J. Commun. Syst. , vol. 27, no. 12, pp. 3676–3692, 2014. for secure V2V communication has been proposed by us. The [21] A. Studer, E. Shi, F. Bai, and A. Perrig, ‘‘TACKing together efﬁ- security analysis suggests that this scheme can eliminate the"
13,0,0,0,0,11,7,/KLADYP+TimesLTStd-Roman,7.58,314.69,522.99,549.72,530.57,522.99,252.36,314.69,26.28,"cient authentication, revocation, and privacy in V ANETs,’’ in Proc. 6th"
13,0,0,0,0,18,2,/KLADYP+TimesLTStd-Roman,9.96,36.17,514.02,557.3,524.24,514.02,258.69,36.17,18.7,"security vulnerability of the previously proposed authentica- Annu. IEEE Commun. Soc. Conf. Sensor, Mesh Ad Hoc Commun. Netw."
13,0,0,0,0,35,7,/KLADYP+TimesLTStd-Roman,7.58,36.17,490.37,551.06,512.64,490.37,270.29,36.17,24.94,"(SECON) , Jun. 2009, pp. 1–9. tion scheme. The performance evaluation and analysis of the [22] L.-Y . Yeh, Y .-C. Chen, and J.-L. Huang, ‘‘PAACP: A portable calculating result indicate that our proposed authentication"
13,0,0,0,0,8,7,/KLADYP+TimesLTStd-Roman,7.58,314.69,487.12,599.0,494.71,487.12,288.22,314.69,-23.0,privacy-preserving authentication and access control protocol in vehicular
13,0,0,0,0,65,7,/KLADYP+TimesLTStd-Roman,7.58,36.17,454.5,604.13,488.38,454.5,294.55,36.17,-28.13,"scheme yields reasonable cost since it has lower computation ad hoc networks,’’ Comput. Commun. , vol. 34, no. 3, pp. 447–456, 2011. [23] Y . Zhou, X. Zhao, Y . Jiang, F. Shang, S. Deng, and X. Wang, ‘‘An enhanced and communication overhead than the previous one. Hence, privacy-preserving authentication scheme for vehicle sensor networks,’’our improvement is more effective and securer in the V ANET"
13,0,1,0,0,8,7,/OZAJVJ+TimesLTStd-Italic,7.58,314.69,451.26,467.09,458.84,451.26,324.09,314.69,108.91,"Sensors, vol. 17, no. 12, p. 2854, 2017."
13,0,0,0,0,15,2,/KLADYP+TimesLTStd-Roman,9.96,36.17,442.29,551.06,452.51,442.29,330.42,36.17,24.94,"environment. [24] C. Zhang, R. Lu, X. Lin, P.-H. Ho, and X. Shen, ‘‘An efﬁcient"
13,0,0,0,0,8,7,/KLADYP+TimesLTStd-Roman,7.58,314.69,433.33,591.42,440.91,433.33,342.02,314.69,-15.42,"identity-based batch veriﬁcation scheme for vehicular sensor networks,’’"
13,0,0,0,0,28,7,/KLADYP+TimesLTStd-Roman,7.58,37.17,414.68,477.7,434.23,414.68,348.7,37.17,98.3,"REFERENCES in Proc. 27th Conf. Comput. Commun. (INFOCOM) , Apr. 2008, pp. 246– 250. [1] F.-Y . Wang, D. Zeng, and L. Yang, ‘‘Smart cars on smart roads:"
13,0,0,0,0,42,7,/KLADYP+TimesLTStd-Roman,7.58,53.78,396.74,585.18,414.01,396.74,368.92,53.78,-9.18,"[25] C. Zhang, P.-H. Ho, and J. Tapolcai, ‘‘On batch veriﬁcation with group An ieee intelligent transportation systems society update,’’ IEEE Pervasive testing for vehicular communications,’’ Wireless Netw. , vol. 17, no. 8, Comput., vol. 5, no. 4, pp. 68–69, Oct./Dec. 2006."
13,0,0,0,0,16,7,/KLADYP+TimesLTStd-Roman,7.58,39.96,387.6,394.3,396.08,387.6,386.85,39.96,181.7,"pp. 1851–1865, 2011. [2] R. G. Engoulou, M. Bellaïche, S. Pierre, and A. Quintero, ‘‘V ANET"
13,0,0,0,0,21,7,/KLADYP+TimesLTStd-Roman,7.58,53.78,378.64,566.23,387.11,378.64,395.82,53.78,9.77,"[26] M. C. Chuang and J. F. Lee, ‘‘TEAM: Trust-extended authentication security surveys,’’ Comput. Commun., vol. 44, pp. 1–13, May 2014."
13,0,0,0,0,27,7,/KLADYP+TimesLTStd-Roman,7.58,39.96,369.49,521.41,378.14,369.49,404.79,39.96,54.59,"mechanism for vehicular ad hoc networks,’’ IEEE Syst. J. , vol. 8, no. 3, [3] K. Hwang and M. Chen, Big-Data Analytics for Cloud, IoT and Cognitive"
13,0,0,0,0,10,7,/KLADYP+TimesLTStd-Roman,7.58,53.78,360.53,405.67,369.18,360.53,413.75,53.78,170.33,"pp. 749–758, Sep. 2014. Computing. Hoboken, NJ, USA: Wiley, 2017."
13,0,0,0,0,25,7,/KLADYP+TimesLTStd-Roman,7.58,39.96,351.39,581.39,360.21,351.39,422.72,39.96,-5.39,"[27] J. Bonneau, ‘‘The science of guessing: Analyzing an anonymized corpus [4] Y . Liu, Y . Wang, and G. Chang, ‘‘Efﬁcient privacy-preserving dual authen-"
13,0,0,0,0,54,7,/KLADYP+TimesLTStd-Roman,7.58,53.78,324.49,592.76,351.24,324.49,431.69,53.78,-16.76,"of 70 million passwords,’’ in Proc. IEEE Symp. Secur. Privacy (SP) , tication and key agreement scheme for secure V2V communications in May 2012, pp. 538–552. an IoV paradigm,’’ IEEE Trans. Intell. Transp. Syst. , vol. 18, no. 10, [28] M. Bellare, D. Pointcheval, and P. Rogaway, ‘‘Authenticated key exchange pp. 2740–2749, Oct. 2017."
13,0,0,0,0,27,7,/KLADYP+TimesLTStd-Roman,7.58,39.96,315.35,462.53,324.34,315.35,458.58,39.96,113.47,"secure against dictionary attacks,’’ in Proc. Int. Conf. Theory Appl. Cryp- [5] S. Kumari, M. Karuppiah, X. Li, F. Wu, A. K. Das, and V . Odelu,"
13,0,0,0,0,52,7,/KLADYP+TimesLTStd-Roman,7.58,53.78,288.45,577.6,315.38,288.45,467.55,53.78,-1.6,"tograph. Techn. Berlin, Germany: Springer, 2000, pp. 139–155. ‘‘An enhanced and secure trust-extended authentication mechanism for [29] Rational Arithmetic C++ Library , MIRACL, London, U.K., 2013. vehicular ad-hoc networks,’’ Secur. Commun. Netw. , vol. 9, no. 17, [30] M. Azees, P. Vijayakumar, and L. J. Deboarh, ‘‘EAAP: Efﬁcient anony- pp. 4255–4271, 2016."
13,0,0,0,0,24,7,/KLADYP+TimesLTStd-Roman,7.58,39.96,279.31,595.21,288.48,279.31,494.45,39.96,-19.21,"mous authentication with conditional privacy-preserving scheme for vehic- [6] M. Chen, Y . Hao, K. Lin, L. Hu, and Z. Yuan, ‘‘Label-less learning for"
13,0,0,0,0,34,7,/KLADYP+TimesLTStd-Roman,7.58,53.78,261.37,460.79,279.51,261.37,503.42,53.78,115.21,"ular ad hoc networks,’’ IEEE Trans. Intell. Transp. Syst. , vol. 18, no. 9, trafﬁc control in an edge network,’’ IEEE Netw., vol. 32, no. 6, pp. 8–14, pp. 2467–2476, Sep. 2017. Nov. 2018."
13,0,0,0,0,29,7,/KLADYP+TimesLTStd-Roman,7.58,39.96,252.23,573.81,261.58,252.23,521.35,39.96,2.19,"[31] S. H. Islam, M. S. Obaidat, P. Vijayakumar, E. Abdulhay, F. Li, and [7] B. Liu, D. Jia, J. Wang, K. Lu, and L. Wu, ‘‘Cloud-assisted safety message"
13,0,0,0,0,35,7,/KLADYP+TimesLTStd-Roman,7.58,53.78,234.3,583.84,252.61,234.3,530.32,53.78,-7.84,"M. K. C. Reddy, ‘‘A robust and efﬁcient password-based conditional dissemination in V ANET–cellular heterogeneous wireless network,’’IEEE privacy preserving authentication and group-key agreement protocol for Syst. J., vol. 11, no. 1, pp. 128–139, Mar. 2017."
13,0,0,0,0,23,7,/KLADYP+TimesLTStd-Roman,7.58,39.96,225.16,486.52,234.68,225.16,548.25,39.96,89.48,"V ANETs,’’Future Gener. Comput. Syst. , vol. 84, pp. 216–227, Jul. 2018. [8] B. Liu et al. , ‘‘Infrastructure-assisted message dissemination for support-"
13,0,0,0,0,38,7,/KLADYP+TimesLTStd-Roman,7.58,53.78,207.23,576.26,225.71,207.23,557.21,53.78,-0.26,"[32] P. Vijayakumar, V . Chang, L. J. Deborah, B. Balusamy, and ing heterogeneous driving patterns,’’ IEEE Trans. Intell. Transp. Syst. , P. G. Shynu, ‘‘Computationally efﬁcient privacy preserving anonymous vol. 18, no. 10, pp. 2865–2876, Oct. 2017."
13,0,0,0,0,24,7,/KLADYP+TimesLTStd-Roman,7.58,39.96,198.09,587.63,207.78,198.09,575.15,39.96,-11.63,"mutual and batch authentication schemes for vehicular ad hoc networks,’’[9] L. Wu, J. Wang, K. R. Choo, and D. He, ‘‘Secure key agreement and"
13,0,1,0,0,30,7,/OZAJVJ+TimesLTStd-Italic,7.58,53.78,180.15,447.37,198.82,180.15,584.11,53.78,128.63,"Future Generat. Comput. Syst. , vol. 78, pp. 943–955, Jan. 2016.key protection for mobile device user authentication,’’ IEEE Trans. Inf. Forensics Security, vol. 14, no. 2, pp. 319–330, Feb. 2019."
13,0,0,0,0,16,7,/KLADYP+TimesLTStd-Roman,7.58,36.17,171.01,320.48,178.59,171.01,604.34,36.17,255.52,"[10] Q. Jiang, M. K. Khan, X. Lu, J. Ma, and D. He, ‘‘A privacy preserving"
13,0,0,0,0,15,7,/KLADYP+TimesLTStd-Roman,7.58,53.78,153.08,283.06,169.63,153.08,613.3,53.78,292.94,"three-factor authentication protocol for e-health clouds,’’ J. Supercomput., vol. 72, no. 10, pp. 3826–3849, 2016."
13,0,0,0,0,16,7,/KLADYP+TimesLTStd-Roman,7.58,36.17,143.94,350.81,151.52,143.94,631.41,36.17,225.19,"[11] Q. Jiang, J. Ma, X. Lu, and Y . Tian, ‘‘An efﬁcient two-factor user authenti-"
13,0,0,0,0,9,7,/KLADYP+TimesLTStd-Roman,7.58,53.78,134.97,296.39,142.55,134.97,640.38,53.78,279.61,"cation scheme with unlinkability for wireless sensor networks,’’ Peer-Peer"
13,0,0,0,0,9,5,/CEKIDF+FormataOTFMd,7.97,379.16,130.47,573.25,138.44,130.47,644.49,379.16,2.75,LIBING WU received the B.S. and M.S. degrees in
13,0,1,0,0,10,7,/OZAJVJ+TimesLTStd-Italic,7.58,53.78,126.0,251.82,133.59,126.0,649.34,53.78,324.18,"Netw. Appl., vol. 8, no. 6, pp. 1070–1081, Jun. 2014."
13,0,0,0,0,7,5,/KLADYP+TimesLTStd-Roman,7.97,379.16,120.91,570.44,128.88,120.91,654.05,379.16,5.56,computer science from Central China Normal Uni-
13,0,0,0,0,14,7,/KLADYP+TimesLTStd-Roman,7.58,36.17,116.86,324.27,124.44,116.86,658.48,36.17,251.73,"[12] Q. Jiang, J. Ma, G. Li, and X. Li, ‘‘Improvement of robust smart-card-"
13,0,0,0,0,8,5,/KLADYP+TimesLTStd-Roman,7.97,379.16,111.34,574.43,119.31,111.34,663.62,379.16,1.57,"versity, Wuhan, China, in 1994 and 2001, respec-"
13,0,0,0,0,11,7,/KLADYP+TimesLTStd-Roman,7.58,53.78,107.9,227.6,115.48,107.9,667.45,53.78,348.4,"based password authentication scheme,’’ Int. J. Commun. Syst. , vol. 28,"
13,0,0,0,0,8,5,/KLADYP+TimesLTStd-Roman,7.97,379.16,101.78,574.43,109.75,101.78,673.18,379.16,1.57,"tively, and the Ph.D. degree in computer science"
13,0,0,0,0,5,7,/KLADYP+TimesLTStd-Roman,7.58,53.78,98.93,152.34,106.51,98.93,676.42,53.78,423.66,"no. 2, pp. 383–393, 2015."
13,0,0,0,0,22,5,/KLADYP+TimesLTStd-Roman,7.97,36.17,89.79,558.49,100.19,89.79,682.74,36.17,17.51,"from Wuhan University, China, in 2006, where [13] Y . Xie, L. Wu, N. Kumar, and J. Shen, ‘‘Analysis and improvement of"
13,0,0,0,0,34,5,/KLADYP+TimesLTStd-Roman,7.97,53.78,71.86,566.46,90.62,71.86,692.31,53.78,9.54,"he is currently a Professor with the School of a privacy-aware handover authentication scheme for wireless network,’’ Computer Science. His areas of research inter- Wireless Pers. Commun., vol. 93, no. 2, pp. 523–541, 2017."
13,0,0,0,0,21,5,/KLADYP+TimesLTStd-Roman,7.97,36.17,62.72,578.41,71.49,62.72,711.44,36.17,-2.41,"ests include distributed computing, trusted soft- [14] L. Wu, Y . Xia, Z. Wang, and H. Wang, ‘‘Be stable and fair:"
13,0,0,0,0,27,7,/KLADYP+TimesLTStd-Roman,7.58,53.78,44.39,582.4,61.93,44.39,721.0,53.78,-6.4,"ware, and wireless sensor networks. He is a Senior Robust data scheduling for vehicular networks,’’ IEEE Access , vol. 6, pp. 32839–32849, 2018.  Member of the CCF."
13,0,0,0,1,4,10,/OLPGNG+FormataOTF-Reg,6.97,36.17,24.56,81.0,31.54,24.56,751.39,36.17,495.0,"55062 VOLUME 7, 2019"
14,0,0,0,0,15,10,/OLPGNG+FormataOTF-Reg,6.97,36.17,744.73,412.32,751.7,744.73,31.23,36.17,163.68,L. Wu et al.: Efficient Privacy-Preserving Mutual Authentication Scheme for Secure V2V Communication in VANETs
14,0,0,0,0,15,5,/CEKIDF+FormataOTFMd,7.97,118.25,701.93,522.62,709.9,701.93,73.03,118.25,53.38,QIANQIAN SUN is currently pursuing the mas-  SHUI YU is currently a Full Professor with
14,0,0,0,0,45,5,/KLADYP+TimesLTStd-Roman,7.97,118.25,663.67,574.43,700.34,663.67,82.59,118.25,1.57,"ter’s degree in cyberspace security. Her research  the School of Software, University of Technolinterests include wireless networks, vehicular  ogy Sydney, Australia. He has published two ad-hoc networks, cryptography, and information  monographs and has edited two books, over security. 200 technical papers, including top journals and"
14,0,0,0,0,28,5,/KLADYP+TimesLTStd-Roman,7.97,379.16,625.42,590.37,662.08,625.42,120.85,379.16,-14.37,"top conferences, such as the IEEE TPDS, TC, TIFS, TMC, TKDE, TETC, ToN, and INFOCOM. His research interests include security and privacy, networking, big data, and mathematical modelling."
14,0,0,0,0,8,5,/CEKIDF+FormataOTFMd,7.97,379.16,568.03,522.62,576.0,568.03,206.93,379.16,53.38,YIFEI ZOU received the B.E. degree from Com-
14,0,0,0,0,15,5,/KLADYP+TimesLTStd-Roman,7.97,379.16,548.9,566.46,566.44,548.9,216.49,379.16,9.54,"puter School, Wuhan University, in 2016. He is currently pursuing the Ph.D. degree with the"
14,0,0,0,0,35,5,/KLADYP+TimesLTStd-Roman,7.97,118.25,518.48,578.41,547.31,518.48,235.62,118.25,-2.41,"Department of Computer Science, The Univer- XINPEI WANGis currently pursuing the master’s sity of Hong Kong. His research interests include degree. His research interests include computer wireless networks, vehicular ad-hoc networks, and software and theory."
14,0,0,0,0,8,5,/CEKIDF+FormataOTFMd,7.97,379.16,441.96,518.64,449.94,441.96,332.99,379.16,57.36,BINGYI LIU received the B.Sc. degree in com-
14,0,0,0,0,43,5,/KLADYP+TimesLTStd-Roman,7.97,379.16,384.58,570.44,440.37,384.58,342.56,379.16,5.56,"puter science from the Wuhan Institute of Technology, Wuhan, China, in 2011. He is currently pursuing the Ph.D. degree under a joint program with the Department of Computer Science, Wuhan University, Wuhan, and the Department of Computer Science, City University of Hong Kong,"
14,0,0,0,0,63,5,/KLADYP+TimesLTStd-Roman,7.97,118.25,315.9,578.41,382.99,315.9,399.94,118.25,-2.41,"Hong Kong. His research interests include wire- JING WANG received the B.S. degrees in comless networks, vehicular ad-hoc networks, and the puter science from Wuhan University, Wuhan, Internet of Things.China, in 2016, where she is currently pursuing the Ph.D. degree with the School of Computer Science. Her main research interests include cryptography and information security; in particular, secure cloud storage and cryptographic protocols."
14,0,0,0,0,12,5,/CEKIDF+FormataOTFMd,7.97,297.08,308.07,524.23,316.04,308.07,466.89,297.08,51.77,"ZIKE ZHU , photograph and biography not available at the time of"
14,0,0,0,1,4,11,/OLPGNG+FormataOTF-Reg,5.98,36.17,24.56,78.01,31.54,24.56,751.39,36.17,497.99,"VOLUME 7, 2019 55063"
