page_number,is_bold,is_italic,is_underline,is_all_caps,word_count,norm_font_size,font,font_size,x0,y0,x1,y1,space_above,space_below,space_left,space_right,text
1,1,0,0,0,16,2,/QTWQDT+URWPalladioL-Bold,17.93,35.02,654.23,582.67,709.82,654.23,132.07,35.02,12.61,"A Blockchain-Based Efﬁcient, Secure and Anonymous Conditional Privacy-Preserving and Authentication Scheme for the Internet of Vehicles"
1,1,0,0,0,11,17,/QTWQDT+URWPalladioL-Bold,7.57,35.72,637.69,535.57,647.65,637.69,194.24,35.72,59.71,"Kashif Naseer Qureshi 1  1 , Abdelzahir Abdelmaboud 2  2 ,"
1,1,0,0,0,14,10,/QTWQDT+URWPalladioL-Bold,9.96,35.72,625.14,386.78,638.72,625.14,203.17,35.72,208.5,"*, Arafat Al-Dhaqm  and Noel CrespiBandar Alamri 3, Ibrahim Tariq Javed 1, 4,5 6"
1,0,0,0,0,10,19,/RUSOKQ+URWPalladioL-Roma,5.98,166.39,597.34,481.21,605.32,597.34,236.57,166.39,114.06,"1 Department of Computer Science, Bahria University, Islamabad 44000, Pakistan;"
1,0,0,0,0,4,15,/RUSOKQ+URWPalladioL-Roma,7.97,179.94,583.69,454.91,591.66,583.69,250.23,179.94,140.36,knaseer.buic@bahria.edu.pk (K.N.Q.); luqmanshahzad93@gmail.com (L.S.)
1,0,0,0,0,13,19,/RUSOKQ+URWPalladioL-Roma,5.98,166.39,575.82,521.06,583.8,575.82,258.09,166.39,74.21,"2 Department of Information Systems, College of Science and Arts, King Khalid University,"
1,0,0,0,0,9,15,/RUSOKQ+URWPalladioL-Roma,7.97,179.94,562.17,530.63,570.14,562.17,271.75,179.94,64.65,"Muhayil Asir 61913, Saudi Arabia; aelnour@kku.edu.sa (A.A.); Teisa@kku.edu.sa (T.A.E.E.)"
1,0,0,0,0,13,19,/RUSOKQ+URWPalladioL-Roma,5.98,166.39,554.31,540.99,562.28,554.31,279.61,166.39,54.29,"3 Lero-The Irish Software Research Centre, University of Limerick, V94 T9PX Limerick, Ireland;"
1,0,0,0,0,13,19,/RUSOKQ+URWPalladioL-Roma,5.98,166.39,532.79,568.88,540.76,532.79,301.13,166.39,26.39,"4 School of Computing, Faculty of Engineering, Universiti Teknologi Malaysia, Skudai 81300, Malaysia;"
1,0,0,0,0,25,19,/RUSOKQ+URWPalladioL-Roma,5.98,166.39,500.51,552.94,519.24,500.51,322.65,166.39,42.33,"5 Department of Computer Science, Aden Community College, Aden 8916862, Yemen 6 Institut Polytechnique de Paris Telecom SudParis Evry, Courcouronnes FR, 9 Rue Charles Fourier,"
1,0,0,0,0,4,15,/RUSOKQ+URWPalladioL-Roma,7.97,179.94,486.85,371.23,494.82,486.85,347.07,179.94,224.05,"91000 Evry, France; noel.crespi@mines-telecom.fr"
1,1,0,0,0,3,15,/QTWQDT+URWPalladioL-Bold,7.97,165.68,476.09,333.06,484.07,476.09,357.82,165.68,262.22,* Correspondence: itariq.buic@bahria.edu.pk
1,1,0,0,0,16,13,/QTWQDT+URWPalladioL-Bold,8.97,166.04,449.37,574.02,458.34,449.37,383.55,166.04,21.26,Abstract: The rapid advancement in the area of the Internet of Vehicles (IoV) has provided numerous
1,0,0,0,0,15,13,/RUSOKQ+URWPalladioL-Roma,8.97,166.39,436.4,605.75,445.37,436.4,396.52,166.39,-10.47,comforts to users due to its capability to support vehicles with wireless data communication. The
1,0,0,0,0,65,18,/RUSOKQ+URWPalladioL-Roma,6.97,35.44,390.94,605.75,433.69,390.94,408.2,35.44,-10.47,"Citation: Qureshi, K.N.; Shahzad, L.;  exchange of information among vehicle nodes is critical due to the rapid and changing topologies, Abdelmaboud, A.; Elfadil Eisa, T.A.;  high mobility of nodes, and unpredictable network conditions. Finding a single trusted entity to Alamri, B.; Javed, I.T.; Al-Dhaqm, A.; store and distribute messages among vehicle nodes is also a challenging task. IoV is exposed to Crespi, N. A Blockchain-Based"
1,0,0,0,0,14,13,/RUSOKQ+URWPalladioL-Roma,8.97,166.14,384.52,609.98,393.48,384.52,448.41,166.14,-14.7,various security and privacy threats such as hijacking and unauthorized location tracking of smart
1,0,0,0,0,4,18,/RUSOKQ+URWPalladioL-Roma,6.97,35.72,379.01,143.81,385.99,379.01,455.9,35.72,451.47,"Efﬁcient, Secure and Anonymous"
1,0,0,0,0,13,13,/RUSOKQ+URWPalladioL-Roma,8.97,166.14,371.55,614.46,380.51,371.55,461.38,166.14,-19.19,vehicles. Traceability is an increasingly important aspect of vehicular communication to detect and
1,0,0,0,0,3,18,/RUSOKQ+URWPalladioL-Roma,6.97,35.72,367.09,157.76,374.06,367.09,467.83,35.72,437.52,Conditional Privacy-Preserving and
1,0,0,0,0,14,13,/RUSOKQ+URWPalladioL-Roma,8.97,166.12,358.58,623.41,367.54,358.58,474.35,166.12,-28.14,"penalize malicious nodes. Moreover, achieving both privacy and traceability can also be a challenging"
1,0,0,0,0,4,18,/RUSOKQ+URWPalladioL-Roma,6.97,35.44,355.16,140.05,362.14,355.16,479.75,35.44,455.22,Authentication Scheme for the
1,0,0,0,0,13,13,/RUSOKQ+URWPalladioL-Roma,8.97,166.39,345.6,596.78,354.57,345.6,487.32,166.39,-1.51,"task. To address these challenges, this paper presents a blockchain-based efﬁcient, secure, and"
1,0,0,0,0,19,18,/RUSOKQ+URWPalladioL-Roma,6.97,35.37,331.31,583.33,350.21,331.31,491.68,35.37,11.94,"Internet of Vehicles. Appl. Sci. 2022, anonymous conditional privacy-preserving and authentication mechanism for IoV networks. This 12, 476. https://doi.org/"
1,0,0,0,0,16,13,/RUSOKQ+URWPalladioL-Roma,8.97,35.37,319.39,592.3,328.63,319.39,513.26,35.37,2.98,solution is based on blockchain to allow vehicle nodes with mechanisms to become anonymous and 10.3390/app12010476
1,0,0,0,0,15,13,/RUSOKQ+URWPalladioL-Roma,8.97,166.39,306.69,601.26,315.66,306.69,526.23,166.39,-5.99,take control of their data during the data communication and voting process. The proposed secure
1,0,0,0,0,3,18,/RUSOKQ+URWPalladioL-Roma,6.97,35.72,301.48,119.4,308.46,301.48,533.43,35.72,475.87,Academic Editors: Paula
1,0,0,0,0,14,13,/RUSOKQ+URWPalladioL-Roma,8.97,166.39,293.72,623.68,302.69,293.72,539.2,166.39,-28.4,"scheme provides conditional privacy to the users and the vehicles. To ensure anonymity, traceability,"
1,0,0,0,0,4,18,/RUSOKQ+URWPalladioL-Roma,6.97,35.72,289.56,136.84,296.53,289.56,545.36,35.72,458.44,Fraga-Lamas and Gianluca Lax
1,0,0,0,0,14,13,/RUSOKQ+URWPalladioL-Roma,8.97,166.39,280.75,601.26,289.71,280.75,552.18,166.39,-5.99,"and unlinkability of data sharing among vehicles, we utilize Hyperledger Fabric to establish the"
1,0,0,0,0,67,18,/RUSOKQ+URWPalladioL-Roma,6.97,35.44,228.86,614.71,277.63,228.86,564.26,35.44,-19.44,"Received: 3 October 2021  blockchain. The proposed scheme fulﬁlls the requirement to analyze different algorithms and Accepted: 16 December 2021  schemes which are adopted for blockchain technology for a decentralized, secure, efﬁcient, private, Published: 4 January 2022 and traceable system. The proposed scheme examines and evaluates different consensus algorithms used in the blockchain and anonymization techniques to preserve privacy. This study also proposes Publisher’s Note:MDPI stays neutral"
1,0,0,0,0,20,13,/RUSOKQ+URWPalladioL-Roma,8.97,35.42,215.89,592.3,224.86,215.89,617.03,35.42,2.98,a reputation-based voting system for Hyperledger Fabric to ensure a secure and reliable leader with regard to jurisdictional claims in
1,0,0,0,0,19,18,/RUSOKQ+URWPalladioL-Roma,6.97,35.51,202.92,601.26,212.03,202.92,629.86,35.51,-5.99,published maps and institutional afﬁl- selection process in its consensus algorithm. The proposed scheme is evaluated with the existing
1,0,0,0,0,7,18,/RUSOKQ+URWPalladioL-Roma,6.97,35.72,189.95,404.0,200.1,189.95,641.79,35.72,191.27,iations. state-of-the-art schemes and achieves better results.
1,1,0,0,0,9,13,/QTWQDT+URWPalladioL-Bold,8.97,166.39,165.02,534.02,173.99,165.02,667.9,166.39,61.26,Keywords: IoV; authentication; security; blockchain; privacy; network; latency; scalability
1,1,0,0,0,6,18,/QTWQDT+URWPalladioL-Bold,6.97,35.72,146.27,119.4,153.24,146.27,688.65,35.72,475.87,Copyright: © 2022 by the authors.
1,0,0,0,0,11,18,/RUSOKQ+URWPalladioL-Roma,6.97,35.5,122.42,171.49,141.32,122.42,700.57,35.5,423.79,"Licensee MDPI, Basel, Switzerland. This article is an open access article"
1,0,0,0,0,5,18,/RUSOKQ+URWPalladioL-Roma,6.97,35.72,110.49,147.3,117.47,110.49,724.42,35.72,447.98,distributed under the terms and
1,0,0,0,0,35,10,/RUSOKQ+URWPalladioL-Roma,9.96,35.44,85.83,621.03,108.34,85.83,733.54,35.44,-25.75,"Internet of Vehicles (IoV) networks are able to improve driving safety, efﬁciency, and conditions of the Creative Commons trafﬁc management using On-Board Units (OBUs) for data communication, with or without Attribution (CC BY) license (https://"
1,1,0,0,0,16,20,/MCBCCO+SourceSansRoman-Bold,1.0,166.09,73.28,594.49,85.98,73.28,755.91,166.09,0.79,/gid00048/gid00043/gid00031/gid00028/gid00047/gid00032/gid00046prior infrastructure. As a result of the increase in the number of users and the open
1,0,0,0,0,15,18,/RUSOKQ+URWPalladioL-Roma,6.97,35.72,60.72,609.73,81.69,60.72,760.2,35.72,-14.45,"creativecommons.org/licenses/by/ nature of these networks, security threats are a challenge. Security requirements such as4.0/).applied   sciences"
1,0,0,0,0,7,15,/ISGEKO+URWPalladioL-Ital,7.97,35.43,1.84,412.42,32.04,1.84,809.85,35.43,182.85,"applied   Appl. Sci.2022, 12, 476. https://doi.org/10.3390/app12010476 https://www.mdpi.com/journal/applsci"
1,1,0,0,0,10,10,/QTWQDT+URWPalladioL-Bold,9.96,0.0,-12.0,924.0,0.0,-12.0,841.89,0.0,-328.72,"/gid00030/gid00035/gid00032/gid00030/gid00038/gid00001/gid00033/gid00042/gid00045/gid00001 /gid00048/gid00043/gid00031/gid00028/gid00047/gid00032/gid00046 , Luqman Shahzad , Taiseer Abdalla Elfadil Eisa"
2,0,0,0,0,4,15,/ISGEKO+URWPalladioL-Ital,7.97,35.43,772.93,117.53,780.9,772.93,60.99,35.43,477.75,"Appl. Sci.2022, 12, 476"
2,0,0,0,0,162,10,/RUSOKQ+URWPalladioL-Roma,9.96,165.97,609.55,644.6,745.04,609.55,96.85,165.97,-49.32,"authentication, the privacy of vehicle nodes, and audibility are necessary to avoid these networks from different types of attacks, such as impersonation attacks, and spreading of false information. Authentication of nodes in a network is the ﬁrst line of defense to block any unwanted activity in a network [1,2]. If the network allows unauthenticated vehicle nodes, then malicious vehicle nodes can also join the network and undertake different types of activities, e.g., impersonate an ambulance to exceed the given speed limits. If integrity is not provided during message transmission, then vehicle nodes can misbehave and alter the content of a message. In such a case, the receiver only knows that the message was sent by a legitimate vehicle, and they would be responsible for any damage. Privacy is a core feature of IoV , but traceability is also necessary in the case of any unwanted activity in a network. In this case, the privacy of the vehicle should be revoked and punished."
2,0,0,0,0,13,10,/RUSOKQ+URWPalladioL-Roma,9.96,187.65,596.99,611.06,606.96,596.99,234.93,187.65,-15.79,Existing solutions of IoV are vulnerable to and suffer from various privacy threats.
2,0,0,0,0,202,10,/RUSOKQ+URWPalladioL-Roma,9.96,166.09,396.15,649.58,594.4,396.15,247.49,166.09,-54.3,"Due to this loophole, many fake messages may be delivered, resulting in numerous victims. The conventional security solutions are based on a centralized approach, which necessitates a trusted central authority and faces a single point of failure. This potential also exposes different security and privacy attacks such as hijacking and unauthorized tracking of vehicle nodes’ locations. These solutions do not guarantee timely notiﬁcation [3]. Another example is the broadcasting of fake information by an intruder to mislead or confuse other vehicle nodes in the network. Hence, ensuring the authentication, non-repudiation, authenticity, and traceability of messages in IoV is crucial. Vehicle privacy is also another critical challenge because a vehicle’s sensitive information, such as its location and identity, should not be revealed to other nodes in the network. Conditional privacy can prevent vehicles misbehaving, via tracing and penalizing by one or many entities. Although users normally trust a third party to check the legitimacy of their transactions before bringing them into effect, a middle party may be suspected of cheating its customers. Currently, conventional security and trust methods used in smart vehicles are ineffective due to many challenges, such as inefﬁcient communication among the vehicles, centralization, insecure communication, and untraceability of malicious nodes."
2,0,0,0,0,13,10,/RUSOKQ+URWPalladioL-Roma,9.96,187.65,383.59,596.12,393.56,383.59,448.33,187.65,-0.84,"To address these issues, blockchain is one of the most promising technologies, in"
2,0,0,0,0,326,10,/RUSOKQ+URWPalladioL-Roma,9.96,165.97,107.43,644.6,381.0,107.43,460.89,165.97,-49.32,"which an agreement called a “consensus algorithm” is shared among all entities that want to add their proposed blocks. In a blockchain, algorithms enable the different users to agree on the current state, even if they do not trust each other or there is no central authority between them. To address vehicle data-sharing issues, blockchain creates a safe, trustworthy, and decentralized intelligent transportation ecosystem [4]. Blockchain is a form of decentralization in which transactions are registered through a peer-to-peer network rather than relying on a centralized authority and centralized server. Therefore, the system is able to run without interruption in the case of any single point failure. Every entity in a network maintains the same copy of the digital ledger. If the ledger is public, it provides all the information in the ledger to all the members of the network [5]. Another exciting feature of blockchain is immutability, which ensures that anything committed on the ledger cannot be altered or changed. This is in contrast to the conventional system. Each entity in a network has a copy of the ledger. Before any information is committed to the ledger, it is ﬁrst validated by the nodes. If the transactions pass the validation process undertaken by the majority of the nodes, then the transactions will be added to the ledger [6,7]. This core feature of blockchain ensures transparency. It is impossible to reverse or change the hash. If a single change is made to the input, then the hash is generated completely differently. In order for a malicious node to corrupt the data in the network it must change the data stored in the ledger on every node. This is highly complex if the network consists of millions of nodes and each node has the same digital copy of the ledger. Each transaction in a blockchain network is stored and a hash of the block is recorded in the next block to trace the transaction and ensure transparency."
2,0,0,0,0,11,10,/RUSOKQ+URWPalladioL-Roma,9.96,187.65,94.87,621.03,104.84,94.87,737.05,187.65,-25.75,The main existing privacy-preserving strategies and solutions for blockchain are iden-
2,0,0,0,0,23,10,/RUSOKQ+URWPalladioL-Roma,9.96,166.09,69.77,604.75,92.28,69.77,749.61,166.09,-9.47,"tiﬁed in this paper, to provide insight into the different cryptographic primitives and privacy-preserving approaches, methods, and techniques used in blockchain. This paper"
2,0,0,0,0,3,15,/RUSOKQ+URWPalladioL-Roma,7.97,0.0,-7.97,31.88,0.0,-7.97,841.89,0.0,563.4,2 of 19
3,0,0,0,0,4,15,/ISGEKO+URWPalladioL-Ital,7.97,35.43,772.93,117.53,780.9,772.93,60.99,35.43,477.75,"Appl. Sci.2022, 12, 476"
3,0,0,0,0,94,10,/RUSOKQ+URWPalladioL-Roma,9.96,166.09,647.2,634.64,745.04,647.2,96.85,166.09,-39.36,"proposes an efﬁcient, secure, decentralized Conditional Privacy-Preserving and Authentication (CPPA) scheme for IoV networks. The proposed scheme is based on Hyperledger Fabric for the selection of leaders in the consensus algorithm. It also provides traceability and anonymity ensure that authorities can trace the vehicle nodes in case of disputes. Hyperledger Fabric is an open source blockchain developed by Linux foundation. Hyperledger is a permissioned blockchain technology in which all participants are identiﬁed and authenticated. Hyperledger allows the execution of smart contracts which are called chaincodes. Most importantly, it ensures privacy by facilitating conﬁdential transactions."
3,0,0,0,0,9,10,/RUSOKQ+URWPalladioL-Roma,9.96,187.65,634.65,446.68,644.61,634.65,197.28,187.65,148.6,The main contributions of this paper are as follows:
3,0,0,0,0,11,10,/RUSOKQ+URWPalladioL-Roma,9.96,166.52,619.11,584.95,629.07,619.11,212.82,166.52,10.33,The proposed scheme handles multiple transactions at once and provides scalability
3,0,0,0,0,4,10,/RUSOKQ+URWPalladioL-Roma,9.96,187.42,606.56,341.84,616.52,606.56,225.37,187.42,253.43,by using blockchain technology.
3,0,0,0,0,11,10,/RUSOKQ+URWPalladioL-Roma,9.96,166.52,594.0,589.93,603.97,594.0,237.92,166.52,5.35,The scheme provides multiple decentralized trusted authorities and avoids the issue
3,0,0,0,0,9,10,/RUSOKQ+URWPalladioL-Roma,9.96,187.42,581.45,451.43,591.41,581.45,250.48,187.42,143.84,of a single point of failure in traditional networks.
3,0,0,0,0,9,10,/RUSOKQ+URWPalladioL-Roma,9.96,166.52,568.9,520.19,578.86,568.9,263.03,166.52,75.09,The scheme provides feature traceability for malicious node detection
3,0,0,0,0,16,10,/RUSOKQ+URWPalladioL-Roma,9.96,187.65,553.36,626.01,563.32,553.36,278.57,187.65,-30.73,The remainder of this paper is organized as follows: Section 2 presents a review of the
3,0,0,0,0,37,10,/RUSOKQ+URWPalladioL-Roma,9.96,166.09,515.7,629.36,550.77,515.7,291.12,166.09,-34.08,"relevant literature. Section 3 presents an efﬁcient, secure, decentralized, and conditional privacy and authentication scheme for IoV . Section 4 illustrates the results and provides a discussion. The last section concludes the paper with possible future directions."
3,1,0,0,0,3,10,/QTWQDT+URWPalladioL-Bold,9.96,166.39,493.28,241.11,503.24,493.28,338.65,166.39,354.16,2. Related Work
3,0,0,0,0,10,10,/RUSOKQ+URWPalladioL-Roma,9.96,187.65,477.74,601.1,487.7,477.74,354.19,187.65,-5.82,The authors in [8] proposed a Conditional Privacy-Preserving Authentication (CPPA)
3,0,0,0,0,264,10,/RUSOKQ+URWPalladioL-Roma,9.96,165.97,226.68,649.58,475.15,226.68,366.74,165.97,-54.3,"scheme for vehicular ad hoc networks that uses Schnorr’s signature. The secret key is pre-loaded on the vehicle but a long-term secret key can be accessed by an adversary when it has physical access. In another study [ 9], the authors presented an Efﬁcient, Anonymous Authentication with Conditional Privacy (EAAP) scheme based on a bilinear pairing technique, using anonymous certiﬁcates that are valid for short-term and public keys for IoV . In [10], the authors presented secure authentication solution for authentication, integrity, and conﬁdentiality. Traceability depends on a Trusted Authority (TA). If the TA is compromised, then the entire network is disrupted. The authors in [11] presented a scheme based on blockchain to protect the security and privacy of vehicle nodes. The authors proposed a Lightweight Scalable Blockchain (LSB), without traceability of the malicious vehicle nodes. The approach uses an Overlay Block Manager (OBM), which acts as a cluster head. It also did not provide batch veriﬁcation or batch authentication. The proposed model is also affected by the issues of key management, caching data, and mobility. In [12], the authors brieﬂy described a model which has three layers: perception, service, and edge computing. It ensures the security of vehicle nodes through blockchain technology. It also offers computing capabilities and cloud services. The authors in [13] proposed blockchainbased IoV and proposes an authentication and secure data transfer algorithm. However, it does not provide traceability, batch veriﬁcation, or authentication. In [14], the authors proposed a secure information sharing scheme for IoV based on blockchain. The authors achieved conditional privacy using threshold secret sharing and fair-blind signatures."
3,0,0,0,0,11,10,/RUSOKQ+URWPalladioL-Roma,9.96,187.65,214.13,611.06,224.09,214.13,617.8,187.65,-15.79,The authors in [15] presented a seven-layer architecture for transportation systems.
3,0,0,0,0,147,10,/RUSOKQ+URWPalladioL-Roma,9.96,166.09,63.49,624.67,211.54,63.49,630.35,166.09,-29.4,"This paper also presented delegated proof-of-stake (DPOS), which is appropriate for vehicular communication because it establishes blockchain-based vehicular networks. The authors in [16] presented a distributed trust management scheme for a clustering mechanism for IoV based on blockchain technology. In this paper, block validation is performed by proof of work and roadside units function as miners performing POW for the consensus mechanism. In [17], the authors proposed a Byzantine fault tolerance consensus algorithm for IoV . This algorithm provides a privacy-preserving incentive announcement network. By using reputation points, this announcement mechanism allows vehicle nodes to forward and collect accurate information. However, this consensus scheme faces limited scalability. The authors in [18] proposed a reputation-based data sharing scheme using a subjective logic model to improve data integrity and provide a secure data exchanging system in vehicular communication. In this paper, proof of work is utilized for exchanging infor-"
3,0,0,0,0,3,15,/RUSOKQ+URWPalladioL-Roma,7.97,0.0,-7.97,31.88,0.0,-7.97,841.89,0.0,563.4,3 of 19
4,0,0,0,0,4,15,/ISGEKO+URWPalladioL-Ital,7.97,35.43,772.93,117.53,780.9,772.93,60.99,35.43,477.75,"Appl. Sci.2022, 12, 476"
4,0,0,0,0,121,10,/RUSOKQ+URWPalladioL-Roma,9.96,166.39,622.1,624.67,745.04,622.1,96.85,166.39,-29.4,"mation, auditing, and veriﬁcation of the record. To encourage vehicle nodes, a scheme named proof-of-storage is also presented to allow and incentivize vehicles to share storage resources. An updated DPOS consensus algorithm for reliable reputation management is proposed in [19]. The authors used a multi-weight subjective logic model and contract theory to prevent internal collision among miners. The authors in [20] recognize the difference between correct and fake transactions. In addition to increasing accuracy, this recognition prevents double-spending problems in which someone may be able to create multiple correct transactions and thus combine them to create a fraudulent transaction. The third phase is the latency of the system and computing power, which is need to enable the correctness and agreement processes."
4,0,0,0,0,14,10,/RUSOKQ+URWPalladioL-Roma,9.96,187.65,609.55,601.1,619.51,609.55,222.38,187.65,-5.82,The authors in [21] adopted the properties of the POS algorithm and included addi-
4,0,0,0,0,145,10,/RUSOKQ+URWPalladioL-Roma,9.96,166.39,458.91,629.65,606.96,458.91,234.93,166.39,-34.38,"tional security measures. The algorithm focuses on two properties, namely, persistence and liveness. Persistence indicates that, if a node in a network declares a speciﬁc transaction as being stable, then all the remaining nodes will report it as stable, but only if they are responding honestly. Liveness states that the transaction will be stable when an honestly generated transaction is available to the nodes in a network for a signiﬁcant amount of time. To ensure the randomness of a leader in an election process, the algorithm employs the coin-ﬂipping protocol. In [ 22], the authors proposed an Efﬁcient Threshold Anonymous Authentication (ETAA) protocol for VANETs. This protocol uses a group signature and a decentralized group model, and the threshold authentication method, to obtain threshold authentication, efﬁcient revocation, unforgeability, anonymity, and traceability for VANETs. The group signature strategy uses independent interest to provide traceability and linkability."
4,0,0,0,0,13,10,/RUSOKQ+URWPalladioL-Roma,9.96,187.65,446.36,606.08,456.32,446.36,385.57,187.65,-10.81,The authors in [23] proposed a metaheuristic algorithm for anomaly detection in IoT
4,0,0,0,0,153,10,/RUSOKQ+URWPalladioL-Roma,9.96,165.97,295.72,629.65,443.77,295.72,398.12,165.97,-34.38,"networks using an activity footprint-based method. This algorithm captures the semantic context and high dimensional vectors, which are assigned to the mobile agents. The isolated agents are monitored for abnormal activities and can be associated with potential intruders. The proposed algorithm was tested in a simulation environment to conﬁrm and validate the metaheuristic algorithm. However, this algorithm was designed for IoT networks where the movement of the devices is not as fast as those in IoV networks. These types of solutions are not feasible for IoV networks. The authors in [24] presented a hybrid method for anomaly detection using metaheuristic methods for high speed networks. The hybrid method uses large scale datasets and detector generation based on multi-start metaheuristic and genetic methods. The proposed method achieved accuracy of 96.1% with machine learning algorithms. However, this method was designed for ﬁxed networks and is not feasible for ad hoc networks such as IoV ."
4,1,0,0,0,7,10,/QTWQDT+URWPalladioL-Bold,9.96,166.39,273.31,410.48,283.27,273.31,558.62,166.39,184.8,3. Design and Development of Blockchain-Based IoV
4,0,0,0,0,12,10,/RUSOKQ+URWPalladioL-Roma,9.96,187.65,257.76,616.04,267.73,257.76,574.16,187.65,-20.77,"In this section, we present an efﬁcient, secure, decentralized, and anonymous network"
4,0,0,0,0,40,10,/RUSOKQ+URWPalladioL-Roma,9.96,166.39,207.55,619.69,255.17,207.55,586.72,166.39,-24.42,model for IoV to overcome the above limitations. The proposed scheme provides traceability to identify malicious vehicle nodes. The proposed reputation scheme is based on the Hyperledger Fabric leader selection process. The scheme also satisﬁes the security and authentication requirements.
4,0,0,0,0,3,10,/ISGEKO+URWPalladioL-Ital,9.96,166.39,185.14,256.06,195.1,185.14,646.79,166.39,339.22,3.1. Network Model
4,0,0,0,0,12,10,/RUSOKQ+URWPalladioL-Roma,9.96,187.65,169.59,601.1,179.56,169.59,662.33,187.65,-5.82,The proposed scheme uses the Fabric Certiﬁcate Authority (CA) for the registration
4,0,0,0,0,113,10,/RUSOKQ+URWPalladioL-Roma,9.96,165.97,69.17,624.67,167.0,69.17,674.89,165.97,-29.4,"of identities. It has sufﬁcient capabilities, such as high computation, fast communication, and enough storage. CA is also responsible for the generation of certiﬁcates for vehicles and roadside units. Additionally, once their registration is complete, the TA produces the initial security parameters for all vehicles and roadside units (RSUs), and sends them to the vehicles via TLS. Issuance of Enrollment Certiﬁcates (ECerts) is an enrollment process whereby the Fabric CA issues a certiﬁcate key-pair, comprised of a signing certiﬁcate and a private key that forms the identity [ 25]. The private and public keys are ﬁrst generated locally by the Fabric CA client, and then the public key is sent to the CA,"
4,0,0,0,0,3,15,/RUSOKQ+URWPalladioL-Roma,7.97,0.0,-7.97,31.88,0.0,-7.97,841.89,0.0,563.4,4 of 19
5,0,0,0,0,13,14,/ABCDEE+Palatino Linotype,7.98,35.43,772.93,559.32,782.58,772.93,59.31,35.43,35.96,"Appl. Sci. 2022,12, x FOR PEER REVIEW 5 of 19Appl. Sci.2022, 12, 476"
5,0,0,0,0,12,10,/RUSOKQ+URWPalladioL-Roma,9.96,165.97,735.08,604.33,745.04,735.08,96.85,165.97,-9.05,"which returns an encoded certiﬁcate, the signing certiﬁcate for certiﬁcate renewal, and"
5,0,0,0,0,14,9,/ABCDEE+Palatino Linotype,10.02,166.4,729.66,621.53,739.68,729.66,102.21,166.4,-26.25,and enough storage. CA is also responsible for the generation of certificates for vehicles
5,0,0,0,0,11,10,/RUSOKQ+URWPalladioL-Roma,9.96,166.39,722.52,579.84,732.49,722.52,109.4,166.39,15.43,revocation. Orderers are stationary nodes deployed on the roadside. These orderers
5,0,0,0,0,13,9,/ABCDEE+Palatino Linotype,10.02,166.4,716.82,622.31,726.84,716.82,115.05,166.4,-27.03,"and roadside units. Additionally, once their registration is complete, the TA produces the"
5,0,0,0,0,16,10,/RUSOKQ+URWPalladioL-Roma,9.96,166.39,709.97,609.73,719.93,709.97,121.96,166.39,-14.45,act as the RSUs. The orderer maintains the list of the organizations that can create and
5,0,0,0,0,14,9,/ABCDEE+Palatino Linotype,10.02,166.4,704.04,607.28,714.06,704.04,127.83,166.4,-12.0,"initial security parameters for all vehicles and roadside units (RSUs), and sends them t"
5,0,0,0,0,12,10,/RUSOKQ+URWPalladioL-Roma,9.96,166.39,697.42,599.77,707.38,697.42,134.51,166.39,-4.49,"conﬁgure the channel, and are responsible for ordering and packaging the transactions."
5,0,0,0,0,13,9,/ABCDEE+Palatino Linotype,10.02,166.4,691.18,627.32,701.2,691.18,140.69,166.4,-32.04,the vehicles via TLS. Issuance of Enrollment Certificates (ECerts) is an enrollment process
5,0,0,0,0,12,10,/RUSOKQ+URWPalladioL-Roma,9.96,166.09,684.86,599.46,694.83,684.86,147.06,166.09,-4.18,"The orderer also obtains the certiﬁcates that represent identities, and the Membership"
5,0,0,0,0,14,9,/ABCDEE+Palatino Linotype,10.02,166.4,678.34,597.01,688.36,678.34,153.53,166.4,-1.73,"whereby the Fabric CA issues a certificate key-pair, comprised of a signing certificate and"
5,0,0,0,0,12,10,/RUSOKQ+URWPalladioL-Roma,9.96,166.39,672.31,624.67,682.27,672.31,159.62,166.39,-29.4,Service Provider (MSP) contains the permission identities. The orderer utilizes a dedicated
5,0,0,0,0,16,9,/ABCDEE+Palatino Linotype,10.02,166.4,665.56,596.8,675.58,665.56,166.31,166.4,-1.52,a private key that forms the identity [25]. The private and public keys are first generated
5,0,0,0,0,11,10,/RUSOKQ+URWPalladioL-Roma,9.96,166.39,659.76,584.82,669.72,659.76,172.17,166.39,10.45,short-range communication protocol for V2V and V2R wireless communications. The MSP
5,0,0,0,0,18,9,/ABCDEE+Palatino Linotype,10.02,166.4,652.72,617.3,662.74,652.72,179.15,166.4,-22.02,"locally by the Fabric CA client, and then the public key is sent to the CA, which returns"
5,0,0,0,0,12,10,/RUSOKQ+URWPalladioL-Roma,9.96,166.39,647.2,604.75,657.17,647.2,184.72,166.39,-9.47,authenticates trafﬁc messages from vehicles and processes them locally or forwards them
5,0,0,0,0,7,9,/ABCDEE+Palatino Linotype,10.02,166.4,639.94,416.9,649.96,639.94,191.93,166.4,178.38,"an encoded certificate, the signing certificate fo"
5,0,0,0,0,16,10,/RUSOKQ+URWPalladioL-Roma,9.96,166.39,634.65,609.73,644.61,634.65,197.28,166.39,-14.45,to the TA. The law enforcement department may request the CA to revoke the real identity
5,0,0,0,0,15,9,/ABCDEE+Palatino Linotype,10.02,166.4,627.1,617.3,637.12,627.1,204.77,166.4,-22.02,derers are stationary nodes deployed on the roadside. These orderers act as the RSUs. The
5,0,0,0,0,14,10,/RUSOKQ+URWPalladioL-Roma,9.96,166.39,622.1,609.73,632.06,622.1,209.83,166.39,-14.45,of the message sender if malicious activity is detected. Vehicle nodes are embedded with
5,0,0,0,0,14,9,/ABCDEE+Palatino Linotype,10.02,166.4,614.26,622.31,624.28,614.26,217.61,166.4,-27.03,"orderer maintains the list of the organizations that can create and configure the channel,"
5,0,0,0,0,10,10,/RUSOKQ+URWPalladioL-Roma,9.96,166.39,609.55,609.73,619.51,609.55,222.38,166.39,-14.45,"high processing, storage, and wireless communication modules. The vehicle-to-vehicle and"
5,0,0,0,0,13,9,/ABCDEE+Palatino Linotype,10.02,166.4,601.48,596.38,611.5,601.48,230.39,166.4,-1.1,and are responsible for ordering and packaging the transactions. The orderer also obtains
5,0,0,0,0,10,10,/RUSOKQ+URWPalladioL-Roma,9.96,166.12,596.99,594.51,606.96,596.99,234.93,166.12,0.77,vehicle-to-RSU communications are conducted through wireless networks. Figure 1 shows
5,0,0,0,0,12,9,/ABCDEE+Palatino Linotype,10.02,166.4,588.64,617.3,598.66,588.64,243.23,166.4,-22.02,"the certificates that represent identities, and the Membership Service Provider (MSP) con-"
5,0,0,0,0,363,10,/RUSOKQ+URWPalladioL-Roma,9.96,166.39,584.44,12056.76,594.4,584.44,247.49,166.39,-11461.48,"the layers of the proposed solution.Appl. Sci. 2022, 12, x FOR PEER REVIEW 5 of 19    and enough storage. CA is also responsible for the generation of certificates for vehicles  and roadside units. Additionally, once their registration is complete, the TA produces the  initial security parameters for all vehicles and roadside units (RSUs), and sends them t o  the vehicles via TLS. Issuance of Enrollment Certificates (ECerts) is an enrollment process  whereby the Fabric CA issues a certificate key-pair, comprised of a signing certificate and  a private key that forms the identity [25]. The private and public keys are first generated  locally by the Fabric CA client, and then the public key is sent to the CA, which returns  an encoded certificate, the signing certificate fo r certificate renewal, and revocation. Or- derers are stationary nodes deployed on the roadside. These orderers act as the RSUs. The  orderer maintains the list of the organizations that can create and configure the channel,  and are responsible for ordering and packaging the transactions. The orderer also obtains  the certificates that represent identities, and the Membership Service Provider (MSP) con- tains the permission identities. The orderer utilizes a dedicated short -range communica- tion protocol for V2V an d V2R wireless communications. The MSP authenticates traffic  messages from vehicles and processes them locally or forwards them to the TA. The law  enforcement department may request the CA to revoke the real identity of the message  sender if malicious activity is detected. Vehicle nodes are embedded with high processing,  storage, and wireless communication modules. The vehicle-to-vehicle and vehicle-to-RSU  communications are conducted through wireless networks. Figure 1 shows the layers of  the proposed solution.    Figure 1. Layers of the proposed network.  Figure 1 shows the different layers of the proposed network, comprising the applica- tion layer, chain code/smart contract layer, consensus layer, physical/wireless network,  and the ground vehicular nodes. Smart contracts are blockchain based programs that ex- ecute when certain criteria are met. The contracts are decentralized applications that re- spond to events by executing business logic. These are often used to automate contract  execution so that all parties immediately know the outcome without the need for any in- termediaries."
5,0,0,0,0,81,9,/ABCDEE+Palatino Linotype,10.02,166.4,486.1,602.35,585.82,486.1,256.07,166.4,-7.07,"tains the permission identities. The orderer utilizes a dedicated shortrange communication protocol for V2V an messages from vehicles and processes them locally or forwards them to the TA. The law enforcement department may request the CA to revoke the real identity of the message sender if malicious activity is detected. Vehicle nodes are embedded with high processing, storage, and wireless communication modules. The vehicle-to-vehicle and vehicle-to-RSU communications are conducted through wireless networks. Figure 1 shows the layers of the proposed solution."
5,1,0,0,0,7,13,/QTWQDT+URWPalladioL-Bold,8.97,166.39,277.33,309.86,286.29,277.33,555.6,166.39,285.42,Figure 1. Layers of the proposed network.
5,0,0,0,0,13,10,/RUSOKQ+URWPalladioL-Roma,9.96,187.65,253.95,611.06,263.92,253.95,577.97,187.65,-15.79,"Figure 1 shows the different layers of the proposed network, comprising the applica-"
5,0,0,0,0,63,10,/RUSOKQ+URWPalladioL-Roma,9.96,166.39,191.19,634.64,251.36,191.19,590.53,166.39,-39.36,"tion layer, chain code/smart contract layer, consensus layer, physical/wireless network, and the ground vehicular nodes. Smart contracts are blockchain based programs that execute when certain criteria are met. The contracts are decentralized applications that respond to events by executing business logic. These are often used to automate contract execution so that all parties immediately know the outcome without the need for any intermediaries."
5,0,0,0,0,7,12,/ABCDEE+Palatino Linotype,9.0,166.4,183.98,338.8,192.98,183.98,648.91,166.4,256.48,Figure 1. Layers of the proposed network.
5,0,0,0,0,4,10,/ISGEKO+URWPalladioL-Ital,9.96,166.39,168.77,325.8,178.74,168.77,663.15,166.39,269.48,3.2. Enhanced Hyperledger Fabric
5,0,0,0,0,13,9,/ABCDEE+Palatino Linotype,10.02,187.64,158.36,608.48,168.38,158.36,673.51,187.64,-13.2,"Figure 1 shows the different layers of the proposed network, comprising the applica-"
5,0,0,0,0,11,10,/RUSOKQ+URWPalladioL-Roma,9.96,187.65,153.23,581.18,163.19,153.23,678.7,187.65,14.1,Vehicles with OBU and digital networking equipment are blockchain-based IoV to
5,0,0,0,0,10,9,/ABCDEE+Palatino Linotype,10.02,166.4,145.58,612.29,155.6,145.58,686.29,166.4,-17.01,"tion layer, chain code/smart contract layer, consensus layer, physical/wireless network,"
5,0,0,0,0,12,10,/RUSOKQ+URWPalladioL-Roma,9.96,166.39,140.68,579.84,150.64,140.68,691.25,166.39,15.43,"communicate with neighboring RSUs, to thus access vehicular networks. The OBU per-"
5,0,0,0,0,13,9,/ABCDEE+Palatino Linotype,10.02,166.4,132.74,588.34,142.76,132.74,699.13,166.4,6.94,and the ground vehicular nodes. Smart contracts are blockchain based programs that ex-
5,0,0,0,0,15,10,/RUSOKQ+URWPalladioL-Roma,9.96,166.39,128.13,624.67,138.09,128.13,703.8,166.39,-29.4,"forms basic functions, collects local data, and sends it to the orderer via a communication"
5,0,0,0,0,13,9,/ABCDEE+Palatino Linotype,10.02,166.4,119.94,617.3,129.96,119.94,711.93,166.4,-22.02,ecute when certain criteria are met. The contracts are decentralized applications that re-
5,0,0,0,0,12,10,/RUSOKQ+URWPalladioL-Roma,9.96,166.39,115.57,594.79,125.53,115.57,716.36,166.39,0.49,channel. Vehicle nodes work as information providers and provide their information to
5,0,0,0,0,14,9,/ABCDEE+Palatino Linotype,10.02,166.4,107.1,602.27,117.12,107.1,724.77,166.4,-6.99,spond to events by executing business logic. These are often used to automate contract
5,0,0,0,0,13,10,/RUSOKQ+URWPalladioL-Roma,9.96,166.39,103.02,624.67,112.98,103.02,728.91,166.39,-29.4,data requesters. Vehicle nodes send their messages to the neighboring orderer. Orderers are
5,0,0,0,0,41,9,/ABCDEE+Palatino Linotype,10.02,166.39,77.91,619.69,104.28,77.91,737.61,166.39,-24.42,"execution so that all partiesimmediately know the outcome without the need for any in-stationed along roads to ensure that cars can connect with orderers. Orderers are roadside termediaries.nodes that are stationary. According to their locations, the entire network is split into"
5,0,0,0,0,16,10,/RUSOKQ+URWPalladioL-Roma,9.96,166.39,65.36,619.69,75.32,65.36,766.57,166.39,-24.42,"several regions. Without the help of a trustworthy third party, a group of auditors has the"
5,0,0,0,0,19,9,/ABCDEE+Palatino Linotype,10.02,0.0,-10.02,310.62,0.0,-10.02,841.89,0.0,284.66,"5 of 19 o  r certificate renewal, and revocation. Or- - d V2R wireless communications. The MSP authenticates traffic"
6,0,0,0,0,4,15,/ISGEKO+URWPalladioL-Ital,7.97,35.43,772.93,117.53,780.9,772.93,60.99,35.43,477.75,"Appl. Sci.2022, 12, 476"
6,0,0,0,0,87,10,/RUSOKQ+URWPalladioL-Roma,9.96,166.39,637.34,634.64,745.04,637.34,96.85,166.39,-39.36,"secret tracing key. If malicious conduct is discovered, the law enforcement department can request that group auditors revoke the true identity of the message. To retrieve the real identity of the sender, at least ’t’ tracers must work together. This is used to prevent misuse of power. We should mention that the CA and vehicle nodes in the scheme elect the issuers and auditors. The steps of the proposed scheme are system conﬁguration, registration enrollment process, transaction handling, consensus process, ledger update, and traceability. 3.2.1. System Conﬁguration"
6,0,0,0,0,13,10,/RUSOKQ+URWPalladioL-Roma,9.96,187.65,621.8,591.14,631.76,621.8,210.13,187.65,4.14,Because the certiﬁcates associated with a node must be generated before the node
6,0,0,0,0,360,10,/RUSOKQ+URWPalladioL-Roma,9.96,166.09,298.11,629.65,619.21,298.11,222.68,166.09,-34.38,"itself can be implemented, the ﬁrst part that must be installed in the network to conﬁgure the device is a CA. After passing identity veriﬁcation by the CA, any entity appears to be valid. It is not mandatory to use the Fabric CA for certiﬁcate generation. However, it is used in the current proposal because it produces MSP directories, which are required for organizations and entities to be properly deﬁned; otherwise, we must create the MSP directories ourselves. We check that CAs are deployed in our network. All the intermediate CA’s will be created by a single root CA. Intermediate CAs are an effective means of preventing the root CA from being overworked. We use a dual-headed CA consisting of a TLS CA, which necessitates setting up (1) a TLS CA and using it to create TLS certiﬁcates; and (2) an organizational CA, which is used to generate admin certiﬁcates for an entity, the MSP , and the nodes owned by that organization. For the state database, we use the Level DB because we prioritize speed. All the peer nodes on the channels are required to utilize the same state database (CouchDB or Level DB). To maintain anonymity and isolation for such transactions, channels are deployed depending on the geographical area. After the CA has been conﬁgured, it can be utilized to register and enroll vehicles. The administrator of the CA assigns a username and password for the vehicle in the ﬁrst stage. The vehicles are also granted roles and associations. It now builds a directory known as an MSP , which includes the public certiﬁcate of the CA granting the certiﬁcate in addition to the CA’s root of trust. The vehicle is registered and enrolled in both an ‘Enrollment CA’ and a ‘TLS CA’, much like an admin identity. The CA assigns the function of orderer or peer, rather than admin, when registering the vehicle. Peers and orderers who are owned by different organizations are now deployed; thus, these organizations are called peer organizations and orderer organizations. These organizations are connected, and smart contracts, where ledgers are stored, are installed on both peers and orderers. 3.2.2. Registration and Enrollment"
6,0,0,0,0,13,10,/RUSOKQ+URWPalladioL-Roma,9.96,187.65,282.57,581.18,292.53,282.57,549.36,187.65,14.1,"In the registration and enrollment phase, when any vehicle wants to connect to"
6,0,0,0,0,179,10,/RUSOKQ+URWPalladioL-Roma,9.96,166.39,109.52,624.67,279.98,109.52,561.91,166.39,-29.4,"the network for the ﬁrst time, it requires registration from the CA. The CA generates a public/secret key-pair and sends credentials to the vehicle through TLS after verifying the information’s identity. The CA stores public keys on its database. This database can be checked to determine if a car is registered in the network by looking up the public key of the vehicle in the database. The association between the public key (pk) and the vehicle’s identiﬁcation details is known only to the CA. Any vehicle in each area can register in the same regions in the intermediate CA. The Fabric CA automatically functions as an Idemix issuer. When the CA is started with the “init” command, two ﬁles are generated in the CA’s home directory: “IssuerPublicKey” and “IssuerRevocationPublicKey”. The Idemix MSP is created using these keys. When an Idemix credential is being used, the Client-Identity library is used to help the GetAttribute-Value feature. The peers only use Idemix MSP for signature authentication. Only the Client SDK is used to sign with the Idemix MSP . 3.2.3. Transaction Handling"
6,0,0,0,0,13,10,/RUSOKQ+URWPalladioL-Roma,9.96,187.65,93.98,611.06,103.94,93.98,737.95,187.65,-15.79,"After setting up and executing the channel, the system ensures that vehicles undergo"
6,0,0,0,0,28,10,/RUSOKQ+URWPalladioL-Roma,9.96,166.39,68.87,609.73,91.39,68.87,750.5,166.39,-14.45,the registration and enrollment phase with the CA and have cryptographic identities that are known for their authentication. The system also checks that the chain code is already
6,0,0,0,0,3,15,/RUSOKQ+URWPalladioL-Roma,7.97,0.0,-7.97,31.88,0.0,-7.97,841.89,0.0,563.4,6 of 19
7,0,0,0,0,4,15,/ISGEKO+URWPalladioL-Ital,7.97,35.43,772.93,117.53,780.9,772.93,60.99,35.43,477.75,"Appl. Sci.2022, 12, 476"
7,0,0,0,0,259,10,/RUSOKQ+URWPalladioL-Roma,9.96,165.97,521.68,634.64,745.04,521.68,96.85,165.97,-39.36,"written on all the vehicles and activated on the channel. The chain code is also given an endorsement scheme which requires that all the vehicles must endorse the message transaction. Let us suppose that vehicle (VA) wants to share the message to all the vehicles in that channel. In the ﬁrst phase, VA initiates a transaction message (for example: about the road condition). A request is submitted in the channel by targeting all vehicles. Then, a transaction proposal is created. To create a transaction proposal, the vehicle uses a supported SDK. The proposal enables a chain code to be invoked with certain input parameters to read or update the ledger. The SDK envelopes the proposal of the message into a particular format and uses the user’s account details to create a unique signature for it. The endorsement policy deﬁnes that all vehicles must endorse the transaction; hence, the request goes to all vehicles. Then, the endorsing vehicles verify that the transaction proposal has not been previously sent, to prevent a replay attack, and also check whether the signature is valid by using the MSP . Additionally, they conﬁrm that the sender can execute this process on the channel. The transaction proposal inputs are transferred to the invoked chain codes by the endorsing vehicles. The chain code is run with Level DB to generate output that includes the answer-value, read-set, and write-set. At this point, ledgers are not updated. All of these values, in addition to the signatures of the endorsing vehicles, are returned as a proposal reply to VA."
7,0,0,0,0,14,10,/RUSOKQ+URWPalladioL-Roma,9.96,187.65,509.12,601.1,519.09,509.12,322.8,187.65,-5.82,"In the next phase, the sender veriﬁes the signatures of all endorsing vehicles and"
7,0,0,0,0,217,10,/RUSOKQ+URWPalladioL-Roma,9.96,166.0,298.41,624.67,506.53,298.41,335.36,166.0,-29.4,"ensures that the proposal responses from all the vehicles are the same. It veriﬁes that the speciﬁed endorsement rules are achieved before submission. If the sender does not inspect responses and forwards messages without endorsement, then the endorsement rules are still imposed by other vehicles in the channel and upheld at the “commit validation phase”. After verifying the responses and updating the ledger, it sends a message to the RSU (ordering service). The message proposal and endorsing reply are then bundled into a message and sent to the RSU by VA. The OS does not need to search the whole content of the message; however, it simply orders all of the transactions received from the channels, and generates blocks of transactions for each channel. In the next phase, the transaction blocks are delivered by OS to all vehicles on that channel. The endorsement rules are veriﬁed by validating the message within the block. The block’s transactions are classiﬁed as “valid” or “invalid”. Each vehicle adds the block to the channel’s chain and, if the transactions are valid, then write sets are committed to Level DB. Each vehicle notiﬁes VA that the message has been added to the chain, and whether the message was validated. Figure 2 shows the ﬂow diagram of the enhanced Fabric. 3.2.4. Consensus Process"
7,0,0,0,0,12,10,/RUSOKQ+URWPalladioL-Roma,9.96,187.65,282.87,611.06,292.83,282.87,549.06,187.65,-15.79,The Raft consensus protocol in Hyperledger Fabric utilizes the “leader and follower”
7,0,0,0,0,135,10,/RUSOKQ+URWPalladioL-Roma,9.96,166.09,157.34,649.27,280.28,157.34,561.61,166.09,-54.0,"model in which a channel’s ordering nodes dynamically elect a leader, and that leader forwards data to all of its followers. Because the network can tolerate the failure of nodes, including leader nodes, because several ordering nodes exist, Raft is called “Crash Fault Tolerance”. For instance, if a channel has ﬁve vehicles, it can afford the loss of two vehicles. This feature of Raft provides a high-availability strategy for the ordering service. RSUs are in different locations and, if any RSU or the entire location becomes unavailable, then RSUs in other locations will continue to operate. The ordering nodes that are actively involved in the consensus process for a given channel are referred to as the “consenter set”. The quorum is the minimum number of consenters who agree to a proposal to serialize the transactions."
7,0,0,0,0,15,10,/RUSOKQ+URWPalladioL-Roma,9.96,187.65,144.79,616.04,154.75,144.79,687.14,187.65,-20.77,"Leader, follower, and candidate are the three possible states for the RSU. The RSU is"
7,0,0,0,0,85,10,/RUSOKQ+URWPalladioL-Roma,9.96,165.97,69.47,644.6,142.2,69.47,699.69,165.97,-49.32,"initiated as a follower. It may approve logs from the leader or vote for the leader selection at this time. If there are no logs or heartbeats obtained for a speciﬁc amount of time, then it will be self-promoted to the candidate state. In this stage, it will request votes from other RSUs. It will be appointed a leader if it earns a quorum of votes. The leader RSU oversees generating new logs, sending these logs to follower RSUs, and determining whether logs are committed."
7,0,0,0,0,3,15,/RUSOKQ+URWPalladioL-Roma,7.97,0.0,-7.97,31.88,0.0,-7.97,841.89,0.0,563.4,7 of 19
8,0,0,0,0,323,14,/ABCDEE+Palatino Linotype,7.98,35.43,772.93,8414.77,782.58,772.93,59.31,35.43,-7819.5,"Appl. Sci. 2022,12, x FOR PEER REVIEW 8 of 19Appl. Sci.2022, 12, 476Appl. Sci. 2022, 12, x FOR PEER REVIEW 8 of 19      Figure 2. Flow diagram of enhanced Fabric.  3.2.4. Consensus Process  The Raft consensus protocol in Hyperledger Fabric utilizes the “leader and follower”  model in which a chann el’s ordering nodes dynamically elect a leader, and that leader  forwards data to all of its followers. Because the network can tolerate the failure of nodes,  including leader nodes, because several ordering nodes exist, Raft is called “Crash Fault  Tolerance”. For instance, if a channel has five vehicles, it can afford the loss of two vehi- cles. This feature of Raft provides a high -availability strategy for the ordering service.  RSUs are in different locations and, if any RSU or the entire location becomes unavailable,  then RSUs in other locations will continue to operate. The ordering nodes that are actively  involved in the consensus process for a given channel are referred to as the “consenter  set”. The quorum is the minimum number of consenters who agree to  a proposal to seri- alize the transactions.  Leader, follower, and candidate are the three possible states for the RSU. The RSU is  initiated as a follower. It may approve logs from the leader or vote for the leader selection  at this time. If there are no logs or heartbeats obtained for a specific amount of time, then  it will be self-promoted to the candidate state. In this stage, it will request votes from other  RSUs. It will be appointed a leader if it earns a quorum of votes. The leader RSU oversees  generating new logs, sending these logs to follower RSUs, and determining whether logs  are committed.     DAPP SDK Ordering Service Endorsing  Peers Endorsing  Peers Endorsing  Peers Committing  Peers Committing Peers Terminated Endorsement Reputation  Updating Authentication Ledger  Ledger Low/High Reputation Endorsement Response Invalid Valid Transaction Request Transaction Proposal Read/Write Set Submit Transaction Update Ledger Order Transaction"
8,1,0,0,1,1,6,"/ABCDEE+Calibri,Bold",12.0,68.9,550.73,92.9,562.73,550.73,279.16,68.9,502.38,DAPP
8,1,0,0,1,1,3,"/ABCDEE+Calibri,Bold",13.82,265.92,492.25,286.66,506.08,492.25,335.81,265.92,308.62,SDK
8,1,0,0,0,3,4,"/ABCDEE+Calibri,Bold",13.8,111.35,398.76,474.2,412.56,398.76,429.33,111.35,121.08,Endorsing  Endorsing  Endorsing
8,1,0,0,0,3,3,"/ABCDEE+Calibri,Bold",13.82,124.07,381.94,452.48,395.76,381.94,446.13,124.07,142.79,Peers Peers Peers
8,1,0,0,0,7,13,/QTWQDT+URWPalladioL-Bold,8.97,166.39,378.63,314.34,387.59,378.63,454.3,166.39,280.94,Figure 2. Flow diagram of enhanced Fabric.
8,0,0,0,0,8,12,/ABCDEE+Palatino Linotype,9.0,166.39,357.34,380.59,367.31,357.34,474.58,166.39,214.69,3.2.5. Calculating and Updating Reputation Figure 2. FlowdiagramofenhancedFabric.
8,0,0,0,0,14,10,/RUSOKQ+URWPalladioL-Roma,9.96,187.65,341.8,596.12,351.76,341.8,490.12,187.65,-0.84,RSUs can calculate the reputation of all members in the ordering service. This is
8,0,0,0,0,18,5,"/ABCDEE+Calibri,Bold",12.03,166.39,326.59,811.34,342.08,326.59,499.81,166.39,-216.07,"3.2.4. Consensus Processfocused on previous experiences, in addition to new recommendations from the vehicles. Submit Transaction Order Transaction"
8,0,0,0,0,100,10,/RUSOKQ+URWPalladioL-Roma,9.96,166.09,277.82,637.34,326.66,277.82,515.23,166.09,-42.06,"To form the local opinion on each RSU, the model considers three weights based on The Raft consensus protocol in Hyperledger Fabric utilizes the “leader and follower” previous experiences. The vehicular blockchain contains the most recent recommended model in which a chann opinions. To receive a ﬁnal reputation on each RSU, each vehicle computes its local and forwards data to all of its followers. Because the network can tolerate the failure of nodes, recommended opinions. Vehicles update and review a current data block for that round of including leader nodes, because several ordering nodes exist, Raft is called “Crash Fault"
8,0,0,0,0,59,3,/ABCDEE+Calibri,13.82,166.39,249.61,763.46,280.26,249.61,561.63,166.39,-168.18,"Committing  Committingthe consensus mechanism. If the information is accurate, vehicles upgrade their reputation Tolerance”. For instance, if a channel has five vehicles, it can afford the loss of two vehiopinions for the RSU and send their opinions to OS. The RSUs work together to apply Peers Peerscles. This feature of Raft provides a highavailability strategy for the ordering service."
8,0,0,0,0,26,9,/ABCDEE+Palatino Linotype,10.02,166.39,239.36,604.75,251.34,239.36,590.55,166.39,-9.47,"legitimate reputation values to the vehicular blockchain through a consensus mechanism. RSUs are in different locations and, if any RSU or the entire location becomes unavailable,"
8,0,0,0,0,32,10,/RUSOKQ+URWPalladioL-Roma,9.96,54.8,216.59,634.33,238.79,216.59,603.1,54.8,-39.05,The following security study should be used to solve the concerns of the vulnerable leader in then RSUs in other locations will continue to operate. The ordering nodes that are actively AuthenticationTerminated
8,0,0,0,0,29,10,/RUSOKQ+URWPalladioL-Roma,9.96,166.39,213.74,634.64,226.24,213.74,615.65,166.39,-39.36,the proposed scheme: reputation is utilized to select the RSU to indicate the trustworthiness involved in the consensus process for a given channel are referred to as the “consenter
8,0,0,0,0,31,9,/ABCDEE+Palatino Linotype,10.02,166.39,200.9,700.66,215.43,200.9,626.46,166.39,-105.39,Update Ledgerof nodes by considering their past behaviors. A high-reputation RSU is chosen as the leader. set”. The quorum is the minimum number of consenters who agree toa proposal to seri-
8,0,0,0,0,86,10,/RUSOKQ+URWPalladioL-Roma,9.96,166.39,162.44,637.34,201.13,162.44,640.76,166.39,-42.06,"Hence, the leader is trustable, and there is a very small chance that it will damage the alize the transactions. system. This leader is selected for a time slot because, if a leader is compromised and Leader, follower, and candidate are the three possible states for the RSU. The RSU is tries to harm the system, then it can only harm the system in its time slot. The endorsing initiated as a follower. It may approve logs from the leader or vote for the leader selection"
8,0,0,0,0,33,9,/ABCDEE+Palatino Linotype,10.02,166.12,149.11,614.43,164.23,149.11,677.66,166.12,-19.16,"Validvehicles can also check for mistakes in the block data on the vehicular blockchain during Ledgerat this time. If there are no logs or heartbeats obtained for a specific amount of time, then"
8,0,0,0,0,14,10,/RUSOKQ+URWPalladioL-Roma,9.96,166.39,140.96,599.77,150.92,140.96,690.97,166.39,-4.49,"the validation and commit phase. Then, the leader is accused and blacklisted. Figure 3"
8,0,0,0,0,17,9,/ABCDEE+Palatino Linotype,10.02,166.4,136.82,630.53,146.84,136.82,695.05,166.4,-35.25,"it will be self-promoted to the candidate state. In this stage, it will request votes from other"
8,0,0,0,0,5,10,/RUSOKQ+URWPalladioL-Roma,9.96,166.39,128.4,325.8,138.37,128.4,703.52,166.39,269.48,shows the blockchain-based IoV .
8,0,0,0,0,18,9,/ABCDEE+Palatino Linotype,10.02,166.4,123.96,622.31,133.98,123.96,707.91,166.4,-27.03,RSUs. It will be appointed a leader if it earns a quorum of votes. The leader RSU oversees
8,0,0,0,0,14,9,/ABCDEE+Palatino Linotype,10.02,60.2,111.18,600.38,124.18,111.18,717.71,60.2,-5.1,"Endorsement Responsegenerating new logs, sending these logs to follower RSUs, and determining whether logs"
8,0,0,0,0,39,9,/ABCDEE+Palatino Linotype,10.02,180.02,83.58,1918.49,93.6,83.58,748.29,180.02,-1323.21,DAPP SDK Ordering Service Endorsing  Peers Endorsing  Peers Endorsing  Peers Committing  Peers Committing Peers Terminated Endorsement Reputation  Updating Authentication Ledger  Ledger Low/High Reputation Endorsement Response Invalid Valid Transaction Request Transaction Proposal Read/Write Set Submit Transaction Update Ledger Order Transaction
8,1,0,0,0,3,6,"/ABCDEE+Calibri,Bold",12.0,570.83,44.21,686.48,56.21,44.21,785.68,570.83,-91.2,Low /High Reputation
8,0,0,0,0,15,9,/ABCDEE+Palatino Linotype,10.02,0.0,-13.8,325.65,0.0,-13.8,841.89,0.0,269.63,"8 of 19 el’s ordering nodes dynamically elect a leader, and that leader  - Ledger"
9,0,0,0,0,400,14,/ABCDEE+Palatino Linotype,7.98,35.43,772.93,9833.45,782.58,772.93,59.31,35.43,-9238.18,"Appl. Sci. 2022,12, x FOR PEER REVIEW 9 of 19Appl. Sci.2022, 12, 476Appl. Sci. 2022, 12, x FOR PEER REVIEW 9 of 19    3.2.5. Calculating and Updating Reputation  RSUs can calculate the reputation of all members in the ordering service. This is fo- cused on previous experiences, i n addition to new recommendations from the vehicles.  To form the local opinion on each RSU, the model considers three weights based on pre- vious experiences. The vehicular blockchain contains the most recent recommended opin- ions. To receive a final reputati on on each RSU, each vehicle computes its local and rec- ommended opinions. Vehicles update and review a current data block for that round of  the consensus mechanism. If the information is accurate, vehicles upgrade their reputa- tion opinions for the RSU and send their opinions to OS. The RSUs work together to apply  legitimate reputation values to the vehicular blockchain through a consensus mechanism.  The following security study should be used to solve the concerns of the vulnerable leader  in the proposed scheme: reputation is utilized to select the RSU to indicate the trustwor- thiness of nodes by considering their past behaviors. A high-reputation RSU is chosen as  the leader. Hence, the leader is trustable, and there is a very small chance that it will dam- age the system. This leader is selected for a time slot because, if a leader is compromised  and tries to harm the system, then it can only harm the system in its time slot. The endors- ing vehicles can also check for mistakes in the block data on the vehicular blockchain dur- ing the validation and commit phase. Then, the leader is accused and blacklisted. Figure  3 shows the blockchain-based IoV.    Figure 3. Blockchain-based IoV.  3.2.6. Local Opinions for Ordering Services  Suppose a peer (Vi) and an ordering service (RUj) interact with each other. The vector  defined for the local opinion of Vi to RUj is ωi→j := bi→j, di→j, ui→j, ki→j where bi→j represents  trust, di→j represents mistrust, ui→j represents uncertainty, and ki→j is a constant which  shows a willingness to trust ordering services and is less than 1 (0.5). The values of bi→j,  di→j, ui→j, in addition to the relationships between them, are particularly important. Hence,  bi→j, di→j, ui→j ∈ {0,1}, bi→j + di→j + qi→j = 1.  {          𝑢𝑖→𝑗 = 1−𝑞𝑖→𝑗 𝑏𝑖→𝑗 =(1−𝑢𝑖→𝑗) 𝛼𝜄 𝛼𝜄 +𝛽 𝑑𝑖→𝑗 =(1−𝑢𝑖→𝑗) 𝛽𝜄 𝛼𝜄 +𝛽𝜄"
9,0,0,0,0,5,9,/ABCDEE+Palatino Linotype,10.02,166.4,729.66,376.55,739.68,729.66,102.21,166.4,218.73,3.2.5. Calculating and Updating Reputation
9,0,0,0,0,15,9,/ABCDEE+Palatino Linotype,10.02,187.64,713.82,613.49,723.84,713.82,118.05,187.64,-18.21,RSUs can calculate the reputation of all members in the ordering service. This is fo-
9,0,0,0,0,218,9,/ABCDEE+Palatino Linotype,10.02,166.4,495.94,637.34,711.06,495.94,130.83,166.4,-42.06,"cused on previous experiences, i To form the local opinion on each RSU, the model considers three weights based on previous experiences. The vehicular blockchain contains the most recent recommended opinions. To receive a final reputati ommended opinions. Vehicles update and review a current data block for that round of the consensus mechanism. If the information is accurate, vehicles upgrade their reputation opinions for the RSU and send their opinions to OS. The RSUs work together to apply legitimate reputation values to the vehicular blockchain through a consensus mechanism. The following security study should be used to solve the concerns of the vulnerable leader in the proposed scheme: reputation is utilized to select the RSU to indicate the trustworthiness of nodes by considering their past behaviors. A high-reputation RSU is chosen as the leader. Hence, the leader is trustable, and there is a very small chance that it will damage the system. This leader is selected for a time slot because, if a leader is compromised and tries to harm the system, then it can only harm the system in its time slot. The endorsing vehicles can also check for mistakes in the block data on the vehicular blockchain during the validation and commit phase. Then, the leader is accused and blacklisted. Figure 3 shows the blockchain-based IoV."
9,1,0,0,0,5,13,/QTWQDT+URWPalladioL-Bold,8.97,166.39,441.43,269.51,450.4,441.43,391.49,166.39,325.77,Figure 3. Blockchain-based IoV .
9,0,0,0,0,6,10,/RUSOKQ+URWPalladioL-Roma,9.96,166.39,420.15,385.57,430.12,420.15,411.77,166.39,209.7,3.2.6. Local Opinions for Ordering Services
9,0,0,0,0,19,10,/ISGEKO+URWPalladioL-Ital,9.96,187.65,404.61,576.08,414.57,404.61,427.32,187.65,19.19,Suppose a peer ( V ) and an ordering service ( RU ) interact with each other. The ij
9,0,0,0,0,37,10,/ISGEKO+URWPalladioL-Ital,9.96,166.12,377.46,575.98,402.02,377.46,439.87,166.12,19.29,"vector deﬁned for the local opinion of V RU  ω := b , d , u , k  bi toj isijijijijij where i j represents trust, d  u kij represents mistrust,ij represents uncertainty, andij is a constant"
9,0,0,0,0,17,10,/RUSOKQ+URWPalladioL-Roma,9.96,165.97,366.95,624.25,376.92,366.95,464.97,165.97,-28.98,which shows a willingness to trust ordering services and is less than 1 (0.5). The values of
9,0,0,0,0,32,10,/ISGEKO+URWPalladioL-Ital,9.96,166.39,339.38,615.06,364.36,339.38,477.53,166.39,-19.79,"b , d , u , in addition to the relationships between them, are particularly important. ijijij Hence, b , d , u {0,1}, b  d  q  1.ijijij ∈ij +ij +ij ="
9,0,0,0,0,6,17,/ISGEKO+URWPalladioL-Ital,7.57,335.13,315.09,404.63,327.43,315.09,514.46,335.13,190.64,u  1 − qij =i j
9,0,0,0,0,3,10,/XRYLWE+CMEX10,9.96,350.1,312.7,398.87,322.67,312.7,519.22,350.1,196.4,( ) α
9,0,0,0,0,7,17,/ISGEKO+URWPalladioL-Ital,7.57,318.1,302.25,407.63,314.59,302.25,527.3,318.1,187.64,b 1 − uij =i j +
9,0,0,0,0,7,17,/ISGEKO+URWPalladioL-Ital,7.57,316.66,286.09,406.7,298.44,286.09,543.45,316.66,188.57,d 1 − uij =i j +
9,0,0,0,0,16,10,/ISGEKO+URWPalladioL-Ital,9.96,193.26,262.18,567.29,274.18,262.18,567.71,193.26,27.98,"β  q are the number of good and bad experiences, respectively. and i j is the"
9,0,0,0,0,15,10,/RUSOKQ+URWPalladioL-Roma,9.96,166.39,251.67,575.39,261.63,251.67,580.26,166.39,19.89,communication quality of a link between vehicle i and RSU . The reputation according toj
9,0,0,0,0,15,17,/ISGEKO+URWPalladioL-Ital,7.57,174.25,237.07,572.04,249.08,237.07,592.81,174.25,23.24,", x  Vijij denotes the expected trust of vehiclei that RSU is trustworthy and behaves"
9,0,0,0,0,4,12,/ABCDEE+Palatino Linotype,9.0,166.4,233.12,299.08,242.12,233.12,599.77,166.4,296.2,Figure 3. Blockchain-based IoV.
9,0,0,0,0,15,10,/ISGEKO+URWPalladioL-Ital,9.96,166.39,226.56,540.0,236.52,226.56,605.37,166.39,55.28,"appropriately throughout a consensus period, represented as xij = bi j + k u .ijij"
9,0,0,0,0,6,9,/ABCDEE+Palatino Linotype,10.02,166.4,207.56,361.81,217.58,207.56,624.31,166.4,233.47,3.2.6. Local Opinions for Ordering Services
9,0,0,0,0,7,10,/ISGEKO+URWPalladioL-Ital,9.96,166.39,202.23,430.4,212.2,202.23,629.69,166.39,164.87,3.3. Multi-Weight Local Opinions for Subjective Logic
9,0,0,0,0,16,9,/ABCDEE+Palatino Linotype,10.02,187.64,191.72,594.31,201.74,191.72,640.15,187.64,0.97,Suppose a peer (Vi) and an ordering service (RU j) interact with each other. The vector
9,0,0,0,0,12,10,/RUSOKQ+URWPalladioL-Roma,9.96,187.65,186.69,621.03,196.65,186.69,645.24,187.65,-25.75,Different dynamics affect local opinions by utilizing the subjective logic model [26].
9,0,1,0,0,21,9,"/ABCDEE+Palatino Linotype,Italic",10.02,166.4,178.94,568.65,188.96,178.94,652.93,166.4,26.63,"defined for the local opinion of Vito RU jis  i j:= bi j, di j, ui j, ki jwhere bi jrepresents"
9,0,0,0,0,12,10,/RUSOKQ+URWPalladioL-Roma,9.96,166.39,174.14,619.69,184.1,174.14,657.79,166.39,-24.42,"Both reputation logics are handled similarly in standard subject logic. However, different"
9,0,1,0,0,15,9,"/ABCDEE+Palatino Linotype,Italic",10.02,166.4,166.1,572.16,176.12,166.1,665.77,166.4,23.12,"trust, di j represents mistrust, ui j represents uncertainty, and kij is a constant which"
9,0,0,0,0,13,10,/RUSOKQ+URWPalladioL-Roma,9.96,166.39,161.59,629.65,171.55,161.59,670.34,166.39,-34.38,reputation logics originating from different sources must be weighted correctly to be aggre-
9,0,0,0,0,17,9,/ABCDEE+Palatino Linotype,10.02,166.4,153.26,594.73,163.28,153.26,678.61,166.4,0.55,"shows a willingness to trust ordering services and is less than 1 (0.5). The values of bij,"
9,0,0,0,0,14,10,/RUSOKQ+URWPalladioL-Roma,9.96,166.39,149.03,624.67,159.0,149.03,682.89,166.39,-29.4,"gated with greater precision. If the vehicle has existing experience of, and maintains more"
9,0,1,0,0,15,9,"/ABCDEE+Palatino Linotype,Italic",10.02,166.4,140.48,622.16,150.5,140.48,691.39,166.4,-26.88,"di j, ui j, in addition to the relationships between them, are particularly important. Hence,"
9,0,0,0,0,14,10,/RUSOKQ+URWPalladioL-Roma,9.96,166.39,136.48,619.69,146.44,136.48,695.45,166.39,-24.42,"recent ratings for, the RSU, the accuracy of the reputation will be signiﬁcantly improved."
9,0,1,0,0,24,9,"/ABCDEE+Palatino Linotype,Italic",10.02,166.39,123.93,624.67,137.64,123.93,704.25,166.39,-29.4,"bi j, di j, ui j {0,1}, bi j+ di j+ qi j = 1.Regarding weighting operations, this model progresses into “multi-weight subjective logic”."
9,0,0,0,0,6,10,/RUSOKQ+URWPalladioL-Roma,9.96,165.9,110.64,379.75,121.34,110.64,720.55,165.9,215.53,We use the following weights.  1
9,0,0,0,0,5,9,/ABCDEE+Cambria Math,10.02,166.39,88.96,397.93,101.76,88.96,740.13,166.39,197.35,(1 )3.3.1. Rate of Experiences
9,0,0,0,0,15,10,/RUSOKQ+URWPalladioL-Roma,9.96,187.65,73.42,586.16,83.38,73.42,758.51,187.65,9.12,The rate of experiences shows how much the vehicle knows about RSU. If the rate
9,0,0,0,0,15,10,/RUSOKQ+URWPalladioL-Roma,9.96,166.39,58.5,614.71,70.83,58.5,771.06,166.39,-19.44,"of experience is large, it indicates that the vehicle (VA) knows a signiﬁcant amount about{"
9,0,0,0,0,29,9,/ABCDEE+Cambria Math,10.02,0.0,-10.02,285.57,0.0,-10.02,841.89,0.0,309.71,"9 of 19 n addition to new recommendations from the vehicles.  on on each RSU, each vehicle computes its local and rec- = = 𝛼 + = 𝛽 +"
10,0,0,0,0,4,15,/ISGEKO+URWPalladioL-Ital,7.97,35.43,772.93,117.53,780.9,772.93,60.99,35.43,477.75,"Appl. Sci.2022, 12, 476"
10,0,0,0,0,41,10,/RUSOKQ+URWPalladioL-Roma,9.96,166.39,709.97,599.77,745.04,709.97,96.85,166.39,-4.49,RSU . The ratio of the number of times that vehicle (VA) communicates with RSU (RSU) jj to the total amount of times that the vehicle communicates with other RSUs during some time ‘T’ is the rate of experiences between them.
10,0,0,0,0,6,10,/ISGEKO+URWPalladioL-Ital,9.96,335.44,677.52,567.58,690.84,677.52,151.05,335.44,27.69,f i   M (1) ij =
10,0,0,0,0,20,10,/ISGEKO+URWPalladioL-Ital,9.96,165.98,648.01,583.52,660.35,648.01,181.54,165.98,11.75,"where M  β ), and  1 . Q is the ordering service (group of RSUs)  +qQ Mi =iqij = (Q"
10,0,0,0,0,21,10,/RUSOKQ+URWPalladioL-Roma,9.96,166.39,601.26,594.35,646.19,601.26,195.7,166.39,0.92,interacting with vehicle V during the time window. A high rate of experience indicates a high reputation value. 3.3.2. Recent Experiences
10,0,0,0,0,17,10,/RUSOKQ+URWPalladioL-Roma,9.96,187.65,585.72,611.06,595.68,585.72,246.21,187.65,-15.79,"In IoV , the more recent experiences are given a higher weight to the RSU, which may"
10,0,0,0,0,15,10,/RUSOKQ+URWPalladioL-Roma,9.96,166.39,573.16,599.77,583.13,573.16,258.76,166.39,-4.49,not always be trustworthy and secure because widely spread RSUs can be vulnerable to a
10,0,0,0,0,14,10,/ISGEKO+URWPalladioL-Ital,9.96,166.39,559.12,564.9,570.57,559.12,271.32,166.39,30.38,breach due to insufﬁcient protection. Both the trustworthiness and reputation of V Ru toj
10,0,0,0,0,40,10,/RUSOKQ+URWPalladioL-Roma,9.96,165.97,500.54,609.73,558.02,500.54,283.87,165.97,-14.45,"are continually changing. For local opinions, recent and past experiences have different weights. The parameters γ  and δ  indicate the weights of recent and past experiences, respectively. γ + δ = 1, whereas γ > δ . 3.3.3. Experience Effects"
10,0,0,0,0,15,10,/RUSOKQ+URWPalladioL-Roma,9.96,187.65,484.99,606.08,494.96,484.99,346.93,187.65,-10.81,"If the RSU has good experiences, this will increase the RSUs’ reputation, and if it"
10,0,0,0,0,67,10,/RUSOKQ+URWPalladioL-Roma,9.96,166.09,422.23,629.65,482.4,422.23,359.49,166.09,-34.38,"has/had bad experiences, it will decrease the RSU’s reputation. As a result, bad experiences had a greater effect on local vehicle opinions than good experiences. Good experiences have a weight of µ , and the weight of negative interactions is ν, where µ  + ν = 1, µ  < ν . The weights of recent experiences and experience effects are coupled to create a new experience frequency:"
10,0,0,0,0,5,17,/ISGEKO+URWPalladioL-Ital,7.57,282.35,398.8,440.3,413.29,398.8,428.6,282.35,154.98,i i i i =
10,0,0,0,0,7,17,/RUSOKQ+URWPalladioL-Roma,7.57,322.36,395.96,456.6,409.18,395.96,432.71,322.36,138.68,", βi =2 2 (2)1 +1 +"
10,0,0,0,0,13,10,/ISGEKO+URWPalladioL-Ital,9.96,193.2,375.78,558.75,389.78,375.78,452.11,193.2,36.52,"ii β  t , which satisﬁes t ≤ t . If t >"
10,0,0,0,0,10,17,/RUSOKQ+URWPalladioL-Roma,7.57,193.16,372.87,534.37,384.67,372.87,457.22,193.16,60.9,r1 are good and bad recent experiences with time1 and
10,0,0,0,0,5,10,/ISGEKO+URWPalladioL-Ital,9.96,166.52,363.65,222.74,377.23,363.65,464.66,166.52,372.53,"i it, α, and β"
10,0,0,0,0,15,17,/RUSOKQ+URWPalladioL-Roma,7.57,169.98,360.43,597.69,372.12,360.43,469.77,169.98,-2.42,"r 2 2 are good and bad past experiences, respectively. Hence the updated rate of"
10,0,0,0,0,7,10,/ISGEKO+URWPalladioL-Ital,9.96,166.39,349.05,297.74,361.06,349.05,480.83,166.39,297.53,experience from V  RUi to j is:
10,0,0,0,0,4,10,/XRYLWE+CMEX10,9.96,335.04,334.58,466.09,344.54,334.58,497.35,335.04,129.19,( ) ( )
10,0,0,0,0,7,17,/ISGEKO+URWPalladioL-Ital,7.57,339.85,326.08,460.33,340.08,326.08,501.81,339.85,134.95,i i i i ∝ ∝+ ν
10,0,0,0,0,6,17,/RUSOKQ+URWPalladioL-Roma,7.57,299.22,322.75,460.48,335.08,322.75,506.81,299.22,134.79,i j 2 21 +1 +
10,0,0,0,0,7,10,/ISGEKO+URWPalladioL-Ital,9.96,257.61,315.78,567.58,329.1,315.78,512.79,257.61,27.69,= µ (3) f i  Mij =
10,0,0,0,0,5,17,/ISGEKO+URWPalladioL-Ital,7.57,370.46,309.07,425.17,319.08,309.07,522.81,370.46,170.1,q Q M i qq||
10,0,0,0,0,19,17,/ISGEKO+URWPalladioL-Ital,7.57,187.65,282.16,568.63,294.5,282.16,547.39,187.65,26.65,"As a result, for local opinions, the total weight of reputation is τf i  , whereas ij =i ∗ij"
10,0,0,0,0,11,10,/RUSOKQ+URWPalladioL-Roma,9.96,166.39,268.89,404.64,280.77,268.89,561.12,166.39,190.64,the parameter of the pre-deﬁned weight is 0 ≤ 1. ≤
10,0,0,0,0,6,10,/ISGEKO+URWPalladioL-Ital,9.96,166.39,248.39,400.52,258.35,248.39,583.54,166.39,194.76,3.4. Recommended Opinions for Ordering Services
10,0,0,0,0,8,10,/RUSOKQ+URWPalladioL-Roma,9.96,187.65,232.85,471.59,242.81,232.85,599.08,187.65,123.69,Recommended opinions and common opinions are combined as:
10,0,0,0,0,13,17,/ISGEKO+URWPalladioL-Ital,7.57,322.46,206.9,428.15,223.91,206.9,617.98,322.46,167.13,"r  r  r  r = b , d , uyj :yjyjy j (4)"
10,0,0,0,0,7,17,/ISGEKO+URWPalladioL-Ital,7.57,328.96,184.57,426.46,194.1,184.57,647.79,328.96,168.81,1 y Y y j y jxj
10,0,0,0,0,3,17,/ISGEKO+URWPalladioL-Ital,7.57,310.98,180.28,333.75,190.66,180.28,651.23,310.98,261.52,x j =
10,0,0,0,0,8,17,/ISGEKO+URWPalladioL-Ital,7.57,306.17,159.98,567.58,177.42,159.98,664.47,306.17,27.69,r 1 ddyYyjy jxj  (5) x j =
10,0,0,0,0,3,17,/ISGEKO+URWPalladioL-Ital,7.57,330.04,143.54,428.62,153.5,143.54,688.39,330.04,166.66,1 uyYyjy jxj
10,0,0,0,0,3,17,/ISGEKO+URWPalladioL-Ital,7.57,312.05,139.68,334.83,150.06,139.68,691.83,312.05,260.45,x j =
10,0,0,0,0,17,10,/ISGEKO+URWPalladioL-Ital,9.96,187.65,117.55,568.93,127.93,117.55,713.96,187.65,26.35,"Here, y ∈ Y is another group of vehicles which have had experience with RU. Taking j"
10,0,0,0,0,13,10,/RUSOKQ+URWPalladioL-Roma,9.96,166.39,105.42,594.79,115.38,105.42,726.51,166.39,0.49,opinions from different vehicles and combining them is known as a recommended opinion.
10,0,0,0,0,4,15,/RUSOKQ+URWPalladioL-Roma,7.97,0.0,-9.96,35.87,0.0,-9.96,841.89,0.0,559.41,10 of 19 M
11,0,0,0,0,4,15,/ISGEKO+URWPalladioL-Ital,7.97,35.43,772.93,117.53,780.9,772.93,60.99,35.43,477.75,"Appl. Sci.2022, 12, 476"
11,0,0,0,0,8,10,/ISGEKO+URWPalladioL-Ital,9.96,166.39,735.08,460.29,745.04,735.08,96.85,166.39,134.99,3.5. Combination of Local Opinions and Recommended Opinions
11,0,0,0,0,12,10,/RUSOKQ+URWPalladioL-Roma,9.96,187.65,717.49,562.98,729.5,717.49,112.39,187.65,32.29,When vehicles obtain the recommended opinion from other vehicles of RSUj based
11,0,0,0,0,16,10,/RUSOKQ+URWPalladioL-Roma,9.96,166.39,706.98,609.73,716.94,706.98,124.95,166.39,-14.45,"on their experience with them, the vehicle will use its local opinion to create the ﬁnal"
11,0,0,0,0,3,17,/ISGEKO+URWPalladioL-Ital,7.57,297.59,700.05,351.19,707.62,700.05,134.26,297.59,244.08,f  f  f
11,0,0,0,0,13,10,/ISGEKO+URWPalladioL-Ital,9.96,166.39,688.59,383.16,702.11,688.59,139.78,166.39,212.11,"reputation opinion, ω f  = b , d , uij :ijiji j where"
11,0,0,0,0,5,19,/ISGEKO+URWPalladioL-Ital,5.98,321.46,667.55,410.5,680.65,667.55,161.24,321.46,184.77,f  r r u+bb=bui jijyjyjij
11,0,0,0,0,4,17,/ISGEKO+URWPalladioL-Ital,7.57,327.79,657.24,392.19,667.79,657.24,174.1,327.79,203.08,r  r u+uu u
11,0,0,0,0,9,19,/ISGEKO+URWPalladioL-Ital,5.98,321.46,643.17,411.68,663.48,643.17,178.41,321.46,183.59,i j i jyjyj f  r r u+dd=dui jijyjyjij
11,0,0,0,0,3,19,/ISGEKO+URWPalladioL-Ital,5.98,354.13,635.97,567.58,645.94,635.97,195.95,354.13,27.69,(6) r r
11,0,0,0,0,17,19,/ISGEKO+URWPalladioL-Ital,5.98,321.46,618.79,412.95,640.75,618.79,201.14,321.46,182.32,u + u u uiji jyjyj f  r  r u = u u + u uiji jyjyjij
11,0,0,0,0,4,17,/ISGEKO+URWPalladioL-Ital,7.57,329.02,608.48,393.42,619.03,608.48,222.86,329.02,201.86,r  r u+uu u
11,0,0,0,0,4,19,/ISGEKO+URWPalladioL-Ital,5.98,333.35,607.53,405.4,614.72,607.53,227.17,333.35,189.87,i j i jyjyj
11,0,0,0,0,19,17,/ISGEKO+URWPalladioL-Ital,7.57,187.65,575.43,567.17,589.37,575.43,252.52,187.65,28.11,"Therefore, the ﬁnal reputation opinion of V Ato RSU  T  f  . These  b f j isij =ij +ij"
11,0,0,0,0,24,10,/RUSOKQ+URWPalladioL-Roma,9.96,166.39,553.0,604.75,575.51,553.0,266.38,166.39,-9.47,reputations are utilized for leader selection in the ordering service. The RSU with the highest reputation is selected as a leader in Hyperledger Fabric.
11,1,0,0,0,5,10,/QTWQDT+URWPalladioL-Bold,9.96,166.39,530.58,320.81,540.54,530.58,301.35,166.39,274.46,4. Experiment Setup and Results
11,0,0,0,0,12,10,/RUSOKQ+URWPalladioL-Roma,9.96,187.65,515.04,611.06,525.0,515.04,316.89,187.65,-15.79,Hyperledger Fabric was selected for the implementation of blockchain-based IoV . The
11,0,0,0,0,231,10,/RUSOKQ+URWPalladioL-Roma,9.96,165.97,301.64,624.67,512.45,301.64,329.44,165.97,-29.4,"designed network consists of three categories including peer nodes, ordering services, and law enforcement departments. First, we selected the database for Fabric, and selected the Level database (DB) for the state database. After selecting the database and organizations, the dual-headed certiﬁcate was adopted as the authority that involves two CAs. One TLS CA is responsible for secure communications and generating TLS certiﬁcates. The other CA is an organizational CA, which is responsible for generating the admin certiﬁcates of an organization. After deployment of CAs, the channels are deployed and conﬁgured for the privacy of transactions, so that members on the other channels cannot access the transactions. The use of ﬁrewalls is also necessary for the deployment of IoV because nodes that belong to an organization can require access to other organizations; thus, there is a need for the conﬁguration of advanced networking. The docker is deployed for peer nodes and other entities on the laptop. Then, the volumes are mounted for external entities where the entities are placed. Due to limited space, we used one channel. Nonetheless, the resources must be monitored to ensure that there is sufﬁcient space for the blockchain and the database. In Hyperledger Fabric, CA is the ﬁrst entity that must be deployed because the certiﬁcates of the nodes must be created before creation of the nodes themselves to identify who is the admin of this node."
11,0,0,0,0,13,10,/RUSOKQ+URWPalladioL-Roma,9.96,187.65,289.09,586.16,299.05,289.09,542.84,187.65,9.12,The dual-headed CA is used based on different geographical locations. One CA is
11,0,0,0,0,153,10,/RUSOKQ+URWPalladioL-Roma,9.96,166.39,151.01,624.67,286.5,151.01,555.39,166.39,-29.4,"used for the MSP of the organization for enrollment of any node that is owned by that organization. This is also called the enrollment CA because it is responsible for enrolling nodes in the network. The other CA generates Transport Layer Security (TLS) certiﬁcates to secure communications. This CA is also known as a “TLS-CA”. These certiﬁcates avoid attacks such as man in the middle attacks. Certiﬁcates of “intermediate” CAs are issued by a “root CA” or another intermediate CA that responds to a root CA. Intermediate CAs are useful because if the root CA is compromised then the entire network, including admins and peers, can be damaged. Then, Lightweight Directory Access Protocol (LDAP) is conﬁgured to manage identities. For three organizations, it is recommended to use at least three dual-headed CAs. One CA is responsible for ordering services, one CA is responsible for peers, and one CA is responsible for auditing departments."
11,0,0,0,0,14,10,/RUSOKQ+URWPalladioL-Roma,9.96,187.65,138.45,630.99,148.41,138.45,693.48,187.65,-35.71,"After creating the CAs, we can create certiﬁcates for the identities using these certiﬁ-"
11,0,0,0,0,90,10,/RUSOKQ+URWPalladioL-Roma,9.96,166.39,63.13,629.65,135.86,63.13,706.03,166.39,-34.38,"cates. It is important to ﬁrst register the admin before enrolling it. Creating the MSP is also necessary. The CA’s admin will issue a username and password for the entity. After being issued to the identity, these credentials can be used for enrollment. Two certiﬁcates are generated by the CA. One public certiﬁcate is used by other members, and the private certiﬁcate is used to sign messages and identities. The CA generates the Membership Service Provider (MSP). This is a set of folders that contains the CA’s public certiﬁcate and"
11,0,0,0,0,3,15,/RUSOKQ+URWPalladioL-Roma,7.97,0.0,-7.97,35.87,0.0,-7.97,841.89,0.0,559.41,11 of 19
12,0,0,0,0,13,14,/ABCDEE+Palatino Linotype,7.98,35.43,772.93,559.32,782.58,772.93,59.31,35.43,35.96,"Appl. Sci. 2022,12, x FOR PEER REVIEW 13 of 19Appl. Sci.2022, 12, 476"
12,0,0,0,0,19,10,/RUSOKQ+URWPalladioL-Roma,9.96,166.39,735.08,644.6,745.04,735.08,96.85,166.39,-49.32,"root of trust for the CAs. MSPs assign roles to the identities, i.e., the node is either a peer"
12,0,0,0,0,12,9,/ABCDEE+Palatino Linotype,10.02,166.4,729.66,597.26,739.68,729.66,102.21,166.4,-1.98,added and deleted without causing any disturbance to the existing environment. Figure
12,0,0,0,0,18,10,/RUSOKQ+URWPalladioL-Roma,9.96,166.39,722.52,624.67,732.49,722.52,109.4,166.39,-29.4,"node, an orderer node, or a CA. The MSP is created after the creation of the node identity."
12,0,0,0,0,14,9,/ABCDEE+Palatino Linotype,10.02,166.4,716.82,602.27,726.84,716.82,115.05,166.4,-6.99,"4 shows the latency in the enhanced Fabric transactions. Latency refers to block time,"
12,0,0,0,0,14,10,/RUSOKQ+URWPalladioL-Roma,9.96,166.0,709.97,584.43,719.93,709.97,121.96,166.0,10.84,"After conﬁguring the CAs and MSPs, peers and ordering nodes must be deployed. There"
12,0,0,0,0,14,9,/ABCDEE+Palatino Linotype,10.02,166.4,704.04,567.2,714.06,704.04,127.83,166.4,28.08,which is the time required to generate the next block of the transaction. Latenc
12,0,0,0,0,15,10,/RUSOKQ+URWPalladioL-Roma,9.96,166.39,697.42,609.73,707.38,697.42,134.51,166.39,-14.45,are different ways to deploy the nodes but the conﬁguration ﬁle must be conﬁgured before
12,0,0,0,0,18,9,/ABCDEE+Palatino Linotype,10.02,166.4,691.18,617.3,701.2,691.18,140.69,166.4,-22.02,amount of time a user has to wait for its transaction to be validated and included on the
12,0,0,0,0,13,10,/RUSOKQ+URWPalladioL-Roma,9.96,166.39,684.86,614.71,694.83,684.86,147.06,166.39,-19.44,"deployment. The peer’s conﬁguration ﬁle is called “core.yaml”, and that of ordering nodes"
12,0,0,0,0,33,10,/RUSOKQ+URWPalladioL-Roma,9.96,166.09,647.2,614.4,682.27,647.2,159.62,166.09,-19.13,is “orderer.yaml”. The roles of peers and orderers must be understood before deployment. The main difference between them is that the channel’s “ordering service” comprises nodes that function together to form the OS.
12,0,0,0,0,5,10,/ISGEKO+URWPalladioL-Ital,9.96,166.39,624.79,360.66,634.75,624.79,207.14,166.39,234.61,4.1. Performance Evaluation and Results
12,0,0,0,0,13,10,/RUSOKQ+URWPalladioL-Roma,9.96,187.65,609.25,606.08,619.21,609.25,222.68,187.65,-10.81,"In the performance and evaluation phase, we tested the proposed model with existing"
12,0,0,0,0,33,10,/RUSOKQ+URWPalladioL-Roma,9.96,166.09,571.59,604.45,606.66,571.59,235.23,166.09,-9.17,models and evaluated the efﬁciency regarding different performance parameters. The performance parameters were used to evaluate the proposed architecture and were helpful in generating the results. We used MATLAB for performance and evaluation.
12,0,0,0,0,5,10,/ISGEKO+URWPalladioL-Ital,9.96,166.39,549.17,335.76,559.13,549.17,282.75,166.39,259.52,4.2. Security and Privacy Analysis
12,0,0,0,0,9,10,/RUSOKQ+URWPalladioL-Roma,9.96,187.65,533.63,581.18,543.59,533.63,298.3,187.65,14.1,High-availability systems span multiple global networks. Although ﬁrewalls and
12,0,0,0,0,57,10,/RUSOKQ+URWPalladioL-Roma,9.96,166.09,483.42,609.43,531.04,483.42,310.85,166.09,-14.15,"physical security measures are used, it is essential that those networks are secured and do not allow an attacker to attack a vehicle’s data. The compromised server cannot be used to compromise other parts of the system. Hence, some schema is needed to create trust between the vehicles in the network. The proposed system supports secure commu-"
12,0,0,0,0,15,12,/ABCDEE+Palatino Linotype,9.0,166.39,470.87,609.73,480.83,470.87,361.06,166.39,-14.45,nication among vehicles using TLS. Vehicles can assign their cryptographic operations to Figure 4. LatencyinenhancedFabrictransactions.
12,0,0,0,0,12,10,/RUSOKQ+URWPalladioL-Roma,9.96,166.39,458.31,584.82,468.27,458.31,373.62,166.39,10.45,a Hardware Security Module. This secures the secret keys and executes cryptographic
12,0,1,0,0,16,9,"/ABCDEE+Palatino Linotype,Italic",10.02,166.39,445.48,609.73,455.72,445.48,386.17,166.39,-14.45,"functions, enabling vehicles and RSUs to sign and endorse transactions without revealing 4.4. Anonymity and Unlinkability"
12,0,0,0,0,25,9,/ABCDEE+Palatino Linotype,10.02,166.39,416.86,617.3,443.17,416.86,398.72,166.39,-22.02,"the secret keys.The Fabric enables advanced cryptographic algorithms and includes privacy features such as anonymity, unlinkability, and small disclosure of attributes. The Fabric uses Ide-"
12,0,0,0,0,38,9,/ABCDEE+Palatino Linotype,10.02,166.4,391.22,607.28,414.08,391.22,427.81,166.4,-12.0,"mix, which is a cryptographic protocol that ensures strong features of privacy preservaAny system must grow with the growth of the users. This requires more computational tion and authentication. It allows users to prove their authentication without disclosing"
12,0,0,0,0,15,10,/RUSOKQ+URWPalladioL-Roma,9.96,166.09,382.7,584.52,392.66,382.7,449.23,166.09,10.75,power. The system must handle short spikes and short periods of high demand. If the
12,0,0,0,0,14,9,/ABCDEE+Palatino Linotype,10.02,166.4,378.38,647.36,388.4,378.38,453.49,166.4,-52.08,their real identities. It also enables users to send multiple transactions that are unlinkable.
12,0,0,0,0,16,10,/RUSOKQ+URWPalladioL-Roma,9.96,166.39,370.14,634.64,380.11,370.14,461.78,166.39,-39.36,"system is unable to respond in a sensible time, transaction ﬂow will be affected and delayed."
12,0,0,0,0,17,9,/ABCDEE+Palatino Linotype,10.02,166.4,365.6,652.37,375.62,365.6,466.27,166.4,-57.09,"In addition, it is also not possible to identify multiple transactions that are sent by a single"
12,0,0,0,0,12,10,/RUSOKQ+URWPalladioL-Roma,9.96,166.39,357.59,589.8,367.55,357.59,474.34,166.39,5.47,"Hyperledger Fabric is scalable, and comprises a channel system enabling new channels"
12,0,0,0,0,6,9,/ABCDEE+Palatino Linotype,10.02,166.4,352.76,311.69,362.78,352.76,479.11,166.4,283.59,user. The actors who are invo
12,0,0,0,0,14,10,/RUSOKQ+URWPalladioL-Roma,9.96,166.39,345.04,599.77,355.0,345.04,486.89,166.39,-4.49,to be created without disturbing the previous architecture. New nodes can be added and
12,0,0,0,0,13,9,/ABCDEE+Palatino Linotype,10.02,166.4,339.98,607.28,350.0,339.98,491.89,166.4,-12.0,Figure 5 shows the performance of the enhanced Fabric transactions with different block
12,0,0,0,0,13,10,/RUSOKQ+URWPalladioL-Roma,9.96,166.39,332.48,604.75,342.45,332.48,499.44,166.39,-9.47,deleted without causing any disturbance to the existing environment. Figure 4 shows the
12,0,0,0,0,357,10,/RUSOKQ+URWPalladioL-Roma,9.96,166.39,294.83,10128.99,329.89,294.83,512.0,166.39,-9533.72,"latency in the enhanced Fabric transactions. Latency refers to block time, which is the time required to generate the next block of the transaction. Latency is the amount of time a user has to wait for its transaction to be validated and included on the blockchain.Appl. Sci. 2022, 12, x FOR PEER REVIEW 13 of 19    added and deleted without causing any disturbance to the existing environment. Figure  4 shows the latency in the enhanced Fabric transactions. Latency refers to block time,  which is the time required to generate the next block of the transaction. Latenc y is the  amount of time a user has to wait for its transaction to be validated and included on the  blockchain.    Figure 4. Latency in enhanced Fabric transactions.  4.4. Anonymity and Unlinkability  The Fabric enables advanced cryptographic algorithms and includes privacy features  such as anonymity, unlinkability, and small disclosure of attributes. The Fabric uses Ide- mix, which is a cryptographic protocol that ensures strong features of privacy preserva- tion and authentication. It allows users to prove their authentication without disclosing  their real identities. It also enables users to send multiple transactions that are unlinkable.  In addition, it is also not possible to identify multiple transactions that are sent by a single  user. The actors who are invo lved in this protocol suite are the user, issuer, and verifier.  Figure 5 shows the performance of the enhanced Fabric transactions with different block  sizes.    Figure 5. Performance of enhanced Fabric transactions with different block sizes.  4.5. Authentication  The Fabric utilizes access control lists (ACLs) by defining the policies to control the  access to the network. These ACLs are very useful for Hyperledger Fabric because they  0 10 20 30 40 50 60 70 500 1000 1500 2000 Duration (msecs) Transaction Arrival Rate (tps) Endoresemment Latency Broadcast Latency Ledger Update Latency 0 20 40 60 80 100 120 140 160 0.1 25.1 50.1 75.1 Throughput (tps) Latency (sec) Transaction Arrival Rate (tps) Latency (Block Size 10) Latency (Block Size 30) Latency (Block Size 50) Latency(Block Size 100) Throughput (Block Size 10) Throughput (Block Size 30) Throughput (Block Size 50) Throughput (Block Size 100)"
12,0,0,0,0,6,7,/ABCDEE+Calibri,10.22,24.1,183.44,639.62,196.23,183.44,645.66,24.1,-44.34,75.1 120 Latency (Block Size 10)
12,0,0,0,0,4,7,/ABCDEE+Calibri,10.22,522.03,165.31,639.62,175.53,165.31,666.36,522.03,-44.34,Latency (Block Size 30)
12,0,0,0,0,9,7,/ABCDEE+Calibri,10.22,24.1,129.06,639.62,157.41,129.06,684.48,24.1,-44.34,Latency (Block Size 50)50 50.1 80 Latency(Block Size 100)
12,0,0,0,0,7,12,/ABCDEE+Palatino Linotype,9.0,11.6,110.41,654.95,121.16,110.41,720.73,11.6,-59.68,Throughput (Block Size 10)Figure 5. PerformanceofenhancedFabrictransactionswithdifferentblocksizes.Latency (sec)
12,0,0,0,0,3,7,/ABCDEE+Calibri,10.22,30.95,96.76,562.8,111.03,96.76,730.86,30.95,32.48,6030 Throughput (tps)
12,0,0,0,0,6,7,/ABCDEE+Calibri,10.22,12.38,92.81,654.95,103.15,92.81,738.74,12.38,-59.68,Duration (msecs) Throughput (Block Size 30)
12,0,0,0,0,8,13,"/ABCDEE+Palatino Linotype,Italic",8.97,166.39,86.04,350.21,97.76,86.04,744.13,166.39,245.07,Figure 4. Latency in enhanced Fabric transactions.4.5. Authentication
12,0,0,0,0,4,7,/ABCDEE+Calibri,10.22,24.1,72.48,654.95,84.91,72.48,756.99,24.1,-59.68,Throughput (Block Size 50)2025.140
12,0,0,0,0,14,9,/ABCDEE+Palatino Linotype,10.02,187.64,70.26,628.52,80.28,70.26,761.61,187.64,-33.24,The Fabric utilizes access control lists (ACLs) by defining the policies to control the
12,0,0,0,0,93,9,/ABCDEE+Palatino Linotype,10.02,166.4,56.55,1744.55,67.44,56.55,774.45,166.4,-1149.27,access to the network. These ACLs are very useful for Hyperledger Fabric because they 0 10 20 30 40 50 60 70 500 1000 1500 2000 Duration (msecs) Transaction Arrival Rate (tps) Endoresemment Latency Broadcast Latency Ledger Update Latency0 20 40 60 80 100 120 140 160 0.1 25.1 50.1 75.1 Throughput (tps) Latency (sec) Transaction Arrival Rate (tps) Latency (Block Size 10) Latency (Block Size 30) Latency (Block Size 50) Latency(Block Size 100) Throughput (Block Size 10) Throughput (Block Size 30) Throughput (Block Size 50) Throughput (Block Size 100)Throughput (Block Size 100)
12,0,0,0,0,7,7,/ABCDEE+Calibri,10.22,147.4,-6.59,309.56,4.95,-6.59,836.94,147.4,285.72,Transaction Arrival Rate (tps)Transaction Arrival Rate (tps)
12,0,0,0,0,25,11,/ABCDEE+Calibri,9.03,0.0,-10.02,325.65,0.0,-10.02,841.89,0.0,269.63,"12 of 19 y is the  lved in this protocol suite are the user, issuer, and verifier.  1000 1500 2000 Broadcast Latency Ledger Update Latency"
13,0,0,0,0,13,14,/ABCDEE+Palatino Linotype,7.98,35.43,772.93,559.32,782.58,772.93,59.31,35.43,35.96,"Appl. Sci. 2022,12, x FOR PEER REVIEW 13 of 19Appl. Sci.2022, 12, 476"
13,0,0,0,0,4,10,/ISGEKO+URWPalladioL-Ital,9.96,166.39,735.08,325.8,745.04,735.08,96.85,166.39,269.48,4.4. Anonymity and Unlinkability
13,0,0,0,0,12,9,/ABCDEE+Palatino Linotype,10.02,166.4,729.66,597.26,739.68,729.66,102.21,166.4,-1.98,added and deleted without causing any disturbance to the existing environment. Figure
13,0,0,0,0,465,10,/RUSOKQ+URWPalladioL-Roma,9.96,165.97,631.66,10128.99,729.5,631.66,112.39,165.97,-9533.72,"The Fabric enables advanced cryptographic algorithms and includes privacy features 4 shows the latency in the enhanced Fabric transactions. Latency refers to block time, such as anonymity, unlinkability, and small disclosure of attributes. The Fabric uses Idemix, which is the time required to generate the next block of the transaction. Latenc which is a cryptographic protocol that ensures strong features of privacy preservation amount of time a user has to wait for its transaction to be validated and included on the and authentication. It allows users to prove their authentication without disclosing their blockchain. real identities. It also enables users to send multiple transactions that are unlinkable. In addition, it is also not possible to identify multiple transactions that are sent by a single user. The actors who are involved in this protocol suite are the user, issuer, and veriﬁer. Figure 5 shows the performance of the enhanced Fabric transactions with different block sizes.Appl. Sci. 2022, 12, x FOR PEER REVIEW 13 of 19    added and deleted without causing any disturbance to the existing environment. Figure  4 shows the latency in the enhanced Fabric transactions. Latency refers to block time,  which is the time required to generate the next block of the transaction. Latenc y is the  amount of time a user has to wait for its transaction to be validated and included on the  blockchain.    Figure 4. Latency in enhanced Fabric transactions.  4.4. Anonymity and Unlinkability  The Fabric enables advanced cryptographic algorithms and includes privacy features  such as anonymity, unlinkability, and small disclosure of attributes. The Fabric uses Ide- mix, which is a cryptographic protocol that ensures strong features of privacy preserva- tion and authentication. It allows users to prove their authentication without disclosing  their real identities. It also enables users to send multiple transactions that are unlinkable.  In addition, it is also not possible to identify multiple transactions that are sent by a single  user. The actors who are invo lved in this protocol suite are the user, issuer, and verifier.  Figure 5 shows the performance of the enhanced Fabric transactions with different block  sizes.    Figure 5. Performance of enhanced Fabric transactions with different block sizes.  4.5. Authentication  The Fabric utilizes access control lists (ACLs) by defining the policies to control the  access to the network. These ACLs are very useful for Hyperledger Fabric because they  0 10 20 30 40 50 60 70 500 1000 1500 2000 Duration (msecs) Transaction Arrival Rate (tps) Endoresemment Latency Broadcast Latency Ledger Update Latency 0 20 40 60 80 100 120 140 160 0.1 25.1 50.1 75.1 Throughput (tps) Latency (sec) Transaction Arrival Rate (tps) Latency (Block Size 10) Latency (Block Size 30) Latency (Block Size 50) Latency(Block Size 100) Throughput (Block Size 10) Throughput (Block Size 30) Throughput (Block Size 50) Throughput (Block Size 100)"
13,0,0,0,0,7,12,/ABCDEE+Palatino Linotype,9.0,166.4,471.1,383.5,480.1,471.1,361.79,166.4,211.78,Figure 4. Latency in enhanced Fabric transactions.
13,0,1,0,0,4,9,"/ABCDEE+Palatino Linotype,Italic",10.02,166.4,445.48,319.19,455.5,445.48,386.39,166.4,276.09,4.4. Anonymity and Unlinkability
13,0,0,0,0,10,9,/ABCDEE+Palatino Linotype,10.02,187.64,429.7,578.04,439.72,429.7,402.17,187.64,17.24,The Fabric enables advanced cryptographic algorithms and includes privacy features
13,0,0,0,0,25,9,/ABCDEE+Palatino Linotype,10.02,166.4,404.06,617.3,426.88,404.06,415.01,166.4,-22.02,"such as anonymity, unlinkability, and small disclosure of attributes. The Fabric uses Idemix, which is a cryptographic protocol that ensures strong features of privacy preserva-"
13,0,0,0,0,22,13,/ABCDEE+Palatino Linotype,8.97,166.39,391.22,579.9,402.01,391.22,439.88,166.39,15.38,Figure 5. Performance of enhanced Fabric transactions with different block sizes.tion and authentication. It allows users to prove their authentication without disclosing
13,0,0,0,0,14,9,/ABCDEE+Palatino Linotype,10.02,166.4,378.38,647.36,388.4,378.38,453.49,166.4,-52.08,their real identities. It also enables users to send multiple transactions that are unlinkable.
13,0,0,0,0,17,9,/ABCDEE+Palatino Linotype,10.02,166.4,365.6,652.37,375.62,365.6,466.27,166.4,-57.09,"In addition, it is also not possible to identify multiple transactions that are sent by a single"
13,0,0,0,0,180,10,/RUSOKQ+URWPalladioL-Roma,9.96,166.09,230.69,634.64,366.19,230.69,475.7,166.09,-39.36,"The Fabric utilizes access control lists (ACLs) by deﬁning the policies to control the user. The actors who are invo access to the network. These ACLs are very useful for Hyperledger Fabric because they Figure 5 shows the performance of the enhanced Fabric transactions with different block allow only those identities that are linked with a request to be checked. Different types of sizes. policies are associated with the network for different purposes, such as endorsement policy checks to determine whether a transaction is properly endorsed. Similarly, modiﬁcation policies are deﬁned for the conﬁguration of channels that access control and are speciﬁed in the conﬁguration of the channel itself. In our proposed system, all the peers in a network are authentic and authorized through the MSP . Roles are deﬁned in the MSPs to access the channels: who are you and what is your role? The system cannot be secured without certainty regarding the user’s identity. The MSP gives permission to the vehicles and RSUs 160 regarding the operations that can be executed and the data that can be accessed."
13,0,0,0,0,12,11,/ABCDEE+Calibri,9.03,30.95,192.74,586.16,204.0,192.74,637.89,30.95,9.12,70 The proposed scheme of IoV provides a conditional-privacy scheme that discloses
13,0,0,0,0,6,7,/ABCDEE+Calibri,10.22,24.1,183.44,639.62,196.23,183.44,645.66,24.1,-44.34,75.1 120 Latency (Block Size 10)
13,0,0,0,0,16,10,/RUSOKQ+URWPalladioL-Roma,9.96,166.39,180.18,634.64,190.15,180.18,651.75,166.39,-39.36,the real identity of the vehicle if any malicious activities in the network are detected. The
13,0,0,0,0,15,11,/ABCDEE+Calibri,9.03,30.95,167.63,599.77,179.82,167.63,662.07,30.95,-4.49,60 most signiﬁcant feature of our proposed scheme is that the identity of the compromised
13,0,0,0,0,4,7,/ABCDEE+Calibri,10.22,522.03,165.31,639.62,175.53,165.31,666.36,522.03,-44.34,Latency (Block Size 30)
13,0,0,0,0,14,7,/ABCDEE+Calibri,10.22,166.39,155.08,594.79,167.73,155.08,674.16,166.39,0.49,100entity must be traced by the law enforcement department (LED) to punish the intruder.
13,0,0,0,0,4,7,/ABCDEE+Calibri,10.22,30.95,146.59,639.62,157.41,146.59,684.48,30.95,-44.34,Latency (Block Size 50)50
13,0,0,0,0,12,10,/RUSOKQ+URWPalladioL-Roma,9.96,166.39,142.52,619.69,152.49,142.52,689.4,166.39,-24.42,"Currently, including traceability and privacy preservation together in the blockchain is a"
13,0,0,0,0,15,7,/ABCDEE+Calibri,10.22,24.1,129.06,639.62,139.93,129.06,701.96,24.1,-44.34,"challenging task. Therefore, traceability must be considered in the proposed scheme to 50.180Latency(Block Size 100)"
13,0,0,0,0,13,10,/RUSOKQ+URWPalladioL-Roma,9.96,166.39,117.42,629.65,127.38,117.42,714.51,166.39,-34.38,avoid any malicious activities in the network. Hyperledger Fabric provides an audit feature.
13,0,0,0,0,7,12,/ABCDEE+Palatino Linotype,9.0,11.6,110.41,654.95,121.16,110.41,720.73,11.6,-59.68,Throughput (Block Size 10)Figure 5. PerformanceofenhancedFabrictransactionswithdifferentblocksizes.Latency (sec)
13,0,0,0,0,17,10,/RUSOKQ+URWPalladioL-Roma,9.96,166.39,100.81,614.71,114.83,100.81,727.06,166.39,-19.44,"If any malicious activity is noticed, the LED can detect the vehicle’s id and time stamp. 60"
13,0,0,0,0,3,11,/ABCDEE+Calibri,9.03,30.95,96.76,562.8,107.27,96.76,734.62,30.95,32.48,30 Throughput (tps)
13,0,0,0,0,17,7,/ABCDEE+Calibri,10.22,12.38,92.31,654.95,103.15,92.31,738.74,12.38,-59.68,Duration (msecs) Throughput (Block Size 30)The Fabric enables “ZKP” to manage privacy preservation with asset management using
13,0,0,0,0,14,10,/RUSOKQ+URWPalladioL-Roma,9.96,166.39,79.76,614.71,89.72,79.76,752.17,166.39,-19.44,"an auditing feature, which is also called ZKAT. This enables senders to send transactions"
13,0,0,0,0,4,7,/ABCDEE+Calibri,10.22,24.1,72.48,654.95,84.91,72.48,756.99,24.1,-59.68,Throughput (Block Size 50)2025.140
13,0,0,0,0,118,9,/ABCDEE+Palatino Linotype,10.02,165.97,56.55,1744.55,80.28,56.55,761.61,165.97,-1149.27,The Fabric utilizes access control lists (ACLs) by defining the policies to control the without disclosing any information to the public. This feature differentiates Hyperledger access to the network. These ACLs are very useful for Hyperledger Fabric because they 0 10 20 30 40 50 60 70 500 1000 1500 2000 Duration (msecs) Transaction Arrival Rate (tps) Endoresemment Latency Broadcast Latency Ledger Update Latency0 20 40 60 80 100 120 140 160 0.1 25.1 50.1 75.1 Throughput (tps) Latency (sec) Transaction Arrival Rate (tps) Latency (Block Size 10) Latency (Block Size 30) Latency (Block Size 50) Latency(Block Size 100) Throughput (Block Size 10) Throughput (Block Size 30) Throughput (Block Size 50) Throughput (Block Size 100)Throughput (Block Size 100)
13,0,0,0,0,7,7,/ABCDEE+Calibri,10.22,147.4,-6.59,309.56,4.95,-6.59,836.94,147.4,285.72,Transaction Arrival Rate (tps)Transaction Arrival Rate (tps)
13,0,0,0,0,25,11,/ABCDEE+Calibri,9.03,0.0,-10.02,325.65,0.0,-10.02,841.89,0.0,269.63,"13 of 19 y is the  lved in this protocol suite are the user, issuer, and verifier.  1000 1500 2000 Broadcast Latency Ledger Update Latency"
14,0,0,0,0,13,14,/ABCDEE+Palatino Linotype,7.98,35.43,772.93,559.32,782.58,772.93,59.31,35.43,35.96,"Appl. Sci. 2022,12, x FOR PEER REVIEW 15 of 19Appl. Sci.2022, 12, 476"
14,0,0,0,0,112,10,/RUSOKQ+URWPalladioL-Roma,9.96,165.97,634.65,634.64,745.04,634.65,96.85,165.97,-39.36,"Fabric from other schemes available for privacy preservation. A speciﬁc auditor, who has full access to transactions of the user, is assigned to each user in a network. Subsequently, auditors are also able to check all of the history and extract the information of users who are assigned to that auditor. Auditors are not able to audit the users who are not assigned to them. In IOV , auditing is the most required feature. Unlike other privacypreserving blockchain solutions, Fabric fulﬁlls the requirements of the permission network by providing long-term credentials to vehicles. Hence, Fabric supports nonrepudiation, strong accountability, and a strong and secure auditing mechanism for vehicles in the blockchain network."
14,0,0,0,0,12,10,/RUSOKQ+URWPalladioL-Roma,9.96,187.65,622.1,611.06,632.06,622.1,209.83,187.65,-15.79,"Figure 4 shows the different latencies of transactions, such as endorsement latency,"
14,0,0,0,0,21,10,/RUSOKQ+URWPalladioL-Roma,9.96,166.39,596.99,594.79,619.51,596.99,222.38,166.39,0.49,"broadcast latency, and ledger update Latency. We note that latency increases with the increase in the number of transactions per second."
14,0,0,0,0,14,10,/RUSOKQ+URWPalladioL-Roma,9.96,187.65,584.44,606.08,594.4,584.44,247.49,187.65,-10.81,"Figure 5 shows the number of transactions per second, which is known as transaction"
14,0,0,0,0,63,10,/RUSOKQ+URWPalladioL-Roma,9.96,166.09,521.68,644.6,581.85,521.68,260.04,166.09,-49.32,"throughput. The time it takes for a transaction to commit is known as transaction latency. The throughput increases linearly as the transaction arrival rate rises. The throughput becomes saturated at roughly 140 tps, and the latency rapidly increases. The latency will be the same for all block sizes. A smaller block size is faster when the transaction rate rises before the saturation point"
14,0,0,0,0,22,12,/ABCDEE+Palatino Linotype,9.0,166.4,509.12,571.21,521.68,509.12,320.21,166.4,24.06,Figure 6. Comparison of enhanced Fabric with Ethereum.Figure 6 shows the average delay of the BESA scheme and Ethereum with a var-
14,0,0,0,0,197,10,/RUSOKQ+URWPalladioL-Roma,9.96,166.39,484.02,5217.43,506.53,484.02,335.36,166.39,-4622.16,"ied number of transactions. It clearly shows that our proposed scheme has low latency Figure 7 depicts the correct probability that a data block will be verified for sev-compared to the Ethereum network.Appl. Sci. 2022, 12, x FOR PEER REVIEW 15 of 19      Figure 6. Comparison of enhanced Fabric with Ethereum.  Figure 7 depicts the correct probability that a data block will be verified for sev- eral successful detection reputation levels. We note that when the reputation thresh- old is 0.25, then the accurate probability of our BESA scheme is more than 75% higher  than that of the TSL scheme. This shows that the BESA scheme based on the multi - weight subjective logic (MWSL) model can ensure secure block verification even  when attackers use internal active miner cooperation. Figure 7 shows the probability  of corrected data blocks whereas the Figure 8 compares the resource utilization in PBFT  and SBFT.    Figure 7. Probability of corrected data blocks.  0.5 0.55 0.6 0.65 0.7 0.75 0.8 0.85 0.9 0.95 1 0.25 0.3 0.35 0.4 0.45 0.5 0.55 0.6 0.65 Correct probability of verified data block Reputation threshold of successful detection Traditional Subjective logic scheme Multi Weight subjective logic Scheme"
14,0,0,0,0,82,9,/ABCDEE+Palatino Linotype,10.02,166.4,397.34,592.27,484.3,397.34,357.59,166.4,3.01,"eral successful detection reputation levels. We note that when the reputation threshold is 0.25, then the accurate probability of our BESA scheme is more than 75% higher than that of the TSL scheme. This shows that the BESA scheme based on the multi weight subjective logic (MWSL) model can ensure secure block verification even when attackers use internal active miner cooperation. Figure 7 shows the probability of corrected data blocks whereas the Figure 8 compares the resource utilization in PBFT and SBFT."
14,1,0,0,0,8,13,/QTWQDT+URWPalladioL-Bold,8.97,166.39,210.91,368.14,219.88,210.91,622.01,166.39,227.14,Figure 6. Comparison of enhanced Fabric with Ethereum.
14,0,0,0,0,15,10,/RUSOKQ+URWPalladioL-Roma,9.96,187.65,187.54,621.03,197.5,187.54,644.39,187.65,-25.75,Figure 7 depicts the correct probability that a data block will be veriﬁed for several
14,0,0,0,0,14,7,/ABCDEE+Calibri,10.22,16.38,174.99,624.67,185.72,174.99,656.17,16.38,-29.4,"0.85 successful detection reputation levels. We note that when the reputation threshold is 0.25,"
14,0,0,0,0,60,12,/ABCDEE+Palatino Linotype,9.0,166.39,162.44,1474.48,173.6,162.44,668.29,166.39,-879.2,Figure 7. Probabilityof correcteddata blocks.0.5 0.55 0.6 0.65 0.7 0.75 0.8 0.85 0.9 0.95 1 0.25 0.3 0.35 0.4 0.45 0.5 0.55 0.6 0.65 Correct probability of verified data block Reputation threshold of successful detection Traditional Subjective logic scheme Multi Weight subjective logic Schemethen the accurate probability of our BESA scheme is more than 75% higher than that of the
14,0,0,0,0,15,7,/ABCDEE+Calibri,10.22,21.45,149.88,599.46,163.74,149.88,678.15,21.45,-4.18,0.8 TSL scheme. This shows that the BESA scheme based on the multi-weight subjective logic
14,0,0,0,0,13,10,/RUSOKQ+URWPalladioL-Roma,9.96,166.06,137.33,609.4,147.29,137.33,694.6,166.06,-14.12,(MWSL) model can ensure secure block veriﬁcation even when attackers use internal active
14,0,0,0,0,17,10,/RUSOKQ+URWPalladioL-Roma,9.96,166.39,123.0,607.94,134.74,123.0,707.15,166.39,-12.66,miner cooperation. Figure 7 shows the probability of corrected data blocks whereas the Traditional Subjective logic scheme
14,0,0,0,0,10,10,/RUSOKQ+URWPalladioL-Roma,9.96,21.45,109.57,465.27,122.19,109.57,719.7,21.45,130.0,Figure 8 compares the resource utilization in PBFT and SBFT.0.7
14,0,0,0,0,5,7,/ABCDEE+Calibri,10.22,429.0,104.87,613.05,115.09,104.87,726.8,429.0,-17.77,Multi Weight subjective logic Scheme
14,1,0,0,0,6,8,"/ABCDEE+Calibri,Bold",10.2,10.78,50.09,224.97,60.29,50.09,781.6,10.78,370.3,Correct probability of verified data block
14,0,0,0,0,17,7,/ABCDEE+Calibri,10.22,0.0,-10.22,355.23,3.64,-10.22,838.25,0.0,240.05,Reputation threshold of successful detection 14 of 19 - 0.3 0.35 0.4 0.45 0.5 0.55 0.6 0.65
15,0,0,0,0,184,14,/ABCDEE+Palatino Linotype,7.98,35.43,772.93,4573.19,782.58,772.93,59.31,35.43,-3977.91,"Appl. Sci. Appl. Sci. 20222022,,1212, x FOR PEER REVIEW, x FOR PEER REVIEW 1516 of of 1919Appl. Sci.2022, 12, 476Appl. Sci. 2022, 12, x FOR PEER REVIEW 15 of 19      Figure 6. Comparison of enhanced Fabric with Ethereum.  Figure 7 depicts the correct probability that a data block will be verified for sev- eral successful detection reputation levels. We note that when the reputation thresh- old is 0.25, then the accurate probability of our BESA scheme is more than 75% higher  than that of the TSL scheme. This shows that the BESA scheme based on the multi - weight subjective logic (MWSL) model can ensure secure block verification even  when attackers use internal active miner cooperation. Figure 7 shows the probability  of corrected data blocks whereas the Figure 8 compares the resource utilization in PBFT  and SBFT.    Figure 7. Probability of corrected data blocks.  0.5 0.55 0.6 0.65 0.7 0.75 0.8 0.85 0.9 0.95 1 0.25 0.3 0.35 0.4 0.45 0.5 0.55 0.6 0.65 Correct probability of verified data block Reputation threshold of successful detection Traditional Subjective logic scheme Multi Weight subjective logic Scheme"
15,0,0,0,0,328,12,/ABCDEE+Palatino Linotype,9.0,166.39,512.68,8610.55,538.18,512.68,303.71,166.39,-8015.27,"Figure 8. Detection rate of malicious miners. Figure 7. Probability of corrected data blocks.Appl. Sci. 2022, 12, x FOR PEER REVIEW 16 of 19      Figure 8. Detection rate of malicious miners.  We used the traditional subjective logic scheme and the proposed BESA solution  based on the multi -weight subjective logic scheme to track the detection rate of 10  malicious miner candidates for 1 h. The MWSL technique had a substantially greater  successful detection rate of malicious miners than the TSL scheme. We note that when  we set the value of the reputation threshold to 0.5, the proposed scheme has a detec- tion rate that is approximately 99 percent higher than that of the traditional subjective  logic scheme. Because the MWSL scheme has a greater detection rate, possible secu- rity threats can be discovered and prevented more effectively, resulting in a more se- cure blockchain-enabled IoV.  We calculated the computation cost of the proposed BESA scheme with state-of- the-art schemes to evaluate the scheme overrun of a real -time processor. Computa- tional cost is the execution time per time step during simulation. To estimate this time,  we executed the scheme in a simulation, and measured the execution time and deter- mined the average execution time per time step on a real -time target. It is clearly  shown in Figure 9 that the computation cost of message verification of the proposed  solution is lower than that of the existing schemes of CPPA [8], ATAAP [22], and  EAAP [9]. Figure 10 shows the comparison of BESA communication cost with that of  existing schemes.    0 0.1 0.2 0.3 0.4 0.5 0.6 0.7 0.8 0.9 1 0.2 0.25 0.3 0.35 0.4 0.45 0.5 0.55 0.6 Successful detection rate of malicious miners Reputation threshold of successful detection Traditional Subjective logic scheme Multi Weight subjective logic Scheme 0 200 400 600 800 1000 1200 0 5 10 15 20 25 Computation Costs of BMV Phase Time (Seconds) CPPA ETAA EAAP BESA Proposed SolutionFigure 6. ComparisonofenhancedFabricwithEthereum."
15,0,0,0,0,12,9,/ABCDEE+Palatino Linotype,10.02,187.64,503.62,583.43,513.64,503.62,328.25,187.64,11.85,We used the traditional subjective logic scheme and the proposed BESA solution
15,0,0,0,0,193,9,/ABCDEE+Palatino Linotype,10.02,166.4,397.34,617.3,500.8,397.34,341.09,166.4,-22.02,"based on the multi weight subjective logic scheme to track the detection rate of 10 Figure 7 depicts the correct probability that a data block will be verified for sevmalicious miner candidates for 1 h. The MWSL technique had a substantially greater eral successful detection reputation levels. We note that when the reputation threshsuccessfuldetection rate of malicious miners than the TSL scheme. We note that when old is 0.25, then the accurate probability of our BESA scheme is more than 75% higher we set the value of the reputation threshold to 0.5, the proposed scheme has a detec-than that of the TSL scheme. This shows that the BESA scheme based on the multi tion rate that is approximately 99 percent higher than that of the traditional subjective weight subjective logic (MWSL) model can ensure secure block verification even logic scheme. Because the MWSL scheme has a greater detection rate, possible secu-when attackers use internal active miner cooperation. Figure 7 shows the probability rity threats can be discovered and prevented more effectively, resulting in a more se-of corrected data blocks whereas the Figure 8 compares the resource utilization in PBFT cure blockchain-enabled IoV.and SBFT."
15,0,0,0,0,12,9,/ABCDEE+Palatino Linotype,10.02,187.64,388.22,560.79,398.24,388.22,443.65,187.64,34.49,We calculated the computation cost of the proposed BESA scheme with state-of-
15,0,0,0,0,96,9,/ABCDEE+Palatino Linotype,10.02,166.4,285.68,617.3,385.4,285.68,456.49,166.4,-22.02,"the-art schemes to evaluate the scheme overrun of a realtime processor. Computational cost is the execution time per time step during simulation. To estimate this time, we executed the scheme in a simulation, and measured the execution time and determined the average execution time per time step on a realtime target. It is clearly shown in Figure 9 that the computation cost of message verification of the proposed solution is lower than that of the existing schemes of CPPA [8], ATAAP  [22], and EAAP  [9]. Figure 10 shows the comparisonof BESA  communication costwith that of existingschemes."
15,0,0,0,0,7,13,/QTWQDT+URWPalladioL-Bold,8.97,20.88,265.37,327.79,281.71,265.37,560.18,20.88,267.49,Figure 8. Detection rate of malicious miners.1200
15,0,0,0,0,13,10,/RUSOKQ+URWPalladioL-Roma,9.96,187.65,249.37,611.06,259.33,249.37,582.56,187.65,-15.79,We used the traditional subjective logic scheme and the proposed BESA solution based
15,0,0,0,0,15,10,/RUSOKQ+URWPalladioL-Roma,9.96,20.88,230.39,604.75,246.78,230.39,595.11,20.88,-9.47,on the multi-weight subjective logic scheme to track the detection rate of 10 malicious 1000
15,0,0,0,0,13,10,/RUSOKQ+URWPalladioL-Roma,9.96,166.39,224.27,584.82,234.23,224.27,607.66,166.39,10.45,miner candidates for 1 h. The MWSL technique had a substantially greater successful
15,0,0,0,0,16,10,/RUSOKQ+URWPalladioL-Roma,9.96,166.39,211.71,589.8,221.68,211.71,620.21,166.39,5.47,detection rate of malicious miners than the TSL scheme. We note that when we set the
15,0,0,0,0,16,7,/ABCDEE+Calibri,10.22,17.55,195.41,604.47,209.12,195.41,632.77,17.55,-9.19,"value of the reputation threshold to 0.5, the proposed scheme has a detection rate that 0.90.8800"
15,0,0,0,0,13,10,/RUSOKQ+URWPalladioL-Roma,9.96,166.39,186.61,609.73,196.57,186.61,645.32,166.39,-14.45,is approximately 99 percent higher than that of the traditional subjective logic scheme.
15,0,0,0,0,14,7,/ABCDEE+Calibri,10.22,16.38,174.05,584.82,185.72,174.05,656.17,16.38,10.45,"0.850.7 Because the MWSL scheme has a greater detection rate, possible security threats can"
15,0,0,0,0,55,12,/ABCDEE+Palatino Linotype,9.0,26.98,160.44,1474.48,173.6,160.44,668.29,26.98,-879.2,"Figure 7. Probabilityof correcteddata blocks.0.5 0.55 0.6 0.65 0.7 0.75 0.8 0.85 0.9 0.95 1 0.25 0.3 0.35 0.4 0.45 0.5 0.55 0.6 0.65 Correct probability of verified data block Reputation threshold of successful detection Traditional Subjective logic scheme Multi Weight subjective logic Scheme600be discovered and prevented more effectively, resulting in a more secure blockchain-"
15,0,0,0,0,3,10,/RUSOKQ+URWPalladioL-Roma,9.96,166.39,148.95,236.13,158.91,148.95,682.98,166.39,359.14,enabled IoV .
15,0,0,0,0,12,10,/RUSOKQ+URWPalladioL-Roma,9.96,187.65,136.39,611.06,146.36,136.39,695.53,187.65,-15.79,We calculated the computation cost of the proposed BESA scheme with state-of-the-art
15,0,0,0,0,20,7,/ABCDEE+Calibri,10.22,166.39,122.94,609.11,133.8,122.94,708.09,166.39,-13.83,schemes to evaluate the scheme overrun of a real-time processor. Computational cost is Traditional Subjective logic schemeTraditional Subjective logic scheme
15,0,0,0,0,15,7,/ABCDEE+Calibri,10.22,17.55,109.53,599.77,121.25,109.53,720.64,17.55,-4.49,"the execution time per time step during simulation. To estimate this time, we executed 0.70.4"
15,0,0,0,0,9,7,/ABCDEE+Calibri,10.22,429.0,104.83,614.22,115.09,104.83,726.8,429.0,-18.94,Multi Weight subjective logic SchemeMulti Weight subjective logic Scheme
15,0,0,0,0,14,10,/RUSOKQ+URWPalladioL-Roma,9.96,166.39,98.74,599.77,108.7,98.74,733.19,166.39,-4.49,"the scheme in a simulation, and measured the execution time and determined the average"
15,0,0,0,0,23,10,/RUSOKQ+URWPalladioL-Roma,9.96,14.62,80.07,629.65,96.14,80.07,745.75,14.62,-34.38,execution time per time step on a real-time target. It is clearly shown in Figure 9 that the Computation Costs of BMV Phase
15,0,0,0,0,15,10,/RUSOKQ+URWPalladioL-Roma,9.96,166.39,73.63,614.71,83.59,73.63,758.3,166.39,-19.44,computation cost of message veriﬁcation of the proposed solution is lower than that of the
15,0,0,0,0,65,9,/ABCDEE+Palatino Linotype,10.02,17.55,65.6,1752.87,76.86,65.6,765.03,17.55,-1157.59,0 0.1 0.2 0.3 0.4 0.5 0.6 0.7 0.8 0.9 1 0.2 0.25 0.3 0.35 0.4 0.45 0.5 0.55 0.6 Successful detection rate of malicious miners Reputation threshold of successful detection Traditional Subjective logic scheme Multi Weight subjective logic Scheme0 200 400 600 800 1000 1200 0 5 10 15 20 25 Computation Costs of BMV Phase Time (Seconds) CPPA ETAA EAAP BESA Proposed Solution0.60.2
15,1,0,0,0,6,8,"/ABCDEE+Calibri,Bold",10.2,10.78,50.09,224.97,60.29,50.09,781.6,10.78,370.3,Correct probability of verified data block
15,0,0,0,0,9,7,/ABCDEE+Calibri,10.22,11.95,21.65,372.19,53.89,21.65,788.0,11.95,223.08,0.550.1 0Successful detection rate of malicious miners Time (Seconds)0.50
15,0,0,0,0,42,7,/ABCDEE+Calibri,10.22,0.0,-12.03,355.23,4.72,-12.03,837.17,0.0,240.05,CPPAReputation threshold of successful detectionReputation threshold of successful detection 15 of 19 - 0.3 0.35 0.4 0.45 0.5 0.55 0.6 0.65 - - - 0.25 0.3 0.35 0.4 0.45 0.5 0.55 0.6 5 10 15 20 25 ETAA EAAP BESA Proposed Solution
16,0,0,0,0,20,14,/ABCDEE+Palatino Linotype,7.98,35.43,772.93,559.32,782.58,772.93,59.31,35.43,35.96,"Appl. Sci. Appl. Sci. 20222022,,1212, x FOR PEER REVIEW, x FOR PEER REVIEW 1617 of of 1919Appl. Sci.2022, 12, 476"
16,0,0,0,0,15,10,/RUSOKQ+URWPalladioL-Roma,9.96,166.39,735.08,599.77,745.04,735.08,96.85,166.39,-4.49,"existing schemes of CPPA [8], ATAAP [22], and EAAP [9]. Figure 10 shows the comparison"
16,1,0,0,0,14,12,"/ABCDEE+Palatino Linotype,Bold",9.0,166.4,731.7,575.06,740.7,731.7,101.19,166.4,20.22,Figure 9. Comparison of BESA computation cost of message verification with that of existing
16,0,0,0,0,321,10,/RUSOKQ+URWPalladioL-Roma,9.96,166.39,720.12,9506.33,732.49,720.12,109.4,166.39,-8911.06,"of BESA communication cost with that of existing schemes.Appl. Sci. 2022, 12, x FOR PEER REVIEW 16 of 19      Figure 8. Detection rate of malicious miners.  We used the traditional subjective logic scheme and the proposed BESA solution  based on the multi -weight subjective logic scheme to track the detection rate of 10  malicious miner candidates for 1 h. The MWSL technique had a substantially greater  successful detection rate of malicious miners than the TSL scheme. We note that when  we set the value of the reputation threshold to 0.5, the proposed scheme has a detec- tion rate that is approximately 99 percent higher than that of the traditional subjective  logic scheme. Because the MWSL scheme has a greater detection rate, possible secu- rity threats can be discovered and prevented more effectively, resulting in a more se- cure blockchain-enabled IoV.  We calculated the computation cost of the proposed BESA scheme with state-of- the-art schemes to evaluate the scheme overrun of a real -time processor. Computa- tional cost is the execution time per time step during simulation. To estimate this time,  we executed the scheme in a simulation, and measured the execution time and deter- mined the average execution time per time step on a real -time target. It is clearly  shown in Figure 9 that the computation cost of message verification of the proposed  solution is lower than that of the existing schemes of CPPA [8], ATAAP [22], and  EAAP [9]. Figure 10 shows the comparison of BESA communication cost with that of  existing schemes.    0 0.1 0.2 0.3 0.4 0.5 0.6 0.7 0.8 0.9 1 0.2 0.25 0.3 0.35 0.4 0.45 0.5 0.55 0.6 Successful detection rate of malicious miners Reputation threshold of successful detection Traditional Subjective logic scheme Multi Weight subjective logic Scheme 0 200 400 600 800 1000 1200 0 5 10 15 20 25 Computation Costs of BMV Phase Time (Seconds) CPPA ETAA EAAP BESA Proposed Solutionschemes."
16,0,0,0,0,14,12,/ABCDEE+Palatino Linotype,9.0,166.4,525.58,514.44,538.18,525.58,303.71,166.4,80.84,Figure 8. Detection rate of malicious miners.Figure 10. ComparisonofBESA communication costwith that of existingschemes.
16,0,0,0,0,25,9,/ABCDEE+Palatino Linotype,10.02,187.64,500.02,588.44,513.64,500.02,328.25,187.64,6.84,We used the traditional subjective logic scheme and the proposed BESA solution A graphic representation of the comparison results in Figure 10 is provided. In
16,0,0,0,0,48,9,/ABCDEE+Palatino Linotype,10.02,166.4,474.4,585.19,500.8,474.4,341.09,166.4,10.09,"based on the multi weight subjective logic scheme to track the detection rate of 10 comparison to the three other approachesCPPA [8], ATAAP [22], and EAAP [9] malicious miner candidates for 1 h. The MWSL technique had a substantially greater the BESA solution has a lower communication cost."
16,0,0,0,0,338,13,/ABCDEE+Palatino Linotype,8.97,166.39,461.56,8435.1,475.45,461.56,366.44,166.39,-7839.82,"Figure 9. Comparison of BESA computation cost of message veriﬁcation with that of existing schemes.Appl. Sci. 2022, 12, x FOR PEER REVIEW 17 of 19    Figure 9. Comparison of BESA computation cost of message verification with that of existing  schemes.    Figure 10. Comparison of BESA communication cost with that of existing schemes.  A graphic representation of the comparison results in Figure 10 is provided. In  comparison to the three other approaches —CPPA [8], ATAAP [22], and EAAP [9]— the BESA solution has a lower communication cost.  Figure 11 depicts the reputation of a malicious miner candidate as seen through  the eyes of a well-behaved vehicle in three scenarios: the traditional Hyperledger Fab- ric scheme, the traditional subjective logic scheme, and ou r BESA scheme. In the  standard Hyperledger Fabric scheme, because there is no reputation element, vehicles  are unable to identify the malicious vehicles, and thus the vehicle’s evaluation of ma- licious candidates increases. The traditional subjective logic scheme and our BESA  scheme are both based on the reputation values of vehicles; thus, we note that opin- ions from other well -behaved vehicles decrease the reputation of malicious vehicles  in both schemes. Reputation values are below the reputation value of 0.50. It is also  clear that the MWSL is more efficient because it is based on different weights. As re- sult, our BESA scheme has a more precise reputation calculation than the TSL, which  leads to a more secure leader selection process.     Figure 11. Reputation of a malicious miner.     144 1192 848 144 0 200 400 600 800 1000 1200 1400 CPPA ETAA EAAP BESA Proposed Solution Communication Costs 0.30 0.40 0.50 0.60 0.70 0.80 0.90 1.00 0 1 2 3 4 5 6 7 8 9 10 11 12 13 14 15 Reputation Value Time (Seconds) Traditional Hyperledger Fabric Scheme BESA scheme Traditional Subjective logic scheme Reputation threshold of trusted miner (0.50)successfuldetection rate of malicious miners than the TSL scheme. We note that when Figure 11 depicts the reputation of a malicious miner candidate as seen through"
16,0,0,0,0,296,9,/ABCDEE+Palatino Linotype,10.02,166.4,285.68,617.3,462.34,285.68,379.55,166.4,-22.02,"we set the value of the reputation threshold to 0.5, the proposed scheme has a detec-the eyes of a well-behaved vehicle in three scenarios: the traditional Hyperledger Fabtion rate that is approximately 99 percent higher than that of the traditional subjective ric scheme, the traditional subjective logic scheme, and ou logic scheme. Because the MWSL scheme has a greater detection rate, possible secu-standard Hyperledger Fabric scheme, because there is no reputation element, vehicles rity threats can be discovered and prevented more effectively, resulting in a more se-are unable to identify the malicious vehicles, and thus the vehicle’s evaluation of macure blockchain-enabled IoV.licious candidates increases. The traditional subjective logic scheme and our BESA We calculated the computation cost of the proposed BESA scheme with state-of-scheme are both based on the reputation values of vehicles; thus, we note that opinthe-art schemes to evaluate the scheme overrun of a realtime processor. Computa-ions from other wellbehaved vehicles decrease the reputation of malicious vehicles tional cost is the execution time per time step during simulation. To estimate this time, in both schemes. Reputation values are below the reputation value of 0.50. It is also we executed the scheme in a simulation, and measured the execution time and deter-clear that the MWSL is more efficient because it is based on different weights. As remined the average execution time per time step on a realtime target. It is clearly sult, our BESA scheme has a more precise reputation calculation than the TSL, which shown in Figure 9 that the computation cost of message verification of the proposed leads to a more secure leader selection process. solution is lower than that of the existing schemes of CPPA [8], ATAAP  [22], and EAAP  [9]. Figure 10 shows the comparisonof BESA  communication costwith that of existingschemes."
16,0,0,0,0,12,13,/QTWQDT+URWPalladioL-Bold,8.97,20.88,230.39,475.73,246.29,230.39,595.6,20.88,119.54,Figure 10. Comparison of BESA communication cost with that of existing schemes.1000
16,0,0,0,0,37,7,/ABCDEE+Calibri,10.22,17.1,183.72,586.16,225.22,183.72,616.67,17.1,9.12,"0.80 A graphic representation of the comparison results in Figure 10 is provided. In comparison to the three other approaches—CPPA [ 8], ATAAP [22], and EAAP [ 9]—the 0.8800 BESA solution has a lower communication cost. 10000.70"
16,0,0,0,0,14,10,/RUSOKQ+URWPalladioL-Roma,9.96,17.55,175.44,586.16,186.25,175.44,655.64,17.55,9.12,Figure 11 depicts the reputation of a malicious miner candidate as seen through 0.7
16,0,0,0,0,14,10,/RUSOKQ+URWPalladioL-Roma,9.96,26.98,160.44,614.71,173.7,160.44,668.19,26.98,-19.44,the eyes of a well-behaved vehicle in three scenarios: the traditional Hyperledger Fabric 600
16,0,0,0,0,29,10,/RUSOKQ+URWPalladioL-Roma,9.96,11.9,136.34,614.71,161.15,136.34,680.74,11.9,-19.44,"scheme, the traditional subjective logic scheme, and our BESA scheme. In the standard 800 Hyperledger Fabric scheme, because there is no reputation element, vehicles are unable to Reputation Value"
16,0,0,0,0,18,7,/ABCDEE+Calibri,10.22,17.52,122.94,619.69,141.72,122.94,700.17,17.52,-24.42,"0.5400 0.50 identify the malicious vehicles, and thus the vehicle’s evaluation of malicious candidates Traditional Subjective logic scheme"
16,0,0,0,0,15,5,/ABCDEE+Calibri,12.03,17.55,109.53,594.79,124.08,109.53,717.81,17.55,0.49,600 increases. The traditional subjective logic scheme and our BESA scheme are both based 0.4
16,0,0,0,0,5,7,/ABCDEE+Calibri,10.22,430.17,104.83,614.22,115.05,104.83,726.84,430.17,-18.94,Multi Weight subjective logic Scheme
16,0,0,0,0,14,10,/RUSOKQ+URWPalladioL-Roma,9.96,166.39,100.97,614.71,110.94,100.97,730.95,166.39,-19.44,"on the reputation values of vehicles; thus, we note that opinions from other well-behaved"
16,0,0,0,0,15,8,"/ABCDEE+Calibri,Bold",10.2,11.5,87.58,614.43,99.43,87.58,742.46,11.5,-19.16,Communication Costs vehicles decrease the reputation of malicious vehicles in both schemes. Reputation values 0.3
16,0,0,0,0,11,12,/ABCDEE+Palatino Linotype,9.0,14.62,76.2,350.62,92.07,76.2,749.82,14.62,244.66,Computation Costs of BMV PhaseFigure 11. Reputation of a  malicious miner.400
16,0,0,0,0,17,10,/RUSOKQ+URWPalladioL-Roma,9.96,166.39,75.87,599.77,85.83,75.87,756.06,166.39,-4.49,are below the reputation value of 0.50. It is also clear that the MWSL is more efﬁcient
16,0,0,0,0,65,9,/ABCDEE+Palatino Linotype,10.02,17.52,65.6,1752.87,76.86,65.6,765.03,17.52,-1157.59,0 0.1 0.2 0.3 0.4 0.5 0.6 0.7 0.8 0.9 1 0.2 0.25 0.3 0.35 0.4 0.45 0.5 0.55 0.6 Successful detection rate of malicious miners Reputation threshold of successful detection Traditional Subjective logic scheme Multi Weight subjective logic Scheme0 200 400 600 800 1000 1200 0 5 10 15 20 25 Computation Costs of BMV Phase Time (Seconds) CPPA ETAA EAAP BESA Proposed Solution0.300.2
16,1,0,0,0,64,9,"/ABCDEE+Palatino Linotype,Bold",10.02,113.75,52.2,1382.42,62.4,52.2,779.49,113.75,-787.14,144 144 1192 848 144 0 200 400 600 800 1000 1200 1400 CPPA ETAA EAAP BESA Proposed Solution Communication Costs0.30 0.40 0.50 0.60 0.70 0.80 0.90 1.00 0 1 2 3 4 5 6 7 8 9 10 11 12 13 14 15 Reputation Value Time (Seconds) Traditional Hyperledger Fabric Scheme BESA scheme Traditional Subjective logic scheme Reputation threshold of trusted miner (0.50)
16,0,0,0,0,7,8,/ABCDEE+Calibri,10.2,11.95,39.89,546.9,53.85,39.89,788.04,11.95,48.38,0.1 1442000Successful detection rate of malicious miners
16,0,0,0,0,4,7,/ABCDEE+Calibri,10.22,35.38,4.53,309.36,21.34,4.53,820.55,35.38,285.91,Traditional Hyperledger Fabric Scheme0.20
16,0,0,0,0,67,7,/ABCDEE+Calibri,10.22,0.0,-12.03,353.85,4.72,-12.03,837.17,0.0,241.43,CPPACPPAReputation threshold of successful detectionTraditional Subjective logic scheme 16 of 19 - - - 0.25 0.3 0.35 0.4 0.45 0.5 0.55 0.6 5 10 15 20 25 ETAA EAAP BESA Proposed Solution — r BESA scheme. In the  - ETAA EAAP BESA Proposed Solution 1 2 3 4 5 6 7 8 9 10 11 12 13 14 15 BESA scheme Reputation threshold of trusted miner (0.50)
17,0,0,0,0,13,14,/ABCDEE+Palatino Linotype,7.98,35.43,772.93,559.32,782.58,772.93,59.31,35.43,35.96,"Appl. Sci. 2022,12, x FOR PEER REVIEW 17 of 19Appl. Sci.2022, 12, 476"
17,0,0,0,0,16,10,/RUSOKQ+URWPalladioL-Roma,9.96,166.39,735.08,604.75,745.04,735.08,96.85,166.39,-9.47,"because it is based on different weights. As result, our BESA scheme has a more precise"
17,1,0,0,0,14,12,"/ABCDEE+Palatino Linotype,Bold",9.0,166.4,731.7,575.06,740.7,731.7,101.19,166.4,20.22,Figure 9. Comparison of BESA computation cost of message verification with that of existing
17,0,0,0,0,312,10,/RUSOKQ+URWPalladioL-Roma,9.96,166.39,720.12,9312.06,732.49,720.12,109.4,166.39,-8716.78,"reputation calculation than the TSL, which leads to a more secure leader selection process.Appl. Sci. 2022, 12, x FOR PEER REVIEW 17 of 19    Figure 9. Comparison of BESA computation cost of message verification with that of existing  schemes.    Figure 10. Comparison of BESA communication cost with that of existing schemes.  A graphic representation of the comparison results in Figure 10 is provided. In  comparison to the three other approaches —CPPA [8], ATAAP [22], and EAAP [9]— the BESA solution has a lower communication cost.  Figure 11 depicts the reputation of a malicious miner candidate as seen through  the eyes of a well-behaved vehicle in three scenarios: the traditional Hyperledger Fab- ric scheme, the traditional subjective logic scheme, and ou r BESA scheme. In the  standard Hyperledger Fabric scheme, because there is no reputation element, vehicles  are unable to identify the malicious vehicles, and thus the vehicle’s evaluation of ma- licious candidates increases. The traditional subjective logic scheme and our BESA  scheme are both based on the reputation values of vehicles; thus, we note that opin- ions from other well -behaved vehicles decrease the reputation of malicious vehicles  in both schemes. Reputation values are below the reputation value of 0.50. It is also  clear that the MWSL is more efficient because it is based on different weights. As re- sult, our BESA scheme has a more precise reputation calculation than the TSL, which  leads to a more secure leader selection process.     Figure 11. Reputation of a malicious miner.     144 1192 848 144 0 200 400 600 800 1000 1200 1400 CPPA ETAA EAAP BESA Proposed Solution Communication Costs 0.30 0.40 0.50 0.60 0.70 0.80 0.90 1.00 0 1 2 3 4 5 6 7 8 9 10 11 12 13 14 15 Reputation Value Time (Seconds) Traditional Hyperledger Fabric Scheme BESA scheme Traditional Subjective logic scheme Reputation threshold of trusted miner (0.50)schemes."
17,0,0,0,0,11,12,/ABCDEE+Palatino Linotype,9.0,166.4,525.58,514.44,534.58,525.58,307.31,166.4,80.84,Figure 10. Comparison of BE SA  communication costwith that of existingschemes.
17,0,0,0,0,13,9,/ABCDEE+Palatino Linotype,10.02,187.64,500.02,588.44,510.04,500.02,331.85,187.64,6.84,A graphic representation of the comparison results in Figure 10 is provided. In
17,0,0,0,0,27,9,/ABCDEE+Palatino Linotype,10.02,166.39,474.4,551.55,497.2,474.4,344.69,166.39,43.73,"comparison to the three other approaches CPPA  [8], ATAAP  [22], and EAAP  [9]Figure 11. Reputation of a malicious miner. the BESA solution has a lower communication cost."
17,1,0,0,0,14,10,/QTWQDT+URWPalladioL-Bold,9.96,166.39,461.56,588.44,474.96,461.56,366.93,166.39,6.84,5. ConclusionsFigure 11 depicts the reputation of a malicious miner candidate as seen through
17,0,0,0,0,26,9,/ABCDEE+Palatino Linotype,10.02,166.4,448.78,616.04,459.42,448.78,382.47,166.4,-20.77,"In this paper, we introduced a hard security solution, i.e., the improved Hyperledger the eyes of a well-behaved vehicle in three scenarios: the traditional Hyperledger Fab-"
17,0,0,0,0,75,10,/RUSOKQ+URWPalladioL-Roma,9.96,166.09,410.3,629.65,446.87,410.3,395.02,166.09,-34.38,"Fabric, to implement a blockchain-enabled IoV for safe vehicle information sharing. This pa- ric scheme, the traditional subjective logic scheme, and ou per comprehensively highlighted the issues related to IoV . The literature review concluded standard Hyperledger Fabric scheme, because there is no reputation element, vehicles that most of the security services can be achieved by the implementation of blockchain. Hy- are unable to identify the malicious vehicles, and thus the vehicle’s evaluation of ma-"
17,0,0,0,0,24,9,/ABCDEE+Palatino Linotype,10.02,166.09,397.46,614.41,409.21,397.46,432.68,166.09,-19.14,perledger Fabric is one of the major implementations of blockchain for achieving security licious candidates increases. The traditional subjective logic scheme and our BESA
17,0,0,0,0,28,10,/RUSOKQ+URWPalladioL-Roma,9.96,166.39,384.68,604.75,396.65,384.68,445.24,166.39,-9.47,"services. This paper provides a brief introduction to IoV , Hyperledger Fabric, consen- scheme are both based on the reputation values of vehicles; thus, we note that opin-"
17,0,0,0,0,48,9,/ABCDEE+Palatino Linotype,10.02,166.39,359.0,594.79,384.1,359.0,457.79,166.39,0.49,"sus algorithms, privacy, and anonymization techniques, in conjunction with the addi- ions from other wellbehaved vehicles decrease the reputation of malicious vehicles tional terminology necessary to understand the problem statement and proposed scheme. in both schemes. Reputation values are below the reputation value of 0.50. It is also"
17,0,0,0,0,112,10,/RUSOKQ+URWPalladioL-Roma,9.96,166.09,286.27,614.71,358.99,286.27,482.9,166.09,-19.44,"Then a critical analysis is undertaken of existing consensus algorithms and conditional clear that the MWSL is more efficient because it is based on different weights. As reprivacy schemes in the context of the IoV environment. The paper also discusses the sult, our BESA scheme has a more precise reputation calculation than the TSL, which non-applicability of existing schemes to the IoV environment. Thus, there is a require- leads to a more secure leader selection process. ment for an efﬁcient decentralized scheme for IoV that can address security issues and fulﬁll the latest security requirements of vehicular communication. Hyperledger Fabric appears to be the most suitable emerging solution for a resource-constrained environment,"
17,0,0,0,0,16,8,/ABCDEE+Calibri,10.2,17.52,273.71,624.67,284.59,273.71,557.3,17.52,-29.4,1.00 and addresses some of the functionality issues of IoV . The security analysis indicates the
17,0,0,0,0,31,10,/RUSOKQ+URWPalladioL-Roma,9.96,17.1,244.69,604.75,271.12,244.69,570.77,17.1,-9.47,proposed scheme will address some of the limitations of existing schemes and fulﬁll the 1400 security criteria of CPPA schemes for IoV . The two main contributions of this research 0.90
17,0,0,0,0,16,10,/RUSOKQ+URWPalladioL-Roma,9.96,166.39,236.05,614.71,246.02,236.05,595.87,166.39,-19.44,relate to the manner in which it addresses the issue of the leader selection process. The
17,0,0,0,0,16,10,/RUSOKQ+URWPalladioL-Roma,9.96,17.1,219.56,634.64,233.46,219.56,608.43,17.1,-39.36,ﬁrst is to select leaders based on their reputation. A reputation-based scheme is utilized to 1200
17,0,0,0,0,28,10,/RUSOKQ+URWPalladioL-Roma,9.96,166.39,198.4,619.69,220.91,198.4,620.98,166.39,-24.42,"calculate the accurate reputation of RSUs. Second, this paper presents an anonymous and traceable CPPA approach that can be utilized in a vehicular network. We also evaluated the"
17,0,0,0,0,16,10,/ABCDEE+Calibri,9.96,17.1,183.72,614.41,195.81,183.72,646.08,17.1,-19.14,"performance of the proposed solution. In future work, we will choose a more effective and 10000.70"
17,0,0,0,0,14,10,/RUSOKQ+URWPalladioL-Roma,9.96,166.39,173.29,609.73,183.25,173.29,658.64,166.39,-14.45,"scalable consensus algorithm, and a more efﬁcient scheme to increase the accuracy of the"
17,0,0,0,0,14,10,/RUSOKQ+URWPalladioL-Roma,9.96,166.39,160.74,624.67,170.7,160.74,671.19,166.39,-29.4,leader’s reputation. We will also create a version of the suggested approach for real-world
17,0,0,0,0,14,5,/ABCDEE+Calibri,12.03,23.2,147.88,599.77,159.9,147.88,681.99,23.2,-4.49,"800 experimentation in a permissioned system, enabling us to analyze and modify the scheme"
17,1,0,0,0,7,7,"/ABCDEE+Calibri,Bold",10.22,11.9,135.63,295.91,146.57,135.63,695.32,11.9,299.37,Reputation Value to make it more realistic.
17,0,0,0,0,12,13,/ABCDEE+Calibri,8.97,23.2,112.05,502.28,124.08,112.05,717.81,23.2,92.99,"600 Author Contributions: Conceptualization, K.N.Q. and L.S.; methodology, A.A. and T.A.E.E.; soft-"
17,0,0,0,0,12,13,/RUSOKQ+URWPalladioL-Roma,8.97,17.52,96.22,636.75,110.21,96.22,731.68,17.52,-41.48,"ware, T.A.E.E.; validation, A.A.-D.; writing—original draft preparation L.S.; and K.N.Q.; visualization, 0.40"
17,1,0,0,0,17,8,"/ABCDEE+Calibri,Bold",10.2,11.5,89.23,632.65,99.43,89.23,742.46,11.5,-37.37,"Communication Costs I.T.J.; writing—review and editing, I.T.J. and B.A.; supervision, N.C. All authors have read and agreed"
17,0,0,0,0,13,12,/ABCDEE+Palatino Linotype,9.0,23.2,76.2,359.17,88.86,76.2,753.03,23.2,236.1,Figure 11. Reputation of a  malicious miner.400to the published version of the manuscript.
17,1,0,0,0,7,13,/QTWQDT+URWPalladioL-Bold,8.97,166.39,60.11,363.65,69.08,60.11,772.81,166.39,231.62,Funding: This research received no external funding.
17,0,0,0,0,65,9,/ABCDEE+Calibri,10.02,42.02,52.2,1382.42,63.72,52.2,778.17,42.02,-787.14,0 144 144 1192 848 144 0 200 400 600 800 1000 1200 1400 CPPA ETAA EAAP BESA Proposed Solution Communication Costs0.30 0.40 0.50 0.60 0.70 0.80 0.90 1.00 0 1 2 3 4 5 6 7 8 9 10 11 12 13 14 15 Reputation Value Time (Seconds) Traditional Hyperledger Fabric Scheme BESA scheme Traditional Subjective logic scheme Reputation threshold of trusted miner (0.50)
17,0,0,0,0,4,7,/ABCDEE+Calibri,10.22,35.38,4.53,309.36,21.34,4.53,820.55,35.38,285.91,Traditional Hyperledger Fabric Scheme0
17,0,0,0,0,42,7,/ABCDEE+Calibri,10.22,0.0,-10.22,299.14,3.98,-10.22,837.91,0.0,296.14,CPPATraditional Subjective logic scheme 17 of 19 — r BESA scheme. In the  - ETAA EAAP BESA Proposed Solution 1 2 3 4 5 6 7 8 9 10 11 12 13 14 15 BESA scheme Reputation threshold of trusted miner (0.50)
18,0,0,0,0,4,15,/ISGEKO+URWPalladioL-Ital,7.97,35.43,772.93,117.53,780.9,772.93,60.99,35.43,477.75,"Appl. Sci.2022, 12, 476"
18,1,0,0,0,23,13,/QTWQDT+URWPalladioL-Bold,8.97,166.04,700.68,511.25,745.04,700.68,96.85,166.04,84.03,Institutional Review Board Statement: Not applicable. Informed Consent Statement: Not applicable. Acknowledgments: The authors extend their appreciation to the Deanship of Scientiﬁc Research
18,0,0,0,0,19,13,/RUSOKQ+URWPalladioL-Roma,8.97,166.1,677.25,574.37,697.93,677.25,143.96,166.1,20.91,at King Khalid University for funding this work through Research Groups under grant number (R. G. P . 1/127/42).
18,1,0,0,0,10,13,/QTWQDT+URWPalladioL-Bold,8.97,166.39,659.56,363.65,668.52,659.56,173.37,166.39,231.62,Conﬂicts of Interest: The authors declare no conﬂict of interest.
18,0,0,0,0,19,13,/RUSOKQ+URWPalladioL-Roma,8.97,35.72,622.65,600.6,631.61,622.65,210.28,35.72,-5.32,"1. Qureshi, K.N.; Bashir, F.; Abdullah, A.H. Provision of Security in Vehicular Ad hoc Networks through An Intelligent Secure"
18,0,0,0,0,22,13,/RUSOKQ+URWPalladioL-Roma,8.97,57.23,599.63,617.63,620.11,599.63,221.78,57.23,-22.36,"Routing Scheme. In Proceedings of the 2017 International Conference on Frontiers of Information Technology (FIT), Islamabad, Pakistan, 18–20 December 2017; pp. 200–205."
18,0,0,0,0,19,13,/RUSOKQ+URWPalladioL-Roma,8.97,35.72,588.13,623.02,597.09,588.13,244.8,35.72,-27.74,"2. Qureshi, K.N.; Din, S.; Jeon, G.; Piccialli, F. Internet of Vehicles: Key Technologies, Network Model, Solutions and Challenges"
18,0,0,0,0,11,13,/RUSOKQ+URWPalladioL-Roma,8.97,56.85,576.62,354.27,585.59,576.62,256.3,56.85,241.01,"with Future Aspects. IEEE Trans. Intell. Transp. Syst. 2020, 22, 1777–1786."
18,0,0,0,0,20,13,/RUSOKQ+URWPalladioL-Roma,8.97,35.72,565.11,609.57,574.08,565.11,267.81,35.72,-14.29,"3. Zhang, C.; Lin, X.; Lu, R.; Ho, P .-H. RAISE: An efﬁcient RSU-aided message authentication scheme in vehicular communication"
18,0,0,0,0,18,13,/RUSOKQ+URWPalladioL-Roma,8.97,56.96,542.1,586.25,562.57,542.1,279.32,56.96,9.03,"networks. In Proceedings of the 2008 IEEE International Conference on Communications, Beijing, China, 19–23 May 2008; pp. 1451–1457."
18,0,0,0,0,21,13,/RUSOKQ+URWPalladioL-Roma,8.97,35.72,530.59,631.98,539.56,530.59,302.33,35.72,-36.71,"4. Zheng, Z.; Xie, S.; Dai, H.; Chen, X.; Wang, H. An overview of blockchain technology: Architecture, consensus, and future trends."
18,0,0,0,0,21,13,/RUSOKQ+URWPalladioL-Roma,8.97,57.23,507.58,599.7,528.05,507.58,313.84,57.23,-4.42,"In Proceedings of the 2017 IEEE International Congress on Big Data (BigData Congress), Honolulu, HI, USA, 11–14 December 2017; pp. 557–564."
18,0,0,0,0,17,13,/RUSOKQ+URWPalladioL-Roma,8.97,35.72,496.07,605.08,505.04,496.07,336.85,35.72,-9.81,"5. Javed, I.T.; Alharbi, F.; Margaria, T.; Crespi, N.; Qureshi, K.N. PETchain: A Blockchain-Based Privacy Enhancing Technology."
18,0,0,0,0,4,13,/ISGEKO+URWPalladioL-Ital,8.97,57.23,484.56,199.52,493.53,484.56,348.36,57.23,395.76,"IEEE Access2021, 9, 41129–41143."
18,0,0,0,0,21,13,/RUSOKQ+URWPalladioL-Roma,8.97,35.72,473.06,654.4,482.02,473.06,359.87,35.72,-59.12,"6. Bonneau, J.; Miller, A.; Clark, J.; Narayanan, A.; Kroll, J.A.; Felten, E.W. Sok: Research perspectives and challenges for bitcoin and"
18,0,0,0,0,21,13,/RUSOKQ+URWPalladioL-Roma,8.97,56.96,450.04,595.22,470.52,450.04,371.37,56.96,0.06,"cryptocurrencies. In Proceedings of the 2015 IEEE Symposium on Security and Privacy, San Jose, CA, USA, 17–21 May 2015; pp. 104–121."
18,0,0,0,0,18,13,/RUSOKQ+URWPalladioL-Roma,8.97,35.72,438.54,636.46,447.5,438.54,394.39,35.72,-41.19,"7. Javed, I.T.; Alharbi, F.; Bellaj, B.; Margaria, T.; Crespi, N.; Qureshi, K.N. Health-ID: A Blockchain-Based Decentralized Identity"
18,0,0,0,0,9,13,/RUSOKQ+URWPalladioL-Roma,8.97,57.23,427.03,305.52,436.0,427.03,405.89,57.23,289.76,"Management for Remote Healthcare. Healthcare 2021 , 9, 712."
18,0,0,0,0,17,13,/RUSOKQ+URWPalladioL-Roma,8.97,35.72,415.52,605.08,424.49,415.52,417.4,35.72,-9.81,"8. He, D.; Zeadally, S.; Xu, B.; Huang, X. An efﬁcient identity-based conditional privacy-preserving authentication scheme for"
18,0,0,0,0,12,13,/RUSOKQ+URWPalladioL-Roma,8.97,56.98,404.02,380.47,412.98,404.02,428.91,56.98,214.81,"vehicular ad hoc networks. IEEE Trans. Inf. Forensics Secur. 2015, 10, 2681–2691."
18,0,0,0,0,16,13,/RUSOKQ+URWPalladioL-Roma,8.97,35.72,392.51,614.05,401.48,392.51,440.41,35.72,-18.77,"9. Azees, M.; Vijayakumar, P .; Deboarh, L.J. EAAP: Efﬁcient anonymous authentication with conditional privacy-preserving scheme"
18,0,0,0,0,13,13,/RUSOKQ+URWPalladioL-Roma,8.97,57.23,381.0,393.16,389.97,381.0,451.92,57.23,202.11,"for vehicular ad hoc networks. IEEE Trans. Intell. Transp. Syst. 2017, 18, 2467–2476."
18,0,0,0,0,19,13,/RUSOKQ+URWPalladioL-Roma,8.97,35.72,369.5,618.53,378.46,369.5,463.43,35.72,-23.26,"10. Li, J.; Choo, K.-K.R.; Zhang, W.; Kumari, S.; Rodrigues, J.J.; Khan, M.K.; Hogrefe, D. EPA-CPPA: An efﬁcient, provably-secure"
18,0,0,0,0,16,13,/RUSOKQ+URWPalladioL-Roma,8.97,56.78,346.48,567.09,366.95,346.48,474.94,56.78,28.18,"and anonymous conditional privacy-preserving authentication scheme for vehicular ad hoc networks. Veh. Commun. 2018, 13, 104–113."
18,0,0,0,0,19,13,/RUSOKQ+URWPalladioL-Roma,8.97,35.72,334.97,587.15,343.94,334.97,497.95,35.72,8.13,"11. Dorri, A.; Steger, M.; Kanhere, S.S.; Jurdak, R. Blockchain: A distributed solution to automotive security and privacy. IEEE"
18,0,0,0,0,5,13,/ISGEKO+URWPalladioL-Ital,8.97,56.94,323.47,198.49,332.43,323.47,509.46,56.94,396.79,"Commun. Mag. 2017, 55, 119–125."
18,0,0,0,0,22,13,/RUSOKQ+URWPalladioL-Roma,8.97,35.72,311.96,614.05,320.93,311.96,520.96,35.72,-18.77,"12. Zhang, X.; Li, R.; Cui, B. A security architecture of VANET based on blockchain and mobile edge computing. In Proceedings of"
18,0,0,0,0,18,13,/RUSOKQ+URWPalladioL-Roma,8.97,57.23,288.95,599.7,309.42,288.95,532.47,57.23,-4.42,"the 2018 1st IEEE International Conference on Hot Information-Centric Networking (HotICN), Shenzhen, China, 17–19 August 2018; pp. 258–259."
18,0,0,0,0,21,13,/RUSOKQ+URWPalladioL-Roma,8.97,35.72,277.44,645.43,286.41,277.44,555.48,35.72,-50.16,"13. Arora, A.; Yadav, S.K. Block chain based security mechanism for internet of vehicles (IoV). In Proceedings of the 3rd International"
18,0,0,0,0,16,13,/RUSOKQ+URWPalladioL-Roma,8.97,57.23,265.93,559.35,274.9,265.93,566.99,57.23,35.93,"Conference on Internet of Things and Connected Technologies (ICIoTCT), Jaipur, India, 9–10 May 2018; pp. 26–27."
18,0,0,0,0,24,13,/RUSOKQ+URWPalladioL-Roma,8.97,35.72,254.43,645.43,263.39,254.43,578.5,35.72,-50.16,"14. Zhang, L.; Luo, M.; Li, J.; Au, M.H.; Choo, K.-K.R.; Chen, T.; Tian, S. Blockchain based secure data sharing system for Internet of"
18,0,0,0,0,9,13,/RUSOKQ+URWPalladioL-Roma,8.97,56.98,242.92,294.41,251.89,242.92,590.0,56.98,300.87,"vehicles: A position paper. Veh. Commun. 2019, 16, 85–93."
18,0,0,0,0,17,13,/RUSOKQ+URWPalladioL-Roma,8.97,35.72,231.41,591.63,240.38,231.41,601.51,35.72,3.64,"15. Yuan, Y.; Wang, F.-Y. Towards blockchain-based intelligent transportation systems. In Proceedings of the 2016 IEEE 19th"
18,0,0,0,0,16,13,/RUSOKQ+URWPalladioL-Roma,8.97,57.23,219.91,635.56,228.87,219.91,613.02,57.23,-40.29,"International Conference on Intelligent Transportation Systems (ITSC), Rio de Janeiro, Brazil, 1–4 November 2016; pp. 2663–2668."
18,0,0,0,0,20,13,/RUSOKQ+URWPalladioL-Roma,8.97,35.72,208.4,587.15,217.37,208.4,624.52,35.72,8.13,"16. Kchaou, A.; Abassi, R.; Guemara, S. Toward a distributed trust management scheme for vanet. In Proceedings of the 13th"
18,0,0,0,0,14,13,/RUSOKQ+URWPalladioL-Roma,8.97,57.23,196.89,568.32,205.86,196.89,636.03,57.23,26.96,"International Conference on Availability, Reliability and Security, Hamburg, Germany, 27–30 August 2018; pp. 1–6."
18,0,0,0,0,20,13,/RUSOKQ+URWPalladioL-Roma,8.97,35.72,185.39,627.5,194.35,185.39,647.54,35.72,-32.22,"17. Li, L.; Liu, J.; Cheng, L.; Qiu, S.; Wang, W.; Zhang, X.; Zhang, Z. Creditcoin: A privacy-preserving blockchain-based incentive"
18,0,0,0,0,15,13,/RUSOKQ+URWPalladioL-Roma,8.97,57.23,173.88,519.93,182.84,173.88,659.04,57.23,75.35,"announcement network for communications of smart vehicles. IEEE Trans. Intell. Transp. Syst. 2018, 19, 2204–2220."
18,0,0,0,0,24,13,/RUSOKQ+URWPalladioL-Roma,8.97,35.72,162.37,640.95,171.34,162.37,670.55,35.72,-45.67,"18. Kang, J.; Yu, R.; Huang, X.; Wu, M.; Maharjan, S.; Xie, S.; Zhang, Y. Blockchain for secure and efﬁcient data sharing in vehicular"
18,0,0,0,0,11,13,/RUSOKQ+URWPalladioL-Roma,8.97,57.23,150.86,357.27,159.83,150.86,682.06,57.23,238.0,"edge computing and networks. IEEE Internet Things J. 2018, 6, 4660–4670."
18,0,0,0,0,20,13,/RUSOKQ+URWPalladioL-Roma,8.97,35.72,139.36,623.02,148.32,139.36,693.57,35.72,-27.74,"19. Kang, J.; Xiong, Z.; Niyato, D.; Ye, D.; Kim, D.I.; Zhao, J. Toward secure blockchain-enabled Internet of Vehicles: Optimizing"
18,0,0,0,0,14,13,/RUSOKQ+URWPalladioL-Roma,8.97,57.23,127.85,491.39,136.82,127.85,705.07,57.23,103.89,"consensus management using reputation and contract theory. IEEE Trans. Veh. Technol. 2019, 68, 2906–2920."
18,0,0,0,0,38,13,/RUSOKQ+URWPalladioL-Roma,8.97,35.72,104.84,640.95,125.31,104.84,716.58,35.72,-45.67,"20. Schwartz, D.; Youngs, N.; Britto, A. The ripple protocol consensus algorithm. Ripple Labs Inc White Pap. 2014, 5, 151. 21. Kiayias, A.; Russell, A.; David, B.; Oliynykov, R. Ouroboros: A provably secure proof-of-stake blockchain protocol. In Proceedings"
18,0,0,0,0,15,13,/RUSOKQ+URWPalladioL-Roma,8.97,57.23,93.33,536.93,102.3,93.33,739.59,57.23,58.34,"of the Annual International Cryptology Conference, Santa Barbara, CA, USA, 20–24 August 2017; pp. 357–388."
18,0,0,0,0,20,13,/RUSOKQ+URWPalladioL-Roma,8.97,35.72,81.82,567.11,90.79,81.82,751.1,35.72,28.17,"22. Shao, J.; Lin, X.; Lu, R.; Zuo, C. A threshold anonymous authentication protocol for VANETs.IEEE Trans. Veh. Technol.2015, 65,"
18,0,0,0,0,3,15,/RUSOKQ+URWPalladioL-Roma,7.97,0.0,-7.97,35.87,0.0,-7.97,841.89,0.0,559.41,18 of 19
19,0,0,0,0,4,15,/ISGEKO+URWPalladioL-Ital,7.97,35.43,772.93,117.53,780.9,772.93,60.99,35.43,477.75,"Appl. Sci.2022, 12, 476"
19,0,0,0,0,17,13,/RUSOKQ+URWPalladioL-Roma,8.97,35.72,736.07,609.57,745.04,736.07,96.85,35.72,-14.29,"23. Forestiero, A. Metaheuristic algorithm for anomaly detection in Internet of Things leveraging on a neural-driven multiagent"
19,0,0,0,0,6,13,/RUSOKQ+URWPalladioL-Roma,8.97,57.23,724.56,243.94,733.53,724.56,108.36,57.23,351.34,"system. Knowl.-Based Syst. 2021, 228, 107241."
19,0,0,0,0,17,13,/RUSOKQ+URWPalladioL-Roma,8.97,35.72,713.06,614.05,722.02,713.06,119.87,35.72,-18.77,"24. Ghanem, T.F.; Elkilani, W.S.; Abdul-Kader, H.M. A hybrid approach for efﬁcient anomaly detection using metaheuristic methods."
19,0,0,0,0,5,13,/ISGEKO+URWPalladioL-Ital,8.97,57.23,701.55,178.86,710.52,701.55,131.37,57.23,416.42,"J. Adv. Res.2015, 6, 609–619."
19,0,0,0,0,18,13,/RUSOKQ+URWPalladioL-Roma,8.97,35.72,690.04,609.57,699.01,690.04,142.88,35.72,-14.29,"25. Alamri, B.; Javed, I.T.; Margaria, T. A GDPR-Compliant Framework for IoT-Based Personal Health Records Using Blockchain. In"
19,0,0,0,0,22,13,/RUSOKQ+URWPalladioL-Roma,8.97,56.78,667.03,617.63,687.5,667.03,154.39,56.78,-22.36,"Proceedings of the 2021 11th IFIP International Conference on New Technologies, Mobility and Security (NTMS), Paris, France, 19–21 April 2021; pp. 1–5."
19,0,0,0,0,22,13,/RUSOKQ+URWPalladioL-Roma,8.97,35.72,655.52,573.7,664.49,655.52,177.4,35.72,21.58,"26. Huang, X.; Yu, R.; Kang, J.; Xia, Z.; Zhang, Y. Software deﬁned networking for energy harvesting internet of things. IEEE Internet"
19,0,0,0,0,4,13,/ISGEKO+URWPalladioL-Ital,8.97,56.69,644.02,172.5,652.98,644.02,188.91,56.69,422.77,"Things J.2018, 5, 1389–1399."
19,0,0,0,0,3,15,/RUSOKQ+URWPalladioL-Roma,7.97,0.0,-7.97,35.87,0.0,-7.97,841.89,0.0,559.41,19 of 19
