page_number,is_bold,is_italic,is_underline,is_all_caps,word_count,norm_font_size,font,font_size,x0,y0,x1,y1,space_above,space_below,space_left,space_right,text
1,0,0,0,0,9,10,/SourceSansPro-Regular,8.0,65.0,1158.0,297.0,1166.0,1158.0,-374.0,65.0,315.0,The user has requested enhancement of the downloaded file.
1,0,0,0,0,14,5,/SourceSansPro-Regular,10.0,65.0,1133.0,430.75,1143.0,1133.0,-351.0,65.0,181.25,All content following this page was uploaded by Muktar Yahuza on 07 February 2022.
1,0,0,0,1,4,10,/SourceSansPro-Regular,8.0,111.0,518.0,556.0,526.0,518.0,266.0,111.0,56.0,SEE PROFILE SEE PROFILE
1,1,0,0,1,6,8,/SourceSansPro-Semibold,9.0,100.0,493.0,632.02,502.0,493.0,290.0,100.0,-20.02,"193 PUBLICATIONS 3,434CITATIONS 117 PUBLICATIONS 4,185CITATIONS"
1,0,0,0,0,11,5,/SourceSansPro-Regular,10.0,100.0,458.0,601.0,484.0,458.0,308.0,100.0,11.0,University of Malaya University of Malaya Rafidah Md. Noor Ainuddin Wahid
1,0,0,0,1,4,10,/SourceSansPro-Regular,8.0,111.0,423.0,556.0,431.0,423.0,361.0,111.0,56.0,SEE PROFILE SEE PROFILE
1,1,0,0,1,7,8,/SourceSansPro-Semibold,9.0,100.0,398.0,632.02,407.0,398.0,385.0,100.0,-20.02,"28 PUBLICATIONS 533 CITATIONS 208 PUBLICATIONS 6,339CITATIONS"
1,0,0,0,0,11,5,/SourceSansPro-Regular,10.0,100.0,363.0,611.0,389.0,363.0,403.0,100.0,1.0,UCSI University University of Malaya Tarak Nandy Mohd Yamani Idna Idris
1,1,0,0,0,3,5,/SourceSansPro-Semibold,10.0,60.0,336.0,160.56,346.0,336.0,446.0,60.0,451.44,"7 authors, including:"
1,0,0,0,1,2,10,/SourceSansPro-Regular,8.0,60.0,284.0,480.0,292.0,284.0,500.0,60.0,132.0,CITATIONS READS
1,0,0,0,1,2,11,/SourceSansPro-Regular,7.0,60.0,236.0,165.0,243.0,236.0,549.0,60.0,447.0,DOI: 10.1109/JSEN.2021.3097172
1,0,0,0,0,7,5,/SourceSansPro-Regular,10.0,60.0,218.0,251.25,228.0,218.0,564.0,60.0,360.75,Articlein IEEE Sensors Journal · July 2021
1,0,0,0,0,9,2,/Martel-Regular,20.0,60.0,138.0,770.0,186.0,138.0,606.0,60.0,-158.0,"VANETs A Secure, Privacy-Preserving, and Lightweight Authentication Scheme for"
1,0,0,0,0,11,8,/SourceSansPro-Regular,9.0,60.0,108.0,528.44,117.0,108.0,675.0,60.0,83.56,"See discussions, stats, and author profiles for this publication at: https://www.researchgate.net/publication/354106128"
2,0,0,0,0,33,10,/RBCMPJ+AdobeThai-Regular,8.0,12.02,774.74,916.02,782.74,774.74,9.26,12.02,-304.02,"This article has been accepted for publication in a future issue of this journal, but has not been fully edited. Content may change prior to final publication. Citation information: DOI 10.1109/JSEN.2021.3097172, IEEE Sensors"
2,0,0,0,1,11,12,/Helvetica,6.96,136.82,756.84,328.22,763.8,756.84,28.2,136.82,283.78,"IEEE SENSORS JOURNAL, VOL. XX, NO. XX, MONTH X, XXXX 1"
2,0,0,0,0,4,1,/Helvetica,24.0,59.16,695.4,576.67,719.4,695.4,72.6,59.16,35.33,"A Secure, Privacy-Preserving,and Lightweight"
2,0,0,0,0,4,1,/Helvetica,24.0,118.1,667.78,491.71,691.78,667.78,100.22,118.1,120.29,Authentication Scheme for VANETs
2,0,0,0,0,23,4,/Helvetica,11.04,105.02,641.02,636.58,664.78,641.02,127.22,105.02,-24.58,"Tarak Nandy, Student Member , IEEE, Mohd Yamani Idna Idris, Member , IEEE, Rafidah Md Noor ,Ainuddin Wahid Abdul Wahab , Sananda Bhattacharyya,Raenu"
2,0,0,0,0,7,4,/Helvetica,11.04,168.38,628.42,441.91,639.46,628.42,152.54,168.38,170.09,"Kolandaisamy ,Muktar Yahuza, Student Member, IEEE ."
2,1,0,0,0,211,8,"/Helvetica,Bold",9.0,58.2,446.59,593.96,600.58,446.59,191.42,58.2,18.04,"Abstract The vehicular network is a collection of vehicles and other components facilitated with versatile sensors to communicate, which is backboned by authentication.  P authentication protocols focus on either the lightweight feature or security. On the other hand, privacy during authentication is essential. Moreover, existing schemes are dependent on the trusted authority for che itimacy of a communicating node , which suffers from the infrastructure-less scenario. Alternatively, existing protocols are dependent on a secure communication channel during the registration phase.To address these concerns, an elliptic curve cryptography -based authentication protocol has been design . Moreover, a secure key establishment is shown in this paper.  Pseudo -id-based authentication is used to provide the privacy preservation on the schem key cryptography with a session key is used for message encryption during communication.  A security analysis on the proposed scheme using the BAN logic and AVISPA shows th on various attac Alternatively, the mathematical proof of the protocol represents the proof of correctness Moreover, extensive performance analysis with the existing authentication schemes show that the proposed algorithm is better in computation cost, communication  cost,and energy cost. Lastly,the NS3 simulation shows the packet data transfer among the nodes in the network . Index Terms authentication, elliptic curve cryptography (ECC), privacy, security, vehicular ad-hoc network(VANET ),"
2,0,0,0,0,10,6,/ABCDEE+Times,9.96,46.8,364.51,357.44,402.19,364.51,389.81,46.8,254.56,HE industries are now investing in the new implementation  T
2,0,0,0,0,9,6,/ABCDEE+Times,9.96,63.62,380.11,357.44,390.07,380.11,401.93,63.62,254.56,to make the automation. Automobile industries are also in
2,0,0,0,0,37,6,/ABCDEE+Times,9.96,46.8,331.85,360.54,378.05,331.85,413.95,46.8,251.46,"the same queue. The trends of automation grasp the concept of vehicular communication [1]. Therefore, the vehicular ad-hoc network (VANET) steals substantial attention from both the industry and academia [2]. A VANET contains a set of smart"
2,0,0,0,0,85,6,/ABCDEE+Times,9.96,313.25,216.53,636.95,311.11,216.53,480.89,313.25,-24.95,"authentication scheme where not only the safety of the vehicles will improve but also the protection of other components, which are indirectly related to the vehicular network, will increase. Nevertheless, authentication is the best way to validate the legitimate message provider (vehicle) on the road. The traditional authentication protocols are not suitable for a constrained network, with less computation power, less storage  Alternatively, existing authentication protocols capability, less power backup, such as VANET. On the other  focused on either lightweight features or security.  However, a"
2,0,0,0,0,20,6,/ABCDEE+Times,9.96,46.8,211.13,375.48,221.09,211.13,570.91,46.8,236.52,"vehicles that can take important decisions based on the send and  Alternatively, VANET is threatened by a range of attacks"
2,0,0,0,0,15,6,/ABCDEE+Times,9.96,313.25,204.41,607.07,214.49,204.41,577.51,313.25,4.93,"hand, connecting to the TA during authentication and  balance between the lightweight and secure authentication"
2,0,0,0,0,18,6,/ABCDEE+Times,9.96,46.8,198.98,350.58,209.09,198.98,582.91,46.8,261.42,"receive messages on-road. On the other hand, roadside unit  [3]. Moreover, securing the VANET is essential for upcoming"
2,0,0,0,0,9,6,/ABCDEE+Times,9.96,313.25,192.38,612.05,202.34,192.38,589.66,313.25,-0.05,mechanism is needed for the vehicular network with privacy-
2,0,0,0,0,18,6,/ABCDEE+Times,9.96,46.8,186.98,375.48,196.97,186.98,595.03,46.8,236.52,"(RSU), devices implemented on the street in a specific distance,  Intelligent Transport Systems. The major motivation of this"
2,0,0,0,0,5,6,/ABCDEE+Times,9.96,313.25,180.26,542.33,190.22,180.26,601.78,313.25,69.67,"preservation, motivating the current study."
2,0,0,0,0,18,6,/ABCDEE+Times,9.96,46.8,174.86,370.5,184.97,174.86,607.03,46.8,241.5,connects the on-road vehicles to the higher authorities such as  research is to study and enhance VANET security.
2,0,0,0,0,10,6,/ABCDEE+Times,9.96,313.25,168.26,626.99,178.22,168.26,613.78,313.25,-14.99,The core research contributions of the paper are as follows.
2,0,0,0,0,8,6,/ABCDEE+Times,9.96,46.8,162.89,335.64,172.85,162.89,619.15,46.8,276.36,trusted authority (TA) or traffic control centre (TMC).
2,0,0,0,0,7,6,/ABCDEE+Times,9.96,331.27,156.14,608.23,166.1,156.14,625.9,331.27,3.77,1. A lightweight yet highly secure privacy-preserving
2,0,0,0,0,8,6,/ABCDEE+Times,9.96,46.8,150.77,320.7,160.73,150.77,631.27,46.8,291.3,Vehicles send enormous messages to the other vehicles
2,0,0,0,0,8,6,/ABCDEE+Times,9.96,349.27,144.02,583.33,153.98,144.02,638.02,349.27,28.67,key establishment in a VANET scenario has been
2,0,0,0,0,17,6,/ABCDEE+Times,9.96,46.8,126.65,355.56,148.73,126.65,643.27,46.8,256.44,"regarding traffic, accident, signal, and many more. However, the legitimation of the vehicles should be identified before"
2,0,0,0,0,16,9,/Helvetica,8.04,323.35,117.74,596.71,125.78,117.74,666.22,323.35,15.29,"M. Y. I. Idris, R. M. Noor, and A. W. A. Wahab are with Center for"
2,0,0,0,0,18,9,/Helvetica,8.04,313.25,90.14,586.61,116.54,90.14,675.46,313.25,25.39,"Mobile Cloud Computing Research (C4MCCR), Faculty of Computer Science and Information Technology, Universiti Malaya, 50603 Kuala Lumpur, Malaysia."
2,0,0,0,0,10,6,/ABCDEE+Times,9.96,313.25,83.82,631.97,93.78,83.82,698.22,313.25,-19.97,communication is not suitable for a highly mobile network like
2,0,0,0,0,10,9,/Helvetica,8.04,323.35,80.9,600.73,88.94,80.9,703.06,323.35,11.27,"S. Bhattacharyya is with the Maldives Business School, Male’, 20175,"
2,0,0,0,0,11,6,/ABCDEE+Times,9.96,313.25,71.78,552.29,81.78,71.78,710.22,313.25,59.71,"VANET. Moreover, the scheme should work on the  Maldives (e-mail: sananda@businessschool.mv)."
2,0,0,0,0,18,9,/Helvetica,8.04,313.25,59.7,626.99,70.58,59.7,721.42,313.25,-14.99,"R. Kolandaisamy is with Institute of Computer Science and Digital  infrastructure-less environment. On the other hand, a message"
2,0,0,0,0,18,6,/ABCDEE+Times,9.96,46.8,53.3,586.61,64.1,53.3,727.9,46.8,25.39,"Additionally, the study can solve the problem of balancing the  Innovation, UCSI University, 56000 Kuala Lumpur, Malaysia (e-mail:"
2,0,0,0,0,12,6,/ABCDEE+Times,9.96,313.25,47.7,631.97,57.66,47.7,734.34,313.25,-19.97,from a vehicle may have identity value that may reveal some or
2,0,0,0,0,10,9,/Helvetica,8.04,46.8,42.14,429.83,52.22,42.14,739.78,46.8,182.17,raenu@ucsiuniversity.edu.my) security and lightweight feature in protocol design and improve
2,0,0,0,0,11,6,/ABCDEE+Times,9.96,313.25,35.58,646.91,45.54,35.58,746.46,313.25,-34.91,all private information about a vehicle or the vehicle's driver .
2,0,0,0,0,6,6,/ABCDEE+Times,9.96,46.8,30.02,310.74,39.98,30.02,752.02,46.8,301.26,the security by incorporating the privacy-preserving
2,0,0,0,0,21,6,/ABCDEE+Times,9.96,106.94,23.46,626.99,33.42,23.46,758.58,106.94,-14.99,"Therefore, privacy preservation during the protocol design is  XXXX-XXXX © XXXX IEEE. Personal use is permitted, but republication/redistribution requires IEEE permission."
2,0,0,0,0,7,9,/Helvetica,8.04,130.94,11.46,528.92,23.4,11.46,768.6,130.94,83.08,"See http://www.ieee.org/publications_standards/publications/rights/index.html for more information.essential [4, 5]."
2,0,0,0,0,37,9,/Helvetica,8.04,25.26,5.94,869.26,17.18,5.94,774.82,25.26,-257.26,"This study is supported by  IIRG008A-19IISS, and FP055 -2019A  processing. VANET is an emerging topic in the current research  1530-437X (c) 2021 IEEE. Personal use is permitted, but republication/redistribution requires IEEE permission. See http://www.ieee.org/publications_standards/publications/rights/index.html for more information."
2,0,0,0,0,21,11,/Helvetica,7.0,46.8,-0.1,579.49,8.74,-0.1,783.26,46.8,32.51,"Authorized licensed use limited to: University of Malaya. Downloaded on August 06,2021 at 06:40:43 UTC from IEEE Xplore.  Restrictions apply. grant`."
2,1,0,0,0,21,8,"/Helvetica,Bold",9.0,0.0,-9.0,166.5,3.9,-9.0,788.1,0.0,445.5,"area.   resent  cking the leg ed - e. On the other hand, symmetric - e protocol's resilience capabilities ks. . s"
2,0,0,0,0,22,9,/Helvetica,8.04,56.88,-18.45,334.26,-1.18,-18.45,793.18,56.88,277.74,"Corresponding authors: T. Nandy, M.Y.I. Idris. T. Nandy, M. Y. I. Idris, R. M. Noor, A. W. A. Wahab, and M. Yahuza"
2,0,0,0,0,28,9,/Helvetica,8.04,46.8,-64.41,320.16,-19.65,-64.41,811.65,46.8,291.84,"are with the Department of Computer System and Technology, Faculty of Computer Science and Information Technology, Universiti Malaya, 50603 Kuala Lumpur, Malaysia (e-mail: tarak@um.edu.my; yamani@um.edu.my; fidah@um.edu.my; ainuddin@um.edu.my; mukyahuz@gmail.com)."
3,0,0,0,0,33,10,/RBCMPJ+AdobeThai-Regular,8.0,12.02,774.74,916.02,782.74,774.74,9.26,12.02,-304.02,"This article has been accepted for publication in a future issue of this journal, but has not been fully edited. Content may change prior to final publication. Citation information: DOI 10.1109/JSEN.2021.3097172, IEEE Sensors"
3,0,0,0,1,11,12,/Helvetica,6.96,46.8,756.84,241.68,763.8,756.84,28.2,46.8,370.32,"8  IEEE SENSORS JOURNAL, VOL. XX, NO. XX, MONTH X, XXXX"
3,0,0,0,0,7,6,/ABCDEE+Times,9.96,64.82,710.52,341.78,720.48,710.52,71.52,64.82,270.22,2. The proposed authentication protocol overcomes the
3,0,0,0,0,14,6,/ABCDEE+Times,9.96,82.82,674.38,351.74,708.46,674.38,83.54,82.82,260.26,existing problems with trusted authority dependency and secure communication channel reliance during the registration.
3,0,0,0,0,9,6,/ABCDEE+Times,9.96,64.82,662.26,366.68,672.22,662.26,119.78,64.82,245.32,"3. The balance with the lightweight feature, security, and"
3,0,0,0,0,11,6,/ABCDEE+Times,9.96,82.82,638.14,361.7,660.1,638.14,131.9,82.82,250.3,privacy has been established with the help of elliptic curve cryptography.
3,0,0,0,0,8,6,/ABCDEE+Times,9.96,64.82,626.02,321.86,635.98,626.02,156.02,64.82,290.14,4. Security resilience has been shown through the
3,0,0,0,0,20,6,/ABCDEE+Times,9.96,82.82,577.78,326.84,623.86,577.78,168.14,82.82,285.16,elaborative discussion with Burrows – Abadi Needham (BAN) logic and Automated Validation of Internet Security Protocols and Applications (AVISPA) tools.
3,0,0,0,0,9,6,/ABCDEE+Times,9.96,64.82,565.66,361.7,575.62,565.66,216.38,64.82,250.3,5. Mathematical proof for the correctness of the proposed
3,0,0,0,0,3,6,/ABCDEE+Times,9.96,82.82,553.54,202.34,563.5,553.54,228.5,82.82,409.66,protocol is presented.
3,0,0,0,0,7,6,/ABCDEE+Times,9.96,64.82,541.54,336.8,551.5,541.54,240.5,64.82,275.2,6. Extensive performance analysis has been conducted
3,0,0,0,0,39,6,/ABCDEE+Times,9.96,82.82,360.43,346.76,539.35,360.43,252.65,82.82,265.24,"with the prior authentication schemes [6-10], which shows that the proposed scheme has outperformed others in many cases, such as communication cost, computation cost, and power consumption. Additionally, packet transfer during the communication is shown through the NS3 simulation."
3,0,0,0,0,14,6,/Helvetica,9.96,56.88,348.31,370.62,359.09,348.31,432.91,56.88,241.38,Related Work The formation of the rest of the paper is as follows. Section
3,0,0,0,0,111,6,/ABCDEE+Times,9.96,46.8,153.16,375.48,346.87,153.16,445.13,46.8,236.52,"II demonstrates the recent related research on vehicle  VANET faces a substantial amount of attacks from inside and authentication. Section III shows the background and some  outside of the network [11]. To address these issues, a slew of introductory ideas behind the actual concept. Section IV depicts  VANET authentication research has been conducted in the last the proposed authentication scheme elaborately. Section V shows the threats and protection mechanism and mathematical decades. Different kinds of authentication mechanism s are introduced in the VANET, including identity-based proof of the proposed protocol, followed by the scheme's extensive performance analysis on Section VI. Finally, the conclusion and future scopes are discussed in Section VIII."
3,0,0,0,1,1,6,/Helvetica,9.96,134.78,137.32,149.72,147.28,137.32,644.72,134.78,462.28,II.
3,0,0,0,0,32,6,/ABCDEE+Times,9.96,46.8,35.53,380.46,79.93,35.53,712.07,46.8,231.54,"authentication [7], public-key cryptography, MAC-based, session key-based, and hybrid [12] . On the other hand, emerging technologies such as blockchain, bilinear pairing [13], smartcard [14], and biometric are introduced in that list."
3,0,0,0,0,18,10,/RBCMPJ+AdobeThai-Regular,8.0,25.26,7.0,869.26,15.0,7.0,777.0,25.26,-257.26,"1530-437X (c) 2021 IEEE. Personal use is permitted, but republication/redistribution requires IEEE permission. See http://www.ieee.org/publications_standards/publications/rights/index.html for more information."
3,0,0,0,0,20,11,/Helvetica,7.0,82.49,1.74,579.49,8.74,1.74,783.26,82.49,32.51,"Authorized licensed use limited to: University of Malaya. Downloaded on August 06,2021 at 06:40:43 UTC from IEEE Xplore.  Restrictions apply."
3,0,0,0,0,12,6,/ABCDEE+Times,9.96,46.8,-193.95,330.66,-69.25,-193.95,861.25,46.8,281.34,"Azees, Vijayakumar and Deboarh [15] proposed a bilinear pairing-based conditional privacy-preserving anonymous"
3,0,0,0,0,8,6,/ABCDEE+Times,9.96,313.25,-206.33,612.05,-196.37,-206.33,988.37,313.25,-0.05,scheme's primary assumption is that a secure communication
3,0,0,0,0,30,6,/ABCDEE+Times,9.96,46.8,-321.07,622.01,-298.73,-321.07,1090.73,46.8,-10.01,"authentication scheme in VANET . In the same year, Liu, Wang and Chang [16] proposed a dual authentication scheme, where  channel lies between the RSU and TA, which is non-realistic."
3,0,0,0,0,20,6,/ABCDEE+Times,9.96,313.25,-355.53,617.03,-322.65,-355.53,1114.65,313.25,-5.03,"Alternatively, Tangade, Manvi and Lorenz [20] proposed a hybrid authentication using asymmetric identity-based cryptography and symmetric hash message authentication code"
3,0,0,0,0,32,6,/ABCDEE+Times,9.96,46.8,-457.9,360.54,-424.9,-457.9,1216.9,46.8,251.46,"vehicles need RSU  in the first stage and TA in the second stage for legitimation; however, TA may not be reachable for an infrastructure-less scenario such as rural area. On the other"
3,0,0,0,0,13,6,/ABCDEE+Times,9.96,313.25,-481.79,626.99,-460.31,-481.79,1252.31,313.25,-14.99,"(HMAC). However, signature verification during the authentication introduces overhead and extra time complexity."
3,0,0,0,0,9,6,/ABCDEE+Times,9.96,46.8,-572.63,330.66,-562.67,-572.63,1354.67,46.8,281.34,"hand, Zhang, Wu, Domingo-Ferrer, Qin and Hu [17] showed"
3,0,0,0,0,13,6,/ABCDEE+Times,9.96,313.25,-596.53,626.99,-586.57,-596.53,1378.57,313.25,-14.99,"In the same year, Zhong, Huang, Cui, Xu and Liu [21] used the"
3,0,0,0,0,51,6,/ABCDEE+Times,9.96,46.8,-722.67,626.99,-677.41,-722.67,1469.41,46.8,-14.99,"the issue with the ideal TPD and proposed a compressed signature technique in the bilinear pairing-based vehicle authentication. However, the TA dependency is a problem like  registration list to reduce the computation overhead in their others in this work. Asaar, Salmasizadeh, Susilo and Majidi  proposed authentication scheme. However, their protocol needs"
3,0,0,0,0,20,6,/ABCDEE+Times,9.96,313.25,-745.71,631.97,-724.23,-745.71,1516.23,313.25,-19.97,"the RSU  to check other vehicles' legitimacy, which is not possible in all the scenarios. In the following year, Alangudi"
3,0,0,0,0,58,6,/ABCDEE+Times,9.96,46.8,-882.51,592.13,-826.59,-882.51,1618.59,46.8,19.87,"[18] proposed an identity-based message authentication scheme using proxy vehicles. In the next year, Pournaghi, Zahednejad, Bayat and Farjami [19] proposed to put the TPD inside the RSU  Balaji, Sukumar and Parvathy [22] employed the ECC and instead of putting them in the OBU. Moreover, they proposed an authentication based on the RSU and TPD . However, their"
3,0,0,0,0,282,6,/ABCDEE+Times,9.96,313.25,-2708.08,646.91,-965.23,-2708.08,1757.23,313.25,-34.91,"bilinear mapping-based Diffie –Hellman key exchange mechanism in their proposed protocol. Nevertheless, the computation error and average link duration are not considered in the stated scheme. Recently, Cui, Xu, Han, Zhang and Zhong [23] proposed reliable privacy-preserving mutual authentication. In this protocol, a vehicle needs to perform mutual authentication with TA before broadcasting any message in the network. Moreover, an update of the TPD is performed before a side-channel attack by any adversary. On the other hand, Cui, Zhang, Zhong, Zhang and Liu [24] proposed a multicloud environment-based conditional privacy-preserving authentication for VANET where a vehicle needs to register with the TA once; however, it needs continuous communication with the cloud. Recently, Vangala, Bera, Saha, Das, Kumar and Park [25] introduced a blockchain-based VANET authentication to protect secure transmission. Moreover, the protocol is capable of detecting accidents and notify the danger in vehicular communication. However, two different authentication scenarios, such as vehicle to cluster head and cluster head to RSU, are needed to fulfill the protocol, which is time-consuming and overhead for a high mobility network such as VANET . A set of problems have been identified from the existing authentication protocols for VANET ; it includes an excessive dependency on TA  during authentication and communication, imbalance optimization on lightweight and security for designing the protocol, and less concentration on the privacy of a vehicle. An ECC-based mutual key agreement and authentication protocol is designed and shown in this paper to overcome these issues. To ensure the privacy-preservation during insecure communication, a pseudo-identity is introduced. Moreover, the protocol proves the resilience of various attacks and practicality via reliable simulation. Additionally, the performance analysis reserves the lightweight comprehension of the proposed authentication protocol."
3,0,0,0,0,30,6,/ABCDEE+Times,9.96,313.25,-2865.3,642.07,-2729.08,-2865.3,3521.08,313.25,-30.07,"This section of the article describes basic building blocks of the VANET along with threat and system model. Moreover, the assumptions on the proposed protocol are depicted in this part."
3,0,0,0,0,27,6,/ABCDEE+Times,9.96,313.25,-2920.25,631.97,-2887.26,-2920.25,3679.26,313.25,-19.97,The VANET is a set of different components and organizational bodies. (See Fig.  1 )  The explanation of each and every module of VANET are as follows.
4,0,0,0,0,33,10,/RBCMPJ+AdobeThai-Regular,8.0,12.02,774.74,916.02,782.74,774.74,9.26,12.02,-304.02,"This article has been accepted for publication in a future issue of this journal, but has not been fully edited. Content may change prior to final publication. Citation information: DOI 10.1109/JSEN.2021.3097172, IEEE Sensors"
4,0,0,0,1,11,12,/Helvetica,6.96,46.8,756.84,241.68,763.8,756.84,28.2,46.8,370.32,"8  IEEE SENSORS JOURNAL, VOL. XX, NO. XX, MONTH X, XXXX"
4,0,0,0,0,12,9,/Helvetica,8.04,46.8,548.02,328.2,565.3,548.02,226.7,46.8,283.8,Fig.  1. VANET Scenario; V2V: vehicle-to-vehicle communication; V2I: vehicle to infrastructure communication.
4,0,0,0,0,84,6,/ABCDEE+Times,9.96,62.78,307.63,376.52,534.79,307.63,257.21,62.78,235.48,"Sensors are the backbone of the whole network, as different kinds of sensors attached to the vehicles make it possible to push vehicular communication in automation. These sensors may include a pressure gauge, speedometer, radar sensors, GPS, and gas sensors. The sensors are directly connected to the OBD via a control access network (CAN) wirelessly. Moreover, sensors sense the environmental actions and send the information to the OBD periodically so that OBD can forward it to the higher authority or decide on an occasion."
4,0,1,0,0,4,8,"/Helvetica,Italic",9.0,42.24,297.19,150.36,306.19,297.19,485.81,42.24,461.64,2) Roadside Unit (RSU)
4,0,0,0,0,8,6,/ABCDEE+Times,9.96,62.78,285.19,316.76,295.15,285.19,496.85,62.78,295.24,"RSUs are the devices distributed on the roadside,"
4,0,0,0,0,14,9,/ABCDEE+Times,8.04,62.78,273.07,531.22,286.25,273.07,505.75,62.78,80.78,ECC (bits) RSA (bits) Key Size Ratio(bits)maintaining a specific distance as per the communication
4,0,0,0,0,15,9,/ABCDEE+Times,8.04,351.67,231.77,469.9,276.65,231.77,515.35,351.67,142.1,160 1024 1:6 224 2048 1:9 256 3072 1:12 384 7680 1:20 512 15360 1:30
4,0,0,0,0,19,6,/ABCDEE+Times,9.96,313.25,185.3,651.89,206.78,185.3,585.22,313.25,-39.89,"Threat modelling is a method in which it is possible to illustrate capability risks, including technical weaknesses or the"
4,0,0,0,0,45,6,/ABCDEE+Times,9.96,62.78,104.1,366.56,162.32,104.1,629.68,62.78,245.44,"range. However, it can be seen in the parking places or in the filling stations.  The RSU is a powerful device to help the communications and transfer messages in VANET. Moreover, RSUs are equipped with network devices based on short-range wireless communication standards such as"
4,0,0,0,0,8,6,/ABCDEE+Times,9.96,313.25,70.56,631.97,80.52,70.56,711.48,313.25,-19.97,"lack of adequate security, diagnosed, computed, and justified."
4,0,0,0,0,18,10,/RBCMPJ+AdobeThai-Regular,8.0,25.26,7.0,869.26,15.0,7.0,777.0,25.26,-257.26,"1530-437X (c) 2021 IEEE. Personal use is permitted, but republication/redistribution requires IEEE permission. See http://www.ieee.org/publications_standards/publications/rights/index.html for more information."
4,0,0,0,0,20,11,/Helvetica,7.0,82.49,1.74,579.49,8.74,1.74,783.26,82.49,32.51,"Authorized licensed use limited to: University of Malaya. Downloaded on August 06,2021 at 06:40:43 UTC from IEEE Xplore.  Restrictions apply."
4,0,0,0,0,9,6,/ABCDEE+Times,9.96,62.78,-16.62,326.72,-6.66,-16.62,798.66,62.78,285.28,IEEE 802.11p. The core functionality of the RSU are:
4,0,0,0,0,9,6,/ABCDEE+Times,9.96,82.82,-29.34,351.74,-19.38,-29.34,811.38,82.82,260.26,Allowing vehicles to connect to the cloud or trusted
4,0,0,0,0,37,6,/ABCDEE+Times,9.96,313.25,-78.62,631.97,-34.22,-78.62,826.22,313.25,-19.97,"The Dolev-Yao (DY) [31] threat model is chosen for the current study as it is best to show the collaborative cryptographic protocol. Furthermore, the model demonstrates the insecure communications among the nodes. On the other hand, the"
4,0,0,0,0,9,6,/ABCDEE+Times,9.96,329.23,-145.05,593.17,-135.09,-145.05,927.09,329.23,18.83,TA holds the basic and important information of the
4,0,0,0,0,8,6,/ABCDEE+Times,9.96,82.82,-162.77,351.74,-140.09,-162.77,932.09,82.82,260.26,authorities. Extending the communication range with the different
4,0,0,0,0,9,6,/ABCDEE+Times,9.96,313.25,-193.36,587.15,-183.4,-193.36,975.4,313.25,24.85,communicating vehicles act as an adversary and as the
4,0,0,0,0,17,6,/ABCDEE+Times,9.96,329.23,-277.78,573.25,-255.8,-277.78,1047.8,329.23,38.75,"network as well as the components of the VANET. Moreover, TA can act like many autonomous or"
4,0,0,0,0,9,6,/ABCDEE+Times,9.96,82.82,-283.49,366.68,-273.53,-283.49,1065.53,82.82,245.32,nearby nodes to the other central control systems [26].
4,0,0,0,0,7,6,/ABCDEE+Times,9.96,329.23,-289.9,583.21,-279.94,-289.9,1071.94,329.23,28.79,amalgamate super bodies such as communication key
4,0,0,0,0,7,6,/ABCDEE+Times,9.96,82.82,-296.33,341.78,-286.37,-296.33,1078.37,82.82,270.22,Redistributing the security messages such as basic
4,0,0,0,0,5,6,/ABCDEE+Times,9.96,329.23,-301.9,623.05,-291.94,-301.9,1083.94,329.23,-11.05,"generators, vehicle information collectors, authorization"
4,0,0,0,0,15,6,/ABCDEE+Times,9.96,82.82,-308.33,612.05,-298.14,-308.33,1090.14,82.82,-0.05,"communication channel is public, the transaction cannot be  safety message (BSM), traffic signal information, and"
4,0,0,0,0,6,6,/ABCDEE+Times,9.96,329.23,-314.02,637.99,-304.06,-314.02,1096.06,329.23,-25.99,"providers,   component identifiers, and permission grantors."
4,0,0,0,0,8,6,/ABCDEE+Times,9.96,82.82,-320.45,341.78,-310.49,-320.45,1102.49,82.82,270.22,accident alert over the network among vehicle [27].
4,0,0,0,0,9,6,/ABCDEE+Times,9.96,329.23,-326.14,623.05,-316.18,-326.14,1108.18,329.23,-11.05,"However, the fast and dynamic topological network such as"
4,0,1,0,0,5,8,"/Helvetica,Italic",9.0,42.24,-330.77,168.36,-321.77,-330.77,1113.77,42.24,443.64,3) Tamper Proof Unit (TPU)
4,0,0,0,0,10,6,/ABCDEE+Times,9.96,329.23,-338.14,588.19,-328.18,-338.14,1120.18,329.23,23.81,VANET may not connect to the TA in every different
4,0,0,0,0,9,6,/ABCDEE+Times,9.96,62.78,-342.92,321.74,-332.96,-342.92,1124.96,62.78,290.26,"All the vehicles are equipped with TPD, secure and"
4,0,0,0,0,5,6,/ABCDEE+Times,9.96,329.23,-350.26,558.31,-340.3,-350.26,1132.3,329.23,53.69,"scenario, which encourages current research."
4,0,0,0,0,20,6,/ABCDEE+Times,9.96,62.78,-368.5,452.69,-344.96,-368.5,1136.96,62.78,159.31,"detachable from the vehicle without proper authorization. Additionally, TPD consists of two other units called on- System Model and Assumption"
4,0,0,0,0,99,6,/ABCDEE+Times,9.96,313.25,-451.81,646.91,-372.82,-451.81,1164.82,313.25,-34.91,"The system architecture of the model is a VANET scenario as per [30], where two or more on-road vehicles can authenticate and communicate among themselves without the help of a super body such as a vehicle information server (VIS) of trusted trusted. Additionally, the DY model considers the scenario authority (TA). There are two different layers named as 1) where an attacker can receiver, alter, destroy or drop the server layer and 2) vehicle layer. The server layer consists of a transmitted packet in the insecure channel. On the other side, vehicle information server, a powerful high-end system with"
4,0,0,0,0,21,6,/ABCDEE+Times,9.96,62.78,-511.87,361.58,-477.79,-511.87,1269.79,62.78,250.42,"board device (OBD) and application unit (AU). The OBU is responsible for vehicle-to-vehicle (V2V) and vehicle-toinfrastructure (V2I) communication [28]. Moreover, the"
4,0,0,0,0,16,6,/ABCDEE+Times,9.96,313.25,-566.55,622.01,-550.53,-566.55,1342.53,313.25,-10.01,"the model completely trusts the server. Therefore, in the high storage and computation capabilities. Additionally, the"
4,0,0,0,0,16,6,/ABCDEE+Times,9.96,62.78,-643.51,346.64,-621.43,-643.51,1413.43,62.78,265.36,transmission on the OBD is based on the dedicated shortrange communication (DSRC) [29] supported by 802.11p
4,0,0,0,0,17,6,/ABCDEE+Times,9.96,313.25,-681.29,607.07,-665.27,-681.29,1457.27,313.25,4.93,"proposed model, the communication between the vehicles and VIS maintains the details and partly credentials of the"
4,0,0,0,0,27,6,/ABCDEE+Times,9.96,62.78,-788.34,366.56,-754.27,-788.34,1546.27,62.78,245.44,"standardization dedicated to the vehicular network. On the other hand, the AU works based on the application installed in the vehicles, such as warning, network monitoring, or"
4,0,0,0,0,8,6,/ABCDEE+Times,9.96,313.25,-796.03,626.99,-786.07,-796.03,1578.07,313.25,-14.99,"registering vehicles. Therefore, the registering of a vehicle"
4,0,1,0,0,4,8,"/Helvetica,Italic",9.0,42.24,-810.78,163.86,-801.78,-810.78,1593.78,42.24,448.14,4) Trusted Authority (TA)
4,0,0,0,0,11,6,/ABCDEE+Times,9.96,62.78,-822.78,341.66,-812.82,-822.78,1604.82,62.78,270.34,TA can be known as the higher authority of the VANETs.
4,0,0,0,0,147,6,/ABCDEE+Times,9.96,313.25,-1599.32,646.91,-900.81,-1599.32,1692.81,313.25,-34.91,"takes place in this layer. Alternatively, two or more vehicles authenticate and communicate using the registering elements and a few on the spot, supporting the vehicle layer elements. On the other hand, the server layer works under a secure or insecure communication channel, whereas the vehicle layer completely works in an insecure communication channel. The use of elliptic curve cryptography (ECC) is chosen to protect the communication via helping the registration and the authentication in a VENET scenario. The ECC has powerful features over others to make the model lightweight as well as secure. On the other hand, the traditional cryptographic algorithms (RSA, DSA) are unsuitable for the resource constraint environment such as VANET. The advantages of ECC over RSA or DSA are enormous. A small key size in ECC has more protection against cryptanalysis than a more significant bit size key in others (see Table 1)."
4,0,0,0,1,2,9,/Helvetica,8.04,425.35,-1607.24,446.47,-1599.2,-1607.24,2391.2,425.35,165.53,TABLE 1
4,0,0,0,1,6,9,/Helvetica,8.04,394.99,-1616.36,481.18,-1608.32,-1616.36,2400.32,394.99,130.82,C OMPARISON OF  K EY SIZE
5,0,0,0,0,33,10,/RBCMPJ+AdobeThai-Regular,8.0,12.02,774.74,916.02,782.74,774.74,9.26,12.02,-304.02,"This article has been accepted for publication in a future issue of this journal, but has not been fully edited. Content may change prior to final publication. Citation information: DOI 10.1109/JSEN.2021.3097172, IEEE Sensors"
5,0,0,0,1,11,12,/Helvetica,6.96,46.8,756.84,241.68,763.8,756.84,28.2,46.8,370.32,"8  IEEE SENSORS JOURNAL, VOL. XX, NO. XX, MONTH X, XXXX"
5,0,0,0,0,10,9,/Helvetica,8.04,46.8,346.97,318.8,355.01,346.97,436.99,46.8,293.2,Fig.  2. A complete flowchart of the proposed authentication protocol.
5,0,0,0,0,90,6,/ABCDEE+Times,9.96,46.8,220.85,375.48,334.25,220.85,457.75,46.8,236.52,"server is trusted and held in a highly secure communication channel without the knowledge of the adversary. However, the adversary has a complete understanding of the transmitted messages between the vehicles over the public network. On the other hand, the proposed protocol has considered another popular threat model named as Canetti-Krawczyk (CK) adversarial model [32] . This model is represented by a nondeterministic polynomial adversary that can reach and manipulate the complete contact path. As a result, an attacker can alter, delete, sense, edit, replay or discard a message from"
5,0,0,0,0,12,6,/ABCDEE+Times,9.96,313.25,117.61,580.6,127.57,117.61,664.43,313.25,31.4,number of key size (see Table 1). The curve  can be shown
5,0,0,0,0,17,6,/ABCDEE+Cambria Math,9.96,46.8,105.85,548.32,119.53,105.85,672.47,46.8,63.68,"2 =𝑥 3 3the communication channel. Alternatively, an adversary has all  as 𝑦, where 4𝑥 +27𝑏(𝑚𝑜𝑑 𝑃)≠0"
5,0,0,0,0,70,6,/ABCDEE+Times,9.96,46.8,60.12,627.67,104.52,60.12,687.48,46.8,-15.67,"the knowledge of the public identities of all the participants.  and 𝑃. Alternatively, a generator point  is chosen in The adversary can be a dishonest user of the VANET network.  the curve  to generate the cycle group. The popular operations Moreover, any vehicle with or without registration can be an  with the ECC are point addition and point multiplication. attacker in this present scenario. Therefore, a range of attacks is"
5,0,0,0,0,10,6,/ABCDEE+Times,9.96,328.39,53.42,602.29,63.38,53.42,728.62,328.39,9.71,The initialization happens in the VIS over a secure or
5,0,0,0,0,15,6,/ABCDEE+Times,9.96,46.8,37.08,360.54,58.56,37.08,733.44,46.8,251.46,"possible in the network, such as replay, insider, man- in-themiddle, message modification, forward secrecy, privacy"
5,0,0,0,0,18,10,/RBCMPJ+AdobeThai-Regular,8.0,25.26,7.0,869.26,15.0,7.0,777.0,25.26,-257.26,"1530-437X (c) 2021 IEEE. Personal use is permitted, but republication/redistribution requires IEEE permission. See http://www.ieee.org/publications_standards/publications/rights/index.html for more information."
5,0,0,0,0,20,11,/Helvetica,7.0,82.49,1.74,579.49,8.74,1.74,783.26,82.49,32.51,"Authorized licensed use limited to: University of Malaya. Downloaded on August 06,2021 at 06:40:43 UTC from IEEE Xplore.  Restrictions apply."
5,0,0,0,0,10,6,/ABCDEE+Times,9.96,313.25,-43.81,622.01,-33.85,-43.81,825.85,313.25,-10.01,"However, getting the key value from the calculation is hard."
5,0,0,0,0,5,6,/ABCDEE+Times,9.96,46.8,-77.66,270.9,-67.7,-77.66,859.7,46.8,341.1,"protection, and inherited related threats."
5,0,1,0,0,4,6,"/Helvetica,Italic",9.96,46.8,-95.3,216.12,-85.34,-95.3,877.34,46.8,395.88,Elliptic Curve Cryptography (ECC)
5,0,0,0,0,62,6,/ABCDEE+Times,9.96,46.8,-158.55,641.93,-99.62,-158.55,891.62,46.8,-29.93,"The ECC is a way of achieving the public key cryptography supported by the algebraic elliptic curve ( 𝐸) over a finite field ( ) in an exceptional case with a large prime number  𝑝. ECC provides the same amount of security as other public-key cryptographic algorithms: however, with a much smaller  Therefore, the operation is known as the elliptic curve discrete"
5,0,0,0,0,26,6,/ABCDEE+Times,9.96,313.25,-192.99,622.01,-159.99,-192.99,951.99,313.25,-10.01,"logarithm problem ( ECDLP ). On the other hand, an ECC can be used in the encryption conjoining the key management with the symmetric key cryptography."
5,0,0,0,0,4,6,/Helvetica,9.96,355.27,-208.83,539.05,-198.87,-208.83,990.87,355.27,72.95,IV. Proposed Authentication Protocol
5,0,0,0,0,78,6,/ABCDEE+Times,9.96,313.25,-740.41,631.97,-214.02,-740.41,1006.02,313.25,-19.97,"The centralized communication network is common among the message transmission protocols, even in the VANET . However, the decentralized communication is challenging, where different dynamic nodes can transfer the massages without the interference of TA or regulatory authority. The decentralized communication supports the proposed protocol . The scheme is further categorized in to four phases such as 1) Initialization, 2) Registration, 3) Authentication, and 4) Communication. The details (see Fig.  2 ) are given in the following sub-sections."
6,0,0,0,0,33,10,/RBCMPJ+AdobeThai-Regular,8.0,12.02,774.74,916.02,782.74,774.74,9.26,12.02,-304.02,"This article has been accepted for publication in a future issue of this journal, but has not been fully edited. Content may change prior to final publication. Citation information: DOI 10.1109/JSEN.2021.3097172, IEEE Sensors"
6,0,0,0,1,11,12,/Helvetica,6.96,46.8,756.84,241.68,763.8,756.84,28.2,46.8,370.32,"8  IEEE SENSORS JOURNAL, VOL. XX, NO. XX, MONTH X, XXXX"
6,0,0,0,0,10,13,/Times New Roman,6.0,46.8,722.64,506.08,736.08,722.64,55.92,46.8,105.92,"Generate, Timestamp  3insecure communication channel. The steps are as follows."
6,0,0,0,0,3,16,/ABCDEE+Cambria Math,3.96,442.51,721.8,499.12,727.8,721.8,64.2,442.51,112.88,| |33 3
6,0,0,0,0,14,6,/ABCDEE+Times,9.96,42.24,710.76,529.18,720.72,710.76,71.28,42.24,82.82,"1) VIS selects an elliptic curve  over a finite field  𝐹.   Decryption,  ( )"
6,0,0,0,0,8,6,/ABCDEE+Times,9.96,60.36,698.02,309.29,707.98,698.02,84.02,60.36,302.71,"Moreover, VIS defines a sizeable prime number  and"
6,0,0,0,0,4,9,/Helvetica,8.04,313.25,693.7,429.83,701.74,693.7,90.26,313.25,182.17,Fig.  5 Communication phase
6,0,0,0,0,12,6,/ABCDEE+Times,9.96,42.24,674.5,407.87,684.82,674.5,107.18,42.24,204.13,Registration Phase 2)VIS selects a random value from the chosen field  𝐹
6,0,0,0,0,34,6,/ABCDEE+Times,9.96,60.36,648.7,623.17,671.5,648.7,120.5,60.36,-11.17,"such that  𝑆𝐾  𝐹. Then, VIS set the   as the    The vehicles ( 𝑉) need to register themselves with the VIS,   ∈ private key of the server.    which makes them enable on-road authentication and"
6,0,0,0,0,19,6,/ABCDEE+Times,9.96,42.24,637.18,636.95,647.26,637.18,144.74,42.24,-24.95,"3) VIS then perform a point multiplication on E using communication. Vehicles reach the VIS for registration, and the"
6,0,0,0,0,36,6,/ABCDEE+Times,9.96,60.36,611.86,626.99,635.62,611.86,156.38,60.36,-14.99,phase operates on a secure or insecure communication channel.  and  and set the resultant point  as a public key of the The steps (see Fig.  3  ) of the registration phase are shown  server.  .   =𝑆𝐾
6,0,0,0,0,8,6,/ABCDEE+Times,9.96,42.24,602.38,358.07,612.7,602.38,179.3,42.24,253.93,"below.   4)Now, VIS selects two different non-reversible hash"
6,0,0,0,0,51,6,/ABCDEE+Times,9.96,60.36,566.02,582.52,600.94,566.02,191.06,60.36,29.48,"1) Let a vehicle  wants to register with the. Therefore, (𝑥)={𝑐}functions as (.) where 𝑖=1,2 such as 1 (.) selects a random number   from the finite field where x is value and  𝑃and  is any one-way  2 hashing mechanism such as Sha2 and Sha3.  where   and compute 𝑠 𝐴 . Finally,"
6,0,0,0,0,22,6,/ABCDEE+Times,9.96,42.24,553.06,597.94,565.9,553.06,226.1,42.24,14.06,"5) Finally, VIS stores the public key and private key of itself  transfer it to  as 𝑀 }. Here   signifies the 1st"
6,0,0,0,1,3,12,/ABCDEE+Cambria Math,6.96,416.71,551.02,497.38,560.98,551.02,231.02,416.71,114.62,1 ={𝐴 1
6,0,0,0,0,6,6,/ABCDEE+Times,9.96,326.83,540.58,585.79,550.54,540.58,241.46,326.83,26.21,message transfer between two communicating nodes.
6,0,0,0,0,10,6,/ABCDEE+Times,9.96,308.69,528.79,574.18,538.75,528.79,253.25,308.69,37.82,"2) After receiving   from  𝑉 ,  chooses a unique  1"
6,1,0,0,0,3,13,"/Times New Roman,Bold",6.0,89.9,528.55,238.61,534.67,528.55,257.33,89.9,373.39,VISVehicle X ()
6,0,0,0,0,8,6,/ABCDEE+Times,9.96,326.83,516.79,585.82,526.75,516.79,265.25,326.83,26.18,"identification number   for the vehicle  𝑉. After that,"
6,0,0,0,0,7,6,/ABCDEE+Times,9.96,342.31,503.95,592.3,513.91,503.95,278.09,342.31,19.7,selects another random number   from the finite
6,0,0,0,0,9,6,/ABCDEE+Times,9.96,52.2,490.99,575.98,503.47,490.99,288.53,52.2,36.02,"Compute,  field   as the ephemeral secret where  𝑏  and"
6,0,0,0,0,9,6,/ABCDEE+Times,9.96,326.83,474.43,601.69,487.87,474.43,304.13,326.83,10.31,"performs 𝐵 , a parameter to help vehicle   =𝑏"
6,0,0,0,0,4,13,/Times New Roman,6.0,122.06,475.15,236.06,481.15,475.15,310.85,122.06,375.94,Secure/ Insecure Communication Channel
6,0,0,0,0,9,6,/ABCDEE+Times,9.96,175.82,464.95,600.73,474.91,464.95,317.09,175.82,11.27,"for authentication. Then, add the ephemeral secrets of Choose,"
6,0,0,0,0,13,6,/ABCDEE+Times,9.96,326.83,449.71,589.18,463.15,449.71,328.85,326.83,22.82,"( ) and   ( ) as 𝐶 . After that,  =𝐴 + 𝐵"
6,0,0,0,0,15,6,/ABCDEE+Times,9.96,60.36,436.51,564.64,449.95,436.51,342.05,60.36,47.36,"hash the concatenation of  and  as {𝐸,𝐹}(.),𝑃𝐾and distributes , 𝐻 to all the registering    ="
6,0,0,0,0,3,13,/ABCDEE+Cambria Math,6.0,197.09,436.87,231.17,442.87,436.87,349.13,197.09,380.83,( || )1
6,0,0,0,0,6,6,/ABCDEE+Cambria Math,9.96,60.36,424.15,558.76,437.22,424.15,354.78,60.36,53.24,vehicles.  ||𝐶 )and compute 1  +
6,0,0,0,1,1,6,/ABCDEE+Cambria Math,9.96,486.22,422.71,501.16,432.67,422.71,359.33,486.22,110.84,=𝐷
6,0,0,0,0,14,13,/ABCDEE+Cambria Math,6.0,141.14,413.35,608.47,427.15,413.35,364.85,141.14,3.53,"{ , , , }2 to help   to create their public and private key."
6,0,0,0,0,14,6,/ABCDEE+Cambria Math,9.96,122.18,400.27,569.62,412.75,400.27,379.25,122.18,42.38,"Secure/ Insecure Communication Channel Finally, VIS sends  ,𝐵 ,𝐷 ,𝐸 } to 𝑉 ."
6,0,0,0,1,2,12,/ABCDEE+Cambria Math,6.96,411.43,398.23,436.33,408.19,398.23,383.81,411.43,175.67,2 ={𝐼𝐷
6,0,0,0,0,10,6,/ABCDEE+Times,9.96,308.69,387.19,592.9,397.15,387.19,394.85,308.69,19.1,3)  adds its ephemeral secret and  to make its secret
6,0,0,0,0,9,6,/ABCDEE+Times,9.96,46.8,374.23,595.39,386.83,374.23,405.17,46.8,16.61,"Fig.  3 Registration phase    key   for future use. Alternatively,"
6,0,0,0,0,3,6,/ABCDEE+Cambria Math,9.96,361.75,370.75,409.39,380.71,370.75,411.29,361.75,202.61,=𝑎  + 𝐵
6,1,0,0,0,13,13,"/Times New Roman,Bold",6.0,90.14,357.65,592.54,371.09,357.65,420.91,90.14,19.46,calculates the public key   and store all  Vehicle A ()Vehicle B () =𝑆𝐾
6,0,0,0,0,10,6,/ABCDEE+Times,9.96,326.83,348.41,595.75,358.37,348.41,433.63,326.83,16.25,of the receiving elements along with the in the OBD.
6,0,0,0,0,14,13,/Times New Roman,6.0,52.2,316.49,617.17,335.81,316.49,456.19,52.2,-5.17,"Compute, Generate, Timestamp  1 The authentication takes place on the road between two or"
6,0,0,0,0,6,13,/ABCDEE+Cambria Math,6.0,133.7,314.21,217.49,320.21,314.21,471.79,133.7,394.51,"{ , , , , }31"
6,0,0,0,0,9,6,/ABCDEE+Times,9.96,313.25,304.97,636.95,314.93,304.97,477.07,313.25,-24.95,more vehicles. All the vehicles need to authenticate themselves
6,0,0,0,0,13,13,/Times New Roman,6.0,131.78,293.45,607.07,305.69,293.45,486.31,131.78,4.93,"Insecure Communication Channel with others to communicate. However, they do not need any"
6,0,0,0,0,3,13,/Times New Roman,6.0,176.06,292.73,239.63,298.73,292.73,493.27,176.06,372.37,"Generate, Timestamp  1"
6,0,0,0,0,3,16,/ABCDEE+Cambria Math,3.96,176.06,284.45,232.67,290.45,284.45,501.55,176.06,379.33,| |11 1
6,0,0,0,0,4,13,/ABCDEE+Cambria Math,6.0,190.22,244.85,234.29,258.77,244.85,533.23,190.22,377.71,( ) ( )
6,0,0,0,0,3,13,/ABCDEE+Cambria Math,6.0,199.01,237.77,239.57,243.77,237.77,548.23,199.01,372.43,( || )2
6,0,0,0,0,4,13,/ABCDEE+Cambria Math,6.0,198.89,223.01,258.77,229.01,223.01,562.99,198.89,353.23,( || || )2
6,0,0,0,0,3,13,/Times New Roman,6.0,176.06,215.33,239.63,221.33,215.33,570.67,176.06,372.37,"Generate, Timestamp  2"
6,0,0,0,0,7,13,/ABCDEE+Cambria Math,6.0,126.98,207.41,224.21,213.41,207.41,578.59,126.98,387.79,"{ , , , , , }42"
6,0,0,0,0,9,6,/ABCDEE+Times,9.96,131.78,189.14,581.14,199.1,189.14,592.9,131.78,30.86,selects a pseudo identification number  for  Insecure Communication Channel𝐴
6,0,0,0,0,12,13,/Times New Roman,6.0,52.2,178.71,617.03,191.78,178.71,600.22,52.2,-5.03,"Generate, Timestamp  2 authorities to perform this task, making the algorithm more"
6,0,0,0,0,8,13,/ABCDEE+Cambria Math,6.0,52.2,176.42,625.63,186.38,176.42,605.62,52.2,-13.63,"preserving privacy over communication. After that, selects  ||"
6,0,0,0,0,3,16,/ABCDEE+Cambria Math,3.96,62.54,178.34,108.8,182.3,178.34,609.7,62.54,503.2,2 2 2
6,0,0,0,0,3,13,/ABCDEE+Cambria Math,6.0,72.02,169.22,110.42,175.34,169.22,616.66,72.02,501.58,( ) (
6,0,0,0,0,3,13,/ABCDEE+Cambria Math,6.0,75.26,153.5,115.94,159.5,153.5,632.5,75.26,496.06,( || )2
6,0,0,0,0,4,13,/Times New Roman,6.0,52.2,137.3,91.2,151.1,137.3,640.9,52.2,520.8,"Check,  = Session key,"
6,0,0,0,0,4,13,/ABCDEE+Cambria Math,6.0,75.26,130.22,135.14,136.22,130.22,655.78,75.26,476.86,( || || )2
6,0,0,0,0,4,9,/Helvetica,8.04,46.8,117.14,175.44,125.18,117.14,666.82,46.8,436.56,Fig.  4 Authentication phase
6,1,0,0,0,8,13,"/Times New Roman,Bold",6.0,90.14,102.5,254.21,108.5,102.5,683.5,90.14,357.79,Vehicle A ( ) Vehicle B ( )
6,0,0,0,0,3,13,/ABCDEE+Cambria Math,6.0,52.2,79.34,138.14,85.34,79.34,706.66,52.2,473.86,"Encryption,  ( )"
6,0,0,0,0,13,13,/Times New Roman,6.0,52.2,63.97,636.95,77.3,63.97,714.7,52.2,-24.95,"Generate, Timestamp  3 realistic and viable for such a random topological network like"
6,0,0,0,0,13,6,/ABCDEE+Cambria Math,9.96,154.7,55.81,577.72,69.5,55.81,722.5,154.7,34.28,"{ , } a random integer  𝑐  and compute  𝐽 .  53 =𝑐"
6,0,0,0,0,9,6,/ABCDEE+Times,9.96,313.25,52.57,617.03,62.53,52.57,729.47,313.25,-5.03,"VANET. On that same notation, registration serves in insure"
6,0,0,0,0,12,6,/ABCDEE+Times,9.96,131.78,46.21,577.96,56.17,46.21,735.83,131.78,34.04,"Finally,  𝑉 generates the current timestamp  and sends Insecure Communication Channel𝐴 1"
6,0,0,0,0,8,6,/ABCDEE+Times,9.96,313.25,41.05,626.99,51.01,41.05,740.99,313.25,-14.99,"and public channels; however, the strongly proposed algorithm"
6,0,0,0,0,17,6,/ABCDEE+Cambria Math,9.96,313.25,29.53,626.99,42.37,29.53,749.63,313.25,-14.99,",𝐽 ,𝐵 ,𝐷 ,𝑇 } to 𝑉 .  3 ={𝑃𝐼𝐷1makes it possible to authenticate different vehicles securely"
6,0,0,0,0,18,6,/ABCDEE+Times,9.96,308.69,17.77,599.65,29.41,17.77,762.59,308.69,12.35,"2) After receiving the 𝑀,  𝑉 generates the current timestamps with privacy preservation. Consider  𝑉wants to communicate  3"
6,0,0,0,0,39,6,/ABCDEE+Cambria Math,9.96,25.26,6.01,869.26,16.69,6.01,775.31,25.26,-257.26,"and checks  |𝑇 | ≤ 𝛻𝑇 𝑇𝑆1  with the  with 𝑉; therefore, registers. The steps (see Fig.  4) are shown  1530-437X (c) 2021 IEEE. Personal use is permitted, but republication/redistribution requires IEEE permission. See http://www.ieee.org/publications_standards/publications/rights/index.html for more information. 111"
6,0,0,0,0,20,11,/Helvetica,7.0,82.49,1.74,579.49,8.74,1.74,783.26,82.49,32.51,"Authorized licensed use limited to: University of Malaya. Downloaded on August 06,2021 at 06:40:43 UTC from IEEE Xplore.  Restrictions apply."
6,0,0,0,0,10,6,/ABCDEE+Times,9.96,313.25,-6.11,595.9,4.54,-6.11,787.46,313.25,16.1,as follows.   previously settle threshold value  to determine if the
6,0,0,0,0,44,13,/ABCDEE+Cambria Math,6.0,0.0,-6.0,6.0,0.0,-6.0,792.0,0.0,606.0,∈ = ∗ = ∈ = ∗ = + = = ∗ + = = + = ∗ ∈ = ∗ = ∈ = ∗ = + + + ∗ = = = = + + + ∗ = = = = = =
6,0,0,0,0,12,6,/ABCDEE+Times,9.96,308.69,-17.63,640.57,-7.34,-17.63,799.34,308.69,-28.57,"1) Firstly, message is altered in between the transfer. If the difference"
6,0,0,0,0,25,6,/ABCDEE+Times,9.96,326.83,-263.4,610.69,-124.8,-263.4,916.8,326.83,1.31,"of the timestamps are not satisfactory, then  𝑉 terminates the authentication process and quits the communication. However, if it is acceptable,  𝑉 chooses a pseudo"
7,0,0,0,0,33,10,/RBCMPJ+AdobeThai-Regular,8.0,12.02,774.74,916.02,782.74,774.74,9.26,12.02,-304.02,"This article has been accepted for publication in a future issue of this journal, but has not been fully edited. Content may change prior to final publication. Citation information: DOI 10.1109/JSEN.2021.3097172, IEEE Sensors"
7,0,0,0,1,11,12,/Helvetica,6.96,46.8,756.84,241.68,763.8,756.84,28.2,46.8,370.32,"8  IEEE SENSORS JOURNAL, VOL. XX, NO. XX, MONTH X, XXXX"
7,0,0,0,0,16,6,/ABCDEE+Times,9.96,60.36,705.72,314.87,732.12,705.72,59.88,60.36,297.13,"identification   and compute a random integer  𝑐 to generate  𝐽 . Ultimately,  𝑉 creates a   =𝑐"
7,0,0,0,0,10,6,/ABCDEE+Cambria Math,9.96,60.36,691.9,294.47,705.34,691.9,86.66,60.36,317.53,vehicle group key  𝐾 )∗(𝐽 𝑉 =(𝑐 +𝐸  +𝐵  +
7,0,0,0,0,7,6,/ABCDEE+Cambria Math,9.96,109.94,681.46,335.9,691.42,681.46,100.58,109.94,276.1,") to use for future communication. Moreover,"
7,0,0,0,0,9,6,/ABCDEE+Times,9.96,60.36,668.62,309.53,678.58,668.62,113.42,60.36,302.47,"to protect and verify the mutual key,  𝑉computes a"
7,0,0,0,0,8,6,/ABCDEE+Cambria Math,9.96,60.36,654.82,308.21,666.82,654.82,125.18,60.36,303.79,"verifier 𝑉 || 𝐾 ). Alternatively, the   =𝐻2"
7,0,0,0,0,9,8,/ABCDEE+Blackadder ITC,9.0,392.71,648.7,591.67,658.66,648.7,133.34,392.71,20.33,"A tries to sniff and fake any messages, A"
7,0,0,0,0,24,6,/ABCDEE+Times,9.96,60.36,632.38,625.63,654.1,632.38,137.9,60.36,-13.63,"verifier will be transferred over an insecure network, will fail due to the checkpoint of every receiving message  therefore,  𝑉creates a secret session key"
7,0,0,0,0,15,6,/ABCDEE+Times,9.96,134.18,620.62,570.85,634.54,620.62,157.46,134.18,41.15,timing with a predefined threshold as an example || 𝐾) for ultimate message transfer in
7,0,0,0,0,8,6,/ABCDEE+Cambria Math,9.96,326.83,611.86,528.73,621.82,611.86,170.18,326.83,83.27,|𝑇 | ≤ 𝛻𝑇 𝑇𝑆3  in communication.   33
7,0,0,0,0,9,6,/ABCDEE+Cambria Math,9.96,60.36,605.62,299.03,617.62,605.62,174.38,60.36,312.97,"the communication phase. Finally,   𝑉  sends 𝑀 4 ="
7,0,0,0,0,11,6,/ABCDEE+Times,9.96,313.25,599.26,615.67,609.22,599.26,182.78,313.25,-3.67,"2) Insider Attack : If a vehicle is legitimate; however, an"
7,0,0,0,0,10,6,/ABCDEE+Cambria Math,9.96,90.5,595.06,249.05,605.02,595.06,186.98,90.5,362.95,",𝐽 ,𝐵 ,𝐷 ,𝑇 ,𝑉 } to 𝑉 .   2"
7,0,0,0,0,11,6,/ABCDEE+Times,9.96,326.83,587.5,633.97,597.46,587.5,194.54,326.83,-21.97,"A, from the network tries to intercept a message, he/  attacker"
7,0,0,0,0,11,6,/ABCDEE+Times,9.96,42.24,582.1,332.84,592.06,582.1,199.94,42.24,279.16,"3) After receiving the 𝑀,  𝑉 generates the current timestamps 4"
7,0,0,0,0,9,6,/ABCDEE+Times,9.96,326.83,574.9,610.69,584.86,574.9,207.14,326.83,1.31,"she cannot perform cryptanalysis of the message, as the"
7,0,0,0,0,11,6,/ABCDEE+Cambria Math,9.96,74.54,569.38,320.93,579.34,569.38,212.66,74.54,291.07,and checks  |𝑇 | ≤ 𝛻𝑇 𝑇𝑆2 Terminates if it  222
7,0,0,0,0,7,6,/ABCDEE+Times,9.96,326.83,563.38,560.89,573.34,563.38,218.66,326.83,51.11,powerful hash function and ECDLP protect it.
7,0,0,0,0,7,6,/ABCDEE+Times,9.96,60.36,556.78,339.24,566.74,556.78,225.26,60.36,272.76,"does satisfy. Alternatively, computes vehicle group key"
7,0,0,0,0,13,6,/ABCDEE+Times,9.96,313.25,551.62,600.94,561.58,551.62,230.42,313.25,11.06,3) Man in the Middle Attack : Let A gets all the transferred
7,0,0,0,0,9,6,/ABCDEE+Cambria Math,9.96,60.36,540.58,307.37,554.02,540.58,237.98,60.36,304.63,𝐾 )∗(𝐽 𝑉 ) and   =(𝑐 +𝐸 +𝐵 +𝐷
7,0,1,0,0,12,6,"/ABCDEE+Times,Italic",9.96,326.83,539.14,583.6,549.1,539.14,242.9,326.83,28.4,"messages between V  and V . However, V  and V  select  ABAB"
7,0,0,0,0,14,6,/ABCDEE+Cambria Math,9.96,60.36,527.23,577.42,540.91,527.23,251.09,60.36,34.58,"verifier 𝑉 || 𝐾 ). Furthermore,   𝑉 =𝐻2 different ephemeral secrets as   and   and"
7,0,0,0,0,69,6,/ABCDEE+Times,9.96,60.36,478.39,630.61,526.63,478.39,265.37,60.36,-18.61,"and terminates the communication if  compares never share over the network. On the other hand, V and VAB= it does not match. Otherwise, computes the secret session  calculate the secret key  and send verifier  to others key  || 𝐾 ) and keeps for the   to come into a shared session key 𝑆. Therefore, A cannot   =𝐻2 communication phase.    get the parameters to calculate the session key by a man-in-"
7,0,0,0,0,3,12,/ABCDEE+Cambria Math,6.96,149.42,466.87,426.43,480.67,466.87,311.33,149.42,185.57,?  the-middle attack.
7,0,0,0,0,30,6,/ABCDEE+Times,9.96,56.88,450.67,593.56,475.99,450.67,316.01,56.88,18.44,"The proof of  is shown in Appendix A, = ?  ?  4) Message Modification: In this situation, A tries to modify a is presented in Appendix B and    is  =="
7,0,0,0,0,11,6,/ABCDEE+Times,9.96,46.8,438.67,610.69,452.47,438.67,339.53,46.8,1.31,"message during communication. However, as an unrevealed  illustrated in Appendix C."
7,0,0,0,0,11,6,/ABCDEE+Times,9.96,326.83,430.51,589.9,440.47,430.51,351.53,326.83,22.1,"A  cannot decrypt an  session key 𝑆 protects the scheme ,"
7,0,1,0,0,6,6,"/ABCDEE+Times,Italic",9.96,46.8,418.03,535.99,431.11,418.03,360.89,46.8,76.01,Communication Phase  encrypted message during communication.
7,0,0,0,0,9,6,/ABCDEE+Times,9.96,313.25,412.98,631.97,422.94,412.98,369.06,313.25,-19.97,get attacked. This section discusses the current and important
7,0,0,0,0,18,6,/ABCDEE+Times,9.96,56.88,406.63,599.2,416.71,406.63,375.29,56.88,12.8,The communication among the vehicles can take place after  5)Mutual Authentication: V and V  use different parameters  AB
7,0,0,0,0,9,6,/ABCDEE+Times,9.96,313.25,401.46,607.07,411.42,401.46,380.58,313.25,4.93,attacks on the proposed algorithm with resiliency. Let us
7,0,0,0,0,16,6,/ABCDEE+Times,9.96,46.8,394.87,610.69,405.19,394.87,386.81,46.8,1.31,"the successful authentication. However, authentication happens  from the registration phase to calculate the secret key ()"
7,0,0,0,0,11,6,/ABCDEE+Times,9.96,313.25,389.68,536.8,399.64,389.68,392.36,313.25,75.2,consider an attacker node A and a victim vehicle V.  A
7,0,0,0,0,23,6,/ABCDEE+Times,9.96,46.8,383.35,592.54,393.67,383.35,398.33,46.8,19.46,"only for the first time, and communication can ensue again  between them. On the other hand, V and V  never share the  AB"
7,0,0,0,0,9,6,/ABCDEE+Times,9.96,313.25,376.72,615.67,386.68,376.72,405.32,313.25,-3.67,1) Replay Attack: Vehicles use timestamps for every message
7,0,0,0,0,9,6,/ABCDEE+Times,9.96,326.83,371.59,586.42,381.55,371.59,410.45,326.83,25.58,"ephemeral secrets to calculate the secret key (). Finally,"
7,0,0,0,0,28,6,/ABCDEE+Cambria Math,9.96,326.83,351.88,577.06,374.92,351.88,417.08,326.83,34.94,"passing in an insecure channel such as ,𝑇,𝑇 ,𝑇112 2 V  calculates the verifier  𝑉 || 𝐾 ) and  B =𝐻2 in authentication and   ,𝑇  in communication.  33"
7,0,1,0,0,13,6,"/ABCDEE+Times,Italic",9.96,326.83,347.09,575.2,357.05,347.09,434.95,326.83,36.8,"send it to the  V . On the other hand,  V  also  AA"
7,0,0,0,0,9,6,/ABCDEE+Times,9.96,326.83,335.21,535.18,349.0,335.21,443.0,326.83,76.82,"Furthermore, if calculates 𝑉 || 𝐾 ) and checks"
7,0,0,0,1,2,6,/ABCDEE+Cambria Math,9.96,373.39,333.17,411.07,343.13,333.17,448.87,373.39,200.93,=𝐻 2
7,0,0,0,0,5,6,/ABCDEE+Times,9.96,347.59,320.09,553.15,330.89,320.09,461.11,347.59,58.85,to assure mutual authentication.   =
7,0,0,0,0,10,6,/ABCDEE+Times,9.96,313.25,307.85,577.0,317.81,307.85,474.19,313.25,35.0,6) Forward Secrecy: Forward secrecy may happen when A   has
7,0,0,0,0,18,6,/ABCDEE+Times,9.96,326.83,283.49,586.3,305.21,283.49,486.79,326.83,25.7,"full access to the communication messages and have knowledge about the secret key. However, A is unable to"
7,0,0,0,0,128,6,/ABCDEE+Times,9.96,42.24,197.18,635.59,280.61,197.18,511.39,42.24,-23.59,"create the secret key ( 𝐾) as the ephemeral secrets of VAwithout authentication in every occurrence. Moreover, the ( ) and V  ( ) are unknown to A.   Bcommunication phase occurs under an insecure channel like 7) Privacy Protection : V generates a pseudo identification authentication. To illustrate further, let  𝑉 and  𝑉 completed  A during authentication. On the other hand, this pseudo  the authentication and tries to communicate. The illustration of the different steps (see  Fig.  5 ) of vehicle communications is  identification   can be different in different instances shown as follows.    for the same vehicle V. Therefore, identity tracing of V or  AA 1)  𝑉 selects a message   to send to  𝑉. Then chooses a   its driver is not possible by an attacker from the retrieved"
7,0,0,0,0,17,6,/ABCDEE+Times,9.96,60.36,174.03,376.63,197.79,174.03,594.21,60.36,235.37,common symmetric key cryptography and encrypt  message. with the help of the secret session key  as  =
7,0,0,0,0,10,6,"/Helvetica,Italic",9.96,90.5,164.07,437.75,177.98,164.07,614.02,90.5,174.25,"Formal Security Analysis (𝑀𝑆𝐺)). Finally, it generates the current timestamp"
7,0,0,0,0,12,6,/ABCDEE+Times,9.96,78.98,151.11,572.35,163.58,151.11,628.42,78.98,39.65,"The formal security verification of the proposed   and sends ,𝑇} to 𝑉."
7,0,0,0,1,4,12,/ABCDEE+Cambria Math,6.96,74.54,149.07,195.65,159.03,149.07,632.97,74.54,416.35,3 5 ={𝑅𝑃 3
7,0,0,0,0,11,6,/ABCDEE+Times,9.96,313.25,142.1,636.95,152.06,142.1,639.94,313.25,-24.95,authentication scheme is shown in this section with the help of
7,0,0,0,0,9,6,/ABCDEE+Times,9.96,42.24,138.03,309.17,147.99,138.03,644.01,42.24,302.83,2)  also generates the current timestamp  and checks 3
7,0,0,0,0,11,6,/ABCDEE+Times,9.96,313.25,130.7,595.54,140.66,130.7,651.34,313.25,16.46,"the ROR  model, BAN  logic, and the AVISPA  tool. The details"
7,0,0,0,0,12,6,/ABCDEE+Cambria Math,9.96,60.36,124.35,324.32,134.31,124.35,657.69,60.36,287.68,|𝑇 | ≤ 𝛻𝑇 𝑇𝑆3 to ensure the legitimacy of the  33
7,0,0,0,0,4,6,/ABCDEE+Times,9.96,313.25,119.18,432.77,129.14,119.18,662.86,313.25,179.23,are shown as follows.
7,0,0,0,0,59,6,/ABCDEE+Times,9.96,60.36,73.1,633.01,121.35,73.1,670.65,60.36,-21.01,"received message  . If the check shows a positive result,  51)Formal Security Verification with ROR model then  𝑉 perform the decryption of   with the secret   The formal security analysis of the proposed authentication session key    as ). As the secret   =𝐷𝐸 protocol is shown by the popular ROR model [33]. session keys are common,    signifies to  ROR model description"
7,0,0,0,0,12,6,/ABCDEE+Times,9.96,129.02,59.28,580.0,71.06,59.28,720.94,129.02,32.0,This section shows the entire notations for the ROR model.  V.Security Analysis
7,0,0,0,0,8,6,/ABCDEE+Times,9.96,329.23,48.98,568.27,58.94,48.98,733.06,329.23,43.73,Different terms of this model are shown below.
7,0,0,0,0,14,6,/ABCDEE+Times,9.96,46.8,32.28,340.74,53.76,32.28,738.24,46.8,271.26,The section deprecates the security confirmation of the proposed protocol against relevant upgraded cryptographic
7,0,0,0,0,18,10,/RBCMPJ+AdobeThai-Regular,8.0,25.26,7.0,869.26,15.0,7.0,777.0,25.26,-257.26,"1530-437X (c) 2021 IEEE. Personal use is permitted, but republication/redistribution requires IEEE permission. See http://www.ieee.org/publications_standards/publications/rights/index.html for more information."
7,0,0,0,0,20,11,/Helvetica,7.0,82.49,1.74,579.49,8.74,1.74,783.26,82.49,32.51,"Authorized licensed use limited to: University of Malaya. Downloaded on August 06,2021 at 06:40:43 UTC from IEEE Xplore.  Restrictions apply."
7,0,0,0,0,27,6,/ABCDEE+Times,9.96,46.8,-220.11,355.56,-72.5,-220.11,864.5,46.8,256.44,"attacks. However, the security measurements are shown in two formal and informal settin gs; however, effective security analysis. Finally, the mathematical proof of the protocol is illustrated."
7,0,1,0,0,3,6,"/Helvetica,Italic",9.96,46.8,-237.75,181.26,-227.79,-237.75,1019.79,46.8,430.74,Informal Security Analysis
7,0,0,0,0,17,6,/ABCDEE+Times,9.96,46.8,-263.67,375.48,-242.19,-263.67,1034.19,46.8,236.52,"As the authentication and communication take place on the insecure network, the authentication protocols are vulnerable to"
8,0,0,0,0,33,10,/RBCMPJ+AdobeThai-Regular,8.0,12.02,774.74,916.02,782.74,774.74,9.26,12.02,-304.02,"This article has been accepted for publication in a future issue of this journal, but has not been fully edited. Content may change prior to final publication. Citation information: DOI 10.1109/JSEN.2021.3097172, IEEE Sensors"
8,0,0,0,1,11,12,/Helvetica,6.96,46.8,756.84,241.68,763.8,756.84,28.2,46.8,370.32,"8  IEEE SENSORS JOURNAL, VOL. XX, NO. XX, MONTH X, XXXX"
8,1,0,0,0,6,6,"/ABCDEE+Times,Bold",9.96,62.78,722.64,292.64,732.6,722.64,59.4,62.78,319.36,Participants: The proposed protocol uses three
8,0,0,0,0,47,6,/ABCDEE+Times,9.96,62.78,656.86,366.56,720.24,656.86,71.76,62.78,245.44,"independent users, such as , 𝑉  and   for vehicle information server, vehicle A, and vehicle B, respectively. ∏ ,∏ ,and ∏  Let us assume  denote instance i, j, k of the participants, 𝑉  and  , respectively. ∏ Accepted state: An instance   is said to be an accepted"
8,0,0,0,0,18,9,/ABCDEE+Cambria Math,8.04,62.78,644.86,564.4,657.82,644.86,134.18,62.78,47.6,[ ] [ ] [ ] (1)||123state if it goes to an accepted mode after receiving the last
8,0,0,0,0,16,6,/Times New Roman,9.96,62.78,632.74,584.62,642.7,632.74,149.3,62.78,27.38,Theorem 1:  Assume an adversary ( A ) running in the  expected message from the protocol.
8,0,0,0,0,10,6,/Times New Roman,9.96,329.23,619.3,633.01,629.26,619.3,162.74,329.23,-21.01,"""polynomial time t,"" tries to obtain the session key between"
8,0,0,0,0,8,6,/ABCDEE+Cambria Math,9.96,329.23,604.78,579.58,615.1,604.78,176.9,329.23,32.42,"∏ ,and ∏     𝑝  . Then A 's"
8,0,0,0,0,4,6,/Times New Roman,9.96,341.95,600.58,476.41,610.54,600.58,181.46,341.95,135.59,over the proposed protocol
8,0,0,0,0,10,6,/Times New Roman,9.96,329.23,578.62,578.2,600.58,578.62,191.42,329.23,33.8,"advantage of breaking the semantic security over  is written as,"
8,0,0,0,0,15,6,/Times New Roman,9.96,329.23,526.27,623.05,548.62,526.27,243.38,329.23,-11.05,"(𝑡) Where,,, and represent the number of hash queries, the range of one-way hash function"
8,0,0,0,0,17,6,/Times New Roman,9.96,62.78,512.02,557.23,523.63,512.02,268.37,62.78,54.77,𝐻(.)  and the advantage of A in breaking  ECDLP.  Partnering: The partnering is based on the session
8,0,0,0,0,20,6,/ABCDEE+Times,9.96,62.78,499.78,625.51,510.19,499.78,281.81,62.78,-13.51,"Proof: The proof of this theorem is based on the following  identifier () and partner identifier (), where sid can"
8,0,0,0,0,20,6,/Times New Roman,9.96,62.78,487.66,540.49,497.83,487.66,294.17,62.78,71.51,"four games, say  𝐺 ,𝑖 ∈[0,3] . Furthermore, consider be identified as a function of all sent and received protocol"
8,0,0,0,0,23,6,/ABCDEE+Cambria Math,9.96,62.78,474.94,579.76,487.18,474.94,304.82,62.78,32.24,"21 ,,𝑖 ∈[0,3]  as an event where  A  guesses the bit  in  , and  is an  and ∏  messages by the instances  ∏"
8,0,0,0,0,24,6,/Times New Roman,9.96,62.78,461.59,604.96,474.27,461.59,317.73,62.78,7.04,"Formal security proof  instance with which a shared secret key is established.  the game  𝐺 and wins, where  𝐺 represents a real attack on"
8,0,0,0,0,20,6,/Times New Roman,9.96,329.23,448.99,618.07,462.15,448.99,329.85,329.23,-6.07,The difference lemma has been used for a formal security   and  𝐺 shows that A has the minimal advantage of
8,0,0,0,0,15,6,/Times New Roman,9.96,329.23,427.81,565.42,445.15,427.81,346.85,329.23,46.58,breaking the   security in 𝑝. Lemma 1 (Difference Lemma):  Consider B  ¬ B B13 2
8,0,0,0,0,13,6,/ABCDEE+Cambria Math,9.96,329.23,422.95,575.86,432.91,422.95,359.09,329.23,36.14,Game  𝑮 : A begins with  𝐺  by selecting a bit  and  0
8,0,0,0,0,27,6,/Times New Roman,9.96,329.23,403.45,602.11,425.53,403.45,366.47,329.23,9.89,"¬ B , where B , B , and B are the events defined in some  3123 launching a real attack on 𝑝. Therefore, probability distribution, then,"
8,0,0,0,0,7,8,/ABCDEE+Cambria Math,9.0,405.43,395.95,565.72,405.79,395.95,386.21,405.43,46.28,( ) | [ ] |=2.1 (3)0
8,1,0,0,0,9,6,"/Times New Roman,Bold",9.96,329.23,379.27,595.81,389.23,379.27,402.77,329.23,16.19,"Game  𝑮 : This game corresponds to ""an eavesdropping"
8,0,0,0,0,16,6,/Times New Roman,9.96,329.23,351.05,568.57,376.73,351.05,415.27,329.23,43.43,"attack"" in which  A  can have access to all the communicating messages between  ∏ ,and ∏"
8,0,0,0,0,107,6,/ABCDEE+Cambria Math,9.96,62.78,285.7,626.05,348.37,285.7,443.63,62.78,-14.05,"21 authentication and communication phase. A  ∏   are said to be a  and ∏  Therefore, two instances ) ,∏  oracle and send  performs 𝐸𝑋𝐶 ( ∏ partner if the following conditions are satisfied, 1) 1 2 1 2 ) ∏  ∏  a 𝑇𝑆𝑇 ( ∏ oracle to determine if the outcome is a session  and ∏   accept, 2) and ∏  share the same, 21 key or random value. The session key is generated by ∏  are same, 4) no instances other than and ∏  3)  for 2121 as 𝑆 || 𝐾 ). On the other  ∏  ∏  . and ∏  accepts with a  equal to and ∏"
8,0,0,0,1,3,12,/ABCDEE+Cambria Math,6.96,334.15,284.93,393.67,294.89,284.93,497.11,334.15,218.33,𝐵   =𝐻 2
8,0,0,0,0,14,6,/ABCDEE+Cambria Math,9.96,62.78,271.3,555.16,283.49,271.3,508.51,62.78,56.84,"hand,  generates the same session key as  S∏ or ∏  𝐴  VGB = Freshness:"
8,0,0,0,0,6,6,/ABCDEE+Times,9.96,129.02,267.1,273.44,277.06,267.1,514.94,129.02,338.56,is fresh if the session key
8,0,0,0,0,59,6,/ABCDEE+Cambria Math,9.96,62.78,230.62,577.84,271.01,230.62,520.99,62.78,34.16,H (PID ||PID || K ). To determine the 2VVVGB  = AB 𝑆between  𝑉 and are not discovered by the 𝐾 )∗(𝐽 𝑉 ) = (𝑐adversary (A) by the reveal 𝑅𝑉𝐿 ( ∏ ) query.   +𝐸 +𝐵 +𝐷 needs to know the  𝑃𝐾 and the random number  C .  VAdversary: An active adversary tries to intercept all the  x
8,0,0,0,0,17,6,/Times New Roman,9.96,62.78,218.5,584.74,229.37,218.5,562.63,62.78,27.26,"Therefore, the chance of winning the game for A has never  communicating messages among the participants by"
8,0,0,0,0,18,6,/ABCDEE+Cambria Math,9.96,62.78,205.73,580.3,216.34,205.73,575.66,62.78,31.7,"simulating real attacks using ""execute, send, reveal, and  increased by eavesdropping, which reflects  𝐺 and  𝐺  are  01"
8,0,0,0,0,11,6,/ABCDEE+Times,9.96,62.78,193.7,448.75,204.34,193.7,587.66,62.78,163.25,"test"" queries. All the queries are explained as follows.   equivalent. Therefore,"
8,0,0,0,0,15,9,/ABCDEE+Cambria Math,8.04,62.78,181.34,564.4,191.5,181.34,600.5,62.78,47.6,"Execute query  𝐸𝑋𝐶 ( ∏  ,∏  ): All the messages   [ ] [ ] (4)=01"
8,0,0,0,0,10,6,/ABCDEE+Cambria Math,9.96,62.78,168.82,322.79,179.14,168.82,612.86,62.78,289.21,"∏ exchanged by the instances , and ∏  are intercepted"
8,1,0,0,0,11,6,"/Times New Roman,Bold",9.96,329.23,164.78,595.81,174.74,164.78,617.26,329.23,16.19,"Game  𝑮 : In this game, the hash query simulation is"
8,0,0,0,0,7,6,/ABCDEE+Times,9.96,62.78,156.7,286.88,166.66,156.7,625.34,62.78,325.12,(eavesdropped) with the help of this query.
8,0,0,0,0,10,6,/Times New Roman,9.96,329.23,152.66,633.01,162.62,152.66,629.38,329.23,-21.01,considered so that the active attack scenario can be tested.
8,0,0,0,0,23,6,/ABCDEE+Times,9.96,62.78,140.3,631.45,153.68,140.3,638.32,62.78,-19.45,"Send query 𝑆𝑁𝐷 ( ∏ , 𝑚): A  sends  as a message to an   A  sends fabricated messages to the participants to perform"
8,0,0,0,0,18,6,/ABCDEE+Cambria Math,9.96,62.78,126.26,537.73,139.76,126.26,652.24,62.78,74.27,∏ instance  expecting a response to perform an active  an active attack. A  needs to undertake the  M
8,0,0,0,0,10,6,/ABCDEE+Cambria Math,9.96,329.23,109.58,496.24,121.58,109.58,670.42,329.23,115.76,"{PID ,J ,B ,D ,T } and MVVVISVV14 = AAVAXA"
8,0,0,0,0,13,6,/ABCDEE+Times,9.96,62.78,104.36,318.47,114.32,104.36,677.68,62.78,293.53,Reveal query  𝑅𝑉𝐿 ( ∏  ): An adversary ( A) can get the
8,0,0,0,0,11,6,/ABCDEE+Cambria Math,9.96,329.23,97.1,563.08,107.06,97.1,684.94,329.23,48.92,"{PID ,J ,B ,D ,T ,V } to generate an  VVVISVV2VGABBVBBB"
8,0,0,0,0,11,6,/ABCDEE+Times,9.96,62.78,90.2,330.29,100.52,90.2,691.48,62.78,281.71,∏ current session key between the and its partner by the
8,0,0,0,0,11,6,/Times New Roman,9.96,329.23,83.42,604.0,93.38,83.42,698.62,329.23,8.0,"authentication key. On the other hand, A needs all the secret"
8,0,0,0,0,11,6,/Times New Roman,9.96,329.23,69.74,585.22,79.7,69.74,712.3,329.23,26.78,"keys and random numbers to generate  S , which cannot  VGX"
8,0,0,0,0,12,6,/ABCDEE+Times,9.96,62.78,65.12,316.76,75.08,65.12,716.92,62.78,295.24,Test query  𝑇𝑆𝑇 ( ∏  ): A  requests the session key to
8,0,0,0,0,8,6,/Times New Roman,9.96,329.23,57.74,608.11,67.7,57.74,724.3,329.23,3.89,be obtained through the communicating messages and the
8,0,0,0,0,13,6,/ABCDEE+Cambria Math,9.96,62.78,50.84,355.46,61.16,50.84,730.84,62.78,256.54,"∏  and get a reply with an outcome of session key if c=1,"
8,0,0,0,0,9,6,/Times New Roman,9.96,329.23,45.62,588.19,55.58,45.62,736.42,329.23,23.81,queries as the randomness of the message ensures no
8,0,0,0,0,11,6,/ABCDEE+Times,9.96,62.78,38.6,311.78,48.56,38.6,743.44,62.78,300.22,"or a random number if c=0; otherwise, it is null ()."
8,0,0,0,0,8,6,"/ABCDEE+Times,Bold",9.96,62.78,26.12,336.83,36.08,26.12,755.92,62.78,275.17,Semantic security of session key:A needs to differentiate
8,0,0,0,0,9,6,/ABCDEE+Times,9.96,62.78,12.44,316.79,22.4,12.44,769.6,62.78,295.21,between the original session key  𝑆and random key in
8,0,0,0,0,18,10,/RBCMPJ+AdobeThai-Regular,8.0,25.26,7.0,869.26,15.0,7.0,777.0,25.26,-257.26,"1530-437X (c) 2021 IEEE. Personal use is permitted, but republication/redistribution requires IEEE permission. See http://www.ieee.org/publications_standards/publications/rights/index.html for more information."
8,0,0,0,0,107,6,/ABCDEE+Times,9.96,62.78,-104.83,579.49,9.8,-104.83,782.2,62.78,32.51,"the experiment. Moreover, A can execute many Authorized licensed use limited to: University of Malaya. Downloaded on August 06,2021 at 06:40:43 UTC from IEEE Xplore.  Restrictions apply. , or ∏  . Responses of  are returned at the  queries to ∏ end of the experiment; however, the consistency of  is essential. On the other hand, A can win the game if 𝑐 = 𝑐 ′ . Consider   as an event where A wins and  is the advantage of A of breaking the semantic security of proposed privacy-preserving lightweight authentication =[2.𝑃 [𝑊𝐼𝑁]−1]scheme (), say p, then . On the other hand, it can be said that  is secure if"
8,0,0,0,0,9,6,/ABCDEE+Times,9.96,83.06,-117.43,240.11,-103.75,-117.43,895.75,83.06,371.89,≤ η   for any small value η > 0.
8,1,0,0,0,5,6,"/ABCDEE+Times,Bold",9.96,62.78,-130.51,182.3,-120.55,-130.51,912.55,62.78,429.7,Random oracle:  All the participants
8,0,0,0,0,5,6,/ABCDEE+Cambria Math,9.96,62.78,-145.02,130.88,-134.7,-145.02,926.7,62.78,481.12,"∏ ,∏ ,and ∏  ("
8,0,0,0,0,23,6,/ABCDEE+Times,9.96,62.78,-206.94,333.44,-170.82,-206.94,962.82,62.78,278.56,"A ) has access to   ) and the adversary ( the one-way hash function ℎ(.), which is further known as a hash oracle."
9,0,0,0,0,33,10,/RBCMPJ+AdobeThai-Regular,8.0,12.02,774.74,916.02,782.74,774.74,9.26,12.02,-304.02,"This article has been accepted for publication in a future issue of this journal, but has not been fully edited. Content may change prior to final publication. Citation information: DOI 10.1109/JSEN.2021.3097172, IEEE Sensors"
9,0,0,0,1,11,12,/Helvetica,6.96,46.8,756.84,241.68,763.8,756.84,28.2,46.8,370.32,"8  IEEE SENSORS JOURNAL, VOL. XX, NO. XX, MONTH X, XXXX"
9,0,0,0,0,11,14,/ABCDEE+Cambria Math,5.52,62.78,722.64,454.78,736.56,722.64,55.44,62.78,157.22,"{𝐾 }collision in the hash digests. Therefore, from the result of"
9,0,0,0,0,3,9,/ABCDEE+Times,8.04,385.51,721.68,427.93,729.72,721.68,62.28,385.51,184.07,:   |≡ 8
9,0,0,0,0,4,14,/ABCDEE+Cambria Math,5.52,62.78,710.52,455.38,722.28,710.52,69.72,62.78,156.62,"{𝐾 }the birthday paradox,"
9,0,0,0,0,3,9,/ABCDEE+Times,8.04,385.51,707.4,428.53,715.44,707.4,76.56,385.51,183.47,:   |≡ 9
9,0,0,0,0,3,9,/ABCDEE+Cambria Math,8.04,117.62,692.5,427.93,702.34,692.5,89.66,117.62,184.07,:   |≡ (5)10[][]
9,0,0,0,0,3,9,/ABCDEE+Times,8.04,385.39,681.1,428.53,689.14,681.1,102.86,385.39,183.47,:   |≡ 11
9,0,0,0,0,22,6,"/Times New Roman,Bold",9.96,62.78,667.78,593.17,680.26,667.78,111.74,62.78,18.83,Game  𝑮 : A  tries to get the actual session key by  VGx  The idealization based on the message passes in the
9,0,0,0,0,14,6,/Times New Roman,9.96,62.78,655.66,523.45,666.34,655.66,125.66,62.78,88.55,attempting eavesdropping. A does not know the secret key  authentication phases are as follows.
9,0,0,0,0,20,9,/ABCDEE+Cambria Math,8.04,62.78,642.7,500.38,654.58,642.7,137.42,62.78,111.62,"Message 3 ( ): {  ,𝐽 ,𝐵 ,𝐷 ,𝑇 } 31to compute  or 𝐾. On the other hand, retrieving the"
9,0,0,0,1,2,12,/ABCDEE+Cambria Math,6.96,115.1,643.66,163.94,650.62,643.66,141.38,115.1,448.06,VGA  VGB
9,0,0,0,0,38,9,/ABCDEE+Cambria Math,8.04,62.78,618.1,527.74,640.42,618.1,151.58,62.78,84.26,"random number  from  is not feasible as per the   o Idealized for of  , 𝑉 } 3 ∶ ⟶ 𝑉 ∶{ 𝑇1VX VX Message 4 ( ):  ,𝐽 ,𝐵 ,𝐷 ,𝑇 ,𝑉 } computational hardness of. Hence, 42"
9,0,0,0,0,13,9,/ABCDEE+Cambria Math,8.04,104.54,604.78,529.54,614.5,604.78,177.5,104.54,82.46,"o Idealized for of   , 𝑉 } [][](6)2.()4 ∶ ⟶ 𝑉 ∶{ 𝑇223"
9,0,0,0,0,9,7,/Times New Roman,9.48,62.78,590.38,356.66,599.86,590.38,192.14,62.78,255.34,As the session keys are generated independently and randomly
9,0,0,0,0,12,6,/ABCDEE+Times,9.96,329.23,583.9,623.05,593.86,583.9,198.14,329.23,-11.05,"Now the goals are needed to be proved based on the rules,"
9,0,0,0,0,16,7,/Times New Roman,9.48,62.78,577.54,314.3,587.5,577.54,204.5,62.78,297.7,"by  and 𝑉 , A does not have any knowledge of the bit  𝑐.  A B"
9,0,0,0,0,8,6,/ABCDEE+Times,9.96,329.23,571.9,633.01,581.86,571.9,210.14,329.23,-21.01,"idealizations, and assumptions. The proofs are as follows."
9,0,0,0,0,4,6,/ABCDEE+Times,9.96,329.23,559.54,380.53,569.5,559.54,222.5,329.23,231.47,"From  𝑀 ,  3"
9,0,0,0,1,9,9,/ABCDEE+Cambria Math,8.04,147.86,547.66,436.51,557.98,547.66,234.02,147.86,175.49,"(7)[]= :    ⊲ ( 𝑇  , 𝑉 ) 3"
9,0,0,0,0,8,6,/ABCDEE+Cambria Math,9.96,329.23,533.47,536.11,543.43,533.47,248.57,329.23,75.89,"From  ,𝐴  and the massage meaning rule,  19"
9,0,0,0,0,6,7,/Times New Roman,9.48,62.78,529.87,219.2,539.35,529.87,252.65,62.78,392.8,"From equation (3), (4), and (7),"
9,0,0,0,1,9,9,/ABCDEE+Cambria Math,8.04,88.58,518.47,458.8,529.63,518.47,262.37,88.58,153.2,":    |≡ 𝑉  |~  ( 𝑇 , 𝑉 )21111"
9,0,0,0,0,7,9,/ABCDEE+Cambria Math,8.04,132.98,507.55,508.87,521.11,507.55,270.89,132.98,103.13,"(8)[][]||=||01 From ,𝐴  and the freshness rule,"
9,0,0,0,0,17,9,/Times New Roman,8.04,62.78,491.95,475.27,503.71,491.95,288.29,62.78,136.73,":    |≡  |≡ (  ) [Proved: G4]3By using (5) to (7), lemma 1, and triangular inequality, we"
9,0,0,0,0,4,6,/ABCDEE+Times,9.96,62.78,479.95,380.53,492.55,479.95,299.45,62.78,231.47,"From  𝑀 ,  4get,"
9,0,0,0,1,11,14,/ABCDEE+Cambria Math,5.52,86.54,470.59,436.27,479.59,470.59,312.41,86.54,175.73,"]+ 𝑃[𝑊𝐼𝑁 ] :    ⊲ ( 𝑇  , 𝑉 ) 13122342"
9,0,0,0,0,10,14,/ABCDEE+Cambria Math,5.52,62.78,456.55,533.77,469.75,456.55,322.25,62.78,78.23,"]|+|𝑃[𝑊𝐼𝑁 ]|                                      ≤|𝑃[𝑊𝐼𝑁1223 From   ,𝐴  and the massage meaning rule,"
9,0,0,0,1,10,9,/ABCDEE+Cambria Math,8.04,190.37,441.79,456.88,452.59,441.79,339.41,190.37,155.12,":   |≡ 𝑉 𝐵  |~  ( 𝑇 , 𝑉 )52(9)+2.()"
9,0,0,0,0,7,6,/ABCDEE+Cambria Math,9.96,329.23,430.51,503.89,440.47,430.51,351.53,329.23,108.11,"From ,𝐴  and the freshness rule, 57"
9,0,0,0,0,13,9,/Times New Roman,8.04,62.78,418.75,463.84,429.91,418.75,362.09,62.78,148.16,"Now, from (7), (8), and (9),  :  |≡  |≡ ( ) [Proved: ]"
9,0,0,0,0,7,6,/ABCDEE+Cambria Math,9.96,136.94,405.55,522.67,418.87,405.55,373.13,136.94,89.33,"21 From   ,𝐴  and the jurisdiction rule,"
9,0,0,0,0,6,9,/ABCDEE+Cambria Math,8.04,93.14,401.59,239.75,409.99,401.59,382.01,93.14,372.25,[ ]| | + ( )1
9,0,0,0,0,8,9,/ABCDEE+Cambria Math,8.04,136.94,393.67,449.53,404.47,393.67,387.53,136.94,162.47,| |22. :  𝑉|≡ (  ) [Proved: ]
9,0,0,0,0,20,6,/ABCDEE+Times,9.96,62.78,380.23,553.33,390.79,380.23,401.21,62.78,58.67,"From S6 and A10 and the jurisdiction rule as,So, from (8) and (10), we get the required result as (11)."
9,0,0,0,0,8,9,/ABCDEE+Cambria Math,8.04,100.1,367.97,448.69,379.15,367.97,412.85,100.1,163.31,2 :  𝑉|≡ (  ) [Proved: 𝑮 ]1
9,0,0,0,0,3,9,/ABCDEE+Cambria Math,8.04,179.06,361.85,229.91,369.89,361.85,422.11,179.06,382.09,+ ( )
9,0,0,0,0,11,6,/ABCDEE+Cambria Math,9.96,100.1,355.37,621.37,365.33,355.37,426.67,100.1,-9.37,The 𝑆 to 𝑆  statements prove the mutual authentication and  ||22.18
9,0,0,0,0,9,6,/ABCDEE+Times,9.96,150.98,343.25,613.09,353.21,343.25,438.79,150.98,-1.09,the key agreement between the communicating vehicles in  2
9,0,0,0,0,4,9,/ABCDEE+Cambria Math,8.04,168.74,331.13,443.77,343.01,331.13,448.99,168.74,168.23,(11)+2.() the proposed protocol.
9,0,1,0,0,7,8,"/Helvetica,Italic",9.0,308.69,320.81,574.33,329.81,320.81,462.19,308.69,37.67,3) Formal Security Verification using AVISPA: Simulation
9,0,1,0,0,14,6,"/Helvetica,Italic",9.96,42.24,298.37,585.19,312.05,298.37,479.95,42.24,26.81,"2) Formal Security Verification with BAN Logic  The  AVISPA  [35], a well-accepted formal security"
9,0,1,0,0,10,6,"/ABCDEE+Times,Italic",9.96,62.78,290.93,335.6,300.89,290.93,491.11,62.78,276.4,BAN  logic helps to build the formal validation of an
9,0,0,0,0,11,6,/ABCDEE+Times,9.96,329.23,286.37,633.01,296.33,286.37,495.67,329.23,-21.01,"verification tool, is used to prove the security, such as a"
9,0,0,0,0,7,6,/ABCDEE+Times,9.96,62.78,278.93,311.78,288.89,278.93,503.11,62.78,300.22,authentication scheme over a shared network. The
9,0,0,0,0,8,6,/ABCDEE+Times,9.96,329.23,274.25,613.09,284.21,274.25,507.79,329.23,-1.09,replay attack and man- in-the-middle attack against the
9,0,0,0,0,9,6,/ABCDEE+Times,9.96,62.78,266.81,356.6,276.77,266.81,515.23,62.78,255.4,mentioned logic can determine the data dependency and the
9,0,0,0,0,8,6,/ABCDEE+Times,9.96,329.23,262.13,597.49,272.09,262.13,519.91,329.23,14.51,proposed protocol. AVISPA  is written in the High-Level
9,0,0,0,0,8,6,/ABCDEE+Times,9.96,62.78,254.81,351.62,264.77,254.81,527.23,62.78,260.38,protection against the message alteration and sniff. The
9,0,0,0,0,7,6,/ABCDEE+Times,9.96,329.23,250.13,557.44,260.09,250.13,531.91,329.23,54.56,"Protocols Specification Language (HLPSL), and SPAN [36]"
9,0,0,0,0,9,6,/ABCDEE+Times,9.96,62.78,242.69,361.58,252.65,242.69,539.35,62.78,250.42,"BAN logic uses a set of rules, assumptions, idealizations,"
9,0,0,0,0,54,6,/ABCDEE+Times,9.96,329.23,177.62,605.89,247.97,177.62,544.03,329.23,6.11,"helps to write in the hlpsl specification. The hlpsl is converted to the machine level language, intermediate format (IF), to read by the back-end of the AVISPA such as i) On-t he-Fly Model-Checker ( OFMC ), ii) ConstraintLogic-based Attack Searcher ( CL-AtSe), iii) SAT-base d Model-Checker (SATMC ) and iv) Tree Automata based on"
9,0,0,0,0,44,9,/ABCDEE+Times,8.04,62.78,130.94,637.99,178.46,130.94,613.54,62.78,-25.99,Goal    :   |≡ (  ) 1 Protocol Analyzer ( TA4SP ) to check satisfactory results. Goal    :   |≡ (  ) 2 The tools specification and results on the proposed protocol Goal    :   |≡  |≡ (  ) 3 Goal    :   |≡  |≡ (  ) 4
9,0,0,0,0,18,6,/ABCDEE+Times,9.96,62.78,117.62,351.62,131.93,117.62,660.07,62.78,260.38,and statements to prove the chosen goals. The interested The assumptions based on the protocols are as follows.
9,0,0,0,0,15,9,/ABCDEE+Times,8.04,62.78,108.86,356.6,119.93,108.86,672.07,62.78,255.4,readers may refer to [34] for a better understanding. The    :  |≡ # (T )
9,0,0,0,1,3,14,/ABCDEE+Cambria Math,5.52,118.94,109.58,183.74,115.22,109.58,676.78,118.94,428.26,1 V 1A
9,0,0,0,0,16,9,/ABCDEE+Times,8.04,62.78,97.85,371.54,107.81,97.85,684.19,62.78,240.46,BAN logic ensures that the different vehicles use the shared   :  |≡ # ( ) 2
9,0,0,0,0,12,9,/ABCDEE+Cambria Math,8.04,62.78,85.7,261.98,96.26,85.7,695.74,62.78,350.02,:   |≡ # (T ) secret key in the proposed protocol.    3V2A
9,0,0,0,0,15,9,/ABCDEE+Times,8.04,62.78,73.7,311.78,85.58,73.7,706.42,62.78,300.22,:   |≡ # (  ) 4The goal of the scheme is to prove the following.
9,0,0,0,1,19,9,/ABCDEE+Cambria Math,8.04,119.06,45.86,194.72,75.62,45.86,716.38,119.06,417.28,:   𝑉 |≡ # (T ) 5V1A :   |≡ # (T ) 6V1B :   |≡ # (T  ) 7V1B
9,0,0,0,0,6,6,/ABCDEE+Times,9.96,329.23,32.78,533.41,42.74,32.78,749.26,329.23,78.59,are discussed in the following sections.
9,0,1,0,0,20,8,"/Times New Roman,Italic",9.0,25.26,7.0,869.26,18.62,7.0,773.38,25.26,-257.26,"a) HLPSL specification1530-437X (c) 2021 IEEE. Personal use is permitted, but republication/redistribution requires IEEE permission. See http://www.ieee.org/publications_standards/publications/rights/index.html for more information."
9,0,0,0,0,20,11,/Helvetica,7.0,82.49,1.74,579.49,8.74,1.74,783.26,82.49,32.51,"Authorized licensed use limited to: University of Malaya. Downloaded on August 06,2021 at 06:40:43 UTC from IEEE Xplore.  Restrictions apply."
9,0,0,0,0,7,6,/ABCDEE+Times,9.96,329.23,-5.5,573.25,4.46,-5.5,787.54,329.23,38.75,Communication can take place securely if mutual
9,0,0,0,0,4,9,/ABCDEE+Cambria Math,8.04,0.0,-8.04,8.04,0.0,-8.04,792.0,0.0,603.96,= 𝑞 ≤ ≤
9,0,0,0,0,31,6,/ABCDEE+Times,9.96,329.23,-162.45,583.0,-116.25,-162.45,908.25,329.23,29.0,"authentication occurs securely. Therefore, the authentication phase is tested under AVISPA  tools. The basic rolls for the tools are vehicle_a (VA), vehicle_b (VB), and vehicle_info_server ( VIS). However, there are two"
10,0,0,0,0,33,10,/RBCMPJ+AdobeThai-Regular,8.0,12.02,774.74,916.02,782.74,774.74,9.26,12.02,-304.02,"This article has been accepted for publication in a future issue of this journal, but has not been fully edited. Content may change prior to final publication. Citation information: DOI 10.1109/JSEN.2021.3097172, IEEE Sensors"
10,0,0,0,1,11,12,/Helvetica,6.96,46.8,756.84,241.68,763.8,756.84,28.2,46.8,370.32,"8  IEEE SENSORS JOURNAL, VOL. XX, NO. XX, MONTH X, XXXX"
10,0,0,0,0,144,6,/ABCDEE+Times,9.96,62.78,599.98,593.23,732.6,599.98,59.4,62.78,18.77,"more roles called environmental roles and session roles. As the tools work on the authentication phase, the prior specification is assumed to be protected. Accordingly, VA changes its state from 0 to 1 and sends an authentication request to the VB with secrecy on the ephemeral secret. On the other hand, VB receives the message from the VA and changes the status to 1. Then VB calculate the key and verifier and session key and set two secrecy goals as secret  Proof 1: Assume the vehicle  𝑉 wants to communicate to the ({Kvgx^' },s3,{VA,VB})  and   𝑠 ecret( {Ccvb'},s2,{VB}). On   vehicle 𝑉 .   sends a registration request to  𝑉. On that same the same note, VB sets an authentication goal on the key as notation,  computes 𝐾  and  computes 𝐾 . Therefore,  𝐵 witness(VA,VB,va_vb_kvgx, Kvgx'). VB sends the required  we need to proof   =  ."
10,0,0,0,0,55,9,/ABCDEE+Cambria Math,8.04,62.78,553.3,520.24,599.5,553.3,192.5,62.78,91.76,"parameters to VA to generate the key and verifies the   ))∗(𝐽 =(𝑐 +𝐸 +𝐵 +𝐷 verifier. Alternatively, VA changes the status to 2 and   =(𝑐  𝑉 ∗G))∗(𝑐VIS +𝐸 ∗SK [Substitute 𝐽  value as  𝐽receives the parameters sent by VB. Eventually, VA =𝑐  =𝑏 ∗G ]   =SKVIScalculates the key and check for the authentication goal as"
10,0,0,0,0,25,9,/ABCDEE+Cambria Math,8.04,333.43,512.23,546.82,556.3,512.23,235.7,333.43,65.18,=(𝑐 +𝑏 ))∗𝐺)∗(𝑐VIS +𝐸 +(𝐷 ∗SK =(𝑐     [ Substiture 𝐸 value as ])∗(𝑐 +𝐸 +𝐸 =(𝑐 )∗(𝑐 +𝐸  +𝐸 =(𝑐 +𝑏 ))∗𝐺)∗(𝑐VIS +𝐸 +(𝐷 ∗SK
10,0,0,0,0,4,9,/Times New Roman,8.04,313.25,504.55,537.16,512.59,504.55,279.41,313.25,74.84,[ Substiture 𝐸 value]
10,0,0,0,0,5,9,/ABCDEE+Cambria Math,8.04,333.43,490.75,520.24,501.55,490.75,290.45,333.43,91.76,=(𝑐  𝑉 ∗G))∗(𝑐VIS +𝐸 ∗SK
10,0,0,0,0,5,9,/ABCDEE+Cambria Math,8.04,363.67,479.71,515.68,490.51,479.71,301.49,363.67,96.32,=(𝑐 ))∗(𝐽 +𝐸 +𝐵 +𝐷
10,0,0,0,0,6,9,/ABCDEE+Cambria Math,8.04,353.71,469.39,507.28,480.19,469.39,311.81,353.71,104.72,[Substitute 𝐽  value as =𝑐  =𝑏
10,0,0,0,1,2,9,/Times New Roman,8.04,377.71,460.03,440.53,469.75,460.03,322.25,377.71,171.47,]   =𝑆𝐾
10,0,0,0,1,1,9,/ABCDEE+Cambria Math,8.04,333.43,452.23,341.47,460.27,452.23,331.73,333.43,270.53,=𝐾
10,0,0,0,0,10,6,/ABCDEE+Times,9.96,323.35,439.27,595.0,449.23,439.27,342.77,323.35,17.0,"Therefore, we can say that and 𝐾  are equivalent and"
10,0,1,0,0,7,6,"/ABCDEE+Times,Italic",9.96,62.78,433.78,326.21,443.74,433.78,348.26,62.78,285.79,"request(VA,VB,va_vb_kvgx, Kvgx') to make sure about the"
10,0,0,0,0,4,6,/ABCDEE+Times,9.96,313.25,427.15,442.73,437.11,427.15,354.89,313.25,169.27,sharing the same values.
10,0,0,0,0,9,6,/ABCDEE+Times,9.96,62.78,421.63,315.74,431.59,421.63,360.41,62.78,296.26,mutual authentication. VA sets two more secrecy goals as
10,0,1,0,0,5,6,"/ABCDEE+Times,Italic",9.96,62.78,408.67,520.03,419.59,408.67,372.41,62.78,91.97,"secret({Kvgx},s4,{VA,VB}) and secret({Ccva},s5,{VA}).  Curve =brainpoolP160r1"
10,1,0,0,0,3,12,"/Times New Roman,Bold",6.96,313.25,408.55,372.41,415.51,408.55,376.49,313.25,239.59,Parameters of VIS
10,0,1,0,0,5,12,"/Times New Roman,Italic",6.96,459.94,392.23,550.54,407.47,392.23,384.53,459.94,61.46,"= 14581…98098 = 71294…90911, 64807…41493"
10,0,0,0,1,53,12,/Times New Roman,6.96,324.91,303.05,553.3,382.75,303.05,409.25,324.91,58.7,"= 19825…66860 = 12658 79033 = 187115…336174, 78771…793927 = 76477 48690, 56541 45940 = IDXDV01 = IDXDV02 = 12050…57720 = 54760…16088 = 53014…27478, 56491…640230 = 95655…31507, 53450…72921 = 42657 561944, 28870 73444 = 41077 31081, 11296 08750 = 53502…38143 = 50263…95060 = 78013 09734 = 73290 11968 = 60957 24671 = 48132 74768"
10,0,0,0,0,14,12,/Times New Roman,6.96,46.8,293.93,547.9,303.55,293.93,488.45,46.8,64.1,"Fig.  6. AVISPA results  = 86419 66709, 10710 30925 = 11622 67509, 59308 30183"
10,0,0,0,0,10,12,/Times New Roman,6.96,330.67,284.81,557.62,291.77,284.81,500.23,330.67,54.38,"= 20753 20195, 11770 17339 = 20753 20195, 117706 17339"
10,0,0,0,0,6,12,/Times New Roman,6.96,68.42,270.55,507.46,283.49,270.55,508.51,68.42,104.54,= 88e01 568a9 = 88e01 568a9b)ResultAnalysis
10,0,0,0,0,5,12,/Times New Roman,6.96,329.23,268.37,505.06,275.33,268.37,516.67,329.23,106.94,= 90cd7 c701c = 90cd7…c701c
10,0,0,0,0,39,6,/ABCDEE+Times,9.96,62.78,232.25,558.47,266.33,232.25,525.67,62.78,53.53,"Possible threats to the proposed protocol are measured by  Fig.  7. Values of all the parameters in a tested scenario. the use of OFMC  and CL-Atse back-ends. On the other hand, the proposed scheme uses five different secrecy goals"
10,0,0,0,0,17,6,/ABCDEE+Times,9.96,313.25,170.53,597.11,192.85,170.53,599.15,313.25,14.89,the proposed authentication protocol's correctness. Our proposed protocol ( 𝑆) is secure for a given input sample
10,0,0,0,0,16,6,/ABCDEE+Cambria Math,9.96,313.25,158.27,577.9,168.23,158.27,623.77,313.25,34.1,"space 𝑖 ∈ 𝐹 𝑃 , a transformed output sample space  𝑜 ∈ 𝐹 𝑃  and"
10,0,0,0,0,5,9,/ABCDEE+Cambria Math,8.04,333.43,152.54,481.72,160.58,152.54,631.42,333.43,130.28,=𝐻  𝐾 value]|| 𝐾) [Substitute2
10,0,0,0,0,11,6,/ABCDEE+Times,9.96,313.25,145.91,602.62,155.87,145.91,636.13,313.25,9.38,"a random keyspace  𝑃 , where  is the finite field. The"
10,0,0,0,1,2,9,/Times New Roman,8.04,313.25,142.22,325.31,150.26,142.22,641.74,313.25,286.69,= 𝑉
10,0,0,0,0,15,6,/ABCDEE+Times,9.96,313.25,129.38,577.33,143.87,129.38,648.13,313.25,34.67,statements and the proofs are given below. The correctness of the verifiers has been proven.
10,1,1,0,0,23,6,"/ABCDEE+Times,BoldItalic",9.96,313.25,117.38,547.31,134.69,117.38,657.31,313.25,64.69,Statement 2:  Both the communicating elements calculate  Statement 1:  Both the communicating parties compute the Statement 3:  Both the communicating components share the
10,0,0,0,0,24,6,/ABCDEE+Times,9.96,62.78,109.43,532.37,122.69,109.43,669.31,62.78,79.63,on the local parameters and one authenticity goal on the VAcommon verifier in the scheme 𝑆.  common keys for authentication in the scheme 𝑆.
10,0,0,0,0,7,6,/ABCDEE+Times,9.96,313.25,105.02,472.61,114.98,105.02,677.02,313.25,139.39,mutual session key in the scheme 𝑆.
10,0,0,0,0,19,6,/ABCDEE+Times,9.96,62.78,100.37,607.87,110.57,100.37,681.43,62.78,4.13,"and  VB secret key. Moreover, an intruder with the   Proof 2: Computed keys cannot be shared through the public"
10,1,0,0,0,12,6,"/ABCDEE+Times,Bold",9.96,313.25,92.9,597.11,102.86,92.9,689.14,313.25,14.89,Proof 3:  As the verifiers are to verify the correctness of the
10,0,0,0,0,18,6,/ABCDEE+Times,9.96,62.78,88.1,579.58,98.45,88.1,693.55,62.78,32.42,"knowledge of the transfer messages is implemented on the  media as it is vulnerable. Therefore,  and  𝑉 calculate"
10,0,0,0,0,10,6,/ABCDEE+Times,9.96,313.25,80.9,626.99,90.86,80.9,701.14,313.25,-14.99,"algorithm and are already share in the public network, anyone"
10,0,0,0,0,35,6,/ABCDEE+Times,9.96,62.78,63.38,634.51,86.45,63.38,705.55,62.78,-22.51,"environment role. Additionally, OFMC and CL-Atse check   and  , respectively, as the verifier. Alternatively, it for the replay attack and the session with the intruder.  needs to be shown that  𝑉 and  are the same."
10,0,0,0,1,4,9,/ABCDEE+Cambria Math,8.04,340.39,53.06,414.61,62.78,53.06,729.22,340.39,197.39,|| 𝐾 ) =𝐻2
10,0,0,0,0,18,10,/RBCMPJ+AdobeThai-Regular,8.0,25.26,7.0,869.26,15.0,7.0,777.0,25.26,-257.26,"1530-437X (c) 2021 IEEE. Personal use is permitted, but republication/redistribution requires IEEE permission. See http://www.ieee.org/publications_standards/publications/rights/index.html for more information."
10,0,0,0,0,20,11,/Helvetica,7.0,82.49,1.74,579.49,8.74,1.74,783.26,82.49,32.51,"Authorized licensed use limited to: University of Malaya. Downloaded on August 06,2021 at 06:40:43 UTC from IEEE Xplore.  Restrictions apply."
10,0,0,0,0,11,6,/ABCDEE+Times,9.96,313.25,-39.81,641.93,-29.85,-39.81,821.85,313.25,-29.93,"can get that value. Therefore, a secret session key is required,"
10,0,0,0,0,88,6,/ABCDEE+Times,9.96,62.78,-127.66,629.83,-42.09,-127.66,834.09,62.78,-17.83,"which needs to transfer over to the other party.  and  𝑉Moreover, man- in-the-middle-attack is verified by the calculate  𝑆 and  , respectively, as the secret session key.  Delev-Yao (DY) against the proposed scheme. As per the simulation results in Fig.  6 , the search time in OFMC is 0.09 seconds, with 56 visited nodes in 5 piles depth. On the other hand, the translation time for the CL-Aste is 0.09 seconds. However, both the back-ends show the summary of the scheme as ""SAFE"". The simulation result of the"
10,0,1,0,0,9,6,"/ABCDEE+Times,Italic",9.96,62.78,-139.78,339.68,-129.82,-139.78,921.82,62.78,272.32,AVISPA  clearly shows that the proposed scheme is safe
10,0,0,0,0,6,6,/ABCDEE+Times,9.96,62.78,-151.78,326.72,-141.82,-151.78,933.82,62.78,285.28,against replay attack and man-in-the-middle attack.
10,0,1,0,0,4,6,"/Helvetica,Italic",9.96,46.8,-170.02,216.12,-160.06,-170.02,952.06,46.8,395.88,Mathematical Proof of Correctness
10,0,0,0,0,71,6,/ABCDEE+Times,9.96,46.8,-486.09,375.48,-174.46,-486.09,966.46,46.8,236.52,"The proposed scheme is mainly based on authenticity issues. Therefore, proving the mutual authentication between communicating elements should show the correctness of the proposed protocol. Additionally, the values of different parameters are shown in Fig.  7  in a tested environment. It is distinctly visible that two elements are sharing the same values (indicated with different colors) for mutual authentication. The rest of this section will elaborate on the mathematical proof of"
11,0,0,0,0,33,10,/RBCMPJ+AdobeThai-Regular,8.0,12.02,774.74,916.02,782.74,774.74,9.26,12.02,-304.02,"This article has been accepted for publication in a future issue of this journal, but has not been fully edited. Content may change prior to final publication. Citation information: DOI 10.1109/JSEN.2021.3097172, IEEE Sensors"
11,0,0,0,1,11,12,/Helvetica,6.96,46.8,756.84,241.68,763.8,756.84,28.2,46.8,370.32,"8  IEEE SENSORS JOURNAL, VOL. XX, NO. XX, MONTH X, XXXX"
11,0,0,0,0,11,9,/ABCDEE+Cambria Math,8.04,60.74,715.2,243.11,734.04,715.2,57.96,60.74,368.89,|| 𝐾 ) =𝐻2 =𝐻 || 𝐾 ) [Substitute 𝐾 value]2
11,0,0,0,0,21,6,/ABCDEE+Times,9.96,46.8,677.38,335.76,711.34,677.38,80.66,46.8,276.24,"=  𝑆 It can be said that the communicating couples in scheme share the equal session key ( 𝑆,𝑋 ∈{𝐴,𝐵}  )."
11,0,0,0,0,3,6,/Helvetica,9.96,114.38,660.94,238.4,670.9,660.94,121.1,114.38,373.6,VI. Performance Analysis
11,0,0,0,0,8,6,/ABCDEE+Times,9.96,56.88,645.82,350.7,655.78,645.82,136.22,56.88,261.3,The proposed scheme's performance is measured against the
11,1,0,0,0,12,9,"/Times New Roman,Bold",8.04,46.8,634.3,556.06,645.34,634.3,146.66,46.8,55.94,Functionality Features [8] [9] [10] Proposedrecent related authentication protocol [8-10]. The different
11,0,0,0,0,12,9,/Times New Roman,8.04,46.8,622.78,535.96,635.74,622.78,156.26,46.8,76.04,"Masquerade attack Yes No No Yesperformance metrics such as functionality features, computation"
11,0,0,0,0,11,9,/Times New Roman,8.04,313.25,618.58,622.01,630.46,618.58,161.54,313.25,-10.01,they did not show any mutual authentication using validation  Message modificationN/AYesN/AYes
11,0,0,0,0,46,9,/Times New Roman,8.04,46.8,588.34,535.96,621.22,588.34,170.78,46.8,76.04,"cost, communication cost, and energy cost have been tested on  Identity protection  No Yes Yes Yes the mentioned schemes. On the other hand, as the initialization  Replay attack Yes Yes Yes Yes Insider attack Yes Yes Yes Yesand registration phase occurs only once, the performance analysis"
11,0,0,0,0,8,9,/Times New Roman,8.04,324.31,581.74,535.96,593.38,581.74,198.62,324.31,76.04,Resistance of Mutual authentication No Yes No Yes
11,0,0,0,0,40,9,/Times New Roman,8.04,316.85,535.75,535.96,580.54,535.75,211.46,316.85,76.04,Formal verification using AVISPA toolNo Yes No Yes Formal validation using BAN logic No No No Yes Formal verification using ROR modelNo No No Yes Simulation and evaluation No No No Yes Based on viable assumptions No No No Yes
11,0,0,0,0,44,6,/ABCDEE+Times,9.96,313.25,482.82,632.11,515.72,482.82,276.28,313.25,-20.11,"tools. Similarly, the protocols have not demonstrated any The cost of the computation of the authentication algorithms experiments on the algorithm in any scenario not even in the depends on the used functionalities. Time consumption for onesimulator. Alternatively, the formal security analysis of the"
11,0,1,0,0,13,6,"/ABCDEE+Times,Italic",9.96,313.25,477.79,581.98,487.75,477.79,304.25,313.25,30.02,"way hash ( T ), ECC multiplication ( T ), symmetric key  HECM"
11,0,0,0,0,20,6,/ABCDEE+Times,9.96,46.8,471.3,622.01,483.56,471.3,308.44,46.8,-10.01,"is done on the authentication and communication phase . The  proposed protocol is done by the well-known ROR model, which"
11,0,1,0,0,12,6,"/ABCDEE+Times,Italic",9.96,313.25,466.27,575.14,476.23,466.27,315.77,313.25,36.86,encryptions ( T ) and modular multiplication (T MM ) are  EN
11,0,0,0,0,10,6,/ABCDEE+Times,9.96,46.8,462.08,329.48,472.04,462.08,319.96,46.8,282.52,experiments are carried out on an Ubuntu (18.4.0) based Intel
11,0,0,0,0,4,6,/ABCDEE+Times,9.96,313.25,454.87,542.33,464.83,454.87,327.17,313.25,69.67,"0.02864ms, 0.064497ms, 0.1046856ms, 0.1717ms"
11,0,1,0,0,9,6,"/ABCDEE+Times,Italic",9.96,46.8,450.56,191.22,460.52,450.56,331.48,46.8,420.78,Pentium® CPU 2020M at 240 GHZ  and 64bit system.
11,0,0,0,0,28,6,/ABCDEE+Times,9.96,46.8,416.09,375.48,449.0,416.09,343.0,46.8,236.52,"Moreover, the protocol's functionality is tested and examined on the prevailing programming tool python 3.8  and the  ECC  and symmetric key cryptography operations are carried out using the"
11,0,1,0,0,8,6,"/ABCDEE+Times,Italic",9.96,46.8,404.57,361.64,414.53,404.57,377.47,46.8,250.36,"tinyecc and crypto libraries, respectively. The comparison graphs"
11,0,0,0,0,9,6,/ABCDEE+Times,9.96,46.8,393.05,285.84,403.01,393.05,388.99,46.8,326.16,are shown in Fig.  8 and describe as follows.
11,0,0,0,0,6,6,/ABCDEE+Times,9.96,313.25,356.56,512.45,366.52,356.56,425.48,313.25,99.55,is lack from other existing protocols.
11,0,0,0,1,2,9,/Helvetica,8.04,425.35,348.64,446.47,356.68,348.64,435.32,425.35,165.53,TABLE 2
11,0,0,0,0,12,6,/ABCDEE+Times,9.96,313.25,340.13,612.05,350.09,340.13,441.91,313.25,-0.05,respectively. The proposed protocol only needs 0.66ms. for  COMPARISON OF FUNCTIONALITY FEATURES
11,0,0,0,0,9,9,/ABCDEE+Times,8.04,316.61,335.09,572.62,343.13,335.09,448.87,316.61,39.38,Scheme AuthenticationCommunication Time cost for a  Time cost for
11,0,0,0,0,3,9,/ABCDEE+Times,8.04,452.14,316.73,575.8,324.77,316.73,467.23,452.14,36.2,communication communication (n)
11,0,0,0,0,7,9,/ABCDEE+Times,8.04,313.97,307.01,553.54,318.05,307.01,473.95,313.97,58.46,#[6]Combined 19T +T +  (19T +T +
11,0,1,0,1,8,15,"/ABCDEE+Calibri,Italic",5.04,345.43,306.65,542.38,314.69,306.65,477.31,345.43,69.62,19T +T + HECM H ECM H ECM
11,0,1,0,0,9,9,"/ABCDEE+Times,Italic",8.04,345.43,296.93,558.52,305.81,296.93,486.19,345.43,53.48,6T + 2T 6T + 2T ) *n6T+ 2TENMMENMMENMM
11,0,1,0,0,6,9,"/ABCDEE+Times,Italic",8.04,313.97,287.45,544.12,298.49,287.45,493.51,313.97,67.88,#[7]25TCombined 25T (25T ) * n
11,0,1,0,1,3,15,"/ABCDEE+Times,Italic",5.04,358.03,289.49,522.94,294.53,289.49,497.47,358.03,89.06,H H H
11,0,1,0,0,11,9,"/ABCDEE+Times,Italic",8.04,313.97,278.33,568.36,289.37,278.33,502.63,313.97,43.64,#[8]13T+ 6TCombined 13T + 6T (13T + 6T ) * n
11,0,1,0,0,7,15,"/ABCDEE+Times,Italic",5.04,107.42,274.73,546.82,285.41,274.73,506.59,107.42,65.18,H EN H EN H EN(a)             (b)
11,0,0,0,0,11,9,/ABCDEE+Times,8.04,313.97,269.09,563.5,280.13,269.09,511.87,313.97,48.5,#[9]9T+ 5TCombined 9T + 5T (9T + 5T ) * n
11,0,1,0,1,6,15,"/ABCDEE+Times,Italic",5.04,353.95,271.13,544.42,276.17,271.13,515.83,353.95,67.58,H ECM H ECM H ECM
11,0,1,0,1,12,9,"/ABCDEE+Times,Italic",8.04,313.97,259.85,558.7,267.89,259.85,524.11,313.97,53.3,[10] 18T 16T + 2T 34T +2T 18T + (16T + HHECMHECMHH
11,0,1,0,0,4,9,"/ABCDEE+Times,Italic",8.04,505.18,250.73,544.36,258.77,250.73,533.23,505.18,67.64,2T ) * nECM
11,0,1,0,0,11,9,"/ABCDEE+Times,Italic",8.04,313.97,241.49,550.84,249.53,241.49,542.47,313.97,61.16,Proposed4T + 4T 2T 4T +4T +  4T + 4T +HECMENHECMHECM
11,0,1,0,0,5,9,"/ABCDEE+Times,Italic",8.04,448.99,232.25,542.92,240.29,232.25,551.71,448.99,69.08,2T (2T ) * nENEN
11,0,0,0,0,9,6,/ABCDEE+Times,9.96,313.25,225.39,617.03,235.35,225.39,556.65,313.25,-5.03,"single communication. However, as the design of the scheme,"
11,0,0,0,0,4,9,/ABCDEE+Times,8.04,465.46,221.57,586.06,229.61,221.57,562.39,465.46,25.94,# Combined with authentication
11,0,0,0,1,2,9,/Helvetica,8.04,425.35,212.33,446.47,220.37,212.33,571.63,425.35,165.53,TABLE 4
11,0,0,0,1,5,9,/Helvetica,8.04,375.55,203.06,484.99,211.1,203.06,580.9,375.55,127.01,C OMPUTATION COST IN MILLISECONDS
11,0,0,0,0,4,9,/ABCDEE+Times,8.04,330.19,192.5,518.65,200.54,192.5,591.46,330.19,93.35,Scheme Computation Cost (ms)
11,0,0,0,0,4,9,/ABCDEE+Times,8.04,382.51,182.78,515.5,190.82,182.78,601.18,382.51,96.5,1 10 30 50
11,0,0,0,0,5,9,/ABCDEE+Times,8.04,313.97,173.06,527.56,181.1,173.06,610.9,313.97,84.44,[6] 1.38 13.78 41.33 68.89
11,0,0,0,0,7,9,/ABCDEE+Times,8.04,107.42,163.82,527.56,174.63,163.82,617.37,107.42,84.44,(c)             (d)  [7] 0.72 7.16 21.48 35.80
11,0,0,0,0,40,9,/ABCDEE+Times,8.04,46.8,136.22,527.56,165.27,136.22,626.73,46.8,84.44,"Fig.  8. Comparison Analysis, (a) computation cost in milliseconds, (b)  [8] 0.76 7.59 22.78 37.97 message passing count, (c) communication cost in bits, and (d) energy  [9] 0.78 7.81 23.44 39.06 cost in micro joules.  [10] 1.18 7.19 20.54 33.90"
11,0,0,0,0,5,9,/ABCDEE+Times,8.04,313.97,127.1,523.54,135.14,127.1,656.86,313.97,88.46,Proposed 0.66 1.82 4.40 6.98
11,0,1,0,0,6,6,"/ABCDEE+Times,Italic",9.96,46.8,116.54,295.37,129.87,116.54,662.13,46.8,316.63,Security and Functionality Features    S U
11,0,0,0,0,9,6,/ABCDEE+Times,9.96,313.25,110.65,636.95,120.61,110.65,671.39,313.25,-24.95,it needs only one authentication to communicate multiple times.
11,0,1,0,0,23,6,"/ABCDEE+Times,Italic",9.96,46.8,105.02,407.87,116.54,105.02,675.46,46.8,204.13,"Communication Cost All of the protocols have taken some essential protection  provided L and S are received from M and M respectively  1uR2R1,"
11,0,0,0,0,77,6,/ABCDEE+Times,9.96,46.8,69.14,626.99,104.04,69.14,687.96,46.8,-14.99,"against common attacks (see Table 2), such as replay attacks and  in [8]. Similarly, PWT in [9] and h(pwi) in [10] are vulnerable to  The message transfers between the vehicles during the insider attacks. However, the existing protocols keep some  key disclosure. On the other hand, all of these protocols have only  stipulated phases are responsible for the communication cost. loopholes for security breaches. Primarily, existing  Therefore, the number of message pass and the size of each"
11,0,0,0,0,18,10,/RBCMPJ+AdobeThai-Regular,8.0,25.26,7.0,869.26,15.0,7.0,777.0,25.26,-257.26,"1530-437X (c) 2021 IEEE. Personal use is permitted, but republication/redistribution requires IEEE permission. See http://www.ieee.org/publications_standards/publications/rights/index.html for more information."
11,0,0,0,0,30,11,/Helvetica,7.0,82.49,-4.09,612.05,8.74,-4.09,783.26,82.49,-0.05,"Authorized licensed use limited to: University of Malaya. Downloaded on August 06,2021 at 06:40:43 UTC from IEEE Xplore.  Restrictions apply. Therefore, if a vehicle needs to communicate more than one"
11,0,0,0,0,55,6,/ABCDEE+Times,9.96,46.8,-57.0,646.91,-21.6,-57.0,813.6,46.8,-34.91,"shown a few attack resilience based on mathematical formation in informal security analysis; however, they have not been proved  authentication schemes assume and fully trust the secure  message is taken for consideration. Fig.  8 (b, c) shows that the through any formal security model except [10]. Alternatively,  communication cost and message passing increases with the"
11,0,0,0,0,28,6,/ABCDEE+Times,9.96,313.25,-141.75,626.99,-108.87,-141.75,900.87,313.25,-14.99,"with the same vehicles, the computation cost is significantly low, reduced by almost 500%. Table 3, Table 4 and Fig.  8(a) shows the computation cost on different iterations."
11,0,0,0,0,10,6,/ABCDEE+Times,9.96,46.8,-158.44,375.48,-148.48,-158.44,940.48,46.8,236.52,communication channel in the registration phase. Due to the fact
11,0,0,0,1,2,9,/Helvetica,8.04,425.35,-161.21,446.47,-153.17,-161.21,945.17,425.35,165.53,TABLE 3
11,0,0,0,1,7,9,/Helvetica,8.04,349.03,-170.45,500.59,-162.41,-170.45,954.41,349.03,111.41,C OMPUTATION COST IN THE MATHEMATICAL EQUATION
11,0,0,0,0,21,6,/ABCDEE+Times,9.96,46.8,-284.58,380.46,-263.22,-284.58,1055.22,46.8,231.54,that they send some information that may reveal the secret key if the network is compromised. These may include  L in
11,0,1,0,0,12,6,"/ABCDEE+Times,Italic",9.96,46.8,-296.34,285.84,-286.38,-296.34,1078.38,46.8,326.16,authentication face as it can be generated from L = L 1
12,0,0,0,0,33,10,/RBCMPJ+AdobeThai-Regular,8.0,12.02,774.74,916.02,782.74,774.74,9.26,12.02,-304.02,"This article has been accepted for publication in a future issue of this journal, but has not been fully edited. Content may change prior to final publication. Citation information: DOI 10.1109/JSEN.2021.3097172, IEEE Sensors"
12,0,0,0,1,11,12,/Helvetica,6.96,46.8,756.84,241.68,763.8,756.84,28.2,46.8,370.32,"8  IEEE SENSORS JOURNAL, VOL. XX, NO. XX, MONTH X, XXXX"
12,0,0,0,0,36,6,/ABCDEE+Times,9.96,46.8,676.66,375.48,732.6,676.66,59.4,46.8,236.52,"communication iterations. Previous schemes are dependent on the TA  during authentication and communication; however, the proposed scheme does not need that. The proposed protocol's communication cost (see Table 5) is significantly low than other previous schemes."
12,0,0,0,1,2,9,/Helvetica,8.04,158.9,668.74,180.02,676.78,668.74,115.22,158.9,431.98,TABLE 5
12,0,0,0,1,6,9,/Helvetica,8.04,96.86,659.5,237.29,667.54,659.5,124.46,96.86,374.71,C OMMUNICATION COST AND  TA  DEPENDENCY
12,0,0,0,0,5,9,/Times New Roman,8.04,50.4,648.94,282.05,656.98,648.94,135.02,50.4,329.95,Scheme TA  Message  Communication (bits)
12,0,0,0,0,6,9,/Times New Roman,8.04,92.66,639.22,282.77,647.74,639.22,144.26,92.66,329.23,Dependency Passing 1 10 30 50
12,0,0,0,0,42,9,/Times New Roman,8.04,50.4,581.26,286.13,635.26,581.26,156.74,50.4,325.87,[6] Yes 6 3040 30400 91200 152000 [7] Yes 4 5132 51320 153960 256600 [8] Yes 4 8432 84320 252960 421600 [9] Yes 4 1920 19200 57600 96000 [10] Yes 6 4384 21664 60064 98464 Proposed No 3 1824 7008 18528 30048
12,0,0,0,0,15,9,/Times New Roman,8.04,56.88,546.34,504.43,556.3,546.34,235.7,56.88,107.57,The OBU needs a significant amount of energy consumption  Simulation Area 1500 x 1500 (m2)
12,0,0,0,0,13,9,/Times New Roman,8.04,46.8,534.79,456.19,547.18,534.79,244.82,46.8,155.81,"Routing Protocol AODVto perform the authentication. On the other hand, the major power"
12,0,0,0,0,4,9,/Times New Roman,8.04,318.65,529.87,488.35,537.91,529.87,254.09,318.65,123.65,Communication Protocol IEEE 802.11p
12,0,0,0,0,10,6,/ABCDEE+Times,9.96,46.8,523.27,350.58,533.23,523.27,258.77,46.8,261.42,"source of a vehicle is the battery. Therefore, reducing the"
12,0,0,0,0,22,9,/Times New Roman,8.04,318.65,493.03,516.49,528.67,493.03,263.33,318.65,95.51,Mobility Model Random Way Point Speed of the vehicles 50 Km/h to 80 Km/h Channel Bandwidth 5.9 GHz Simulation Time 70 s
12,0,1,0,0,5,6,"/Helvetica,Italic",9.96,313.25,472.51,472.61,482.47,472.51,309.53,313.25,139.39,Average Packet Loss Ratio (PLR)
12,0,1,0,0,8,6,"/ABCDEE+Times,Italic",9.96,143.3,465.55,337.91,475.51,465.55,316.49,143.3,274.09,"C, where T is the segment's execution  E"
12,0,0,0,0,11,6,/ABCDEE+Times,9.96,323.35,458.11,632.11,468.07,458.11,323.93,323.35,-20.11,Packet loss of a network can be measured using parameters of
12,0,0,0,0,12,6,/ABCDEE+Times,9.96,46.8,454.03,315.95,463.99,454.03,328.01,46.8,296.05,"time, and c signifies the maximum power of the CPU [38] in"
12,0,0,0,0,10,6,/ABCDEE+Times,9.96,313.25,446.71,636.95,456.67,446.71,335.33,313.25,-24.95,total send packets and complete received packets. PLR is happed
12,0,0,0,0,46,6,/ABCDEE+Times,9.96,46.8,408.07,375.48,452.59,408.07,339.41,46.8,236.52,"wireless communication.  Alternatively, all the vehicles need to register once with the VIS and authenticate and communicate without VIS. Therefore, the energy cost is also calculated on the consumption of the battery over time is essential. The energy  authentication and communication phases.  As per the proposed"
12,0,0,0,0,16,9,/Times New Roman,8.04,46.8,395.23,568.36,407.09,395.23,384.91,46.8,43.64,"consumption is directly proportionate to the execution  protocol structure, the energy cost of authentication and   (12)"
12,0,0,0,0,69,6,/ABCDEE+Times,9.96,46.8,350.09,627.13,395.57,350.09,396.43,46.8,-15.13,"complexity of an algorithm. Consequently, energy cost is  communications are 5.35mJ and 1.38mJ, respectively. Therefore, the total cost for a single communication is 6.73mj. However,  Where,  and   are the number of transfer packets and authentication is not needed to further communication as per the  received packets, respectively. proposed scheme. Therefore, the cost for 10, 30, and 50 iterations  The experiment is done on the different densities of the on-"
12,0,0,0,0,23,6,/ABCDEE+Times,9.96,313.25,331.97,646.91,348.53,331.97,443.47,313.25,-34.91,"road vehicles, such as 20, 30, 40, and 50. Average packet loss of due to various reasons such as bandwidth, distance, loss model,"
12,0,0,0,0,11,6,/ABCDEE+Times,9.96,46.8,270.87,345.6,280.83,270.87,511.17,46.8,266.4,calculated based on Vasudev and Das [37] scheme and can be
12,0,1,0,0,5,6,"/ABCDEE+Times,Italic",9.96,46.8,259.11,135.26,269.07,259.11,522.93,46.8,476.74,measured as EN  = TCE
12,0,0,0,0,9,6,/ABCDEE+Times,9.96,46.8,235.83,370.5,245.79,235.83,546.21,46.8,241.5,"are 19.13mJ, 45.69mJ, 74.25mJ, respectively. On the other hand,"
12,0,0,0,0,18,6,/ABCDEE+Times,9.96,313.25,217.23,622.01,233.79,217.23,558.21,313.25,-10.01,"the authentication schemes decreases as the vehicle density mobility model, and execution. We have calculated the PLR as"
12,0,0,0,0,33,6,/ABCDEE+Times,9.96,46.8,109.09,651.89,131.05,109.09,660.95,46.8,-39.89,"the iterative communication cost in the same set of vehicles is much higher than the proposed algorithm (see Fig.  8 (d)). The  increase. (See Fig.  10) However, slight changes in the pattern in"
12,0,0,0,0,4,6,/ABCDEE+Times,9.96,313.25,102.49,452.69,112.45,102.49,679.55,313.25,159.31,per the following equation.
12,0,0,0,0,31,6,/ABCDEE+Times,9.96,46.8,86.65,626.99,108.13,86.65,683.87,46.8,-14.99,extensive comparison of the energy cost on recent related works  PLR have been noticed from the scenario of vehicles 40 to 50. shows that the proposed scheme is better in single
12,0,0,0,0,18,10,/RBCMPJ+AdobeThai-Regular,8.0,25.26,7.0,869.26,15.0,7.0,777.0,25.26,-257.26,"1530-437X (c) 2021 IEEE. Personal use is permitted, but republication/redistribution requires IEEE permission. See http://www.ieee.org/publications_standards/publications/rights/index.html for more information."
12,0,0,0,0,20,11,/Helvetica,7.0,82.49,1.74,579.49,8.74,1.74,783.26,82.49,32.51,"Authorized licensed use limited to: University of Malaya. Downloaded on August 06,2021 at 06:40:43 UTC from IEEE Xplore.  Restrictions apply."
12,0,0,0,0,3,9,/ABCDEE+Cambria Math,8.04,0.0,-8.04,8.04,0.0,-8.04,792.0,0.0,603.96,− 1 −
12,0,0,0,0,9,6,/ABCDEE+Times,9.96,313.25,-17.17,612.05,-7.21,-17.17,799.21,313.25,-0.05,The proposed protocol has shown a significant result among
12,0,0,0,0,21,6,/ABCDEE+Times,9.96,46.8,-28.57,661.85,-18.13,-28.57,810.13,46.8,-49.85,"communication as well as iterative message transfer with  others as 0.18, 0.13, 0.12, and 0.15 in 20 vehicles, 30 vehicles, 40"
12,0,0,0,0,6,6,/ABCDEE+Times,9.96,313.25,-40.09,572.21,-30.13,-40.09,822.13,313.25,39.79,"vehicles, and 50 vehicles scenario, respectively."
12,0,0,0,0,20,6,/ABCDEE+Times,9.96,46.8,-154.35,450.01,-132.87,-154.35,924.87,46.8,161.99,"identical vehicles, which confirms the lightweight feature.     (a)           (b) It has been seen that the performance of the proposed protocol"
12,0,0,0,0,20,9,/Helvetica,8.04,46.8,-165.75,618.77,-154.84,-165.75,946.84,46.8,-6.77,Fig.  10. NS3 simulation result. (a) the packet loss ratio vs. the vehicle  outperformed other existing related authentication schemes in
12,0,0,0,0,9,9,/Helvetica,8.04,313.25,-172.12,550.43,-164.08,-172.12,956.08,313.25,61.57,"density, and (b) the end-to-end delay vs. vehicle density."
12,0,1,0,0,4,6,"/Helvetica,Italic",9.96,313.25,-190.96,472.61,-181.0,-190.96,973.0,313.25,139.39,Average End-to-End Delay (E2ED)
12,0,0,0,0,26,6,/ABCDEE+Times,9.96,313.25,-228.39,622.15,-195.4,-228.39,987.4,313.25,-10.15,"The end- to-end delay is measured based on the d ifference between the send packets' timing and the received packet's timing, which is represented in (2)."
12,0,0,0,0,15,6,/ABCDEE+Times,9.96,46.8,-395.23,315.72,-270.53,-395.23,1062.53,46.8,296.28,"every sector, not only in comparison with the single communication but also in the multi-communication"
12,0,0,0,0,10,9,/Helvetica,8.04,313.25,-433.77,538.37,-425.73,-433.77,1217.73,313.25,73.63,Fig.  9. A glimpse of message transfer in NetAnim tool.
12,0,0,0,1,2,9,/Helvetica,8.04,425.35,-454.41,446.47,-446.37,-454.41,1238.37,425.35,165.53,TABLE 6
12,0,0,0,1,4,9,/Helvetica,8.04,395.11,-463.65,472.15,-455.61,-463.65,1247.61,395.11,139.85,S IMULATION  P ARAMETERS
12,0,0,0,0,4,6,/Helvetica,9.96,103.82,-525.83,255.5,-515.87,-525.83,1307.87,103.82,356.5,VII. Simulation and Evaluation
12,0,0,0,0,94,6,/ABCDEE+Times,9.96,46.8,-954.17,385.44,-530.99,-954.17,1322.99,46.8,226.56,"The practicality and the viability of the proposed protocol are tested on the popular network simulator NS-3. Moreover, the simulation for urban mobility (SUMO ) is used to create the vehicular environment's mobility. On the other hand, the message passing during the authentication and communication among the vehicles are used for the environment and compared with the existing prior model [8-10]. Furthermore, NetAnim, a useful animation model, is used to capture the animation (see Fig.  9) of the message transfer during the simulation. The specification of the experimental environments is shown in Table 6."
13,0,0,0,0,33,10,/RBCMPJ+AdobeThai-Regular,8.0,12.02,774.74,916.02,782.74,774.74,9.26,12.02,-304.02,"This article has been accepted for publication in a future issue of this journal, but has not been fully edited. Content may change prior to final publication. Citation information: DOI 10.1109/JSEN.2021.3097172, IEEE Sensors"
13,0,0,0,1,11,12,/Helvetica,6.96,46.8,756.84,241.68,763.8,756.84,28.2,46.8,370.32,"8  IEEE SENSORS JOURNAL, VOL. XX, NO. XX, MONTH X, XXXX"
13,0,0,0,0,65,6,/ABCDEE+Times,9.96,46.8,653.38,620.11,732.6,653.38,59.4,46.8,-8.11,"Bhattacharyya, “Review on Security of Internet of Things  Where ,𝑁,and 𝑁 are the total number of sent packets, timestamp of the received packet, and timestamp of the transmitted packet, respectively. The experiment is done based on the same scenario as described in PLR  section. Fig.  10(b) shows the E2ED comparison of the proposed protocol with existing authentication schemes. Results deprecate that the message receiving delay"
13,0,0,0,0,9,6,/Times New Roman,9.96,331.27,596.36,530.56,617.86,596.36,174.14,331.27,81.44,"Authentication Mechanism,” IEEE Access,  vol. 7, pp. 151054-151089, 2019."
13,0,0,0,0,9,6,/Times New Roman,9.96,313.25,584.96,577.19,594.92,584.96,197.08,313.25,34.81,"[4] P. Vijayakumar, V. Chang, L. Jegatha Deborah, B."
13,0,0,0,0,7,6,/Times New Roman,9.96,331.27,573.44,600.19,583.4,573.44,208.6,331.27,11.81,"Balusamy, and P. G. Shynu, “Computationally efficient"
13,0,0,0,0,32,6,/ABCDEE+Times,9.96,46.8,515.72,385.44,548.6,515.72,243.4,46.8,226.56,"increases with the number of vehicles increment. On the other hand, the proposed technique has a low delay compared to others as 0.196s, .0247s, 0.286s, 0.295s for 20 vehicles, 30 vehicles, 40"
13,0,0,0,0,6,6,/Times New Roman,9.96,331.27,458.7,560.35,468.66,458.7,323.34,331.27,51.65,privacy preserving anonymous mutual and batch
13,0,0,0,0,21,6,/ABCDEE+Times,9.96,46.8,377.94,355.68,410.94,377.94,381.06,46.8,256.32,"vehicles, 50 vehicles environment, respectively. The implementation and simulation are the added advantages to understand the completeness of the proposed scheme."
13,0,0,0,0,7,6,/Times New Roman,9.96,331.27,343.96,605.17,353.92,343.96,438.08,331.27,6.83,"authentication schemes for vehicular ad hoc networks,”"
13,0,0,0,0,20,6,/ABCDEE+Times,9.96,46.8,240.28,385.44,273.16,240.28,518.84,46.8,226.56,"Moreover, the result clearly shows the significant benefits of the proposed protocol over the prior existing authentication schemes for VANET."
13,0,1,0,0,8,6,"/Times New Roman,Italic",9.96,331.27,229.22,505.57,239.18,229.22,552.82,331.27,106.43,"Future Generation Computer Systems,  vol. 78, pp. 943-"
13,0,0,0,0,4,6,/Helvetica,9.96,96.38,224.41,255.8,234.37,224.41,557.63,96.38,356.2,VIII.Conclusion And Future Work
13,0,0,0,0,3,6,/Times New Roman,9.96,331.27,217.7,455.77,227.66,217.7,564.34,331.27,156.23,"955, 2018/01/01/, 2018."
13,0,0,0,0,19,6,/ABCDEE+Times,9.96,56.88,206.3,607.07,219.13,206.3,572.87,56.88,4.93,"In this paper, an ECC-based secure and pseudo-identity-based  [5] P. Vijayakumar, M. Azees, V. Chang, J. Deborah, and B."
13,0,0,0,0,11,6,/Times New Roman,9.96,46.8,194.78,510.55,207.73,194.78,584.27,46.8,101.45,"privacy-preserving authentication protocol for VANET is  Balusamy, “Computationally efficient  privacy preserving"
13,0,0,0,0,6,6,/Times New Roman,9.96,331.27,183.26,585.25,193.22,183.26,598.78,331.27,26.75,authentication and key distribution techniques for
13,0,0,0,0,11,6,/ABCDEE+Times,9.96,46.8,83.03,328.01,92.99,83.03,699.01,46.8,283.99,"proposed, which can solve the issue of TA dependency during the"
13,0,0,0,0,16,6,/Times New Roman,9.96,46.8,68.52,539.98,81.47,68.52,710.53,46.8,72.02,"authentication and communication of a vehicle. Moreover, the  vehicular ad hoc networks,” Cluster Computing,  vol. 20,"
13,0,0,0,0,22,6,/Times New Roman,9.96,46.8,54.38,535.45,66.96,54.38,725.04,46.8,76.55,"no. 3, pp. 2439-2450, 2017/09/01, 2017.  [3] T. Nandy, M. Y. I. B. Idris, R. M. Noor, M. L. M. Kiah, L."
13,0,0,0,0,25,6,/Times New Roman,9.96,64.82,42.86,612.05,55.44,42.86,736.56,64.82,-0.05,"[6] R. Vinoth, L. J. Deborah, P. Vijayakumar, and N. Kumar, S. Lun, N. B. A. Juma’at, I. Ahmedy, N. A. Ghani, and S ."
13,0,0,0,0,14,6,/Times New Roman,9.96,331.27,22.56,583.24,44.04,22.56,747.96,331.27,28.76,"“Secure Multifactor Authentic ated Key Agreement Scheme for Industrial IoT,” IEEE Internet of Things"
13,0,1,0,0,8,6,"/Times New Roman,Italic",9.96,331.27,11.01,554.23,20.97,11.01,771.03,331.27,57.77,"Journal, vol. 8, no. 5, pp. 3801-3811, 2021."
13,0,0,0,0,18,10,/RBCMPJ+AdobeThai-Regular,8.0,25.26,7.0,869.26,15.0,7.0,777.0,25.26,-257.26,"1530-437X (c) 2021 IEEE. Personal use is permitted, but republication/redistribution requires IEEE permission. See http://www.ieee.org/publications_standards/publications/rights/index.html for more information."
13,0,0,0,0,33,6,/Times New Roman,9.96,82.49,-0.51,617.03,9.45,-0.51,782.55,82.49,-5.03,"[7] X. Li, T. Liu, M. S. Obaidat, F. Wu, P. Vijayakumar, and Authorized licensed use limited to: University of Malaya. Downloaded on August 06,2021 at 06:40:43 UTC from IEEE Xplore.  Restrictions apply."
13,0,0,0,0,13,6,/Times New Roman,9.96,331.27,-23.55,575.5,-2.07,-23.55,794.07,331.27,36.5,"N. Kumar, “A Lightweight Privacy -Preserving Authentication Protocol for VANETs, ” IEEE Systems"
13,0,1,0,0,8,6,"/Times New Roman,Italic",9.96,331.27,-34.95,559.21,-24.99,-34.95,816.99,331.27,52.79,"Journal, vol. 14, no. 3, pp. 3547-3557, 2020."
13,0,0,0,0,19,6,/ABCDEE+Times,9.96,46.8,-46.47,577.19,-33.27,-46.47,825.27,46.8,34.81,"proposed protocol creates an efficient balance between security  [8] V. Kumar, M. Ahmad, A. Kumari, S. Kumari, and M."
13,0,0,0,0,15,6,/Times New Roman,9.96,331.27,-69.75,600.19,-48.27,-69.75,840.27,331.27,11.81,"Khan, “SEBAP: A secure and efficient biometric ‐assisted authentication protocol using ECC for vehicular cloud"
13,0,0,0,0,6,6,/ABCDEE+Times,9.96,46.8,-157.97,315.72,-148.01,-157.97,940.01,46.8,296.28,"and lightweight features. Alternatively, the message"
13,0,0,0,0,5,6,/Times New Roman,9.96,331.27,-184.49,587.23,-174.53,-184.49,966.53,331.27,24.77,"computing,” International Journal of Communication"
13,0,1,0,0,4,6,"/Times New Roman,Italic",9.96,331.27,-195.89,462.43,-185.93,-195.89,977.93,331.27,149.57,"Systems, pp. e4103, 2019."
13,0,0,0,0,12,6,/Times New Roman,9.96,313.25,-207.41,592.13,-197.45,-207.41,989.45,313.25,19.87,"[9] V. Kumar, M. Ahmad, D. Mishra, S. Kumari, and M. K."
13,0,0,0,0,7,6,/Times New Roman,9.96,331.27,-218.93,565.33,-208.97,-218.93,1000.97,331.27,46.67,"Khan, “RSEAP: RFID based secure and efficient"
13,0,0,0,0,45,6,/ABCDEE+Times,9.96,46.8,-318.66,375.48,-262.74,-318.66,1054.74,46.8,236.52,"encapsulation during the transmission enhances the ability to transfer messages irrespective of secure and insecure channels . The experimental analysis showed that the proposed scheme outperforms the existing related models. On the other hand, the simulation of the proposed scheme proves reliability as well as"
13,0,0,0,0,6,6,/Times New Roman,9.96,331.27,-333.66,610.15,-323.7,-333.66,1115.7,331.27,1.85,"authentication protocol for vehicular cloud computing,”"
13,0,0,0,0,60,6,/ABCDEE+Times,9.96,46.8,-471.34,617.03,-423.44,-471.34,1215.44,46.8,-5.03,"acceptability. The mathematical proof of the protocol determines the correctness with real-world settings.  The future scope of the  Vehicular Communications,  vol. 22, pp. 100213, research can be extended to the testbed experiment as well as the  2020/04/01/, 2020. amalgamation with collaborative learning . Furthermore, the  [10] L. Wu, Q. Sun, X. Wang, J. Wang, S. Yu, Y. Zou, B. Liu,"
13,0,0,0,0,17,6,/Times New Roman,9.96,46.8,-482.86,495.61,-469.42,-482.86,1261.42,46.8,116.39,"intrusion detection system can be implemented with the proposed  and Z. Zhu, “An Efficient Privacy -Preserving Mutual"
13,0,0,0,0,12,6,/ABCDEE+Times,9.96,46.8,-494.38,600.19,-480.94,-494.38,1272.94,46.8,11.81,protocol to develop network security. Authentication Scheme for Secure V2V Communication in
13,0,0,0,1,2,6,/Helvetica,9.96,131.9,-516.7,190.76,-506.74,-516.7,1298.74,131.9,421.24,A CKNOWLEDGMENT
13,0,0,0,0,18,6,/ABCDEE+Times,9.96,46.8,-543.34,360.66,-521.86,-543.34,1313.86,46.8,251.34,This work was supported in part by the University of Malaya Impact Oriented Interdisciplinary Research Grant under Grant
13,0,0,0,0,11,6,/Times New Roman,9.96,331.27,-620.64,534.88,-599.16,-620.64,1391.16,331.27,77.12,"Vehicular Ad Hoc Network,” IEEE Access,  vol. 7, pp. 55050-55063, 2019."
13,0,0,0,0,9,6,/Times New Roman,9.96,313.25,-632.04,587.15,-622.08,-632.04,1414.08,313.25,24.85,"[11] R. Kolandaisamy, R. M. Noor, I. Kolandaisamy, I."
13,0,0,0,0,12,6,/Times New Roman,9.96,331.27,-643.56,595.21,-633.6,-643.56,1425.6,331.27,16.79,"Ahmedy, M. L. M. Kiah, M. E. M. Tamil, and T. Nandy,"
13,0,0,0,0,9,6,/ABCDEE+Times,9.96,46.8,-658.08,325.68,-648.12,-658.08,1440.12,46.8,286.32,"IIRG008A-19IISS, and in part by the Ministry of Higher"
13,0,0,0,0,8,6,/Times New Roman,9.96,331.27,-758.3,605.17,-748.34,-758.3,1540.34,331.27,6.83,“A stream position performance analysis model based on
13,0,0,0,0,6,6,/ABCDEE+Times,9.96,46.8,-772.82,315.72,-762.86,-772.82,1554.86,46.8,296.28,Education Malaysia Fundamental Research Grant Scheme
13,0,0,0,0,7,6,/Times New Roman,9.96,331.27,-873.04,585.25,-863.08,-873.04,1655.08,331.27,26.75,DDoS attack detection for cluster-based routing in
13,0,0,0,0,16,6,/ABCDEE+Times,9.96,46.8,-910.48,350.58,-877.6,-910.48,1669.6,46.8,261.42,(FRGS) under Grant FP055-2019A respectively. Authors thanks all the anonymous reviewers for making the manuscript powerful.
13,0,0,0,1,2,6,/Helvetica,9.96,144.74,-939.31,188.12,-929.35,-939.31,1721.35,144.74,423.88,R EFERENCES
13,0,0,0,0,11,6,/Times New Roman,9.96,46.8,-954.55,315.72,-944.59,-954.55,1736.59,46.8,296.28,"[1] S. K. H. Islam, M. S. Obaidat, P. Vijayakumar, E."
13,0,0,0,0,30,6,/Times New Roman,9.96,64.82,-988.99,608.53,-956.11,-988.99,1748.11,64.82,3.47,"Abdulhay, F. G. Li, and M. K. C. Reddy, “A robust and efficient password-based conditional privacy preserving VANET,”  Journal of Ambient Intelligence and Humanized  authentication and group-key agreement protocol for"
13,0,1,0,0,8,6,"/Times New Roman,Italic",9.96,64.82,-1000.51,480.37,-989.34,-1000.51,1781.34,64.82,131.63,"Computing, 2020/07/03, 2020.  VANETs,” Future Generation Computer Systems-the"
13,0,0,0,0,22,6,/Times New Roman,9.96,64.82,-1023.55,580.27,-1000.74,-1023.55,1792.74,64.82,31.73,"[12] U. Rajput, F. Abbas, H. Eun, and H. Oh, “A Hybrid International Journal of Escience,  vol. 84, pp. 216-227, Jul, 2018."
13,0,0,0,0,13,6,/Times New Roman,9.96,46.8,-1035.07,315.59,-1025.11,-1035.07,1817.11,46.8,296.41,"[2] F. Qu, Z. Wu, F. Wang, and W. Cho, “A Security and"
13,0,0,0,0,7,6,/Times New Roman,9.96,64.82,-1046.59,312.53,-1036.63,-1046.59,1828.63,64.82,299.47,"Privacy Review of VANETs,”  IEEE Transactions on"
13,0,1,0,0,8,6,"/Times New Roman,Italic",9.96,64.82,-1057.99,239.12,-1048.03,-1057.99,1840.03,64.82,372.88,"Intelligent Transportation Systems,  vol. 16, no. 6, pp."
13,0,0,0,0,14,6,/Times New Roman,9.96,331.27,-1240.18,615.13,-1115.48,-1240.18,1907.48,331.27,-3.13,"Approach for Efficient Privacy-Preserving Authentication in VANET,” IEEE Access, vol. 5, pp. 12014-12030, 2017."
13,0,0,0,0,11,6,/Times New Roman,9.96,313.25,-1251.73,590.23,-1241.77,-1251.73,2033.77,313.25,21.77,"[13] I. Ali, and F. Li, “An efficient conditional privacy -"
13,0,0,0,0,10,6,/Times New Roman,9.96,331.27,-1274.65,580.6,-1253.29,-1274.65,2045.29,331.27,31.4,"preserving authentication scheme for Vehicle- ToInfrastructure communication in VANETs,” Vehicular"
13,0,1,0,0,7,6,"/Times New Roman,Italic",9.96,331.27,-1286.17,610.75,-1276.21,-1286.17,2068.21,331.27,1.25,"Communications, vol. 22, pp. 100228, 2020/04/01/, 2020."
13,0,0,0,0,10,6,/Times New Roman,9.96,313.25,-1297.69,545.41,-1287.73,-1297.69,2079.73,313.25,66.59,"[14] B. Ying, and A. Nayak, “Anonymous and Light weight"
13,0,0,0,0,6,6,/Times New Roman,9.96,331.27,-1309.21,573.34,-1299.25,-1309.21,2091.25,331.27,38.66,"Authentication for Secure Vehicular Networks,” IEEE"
13,0,1,0,0,9,6,"/Times New Roman,Italic",9.96,331.27,-1320.73,603.52,-1310.77,-1320.73,2102.77,331.27,8.48,"Transactions on Vehicular Technology, vol. 66, no. 12, pp."
13,0,0,0,0,10,6,/Times New Roman,9.96,313.25,-1343.65,590.23,-1333.69,-1343.65,2125.69,313.25,21.77,"[15] M. Azees, P. Vijayakumar, and L. J. Deboarh, “EAAP:"
13,0,0,0,0,16,6,/Times New Roman,9.96,331.27,-1378.2,595.21,-1345.2,-1378.2,2137.2,331.27,16.79,"Efficient Anonymous Authentication With Conditional Privacy-Preserving Scheme for Vehicular Ad Hoc Networks,”  IEEE Transactions on Intelligent"
13,0,1,0,0,8,6,"/Times New Roman,Italic",9.96,331.27,-1389.72,500.59,-1379.76,-1389.72,2171.76,331.27,111.41,"Transportation Systems,  vol. 18, no. 9, pp. 2467-2476,"
14,0,0,0,0,33,10,/RBCMPJ+AdobeThai-Regular,8.0,12.02,774.74,916.02,782.74,774.74,9.26,12.02,-304.02,"This article has been accepted for publication in a future issue of this journal, but has not been fully edited. Content may change prior to final publication. Citation information: DOI 10.1109/JSEN.2021.3097172, IEEE Sensors"
14,0,0,0,1,11,12,/Helvetica,6.96,46.8,756.84,241.68,763.8,756.84,28.2,46.8,370.32,"8  IEEE SENSORS JOURNAL, VOL. XX, NO. XX, MONTH X, XXXX"
14,0,0,0,0,11,6,/Times New Roman,9.96,46.8,722.64,308.84,732.6,722.64,59.4,46.8,303.16,"[16] Y. Liu, Y. Wang, and G. Chang, “Efficient Privacy -"
14,0,0,0,0,19,6,/Times New Roman,9.96,64.82,688.18,313.82,721.08,688.18,70.92,64.82,298.18,"Preserving Dual Authentication and Key Agreement Scheme for Secure V2V Communications in an IoV Paradigm,”  IEEE Transactions on Intelligent"
14,0,1,0,0,8,6,"/Times New Roman,Italic",9.96,64.82,676.66,239.12,686.62,676.66,105.38,64.82,372.88,"Transportation Systems,  vol. 18, no. 10, pp. 2740-2749,"
14,0,0,0,0,13,6,/Times New Roman,9.96,46.8,653.62,355.56,663.58,653.62,128.42,46.8,256.44,"[17] L. Zhang, Q. H. Wu, J. Domingo-Ferrer, B. Qin, and C. Y."
14,0,0,0,0,11,6,/Times New Roman,9.96,64.82,630.58,312.29,652.06,630.58,139.94,64.82,299.71,"Hu, “Distributed Aggregate Privacy -Preserving Authentication in VANETs,”  Ieee Transactions on"
14,0,1,0,0,9,6,"/Times New Roman,Italic",9.96,64.82,619.18,334.97,629.14,619.18,162.86,64.82,277.03,"Intelligent Transportation Systems, vol. 18, no. 3, pp. 516-"
14,0,0,0,0,3,6,/Times New Roman,9.96,64.82,607.66,149.48,617.62,607.66,174.38,64.82,462.52,"526, Mar, 2017."
14,0,0,0,0,11,6,/Times New Roman,9.96,46.8,596.14,350.58,606.1,596.14,185.9,46.8,261.42,"[18] M. R. Asaar, M. Salmasizadeh, W. Susilo, and A. Majidi,"
14,0,0,0,0,14,6,/Times New Roman,9.96,64.82,573.1,328.76,594.58,573.1,197.42,64.82,283.24,"“A Secure and Efficient Authentication Technique for Vehicular Ad-Hoc Networ ks,”  IEEE Transactions on"
14,0,1,0,0,9,6,"/Times New Roman,Italic",9.96,64.82,561.58,259.04,571.54,561.58,220.46,64.82,352.96,"Vehicular Technology, vol. 67, no. 6, pp. 5409-5423, 2018."
14,0,0,0,0,11,6,/Times New Roman,9.96,46.8,550.18,360.54,560.14,550.18,231.86,46.8,251.46,"[19] S. M. Pournaghi, B. Zahednejad, M. Bayat, and Y. Farjami,"
14,0,0,0,0,28,6,/Times New Roman,9.96,64.82,515.59,578.14,548.62,515.59,243.38,64.82,33.86,"“NECPPA: A novel and efficient conditional privacy - http://www.avispapreserving authentication scheme for VANET,” Computer   project.org/. Networks, vol. 134, pp. 78-92, 2018/04/07/, 2018.  [36] ""SPAN,"" 11 April 2020, 2020;"
14,0,0,0,0,11,6,/Times New Roman,9.96,46.8,504.07,535.45,514.03,504.07,277.97,46.8,76.55,"[20] S. Tangade, S. S. Manvi, and P. Lorenz, “Decentralized http://people.irisa.fr/Thomas.Genet/span/."
14,0,0,0,0,9,6,/Times New Roman,9.96,313.25,492.55,612.05,502.51,492.55,289.49,313.25,-0.05,"[37] H. Vasudev, and D. Das, ""A Lightweight Authentication"
14,0,0,0,0,8,6,/Times New Roman,9.96,331.27,481.15,595.21,491.11,481.15,300.89,331.27,16.79,"Protocol for V2V Communication in VANETs."" pp. 1237-"
14,0,0,0,0,20,6,/Times New Roman,9.96,64.82,366.41,366.13,399.29,366.41,392.71,64.82,245.87,"and Scalable Privacy-Preserving Authentication Scheme in VANETs,”  IEEE Transactions on Vehicular Technology, vol. 67, no. 9, pp. 8647-8655, 2018.   1242."
14,0,0,0,0,25,6,/Times New Roman,9.96,46.8,354.89,620.11,364.85,354.89,427.15,46.8,-8.11,"[21] H. Zhong, B. Huang, J. Cui, Y. Xu, and L. Liu,  [38] D. He, C. Chen, S. Chan, and J. Bu, “Secure and Efficient"
14,0,0,0,0,13,6,/Times New Roman,9.96,64.82,331.85,308.84,353.33,331.85,438.67,64.82,303.16,"“Conditional Privacy -Preserving Authentication Using Registration List in Vehicular Ad Hoc Networks,” IEEE"
14,0,1,0,0,6,6,"/Times New Roman,Italic",9.96,64.82,320.45,248.84,330.41,320.45,461.59,64.82,363.16,"Access, vol. 6, pp. 2241-2250, 2018."
14,0,0,0,0,9,6,/Times New Roman,9.96,46.8,308.93,315.72,318.89,308.93,473.11,46.8,296.28,"[22] N. Alangudi Balaji, R. Sukumar, and M. Parvathy,"
14,0,0,0,0,25,6,/Times New Roman,9.96,64.82,262.83,318.8,307.37,262.83,484.63,64.82,293.2,"“Enhanced dual authentication and key management scheme for data authentication in vehicular ad hoc network,” Computers & Electrical Engineering,  vol. 76, pp. 94-110, 2019/06/01/, 2019."
14,0,0,0,0,13,6,/Times New Roman,9.96,46.8,251.43,338.72,261.39,251.43,530.61,46.8,273.28,"[23] J. Cui, W. Xu, Y. Han, J. Zhang, and H. Zhong, “Secure"
14,0,0,0,0,6,6,/Times New Roman,9.96,331.27,240.15,580.27,250.11,240.15,541.89,331.27,31.73,Handover Authentication Based on Bilinear Pairing
14,0,0,0,0,15,6,/Times New Roman,9.96,313.25,206.54,636.95,216.5,206.54,575.5,313.25,-24.95,"[30] T. Nandy, M. Y. I. B. Idris, R. M. Noor, I. Ahmedy, and S."
14,0,0,0,0,15,6,/Times New Roman,9.96,331.27,172.08,605.17,204.98,172.08,587.02,331.27,6.83,"Bhattacharyya, ""An Enhanced Two-factor Authentication Protocol for V2V Communication in VANETs."" pp. 171 – 176."
14,0,0,0,0,12,6,/Times New Roman,9.96,313.25,160.56,600.19,170.52,160.56,621.48,313.25,11.81,"[31] D. Dolev, and A. Yao, “On the security of public key"
14,0,0,0,0,7,6,/Times New Roman,9.96,331.27,149.04,583.0,159.0,149.04,633.0,331.27,29.0,"protocols,” IEEE Transactions on Information Theory, vol."
14,0,0,0,0,12,6,/Times New Roman,9.96,64.82,136.69,485.65,147.48,136.69,644.52,64.82,126.35,"29, no. 2, pp. 198-208, 1983.  mutual authentication with privacy preservation in"
14,0,0,0,0,14,6,/Times New Roman,9.96,313.25,125.41,617.03,135.96,125.41,656.04,313.25,-5.03,"[32] R. Canetti, and H. Krawczyk, ""Analysis of Key-Exchange  Functions,” IEEE Transactions on Wireless"
14,0,0,0,0,18,6,/Times New Roman,9.96,331.27,103.08,610.15,124.44,103.08,667.56,331.27,1.85,"Protocols and Their Use for Building Secure Channels.""  Communications, vol. 11, no. 1, pp. 48-53, 2012. pp. 453-474."
14,0,0,0,0,19,9,"/Helvetica,Bold",8.04,313.25,91.56,622.01,102.73,91.56,689.27,313.25,-10.01,"Tarak Nandy  (S' 19) is currently pursuing a Ph.D. and  [33] M. Abdalla, P.-A. Fouque, and D. Pointcheval, ""Password-"
14,0,0,0,0,15,9,/Helvetica,8.04,331.27,80.04,595.21,93.37,80.04,698.63,331.27,16.79,serving as a Graduate Research Assistant in Computer  Based Authenticated Key Exchange in the Three-Party
14,0,0,0,0,8,9,/Helvetica,8.04,358.27,76.21,575.35,84.25,76.21,707.75,358.27,36.65,"System and Technology from the University of Malaya,"
14,0,0,0,0,9,6,/Times New Roman,9.96,331.27,66.97,591.43,78.48,66.97,713.52,331.27,20.57,"Setting."" pp. 65-84.  Malaysia. His interest includes vehicular communication,"
14,0,0,0,0,16,6,/Times New Roman,9.96,313.25,57.0,585.25,66.96,57.0,725.04,313.25,26.75,"[34] M. Burrows, M. Abadi, and R. Needham, “A logic of  IoT, cyber-physical security, ML, DL."
14,1,0,0,0,9,9,"/Helvetica,Bold",8.04,358.27,39.47,587.89,47.51,39.47,744.49,358.27,24.11,Mohd Yamani Idna Idris (M'19) received the Ph.D. degree
14,0,0,0,0,8,9,/Helvetica,8.04,358.27,30.11,587.41,38.15,30.11,753.85,358.27,24.59,in electrical engineering. He is currently an Associate
14,0,0,0,0,30,6,/Times New Roman,9.96,64.82,10.43,599.47,31.91,10.43,760.09,64.82,12.53,"vehicular ad hoc networks,” Vehicular Communications, Professor with the FCSIT, University of Malaya. His vol. 21, pp. 100200, 2020/01/01/, 2020.   expertise is in the area of IoT, security systems, sensor,"
14,0,0,0,0,18,10,/RBCMPJ+AdobeThai-Regular,8.0,25.26,7.0,869.26,15.0,7.0,777.0,25.26,-257.26,"1530-437X (c) 2021 IEEE. Personal use is permitted, but republication/redistribution requires IEEE permission. See http://www.ieee.org/publications_standards/publications/rights/index.html for more information."
14,0,0,0,0,35,6,/Helvetica,9.96,46.8,-1.09,579.49,8.87,-1.09,783.13,46.8,32.51,"[24] J. Cui, X. Zhang, H. Zhong, J. Zhang, and L. Liu, Authorized licensed use limited to: University of Malaya. Downloaded on August 06,2021 at 06:40:43 UTC from IEEE Xplore.  Restrictions apply. View publication stats"
14,0,0,0,0,18,6,/Times New Roman,9.96,64.82,-35.53,353.66,-2.65,-35.53,794.65,64.82,258.34,"“Extensible Conditional Privacy Protection Authentication Scheme for Secure Vehicular Networks in a Multi-Cloud Environment,” IEEE Transactions on Information"
14,0,1,0,0,8,6,"/Times New Roman,Italic",9.96,64.82,-47.05,318.98,-37.09,-47.05,829.09,64.82,293.02,"Forensics and Security, vol. 15, pp. 1654-1667, 2020."
14,0,0,0,0,23,6,/Times New Roman,9.96,46.8,-58.57,522.49,-47.78,-58.57,839.78,46.8,89.51,"authentication,” ACM Trans. Comput. Syst.,  vol. 8, no. 1,  [25] A. Vangala, B. Bera, S. Saha, A. K. Das, N. Kumar, and Y."
14,0,0,0,0,3,9,/Helvetica,8.04,358.27,-62.54,474.85,-54.5,-62.54,846.5,358.27,137.15,and signal/image processing
14,0,0,0,0,29,6,/Times New Roman,9.96,64.82,-81.49,587.29,-59.18,-81.49,851.18,64.82,24.71,"pp. 1836, 1990.  H. Park, “Blockchain -Enabled Certificate-Based [35] ""AVISPA,"" 11 April 2020, 2020; Authentication for Vehicle Accident Detection and Rafidah Md Noor received the Ph.D. degree in computing"
14,0,0,0,0,32,9,/Helvetica,8.04,358.27,-182.79,599.47,-82.1,-182.79,874.1,358.27,12.53,"from Lancaster University, U.K., in 2010. She is currently an Associate Professor with the FCSIT, University of Malaya. Her research interests are transportation systems, vehicular networks, wireless networks, QoS, and the IoT."
14,0,0,0,0,6,6,/Times New Roman,9.96,64.82,-196.23,328.76,-186.27,-196.23,978.27,64.82,283.24,"Notification in Intelligent Transportation Systems,” IEEE"
14,1,0,0,0,8,9,"/Helvetica,Bold",8.04,356.83,-201.03,574.12,-192.99,-201.03,984.99,356.83,37.88,Ainuddin Wahid Abdul Wahab  Received the PhD degree
14,0,1,0,0,5,6,"/Times New Roman,Italic",9.96,64.82,-207.75,219.26,-197.79,-207.75,989.79,64.82,392.74,"Sensors Journal, pp. 1-1, 2020."
14,0,0,0,0,10,9,/Helvetica,8.04,356.83,-210.39,602.05,-202.35,-210.39,994.35,356.83,9.95,"from Surrey University, UK. He is currently as an Associate"
14,0,0,0,0,21,6,/Times New Roman,9.96,46.8,-219.51,589.99,-209.34,-219.51,1001.34,46.8,22.01,"[26] T. Nandy, R. M. Noor, M. Y. I. Idris, and S. Bhattacharyya,  Professor, and the Deputy Dean (Undergraduate) in FCSIT,"
14,0,0,0,0,25,9,/Helvetica,8.04,64.82,-242.34,598.03,-220.71,-242.34,1012.71,64.82,13.97,"University of Malaya, Malaysia. His research interests are  ""T-BCIDS: Trust-Based Collaborative Intrusion Detection Information Security, Network Security, Steganography, and Sensor.   System for VANET."" pp. 1-5."
14,0,0,0,0,9,6,/Times New Roman,9.96,46.8,-253.74,273.98,-243.78,-253.74,1035.78,46.8,338.02,"[27] T. Zhang, and Q. Zhu, “Distributed Privacy -Preserving"
14,1,0,0,0,8,9,"/Helvetica,Bold",8.04,358.27,-256.26,587.5,-248.22,-256.26,1040.22,358.27,24.5,Sananda Bhattacharyya  received her M. Tech from India.
14,0,0,0,0,18,6,/Times New Roman,9.96,64.82,-265.62,587.41,-255.3,-265.62,1047.3,64.82,24.59,"Collaborative Intrusion Detection Systems for V ANETs,”  She is an ad-hoc faculty in the IT in Maldives Business"
14,0,0,0,0,16,9,/Helvetica,8.04,64.82,-276.78,575.35,-266.7,-276.78,1058.7,64.82,36.65,"School, Maldives. Her area of interest is in network  IEEE Transactions on Signal and Information Processing"
14,0,0,0,0,5,9,/Helvetica,8.04,358.27,-283.98,583.39,-275.94,-283.98,1067.94,358.27,28.61,"security, cryptography, data security, steganography."
14,1,0,0,0,9,9,"/Helvetica,Bold",8.04,358.27,-367.27,588.01,-359.23,-367.27,1151.23,358.27,23.99,Raenu Kolandaisamy  received his his PhD degree at the
14,0,0,0,0,9,9,/Helvetica,8.04,358.27,-376.63,607.51,-368.59,-376.63,1160.59,358.27,4.49,"University of Malaya, Malaysia. He is an assistant professor"
14,0,0,0,0,17,6,/Helvetica,9.96,64.82,-391.52,587.41,-377.83,-391.52,1169.83,64.82,24.59,"at the UCSI University, Malaysia. His research interest  over Networks, vol. 4, no. 1, pp. 148-161, 2018."
14,0,0,0,0,7,9,/Helvetica,8.04,358.27,-394.99,555.25,-386.95,-394.99,1178.95,358.27,56.75,"includes IoT, VANET, ITS, security and privacy."
14,0,0,0,0,11,6,/Times New Roman,9.96,46.8,-403.04,335.64,-393.08,-403.04,1185.08,46.8,276.36,"[28] M. A. Al-shareeda, M. Anbar, I. H. Hasbullah, and S."
14,0,0,0,0,16,9,/Times New Roman,8.04,64.82,-414.56,586.75,-404.6,-414.56,1196.6,64.82,25.25,"Manickam, “Survey of Authentication and Privacy   Muktar Yahuza (S, 19) is currently pursuing a PhD degree"
14,0,0,0,0,26,6,/Helvetica,9.96,64.82,-437.47,569.89,-414.54,-437.47,1206.54,64.82,42.11,"in Computer Science from the University of Malaya,  Schemes in Vehicular ad hoc Networks,”IEEE Sensors Malaysia. His area of research includes Information  Journal, pp. 1-1, 2020."
14,0,0,0,0,8,6,/Times New Roman,9.96,46.8,-448.99,214.22,-439.03,-448.99,1231.03,46.8,397.78,"[29] J. B. Kenney, “Dedicated Short -Range Communications"
14,0,0,0,0,8,6,/Times New Roman,9.96,64.82,-460.51,316.97,-450.55,-460.51,1242.55,64.82,295.03,"(DSRC) Standards in the United States,” Proceedings of"
14,0,1,0,0,9,6,"/Times New Roman,Italic",9.96,64.82,-472.03,298.04,-462.07,-472.03,1254.07,64.82,313.96,"the IEEE, vol. 99, no. 7, pp. 1162-1182, 2011."
14,0,0,0,0,7,9,/Helvetica,8.04,356.83,-506.11,569.89,-498.07,-506.11,1290.07,356.83,42.11,"Security, Internet of Drones, and, Image processing."
