page_number,is_bold,is_italic,is_underline,is_all_caps,word_count,norm_font_size,font,font_size,x0,y0,x1,y1,space_above,space_below,space_left,space_right,text
1,0,0,0,0,14,2,/WPBZSD+MinionPro-Regular,7.97,50.57,707.9,225.91,744.25,707.9,55.74,50.57,374.07,"Hindawi Wireless Communications and Mobile Computing Volume 2021, Article ID 8621230, 12 pages https://doi.org/10.1155/2021/8621230"
1,0,0,0,0,12,4,/OFDFHN+JvvwrtMinion-Black,1.0,50.0,604.99,80.0,626.01,604.99,173.99,50.0,519.98,Unified Authentication and Access Control for Future Mobile Communication-Based Lightweight IoT Systems
1,0,0,0,0,9,4,/OFDFHN+JvvwrtMinion-Black,1.0,178.87,543.82,404.29,544.82,543.82,255.18,178.87,195.69,"1 Shalini Stalin,  Prashant Kumar Shukla,  Piyush Kumar Shukla,"
1,1,0,0,0,5,4,/OFDFKM+ShvkrhMinionProBold,1.0,86.23,538.49,402.9,539.49,538.49,260.5,86.23,197.08,Shubham Joshi  2  3  4
1,0,0,0,0,6,4,/OFDFHN+JvvwrtMinion-Black,1.0,147.69,529.82,280.73,530.82,529.82,269.18,147.69,319.25,"Rajan Singh Bhadoria,  and Basant Tiwari"
1,1,0,0,0,4,4,/OFDFKM+ShvkrhMinionProBold,1.0,86.23,524.49,156.79,525.49,524.49,274.51,86.23,443.19,"Ruby Bhatt, 5  6"
1,0,0,0,0,5,4,/OFDFHM+FccgckMinionProIt,1.0,86.23,509.01,106.73,510.01,509.01,289.98,86.23,493.25,"1Department of Computer Engineering, SVKM"
1,0,0,0,0,8,4,/OFDFMN+ThrmtqMinionProIt,1.0,89.4,504.98,277.91,505.98,504.98,294.01,89.4,322.07,"’ S NMIMS MPSTME Shirpur, Maharashtra, India 425405"
1,0,0,0,0,15,4,/OFDFHM+FccgckMinionProIt,1.0,86.23,497.73,148.73,498.73,497.73,301.27,86.23,451.25,"2Department of Information Technology, Indian Institute of Information Technology (IIIT), Maulana Azad National Institute of"
1,0,0,0,0,8,4,/OFDFHM+FccgckMinionProIt,1.0,89.4,482.47,121.4,483.47,482.47,316.52,89.4,478.58,"Technology (MANIT) Campus, Bhopal, Madhya Pradesh 462003, India"
1,0,0,0,0,25,4,/OFDFHM+FccgckMinionProIt,1.0,86.23,452.71,147.23,476.22,452.71,323.77,86.23,452.75,"3Department of CSE, Koneru Lakshmaiah Education Foundation (KLEF) Vaddeswaram, KL University Vijayawada, 4Computer Science & Engineering Department, University Institute of Technology, Rajiv Gandhi Proudyogiki Vishwavidyalaya,"
1,0,0,0,0,8,4,/OFDFHM+FccgckMinionProIt,1.0,89.4,437.52,122.9,438.52,437.52,361.47,89.4,477.08,"(Technological University of Madhya Pradesh), Bhopal 462033, India"
1,0,0,0,0,25,4,/OFDFHM+FccgckMinionProIt,1.0,86.23,407.76,135.23,431.26,407.76,368.73,86.23,464.75,"5Department of Computer Science, Medicaps University, Indore, M.P., India 6Department of Computer Application, Technocrats Institute of Technology, RGPV, Bhopal, MP, India 7Hawassa University, Awasa, Ethiopia"
1,0,0,0,0,8,4,/OFDFMO+NqbgqnMinionProRegular,1.0,86.23,384.23,122.23,385.23,384.23,414.77,86.23,477.75,Correspondence should be addressed to Basant Tiwari; basanttiw@hu.edu.et
1,0,0,0,0,3,4,/OFDFHM+FccgckMinionProIt,1.0,89.4,369.68,103.9,370.68,369.68,429.32,89.4,496.08,"Andhra Pradesh-520002, India"
1,0,0,0,0,12,4,/MinionPro-Regular,1.0,86.23,364.72,125.23,365.72,364.72,434.27,86.23,474.75,Received 5 October 2021; Accepted 22 November 2021; Published 17 December 2021
1,0,0,0,0,4,4,/OFDFMO+NqbgqnMinionProRegular,1.0,124.61,345.22,137.61,346.22,345.22,453.77,124.61,462.38,Editor: Deepak Kumar Jain
1,0,0,0,0,35,4,/OFDFMO+NqbgqnMinionProRegular,1.0,86.23,315.24,146.23,326.72,315.24,473.27,86.23,453.75,"Copyright © 2021 Shubham Joshi et al. This is an open access article distributed under the Creative Commons Attribution License, which permits unrestricted use, distribution, and reproduction in any medium, provided the original work is"
1,0,0,0,0,396,4,/OFDFMO+NqbgqnMinionProRegular,1.0,86.21,22.87,532.1,221.87,22.87,578.12,86.21,67.88,"properly cited. The Internet of Things (IoT) is a new revolution de ned by heterogeneous devices made up of intelligent, omnipresent items that are all hooked up to The internet. These devices are frequently implemented in di erent areas to o er innovative programs in various industrial Academic applications, including intelligent urban, medicine, and societies. Such Internet of Things (IoT) equipment generates a large volume of private and safety information. Because IoT systems are resource-constrained in terms of operation, memory, and communication capability, safeguarding accessibility to them is a di ﬃ cult task. In the blockchain concept, the majority, or even all network nodes, check the validity and accuracy of exchanged data before ac c e p t i n ga n dr e c o r d i n gi t ,w h e t h e rt h i sd a t ai sr e l a t e dt o nancial transactions, measurements of a sensor, or an authentication messa ge. In evaluating the validity of exchanged data, nodes must reach a consensus in order to perform a special action, in which case th e opportunity to enter and record transactions and unreliable interactions with the system is signi ﬁ cantly reduced. Recently, in order to share and access management of IoT devices ’  information with a distributed attitude, a new authentication protocol based on blockchain has been proposed, and it is claimed that this protocol satis es user privacy while preserving security. Today ’ s identi cation and authentication techniq ues have substantial shortcomings due to rapidly growing prevalence and implementation. As a resul t, the protection of such gadgets is critical to guarantee the program se ﬃ cacy and safety. A decentralized authentication and access c ontrol method for lightweight IoT systems are proposed in this work and a blockchain-based system that enables identi ﬁ cation and secures messaging with IoT nodes. The technique is built on fog information systems and the idea of a blockchain system; when contrasted to something like a blockchain-based veri ﬁ cation system, the testing ﬁ ndings show that the suggested mechanism out performs it. The authentication and veri  ﬁ cation system undergoes using the blockchain technique . Our method takes advantage of blockchain  ’ s inherent advantages while also associated with development authentication systems. Our suggested blockchain-based approach, structure, and layout, in particular, provide for"
1,0,0,0,0,52,4,/OFDFMO+NqbgqnMinionProRegular,1.0,86.21,-92.46,153.71,-70.49,-92.46,870.49,86.21,446.27,"transparency, consistency, and provenance while also providing tamper-proof records. The artic le describes the general systems architectural style and the analysis and execution of a real scenari o as just a prototype system. The authentication included give as protected prototype that can transmit data with secured protocol and achieves minimum error rate."
2,0,0,0,0,35,3,/Times-Roman,5.76,584.22,778.23,1511.58,783.99,778.23,16.0,584.22,-911.6,"6302, 2021, 1, Downloaded from https://onlinelibrary.wiley.com/doi/10.1155/2021/8621230, Wiley Online Library on [17/06/2024]. See the Terms and Conditions (https://onlinelibrary.wiley.com/terms-and-conditions) on Wiley Online Library for rules of use; OA articles are governed by the applicable Creative Commons License"
2,0,0,0,0,41,4,/OFDFMO+NqbgqnMinionProRegular,1.0,50.0,736.52,2277.65,748.52,736.52,51.48,50.0,-1677.67,"2 Wireless Communications and Mobile Computing  6302, 2021, 1, Downloaded from https://onlinelibrary.wiley.com/doi/10.1155/2021/8621230, Wiley Online Library on [17/06/2024]. See the Terms and Conditions (https://onlinelibrary.wiley.com/terms-and-conditions) on Wiley Online Library for rules of use; OA articles are governed by the applicable Creative Commons License"
2,0,0,0,0,85,4,/OFDFMO+NqbgqnMinionProRegular,1.0,50.0,91.45,81.5,696.19,91.45,103.81,50.0,518.48,"IoT in many industries and formats may be installed everywhere. Such gadgets can talk with each other, acquire, share, and process data to provide a service [1]. Analysts at CISCO, Ericsson, as well as other organizations predict that by 2020, there will be more than 45 billion devices that are interconnected [2]. IoT is being used in a variety of industries, including household appliances, hospital instruments, and personal accessories. These gadgets must have particular qualities to enable such capability. They ought to be able to"
2,0,0,0,0,357,4,/OFDFMO+NqbgqnMinionProRegular,1.0,50.0,-3633.34,282.69,-21.46,-3633.34,821.45,50.0,317.3,"operate on a moderate energy basis and communicate with some other heterogeneous systems. They must also be capable of maintaining a steady connection with the back-end, if only one exists, and obtain updates as needed. The authentication method is a critical idea for managing system resources and connections in a secure manner. These categories should be reinterpreted in the IoT context compared to the previously indicated features. The issue of restricted resources must be considered in identi ﬁ cation systems and authorization rules. According to a previous report issued by Gartner, the volume of interconnected devices could reach Twenty billion in 2019 [3]. IoT is already present in practically every aspect of life (for example, health and transportation), and numerous IoT programs simplify everyday tasks (i.e., home automation). Integrated recyclers, transportation infrastructure, smart grid, smart transportation, environmental sensing, tra ﬃ c control, and a variety of other technologies are examples of these systems [4]. IoT systems produce a large amount of information, some of which could be sensitive. In intelligent medical systems, for instance, patient-attached devices create con dential information such as personal medical status [5, 6]. This information is then relayed to the clinic, where it is regularly checked to activate sirens in the case of emergencies. As a result, the privacy of this equipment, as well as the sensed data, is critical to ensuring the IoT program ’ s natural behavior, since all of the IoT program ’ s major decisions are dependent upon the collected data [7]. If a rogue device gains access to a Network infrastructure, it can destabilize the program ’ s regular function, resulting in severe consequences. Data processing [8], secrecy [9], authenticity [10], accessibility [11], and nonrepudiation [12] all seem to be aspects of IoT security. The authentication method, on the other hand, will be the ﬁ rst line of protection, limiting information exchange to those with appropriate rights. To preserve data integrity and security, secured IoT applications require an authentication process among IoT devices as well as other platforms. If not, these platforms would be subject to a range of security issues, including unauthorized access, theft of data, and"
2,0,0,0,0,17,4,/OFDFMO+NqbgqnMinionProRegular,1.0,308.98,-3701.55,339.98,-3688.76,-3701.55,4488.76,308.98,260.01,"of customizable solutions that limit the participation of outsiders in such processes. Aside from these issues, permis-"
2,0,0,0,0,17,4,/OFDFMO+NqbgqnMinionProRegular,1.0,50.0,-3758.63,147.57,-3746.24,-3758.63,4546.23,50.0,452.41,"information modi ﬁ cation [13]. Blockchain technology may be divided into two categories, namely, permission less and"
2,0,0,0,0,16,4,/OFDFMO+NqbgqnMinionProRegular,1.0,308.98,-3831.25,461.71,-3818.46,-3831.25,4618.45,308.98,138.27,"sionless blockchain has other di ﬃ culties, including as scalability, regulatory institutions, and control over evolution."
2,0,0,0,0,6,4,/OFDFMO+NqbgqnMinionProRegular,1.0,50.0,-3872.53,77.5,-3871.53,-3872.53,4671.53,50.0,522.48,"permissioned (see below). A permissionless blockchain,"
2,0,0,0,0,26,4,/OFDFMO+NqbgqnMinionProRegular,1.0,308.98,-3972.79,380.99,-3948.15,-3972.79,4748.14,308.98,218.99,"This has o ﬀ ered corporations the opportunity to investigate other possibilities, such as permissioned blockchain, which may be managed privately and can limit membership in"
2,0,0,0,0,32,4,/OFDFMO+NqbgqnMinionProRegular,1.0,50.0,-4100.34,336.48,-3983.58,-4100.34,4783.57,50.0,263.51,"the blockchain network to only those who are known and often known as a public blockchain, is accessible to anybody who wants to use it. Despite the fact that it has enormous"
2,0,0,0,0,8,4,/OFDFMO+NqbgqnMinionProRegular,1.0,308.98,-4102.48,337.48,-4101.48,-4102.48,4901.48,308.98,262.51,"trusted. A permissioned blockchain, sometimes known as a"
2,0,0,0,0,20,4,/OFDFMO+NqbgqnMinionProRegular,1.0,50.0,-4123.18,80.5,-4110.79,-4123.18,4910.78,50.0,519.48,"potential, similar to Bitcoin, it may not be suited for company owners that want to maintain control over the transac-"
2,0,0,0,0,10,4,/OFDFMO+NqbgqnMinionProRegular,1.0,308.98,-4220.38,337.98,-4219.38,-4220.38,5019.38,308.98,262.01,"private blockchain, is a kind of blockchain that has been"
2,0,0,0,0,8,4,/OFDFMO+NqbgqnMinionProRegular,1.0,50.0,-4237.08,80.0,-4236.08,-4237.08,5036.07,50.0,519.98,tion processing system. Business processes may have special
2,0,0,0,0,8,4,/OFDFMO+NqbgqnMinionProRegular,1.0,308.98,-4338.29,337.48,-4337.29,-4338.29,5137.28,308.98,262.51,granted permissions. This will completely change the way
2,0,0,0,0,8,4,/OFDFMO+NqbgqnMinionProRegular,1.0,50.0,-4350.98,80.5,-4349.98,-4350.98,5149.97,50.0,519.48,criteria and complicated procedures that necessitate the use
2,0,0,0,0,7,4,/OFDFMO+NqbgqnMinionProRegular,1.0,308.98,-4456.19,330.98,-4455.19,-4456.19,5255.18,308.98,269.01,transactions are carried out in the future.
2,0,0,0,0,8,4,/OFDFMO+NqbgqnMinionProRegular,1.0,324.0,-4467.58,378.34,-4466.58,-4467.58,5266.57,324.0,221.64,Bitcoin s fundamental technique is known as blockchain
2,0,0,0,0,178,4,/OFDFMO+NqbgqnMinionProRegular,1.0,308.98,-5437.44,533.59,-4478.31,-5437.44,5278.3,308.98,66.39,"technology [14]. A developing network of information could be characterized as it. The blockchain inherited e ﬀ ective properties by construction, such as decentralized, tamperproof blocks containing information that may be viewed by every node equitably. This notion can be applied to any application that necessitates the validation of information or activities by a trustworthy 3rd person. The blockchain enabled all con dence to be transferred network by replacing the trusted third party with such an accessible, unmanipulated block of information that is accessible in a distributed form. The smart contract is indeed an e ﬃ cient solution that makes use of blockchain technology. An auto or self-executing software had ﬁ rst been described as just a smart contract in 1996. The Ethereum blockchain has functionality such as activities and records. A response (returned value) ﬁ rst from the smart card towards the user interface that interacts with this is called an event. The basic purpose of using events and records is to make it easier for contracts and the programmed that interact with them just to communicate."
2,0,0,0,0,6,4,/OFDFMO+NqbgqnMinionProRegular,1.0,324.0,-5448.83,351.5,-5447.83,-5448.83,6247.82,324.0,248.49,"Blockchains features, such as increased dependability,"
2,0,0,0,0,113,4,/OFDFMO+NqbgqnMinionProRegular,1.0,308.98,-6428.45,479.12,-5459.22,-6428.45,6259.21,308.98,120.86,"the integrity of the information, and ﬂ exibility, make it an excellent solution for identi ﬁ cation issues. Smart contracts, which provide ﬁ ne-grained network access over IoT systems, can also be integrated with blockchain. Furthermore, fog computing as well as blockchain-based provides solid foundations for developing and managing decentralized condence and safety solutions for time-critical fog-enabled IoT networks [15]. Likewise, the researchers of [16] demonstrated a successful and powerful collaborative fog-based IoT network platform. We suggest a delay-sensitive blockchain-enabled security authentication methodology for IoT networks, based on the properties of fog computing as well as the decentralized nature of blockchain. The following are indeed the article ’ s main factors that contribute:"
2,0,0,0,0,7,4,/OFDFMO+NqbgqnMinionProRegular,1.0,324.0,-6450.33,352.5,-6449.33,-6450.33,7249.32,324.0,247.49,(1) A revolutionary decentralized technique that enables
2,0,0,0,0,18,4,/OFDFMO+NqbgqnMinionProRegular,1.0,339.7,-6587.07,391.05,-6460.78,-6587.07,7260.77,339.7,208.93,"identi cation and security systems over IoT applications, allowing them to operate in a safe and trustworthy atmosphere"
2,0,0,0,0,8,4,/OFDFMO+NqbgqnMinionProRegular,1.0,324.0,-6604.93,351.5,-6603.93,-6604.93,7403.92,324.0,248.49,(2) A proof-of-concept of the suggested technique dem-
2,0,0,0,0,8,4,/OFDFMO+NqbgqnMinionProRegular,1.0,339.7,-6616.38,366.7,-6615.38,-6616.38,7415.37,339.7,233.29,onstrates its capability to handle IoT security goals
2,0,0,0,0,10,4,/OFDFMO+NqbgqnMinionProRegular,1.0,324.0,-6634.24,516.7,-6633.24,-6634.24,7433.23,324.0,83.28,(3) Evaluation of the suggested mechanism ’ se ﬀ ectiveness
2,0,0,0,0,8,4,/OFDFMO+NqbgqnMinionProRegular,1.0,339.71,-6645.65,524.84,-6644.65,-6645.65,7444.64,339.71,75.14,against a state-of-the-art IoT biometric identi ﬁ ca
3,0,0,0,0,35,3,/Times-Roman,5.76,584.22,778.23,1511.58,783.99,778.23,16.0,584.22,-911.6,"6302, 2021, 1, Downloaded from https://onlinelibrary.wiley.com/doi/10.1155/2021/8621230, Wiley Online Library on [17/06/2024]. See the Terms and Conditions (https://onlinelibrary.wiley.com/terms-and-conditions) on Wiley Online Library for rules of use; OA articles are governed by the applicable Creative Commons License"
3,0,0,0,0,40,1,Unknown,12.0,50.0,736.52,1982.0,748.52,736.52,51.48,50.0,-1382.02,"6302, 2021, 1, Downloaded from https://onlinelibrary.wiley.com/doi/10.1155/2021/8621230, Wiley Online Library on [17/06/2024]. See the Terms and Conditions (https://onlinelibrary.wiley.com/terms-and-conditions) on Wiley Online Library for rules of use; OA articles are governed by the applicable Creative Commons License 3Wireless Communications and Mobile Computing"
3,0,0,0,0,3,4,/OFDFHN+JvvwrtMinion-Black,1.0,50.0,717.98,58.0,718.98,717.98,81.01,50.0,541.98,2. Related Works
3,0,0,0,0,19,4,/OFDFMO+NqbgqnMinionProRegular,1.0,50.0,686.58,80.0,698.97,686.58,101.03,50.0,519.98,The Ethereum blockchain has functionality such as events and logs. A response (returned data) from the contract to a
3,0,0,0,0,8,4,/OFDGCP+HklshkMinionScUnic,1.0,329.61,579.37,353.11,580.37,579.37,219.63,329.61,246.87,Figure 1: A sample Ethereum smart contract scenario.
3,0,0,0,0,158,4,/OFDFMO+NqbgqnMinionProRegular,1.0,50.0,-839.77,162.27,573.67,-839.77,226.32,50.0,437.71,"user experience that interacts with it is called an event. The basic purpose of using events and logs is to make it easier for contracts as well as the programmed that interact with them to communicate. Figure 1 depicts an example Ethereum Smart Contract Application environment. The customer ﬁ rst asks the contract for accessibility to a certain commodity or commodity. Secondly, the software system determines whether the asset is available for use and then collects the payment ﬁ rst from the customer. In this case, the customer was paying with Ethereum, a digital currency. Finally, the contract keeps the resources reserved for the present client. Fourth, the customer makes appropriate use of the service. Afterward, assuming all of the contractual terms were followed, the smart contract would bill the client like promised. It is vital to remember that perhaps the contract is completely self-contained, and the proprietor is not participating in any of the 4 stages [17]."
3,0,0,0,0,9,4,/OFDFMO+NqbgqnMinionProRegular,1.0,65.02,-861.65,92.02,-860.65,-861.65,1660.65,65.02,507.96,(1) The customer demands that the smart contract pro-
3,0,0,0,0,9,4,/OFDFMO+NqbgqnMinionProRegular,1.0,80.67,-873.04,103.67,-872.04,-873.04,1672.04,80.67,496.31,vide him access to a certain resource or item
3,0,0,0,0,11,4,/OFDFMO+NqbgqnMinionProRegular,1.0,65.02,-890.95,94.02,-889.95,-890.95,1689.95,65.02,505.96,(2) The smart contract checks to see whether the asset is
3,0,0,0,0,24,4,/OFDFMO+NqbgqnMinionProRegular,1.0,80.67,-1130.15,107.67,-901.34,-1130.15,1701.34,80.67,492.31,"available and then records the fee received from the customer. In this particular example, the customer is making a payment using the cryptocurrency Ethereum"
3,0,0,0,0,10,4,/OFDFMO+NqbgqnMinionProRegular,1.0,65.02,-1148.06,93.52,-1147.06,-1148.06,1947.05,65.02,506.46,(3) The smart contract ensures that the resource is only
3,0,0,0,0,5,4,/OFDFMO+NqbgqnMinionProRegular,1.0,80.67,-1159.45,96.67,-1158.45,-1159.45,1958.44,80.67,503.31,available to the present client
3,0,0,0,0,10,4,/OFDFMO+NqbgqnMinionProRegular,1.0,65.02,-1177.36,91.52,-1176.36,-1177.36,1976.35,65.02,508.46,(4) The customer makes use of the resource in accor-
3,0,0,0,0,4,4,/OFDFMO+NqbgqnMinionProRegular,1.0,80.67,-1188.75,92.67,-1187.75,-1188.75,1987.74,80.67,507.31,dance with its approval
3,0,0,0,0,9,4,/OFDFMO+NqbgqnMinionProRegular,1.0,65.02,-1206.66,93.02,-1205.66,-1206.66,2005.65,65.02,506.96,(5) If everything went according to the contract condi-
3,0,0,0,0,15,4,/OFDFMO+NqbgqnMinionProRegular,1.0,80.67,-1331.95,106.17,-1217.05,-1331.95,2017.04,80.67,493.81,"tions, the smart contract will charge the customer the amount agreed upon by the parties"
3,0,0,0,0,9,4,/OFDFHM+FccgckMinionProIt,1.0,50.0,-1355.25,72.5,-1354.25,-1355.25,2154.25,50.0,527.48,"2.1. Blockchain. A distributed database, or blockchain, is a"
3,0,0,0,0,122,4,/OFDFMO+NqbgqnMinionProRegular,1.0,50.0,-2539.9,282.69,-1365.64,-2539.9,2165.64,50.0,317.3,"historical reminder of all activities processed and reviewed in the community. The blockchain is indeed a peer-to-peer technology that is decentralized in character. Every network device where blockchain has been used keeps a complete transaction record. Such blockchains refresh in real-time as each transaction is validated [18]. The blockchain is created to use as a bank transaction technology, but it was ﬁ rst implemented in Bitcoin. This unforgeability, decentralized structure, and fault-tolerant, on the other hand, make it suited for the cyber defense environment. There are now various security methods [19] that leverage blockchainbased that can provide fundamental security criteria to safeguard a service, like access controls. The number of blocks linked along with a hashing technique is recorded in the log-"
3,0,0,0,0,23,4,/OFDFMO+NqbgqnMinionProRegular,1.0,308.97,-2642.02,543.65,-2629.63,-2642.02,3429.63,308.97,56.33,with the center core hashing kept as the block identi ﬁ er [20]. The data block is indeed the second element of the
3,0,0,0,0,12,4,/OFDFMO+NqbgqnMinionProRegular,1.0,50.0,-2653.8,81.5,-2652.8,-2653.8,3452.79,50.0,518.48,"book. Every block is split into 2 parts, one of which presents"
3,0,0,0,0,10,4,/OFDFMO+NqbgqnMinionProRegular,1.0,308.97,-2755.92,340.47,-2754.92,-2755.92,3554.92,308.97,259.52,"blocks, and it stores packet headers such as the transactional"
3,0,0,0,0,20,4,/OFDFMO+NqbgqnMinionProRegular,1.0,50.0,-2779.15,204.12,-2766.7,-2779.15,3566.69,50.0,395.86,"the number of completed and veri ﬁ ed operations. A medical chart, a money activity, or a communication systems signal"
3,0,0,0,0,11,4,/OFDFMO+NqbgqnMinionProRegular,1.0,308.97,-2869.83,339.47,-2868.83,-2869.83,3668.82,308.97,260.52,"date stamp, block hashes, and previous block hash. As just a"
3,0,0,0,0,9,4,/OFDFMO+NqbgqnMinionProRegular,1.0,50.0,-2893.05,79.5,-2892.05,-2893.05,3692.05,50.0,520.48,are all examples of transactions. Various data formats are
3,0,0,0,0,9,4,/OFDFMO+NqbgqnMinionProRegular,1.0,308.97,-2983.73,339.47,-2982.73,-2983.73,3782.72,308.97,260.52,"result, a hash-supported network is formed from a collection"
3,0,0,0,0,9,4,/OFDFMO+NqbgqnMinionProRegular,1.0,50.0,-3006.95,79.0,-3005.95,-3006.95,3805.95,50.0,520.98,used to organize such systems. The reversed hashing tech-
3,0,0,0,0,17,4,/OFDFMO+NqbgqnMinionProRegular,1.0,308.97,-3109.08,356.84,-3096.63,-3109.08,3896.63,308.97,243.15,"of existing blocks. The chain grows increasingly resistant to falsi cation because it grows longer. Furthermore, because"
3,0,0,0,0,20,4,/OFDFMO+NqbgqnMinionProRegular,1.0,50.0,-3120.86,339.47,-3119.47,-3120.86,3919.47,50.0,260.52,"all following blocks are connected via hashing, if a malevo- nique is employed, for instance, in Merkel ’s tree structure,"
3,0,0,0,0,120,4,/OFDFMO+NqbgqnMinionProRegular,1.0,308.97,-3872.29,529.49,-3130.86,-3872.29,3930.86,308.97,70.49,"lent user wants to change or modify the operations of a block, then she must perform the same modi ﬁ cations throughout all blocks. Figure 2 depicts the blockchain ’ s general premise as it is deployed on the internet. In the blockchain, there are primarily types of nodes. The ﬁ rst sort of node is referred to as an inactive station or verifying node; so, it is responsible for holding and receiving block data, but it cannot develop new blocks or initiate transactions. The mining network is the second sort of network, and it may also build blocks and verify transactions. A multitude of consensus techniques was employed to verify new blocks and tie them towards the original network."
3,0,0,0,0,8,4,/OFDFMO+NqbgqnMinionProRegular,1.0,323.99,-3883.68,349.99,-3882.68,-3883.68,4682.67,323.99,250.0,The consensus method allows nodes inside the block-
3,0,0,0,0,222,4,/OFDFMO+NqbgqnMinionProRegular,1.0,308.96,-5683.45,526.2,-3894.07,-5683.45,4694.06,308.96,73.78,"chain system to agree upon the addition of a new block to a chain. Proof-of-work (PoW) is among the Bitcoin network s consensus mechanisms. A mathematics riddle is introduced to the PoW method, that must be answered by mining nodes for a block to be validated. The puzzle ’ s complexity could be adjusted based on the mining node ’ s computational resources as well as the time required to verify new blocks. The PoW technique is utilized in contexts when computing power is not a constraint [21]. One of the key motivations for nodes to join as minors is that miners were compensated for contributing new transactions. Other consensual methods include the Proof-of-stack (PoS) method, Byzantine fault tolerance method [22], and the ripple method, in addition to PoW. The PoS methodology is suggested to resolve the constraints of the PoW technique. There are nodes termed forgers in the PoS process that validate new blocks. The forgers are chosen based on their current account and the amount of money they are willing to put in a stack. A staked node has a better likelihood of validating a block and adding this to the genesis blockchain. Ripple uses the XRP Ledger Consensus Protocol to reach networks consensus. Each node inside the ripple network maintains a Unique Node Listing (UNL), which is used in"
4,0,0,0,0,35,3,/Times-Roman,5.76,584.22,778.23,1511.58,783.99,778.23,16.0,584.22,-911.6,"6302, 2021, 1, Downloaded from https://onlinelibrary.wiley.com/doi/10.1155/2021/8621230, Wiley Online Library on [17/06/2024]. See the Terms and Conditions (https://onlinelibrary.wiley.com/terms-and-conditions) on Wiley Online Library for rules of use; OA articles are governed by the applicable Creative Commons License"
4,0,0,0,0,41,4,/OFDFMO+NqbgqnMinionProRegular,1.0,50.0,736.52,2277.66,748.52,736.52,51.48,50.0,-1677.68,"4 Wireless Communications and Mobile Computing  6302, 2021, 1, Downloaded from https://onlinelibrary.wiley.com/doi/10.1155/2021/8621230, Wiley Online Library on [17/06/2024]. See the Terms and Conditions (https://onlinelibrary.wiley.com/terms-and-conditions) on Wiley Online Library for rules of use; OA articles are governed by the applicable Creative Commons License"
4,0,0,0,0,5,4,/SjvdnxMinionPro-Regular,1.0,433.82,709.25,448.32,710.25,709.25,89.75,433.82,151.66,Block 4Block 3Block 2Block 1
4,0,0,0,0,5,4,/SjvdnxMinionPro-Regular,1.0,141.99,668.13,434.92,670.68,668.13,129.32,141.99,165.06,Genesis  Header  Header  Header  Header
4,0,0,0,0,8,4,/SjvdnxMinionPro-Regular,1.0,209.3,646.13,427.92,647.13,646.13,152.87,209.3,172.06,Transaction N Transaction N Transaction N Transaction N
4,0,0,0,0,6,4,/OFDFMO+NqbgqnMinionProRegular,1.0,246.16,602.33,343.29,603.33,602.33,196.67,246.16,256.69,Figure 2: Genesis block  ﬂ ow.
4,0,0,0,0,21,4,/OFDFMO+NqbgqnMinionProRegular,1.0,50.0,558.39,81.0,570.78,558.39,229.21,50.0,518.98,"this technique. A data model called Candidates Set is used to batch all operations. To be included in the ledger, every"
4,0,0,0,0,3,4,/OFDFHN+JvvwrtMinion-Black,1.0,308.98,465.64,319.48,466.64,465.64,333.35,308.98,280.5,3. Problem Definition
4,0,0,0,0,19,4,/OFDFMO+NqbgqnMinionProRegular,1.0,50.0,444.49,329.98,447.25,444.49,352.74,50.0,270.0,3.1. Authentication. The foundation of security in the Inter- transaction in the candidate set must receive 80 percent of
4,0,0,0,0,48,4,/OFDFMO+NqbgqnMinionProRegular,1.0,308.98,389.24,547.35,435.86,389.24,364.13,308.98,52.63,"net of Things is guaranteeing the authenticity of a device ’ s identi cation when it connects to the network [28]. Authentication is a network method for determining if a user has access to speci ﬁ c resources. There are three types of authentications: Knowledge, Ownership, and Rights."
4,0,0,0,0,9,4,/OFDFHM+FccgckMinionProIt,1.0,308.98,368.49,333.98,369.49,368.49,430.5,308.98,266.0,3.2. Safety. Maintaining the stability of IoT devices ensures
4,0,0,0,0,22,4,/OFDFMO+NqbgqnMinionProRegular,1.0,308.98,345.71,340.48,358.1,345.71,441.89,308.98,259.5,that the IoT is secure. It is still vulnerable to attacks from hostile users while performing the work due to software or
4,0,0,0,0,10,4,/OFDFMO+NqbgqnMinionProRegular,1.0,50.0,330.59,79.5,331.59,330.59,468.4,50.0,520.48,the votes [23]. The protocol is low in energy consumption.
4,0,0,0,0,8,4,/OFDFMO+NqbgqnMinionProRegular,1.0,308.98,231.81,336.48,232.81,231.81,567.19,308.98,263.5,"system faults. To prepare for further penetration, the"
4,0,0,0,0,9,4,/OFDFMO+NqbgqnMinionProRegular,1.0,50.0,216.69,79.0,217.69,216.69,582.31,50.0,520.98,"It is, however, widely regarded as centralized because it"
4,0,0,0,0,9,4,/OFDFMO+NqbgqnMinionProRegular,1.0,308.98,117.9,337.98,118.9,117.9,681.09,308.98,262.0,attacker will usually change the network entity to escape
4,0,0,0,0,8,4,/OFDFMO+NqbgqnMinionProRegular,1.0,50.0,102.78,70.5,103.78,102.78,696.21,50.0,529.48,involves a vote from the subset of nodes.
4,0,0,0,0,8,4,/OFDFHM+FccgckMinionProIt,1.0,50.0,79.93,71.5,80.93,79.93,719.06,50.0,528.48,2.2. IoT Authentication Traditional Models. A model for
4,0,0,0,0,20,4,/OFDFMO+NqbgqnMinionProRegular,1.0,50.0,57.15,80.0,69.54,57.15,730.45,50.0,519.98,establishing trust in the identity of IoT machines [24] and devices in order to protect data and control access when
4,0,0,0,0,13,4,/OFDFMO+NqbgqnMinionProRegular,1.0,308.98,4.0,339.48,5.0,4.0,794.99,308.98,260.5,from a back door into the device and edit the device key con-
4,0,0,0,0,9,4,/OFDFMO+NqbgqnMinionProRegular,1.0,50.0,-56.75,79.5,-55.75,-56.75,855.74,50.0,520.48,"information travels over an unsecured network, such as the"
4,0,0,0,0,10,4,/OFDFMO+NqbgqnMinionProRegular,1.0,314.31,-109.9,381.65,-108.9,-109.9,908.89,314.31,218.33,"guration ﬁ le [29], which interferes with the entire network."
4,0,0,0,0,10,4,/OFDFMO+NqbgqnMinionProRegular,1.0,308.98,-121.29,338.98,-120.29,-121.29,920.28,308.98,261.0,We monitor changes to vital data regularly to detect poten-
4,0,0,0,0,8,4,/OFDFMO+NqbgqnMinionProRegular,1.0,50.0,-170.65,80.5,-169.65,-170.65,969.64,50.0,519.48,"Internet, is called Internet of Things (IoT) authentication."
4,0,0,0,0,6,4,/OFDFMO+NqbgqnMinionProRegular,1.0,308.98,-235.19,326.98,-234.19,-235.19,1034.19,308.98,273.0,tial violations as soon as possible.
4,0,0,0,0,10,4,/OFDFHM+FccgckMinionProIt,1.0,308.98,-275.39,369.2,-254.94,-275.39,1054.94,308.98,230.78,3.3. Presumptions 3.3.1. Veri cation of Registration.  Use permit channels
4,0,0,0,0,11,4,/OFDFMO+NqbgqnMinionProRegular,1.0,50.0,-284.55,80.0,-283.55,-284.55,1083.55,50.0,519.98,In order for linked IoT devices and equipment to be trusted
4,0,0,0,0,16,4,/OFDFMO+NqbgqnMinionProRegular,1.0,308.98,-298.17,338.48,-285.78,-298.17,1085.78,308.98,261.5,where the network administrator manages the authorization permissions. Anything that wants to connect to the network
4,0,0,0,0,8,4,/OFDFMO+NqbgqnMinionProRegular,1.0,50.0,-398.45,79.0,-397.45,-398.45,1197.45,50.0,520.98,to defend against control orders from unauthorized people
4,0,0,0,0,19,4,/OFDFMO+NqbgqnMinionProRegular,1.0,308.98,-423.47,364.27,-411.08,-423.47,1211.07,308.98,235.71,must ﬁ rst register in the blockchain. The permissions channel access control layer only allows devices with legal identi-
4,0,0,0,0,8,4,/OFDFMO+NqbgqnMinionProRegular,1.0,50.0,-512.36,79.0,-511.36,-512.36,1311.35,50.0,520.98,"or devices, strong IoT authentication is required. Strong"
4,0,0,0,0,8,4,/OFDFMO+NqbgqnMinionProRegular,1.0,314.31,-537.37,338.31,-536.37,-537.37,1336.36,314.31,261.67,ers to store information in the blockchain [30].
4,0,0,0,0,9,4,/OFDFHM+FccgckMinionProIt,1.0,308.98,-558.12,326.48,-557.12,-558.12,1357.11,308.98,273.5,3.3.2. Safe Route of Communication. Consider a safe connec-
4,0,0,0,0,11,4,/OFDFMO+NqbgqnMinionProRegular,1.0,308.98,-569.51,339.48,-568.51,-569.51,1368.5,308.98,260.5,"tion to avoid intermediate attacks. As a result, no one else"
4,0,0,0,0,21,4,/OFDFMO+NqbgqnMinionProRegular,1.0,50.0,-637.65,245.78,-625.26,-637.65,1425.25,50.0,354.2,IoT authentication is required. A second bene ﬁ t of authentication is that it prevents attackers from posing as IoT devices
4,0,0,0,0,10,4,/OFDFMO+NqbgqnMinionProRegular,1.0,308.98,-683.41,337.98,-682.41,-683.41,1482.4,308.98,262.0,can intercept or change the messages. The accuracy of the
4,0,0,0,0,13,4,/OFDFMO+NqbgqnMinionProRegular,1.0,50.0,-751.55,82.0,-750.55,-751.55,1550.55,50.0,517.98,in the goal of gaining access to data stored on servers such as
4,0,0,0,0,10,4,/OFDFMO+NqbgqnMinionProRegular,1.0,308.98,-797.31,338.48,-796.31,-797.31,1596.31,308.98,261.5,data is the primary purpose of such a secure communication
4,0,0,0,0,8,4,/OFDFMO+NqbgqnMinionProRegular,1.0,50.0,-876.9,80.5,-864.45,-876.9,1664.45,50.0,519.48,"recorded conversations, photos, and other potentially sensitive information."
4,0,0,0,0,12,4,/OFDFMO+NqbgqnMinionProRegular,1.0,65.02,-888.29,91.52,-887.29,-888.29,1687.29,65.02,508.46,A basic way would be to have a login and password to
4,0,0,0,0,37,4,/OFDFMO+NqbgqnMinionProRegular,1.0,50.0,-922.46,337.98,-898.68,-922.46,1698.68,50.0,262.0,"log into every device. Since each registered person ’ s responsibilities and privileges are established and saved on the  route [31]. The nodes can communicate with each other and devices mostly by the administrator, this approach provides"
4,0,0,0,0,4,4,/OFDFMO+NqbgqnMinionProRegular,1.0,308.98,-1025.12,323.98,-1024.12,-1025.12,1824.11,308.98,276.0,verify the details precisely.
4,0,0,0,0,42,4,/OFDFMO+NqbgqnMinionProRegular,1.0,49.99,-1059.15,349.0,-1035.37,-1059.15,1835.36,49.99,250.98,"su cient security controls (owner). This solution, unfortu-  With the fast growth of voice control technology, nately, generates signi ﬁ cant expense but does not scalable  improving the accuracy of speech recognition in many because the client must identify every system separately"
4,0,0,0,0,10,4,/OFDFMO+NqbgqnMinionProRegular,1.0,308.98,-1161.86,338.48,-1160.86,-1161.86,1960.85,308.98,261.5,Internet of Things sectors has proven to be an intractable
4,0,0,0,0,9,4,/OFDFMO+NqbgqnMinionProRegular,1.0,49.99,-1173.05,76.99,-1172.05,-1173.05,1972.04,49.99,522.99,"[25]. Traditional IoT devices, such as IP cameras and"
4,0,0,0,0,10,4,/OFDFMO+NqbgqnMinionProRegular,1.0,308.98,-1275.76,532.07,-1274.76,-1275.76,2074.76,308.98,67.91,challenge to tackle. Because there are many di ﬀ erent
4,0,0,0,0,83,4,/OFDFMO+NqbgqnMinionProRegular,1.0,49.99,-2107.11,80.99,-1285.95,-2107.11,2085.95,49.99,518.99,"Internet-connected home utilities, use this technology. A much more sophisticated alternative is to use single-signon technologies for authentication. Whenever OAuth2 is used as an authentication process, for example, individuals attempt to access devices by logging in to a trustworthy OAuth2 supplier. Google, Facebook, and other reputable third parties can be used [26]. The trustworthy entity allows access if they authenticate properly and then have the proper authorization. By identifying the trusted source, all devices administered by the same person can be accessible. Sec-"
4,0,0,0,0,9,4,/OFDFMO+NqbgqnMinionProRegular,1.0,308.97,-2197.83,341.47,-2196.83,-2197.83,2996.83,308.97,258.52,"the risk of one-time failures, which jeopardizes the reliability"
4,0,0,0,0,9,4,/OFDFMO+NqbgqnMinionProRegular,1.0,49.99,-2221.01,80.99,-2220.01,-2221.01,3020.0,49.99,518.99,"ondly, the client authorizes the application to interact with"
4,0,0,0,0,11,4,/OFDFMO+NqbgqnMinionProRegular,1.0,308.97,-2311.74,339.97,-2310.74,-2311.74,3110.73,308.97,260.02,"of the existing approach. Furthermore, if a user account or a"
4,0,0,0,0,9,4,/OFDFMO+NqbgqnMinionProRegular,1.0,49.99,-2334.91,78.49,-2333.91,-2334.91,3133.91,49.99,521.49,"the authentication server, also known as the OAuth2 pro-"
4,0,0,0,0,10,4,/OFDFMO+NqbgqnMinionProRegular,1.0,308.97,-2425.64,338.47,-2424.64,-2425.64,3224.63,308.97,261.52,"central entity is hacked, then the whole system is hacked."
4,0,0,0,0,5,4,/OFDFMO+NqbgqnMinionProRegular,1.0,49.99,-2448.81,62.99,-2447.81,-2448.81,3247.81,49.99,536.99,viders shown in Figure 3.
4,0,0,0,0,9,4,/OFDFMO+NqbgqnMinionProRegular,1.0,65.01,-2460.2,93.51,-2459.2,-2460.2,3259.2,65.01,506.47,Because the user can access numerous entities by identi-
4,0,0,0,0,22,4,/OFDFMO+NqbgqnMinionProRegular,1.0,49.99,-2483.04,268.64,-2470.65,-2483.04,3270.65,49.99,331.35,"fying a single entity, this method saves time and e ﬀ ort. In addition, the OAuth2 supplier is usually a reputable third"
4,0,0,0,0,11,4,/OFDFMO+NqbgqnMinionProRegular,1.0,308.97,-2539.54,338.97,-2538.54,-2539.54,3338.54,308.97,261.02,"Phishing, which has a high rate of success, is an important"
4,0,0,0,0,10,4,/OFDFMO+NqbgqnMinionProRegular,1.0,49.99,-2596.95,78.99,-2595.95,-2596.95,3395.94,49.99,520.99,"party, making integration of such a system easier. At the"
4,0,0,0,0,10,4,/OFDFMO+NqbgqnMinionProRegular,1.0,308.97,-2653.44,338.47,-2652.44,-2653.44,3452.44,308.97,261.52,attack method that could cause this approach to fail [27].
4,0,0,0,0,8,4,/OFDFMO+NqbgqnMinionProRegular,1.0,49.99,-2710.85,79.49,-2709.85,-2710.85,3509.84,49.99,520.49,"same time, relying on a centralized organization increases"
4,0,0,0,0,25,4,/OFDFMO+NqbgqnMinionProRegular,1.0,308.97,-2892.64,455.29,-2766.35,-2892.64,3566.34,308.97,144.69,"Furthermore, spear-phishing e ﬀ orts are becoming more intense, accurate, and intelligent in recent years, with the potential to fool even the most informed individuals."
5,0,0,0,0,35,3,/Times-Roman,5.76,584.22,778.23,1511.58,783.99,778.23,16.0,584.22,-911.6,"6302, 2021, 1, Downloaded from https://onlinelibrary.wiley.com/doi/10.1155/2021/8621230, Wiley Online Library on [17/06/2024]. See the Terms and Conditions (https://onlinelibrary.wiley.com/terms-and-conditions) on Wiley Online Library for rules of use; OA articles are governed by the applicable Creative Commons License"
5,0,0,0,0,40,1,Unknown,12.0,50.0,736.52,1982.0,748.52,736.52,51.48,50.0,-1382.02,"6302, 2021, 1, Downloaded from https://onlinelibrary.wiley.com/doi/10.1155/2021/8621230, Wiley Online Library on [17/06/2024]. See the Terms and Conditions (https://onlinelibrary.wiley.com/terms-and-conditions) on Wiley Online Library for rules of use; OA articles are governed by the applicable Creative Commons License 5Wireless Communications and Mobile Computing"
5,0,0,0,0,3,4,/SjvdnxMinionPro-Regular,1.0,140.2,708.72,150.2,709.72,708.72,90.28,140.2,449.78,IOT device (client)
5,0,0,0,0,3,4,/SjvdnxMinionPro-Regular,1.0,69.6,652.43,233.48,653.43,652.43,146.57,69.6,366.5,Authorization  Authorization  Authorization
5,0,0,0,0,6,4,/SjvdnxMinionPro-Regular,1.0,73.69,642.83,236.57,643.83,642.83,156.17,73.69,363.41,request and  request and  request and
5,0,0,0,0,4,4,/SjvdnxMinionPro-Regular,1.0,82.96,586.17,242.85,634.23,586.17,165.77,82.96,357.13,grant   grant   grant User
5,0,0,0,0,9,4,/OFDGCP+HklshkMinionScUnic,1.0,59.19,547.9,84.69,548.9,547.9,251.09,59.19,515.29,Figure 3: An overview of the proposed approach movement.
5,0,0,0,0,38,4,/OFDFMO+NqbgqnMinionProRegular,1.0,50.0,285.01,81.0,525.2,285.01,274.79,50.0,518.98,"conversation situations, determining the context of a dialogue scene is a critical challenge for voice control systems to address. The fact, on the other hand, is that the amount of training data available for dialogue systems is always"
5,0,0,0,0,6,4,/OFDFHN+JvvwrtMinion-Black,1.0,50.0,282.01,71.0,283.01,282.01,516.98,50.0,528.98,4. Proposed System Architecture and Design
5,0,0,0,0,71,4,/OFDFMO+NqbgqnMinionProRegular,1.0,50.0,125.49,182.47,274.56,125.49,525.44,50.0,417.51,"inadequate. In this study, we primarily address the issue of data scarcity in dialogue systems via the use of data augmen- This paper has presented a blockchain solution with a tation techniques [32]. unique system design. This ﬁ lls the gaps in current solutions. The example is carried out using collection of datasets It should also be portable, unlike the block stack, and workfrom the Los Alamos National Laboratory enterprise net-"
5,0,1,0,0,9,4,/OFDGJA+RwhhsdMinionMath Italic,1.0,324.06,56.77,394.4,57.77,56.77,742.22,324.06,205.58,m -th input user is selected who needs the
5,0,1,0,0,3,4,/OFDGJA+RwhhsdMinionMath Italic,1.0,312.94,54.28,317.44,55.28,54.28,744.72,312.94,282.54,m from the
5,0,0,0,0,101,4,/OFDFMO+NqbgqnMinionProRegular,1.0,50.0,-341.74,139.85,23.8,-341.74,776.19,50.0,460.13,over any network with minimum dependencies. It is work was used to gather network and computer (host) designed for IoT devices with low computing capacity. It also proposes the idea to implement OAuth with a smart events. The Uni ﬁ ed Host and Network Dataset was created from this collection of network and computer (host) events. contract that allows users to connect once and control all The sample networks and attacks are collected from the approved devices without having to check-in for each IoT dataset of uni ed Host and Network dataset [33].device separately. Smart contracts can also be executed by
5,0,0,0,0,9,4,/OFDFHM+FccgckMinionProIt,1.0,50.01,-363.9,72.51,-362.9,-363.9,1162.9,50.01,527.47,3.3.3. Organization within a Short Timeframe. When a func-
5,0,0,0,0,43,4,/OFDFMO+NqbgqnMinionProRegular,1.0,50.0,-489.26,264.26,-374.35,-489.26,1174.35,50.0,335.73,"tion is inserted in the blockchain, simply request the ledger IoT equipment, allowing them to become self-su ﬃ cient. It will go through a series of testing on a working prototype, of a less quantity of knots instead of a more quantity of"
5,0,0,0,0,30,4,/OFDFMO+NqbgqnMinionProRegular,1.0,308.98,-534.85,443.86,-511.07,-534.85,1311.07,308.98,156.12,"solution. The process of veri ﬁ cation is followed by authentication phase, veri ﬁ cation phase, and security phase. When the user sends the request to the authentication, the request"
5,0,0,0,0,22,4,/OFDFMO+NqbgqnMinionProRegular,1.0,50.0,-603.16,80.01,-579.94,-603.16,1379.93,50.0,519.97,"as well as the outcomes of those tests. The testing will knots. As the timing nodes are randomly selected, it can be"
5,0,0,0,0,8,4,/OFDFMO+NqbgqnMinionProRegular,1.0,308.98,-648.76,338.48,-647.76,-648.76,1447.75,308.98,261.51,"undergoes various processing under smart contract, and the"
5,0,0,0,0,14,4,/OFDFMO+NqbgqnMinionProRegular,1.0,50.0,-717.06,81.0,-693.84,-717.06,1493.83,50.0,518.98,include performance tests as well as attacks targeted against assumed that they are reliable.
5,0,0,0,0,21,4,/OFDFMO+NqbgqnMinionProRegular,1.0,308.98,-774.05,539.9,-761.66,-774.05,1561.65,308.98,60.08,"security is checked at the security phase. Later, the veri ﬁ cation is successful the person enable to access the data."
5,0,0,0,0,11,4,/OFDFHM+FccgckMinionProIt,1.0,308.98,-794.69,330.48,-793.69,-794.69,1593.68,308.98,269.51,4.1. Assumptions. Here is a list of steps to implement such
5,0,0,0,0,12,4,/OFDFMO+NqbgqnMinionProRegular,1.0,50.0,-808.74,80.5,-807.74,-808.74,1607.74,50.0,519.48,them. The use of Ethereum as the basis for this solution has
5,0,0,0,0,11,4,/OFDFMO+NqbgqnMinionProRegular,1.0,329.22,-827.96,356.22,-826.96,-827.96,1626.95,329.22,243.77,(i) One or more IoT devices are available to the user
5,0,0,0,0,13,4,/OFDFMO+NqbgqnMinionProRegular,1.0,326.61,-845.87,401.62,-844.87,-845.87,1644.86,326.61,198.36,(ii) The user ’ s private key to the Ethereum key store has
5,0,0,0,0,3,4,/OFDFMO+NqbgqnMinionProRegular,1.0,342.71,-857.26,350.71,-856.26,-857.26,1656.25,342.71,249.27,not been hacked
5,0,0,0,0,18,4,/OFDFMO+NqbgqnMinionProRegular,1.0,324.0,-893.03,353.62,-874.17,-893.03,1674.16,324.0,246.37,(iii) The user belongs to the Ethereum network (iv) Ethereum blockchain links the user to the IoT device
5,0,0,0,0,7,4,/OFDFMO+NqbgqnMinionProRegular,1.0,327.23,-910.94,348.73,-909.94,-910.94,1709.93,327.23,251.26,(v) User to implement their smart contract
5,0,0,0,0,7,4,/OFDFMO+NqbgqnMinionProRegular,1.0,50.0,-922.64,77.0,-921.64,-922.64,1721.64,50.0,522.98,several advantages. Ethereum has a strong development
5,0,0,0,0,12,4,/OFDFMO+NqbgqnMinionProRegular,1.0,324.0,-930.84,396.56,-929.84,-930.84,1729.83,324.0,203.42,The system ’ s total capabilities allow it to change the ulti-
5,0,0,0,0,11,4,/OFDFMO+NqbgqnMinionProRegular,1.0,50.0,-934.09,81.5,-933.09,-934.09,1733.09,50.0,518.48,"structure in place, as well as a built-in incentive for minors"
5,0,0,0,0,7,4,/OFDFMO+NqbgqnMinionProRegular,1.0,308.97,-942.23,338.47,-941.23,-942.23,1741.22,308.97,261.52,mate hypothesis. Building centralized smart contracts that
5,0,0,0,0,9,4,/OFDFMO+NqbgqnMinionProRegular,1.0,50.0,-945.49,79.0,-944.49,-945.49,1744.48,50.0,520.98,"to help with hashing problems. Besides, the Ethereum lite"
5,0,0,0,0,8,4,/OFDFMO+NqbgqnMinionProRegular,1.0,308.97,-953.62,339.47,-952.62,-953.62,1752.61,308.97,260.52,authenticate users on individual IoT devices is conceivable.
5,0,0,0,0,11,4,/OFDFMO+NqbgqnMinionProRegular,1.0,50.0,-1059.39,82.0,-1058.39,-1059.39,1858.38,50.0,517.98,client protocol can be used on IoT devices with little process-
5,0,0,0,0,12,4,/OFDFMO+NqbgqnMinionProRegular,1.0,308.97,-1067.52,340.47,-1066.52,-1067.52,1866.52,308.97,259.52,"One of the goals of this section, however, is to avoid relying"
5,0,0,0,0,10,4,/OFDFMO+NqbgqnMinionProRegular,1.0,50.0,-1173.29,79.0,-1172.29,-1173.29,1972.28,50.0,520.98,"ing power and memory, which is necessary for the proposed"
5,0,0,0,0,40,4,/OFDFMO+NqbgqnMinionProRegular,1.0,308.97,-1432.07,341.97,-1180.42,-1432.07,1980.42,308.97,258.02,on a single source of data. Users should be encouraged to create their intelligent contracts so that they can exercise full control over their systems. Use an authorization route in which the permission privileges are managed by the network manager.
5,0,0,0,0,10,4,/OFDFHM+FccgckMinionProIt,1.0,308.97,-1452.65,324.97,-1451.65,-1452.65,2251.64,308.97,275.02,4.2. Architecture of the System. The phases of the authentica-
5,0,0,0,0,12,4,/OFDFMO+NqbgqnMinionProRegular,1.0,308.97,-1475.43,338.97,-1463.04,-1475.43,2263.03,308.97,261.02,tion procedure are described in the message sequencing diagram in Figure 4.
5,0,0,0,0,8,4,/OFDFMO+NqbgqnMinionProRegular,1.0,323.99,-1497.37,351.49,-1496.37,-1497.37,2296.36,323.99,248.5,(1) The user authenticates his Ethereum wallet address
5,0,0,0,0,21,4,/OFDFMO+NqbgqnMinionProRegular,1.0,339.69,-1736.56,365.69,-1507.76,-1736.56,2307.75,339.69,234.3,to the smart contract. The input samples are taken in real time from the client side during the access of data
5,0,0,0,0,10,4,/OFDFMO+NqbgqnMinionProRegular,1.0,323.99,-1754.47,352.99,-1753.47,-1754.47,2553.47,323.99,247.0,"(2) If the client is genuine, the smart contract provides"
5,0,0,0,0,27,4,/OFDFMO+NqbgqnMinionProRegular,1.0,339.69,-1891.16,547.33,-1764.86,-1891.16,2564.86,339.69,52.65,the receiver an access token as well as the shipper ’ s Ethereum address. The intelligent contract data is accompanied by the client and the IoT tools
5,0,0,0,0,9,4,/OFDFMO+NqbgqnMinionProRegular,1.0,323.99,-1909.07,351.49,-1908.07,-1909.07,2708.06,323.99,248.5,(3) The user assembles a package that comprises infor-
5,0,0,0,0,67,4,/OFDFMO+NqbgqnMinionProRegular,1.0,339.69,-2501.36,450.46,-1919.46,-2501.36,2719.45,339.69,149.52,"mation such as the user ’ s IP address, Ethereum public key, token access, and duration. The Ethereum private key is used to sign this package and is then sent with the relevant public key. If required, the package will be encrypted, and then there is no need for the protocol to work. Then it is the integrity of the message that matters; so, it is signed"
5,0,0,0,0,10,4,/OFDFMO+NqbgqnMinionProRegular,1.0,323.99,-2519.27,351.49,-2518.27,-2519.27,3318.26,323.99,248.5,"(4) When the delivery is received, the IoT gadget con-"
5,0,0,0,0,34,4,/OFDFMO+NqbgqnMinionProRegular,1.0,339.69,-2872.37,368.19,-2529.66,-2872.37,3329.65,339.69,231.8,"trols its contents. If successful, the device allows the user to access from the IP address of the sender for the period provided. Otherwise, the request is refused if one of these tests fails"
5,0,0,0,0,9,4,/OFDFHM+FccgckMinionProIt,1.0,308.96,-2893.01,327.96,-2892.01,-2893.01,3692.0,308.96,272.03,4.3. Security in Authentication Phase. This phase is catego-
5,0,0,0,0,10,4,/OFDFMO+NqbgqnMinionProRegular,1.0,308.96,-2904.4,337.46,-2903.4,-2904.4,3703.39,308.96,262.53,rized by the Server Processing Unit (SPU). The input data
6,0,0,0,0,35,3,/Times-Roman,5.76,584.22,778.23,1511.58,783.99,778.23,16.0,584.22,-911.6,"6302, 2021, 1, Downloaded from https://onlinelibrary.wiley.com/doi/10.1155/2021/8621230, Wiley Online Library on [17/06/2024]. See the Terms and Conditions (https://onlinelibrary.wiley.com/terms-and-conditions) on Wiley Online Library for rules of use; OA articles are governed by the applicable Creative Commons License"
6,0,0,0,0,41,4,/OFDFMO+NqbgqnMinionProRegular,1.0,50.0,736.52,2277.66,748.52,736.52,51.48,50.0,-1677.68,"6 Wireless Communications and Mobile Computing  6302, 2021, 1, Downloaded from https://onlinelibrary.wiley.com/doi/10.1155/2021/8621230, Wiley Online Library on [17/06/2024]. See the Terms and Conditions (https://onlinelibrary.wiley.com/terms-and-conditions) on Wiley Online Library for rules of use; OA articles are governed by the applicable Creative Commons License"
6,0,0,0,0,8,4,/SjvdnxMinionPro-Regular,1.0,161.39,708.11,353.97,710.3,708.11,89.7,161.39,246.01,"User  A sends connection request (ID_A, M_signed_by_A) to"
6,0,0,0,1,1,4,/OFDFMO+NqbgqnMinionProRegular,1.0,327.97,697.63,329.47,698.63,697.63,101.36,327.97,270.51,B:
6,0,0,0,0,9,4,/OFDFMO+NqbgqnMinionProRegular,1.0,327.97,603.26,350.47,604.26,603.26,195.73,327.97,249.51,//B query Key_A and verify the identity of A
6,0,0,0,0,7,4,/OFDGCP+HklshkMinionScUnic,1.0,70.36,590.48,94.36,591.48,590.48,208.52,70.36,505.63,Figure 4: The second solution authentication scenario.
6,0,0,0,0,15,4,/OFDFMO+NqbgqnMinionProRegular,1.0,50.0,546.99,289.79,559.39,546.99,240.61,50.0,310.19,permission to access. The particular id of the user tends to be IDr  m .
6,0,0,0,0,13,4,/OFDFHM+FccgckMinionProIt,1.0,64.29,544.5,90.79,545.5,544.5,254.49,64.29,509.19,m and belongs to the group of users with the id of GID
6,0,0,0,0,10,4,/OFDFMO+NqbgqnMinionProRegular,1.0,65.02,535.6,92.02,536.6,535.6,263.39,65.02,507.96,The input Processing unit sends the signal to the Iot
6,0,0,0,0,13,4,/OFDFMO+NqbgqnMinionProRegular,1.0,50.0,524.21,157.12,525.21,524.21,274.78,50.0,442.86,device using the veri ﬁ cation code with the details of (IDr m
6,0,0,0,0,9,4,/OFDFMO+NqbgqnMinionProRegular,1.0,50.0,512.81,116.88,513.81,512.81,286.19,50.0,483.1,GID ) to verify the authentication using smart contract
6,0,0,0,0,6,4,/OFDGMA+BxnybpMinionMath-Regular,1.0,67.75,508.9,340.97,511.31,508.9,288.68,67.75,259.01,"m ,  r m If (Key_A_exist_in_local)"
6,0,0,0,0,22,4,/OFDFMO+NqbgqnMinionProRegular,1.0,50.0,489.17,246.59,501.56,489.17,298.44,50.0,353.39,and give the authentication access to the veri ﬁ ed user. The 48 connections between the reader and the SPU take place
6,0,0,0,0,7,4,/OFDGMA+BxnybpMinionMath-Regular,1.0,129.09,431.4,278.97,432.91,431.4,367.09,129.09,321.01,⊕  GIDm + rm  ð 1 :
6,0,1,0,0,3,4,/OFDGJA+RwhhsdMinionMath Italic,1.0,123.02,429.41,126.52,430.41,429.41,369.58,123.02,473.46,h = IDrm
6,0,0,0,0,5,4,/OFDFMO+NqbgqnMinionProRegular,1.0,327.97,414.53,340.97,415.53,414.53,384.46,327.97,259.01,Verify the identity of A;
6,0,0,0,0,8,4,/OFDFMO+NqbgqnMinionProRegular,1.0,65.02,407.59,92.52,408.59,407.59,391.41,65.02,507.46,The input broadcasted through the processing unit. The
6,0,0,0,0,10,4,/OFDFMO+NqbgqnMinionProRegular,1.0,50.0,396.2,81.0,397.2,396.2,402.8,50.0,518.98,condition that authenticate the input user to the IoT devices
6,0,0,0,0,11,4,/OFDFMO+NqbgqnMinionProRegular,1.0,50.0,375.27,82.0,376.27,375.27,423.73,50.0,517.98,via a secure channel and are accessible from a single location.
6,0,0,0,0,10,4,/OFDFHM+FccgckMinionProIt,1.0,65.02,363.88,542.43,365.9,363.88,434.1,65.02,57.55,mThe computation of input is carried out as represented in
6,0,0,0,0,6,4,/OFDGMA+BxnybpMinionMath-Regular,1.0,162.26,359.96,278.98,360.96,359.96,439.03,162.26,321.0,"j  <  m , ð 2"
6,0,0,0,0,13,4,/OFDFMO+NqbgqnMinionProRegular,1.0,158.29,356.0,374.14,358.47,356.0,441.52,158.29,225.84,"j 1< GID , rm , e1,...eq), where e1,...eq are the sequence numbers"
6,0,0,0,0,13,4,/OFDFMO+NqbgqnMinionProRegular,1.0,50.0,351.98,514.92,354.5,351.98,445.49,50.0,85.06,mequation (1)computes r T1 = rT1 re1 and  TempIDT1 =  ð GIDj e1
6,0,0,0,0,22,4,/OFDFMO+NqbgqnMinionProRegular,1.0,308.98,339.16,486.08,345.49,339.16,454.51,308.98,113.9,"of the active tags. If certain tags are successfully validated, the T1 IDRm) using the formulas(r r T1 = rT1 re1 and"
6,0,0,0,0,20,4,/OFDFMO+NqbgqnMinionProRegular,1.0,50.0,333.09,445.94,335.39,333.09,464.6,50.0,154.04,"where equations (3) and (4)represent the tagging smart con-  presence of the object is con ﬁ rmed. With this information,"
6,0,1,0,0,9,4,/OFDGJA+RwhhsdMinionMath Italic,1.0,113.89,327.77,336.48,330.41,327.77,469.58,113.89,263.5,"M  TempIDT1. Group g receives (QT1, TempIDT1, First, re1)"
6,0,0,0,0,64,4,/OFDFMO+NqbgqnMinionProRegular,1.0,308.98,289.5,490.92,322.7,289.5,477.29,308.98,109.06,"BPS is noti ﬁ ed of any tags that are not veri ﬁ ed successfully. from the reader and is assigned to the ﬁ rst tag in the group. In addition, the tag computes TempIDT1 and compares it 4.5. Input Attack. Algorithm 1 explains how to extract the Verify the identity of A; group secret Sg from the given parameters and how to do"
6,0,0,0,0,7,4,/OFDFMO+NqbgqnMinionProRegular,1.0,50.0,282.29,72.5,283.29,282.29,516.7,50.0,527.48,is represented as the following equation (2):
6,0,0,0,0,6,4,/OFDGMA+BxnybpMinionMath-Regular,1.0,116.28,262.11,278.97,263.62,262.11,536.37,116.28,321.01,"ei  Sg VrTj  ð 4 ,"
6,0,0,0,0,3,4,/OFDGJA+RwhhsdMinionMath Italic,1.0,111.97,260.13,129.13,261.13,260.13,538.87,111.97,470.86,j =  ⊕
6,0,1,0,0,10,4,/OFDGJA+RwhhsdMinionMath Italic,1.0,392.14,252.81,412.14,253.81,252.81,546.18,392.14,187.84,m and rTj be the bit vectors of length l
6,0,0,0,0,13,4,/OFDFMO+NqbgqnMinionProRegular,1.0,308.97,243.8,533.6,244.8,243.8,555.2,308.97,66.38,"for the reader and the I -th tag, respectively, where 1 jn is"
6,0,0,0,0,8,4,/OFDFMO+NqbgqnMinionProRegular,1.0,83.23,238.7,106.23,239.7,238.7,560.3,83.23,493.76,"represents the sequence number of Ti, and Sg"
6,0,0,0,0,12,4,/OFDFMO+NqbgqnMinionProRegular,1.0,308.97,232.41,337.97,233.41,232.41,566.59,308.97,262.01,the number of readers and tags. The group secret Sg has a
6,0,0,0,0,18,4,/OFDFMO+NqbgqnMinionProRegular,1.0,50.0,220.49,81.0,230.74,220.49,569.26,50.0,518.98,"represents the group secret. Rm receives (NTj, QTj, rTj) tract input to verify the authentication process using block-"
6,0,0,0,0,9,4,/OFDFMO+NqbgqnMinionProRegular,1.0,114.97,218.34,135.97,219.34,218.34,580.65,114.97,464.01,", thanks to the reader Rm. The reader can"
6,0,0,0,0,14,4,/OFDFMO+NqbgqnMinionProRegular,1.0,50.0,204.77,330.47,206.19,204.77,593.8,50.0,269.51,"only extract ei if and only if NTj is legitimate, in which case Else"
6,0,0,0,0,4,4,/OFDGMC+MgbwmqTeXCMMathsSymbols,1.0,58.34,193.8,112.01,194.8,193.8,605.2,58.34,487.97,ð Sg rTj .
6,0,0,0,0,16,4,/OFDGMA+BxnybpMinionMath-Regular,1.0,53.97,191.09,529.65,192.3,191.09,607.69,53.97,70.33,i = QTj to the one that was received. TempIDT1 =  ð re1 + ST1  and
6,0,0,0,1,1,4,/OFDGNG+JkttxyTeXCMMathsExtension,1.0,336.37,186.89,338.37,187.89,186.89,612.1,336.37,261.61,/C16
6,0,0,0,0,9,4,/OFDFMO+NqbgqnMinionProRegular,1.0,65.03,182.35,94.03,183.35,182.35,616.65,65.03,505.95,"Similarly, it accumulates the information from all of the"
6,0,0,0,0,22,4,/OFDGMA+BxnybpMinionMath-Regular,1.0,308.98,175.6,428.72,178.31,175.6,621.68,308.98,171.26,T1CT1 =e1 r  NT1 are computed by the tag and sent it e ﬀectively. Assume that the attacker has obtained a copy
6,0,0,0,0,11,4,/OFDFMO+NqbgqnMinionProRegular,1.0,50.01,170.96,81.01,171.96,170.96,628.04,50.01,518.97,tags associated with the group until the timer expires or the
6,0,1,0,0,12,4,/OFDGJA+RwhhsdMinionMath Italic,1.0,309.0,164.21,433.35,167.19,164.21,632.81,309.0,166.63,Tj Cof all of the communications sent between the tags and a
6,0,0,0,0,14,4,/OFDFMO+NqbgqnMinionProRegular,1.0,308.98,159.38,538.01,161.47,159.38,638.52,308.98,61.97,"to the reader in the form of (TempIDT1, CT1, ZGIDg) to  : ð 5"
6,0,1,0,1,2,4,/OFDGJA+RwhhsdMinionMath Italic,1.0,415.84,152.52,428.87,153.52,152.52,646.47,415.84,171.11,T C
6,0,0,0,0,10,4,/OFDGMA+BxnybpMinionMath-Regular,1.0,104.2,148.16,435.39,151.03,148.16,648.96,104.2,164.59,"0rm, e1, e2,..., ej) to the SPU through a secure"
6,0,0,0,0,5,4,/OFDFHM+FccgckMinionProIt,1.0,67.75,145.61,103.06,146.61,145.61,653.39,67.75,496.92,"m , GID m ,"
6,0,0,0,0,8,4,/OFDFMO+NqbgqnMinionProRegular,1.0,50.0,136.65,76.5,137.65,136.65,662.35,50.0,523.48,communication channel. This is done by comparing the
6,0,1,0,0,3,4,/OFDGJA+RwhhsdMinionMath Italic,1.0,257.16,125.26,270.58,126.26,125.26,673.74,257.16,329.4,"rm , Re1,"
6,0,0,0,0,5,4,/OFDFHM+FccgckMinionProIt,1.0,219.97,122.76,256.01,123.76,122.76,676.23,219.97,343.97,"m , GID m ,"
6,0,0,0,0,15,4,/OFDFMO+NqbgqnMinionProRegular,1.0,308.97,118.51,418.7,119.9,118.51,680.09,308.97,181.28,"Using the recognizability rule Rlength of l characters, and NTj = Sg rRm rTj  ."
6,0,0,0,0,19,4,/OFDFMO+NqbgqnMinionProRegular,1.0,50.0,113.8,462.47,117.41,113.8,682.58,50.0,137.51,"1 in conjunction with the from the tag T Re2, Re3), where re1, Re2, and Re3 are pseudorandom num-"
6,0,0,0,0,6,4,/OFDFMO+NqbgqnMinionProRegular,1.0,327.97,110.41,345.47,111.41,110.41,688.59,327.97,254.51,Reject the connection request of A;
6,0,0,0,0,14,4,/OFDFMO+NqbgqnMinionProRegular,1.0,50.0,106.59,368.27,108.52,106.59,691.48,50.0,231.71,"assumption Tj ,The attack rate may happen based on the input criteria chain technology."
6,0,0,0,0,4,4,/OFDFMO+NqbgqnMinionProRegular,1.0,308.98,95.73,319.98,96.73,95.73,703.27,308.98,280.0,shown in equation (5):
6,0,0,0,0,16,4,/OFDGMA+BxnybpMinionMath-Regular,1.0,98.02,82.72,352.74,84.51,82.72,715.49,98.02,247.24,"3NTj = Mh − GIDm ⊕ IDrm ð Algorithm 1: Process for authenticating P2P identity.  VrTj,"
6,0,1,0,0,8,4,/OFDGJA+RwhhsdMinionMath Italic,1.0,386.59,72.93,440.51,74.44,72.93,725.56,386.59,159.47,"T j ≡  ϕ  r  T  D1ID2 ,"
6,0,1,0,0,9,4,/OFDGJA+RwhhsdMinionMath Italic,1.0,387.34,59.78,456.66,60.78,59.78,739.22,387.34,143.32,T j ≡  ϕ  hD  1 ID 2 r
6,0,0,0,0,10,4,/OFDGJA+RwhhsdMinionMath Italic,1.0,50.01,57.05,460.62,58.6,57.05,741.4,50.01,139.36,QT  1group is deleted. The reader then delivers the information
6,0,0,0,0,16,4,/OFDFMO+NqbgqnMinionProRegular,1.0,308.98,46.57,338.98,51.31,46.57,748.68,308.98,261.0,"reading device. Let r the reader. As soon as CT1 is determined to be genuine, the"
6,0,0,0,0,16,4,/OFDFMO+NqbgqnMinionProRegular,1.0,50.0,-56.85,80.0,23.75,-56.85,776.25,50.0,519.98,received information and responses (IDr bers that are created for each tag individually. The reader (IDr
6,0,0,0,0,11,4,/OFDFMO+NqbgqnMinionProRegular,1.0,308.98,-67.33,338.48,-66.33,-67.33,866.33,308.98,261.5,reader transmits the following tags to the next tag in the
6,0,0,0,0,12,4,/OFDFMO+NqbgqnMinionProRegular,1.0,50.0,-125.45,78.0,-113.0,-125.45,912.99,50.0,521.98,maintains a record of critical information required for authentication in its memory.
6,0,0,0,0,11,4,/OFDFMO+NqbgqnMinionProRegular,1.0,65.02,-136.84,95.02,-135.84,-136.84,935.83,65.02,504.96,"In order to connect with the initial tag, the reader estab-"
6,0,0,0,0,13,4,/OFDFMO+NqbgqnMinionProRegular,1.0,50.0,-148.23,79.0,-147.23,-148.23,947.22,50.0,520.98,lishes a Temp ID for each tag in the group. The reader Rm
6,0,0,0,0,35,4,/OFDFMO+NqbgqnMinionProRegular,1.0,308.98,-420.43,413.02,-180.23,-420.43,980.23,308.98,186.96,"group: (QT2, TempoIDT2, ZGIDg, re2). Reader has private secret knowledge about all of the active tags after obtaining the speci ﬁ cs of all of the tags in the group or after the time out."
6,0,0,0,0,12,4,/OFDFHM+FccgckMinionProIt,1.0,308.98,-441.24,361.36,-440.24,-441.24,1240.23,308.98,238.62,"4.4. Veri cation Phase of the System. In order to activate tags,"
6,0,0,0,0,9,4,/OFDFMO+NqbgqnMinionProRegular,1.0,308.98,-452.63,337.98,-451.63,-452.63,1251.62,308.98,262.0,the reader provides the following information to BPS: (IDr
7,0,0,0,0,35,3,/Times-Roman,5.76,584.22,778.23,1511.58,783.99,778.23,16.0,584.22,-911.6,"6302, 2021, 1, Downloaded from https://onlinelibrary.wiley.com/doi/10.1155/2021/8621230, Wiley Online Library on [17/06/2024]. See the Terms and Conditions (https://onlinelibrary.wiley.com/terms-and-conditions) on Wiley Online Library for rules of use; OA articles are governed by the applicable Creative Commons License"
7,0,0,0,0,40,1,Unknown,12.0,50.0,736.52,1982.0,748.52,736.52,51.48,50.0,-1382.02,"6302, 2021, 1, Downloaded from https://onlinelibrary.wiley.com/doi/10.1155/2021/8621230, Wiley Online Library on [17/06/2024]. See the Terms and Conditions (https://onlinelibrary.wiley.com/terms-and-conditions) on Wiley Online Library for rules of use; OA articles are governed by the applicable Creative Commons License 7Wireless Communications and Mobile Computing"
7,0,0,0,0,6,4,/OFDFMO+NqbgqnMinionProRegular,1.0,249.22,671.49,339.73,672.49,671.49,127.5,249.22,260.25,Figure 5: System work  ﬂ ow.
7,0,0,0,0,7,4,/OFDFMO+NqbgqnMinionProRegular,1.0,65.03,638.21,87.03,639.21,638.21,160.78,65.03,512.95,Freshness rule is explained in equation (7):
7,0,0,0,0,4,4,/OFDGJA+RwhhsdMinionMath Italic,1.0,144.96,616.56,405.32,619.42,616.56,180.58,144.96,194.66,& requestTj =# r
7,0,0,0,0,3,4,/OFDGMA+BxnybpMinionMath-Regular,1.0,181.64,613.11,358.38,615.06,613.11,184.93,181.64,241.6,m Block 1
7,0,1,0,0,8,4,/OFDGJA+RwhhsdMinionMath Italic,1.0,125.46,602.39,186.79,603.9,602.39,196.1,125.46,413.19,Tj # hD  1 ID 2 r :
7,0,0,0,0,9,4,/OFDFMO+NqbgqnMinionProRegular,1.0,65.02,578.07,356.94,580.54,578.07,219.46,65.02,243.04,As long as T  thinks that  r Block 2
7,0,0,0,0,8,4,/OFDGMA+BxnybpMinionMath-Regular,1.0,169.11,577.04,185.11,578.04,577.04,221.95,169.11,414.87,"0 is new, tag has every right to"
7,0,0,0,0,7,4,/OFDFMO+NqbgqnMinionProRegular,1.0,50.01,568.09,66.51,569.09,568.09,230.91,50.01,533.47,believe that any formula in which r
7,0,0,0,0,7,4,/OFDGMA+BxnybpMinionMath-Regular,1.0,192.59,564.49,416.41,566.59,564.49,233.41,192.59,183.57,0 is a component is like-  Verify
7,0,0,0,0,6,4,/OFDFMO+NqbgqnMinionProRegular,1.0,50.0,556.57,61.0,557.57,556.57,242.42,50.0,538.98,"wise new. As a result, G"
7,0,0,0,0,3,4,/OFDGMA+BxnybpMinionMath-Regular,1.0,146.83,554.08,155.83,555.08,554.08,244.91,146.83,444.15,1 is accomplished.
7,0,0,0,0,10,4,/OFDFMO+NqbgqnMinionProRegular,1.0,65.02,545.18,356.94,546.67,545.18,253.32,65.02,243.04,Block 3 The aim G ﬀective in ensuring that the
7,0,0,0,0,6,4,/OFDGMA+BxnybpMinionMath-Regular,1.0,108.28,542.68,116.78,543.68,542.68,256.31,108.28,483.2,2 is shown to be e
7,0,0,0,0,7,4,/OFDFMO+NqbgqnMinionProRegular,1.0,50.0,533.79,69.0,534.79,533.79,265.2,50.0,530.98,reader feels that the tag communicated M
7,0,0,0,0,4,4,/OFDGMA+BxnybpMinionMath-Regular,1.0,223.48,531.29,231.98,532.29,531.29,267.7,223.48,368.0,1 and is current.
7,0,0,0,0,15,4,/OFDFMO+NqbgqnMinionProRegular,1.0,50.01,522.39,392.76,525.26,522.39,274.73,50.01,207.22,"Figure 6: System model.Using the assumptions AR5 and the possession rule P,t h i s"
7,0,0,0,0,13,4,/OFDFMO+NqbgqnMinionProRegular,1.0,50.0,511.0,78.5,512.0,511.0,288.0,50.0,521.48,may be shown in a manner similar to that of the objective G
7,0,0,0,0,10,4,/OFDFMO+NqbgqnMinionProRegular,1.0,50.0,499.6,71.5,500.6,499.6,299.4,50.0,528.48,". As a bonus, this assures that the message M"
7,0,0,0,0,4,4,/OFDGMA+BxnybpMinionMath-Regular,1.0,231.08,497.1,238.08,498.1,497.1,301.89,231.08,361.9,1 did not come
7,0,0,0,0,6,4,/OFDGCP+HklshkMinionScUnic,1.0,366.86,494.67,381.36,495.67,494.67,304.33,366.86,218.62,Table 1: Node events and careers.
7,0,0,0,0,13,4,/OFDFMO+NqbgqnMinionProRegular,1.0,50.0,488.2,282.69,489.21,488.2,310.79,50.0,317.29,"from the reader. In order to demonstrate G , we must ﬁ rst"
7,0,0,0,0,4,4,/OFDFMO+NqbgqnMinionProRegular,1.0,50.01,475.39,320.52,477.69,475.39,322.3,50.01,279.46,.apply P Careers Activities
7,0,0,0,0,15,4,/OFDGJA+RwhhsdMinionMath Italic,1.0,116.9,455.49,337.52,457.11,455.49,342.88,116.9,262.46,"Nodes of agreement Blocks creation, blocks checking, R1 ∋ C R1 ∋ RIDm, R r"
7,0,0,0,0,3,4,/OFDFMO+NqbgqnMinionProRegular,1.0,431.39,450.9,447.39,451.9,450.9,348.1,431.39,152.59,consensus process participation
7,0,1,0,1,3,4,/OFDGJA+RwhhsdMinionMath Italic,1.0,152.62,441.83,165.3,442.83,441.83,357.17,152.62,434.68,R  OID  :
7,0,0,0,0,5,4,/OFDFMO+NqbgqnMinionProRegular,1.0,311.03,437.92,329.03,438.92,437.92,361.07,311.03,270.95,Nodes of nonconsensus Data transfer
7,0,0,0,0,5,4,/OFDFMO+NqbgqnMinionProRegular,1.0,65.03,421.42,76.53,422.42,421.42,377.58,65.03,523.45,Using the parser output M
7,0,0,0,0,6,4,/OFDGMA+BxnybpMinionMath-Regular,1.0,172.06,418.92,187.56,419.92,418.92,380.07,172.06,412.42,"3 and the previous step result,"
7,0,0,0,0,3,4,/OFDFMO+NqbgqnMinionProRegular,1.0,50.0,409.91,54.0,410.91,409.91,389.09,50.0,545.98,we apply P
7,0,0,0,0,3,4,/OFDGMA+BxnybpMinionMath-Regular,1.0,94.56,407.42,100.06,408.42,407.42,391.58,94.56,499.92,1 and obtain
7,0,1,0,1,3,4,/OFDGJA+RwhhsdMinionMath Italic,1.0,155.68,388.82,172.79,389.82,388.82,410.17,155.68,427.19,R 1 M
7,0,1,0,1,3,4,/OFDGJA+RwhhsdMinionMath Italic,1.0,153.69,375.16,169.5,376.16,375.16,423.84,153.69,430.48,R 1> T
7,0,0,0,0,5,4,/OFDFMO+NqbgqnMinionProRegular,1.0,65.02,352.25,118.8,353.26,352.25,446.74,65.02,481.18,"Applying R , we get"
7,0,1,0,0,8,4,/OFDGJA+RwhhsdMinionMath Italic,1.0,111.23,330.09,212.67,331.6,330.09,468.4,111.23,387.31,"CS  OID 1 ⊕  SRm SRm  CS ,"
7,0,1,0,1,5,4,/OFDGJA+RwhhsdMinionMath Italic,1.0,138.22,316.42,172.45,317.93,316.42,482.06,138.22,427.53,CS 1  OID 1 :
7,0,0,0,0,8,4,/OFDFMO+NqbgqnMinionProRegular,1.0,65.03,293.57,93.03,294.57,293.57,505.42,65.03,506.95,The cloud server authenticates the reader and retrieves
7,0,0,0,0,13,4,/OFDFMO+NqbgqnMinionProRegular,1.0,50.01,270.79,78.51,283.18,270.79,516.81,50.01,521.47,"the OID, which is subsequently used to get more information from the database."
7,0,0,0,0,5,4,/OFDFHN+JvvwrtMinion-Black,1.0,50.0,247.77,61.0,248.77,247.77,551.23,50.0,538.98,5. Model of the System
7,0,0,0,0,57,4,/OFDFMO+NqbgqnMinionProRegular,1.0,50.0,-45.61,248.36,228.81,-45.61,571.18,50.0,351.63,"Blockchain can accommodate complex and evolving conditions as an accessible, secure, and decentralized consensus system for transactions. The stability of the application was not impaired by the breakdown of some units. Malware nodes cannot in ﬁ ltrate the network through distributed authentication. The registry will not be modi ﬁ ed even if a few nodes are hacked."
7,0,0,0,0,10,4,/OFDFMO+NqbgqnMinionProRegular,1.0,65.02,-57.0,92.52,-56.0,-57.0,856.0,65.02,507.46,"Whenever a new device is added to a multinode network,"
7,0,0,0,0,10,4,/OFDFMO+NqbgqnMinionProRegular,1.0,50.0,-68.39,80.5,-67.39,-68.39,867.39,50.0,519.48,the device credentials must be stored in the blockchain. For
7,0,0,0,0,28,4,/OFDFMO+NqbgqnMinionProRegular,1.0,308.98,-120.43,528.24,-96.65,-120.43,896.64,308.98,71.74,"Following authentication, the integrity of a device ’ s vital information hash will be checked to detect possible intrusion activities. Figure 5 shows how our system works, while"
7,0,0,0,0,19,4,/OFDFMO+NqbgqnMinionProRegular,1.0,50.0,-193.69,276.16,-181.3,-193.69,981.29,50.0,323.83,"each device, the blockchain ledger contains the user ’ sI P address, Ethereum public key, token access, duration, and"
7,0,0,0,0,46,4,/OFDFMO+NqbgqnMinionProRegular,1.0,308.98,-287.95,483.52,-233.33,-287.95,1033.32,308.98,116.46,"Figure 6 shows the system model. 5.1. Node Functions. Based on the di  ﬀ erent goals of the permissions chain, nodes can be classi ﬁ ed as consensual or nonconsensual. Consensus nodes take part in the consensus process, generate blocks, and send them to nodes that"
7,0,0,0,0,10,4,/OFDFMO+NqbgqnMinionProRegular,1.0,50.0,-307.59,80.0,-306.59,-307.59,1106.58,50.0,519.98,other data. There are three steps for system operation. All
7,0,0,0,0,10,4,/OFDFMO+NqbgqnMinionProRegular,1.0,309.0,-401.85,340.0,-400.85,-401.85,1200.85,309.0,259.99,disagree. Table 1 shows the responsibilities of the two types
7,0,0,0,0,12,4,/OFDFMO+NqbgqnMinionProRegular,1.0,50.0,-432.94,79.0,-420.49,-432.94,1220.48,50.0,520.98,equipment must follow the blockchain registration process before it can be authenticated.
7,0,0,0,0,10,4,/OFDFMO+NqbgqnMinionProRegular,1.0,65.02,-444.33,92.52,-443.33,-444.33,1243.32,65.02,507.46,"If a device needs to join the network, the information"
7,0,0,0,0,10,4,/OFDFMO+NqbgqnMinionProRegular,1.0,50.0,-455.72,80.0,-454.72,-455.72,1254.71,50.0,519.98,recorded in the blockchain will be used to authenticate it.
7,0,0,0,0,10,4,/OFDFHM+FccgckMinionProIt,1.0,309.0,-535.2,325.0,-534.2,-535.2,1334.2,309.0,274.99,5.2. Registration of Appliances. All nodes in the Internet of
7,0,0,0,0,92,4,/OFDFMO+NqbgqnMinionProRegular,1.0,309.0,-1047.82,521.98,-545.59,-1047.82,1345.59,309.0,78.0,"Things must be recorded using the blockchain. Each device generates a pair of keys based on its security key module. The private information is stored on the device and encryption, while the public key is stored on a blockchain ledger. The consensus nodes treat data information as a recording occurrence, resulting in the formation of blocks. During the registration system, it must preserve the hash value of vital data in the blockchain, such as the local con guration  ﬁ le and ﬁ rmware, to prepare for eventual data security certi ﬁ cation."
7,0,0,0,0,7,4,/OFDFMO+NqbgqnMinionProRegular,1.0,324.03,-1059.21,488.73,-1058.21,-1059.21,1858.21,324.03,111.25,Blockchain-based solutions may o ﬀ er tamper-proof
7,0,0,0,0,89,4,/OFDFMO+NqbgqnMinionProRegular,1.0,309.01,-1788.25,459.31,-1069.6,-1788.25,1869.6,309.01,140.67,"records as well as decentralization, which can be used to augment existing methods of recording. This paper-based smart contract-based approach may be utilized for the authentication and access control of Internet of Things devices. As a result of being created and executed in real-world circumstances utilizing readily accessible devices and technology, the solution has the advantage of being readily deployable as required. The technique was e ﬀ ective in allowing genuine users to access their IOT devices once they were validated. Aside from that, it was impervious to well-constructed"
8,0,0,0,0,35,3,/Times-Roman,5.76,584.22,778.23,1511.58,783.99,778.23,16.0,584.22,-911.6,"6302, 2021, 1, Downloaded from https://onlinelibrary.wiley.com/doi/10.1155/2021/8621230, Wiley Online Library on [17/06/2024]. See the Terms and Conditions (https://onlinelibrary.wiley.com/terms-and-conditions) on Wiley Online Library for rules of use; OA articles are governed by the applicable Creative Commons License"
8,0,0,0,0,41,4,/OFDFMO+NqbgqnMinionProRegular,1.0,50.0,736.52,2277.66,748.52,736.52,51.48,50.0,-1677.68,"8 Wireless Communications and Mobile Computing  6302, 2021, 1, Downloaded from https://onlinelibrary.wiley.com/doi/10.1155/2021/8621230, Wiley Online Library on [17/06/2024]. See the Terms and Conditions (https://onlinelibrary.wiley.com/terms-and-conditions) on Wiley Online Library for rules of use; OA articles are governed by the applicable Creative Commons License"
8,0,0,0,1,1,4,/SjvdnxMinionPro-Regular,1.0,150.53,663.03,152.03,664.03,663.03,135.97,150.53,447.95,PC
8,0,0,0,0,9,4,/OFDGCP+HklshkMinionScUnic,1.0,175.52,604.99,206.02,605.99,604.99,194.0,175.52,393.96,Figure 7: The proposed architecture of blockchain system structure.
8,0,0,0,0,9,4,/OFDFMO+NqbgqnMinionProRegular,1.0,50.0,575.28,80.5,576.28,575.28,223.71,50.0,519.48,assaults that attempted to hijack genuine sessions and brute
8,0,0,0,0,10,4,/OFDFHM+FccgckMinionProIt,1.0,50.0,544.1,225.71,545.1,544.1,254.89,50.0,374.27,5.3. A Technique of Peer-to-Peer ID Veri ﬁ cation. Assuming
8,0,0,0,0,24,4,/OFDFMO+NqbgqnMinionProRegular,1.0,50.01,521.32,284.7,533.71,521.32,266.28,50.01,315.29,"that A  sends a request to connect to B  on a network, which includes the M  message, the authentication of the identi ﬁ er"
8,0,0,0,0,5,4,/SjvdnxMinionPro-Regular,1.0,50.01,509.93,416.69,511.55,509.93,288.44,50.01,183.29,Merkle tree is as follows.
8,0,0,0,0,14,4,/OFDFMO+NqbgqnMinionProRegular,1.0,65.03,498.54,229.45,499.54,498.54,300.45,65.03,370.53,"When B  receives the message, it uses A s ID to look for A"
8,0,0,0,0,13,4,/OFDFMO+NqbgqnMinionProRegular,1.0,52.22,487.15,249.9,488.15,487.15,311.84,52.22,350.09,s public key in the local blockchain ledger. If A s public key
8,0,0,0,0,41,4,/OFDFMO+NqbgqnMinionProRegular,1.0,50.01,452.98,414.4,476.76,452.98,323.23,50.01,185.58,"is discovered in a local blockchain ledger, it can be used to verify A s identity. B , on the other hand, looks for consensus  Block header version merkle nodes for As public key. If As public key is obtained, B"
8,0,0,0,0,13,4,/OFDFMO+NqbgqnMinionProRegular,1.0,50.03,441.59,196.05,442.59,441.59,357.4,50.03,403.93,"certi es A s identity. Otherwise, A  is not a member of the"
8,0,0,0,0,19,4,/OFDFMO+NqbgqnMinionProRegular,1.0,50.03,407.36,242.6,431.2,407.36,368.79,50.03,357.38,"blockchain system, and B  will decline  A s connection request. The P2P authentication technique is shown in Algorithm 1."
8,0,0,0,0,8,4,/OFDFMO+NqbgqnMinionProRegular,1.0,65.06,395.97,92.06,396.97,395.97,403.02,65.06,507.92,The hash of critical information from every equipment
8,0,0,0,0,24,4,/OFDFMO+NqbgqnMinionProRegular,1.0,50.04,373.17,389.08,385.58,373.17,414.41,50.04,210.9,"device was preserved in the blockchain during the logging procedure. While performing a task, IoT nodes transmit a critical  Figure 8: Block data layout."
8,0,0,0,0,5,4,/SjvdnxMinionPro-Regular,1.0,386.22,278.98,401.22,279.98,278.98,520.01,386.22,198.76,1. Device must be registered
8,0,0,0,0,4,4,/SjvdnxMinionPro-Regular,1.0,386.8,267.04,400.3,268.04,267.04,531.96,386.8,199.68,2. Authentication of one's
8,0,0,0,0,18,4,/OFDFMO+NqbgqnMinionProRegular,1.0,50.04,257.44,401.3,260.29,257.44,539.7,50.04,198.68,data integrity check request to the nearest unit. If the veri ﬁ ca-  identity is the second step
8,0,0,0,0,9,4,/OFDFHM+FccgckMinionProIt,1.0,50.0,250.6,65.0,251.6,250.6,548.39,50.0,534.98,6.1. Environmental Deployment. We decided to use the IoT
8,0,0,0,0,34,4,/OFDFMO+NqbgqnMinionProRegular,1.0,50.0,236.51,399.9,248.9,236.51,551.1,50.0,200.08,"tion fails, a critical con ﬁ guration ﬁ le has been changed, and a  3. Integrity verification application script for authorization. Using the open-source warning has been given. After hashing the data, the informa-"
8,0,0,0,0,8,4,/OFDGCP+HklshkMinionScUnic,1.0,322.47,164.2,348.47,165.2,164.2,634.79,322.47,251.51,Figure 9: The interaction between devices and blockchain.
8,0,0,0,0,50,4,/OFDFMO+NqbgqnMinionProRegular,1.0,50.0,-11.43,79.54,126.31,-11.43,673.68,50.0,520.44,"Hyperledger Fabric program, we created a blockchain nettion obtained and log records made by the tools during the work using the Raspberry Pi. Every Raspberry Pi joins the blockchain network as a node, with units joining in a process of the work can be accompanied to blockchain for random sequence."
8,0,0,0,0,7,4,/OFDFMO+NqbgqnMinionProRegular,1.0,65.02,-22.82,92.02,-21.82,-22.82,821.82,65.02,507.96,"Depending on the multichannel and route technologies,"
8,0,0,0,0,61,4,/OFDFMO+NqbgqnMinionProRegular,1.0,50.0,-489.82,247.29,-33.21,-489.82,833.21,50.0,352.7,"blockchain may be separated into various subnets, and IoT protection and security auditing. Aside from ﬁ rmware and IoT device con ﬁ guration, the ﬁ les are important. units can create a variety of subnets based on business needs. When a subnet interacts with another subnet, there are no distractions. The topology of a blockchain system is seen in Figure 7."
8,0,0,0,0,9,4,/OFDFMO+NqbgqnMinionProRegular,1.0,65.02,-501.21,92.02,-500.21,-501.21,1300.21,65.02,507.96,The blockchain is a distributed ledger that keeps all
8,0,0,0,0,34,4,/OFDFMO+NqbgqnMinionProRegular,1.0,50.0,-649.34,80.5,-511.6,-649.34,1311.6,50.0,519.48,"transactions across the whole blockchain network. The data arrangement of blocks is the same as that of Bitcoin. Transactions, on the other hand, are events like equipment registration, authorization, and identity checks. The data"
8,0,0,0,0,8,4,/OFDFHM+FccgckMinionProIt,1.0,308.98,-682.58,390.3,-681.58,-682.58,1481.57,308.98,209.68,6.2. The Chain ’ s Transactions. Transactional operations
8,0,0,0,0,9,4,/OFDFMO+NqbgqnMinionProRegular,1.0,308.98,-693.97,336.98,-692.97,-693.97,1492.96,308.98,263.01,serve as the link between peripherals and blockchain. 3
8,0,0,0,0,9,4,/OFDFMO+NqbgqnMinionProRegular,1.0,50.0,-763.25,73.0,-762.25,-763.25,1562.24,50.0,526.98,arrangement of the block is shown in Figure 8.
8,0,0,0,0,47,4,/OFDFMO+NqbgqnMinionProRegular,1.0,308.98,-1274.87,468.54,-806.87,-1274.87,1606.86,308.98,131.44,"varieties of transactions were identi ﬁ ed by smart and intelligent contracts. Intelligent contracts take requests from devices and respond by doing various blockchain actions, like reading and writing, in response to those needs. The relationship inbetween the equipment and the blockchain is depicted in Figure 9."
9,0,0,0,0,35,3,/Times-Roman,5.76,584.22,778.23,1511.58,783.99,778.23,16.0,584.22,-911.6,"6302, 2021, 1, Downloaded from https://onlinelibrary.wiley.com/doi/10.1155/2021/8621230, Wiley Online Library on [17/06/2024]. See the Terms and Conditions (https://onlinelibrary.wiley.com/terms-and-conditions) on Wiley Online Library for rules of use; OA articles are governed by the applicable Creative Commons License"
9,0,0,0,0,40,1,Unknown,12.0,50.0,736.52,1982.0,748.52,736.52,51.48,50.0,-1382.02,"6302, 2021, 1, Downloaded from https://onlinelibrary.wiley.com/doi/10.1155/2021/8621230, Wiley Online Library on [17/06/2024]. See the Terms and Conditions (https://onlinelibrary.wiley.com/terms-and-conditions) on Wiley Online Library for rules of use; OA articles are governed by the applicable Creative Commons License 9Wireless Communications and Mobile Computing"
9,0,0,0,0,9,4,/OFDFHM+FccgckMinionProIt,1.0,50.0,717.98,71.5,718.98,717.98,81.01,50.0,528.48,6.3. Key Generation Technique Based on CRG. Each IoT
9,0,0,0,0,13,4,/OFDFMO+NqbgqnMinionProRegular,1.0,50.0,706.59,81.0,707.59,706.59,92.4,50.0,518.98,device consists of a pair of keys: a private key and a public
9,0,0,0,0,12,4,/OFDFMO+NqbgqnMinionProRegular,1.0,50.0,695.2,81.0,696.2,695.2,103.79,50.0,518.98,key. The two keys are used to identify the device. The public
9,0,0,0,1,1,4,/SjvdnxMinionPro-Regular,1.0,413.0,669.59,417.0,670.59,669.59,129.4,413.0,182.98,CSPRING
9,0,0,0,0,10,4,/OFDFMO+NqbgqnMinionProRegular,1.0,50.0,581.3,81.0,582.3,581.3,217.7,50.0,518.98,key can be created using the elliptical multiplying curve and
9,0,0,0,0,5,4,/OFDGCP+HklshkMinionScUnic,1.0,365.44,506.51,379.44,507.51,506.51,292.48,365.44,220.54,Figure 10: Key generation process.
9,0,0,0,0,7,4,/OFDFMO+NqbgqnMinionProRegular,1.0,50.0,467.39,67.0,468.39,467.39,331.6,50.0,532.98,a private key is a random number.
9,0,0,0,0,9,4,/OFDFMO+NqbgqnMinionProRegular,1.0,65.02,456.0,93.52,457.0,456.0,342.99,65.02,506.46,Finding an entropy generator that is secure and reliable
9,0,0,0,0,11,4,/OFDFMO+NqbgqnMinionProRegular,1.0,50.0,444.61,80.5,445.61,444.61,354.38,50.0,519.48,is the most essential stage in generating the private key. A
9,0,0,0,0,4,4,/SjvdnxMinionPro-Regular,1.0,363.88,442.37,372.88,443.37,442.37,356.62,363.88,227.1,Top hash Top hash
9,0,0,0,0,7,4,/SjvdnxMinionPro-Regular,1.0,390.53,403.01,408.03,404.01,403.01,395.98,390.53,191.95,Hash 0-1Hash 0-1 Hash 0-1 Hash 0-1
9,0,0,0,1,8,4,/SjvdnxMinionPro-Regular,1.0,326.02,343.71,362.88,393.01,343.71,406.98,326.02,237.1,18 16 14 L1 L2 L3 L412 10
9,0,0,0,0,8,4,/OFDGCP+HklshkMinionScUnic,1.0,336.53,337.57,359.53,338.57,337.57,461.42,336.53,240.45,Figure 11: File storage structure in the blockchain.
9,0,0,0,0,6,4,/SjvdnxMinionPro-Regular,1.0,50.0,330.71,330.86,332.63,330.71,467.37,50.0,269.13,8 cryptographically pseudointellectual number generator is
9,0,0,0,0,9,4,/OFDFMO+NqbgqnMinionProRegular,1.0,50.0,216.81,78.5,217.81,216.81,582.18,50.0,521.48,commonly used as a randomized resource to guarantee that
9,0,0,0,0,9,4,/OFDFMO+NqbgqnMinionProRegular,1.0,50.0,205.36,79.5,206.36,205.36,593.63,50.0,520.48,the production of selected random data is unpredictable or
9,0,0,0,0,6,4,/OFDFMO+NqbgqnMinionProRegular,1.0,50.0,193.97,79.5,194.97,193.97,605.02,50.0,520.48,nonrepetitive. CRG constructs cryptographic hash functions
9,0,0,0,0,3,4,/SjvdnxMinionPro-Regular,1.0,411.41,178.51,419.41,179.51,178.51,620.48,411.41,180.57,Number of miners
9,0,0,0,0,9,4,/OFDGCP+HklshkMinionScUnic,1.0,326.83,159.38,351.33,160.38,159.38,639.61,326.83,248.65,Figure 12: Prevent the malicious code depends on time.
9,0,0,0,0,55,4,/OFDFMO+NqbgqnMinionProRegular,1.0,50.0,-717.25,80.5,81.07,-717.25,718.93,50.0,519.48,"using a pseudorandom number generation. CRG constructs secure cryptography pseudorandom numbers including additional pseudorandom capabilities, as opposed to statistics and smaller pseudorandom numbers generators. We collect various IoT device information, such as storage utilization status, disc space available, I/O, the amount of operation, and CPU speed, to generate an estimated random seed in our system."
9,0,0,0,0,10,4,/OFDFMO+NqbgqnMinionProRegular,1.0,65.02,-728.64,92.52,-727.64,-728.64,1527.63,65.02,507.46,The public key may be calculated using the private key
9,0,0,0,0,13,4,/OFDGJA+RwhhsdMinionMath Italic,1.0,50.0,-740.03,277.38,-739.03,-740.03,1539.02,50.0,322.61,thanks to the elliptical curve steps. The equation K  =  k  ×  G
9,0,0,0,0,77,4,/OFDFMO+NqbgqnMinionProRegular,1.0,49.98,-1024.84,275.36,-750.48,-1024.84,1550.47,49.98,324.63,"is irreversible. Here, k  is indeed the private key, G  seems to be the constant point of the generating point, and K  is the public key of the generating point. If the public key K  is established, determining the correct key by vigorously testing including all possible values to obtain the private key k is exceedingly tough. Figure 10 shows how to create the keys. The information ’ s security is veri ﬁ ed by the blockchain."
9,0,0,0,0,10,4,/OFDFMO+NqbgqnMinionProRegular,1.0,65.0,-1036.23,134.18,-1035.23,-1036.23,1835.23,65.0,465.8,"To sign a ﬁ le, blockchain uses distributed ledger technol-"
9,0,0,0,0,89,4,/OFDFMO+NqbgqnMinionProRegular,1.0,49.97,-1229.93,285.93,-1046.62,-1229.93,1846.62,49.97,314.06,"ogy rather than traditional ﬁ le signatures. Data falsi ﬁ cation and theft are nearly impossible. The ﬁ le storage system within the blockchain is depicted in Figure 11. Files are ﬁ rst saved as hash values, which are then added together to form the hash. This procedure is carried out until a root hash value is discovered. Merkle Tree is the name given to the generated database table (hash tree). To sign a ﬁ le, the hashed route from every ﬁ le towards the root hashes is needed."
9,0,0,0,0,11,4,/OFDFMO+NqbgqnMinionProRegular,1.0,65.02,-1241.32,93.52,-1240.32,-1241.32,2040.31,65.02,506.46,It is only necessary to overwrite the hash record in the
9,0,0,0,0,21,4,/OFDFMO+NqbgqnMinionProRegular,1.0,50.0,-1264.1,262.85,-1251.71,-1264.1,2051.7,50.0,337.14,"signature route when checking the integrity of a ﬁ le. After then, compare the new hash value to the original hash."
9,0,0,0,0,8,4,/OFDFHM+FccgckMinionProIt,1.0,50.01,-1286.89,66.51,-1285.89,-1286.89,2085.88,50.01,533.47,6.4. Performance Analysis. Throughput and latency are sys-
9,0,0,0,0,22,4,/OFDFMO+NqbgqnMinionProRegular,1.0,50.01,-1321.12,79.01,-1297.28,-1321.12,2097.27,50.01,520.97,"tem performance indicators that are mostly dependent on the Hyper ledger Fabric blockchain platform; hence, these details will not be detailed here."
9,0,0,0,0,7,4,/OFDFMO+NqbgqnMinionProRegular,1.0,65.03,-1332.51,93.03,-1331.51,-1332.51,2131.5,65.03,506.95,The PBFT (Practical Byzantine fault tolerance) provides
9,0,0,0,0,84,4,/OFDFMO+NqbgqnMinionProRegular,1.0,50.01,-1628.65,274.64,-1342.9,-1628.65,2142.89,50.01,325.35,"for the detection of anomalous behavior and the synchronization of data in the ledger to achieve blockchain network coherence. The strength of PBFT is critical to the safety of our system. The number of miners (o ﬀ ending nodes) in a Byzantine fault tolerance system with n  nodes is  t , as long as n  >3  t . The arrangement will expire in a certain amount of time, and the loyalty party (honest nodes) will ﬁ nally reach an agreement shown in Figure 12."
9,0,0,0,0,9,4,/OFDFMO+NqbgqnMinionProRegular,1.0,65.04,-1640.04,95.04,-1639.04,-1640.04,2439.04,65.04,504.94,"The ideal situation was evaluated initially, once the solu-"
9,0,0,0,0,29,4,/OFDFMO+NqbgqnMinionProRegular,1.0,50.02,-1879.3,81.02,-1650.49,-1879.3,2450.49,50.02,518.96,"tion prototype had been successfully tested. With the help of his or her MIST Ethereum client, an authorized user invokes the smart contract function: login admin. The smart con-"
9,0,0,0,0,11,4,/OFDFMO+NqbgqnMinionProRegular,1.0,309.0,-1935.32,337.0,-1934.32,-1935.32,2734.31,309.0,262.99,Ethereum address to both the user and the IOT device at
9,0,0,0,0,12,4,/OFDFMO+NqbgqnMinionProRegular,1.0,50.02,-1993.2,288.34,-1992.2,-1993.2,2792.19,50.02,311.65,tract delivers the authentication token as well as the user ’ s
9,0,0,0,0,47,4,/OFDFMO+NqbgqnMinionProRegular,1.0,309.0,-2299.87,541.68,-2048.22,-2299.87,2848.22,309.0,58.3,"the same time, saving time and e ﬀ ort. In the test, the ﬁ rst step was ﬁ nished in less than 4 seconds on a private blockchain, according to the results. The user then establishes a connection with the IOT device by submitting the authentication package."
10,0,0,0,0,35,3,/Times-Roman,5.76,584.22,778.23,1511.58,783.99,778.23,16.0,584.22,-911.6,"6302, 2021, 1, Downloaded from https://onlinelibrary.wiley.com/doi/10.1155/2021/8621230, Wiley Online Library on [17/06/2024]. See the Terms and Conditions (https://onlinelibrary.wiley.com/terms-and-conditions) on Wiley Online Library for rules of use; OA articles are governed by the applicable Creative Commons License"
10,0,0,0,0,41,4,/OFDFMO+NqbgqnMinionProRegular,1.0,50.0,736.52,2277.66,748.52,736.52,51.48,50.0,-1677.68,"10 Wireless Communications and Mobile Computing  6302, 2021, 1, Downloaded from https://onlinelibrary.wiley.com/doi/10.1155/2021/8621230, Wiley Online Library on [17/06/2024]. See the Terms and Conditions (https://onlinelibrary.wiley.com/terms-and-conditions) on Wiley Online Library for rules of use; OA articles are governed by the applicable Creative Commons License"
10,0,0,0,0,6,4,/OFDGCP+HklshkMinionScUnic,1.0,222.29,529.76,240.29,530.76,529.76,269.24,222.29,359.69,Figure 13: Input front end authentication.
10,0,0,0,0,6,4,/OFDGCP+HklshkMinionScUnic,1.0,225.07,307.58,242.57,308.58,307.58,491.41,225.07,357.41,Figure 14: Attack from authentication 2.
10,0,0,0,0,7,4,/OFDFMO+NqbgqnMinionProRegular,1.0,65.03,262.85,92.53,263.85,262.85,536.15,65.03,507.45,Figure 13 represents the authentication system inputs.
10,0,0,0,0,31,4,/OFDFMO+NqbgqnMinionProRegular,1.0,50.01,114.72,111.45,252.46,114.72,547.54,50.01,488.53,"By running a few malicious attacks on the IOT authentication script, it was discovered that it was possible to bypass the veri ﬁ cation procedures. The following malicious attacks were tested:"
10,0,0,0,0,11,4,/OFDFMO+NqbgqnMinionProRegular,1.0,65.03,103.33,166.5,104.33,103.33,695.67,65.03,433.48,Because the attacker ’ s source IP must match the source
10,0,0,0,0,42,4,/OFDFMO+NqbgqnMinionProRegular,1.0,50.0,-147.26,491.68,92.94,-147.26,707.06,50.0,108.3,"IP speci ﬁ ed in the signed authentication message, a replay attack was unsuccessful, attempting to modify the signed authentication message failed because the script checks the In terms of security, our technology o ﬀ ers the following signature of the message."
10,0,0,0,0,13,4,/OFDFMO+NqbgqnMinionProRegular,1.0,65.03,-158.65,314.97,-157.5,-158.65,957.49,65.03,285.01,advantages. Due to the fact that the public key should point to the
10,0,0,0,0,25,4,/OFDFMO+NqbgqnMinionProRegular,1.0,50.01,-181.43,348.49,-169.04,-181.43,969.03,50.01,251.49,"Ethereum address of a genuine user, injecting the attacker ’ s (1) Prevent malicious nodes from gaining access. own authentication package resulted in an error."
10,0,0,0,0,16,4,/OFDFMO+NqbgqnMinionProRegular,1.0,65.03,-192.82,360.69,-190.83,-192.82,990.82,65.03,239.29,We use a string of permissions to perform Figure 14 represents the authentication system in the
10,0,0,0,0,34,4,/OFDFMO+NqbgqnMinionProRegular,1.0,50.01,-329.56,415.31,-202.22,-329.56,1002.21,50.01,184.67,"peer-to-peer authentication, and the access con- proposed blockchain technology. A man-in-the-middle trol layer e ﬀ ectively prevents dangerous nodes may be able to smell outgoing authentication packets if he from entering gets close enough."
10,0,0,0,0,8,4,/OFDFMO+NqbgqnMinionProRegular,1.0,65.03,-340.95,93.53,-339.95,-340.95,1139.95,65.03,506.45,"However, the integrity of the signed authentication mes-"
10,0,0,0,0,9,4,/OFDFMO+NqbgqnMinionProRegular,1.0,323.99,-346.42,349.99,-345.42,-346.42,1145.42,323.99,249.99,(2) The ability to withstand DDoS attacks. The sug-
10,0,0,0,0,12,4,/OFDFMO+NqbgqnMinionProRegular,1.0,50.01,-352.34,80.01,-351.34,-352.34,1151.34,50.01,519.97,sage is safeguarded since he or she is unable to change it.
10,0,0,0,0,24,4,/OFDFMO+NqbgqnMinionProRegular,1.0,339.69,-585.62,366.19,-356.81,-585.62,1156.81,339.69,233.79,"gested system is decentralized, as all nodes share a register. Even if certain nodes are under DDoS attack, the system will continue to function"
10,0,0,0,0,11,4,/OFDFMO+NqbgqnMinionProRegular,1.0,323.99,-603.53,480.57,-602.53,-603.53,1402.52,323.99,119.41,(3) Close the back door in the ﬁ rmware. We store
10,0,0,0,0,44,4,/OFDFMO+NqbgqnMinionProRegular,1.0,339.69,-762.99,522.73,-613.92,-762.99,1413.91,339.69,77.25,important data hash values such as ﬁ rmware and con guration ﬁ les on the blockchain because of its inviolable nature. Any node on a network can check the integrity of a piece of data and ﬁ nd the ﬁ rmware back door instantly
11,0,0,0,0,35,3,/Times-Roman,5.76,584.22,778.23,1511.58,783.99,778.23,16.0,584.22,-911.6,"6302, 2021, 1, Downloaded from https://onlinelibrary.wiley.com/doi/10.1155/2021/8621230, Wiley Online Library on [17/06/2024]. See the Terms and Conditions (https://onlinelibrary.wiley.com/terms-and-conditions) on Wiley Online Library for rules of use; OA articles are governed by the applicable Creative Commons License"
11,0,0,0,0,40,1,Unknown,12.0,50.0,736.52,1982.0,748.52,736.52,51.48,50.0,-1382.02,"6302, 2021, 1, Downloaded from https://onlinelibrary.wiley.com/doi/10.1155/2021/8621230, Wiley Online Library on [17/06/2024]. See the Terms and Conditions (https://onlinelibrary.wiley.com/terms-and-conditions) on Wiley Online Library for rules of use; OA articles are governed by the applicable Creative Commons License 11Wireless Communications and Mobile Computing"
11,1,0,0,0,12,4,/OFDFKM+ShvkrhMinionProBold,1.0,191.11,697.63,208.11,709.11,697.63,90.88,191.11,391.87,"Inputs Data from the user, = Qutput: Private key from the user"
11,1,0,0,0,12,4,/OFDMEH+JprtvrMinionMath-Bold,1.0,200.13,655.61,269.51,656.61,655.61,143.38,200.13,330.47,3 j +  1  =  ð j  +  q j +  1
11,1,0,0,0,3,4,/OFDFKM+ShvkrhMinionProBold,1.0,200.14,645.13,205.14,646.13,645.13,153.87,200.14,394.84,4 end for
11,1,0,0,0,9,4,/OFDFKM+ShvkrhMinionProBold,1.0,200.13,592.78,248.64,593.78,592.78,206.21,200.13,351.34,1 for k  =  0 to length (private key)
11,1,0,0,0,10,4,/OFDMEH+JprtvrMinionMath-Bold,1.0,200.13,582.29,258.96,583.29,582.29,216.7,200.13,341.02,2 q j +  1  =  q j  +  L
11,1,0,0,0,32,4,/OFDFKM+ShvkrhMinionProBold,1.0,200.12,519.25,336.58,551.76,519.25,248.23,200.12,263.4,5 smart contract = int 0 6 smart contract = smart contract %  length (private key) 7 Private key = check private key 8 for i  =  0 to length (private key)
11,1,0,0,0,4,4,/OFDMEH+JprtvrMinionMath-Bold,1.0,200.12,508.76,225.38,509.76,508.76,290.23,200.12,374.6,9 idx1  =  i
11,1,0,0,0,13,4,/OFDFKM+ShvkrhMinionProBold,1.0,200.11,487.79,241.13,499.28,487.79,300.72,200.11,358.85,"10 idx2  = key value (i) 11 swap(smart contract (idy1), smart contract (idy2))"
11,0,0,0,0,13,4,/OFDFMO+NqbgqnMinionProRegular,1.0,65.03,478.23,319.48,479.57,478.23,320.43,65.03,280.5,The next stage is to compare the suggested solution to  Conflicts of Interest
11,0,0,0,0,43,4,/OFDFMO+NqbgqnMinionProRegular,1.0,50.01,444.39,337.48,468.18,444.39,331.82,50.01,262.5,prior solutions that have been o ﬀ ered in order to ensure that it is of high quality. The assessment measure is based on  The authors of this manuscript declared that they do not whether or not the supplied authentication method was able
11,1,0,0,0,3,4,/OFDFKM+ShvkrhMinionProBold,1.0,200.11,393.43,205.61,394.43,393.43,405.57,200.11,394.37,12 end for
11,0,0,0,0,14,4,/OFDFMO+NqbgqnMinionProRegular,1.0,313.29,389.27,343.79,390.27,389.27,409.72,313.29,256.2,"[1] M. A. Bouras, B. Xia, A. O. Abuassba, H. Ning, and Q. Lu,"
11,0,0,0,0,6,4,/OFDFMO+NqbgqnMinionProRegular,1.0,331.83,378.79,360.83,379.79,378.79,420.21,331.83,239.16,IoT-CCAC: a blockchain-based consortium capability access
11,0,0,0,0,14,4,/OFDFMO+NqbgqnMinionProRegular,1.0,328.31,357.82,433.12,369.3,357.82,430.69,328.31,166.86,"control approach for IoT, ”  PeerJ Computer Science , vol. 7, article e455, 2021."
11,0,0,0,0,5,4,/OFDGCP+HklshkMinionScUnic,1.0,214.96,355.38,231.96,356.38,355.38,443.61,214.96,368.02,Pseudocode 1: Pseudocode of Authentication.
11,0,0,0,0,13,4,/OFDFMO+NqbgqnMinionProRegular,1.0,313.29,344.78,458.87,345.78,344.78,454.22,313.29,141.11,"[2] A. J. Dadhania and H. B. Patel, “ Access control mechanism in"
11,0,0,0,0,6,4,/OFDFMO+NqbgqnMinionProRegular,1.0,308.98,341.76,317.48,342.76,341.76,457.23,308.98,282.5,have any con ict of interest.
11,0,0,0,0,10,4,/OFDFMO+NqbgqnMinionProRegular,1.0,328.32,334.29,538.1,335.29,334.29,464.7,328.32,61.88,"Internet of Things using blockchain technology: a review, ”  in"
11,0,0,0,0,10,4,/OFDFMO+NqbgqnMinionProRegular,1.0,50.01,330.49,82.01,331.49,330.49,468.5,50.01,517.97,to resolve issues that had arisen with the previous authentica-
11,0,0,0,0,7,4,/OFDFHM+FccgckMinionProIt,1.0,328.32,323.81,358.82,324.81,323.81,475.19,328.32,241.17,2020 3rd International Conference on Intelligent Sustainable
11,0,0,0,0,11,4,/OFDFMO+NqbgqnMinionProRegular,1.0,328.32,302.77,432.07,314.32,302.77,485.67,328.32,167.91,"Systems (ICISS) , pp. 45  – 50, Thoothukudi, India, December 2020."
11,0,0,0,0,12,4,/OFDFMO+NqbgqnMinionProRegular,1.0,313.29,289.8,489.82,290.8,289.8,509.2,313.29,110.16,"[3] P. Patil, M. Sangeetha, and V. Bhaskar, “ Blockchain for IoT"
11,0,0,0,0,10,4,/OFDFMO+NqbgqnMinionProRegular,1.0,328.32,279.31,503.3,280.31,279.31,519.68,328.32,96.68,"access control, security and privacy: a review, ”  Wireless Per-"
11,0,0,0,0,17,4,/OFDFMO+NqbgqnMinionProRegular,1.0,50.0,268.83,506.5,271.62,268.83,528.38,50.0,93.48,"7. Conclusions and Future Work sonal Communications , vol. 117, no. 3, pp. 1815  – 1834, 2021."
11,0,0,0,0,12,4,/OFDFMO+NqbgqnMinionProRegular,1.0,313.3,255.79,461.66,256.79,255.79,543.21,313.3,138.32,"[4] R. Xu, Y. Chen, and E. Blasch, “ Decentralized access control"
11,0,0,0,0,13,4,/OFDFMO+NqbgqnMinionProRegular,1.0,50.0,250.6,253.65,251.6,250.6,548.39,50.0,346.34,We looked at the cons of classic IoT for identi ﬁ cation and
11,0,0,0,0,11,4,/OFDFMO+NqbgqnMinionProRegular,1.0,328.33,245.3,512.31,246.3,245.3,553.69,328.33,87.67,"for IoT based on blockchain and smart contract, ”  in  Modeling"
11,0,0,0,0,10,4,/OFDFMO+NqbgqnMinionProRegular,1.0,50.0,239.21,83.0,240.21,239.21,559.78,50.0,516.98,security services in this article. We also presented a blockchain
11,0,0,0,0,13,4,/OFDFHM+FccgckMinionProIt,1.0,328.32,234.82,347.82,235.82,234.82,564.18,328.32,252.16,"and Design of Secure Internet of Things , C. A. Kamhoua, L. L."
11,0,0,0,0,13,4,/OFDFMO+NqbgqnMinionProRegular,1.0,328.32,224.33,494.1,225.33,224.33,574.66,328.32,105.88,"Njilla, A. Kott, and S. Shetty, Eds., pp. 505 – 528, John Wiley"
11,0,0,0,0,10,4,/OFDFMO+NqbgqnMinionProRegular,1.0,50.01,216.59,80.51,217.59,216.59,582.4,50.01,519.47,tion mechanisms that had been suggested for IOT devices. The
11,0,0,0,0,4,4,/OFDFMO+NqbgqnMinionProRegular,1.0,328.32,213.85,338.32,214.85,213.85,585.15,328.32,261.66,"& Sons, Inc., 2020."
11,0,0,0,0,13,4,/OFDFMO+NqbgqnMinionProRegular,1.0,313.3,200.8,455.65,201.8,200.8,598.19,313.3,144.33,"[5] P. Zhai, L. Zhang, and J. He, “ A review of Blockchain-based"
11,0,0,0,0,18,4,/OFDFMO+NqbgqnMinionProRegular,1.0,328.33,179.83,514.83,191.32,179.83,608.67,328.33,85.15,"access control for the industrial IoT, ”  Converter , vol. 2021, no. 3, pp. 308 – 316, 2021."
11,0,0,0,0,10,4,/OFDFMO+NqbgqnMinionProRegular,1.0,313.3,166.86,468.58,167.86,166.86,632.14,313.3,131.4,"[6] R. Fotohi and F. Shams Aliee, “ Securing communication"
11,0,0,0,0,15,4,/OFDFMO+NqbgqnMinionProRegular,1.0,328.32,145.82,358.82,157.31,145.82,642.69,328.32,241.16,between things using blockchain technology based on authentication and SHA-256 to improving scalability in large-scale
11,0,0,0,0,28,4,/OFDFMO+NqbgqnMinionProRegular,1.0,50.0,102.69,288.33,126.31,102.69,673.68,50.0,311.66,"paradigm for IoT security and authentication. The system ’ s implementation was also described in length. In addition, to evaluation metrics are more explicitly established in this com-"
11,0,0,0,0,11,4,/OFDFMO+NqbgqnMinionProRegular,1.0,50.0,68.17,79.5,69.17,68.17,730.83,50.0,520.48,The data used to support the study are included within the
11,0,0,0,0,9,4,/OFDFMO+NqbgqnMinionProRegular,1.0,328.32,51.46,366.8,52.46,51.46,747.54,328.32,233.18,"IoT,  Computer Networks , vol. 197, article 108331, 2021."
11,0,0,0,0,11,4,/OFDFMO+NqbgqnMinionProRegular,1.0,313.29,38.48,495.39,39.48,38.48,760.51,313.29,104.6,"[7] S. Algarni, F. Eassa, K. Almarhabi et al., “ Blockchain-based"
11,0,0,0,0,18,4,/OFDFMO+NqbgqnMinionProRegular,1.0,328.31,17.45,490.37,28.93,17.45,771.06,328.31,109.62,"secured access control in an IoT system, ”  Applied Sciences , vol. 11, no. 4, p. 1772, 2021."
11,0,0,0,0,16,4,/OFDFMO+NqbgqnMinionProRegular,1.0,313.28,4.47,347.78,5.47,4.47,794.52,313.28,252.2,"[8] A. I. Abdi, F. E. Eassa, K. Jambi, K. Almarhabi, and A. S. A. L."
11,0,0,0,0,10,4,/OFDFMO+NqbgqnMinionProRegular,1.0,50.01,-0.04,80.51,0.96,-0.04,799.04,50.01,519.47,"test the proposed system, we are developing a prototype sys-"
11,0,0,0,0,9,4,/OFDFMO+NqbgqnMinionProRegular,1.0,328.31,-6.02,409.99,-5.02,-6.02,805.01,328.31,190.0,"M. al-Ghamdi, “ Blockchain platforms and access control clas-"
11,0,0,0,0,13,4,/OFDFMO+NqbgqnMinionProRegular,1.0,50.01,-11.21,256.94,-10.21,-11.21,810.21,50.01,343.04,parison than in the previous one. Availability is de ﬁ ned as the
11,0,0,0,0,14,4,/OFDFMO+NqbgqnMinionProRegular,1.0,328.31,-16.56,476.56,-15.56,-16.56,815.56,328.31,123.42,"si cation for IoT systems, ”  Symmetry , vol. 12, no. 10, p. 1663,"
11,0,0,0,0,10,4,/OFDFMO+NqbgqnMinionProRegular,1.0,50.01,-22.6,81.01,-21.6,-22.6,821.6,50.01,518.97,removal of the bottleneck and the capacity to operate without
11,0,0,0,0,162,4,/OFDFMO+NqbgqnMinionProRegular,1.0,49.99,-911.26,251.22,-44.74,-911.26,844.73,49.99,348.76,"article. tem based on Hyperledger Fabric. In comparison to other a single point of failure. The term “ scalability  is used to describe the additional overhead that occurs as new devices research, ours has the advantages of being generic and simple. are added to the application ’ s use. Decentralization refers to the capacity of an authentication application to operate withIt is appropriate for deployment on lightweight tools such as out relying on a central entity that, if disrupted, may cause the Internet of Things due to its minimal implementation cost. the system to malfunction. Tamper proo ﬁ ng is the guarantee that stored data and transactions will not be tampered with Furthermore, the multichain structure adds an extra layer of after they have been recorded in the system ’ sl o g ﬁ les. security between distinct regions of trust. The focus of future work will be on integrating vast amounts of IoT data with traditional blockchain-based ﬁ nancial transaction data."
12,0,0,0,0,35,3,/Times-Roman,5.76,584.22,778.23,1511.58,783.99,778.23,16.0,584.22,-911.6,"6302, 2021, 1, Downloaded from https://onlinelibrary.wiley.com/doi/10.1155/2021/8621230, Wiley Online Library on [17/06/2024]. See the Terms and Conditions (https://onlinelibrary.wiley.com/terms-and-conditions) on Wiley Online Library for rules of use; OA articles are governed by the applicable Creative Commons License"
12,0,0,0,0,41,4,/OFDFMO+NqbgqnMinionProRegular,1.0,50.0,736.52,2277.66,748.52,736.52,51.48,50.0,-1677.68,"12 Wireless Communications and Mobile Computing  6302, 2021, 1, Downloaded from https://onlinelibrary.wiley.com/doi/10.1155/2021/8621230, Wiley Online Library on [17/06/2024]. See the Terms and Conditions (https://onlinelibrary.wiley.com/terms-and-conditions) on Wiley Online Library for rules of use; OA articles are governed by the applicable Creative Commons License"
12,0,0,0,0,9,4,/OFDFMO+NqbgqnMinionProRegular,1.0,54.31,717.98,82.31,718.98,717.98,81.01,54.31,517.67,"[9] R. Sekaran, R. Patan, A. Raveendran, F. al-Turjman,"
12,0,0,0,0,28,4,/OFDFMO+NqbgqnMinionProRegular,1.0,69.28,686.52,236.25,708.49,686.52,91.5,69.28,363.73,"M. Ramachandran, and L. Mostarda, “ Survival study on blockchain based 6G-enabled mobile edge computation for IoT automation,  IEEE Access , vol. 8, pp. 143453  – 143463, 2020."
12,0,0,0,0,12,4,/OFDFMO+NqbgqnMinionProRegular,1.0,49.99,673.48,202.73,674.48,673.48,125.51,49.99,397.25,"[10] M. Zhang, L. Lin, and Z. Chen, “ Lightweight security scheme"
12,0,0,0,0,24,4,/OFDFMO+NqbgqnMinionProRegular,1.0,69.27,558.15,233.57,664.0,558.15,136.0,69.27,366.41,"for data management in E-commerce platform using dynamic data management using blockchain model, ”  Cluster Computing , vol. 24, no. 2, pp. 115, 2021."
12,0,0,0,0,11,4,/OFDFMO+NqbgqnMinionProRegular,1.0,308.98,550.26,338.48,551.26,550.26,248.73,308.98,261.5,"[24] N. Hussain, P. Maheshwary, P. K. Shukla, and A. Singh,"
12,0,0,0,0,12,4,/OFDFMO+NqbgqnMinionProRegular,1.0,49.99,545.11,81.49,546.11,545.11,253.89,49.99,518.49,"[11] T. Hewa, G. Gür, A. Kalla, M. Ylianttila, A. Bracken, and"
12,0,0,0,0,11,4,/OFDFMO+NqbgqnMinionProRegular,1.0,331.89,539.78,360.89,540.78,539.78,259.22,331.89,239.1,Detection of black hole attack in GPCR VANET on road net-
12,0,0,0,0,11,4,/OFDFMO+NqbgqnMinionProRegular,1.0,69.27,534.62,144.85,535.62,534.62,264.37,69.27,455.13,"M. Liyanage, “ The role of blockchain in 6G: challenges, oppor-"
12,0,0,0,0,7,4,/OFDFMO+NqbgqnMinionProRegular,1.0,328.31,529.29,379.58,530.29,529.29,269.7,328.31,220.4,"work,  in  International Conference on Advanced Computing"
12,0,0,0,0,10,4,/OFDFMO+NqbgqnMinionProRegular,1.0,69.27,524.14,207.94,525.14,524.14,274.86,69.27,392.04,"tunities and research directions, ”  in  2020 2nd 6G Wireless"
12,0,0,0,0,10,4,/OFDFHM+FccgckMinionProIt,1.0,328.31,518.81,344.31,519.81,518.81,280.19,328.31,255.67,"Networking and Informatics , R. Kamal, M. Henshaw, and P."
12,0,0,0,0,11,4,/OFDFMO+NqbgqnMinionProRegular,1.0,69.27,513.65,167.95,514.65,513.65,285.34,69.27,432.03,"Summit (6G SUMMIT) , pp. 1 5, Levi, Finland, March 2020."
12,0,0,0,0,10,4,/OFDFMO+NqbgqnMinionProRegular,1.0,328.31,508.26,358.31,509.26,508.26,290.73,328.31,241.67,"Nair, Eds., vol. 870 of Advances in Intelligent Systems and"
12,0,0,0,0,16,4,/OFDFMO+NqbgqnMinionProRegular,1.0,50.0,500.61,281.45,501.61,500.61,298.38,50.0,318.53,"[12] Y. Zhang, B. Li, B. Liu, J. Wu, Y. Wang, and X. Yang, “ An"
12,0,0,0,0,6,4,/OFDFMO+NqbgqnMinionProRegular,1.0,69.28,490.13,98.28,491.13,490.13,308.87,69.28,501.7,attribute-based collaborative access control scheme using
12,0,0,0,0,7,4,/OFDFHM+FccgckMinionProIt,1.0,377.85,487.46,402.35,488.46,487.46,311.53,377.85,197.63,Journal of Software Engineering and Its Applica-
12,0,0,0,0,11,4,/OFDFMO+NqbgqnMinionProRegular,1.0,328.31,476.98,437.1,477.98,476.98,322.02,328.31,162.88,"tions , vol. 10, no. 12, pp. 329 – 368, 2016."
12,0,0,0,0,11,4,/OFDFMO+NqbgqnMinionProRegular,1.0,308.98,464.0,534.12,465.0,464.0,334.99,308.98,65.86,"[29] P. KumarShukla, S. Singh Bhadauria, and S. Silakari, “ ARA"
12,0,0,0,0,38,4,/OFDFMO+NqbgqnMinionProRegular,1.0,328.31,413.89,382.43,454.51,413.89,345.48,328.31,217.55,"MAC - a qualifying approach for improving attack resiliency and adaptivity for medium access control protocol in WLAN 802. 11, ”  International Journal of Computer Applications , vol. 49, no. 19, pp. 111, 2012. Computing, Springer, Singapore, 2019."
12,0,0,0,0,28,4,/OFDFMO+NqbgqnMinionProRegular,1.0,308.98,400.92,509.72,410.02,400.92,389.98,308.98,90.26,"[30] A. K. Saxena, S. Sinha, and P. Shukla, “ A review on intrusion [25] A. Bansal, M. K. Ahirwar, and P. K. Shukla, “ A survey on"
12,0,0,0,0,10,4,/OFDFMO+NqbgqnMinionProRegular,1.0,328.32,398.53,499.2,399.53,398.53,400.46,328.32,100.78,"detection system in mobile ad-hoc network, ”  in  2017 Interna-"
12,0,0,0,0,12,4,/OFDFMO+NqbgqnMinionProRegular,1.0,69.28,395.76,225.27,396.76,395.76,403.23,69.28,374.71,"blockchain for IoT devices, Electronics , vol. 9, no. 2, p. 285,"
12,0,0,0,0,8,4,/OFDFMO+NqbgqnMinionProRegular,1.0,328.31,390.43,377.89,391.43,390.43,408.56,328.31,222.09,classi cation algorithms used in healthcare environment of
12,0,0,0,0,8,4,/OFDFHM+FccgckMinionProIt,1.0,328.32,387.99,358.82,388.99,387.99,411.01,328.32,241.16,tional Conference on Recent Innovations in Signal processing
12,0,0,0,0,8,4,/OFDFMO+NqbgqnMinionProRegular,1.0,328.31,379.88,345.81,380.88,379.88,419.11,328.31,254.17,"the Internet of Things, International Journal of Computer"
12,0,0,0,0,14,4,/OFDFMO+NqbgqnMinionProRegular,1.0,50.01,372.24,81.51,373.24,372.24,426.76,50.01,518.47,"[13] G. Nyame, Z. Qin, K. O. B. Obour Agyekum, and E. B. Sifah,"
12,0,0,0,0,13,4,/OFDFMO+NqbgqnMinionProRegular,1.0,328.31,369.4,500.1,370.4,369.4,429.6,328.31,99.88,"Sciences and Engineering , vol. 6, no. 7, pp. 883  – 887, 2018."
12,0,0,0,0,9,4,/OFDFMO+NqbgqnMinionProRegular,1.0,72.86,361.75,101.36,362.75,361.75,437.24,72.86,498.62,An ECDSA approach to access control in knowledge manage-
12,0,0,0,0,13,4,/OFDFMO+NqbgqnMinionProRegular,1.0,308.98,356.42,512.78,357.42,356.42,442.57,308.98,87.2,"[26] H. Dehariya, P. Kumar Shukla, and M. Ahirwar, “ A survey on"
12,0,0,0,0,11,4,/OFDFMO+NqbgqnMinionProRegular,1.0,69.29,351.27,244.39,352.27,351.27,447.73,69.29,355.59,"ment systems using blockchain, ”  Information , vol. 11, no. 2,"
12,0,0,0,0,7,4,/OFDFMO+NqbgqnMinionProRegular,1.0,328.31,345.94,355.31,346.94,345.94,453.06,328.31,244.67,detection and prevention techniques for SQL injection
12,0,0,0,0,3,4,/OFDFMO+NqbgqnMinionProRegular,1.0,69.28,340.78,76.28,341.78,340.78,458.21,69.28,523.7,"p. 111, 2020."
12,0,0,0,0,12,4,/OFDFMO+NqbgqnMinionProRegular,1.0,50.0,327.8,190.79,328.8,327.8,471.19,50.0,409.19,"[14] H. Liu, D. Han, and D. Li, “ Fabric-IoT: A blockchain-based"
12,0,0,0,0,16,4,/OFDFMO+NqbgqnMinionProRegular,1.0,69.27,306.77,223.34,318.25,306.77,481.74,69.27,376.64,"access control system in IoT, ”  IEEE Access , vol. 8, pp. 18207  – 18218, 2020."
12,0,0,0,0,20,4,/OFDFMO+NqbgqnMinionProRegular,1.0,49.99,293.62,484.76,294.79,293.62,505.2,49.99,115.22,"[15] B. Arunkumar and G. Kousalya, “ Blockchain-based decentra-  and Embedded Systems (RISE) , pp. 549  – 554, Bhopal, India,"
12,0,0,0,0,25,4,/OFDFMO+NqbgqnMinionProRegular,1.0,69.27,272.76,335.32,284.31,272.76,515.69,69.27,264.66,"lizedsecure lightweight E-health system for electronic health  October 2017. algorithm for load balancing in cloud computing envi- records, in Intelligent Systems, Technologies and Applications ,"
12,0,0,0,0,11,4,/OFDFMO+NqbgqnMinionProRegular,1.0,308.99,270.16,338.49,271.16,270.16,528.84,308.99,261.5,"[31] N. Hussain, P. Maheshwary, P. K. Shukla, and A. Singh,"
12,0,0,0,0,13,4,/OFDFMO+NqbgqnMinionProRegular,1.0,69.27,262.27,119.07,263.51,262.27,536.48,69.27,480.92,"ronment,  Wireless Personal Communications , 2021. pp. 273 –289, Springer, New York, 2020."
12,0,0,0,0,8,4,/OFDFMO+NqbgqnMinionProRegular,1.0,331.89,259.61,360.39,260.61,259.61,539.38,331.89,239.59,Mobility-aware GPCR-MA for vehicular ad hoc routing pro-
12,0,0,0,0,7,4,/OFDFMO+NqbgqnMinionProRegular,1.0,328.31,251.57,379.52,252.57,251.57,547.42,328.31,220.47,"attacks,  International Journal of Wireless and Microwave"
12,0,0,0,0,31,4,/OFDFMO+NqbgqnMinionProRegular,1.0,49.99,249.12,445.67,250.47,249.12,549.52,49.99,154.31,"[20] W. Serrano, “ The blockchain random neural network for [16] T. Sultana, A. Almogren, M. Akbar, M. Zuair, I. Ullah, and  tocol for highways scenario, ”  International Journal of Organi-"
12,0,0,0,0,11,4,/OFDFMO+NqbgqnMinionProRegular,1.0,328.31,241.02,451.46,242.02,241.02,557.97,328.31,148.53,"Technologies , vol. 6, no. 6, pp. 72 – 79, 2016."
12,0,0,0,0,80,4,/OFDFMO+NqbgqnMinionProRegular,1.0,69.27,217.56,536.85,239.99,217.56,560.01,69.27,63.13,"cybersecure IoT and 5G infrastructure in smart cities, Journal N. Javaid, “ Data sharing system integrating access control  zational and Collective Intelligence , vol. 8, no. 4, pp. 47  – 65, of Network and Computer Applications , vol. 175, article mechanism using blockchain-based smart contracts for IoT  2018. [27] R. Singh, P. Rawat, and P. Shukla, “ Robust medical image 102909, 2021. devices,  Applied Sciences , vol. 10, no. 2, p. 488, 2020.  authentication using 2-D stationary wavelet transform and"
12,0,0,0,0,14,4,/OFDFMO+NqbgqnMinionProRegular,1.0,308.99,215.11,501.27,216.11,215.11,583.88,308.99,98.71,"[32] E. K. Wang, J. Chen, Y. Peng, and L. Zhang, “ Editorial: physi-"
12,0,0,0,0,33,4,/OFDFMO+NqbgqnMinionProRegular,1.0,49.99,204.63,358.82,205.98,204.63,594.02,49.99,241.16,"[21] R. Kumar and R. Tripathi, “ Scalable and secure access control [17] A. H. Lone and R. Naaz, “Applicability of Blockchain smart  cal layer security and wireless access control (QSHINE 2017), ”"
12,0,0,0,0,39,4,/OFDFMO+NqbgqnMinionProRegular,1.0,69.27,183.83,453.57,195.49,183.83,604.5,69.27,146.41,"policy for healthcare system using blockchain and enhanced contracts in securing internet and IoT: a systematic literature  Mobile Networks and Applications , vol. 25, no. 1, pp. 1 3, 2020. review, Computer Science Review  , vol. 39, article 100360,"
12,0,0,0,0,14,4,/OFDFMO+NqbgqnMinionProRegular,1.0,308.99,181.17,487.09,182.17,181.17,617.83,308.99,112.89,"[33] M. Turcotte, A. Kent, and C. Hash, “ Uni ed host and network"
12,0,0,0,0,12,4,/OFDFMO+NqbgqnMinionProRegular,1.0,328.33,170.68,487.53,171.68,170.68,628.31,328.33,112.45,"data set, ”  Data Science for Cyber-Security , pp. 1 22, World"
12,0,0,0,0,16,4,/OFDFMO+NqbgqnMinionProRegular,1.0,50.0,160.13,367.07,161.3,160.13,638.69,50.0,232.91,"[18] K. Sekaran, R. Rajakumar, K. Dinesh et al., “ An energy-  Scienti c Publishing, 2018."
12,0,0,0,0,25,4,/OFDFMO+NqbgqnMinionProRegular,1.0,69.28,128.79,247.56,150.82,128.79,649.18,69.28,352.42,"e cient cluster head selection in wireless sensor network using grey wolf optimization algorithm, Telkomnika , vol. 18, no. 6, pp. 2822 – 2833, 2020."
12,0,0,0,0,10,4,/OFDFMO+NqbgqnMinionProRegular,1.0,328.3,123.19,409.86,124.19,123.19,675.8,328.3,190.13,"edge detection, ”  in  2nd IET International Conference on Bio-"
12,0,0,0,0,11,4,/OFDFMO+NqbgqnMinionProRegular,1.0,50.01,115.81,213.2,116.82,115.81,683.18,50.01,386.78,"Quasi oppositional drag- [19] T. P. Latchoumi and L. Parthiban, “"
12,0,0,0,0,11,4,/OFDFMO+NqbgqnMinionProRegular,1.0,328.31,112.65,517.07,113.65,112.65,686.35,328.31,82.91,"medical Image and Signal Processing (ICBISP 2017) , pp. 1 8,"
12,0,0,0,0,3,4,/OFDFMO+NqbgqnMinionProRegular,1.0,328.31,102.16,338.31,103.16,102.16,696.83,328.31,261.67,"Wuhan, China, 2017."
12,0,0,0,0,34,4,/OFDFMO+NqbgqnMinionProRegular,1.0,69.29,89.18,488.82,101.13,89.18,698.87,69.29,111.16,"bell LaPadula model, ”  Journal of Ambient Intelligence and Humanized Computing, vol. 12, no. 2, pp. 2321 – 2338, 2021.  [28] N. Hussain, A. Singh, and P. K. Shukla, “ In depth analysis of"
12,0,0,0,0,9,4,/OFDFMO+NqbgqnMinionProRegular,1.0,328.31,78.71,355.31,79.71,78.71,720.29,328.31,244.67,"attacks & countermeasures in vehicular ad hoc network, ”"
12,0,0,0,0,11,4,/OFDFMO+NqbgqnMinionProRegular,1.0,50.02,76.6,159.14,77.6,76.6,722.39,50.02,440.84,"[22] N. R. Sivakumar, “ Investigation study on secured data com-"
12,0,0,0,0,27,4,/OFDFMO+NqbgqnMinionProRegular,1.0,69.3,-49.22,243.02,67.12,-49.22,732.88,69.3,356.96,"munication with blockchain and IOT in green cloud computing,  in  Information and Communication Technology for Competitive Strategies (ICTCS 2020) , pp. 675  – 686, Springer, Singapore, 2022."
12,0,0,0,0,14,4,/OFDFMO+NqbgqnMinionProRegular,1.0,50.02,-62.26,193.58,-61.26,-62.26,861.25,50.02,406.4,"[23] N. Shi, L. Tan, C. Yang et al., “ BacS: a blockchain-based access"
12,0,0,0,0,22,4,/OFDFMO+NqbgqnMinionProRegular,1.0,69.28,-93.71,270.2,-71.74,-93.71,871.74,69.28,329.78,"control scheme in distributed internet of things, ”  Peer-to-Peer Networking and Applications , vol. 14, no. 5, pp. 2585  – 2599, 2021."
